_id,FID,feed_id,station_id,name,capacity,is_virtual_station,num_cars_available,num_bicycles_available,num_scooters_available,num_cargo_bicycles_available,num_mopeds_available,rental_uris_android,rental_uris_ios,rental_uris_web,last_reported,realtime_data_outdated,geometry,datastore_updated_at,lon,lat
38842028,sharing_stations.NBV:Station:339468,nextbike_vn,NBV:Station:339468,Universität Mensa,10.0,f,,1,,,,https://app.nextbike.net/station?id=339468,https://app.nextbike.net/station?id=339468,https://nxtb.it/p/339468,2026-05-24 23:52:06+02,f,POINT (8.459859 49.484576),2026-05-24 23:54:14+02,8.459859,49.484576
38842083,sharing_stations.NBV:Station:660951,nextbike_vn,NBV:Station:660951,Universität Schloss,10.0,f,,0,,,,https://app.nextbike.net/station?id=660951,https://app.nextbike.net/station?id=660951,https://nxtb.it/p/660951,2026-05-24 23:52:06+02,f,POINT (8.463303 49.48275),2026-05-24 23:54:14+02,8.463303,49.48275
38842463,sharing_stations.NBV:Station:339478,nextbike_vn,NBV:Station:339478,Technische Hochschule Mannheim,10.0,f,,4,,,,https://app.nextbike.net/station?id=339478,https://app.nextbike.net/station?id=339478,https://nxtb.it/p/339478,2026-05-24 23:52:06+02,f,POINT (8.482255 49.470261),2026-05-24 23:54:14+02,8.482255,49.470261
38842491,sharing_stations.NBV:Station:364019650,nextbike_vn,NBV:Station:364019650,Lindenhofplatz / HBF Süd,,f,,14,,,,https://app.nextbike.net/station?id=364019650,https://app.nextbike.net/station?id=364019650,https://nxtb.it/p/364019650,2026-05-24 23:52:06+02,f,POINT (8.467814 49.477839),2026-05-24 23:54:14+02,8.467814,49.477839
38842557,sharing_stations.NBV:Station:339475,nextbike_vn,NBV:Station:339475,Hauptbahnhof Mannheim,60.0,f,,1,,,,https://app.nextbike.net/station?id=339475,https://app.nextbike.net/station?id=339475,https://nxtb.it/p/339475,2026-05-24 23:52:06+02,f,POINT (8.469749 49.47996),2026-05-24 23:54:14+02,8.469749,49.47996
38838587,sharing_stations.NBV:Station:339478,nextbike_vn,NBV:Station:339478,Technische Hochschule Mannheim,10.0,f,,2,,,,https://app.nextbike.net/station?id=339478,https://app.nextbike.net/station?id=339478,https://nxtb.it/p/339478,2026-05-24 23:23:16+02,f,POINT (8.482255 49.470261),2026-05-24 23:24:08+02,8.482255,49.470261
38838602,sharing_stations.NBV:Station:364019650,nextbike_vn,NBV:Station:364019650,Lindenhofplatz / HBF Süd,,f,,15,,,,https://app.nextbike.net/station?id=364019650,https://app.nextbike.net/station?id=364019650,https://nxtb.it/p/364019650,2026-05-24 23:23:16+02,f,POINT (8.467814 49.477839),2026-05-24 23:24:08+02,8.467814,49.477839
38838663,sharing_stations.NBV:Station:7853258,nextbike_vn,NBV:Station:7853258,Universitätsklinik Mannheim,,f,,1,,,,https://app.nextbike.net/station?id=7853258,https://app.nextbike.net/station?id=7853258,https://nxtb.it/p/7853258,2026-05-24 23:23:16+02,f,POINT (8.482906 49.492344),2026-05-24 23:24:08+02,8.482906,49.492344
38838665,sharing_stations.NBV:Station:339475,nextbike_vn,NBV:Station:339475,Hauptbahnhof Mannheim,60.0,f,,1,,,,https://app.nextbike.net/station?id=339475,https://app.nextbike.net/station?id=339475,https://nxtb.it/p/339475,2026-05-24 23:23:16+02,f,POINT (8.469749 49.47996),2026-05-24 23:24:08+02,8.469749,49.47996
38835440,sharing_stations.NBV:Station:339478,nextbike_vn,NBV:Station:339478,Technische Hochschule Mannheim,10.0,f,,2,,,,https://app.nextbike.net/station?id=339478,https://app.nextbike.net/station?id=339478,https://nxtb.it/p/339478,2026-05-24 22:50:45+02,f,POINT (8.482255 49.470261),2026-05-24 22:53:26+02,8.482255,49.470261
38835460,sharing_stations.NBV:Station:364019650,nextbike_vn,NBV:Station:364019650,Lindenhofplatz / HBF Süd,,f,,17,,,,https://app.nextbike.net/station?id=364019650,https://app.nextbike.net/station?id=364019650,https://nxtb.it/p/364019650,2026-05-24 22:50:45+02,f,POINT (8.467814 49.477839),2026-05-24 22:53:26+02,8.467814,49.477839
38835501,sharing_stations.NBV:Station:339475,nextbike_vn,NBV:Station:339475,Hauptbahnhof Mannheim,60.0,f,,2,,,,https://app.nextbike.net/station?id=339475,https://app.nextbike.net/station?id=339475,https://nxtb.it/p/339475,2026-05-24 22:50:45+02,f,POINT (8.469749 49.47996),2026-05-24 22:53:26+02,8.469749,49.47996
38835505,sharing_stations.NBV:Station:7853258,nextbike_vn,NBV:Station:7853258,Universitätsklinik Mannheim,,f,,1,,,,https://app.nextbike.net/station?id=7853258,https://app.nextbike.net/station?id=7853258,https://nxtb.it/p/7853258,2026-05-24 22:50:45+02,f,POINT (8.482906 49.492344),2026-05-24 22:53:26+02,8.482906,49.492344
38831446,sharing_stations.NBV:Station:339475,nextbike_vn,NBV:Station:339475,Hauptbahnhof Mannheim,60.0,f,,3,,,,https://app.nextbike.net/station?id=339475,https://app.nextbike.net/station?id=339475,https://nxtb.it/p/339475,2026-05-24 22:18:57+02,f,POINT (8.469749 49.47996),2026-05-24 22:20:29+02,8.469749,49.47996
38831491,sharing_stations.NBV:Station:364019650,nextbike_vn,NBV:Station:364019650,Lindenhofplatz / HBF Süd,,f,,21,,,,https://app.nextbike.net/station?id=364019650,https://app.nextbike.net/station?id=364019650,https://nxtb.it/p/364019650,2026-05-24 22:18:57+02,f,POINT (8.467814 49.477839),2026-05-24 22:20:29+02,8.467814,49.477839
38831511,sharing_stations.NBV:Station:339478,nextbike_vn,NBV:Station:339478,Technische Hochschule Mannheim,10.0,f,,2,,,,https://app.nextbike.net/station?id=339478,https://app.nextbike.net/station?id=339478,https://nxtb.it/p/339478,2026-05-24 22:18:57+02,f,POINT (8.482255 49.470261),2026-05-24 22:20:29+02,8.482255,49.470261
38831784,sharing_stations.NBV:Station:339468,nextbike_vn,NBV:Station:339468,Universität Mensa,10.0,f,,1,,,,https://app.nextbike.net/station?id=339468,https://app.nextbike.net/station?id=339468,https://nxtb.it/p/339468,2026-05-24 22:18:57+02,f,POINT (8.459859 49.484576),2026-05-24 22:20:29+02,8.459859,49.484576
38827789,sharing_stations.NBV:Station:339468,nextbike_vn,NBV:Station:339468,Universität Mensa,10.0,f,,1,,,,https://app.nextbike.net/station?id=339468,https://app.nextbike.net/station?id=339468,https://nxtb.it/p/339468,2026-05-24 21:44:06+02,f,POINT (8.459859 49.484576),2026-05-24 21:47:00+02,8.459859,49.484576
38828034,sharing_stations.NBV:Station:339475,nextbike_vn,NBV:Station:339475,Hauptbahnhof Mannheim,60.0,f,,1,,,,https://app.nextbike.net/station?id=339475,https://app.nextbike.net/station?id=339475,https://nxtb.it/p/339475,2026-05-24 21:44:06+02,f,POINT (8.469749 49.47996),2026-05-24 21:47:00+02,8.469749,49.47996
38828038,sharing_stations.NBV:Station:7853258,nextbike_vn,NBV:Station:7853258,Universitätsklinik Mannheim,,f,,1,,,,https://app.nextbike.net/station?id=7853258,https://app.nextbike.net/station?id=7853258,https://nxtb.it/p/7853258,2026-05-24 21:44:06+02,f,POINT (8.482906 49.492344),2026-05-24 21:47:00+02,8.482906,49.492344
38828047,sharing_stations.NBV:Station:339478,nextbike_vn,NBV:Station:339478,Technische Hochschule Mannheim,10.0,f,,1,,,,https://app.nextbike.net/station?id=339478,https://app.nextbike.net/station?id=339478,https://nxtb.it/p/339478,2026-05-24 21:44:06+02,f,POINT (8.482255 49.470261),2026-05-24 21:47:00+02,8.482255,49.470261
38828084,sharing_stations.NBV:Station:364019650,nextbike_vn,NBV:Station:364019650,Lindenhofplatz / HBF Süd,,f,,23,,,,https://app.nextbike.net/station?id=364019650,https://app.nextbike.net/station?id=364019650,https://nxtb.it/p/364019650,2026-05-24 21:44:06+02,f,POINT (8.467814 49.477839),2026-05-24 21:47:00+02,8.467814,49.477839
38824350,sharing_stations.NBV:Station:660951,nextbike_vn,NBV:Station:660951,Universität Schloss,10.0,f,,1,,,,https://app.nextbike.net/station?id=660951,https://app.nextbike.net/station?id=660951,https://nxtb.it/p/660951,2026-05-24 21:09:19+02,f,POINT (8.463303 49.48275),2026-05-24 21:12:48+02,8.463303,49.48275
38824621,sharing_stations.NBV:Station:7853258,nextbike_vn,NBV:Station:7853258,Universitätsklinik Mannheim,,f,,1,,,,https://app.nextbike.net/station?id=7853258,https://app.nextbike.net/station?id=7853258,https://nxtb.it/p/7853258,2026-05-24 21:09:19+02,f,POINT (8.482906 49.492344),2026-05-24 21:12:48+02,8.482906,49.492344
38824622,sharing_stations.NBV:Station:339475,nextbike_vn,NBV:Station:339475,Hauptbahnhof Mannheim,60.0,f,,1,,,,https://app.nextbike.net/station?id=339475,https://app.nextbike.net/station?id=339475,https://nxtb.it/p/339475,2026-05-24 21:09:19+02,f,POINT (8.469749 49.47996),2026-05-24 21:12:48+02,8.469749,49.47996
38824649,sharing_stations.NBV:Station:364019650,nextbike_vn,NBV:Station:364019650,Lindenhofplatz / HBF Süd,,f,,24,,,,https://app.nextbike.net/station?id=364019650,https://app.nextbike.net/station?id=364019650,https://nxtb.it/p/364019650,2026-05-24 21:09:19+02,f,POINT (8.467814 49.477839),2026-05-24 21:12:48+02,8.467814,49.477839
38824685,sharing_stations.NBV:Station:339478,nextbike_vn,NBV:Station:339478,Technische Hochschule Mannheim,10.0,f,,2,,,,https://app.nextbike.net/station?id=339478,https://app.nextbike.net/station?id=339478,https://nxtb.it/p/339478,2026-05-24 21:09:19+02,f,POINT (8.482255 49.470261),2026-05-24 21:12:48+02,8.482255,49.470261
38820351,sharing_stations.NBV:Station:364019650,nextbike_vn,NBV:Station:364019650,Lindenhofplatz / HBF Süd,,f,,26,,,,https://app.nextbike.net/station?id=364019650,https://app.nextbike.net/station?id=364019650,https://nxtb.it/p/364019650,2026-05-24 20:37:02+02,f,POINT (8.467814 49.477839),2026-05-24 20:39:18+02,8.467814,49.477839
38820391,sharing_stations.NBV:Station:339478,nextbike_vn,NBV:Station:339478,Technische Hochschule Mannheim,10.0,f,,3,,,,https://app.nextbike.net/station?id=339478,https://app.nextbike.net/station?id=339478,https://nxtb.it/p/339478,2026-05-24 20:37:02+02,f,POINT (8.482255 49.470261),2026-05-24 20:39:18+02,8.482255,49.470261
38820403,sharing_stations.NBV:Station:7853258,nextbike_vn,NBV:Station:7853258,Universitätsklinik Mannheim,,f,,1,,,,https://app.nextbike.net/station?id=7853258,https://app.nextbike.net/station?id=7853258,https://nxtb.it/p/7853258,2026-05-24 20:37:02+02,f,POINT (8.482906 49.492344),2026-05-24 20:39:18+02,8.482906,49.492344
38820406,sharing_stations.NBV:Station:339475,nextbike_vn,NBV:Station:339475,Hauptbahnhof Mannheim,60.0,f,,2,,,,https://app.nextbike.net/station?id=339475,https://app.nextbike.net/station?id=339475,https://nxtb.it/p/339475,2026-05-24 20:37:02+02,f,POINT (8.469749 49.47996),2026-05-24 20:39:18+02,8.469749,49.47996
38820659,sharing_stations.NBV:Station:339468,nextbike_vn,NBV:Station:339468,Universität Mensa,10.0,f,,0,,,,https://app.nextbike.net/station?id=339468,https://app.nextbike.net/station?id=339468,https://nxtb.it/p/339468,2026-05-24 20:37:02+02,f,POINT (8.459859 49.484576),2026-05-24 20:39:18+02,8.459859,49.484576
38820684,sharing_stations.NBV:Station:660951,nextbike_vn,NBV:Station:660951,Universität Schloss,10.0,f,,0,,,,https://app.nextbike.net/station?id=660951,https://app.nextbike.net/station?id=660951,https://nxtb.it/p/660951,2026-05-24 20:37:02+02,f,POINT (8.463303 49.48275),2026-05-24 20:39:18+02,8.463303,49.48275
38816308,sharing_stations.NBV:Station:364019650,nextbike_vn,NBV:Station:364019650,Lindenhofplatz / HBF Süd,,f,,21,,,,https://app.nextbike.net/station?id=364019650,https://app.nextbike.net/station?id=364019650,https://nxtb.it/p/364019650,2026-05-24 20:02:44+02,f,POINT (8.467814 49.477839),2026-05-24 20:04:27+02,8.467814,49.477839
38816319,sharing_stations.NBV:Station:339478,nextbike_vn,NBV:Station:339478,Technische Hochschule Mannheim,10.0,f,,1,,,,https://app.nextbike.net/station?id=339478,https://app.nextbike.net/station?id=339478,https://nxtb.it/p/339478,2026-05-24 20:02:44+02,f,POINT (8.482255 49.470261),2026-05-24 20:04:27+02,8.482255,49.470261
38816360,sharing_stations.NBV:Station:339475,nextbike_vn,NBV:Station:339475,Hauptbahnhof Mannheim,60.0,f,,3,,,,https://app.nextbike.net/station?id=339475,https://app.nextbike.net/station?id=339475,https://nxtb.it/p/339475,2026-05-24 20:02:44+02,f,POINT (8.469749 49.47996),2026-05-24 20:04:27+02,8.469749,49.47996
38816366,sharing_stations.NBV:Station:7853258,nextbike_vn,NBV:Station:7853258,Universitätsklinik Mannheim,,f,,2,,,,https://app.nextbike.net/station?id=7853258,https://app.nextbike.net/station?id=7853258,https://nxtb.it/p/7853258,2026-05-24 20:02:44+02,f,POINT (8.482906 49.492344),2026-05-24 20:04:27+02,8.482906,49.492344
38816812,sharing_stations.NBV:Station:660951,nextbike_vn,NBV:Station:660951,Universität Schloss,10.0,f,,12,,,,https://app.nextbike.net/station?id=660951,https://app.nextbike.net/station?id=660951,https://nxtb.it/p/660951,2026-05-24 20:02:44+02,f,POINT (8.463303 49.48275),2026-05-24 20:04:27+02,8.463303,49.48275
38812105,sharing_stations.NBV:Station:339475,nextbike_vn,NBV:Station:339475,Hauptbahnhof Mannheim,60.0,f,,2,,,,https://app.nextbike.net/station?id=339475,https://app.nextbike.net/station?id=339475,https://nxtb.it/p/339475,2026-05-24 19:30:24+02,f,POINT (8.469749 49.47996),2026-05-24 19:33:25+02,8.469749,49.47996
38812111,sharing_stations.NBV:Station:7853258,nextbike_vn,NBV:Station:7853258,Universitätsklinik Mannheim,,f,,2,,,,https://app.nextbike.net/station?id=7853258,https://app.nextbike.net/station?id=7853258,https://nxtb.it/p/7853258,2026-05-24 19:30:24+02,f,POINT (8.482906 49.492344),2026-05-24 19:33:25+02,8.482906,49.492344
38812118,sharing_stations.NBV:Station:339478,nextbike_vn,NBV:Station:339478,Technische Hochschule Mannheim,10.0,f,,2,,,,https://app.nextbike.net/station?id=339478,https://app.nextbike.net/station?id=339478,https://nxtb.it/p/339478,2026-05-24 19:30:24+02,f,POINT (8.482255 49.470261),2026-05-24 19:33:25+02,8.482255,49.470261
38812150,sharing_stations.NBV:Station:364019650,nextbike_vn,NBV:Station:364019650,Lindenhofplatz / HBF Süd,,f,,22,,,,https://app.nextbike.net/station?id=364019650,https://app.nextbike.net/station?id=364019650,https://nxtb.it/p/364019650,2026-05-24 19:30:24+02,f,POINT (8.467814 49.477839),2026-05-24 19:33:25+02,8.467814,49.477839
38812366,sharing_stations.NBV:Station:660951,nextbike_vn,NBV:Station:660951,Universität Schloss,10.0,f,,27,,,,https://app.nextbike.net/station?id=660951,https://app.nextbike.net/station?id=660951,https://nxtb.it/p/660951,2026-05-24 19:30:24+02,f,POINT (8.463303 49.48275),2026-05-24 19:33:25+02,8.463303,49.48275
38808697,sharing_stations.NBV:Station:660951,nextbike_vn,NBV:Station:660951,Universität Schloss,10.0,f,,40,,,,https://app.nextbike.net/station?id=660951,https://app.nextbike.net/station?id=660951,https://nxtb.it/p/660951,2026-05-24 18:58:24+02,f,POINT (8.463303 49.48275),2026-05-24 19:01:41+02,8.463303,49.48275
38808778,sharing_stations.NBV:Station:148606240,nextbike_vn,NBV:Station:148606240,A1 - Landgericht/Universität,,f,,2,,4.0,,https://app.nextbike.net/station?id=148606240,https://app.nextbike.net/station?id=148606240,https://nxtb.it/p/148606240,2026-05-24 18:58:24+02,f,POINT (8.462552 49.484796),2026-05-24 19:01:41+02,8.462552,49.484796
38808995,sharing_stations.NBV:Station:339475,nextbike_vn,NBV:Station:339475,Hauptbahnhof Mannheim,60.0,f,,3,,,,https://app.nextbike.net/station?id=339475,https://app.nextbike.net/station?id=339475,https://nxtb.it/p/339475,2026-05-24 18:58:24+02,f,POINT (8.469749 49.47996),2026-05-24 19:01:41+02,8.469749,49.47996
38809000,sharing_stations.NBV:Station:7853258,nextbike_vn,NBV:Station:7853258,Universitätsklinik Mannheim,,f,,1,,,,https://app.nextbike.net/station?id=7853258,https://app.nextbike.net/station?id=7853258,https://nxtb.it/p/7853258,2026-05-24 18:58:24+02,f,POINT (8.482906 49.492344),2026-05-24 19:01:41+02,8.482906,49.492344
38809026,sharing_stations.NBV:Station:364019650,nextbike_vn,NBV:Station:364019650,Lindenhofplatz / HBF Süd,,f,,20,,,,https://app.nextbike.net/station?id=364019650,https://app.nextbike.net/station?id=364019650,https://nxtb.it/p/364019650,2026-05-24 18:58:24+02,f,POINT (8.467814 49.477839),2026-05-24 19:01:41+02,8.467814,49.477839
38809050,sharing_stations.NBV:Station:339478,nextbike_vn,NBV:Station:339478,Technische Hochschule Mannheim,10.0,f,,1,,,,https://app.nextbike.net/station?id=339478,https://app.nextbike.net/station?id=339478,https://nxtb.it/p/339478,2026-05-24 18:58:24+02,f,POINT (8.482255 49.470261),2026-05-24 19:01:41+02,8.482255,49.470261
38805552,sharing_stations.NBV:Station:339478,nextbike_vn,NBV:Station:339478,Technische Hochschule Mannheim,10.0,f,,3,,,,https://app.nextbike.net/station?id=339478,https://app.nextbike.net/station?id=339478,https://nxtb.it/p/339478,2026-05-24 18:25:32+02,f,POINT (8.482255 49.470261),2026-05-24 18:28:52+02,8.482255,49.470261
38805588,sharing_stations.NBV:Station:364019650,nextbike_vn,NBV:Station:364019650,Lindenhofplatz / HBF Süd,,f,,24,,,,https://app.nextbike.net/station?id=364019650,https://app.nextbike.net/station?id=364019650,https://nxtb.it/p/364019650,2026-05-24 18:25:32+02,f,POINT (8.467814 49.477839),2026-05-24 18:28:52+02,8.467814,49.477839
38805612,sharing_stations.NBV:Station:339475,nextbike_vn,NBV:Station:339475,Hauptbahnhof Mannheim,60.0,f,,3,,,,https://app.nextbike.net/station?id=339475,https://app.nextbike.net/station?id=339475,https://nxtb.it/p/339475,2026-05-24 18:25:32+02,f,POINT (8.469749 49.47996),2026-05-24 18:28:52+02,8.469749,49.47996
38805619,sharing_stations.NBV:Station:7853258,nextbike_vn,NBV:Station:7853258,Universitätsklinik Mannheim,,f,,2,,,,https://app.nextbike.net/station?id=7853258,https://app.nextbike.net/station?id=7853258,https://nxtb.it/p/7853258,2026-05-24 18:25:32+02,f,POINT (8.482906 49.492344),2026-05-24 18:28:52+02,8.482906,49.492344
38805839,sharing_stations.NBV:Station:148606240,nextbike_vn,NBV:Station:148606240,A1 - Landgericht/Universität,,f,,4,,4.0,,https://app.nextbike.net/station?id=148606240,https://app.nextbike.net/station?id=148606240,https://nxtb.it/p/148606240,2026-05-24 18:25:32+02,f,POINT (8.462552 49.484796),2026-05-24 18:28:52+02,8.462552,49.484796
38805905,sharing_stations.NBV:Station:660951,nextbike_vn,NBV:Station:660951,Universität Schloss,10.0,f,,43,,,,https://app.nextbike.net/station?id=660951,https://app.nextbike.net/station?id=660951,https://nxtb.it/p/660951,2026-05-24 18:25:32+02,f,POINT (8.463303 49.48275),2026-05-24 18:28:52+02,8.463303,49.48275
38801989,sharing_stations.NBV:Station:148606240,nextbike_vn,NBV:Station:148606240,A1 - Landgericht/Universität,,f,,9,,4.0,,https://app.nextbike.net/station?id=148606240,https://app.nextbike.net/station?id=148606240,https://nxtb.it/p/148606240,2026-05-24 17:52:26+02,f,POINT (8.462552 49.484796),2026-05-24 17:54:59+02,8.462552,49.484796
38802001,sharing_stations.NBV:Station:660951,nextbike_vn,NBV:Station:660951,Universität Schloss,10.0,f,,52,,,,https://app.nextbike.net/station?id=660951,https://app.nextbike.net/station?id=660951,https://nxtb.it/p/660951,2026-05-24 17:52:26+02,f,POINT (8.463303 49.48275),2026-05-24 17:54:59+02,8.463303,49.48275
38802223,sharing_stations.NBV:Station:364019650,nextbike_vn,NBV:Station:364019650,Lindenhofplatz / HBF Süd,,f,,20,,,,https://app.nextbike.net/station?id=364019650,https://app.nextbike.net/station?id=364019650,https://nxtb.it/p/364019650,2026-05-24 17:52:26+02,f,POINT (8.467814 49.477839),2026-05-24 17:54:59+02,8.467814,49.477839
38802237,sharing_stations.NBV:Station:339478,nextbike_vn,NBV:Station:339478,Technische Hochschule Mannheim,10.0,f,,3,,,,https://app.nextbike.net/station?id=339478,https://app.nextbike.net/station?id=339478,https://nxtb.it/p/339478,2026-05-24 17:52:26+02,f,POINT (8.482255 49.470261),2026-05-24 17:54:59+02,8.482255,49.470261
38802282,sharing_stations.NBV:Station:339475,nextbike_vn,NBV:Station:339475,Hauptbahnhof Mannheim,60.0,f,,2,,,,https://app.nextbike.net/station?id=339475,https://app.nextbike.net/station?id=339475,https://nxtb.it/p/339475,2026-05-24 17:52:26+02,f,POINT (8.469749 49.47996),2026-05-24 17:54:59+02,8.469749,49.47996
38802288,sharing_stations.NBV:Station:7853258,nextbike_vn,NBV:Station:7853258,Universitätsklinik Mannheim,,f,,2,,,,https://app.nextbike.net/station?id=7853258,https://app.nextbike.net/station?id=7853258,https://nxtb.it/p/7853258,2026-05-24 17:52:26+02,f,POINT (8.482906 49.492344),2026-05-24 17:54:59+02,8.482906,49.492344
38798773,sharing_stations.NBV:Station:148606240,nextbike_vn,NBV:Station:148606240,A1 - Landgericht/Universität,,f,,12,,4.0,,https://app.nextbike.net/station?id=148606240,https://app.nextbike.net/station?id=148606240,https://nxtb.it/p/148606240,2026-05-24 17:18:05+02,f,POINT (8.462552 49.484796),2026-05-24 17:20:44+02,8.462552,49.484796
38798788,sharing_stations.NBV:Station:339468,nextbike_vn,NBV:Station:339468,Universität Mensa,10.0,f,,1,,,,https://app.nextbike.net/station?id=339468,https://app.nextbike.net/station?id=339468,https://nxtb.it/p/339468,2026-05-24 17:18:05+02,f,POINT (8.459859 49.484576),2026-05-24 17:20:44+02,8.459859,49.484576
38798851,sharing_stations.NBV:Station:660951,nextbike_vn,NBV:Station:660951,Universität Schloss,10.0,f,,55,,,,https://app.nextbike.net/station?id=660951,https://app.nextbike.net/station?id=660951,https://nxtb.it/p/660951,2026-05-24 17:18:05+02,f,POINT (8.463303 49.48275),2026-05-24 17:20:44+02,8.463303,49.48275
38799063,sharing_stations.NBV:Station:339478,nextbike_vn,NBV:Station:339478,Technische Hochschule Mannheim,10.0,f,,2,,,,https://app.nextbike.net/station?id=339478,https://app.nextbike.net/station?id=339478,https://nxtb.it/p/339478,2026-05-24 17:18:05+02,f,POINT (8.482255 49.470261),2026-05-24 17:20:44+02,8.482255,49.470261
38799087,sharing_stations.NBV:Station:364019650,nextbike_vn,NBV:Station:364019650,Lindenhofplatz / HBF Süd,,f,,22,,,,https://app.nextbike.net/station?id=364019650,https://app.nextbike.net/station?id=364019650,https://nxtb.it/p/364019650,2026-05-24 17:18:05+02,f,POINT (8.467814 49.477839),2026-05-24 17:20:44+02,8.467814,49.477839
38799127,sharing_stations.NBV:Station:7853258,nextbike_vn,NBV:Station:7853258,Universitätsklinik Mannheim,,f,,4,,,,https://app.nextbike.net/station?id=7853258,https://app.nextbike.net/station?id=7853258,https://nxtb.it/p/7853258,2026-05-24 17:18:05+02,f,POINT (8.482906 49.492344),2026-05-24 17:20:44+02,8.482906,49.492344
38795238,sharing_stations.NBV:Station:148606240,nextbike_vn,NBV:Station:148606240,A1 - Landgericht/Universität,,f,,17,,4.0,,https://app.nextbike.net/station?id=148606240,https://app.nextbike.net/station?id=148606240,https://nxtb.it/p/148606240,2026-05-24 16:43:21+02,f,POINT (8.462552 49.484796),2026-05-24 16:46:55+02,8.462552,49.484796
38795249,sharing_stations.NBV:Station:339468,nextbike_vn,NBV:Station:339468,Universität Mensa,10.0,f,,2,,,,https://app.nextbike.net/station?id=339468,https://app.nextbike.net/station?id=339468,https://nxtb.it/p/339468,2026-05-24 16:43:21+02,f,POINT (8.459859 49.484576),2026-05-24 16:46:55+02,8.459859,49.484576
38795316,sharing_stations.NBV:Station:660951,nextbike_vn,NBV:Station:660951,Universität Schloss,10.0,f,,56,,,,https://app.nextbike.net/station?id=660951,https://app.nextbike.net/station?id=660951,https://nxtb.it/p/660951,2026-05-24 16:43:21+02,f,POINT (8.463303 49.48275),2026-05-24 16:46:55+02,8.463303,49.48275
38795525,sharing_stations.NBV:Station:339478,nextbike_vn,NBV:Station:339478,Technische Hochschule Mannheim,10.0,f,,2,,,,https://app.nextbike.net/station?id=339478,https://app.nextbike.net/station?id=339478,https://nxtb.it/p/339478,2026-05-24 16:43:21+02,f,POINT (8.482255 49.470261),2026-05-24 16:46:55+02,8.482255,49.470261
38795559,sharing_stations.NBV:Station:364019650,nextbike_vn,NBV:Station:364019650,Lindenhofplatz / HBF Süd,,f,,20,,,,https://app.nextbike.net/station?id=364019650,https://app.nextbike.net/station?id=364019650,https://nxtb.it/p/364019650,2026-05-24 16:43:21+02,f,POINT (8.467814 49.477839),2026-05-24 16:46:55+02,8.467814,49.477839
38795591,sharing_stations.NBV:Station:339475,nextbike_vn,NBV:Station:339475,Hauptbahnhof Mannheim,60.0,f,,5,,,,https://app.nextbike.net/station?id=339475,https://app.nextbike.net/station?id=339475,https://nxtb.it/p/339475,2026-05-24 16:43:21+02,f,POINT (8.469749 49.47996),2026-05-24 16:46:55+02,8.469749,49.47996
38795595,sharing_stations.NBV:Station:7853258,nextbike_vn,NBV:Station:7853258,Universitätsklinik Mannheim,,f,,2,,,,https://app.nextbike.net/station?id=7853258,https://app.nextbike.net/station?id=7853258,https://nxtb.it/p/7853258,2026-05-24 16:43:21+02,f,POINT (8.482906 49.492344),2026-05-24 16:46:55+02,8.482906,49.492344
38791424,sharing_stations.NBV:Station:339468,nextbike_vn,NBV:Station:339468,Universität Mensa,10.0,f,,3,,,,https://app.nextbike.net/station?id=339468,https://app.nextbike.net/station?id=339468,https://nxtb.it/p/339468,2026-05-24 16:11:31+02,f,POINT (8.459859 49.484576),2026-05-24 16:13:33+02,8.459859,49.484576
38791434,sharing_stations.NBV:Station:148606240,nextbike_vn,NBV:Station:148606240,A1 - Landgericht/Universität,,f,,17,,4.0,,https://app.nextbike.net/station?id=148606240,https://app.nextbike.net/station?id=148606240,https://nxtb.it/p/148606240,2026-05-24 16:11:31+02,f,POINT (8.462552 49.484796),2026-05-24 16:13:33+02,8.462552,49.484796
38791476,sharing_stations.NBV:Station:660951,nextbike_vn,NBV:Station:660951,Universität Schloss,10.0,f,,58,,,,https://app.nextbike.net/station?id=660951,https://app.nextbike.net/station?id=660951,https://nxtb.it/p/660951,2026-05-24 16:11:31+02,f,POINT (8.463303 49.48275),2026-05-24 16:13:33+02,8.463303,49.48275
38791842,sharing_stations.NBV:Station:339478,nextbike_vn,NBV:Station:339478,Technische Hochschule Mannheim,10.0,f,,2,,,,https://app.nextbike.net/station?id=339478,https://app.nextbike.net/station?id=339478,https://nxtb.it/p/339478,2026-05-24 16:11:31+02,f,POINT (8.482255 49.470261),2026-05-24 16:13:33+02,8.482255,49.470261
38791871,sharing_stations.NBV:Station:364019650,nextbike_vn,NBV:Station:364019650,Lindenhofplatz / HBF Süd,,f,,23,,,,https://app.nextbike.net/station?id=364019650,https://app.nextbike.net/station?id=364019650,https://nxtb.it/p/364019650,2026-05-24 16:11:31+02,f,POINT (8.467814 49.477839),2026-05-24 16:13:33+02,8.467814,49.477839
38791928,sharing_stations.NBV:Station:7853258,nextbike_vn,NBV:Station:7853258,Universitätsklinik Mannheim,,f,,5,,,,https://app.nextbike.net/station?id=7853258,https://app.nextbike.net/station?id=7853258,https://nxtb.it/p/7853258,2026-05-24 16:11:31+02,f,POINT (8.482906 49.492344),2026-05-24 16:13:33+02,8.482906,49.492344
38791934,sharing_stations.NBV:Station:339475,nextbike_vn,NBV:Station:339475,Hauptbahnhof Mannheim,60.0,f,,4,,,,https://app.nextbike.net/station?id=339475,https://app.nextbike.net/station?id=339475,https://nxtb.it/p/339475,2026-05-24 16:11:31+02,f,POINT (8.469749 49.47996),2026-05-24 16:13:33+02,8.469749,49.47996
38787756,sharing_stations.NBV:Station:339468,nextbike_vn,NBV:Station:339468,Universität Mensa,10.0,f,,3,,,,https://app.nextbike.net/station?id=339468,https://app.nextbike.net/station?id=339468,https://nxtb.it/p/339468,2026-05-24 15:36:58+02,f,POINT (8.459859 49.484576),2026-05-24 15:38:42+02,8.459859,49.484576
38787766,sharing_stations.NBV:Station:148606240,nextbike_vn,NBV:Station:148606240,A1 - Landgericht/Universität,,f,,18,,4.0,,https://app.nextbike.net/station?id=148606240,https://app.nextbike.net/station?id=148606240,https://nxtb.it/p/148606240,2026-05-24 15:36:58+02,f,POINT (8.462552 49.484796),2026-05-24 15:38:42+02,8.462552,49.484796
38787815,sharing_stations.NBV:Station:660951,nextbike_vn,NBV:Station:660951,Universität Schloss,10.0,f,,64,,,,https://app.nextbike.net/station?id=660951,https://app.nextbike.net/station?id=660951,https://nxtb.it/p/660951,2026-05-24 15:36:58+02,f,POINT (8.463303 49.48275),2026-05-24 15:38:42+02,8.463303,49.48275
38788014,sharing_stations.NBV:Station:339478,nextbike_vn,NBV:Station:339478,Technische Hochschule Mannheim,10.0,f,,3,,,,https://app.nextbike.net/station?id=339478,https://app.nextbike.net/station?id=339478,https://nxtb.it/p/339478,2026-05-24 15:36:58+02,f,POINT (8.482255 49.470261),2026-05-24 15:38:42+02,8.482255,49.470261
38788037,sharing_stations.NBV:Station:364019650,nextbike_vn,NBV:Station:364019650,Lindenhofplatz / HBF Süd,,f,,21,,,,https://app.nextbike.net/station?id=364019650,https://app.nextbike.net/station?id=364019650,https://nxtb.it/p/364019650,2026-05-24 15:36:58+02,f,POINT (8.467814 49.477839),2026-05-24 15:38:42+02,8.467814,49.477839
38788090,sharing_stations.NBV:Station:7853258,nextbike_vn,NBV:Station:7853258,Universitätsklinik Mannheim,,f,,4,,,,https://app.nextbike.net/station?id=7853258,https://app.nextbike.net/station?id=7853258,https://nxtb.it/p/7853258,2026-05-24 15:36:58+02,f,POINT (8.482906 49.492344),2026-05-24 15:38:42+02,8.482906,49.492344
38788092,sharing_stations.NBV:Station:339475,nextbike_vn,NBV:Station:339475,Hauptbahnhof Mannheim,60.0,f,,2,,,,https://app.nextbike.net/station?id=339475,https://app.nextbike.net/station?id=339475,https://nxtb.it/p/339475,2026-05-24 15:36:58+02,f,POINT (8.469749 49.47996),2026-05-24 15:38:42+02,8.469749,49.47996
38783439,sharing_stations.NBV:Station:7853258,nextbike_vn,NBV:Station:7853258,Universitätsklinik Mannheim,,f,,5,,,,https://app.nextbike.net/station?id=7853258,https://app.nextbike.net/station?id=7853258,https://nxtb.it/p/7853258,2026-05-24 15:02:46+02,f,POINT (8.482906 49.492344),2026-05-24 15:05:00+02,8.482906,49.492344
38783444,sharing_stations.NBV:Station:339475,nextbike_vn,NBV:Station:339475,Hauptbahnhof Mannheim,60.0,f,,1,,,,https://app.nextbike.net/station?id=339475,https://app.nextbike.net/station?id=339475,https://nxtb.it/p/339475,2026-05-24 15:02:46+02,f,POINT (8.469749 49.47996),2026-05-24 15:05:00+02,8.469749,49.47996
38783483,sharing_stations.NBV:Station:364019650,nextbike_vn,NBV:Station:364019650,Lindenhofplatz / HBF Süd,,f,,19,,,,https://app.nextbike.net/station?id=364019650,https://app.nextbike.net/station?id=364019650,https://nxtb.it/p/364019650,2026-05-24 15:02:46+02,f,POINT (8.467814 49.477839),2026-05-24 15:05:00+02,8.467814,49.477839
38783507,sharing_stations.NBV:Station:339478,nextbike_vn,NBV:Station:339478,Technische Hochschule Mannheim,10.0,f,,3,,,,https://app.nextbike.net/station?id=339478,https://app.nextbike.net/station?id=339478,https://nxtb.it/p/339478,2026-05-24 15:02:46+02,f,POINT (8.482255 49.470261),2026-05-24 15:05:00+02,8.482255,49.470261
38783898,sharing_stations.NBV:Station:660951,nextbike_vn,NBV:Station:660951,Universität Schloss,10.0,f,,66,,,,https://app.nextbike.net/station?id=660951,https://app.nextbike.net/station?id=660951,https://nxtb.it/p/660951,2026-05-24 15:02:46+02,f,POINT (8.463303 49.48275),2026-05-24 15:05:00+02,8.463303,49.48275
38783963,sharing_stations.NBV:Station:339468,nextbike_vn,NBV:Station:339468,Universität Mensa,10.0,f,,4,,,,https://app.nextbike.net/station?id=339468,https://app.nextbike.net/station?id=339468,https://nxtb.it/p/339468,2026-05-24 15:02:46+02,f,POINT (8.459859 49.484576),2026-05-24 15:05:00+02,8.459859,49.484576
38783978,sharing_stations.NBV:Station:148606240,nextbike_vn,NBV:Station:148606240,A1 - Landgericht/Universität,,f,,20,,4.0,,https://app.nextbike.net/station?id=148606240,https://app.nextbike.net/station?id=148606240,https://nxtb.it/p/148606240,2026-05-24 15:02:46+02,f,POINT (8.462552 49.484796),2026-05-24 15:05:00+02,8.462552,49.484796
38780023,sharing_stations.NBV:Station:7853258,nextbike_vn,NBV:Station:7853258,Universitätsklinik Mannheim,,f,,5,,,,https://app.nextbike.net/station?id=7853258,https://app.nextbike.net/station?id=7853258,https://nxtb.it/p/7853258,2026-05-24 14:29:21+02,f,POINT (8.482906 49.492344),2026-05-24 14:32:18+02,8.482906,49.492344
38780032,sharing_stations.NBV:Station:339475,nextbike_vn,NBV:Station:339475,Hauptbahnhof Mannheim,60.0,f,,4,,,,https://app.nextbike.net/station?id=339475,https://app.nextbike.net/station?id=339475,https://nxtb.it/p/339475,2026-05-24 14:29:21+02,f,POINT (8.469749 49.47996),2026-05-24 14:32:18+02,8.469749,49.47996
38780058,sharing_stations.NBV:Station:364019650,nextbike_vn,NBV:Station:364019650,Lindenhofplatz / HBF Süd,,f,,18,,,,https://app.nextbike.net/station?id=364019650,https://app.nextbike.net/station?id=364019650,https://nxtb.it/p/364019650,2026-05-24 14:29:21+02,f,POINT (8.467814 49.477839),2026-05-24 14:32:18+02,8.467814,49.477839
38780092,sharing_stations.NBV:Station:339478,nextbike_vn,NBV:Station:339478,Technische Hochschule Mannheim,10.0,f,,3,,,,https://app.nextbike.net/station?id=339478,https://app.nextbike.net/station?id=339478,https://nxtb.it/p/339478,2026-05-24 14:29:21+02,f,POINT (8.482255 49.470261),2026-05-24 14:32:18+02,8.482255,49.470261
38780282,sharing_stations.NBV:Station:660951,nextbike_vn,NBV:Station:660951,Universität Schloss,10.0,f,,62,,,,https://app.nextbike.net/station?id=660951,https://app.nextbike.net/station?id=660951,https://nxtb.it/p/660951,2026-05-24 14:29:21+02,f,POINT (8.463303 49.48275),2026-05-24 14:32:18+02,8.463303,49.48275
38780338,sharing_stations.NBV:Station:339468,nextbike_vn,NBV:Station:339468,Universität Mensa,10.0,f,,4,,,,https://app.nextbike.net/station?id=339468,https://app.nextbike.net/station?id=339468,https://nxtb.it/p/339468,2026-05-24 14:29:21+02,f,POINT (8.459859 49.484576),2026-05-24 14:32:18+02,8.459859,49.484576
38780347,sharing_stations.NBV:Station:148606240,nextbike_vn,NBV:Station:148606240,A1 - Landgericht/Universität,,f,,21,,3.0,,https://app.nextbike.net/station?id=148606240,https://app.nextbike.net/station?id=148606240,https://nxtb.it/p/148606240,2026-05-24 14:29:21+02,f,POINT (8.462552 49.484796),2026-05-24 14:32:18+02,8.462552,49.484796
38776877,sharing_stations.NBV:Station:660951,nextbike_vn,NBV:Station:660951,Universität Schloss,10.0,f,,69,,,,https://app.nextbike.net/station?id=660951,https://app.nextbike.net/station?id=660951,https://nxtb.it/p/660951,2026-05-24 13:55:29+02,f,POINT (8.463303 49.48275),2026-05-24 13:57:42+02,8.463303,49.48275
38776924,sharing_stations.NBV:Station:148606240,nextbike_vn,NBV:Station:148606240,A1 - Landgericht/Universität,,f,,22,,3.0,,https://app.nextbike.net/station?id=148606240,https://app.nextbike.net/station?id=148606240,https://nxtb.it/p/148606240,2026-05-24 13:55:29+02,f,POINT (8.462552 49.484796),2026-05-24 13:57:42+02,8.462552,49.484796
38776932,sharing_stations.NBV:Station:339468,nextbike_vn,NBV:Station:339468,Universität Mensa,10.0,f,,4,,,,https://app.nextbike.net/station?id=339468,https://app.nextbike.net/station?id=339468,https://nxtb.it/p/339468,2026-05-24 13:55:29+02,f,POINT (8.459859 49.484576),2026-05-24 13:57:42+02,8.459859,49.484576
38777115,sharing_stations.NBV:Station:7853258,nextbike_vn,NBV:Station:7853258,Universitätsklinik Mannheim,,f,,3,,,,https://app.nextbike.net/station?id=7853258,https://app.nextbike.net/station?id=7853258,https://nxtb.it/p/7853258,2026-05-24 13:55:29+02,f,POINT (8.482906 49.492344),2026-05-24 13:57:42+02,8.482906,49.492344
38777119,sharing_stations.NBV:Station:339475,nextbike_vn,NBV:Station:339475,Hauptbahnhof Mannheim,60.0,f,,7,,,,https://app.nextbike.net/station?id=339475,https://app.nextbike.net/station?id=339475,https://nxtb.it/p/339475,2026-05-24 13:55:29+02,f,POINT (8.469749 49.47996),2026-05-24 13:57:42+02,8.469749,49.47996
38777180,sharing_stations.NBV:Station:364019650,nextbike_vn,NBV:Station:364019650,Lindenhofplatz / HBF Süd,,f,,17,,,,https://app.nextbike.net/station?id=364019650,https://app.nextbike.net/station?id=364019650,https://nxtb.it/p/364019650,2026-05-24 13:55:29+02,f,POINT (8.467814 49.477839),2026-05-24 13:57:42+02,8.467814,49.477839
38777206,sharing_stations.NBV:Station:339478,nextbike_vn,NBV:Station:339478,Technische Hochschule Mannheim,10.0,f,,2,,,,https://app.nextbike.net/station?id=339478,https://app.nextbike.net/station?id=339478,https://nxtb.it/p/339478,2026-05-24 13:55:29+02,f,POINT (8.482255 49.470261),2026-05-24 13:57:42+02,8.482255,49.470261
38773276,sharing_stations.NBV:Station:7853258,nextbike_vn,NBV:Station:7853258,Universitätsklinik Mannheim,,f,,3,,,,https://app.nextbike.net/station?id=7853258,https://app.nextbike.net/station?id=7853258,https://nxtb.it/p/7853258,2026-05-24 13:19:24+02,f,POINT (8.482906 49.492344),2026-05-24 13:21:14+02,8.482906,49.492344
38773270,sharing_stations.NBV:Station:339475,nextbike_vn,NBV:Station:339475,Hauptbahnhof Mannheim,60.0,f,,9,,,,https://app.nextbike.net/station?id=339475,https://app.nextbike.net/station?id=339475,https://nxtb.it/p/339475,2026-05-24 13:19:24+02,f,POINT (8.469749 49.47996),2026-05-24 13:21:14+02,8.469749,49.47996
38773313,sharing_stations.NBV:Station:364019650,nextbike_vn,NBV:Station:364019650,Lindenhofplatz / HBF Süd,,f,,20,,,,https://app.nextbike.net/station?id=364019650,https://app.nextbike.net/station?id=364019650,https://nxtb.it/p/364019650,2026-05-24 13:19:24+02,f,POINT (8.467814 49.477839),2026-05-24 13:21:14+02,8.467814,49.477839
38773332,sharing_stations.NBV:Station:339478,nextbike_vn,NBV:Station:339478,Technische Hochschule Mannheim,10.0,f,,2,,,,https://app.nextbike.net/station?id=339478,https://app.nextbike.net/station?id=339478,https://nxtb.it/p/339478,2026-05-24 13:19:24+02,f,POINT (8.482255 49.470261),2026-05-24 13:21:14+02,8.482255,49.470261
38773705,sharing_stations.NBV:Station:660951,nextbike_vn,NBV:Station:660951,Universität Schloss,10.0,f,,69,,,,https://app.nextbike.net/station?id=660951,https://app.nextbike.net/station?id=660951,https://nxtb.it/p/660951,2026-05-24 13:19:24+02,f,POINT (8.463303 49.48275),2026-05-24 13:21:14+02,8.463303,49.48275
38773761,sharing_stations.NBV:Station:339468,nextbike_vn,NBV:Station:339468,Universität Mensa,10.0,f,,4,,,,https://app.nextbike.net/station?id=339468,https://app.nextbike.net/station?id=339468,https://nxtb.it/p/339468,2026-05-24 13:19:24+02,f,POINT (8.459859 49.484576),2026-05-24 13:21:14+02,8.459859,49.484576
38773769,sharing_stations.NBV:Station:148606240,nextbike_vn,NBV:Station:148606240,A1 - Landgericht/Universität,,f,,17,,3.0,,https://app.nextbike.net/station?id=148606240,https://app.nextbike.net/station?id=148606240,https://nxtb.it/p/148606240,2026-05-24 13:19:24+02,f,POINT (8.462552 49.484796),2026-05-24 13:21:14+02,8.462552,49.484796
38769778,sharing_stations.NBV:Station:339478,nextbike_vn,NBV:Station:339478,Technische Hochschule Mannheim,10.0,f,,1,,,,https://app.nextbike.net/station?id=339478,https://app.nextbike.net/station?id=339478,https://nxtb.it/p/339478,2026-05-24 12:44:28+02,f,POINT (8.482255 49.470261),2026-05-24 12:47:03+02,8.482255,49.470261
38769814,sharing_stations.NBV:Station:364019650,nextbike_vn,NBV:Station:364019650,Lindenhofplatz / HBF Süd,,f,,22,,,,https://app.nextbike.net/station?id=364019650,https://app.nextbike.net/station?id=364019650,https://nxtb.it/p/364019650,2026-05-24 12:44:28+02,f,POINT (8.467814 49.477839),2026-05-24 12:47:03+02,8.467814,49.477839
38769873,sharing_stations.NBV:Station:7853258,nextbike_vn,NBV:Station:7853258,Universitätsklinik Mannheim,,f,,2,,,,https://app.nextbike.net/station?id=7853258,https://app.nextbike.net/station?id=7853258,https://nxtb.it/p/7853258,2026-05-24 12:44:28+02,f,POINT (8.482906 49.492344),2026-05-24 12:47:03+02,8.482906,49.492344
38769877,sharing_stations.NBV:Station:339475,nextbike_vn,NBV:Station:339475,Hauptbahnhof Mannheim,60.0,f,,11,,,,https://app.nextbike.net/station?id=339475,https://app.nextbike.net/station?id=339475,https://nxtb.it/p/339475,2026-05-24 12:44:28+02,f,POINT (8.469749 49.47996),2026-05-24 12:47:03+02,8.469749,49.47996
38770062,sharing_stations.NBV:Station:339468,nextbike_vn,NBV:Station:339468,Universität Mensa,10.0,f,,4,,,,https://app.nextbike.net/station?id=339468,https://app.nextbike.net/station?id=339468,https://nxtb.it/p/339468,2026-05-24 12:44:28+02,f,POINT (8.459859 49.484576),2026-05-24 12:47:03+02,8.459859,49.484576
38770075,sharing_stations.NBV:Station:148606240,nextbike_vn,NBV:Station:148606240,A1 - Landgericht/Universität,,f,,19,,3.0,,https://app.nextbike.net/station?id=148606240,https://app.nextbike.net/station?id=148606240,https://nxtb.it/p/148606240,2026-05-24 12:44:28+02,f,POINT (8.462552 49.484796),2026-05-24 12:47:03+02,8.462552,49.484796
38770128,sharing_stations.NBV:Station:660951,nextbike_vn,NBV:Station:660951,Universität Schloss,10.0,f,,72,,,,https://app.nextbike.net/station?id=660951,https://app.nextbike.net/station?id=660951,https://nxtb.it/p/660951,2026-05-24 12:44:28+02,f,POINT (8.463303 49.48275),2026-05-24 12:47:03+02,8.463303,49.48275
38766506,sharing_stations.NBV:Station:364019650,nextbike_vn,NBV:Station:364019650,Lindenhofplatz / HBF Süd,,f,,20,,,,https://app.nextbike.net/station?id=364019650,https://app.nextbike.net/station?id=364019650,https://nxtb.it/p/364019650,2026-05-24 12:09:35+02,f,POINT (8.467814 49.477839),2026-05-24 12:12:28+02,8.467814,49.477839
38766529,sharing_stations.NBV:Station:339478,nextbike_vn,NBV:Station:339478,Technische Hochschule Mannheim,10.0,f,,1,,,,https://app.nextbike.net/station?id=339478,https://app.nextbike.net/station?id=339478,https://nxtb.it/p/339478,2026-05-24 12:09:35+02,f,POINT (8.482255 49.470261),2026-05-24 12:12:28+02,8.482255,49.470261
38766569,sharing_stations.NBV:Station:7853258,nextbike_vn,NBV:Station:7853258,Universitätsklinik Mannheim,,f,,7,,,,https://app.nextbike.net/station?id=7853258,https://app.nextbike.net/station?id=7853258,https://nxtb.it/p/7853258,2026-05-24 12:09:35+02,f,POINT (8.482906 49.492344),2026-05-24 12:12:28+02,8.482906,49.492344
38766573,sharing_stations.NBV:Station:339475,nextbike_vn,NBV:Station:339475,Hauptbahnhof Mannheim,60.0,f,,10,,,,https://app.nextbike.net/station?id=339475,https://app.nextbike.net/station?id=339475,https://nxtb.it/p/339475,2026-05-24 12:09:35+02,f,POINT (8.469749 49.47996),2026-05-24 12:12:28+02,8.469749,49.47996
38766809,sharing_stations.NBV:Station:339468,nextbike_vn,NBV:Station:339468,Universität Mensa,10.0,f,,4,,,,https://app.nextbike.net/station?id=339468,https://app.nextbike.net/station?id=339468,https://nxtb.it/p/339468,2026-05-24 12:09:35+02,f,POINT (8.459859 49.484576),2026-05-24 12:12:28+02,8.459859,49.484576
38766824,sharing_stations.NBV:Station:148606240,nextbike_vn,NBV:Station:148606240,A1 - Landgericht/Universität,,f,,22,,3.0,,https://app.nextbike.net/station?id=148606240,https://app.nextbike.net/station?id=148606240,https://nxtb.it/p/148606240,2026-05-24 12:09:35+02,f,POINT (8.462552 49.484796),2026-05-24 12:12:28+02,8.462552,49.484796
38766833,sharing_stations.NBV:Station:660951,nextbike_vn,NBV:Station:660951,Universität Schloss,10.0,f,,73,,,,https://app.nextbike.net/station?id=660951,https://app.nextbike.net/station?id=660951,https://nxtb.it/p/660951,2026-05-24 12:09:35+02,f,POINT (8.463303 49.48275),2026-05-24 12:12:28+02,8.463303,49.48275
38763297,sharing_stations.NBV:Station:339475,nextbike_vn,NBV:Station:339475,Hauptbahnhof Mannheim,60.0,f,,14,,,,https://app.nextbike.net/station?id=339475,https://app.nextbike.net/station?id=339475,https://nxtb.it/p/339475,2026-05-24 11:38:01+02,f,POINT (8.469749 49.47996),2026-05-24 11:39:34+02,8.469749,49.47996
38763304,sharing_stations.NBV:Station:7853258,nextbike_vn,NBV:Station:7853258,Universitätsklinik Mannheim,,f,,9,,,,https://app.nextbike.net/station?id=7853258,https://app.nextbike.net/station?id=7853258,https://nxtb.it/p/7853258,2026-05-24 11:38:01+02,f,POINT (8.482906 49.492344),2026-05-24 11:39:34+02,8.482906,49.492344
38763337,sharing_stations.NBV:Station:339478,nextbike_vn,NBV:Station:339478,Technische Hochschule Mannheim,10.0,f,,2,,,,https://app.nextbike.net/station?id=339478,https://app.nextbike.net/station?id=339478,https://nxtb.it/p/339478,2026-05-24 11:38:01+02,f,POINT (8.482255 49.470261),2026-05-24 11:39:34+02,8.482255,49.470261
38763370,sharing_stations.NBV:Station:364019650,nextbike_vn,NBV:Station:364019650,Lindenhofplatz / HBF Süd,,f,,21,,,,https://app.nextbike.net/station?id=364019650,https://app.nextbike.net/station?id=364019650,https://nxtb.it/p/364019650,2026-05-24 11:38:01+02,f,POINT (8.467814 49.477839),2026-05-24 11:39:34+02,8.467814,49.477839
38763603,sharing_stations.NBV:Station:660951,nextbike_vn,NBV:Station:660951,Universität Schloss,10.0,f,,71,,,,https://app.nextbike.net/station?id=660951,https://app.nextbike.net/station?id=660951,https://nxtb.it/p/660951,2026-05-24 11:38:01+02,f,POINT (8.463303 49.48275),2026-05-24 11:39:34+02,8.463303,49.48275
38763609,sharing_stations.NBV:Station:148606240,nextbike_vn,NBV:Station:148606240,A1 - Landgericht/Universität,,f,,20,,4.0,,https://app.nextbike.net/station?id=148606240,https://app.nextbike.net/station?id=148606240,https://nxtb.it/p/148606240,2026-05-24 11:38:01+02,f,POINT (8.462552 49.484796),2026-05-24 11:39:34+02,8.462552,49.484796
38763617,sharing_stations.NBV:Station:339468,nextbike_vn,NBV:Station:339468,Universität Mensa,10.0,f,,4,,,,https://app.nextbike.net/station?id=339468,https://app.nextbike.net/station?id=339468,https://nxtb.it/p/339468,2026-05-24 11:38:01+02,f,POINT (8.459859 49.484576),2026-05-24 11:39:34+02,8.459859,49.484576
38759343,sharing_stations.NBV:Station:660951,nextbike_vn,NBV:Station:660951,Universität Schloss,10.0,f,,68,,,,https://app.nextbike.net/station?id=660951,https://app.nextbike.net/station?id=660951,https://nxtb.it/p/660951,2026-05-24 11:03:36+02,f,POINT (8.463303 49.48275),2026-05-24 11:05:59+02,8.463303,49.48275
38759361,sharing_stations.NBV:Station:339468,nextbike_vn,NBV:Station:339468,Universität Mensa,10.0,f,,4,,,,https://app.nextbike.net/station?id=339468,https://app.nextbike.net/station?id=339468,https://nxtb.it/p/339468,2026-05-24 11:03:36+02,f,POINT (8.459859 49.484576),2026-05-24 11:05:59+02,8.459859,49.484576
38759375,sharing_stations.NBV:Station:148606240,nextbike_vn,NBV:Station:148606240,A1 - Landgericht/Universität,,f,,24,,4.0,,https://app.nextbike.net/station?id=148606240,https://app.nextbike.net/station?id=148606240,https://nxtb.it/p/148606240,2026-05-24 11:03:36+02,f,POINT (8.462552 49.484796),2026-05-24 11:05:59+02,8.462552,49.484796
38759778,sharing_stations.NBV:Station:7853258,nextbike_vn,NBV:Station:7853258,Universitätsklinik Mannheim,,f,,10,,,,https://app.nextbike.net/station?id=7853258,https://app.nextbike.net/station?id=7853258,https://nxtb.it/p/7853258,2026-05-24 11:03:36+02,f,POINT (8.482906 49.492344),2026-05-24 11:05:59+02,8.482906,49.492344
38759784,sharing_stations.NBV:Station:339475,nextbike_vn,NBV:Station:339475,Hauptbahnhof Mannheim,60.0,f,,15,,,,https://app.nextbike.net/station?id=339475,https://app.nextbike.net/station?id=339475,https://nxtb.it/p/339475,2026-05-24 11:03:36+02,f,POINT (8.469749 49.47996),2026-05-24 11:05:59+02,8.469749,49.47996
38759797,sharing_stations.NBV:Station:339478,nextbike_vn,NBV:Station:339478,Technische Hochschule Mannheim,10.0,f,,2,,,,https://app.nextbike.net/station?id=339478,https://app.nextbike.net/station?id=339478,https://nxtb.it/p/339478,2026-05-24 11:03:36+02,f,POINT (8.482255 49.470261),2026-05-24 11:05:59+02,8.482255,49.470261
38759826,sharing_stations.NBV:Station:364019650,nextbike_vn,NBV:Station:364019650,Lindenhofplatz / HBF Süd,,f,,22,,,,https://app.nextbike.net/station?id=364019650,https://app.nextbike.net/station?id=364019650,https://nxtb.it/p/364019650,2026-05-24 11:03:36+02,f,POINT (8.467814 49.477839),2026-05-24 11:05:59+02,8.467814,49.477839
38755915,sharing_stations.NBV:Station:339468,nextbike_vn,NBV:Station:339468,Universität Mensa,10.0,f,,3,,,,https://app.nextbike.net/station?id=339468,https://app.nextbike.net/station?id=339468,https://nxtb.it/p/339468,2026-05-24 10:28:20+02,f,POINT (8.459859 49.484576),2026-05-24 10:29:08+02,8.459859,49.484576
38755928,sharing_stations.NBV:Station:148606240,nextbike_vn,NBV:Station:148606240,A1 - Landgericht/Universität,,f,,26,,4.0,,https://app.nextbike.net/station?id=148606240,https://app.nextbike.net/station?id=148606240,https://nxtb.it/p/148606240,2026-05-24 10:28:20+02,f,POINT (8.462552 49.484796),2026-05-24 10:29:08+02,8.462552,49.484796
38755968,sharing_stations.NBV:Station:660951,nextbike_vn,NBV:Station:660951,Universität Schloss,10.0,f,,64,,,,https://app.nextbike.net/station?id=660951,https://app.nextbike.net/station?id=660951,https://nxtb.it/p/660951,2026-05-24 10:28:20+02,f,POINT (8.463303 49.48275),2026-05-24 10:29:08+02,8.463303,49.48275
38756319,sharing_stations.NBV:Station:339478,nextbike_vn,NBV:Station:339478,Technische Hochschule Mannheim,10.0,f,,2,,,,https://app.nextbike.net/station?id=339478,https://app.nextbike.net/station?id=339478,https://nxtb.it/p/339478,2026-05-24 10:28:20+02,f,POINT (8.482255 49.470261),2026-05-24 10:29:08+02,8.482255,49.470261
38756348,sharing_stations.NBV:Station:364019650,nextbike_vn,NBV:Station:364019650,Lindenhofplatz / HBF Süd,,f,,20,,,,https://app.nextbike.net/station?id=364019650,https://app.nextbike.net/station?id=364019650,https://nxtb.it/p/364019650,2026-05-24 10:28:20+02,f,POINT (8.467814 49.477839),2026-05-24 10:29:08+02,8.467814,49.477839
38756409,sharing_stations.NBV:Station:7853258,nextbike_vn,NBV:Station:7853258,Universitätsklinik Mannheim,,f,,11,,,,https://app.nextbike.net/station?id=7853258,https://app.nextbike.net/station?id=7853258,https://nxtb.it/p/7853258,2026-05-24 10:28:20+02,f,POINT (8.482906 49.492344),2026-05-24 10:29:08+02,8.482906,49.492344
38756415,sharing_stations.NBV:Station:339475,nextbike_vn,NBV:Station:339475,Hauptbahnhof Mannheim,60.0,f,,13,,,,https://app.nextbike.net/station?id=339475,https://app.nextbike.net/station?id=339475,https://nxtb.it/p/339475,2026-05-24 10:28:20+02,f,POINT (8.469749 49.47996),2026-05-24 10:29:08+02,8.469749,49.47996
38752554,sharing_stations.NBV:Station:660951,nextbike_vn,NBV:Station:660951,Universität Schloss,10.0,f,,58,,,,https://app.nextbike.net/station?id=660951,https://app.nextbike.net/station?id=660951,https://nxtb.it/p/660951,2026-05-24 09:45:32+02,f,POINT (8.463303 49.48275),2026-05-24 09:48:29+02,8.463303,49.48275
38752574,sharing_stations.NBV:Station:339468,nextbike_vn,NBV:Station:339468,Universität Mensa,10.0,f,,3,,,,https://app.nextbike.net/station?id=339468,https://app.nextbike.net/station?id=339468,https://nxtb.it/p/339468,2026-05-24 09:45:32+02,f,POINT (8.459859 49.484576),2026-05-24 09:48:29+02,8.459859,49.484576
38752583,sharing_stations.NBV:Station:148606240,nextbike_vn,NBV:Station:148606240,A1 - Landgericht/Universität,,f,,24,,4.0,,https://app.nextbike.net/station?id=148606240,https://app.nextbike.net/station?id=148606240,https://nxtb.it/p/148606240,2026-05-24 09:45:32+02,f,POINT (8.462552 49.484796),2026-05-24 09:48:29+02,8.462552,49.484796
38752819,sharing_stations.NBV:Station:339475,nextbike_vn,NBV:Station:339475,Hauptbahnhof Mannheim,60.0,f,,14,,,,https://app.nextbike.net/station?id=339475,https://app.nextbike.net/station?id=339475,https://nxtb.it/p/339475,2026-05-24 09:45:32+02,f,POINT (8.469749 49.47996),2026-05-24 09:48:29+02,8.469749,49.47996
38752823,sharing_stations.NBV:Station:7853258,nextbike_vn,NBV:Station:7853258,Universitätsklinik Mannheim,,f,,10,,,,https://app.nextbike.net/station?id=7853258,https://app.nextbike.net/station?id=7853258,https://nxtb.it/p/7853258,2026-05-24 09:45:32+02,f,POINT (8.482906 49.492344),2026-05-24 09:48:29+02,8.482906,49.492344
38752830,sharing_stations.NBV:Station:339478,nextbike_vn,NBV:Station:339478,Technische Hochschule Mannheim,10.0,f,,3,,,,https://app.nextbike.net/station?id=339478,https://app.nextbike.net/station?id=339478,https://nxtb.it/p/339478,2026-05-24 09:45:32+02,f,POINT (8.482255 49.470261),2026-05-24 09:48:29+02,8.482255,49.470261
38752855,sharing_stations.NBV:Station:364019650,nextbike_vn,NBV:Station:364019650,Lindenhofplatz / HBF Süd,,f,,2,,,,https://app.nextbike.net/station?id=364019650,https://app.nextbike.net/station?id=364019650,https://nxtb.it/p/364019650,2026-05-24 09:45:32+02,f,POINT (8.467814 49.477839),2026-05-24 09:48:29+02,8.467814,49.477839
38749186,sharing_stations.NBV:Station:339475,nextbike_vn,NBV:Station:339475,Hauptbahnhof Mannheim,60.0,f,,16,,,,https://app.nextbike.net/station?id=339475,https://app.nextbike.net/station?id=339475,https://nxtb.it/p/339475,2026-05-24 09:15:59+02,f,POINT (8.469749 49.47996),2026-05-24 09:17:30+02,8.469749,49.47996
38749194,sharing_stations.NBV:Station:7853258,nextbike_vn,NBV:Station:7853258,Universitätsklinik Mannheim,,f,,8,,,,https://app.nextbike.net/station?id=7853258,https://app.nextbike.net/station?id=7853258,https://nxtb.it/p/7853258,2026-05-24 09:15:59+02,f,POINT (8.482906 49.492344),2026-05-24 09:17:30+02,8.482906,49.492344
38749224,sharing_stations.NBV:Station:364019650,nextbike_vn,NBV:Station:364019650,Lindenhofplatz / HBF Süd,,f,,2,,,,https://app.nextbike.net/station?id=364019650,https://app.nextbike.net/station?id=364019650,https://nxtb.it/p/364019650,2026-05-24 09:15:59+02,f,POINT (8.467814 49.477839),2026-05-24 09:17:30+02,8.467814,49.477839
38749255,sharing_stations.NBV:Station:339478,nextbike_vn,NBV:Station:339478,Technische Hochschule Mannheim,10.0,f,,3,,,,https://app.nextbike.net/station?id=339478,https://app.nextbike.net/station?id=339478,https://nxtb.it/p/339478,2026-05-24 09:15:59+02,f,POINT (8.482255 49.470261),2026-05-24 09:17:30+02,8.482255,49.470261
38749611,sharing_stations.NBV:Station:660951,nextbike_vn,NBV:Station:660951,Universität Schloss,10.0,f,,55,,,,https://app.nextbike.net/station?id=660951,https://app.nextbike.net/station?id=660951,https://nxtb.it/p/660951,2026-05-24 09:15:59+02,f,POINT (8.463303 49.48275),2026-05-24 09:17:30+02,8.463303,49.48275
38749671,sharing_stations.NBV:Station:339468,nextbike_vn,NBV:Station:339468,Universität Mensa,10.0,f,,3,,,,https://app.nextbike.net/station?id=339468,https://app.nextbike.net/station?id=339468,https://nxtb.it/p/339468,2026-05-24 09:15:59+02,f,POINT (8.459859 49.484576),2026-05-24 09:17:30+02,8.459859,49.484576
38749676,sharing_stations.NBV:Station:148606240,nextbike_vn,NBV:Station:148606240,A1 - Landgericht/Universität,,f,,23,,4.0,,https://app.nextbike.net/station?id=148606240,https://app.nextbike.net/station?id=148606240,https://nxtb.it/p/148606240,2026-05-24 09:15:59+02,f,POINT (8.462552 49.484796),2026-05-24 09:17:30+02,8.462552,49.484796
38746121,sharing_stations.NBV:Station:660951,nextbike_vn,NBV:Station:660951,Universität Schloss,10.0,f,,48,,,,https://app.nextbike.net/station?id=660951,https://app.nextbike.net/station?id=660951,https://nxtb.it/p/660951,2026-05-24 08:42:44+02,f,POINT (8.463303 49.48275),2026-05-24 08:45:00+02,8.463303,49.48275
38746159,sharing_stations.NBV:Station:148606240,nextbike_vn,NBV:Station:148606240,A1 - Landgericht/Universität,,f,,19,,4.0,,https://app.nextbike.net/station?id=148606240,https://app.nextbike.net/station?id=148606240,https://nxtb.it/p/148606240,2026-05-24 08:42:44+02,f,POINT (8.462552 49.484796),2026-05-24 08:45:00+02,8.462552,49.484796
38746171,sharing_stations.NBV:Station:339468,nextbike_vn,NBV:Station:339468,Universität Mensa,10.0,f,,2,,,,https://app.nextbike.net/station?id=339468,https://app.nextbike.net/station?id=339468,https://nxtb.it/p/339468,2026-05-24 08:42:44+02,f,POINT (8.459859 49.484576),2026-05-24 08:45:00+02,8.459859,49.484576
38746351,sharing_stations.NBV:Station:7853258,nextbike_vn,NBV:Station:7853258,Universitätsklinik Mannheim,,f,,5,,,,https://app.nextbike.net/station?id=7853258,https://app.nextbike.net/station?id=7853258,https://nxtb.it/p/7853258,2026-05-24 08:42:44+02,f,POINT (8.482906 49.492344),2026-05-24 08:45:00+02,8.482906,49.492344
38746354,sharing_stations.NBV:Station:339475,nextbike_vn,NBV:Station:339475,Hauptbahnhof Mannheim,60.0,f,,19,,,,https://app.nextbike.net/station?id=339475,https://app.nextbike.net/station?id=339475,https://nxtb.it/p/339475,2026-05-24 08:42:44+02,f,POINT (8.469749 49.47996),2026-05-24 08:45:00+02,8.469749,49.47996
38746408,sharing_stations.NBV:Station:364019650,nextbike_vn,NBV:Station:364019650,Lindenhofplatz / HBF Süd,,f,,2,,,,https://app.nextbike.net/station?id=364019650,https://app.nextbike.net/station?id=364019650,https://nxtb.it/p/364019650,2026-05-24 08:42:44+02,f,POINT (8.467814 49.477839),2026-05-24 08:45:00+02,8.467814,49.477839
38746438,sharing_stations.NBV:Station:339478,nextbike_vn,NBV:Station:339478,Technische Hochschule Mannheim,10.0,f,,3,,,,https://app.nextbike.net/station?id=339478,https://app.nextbike.net/station?id=339478,https://nxtb.it/p/339478,2026-05-24 08:42:44+02,f,POINT (8.482255 49.470261),2026-05-24 08:45:00+02,8.482255,49.470261
38742711,sharing_stations.NBV:Station:339468,nextbike_vn,NBV:Station:339468,Universität Mensa,10.0,f,,2,,,,https://app.nextbike.net/station?id=339468,https://app.nextbike.net/station?id=339468,https://nxtb.it/p/339468,2026-05-24 08:12:17+02,f,POINT (8.459859 49.484576),2026-05-24 08:13:31+02,8.459859,49.484576
38742705,sharing_stations.NBV:Station:148606240,nextbike_vn,NBV:Station:148606240,A1 - Landgericht/Universität,,f,,13,,4.0,,https://app.nextbike.net/station?id=148606240,https://app.nextbike.net/station?id=148606240,https://nxtb.it/p/148606240,2026-05-24 08:12:17+02,f,POINT (8.462552 49.484796),2026-05-24 08:13:31+02,8.462552,49.484796
38742776,sharing_stations.NBV:Station:660951,nextbike_vn,NBV:Station:660951,Universität Schloss,10.0,f,,38,,,,https://app.nextbike.net/station?id=660951,https://app.nextbike.net/station?id=660951,https://nxtb.it/p/660951,2026-05-24 08:12:17+02,f,POINT (8.463303 49.48275),2026-05-24 08:13:31+02,8.463303,49.48275
38743149,sharing_stations.NBV:Station:339478,nextbike_vn,NBV:Station:339478,Technische Hochschule Mannheim,10.0,f,,3,,,,https://app.nextbike.net/station?id=339478,https://app.nextbike.net/station?id=339478,https://nxtb.it/p/339478,2026-05-24 08:12:17+02,f,POINT (8.482255 49.470261),2026-05-24 08:13:31+02,8.482255,49.470261
38743167,sharing_stations.NBV:Station:364019650,nextbike_vn,NBV:Station:364019650,Lindenhofplatz / HBF Süd,,f,,1,,,,https://app.nextbike.net/station?id=364019650,https://app.nextbike.net/station?id=364019650,https://nxtb.it/p/364019650,2026-05-24 08:12:17+02,f,POINT (8.467814 49.477839),2026-05-24 08:13:31+02,8.467814,49.477839
38743201,sharing_stations.NBV:Station:7853258,nextbike_vn,NBV:Station:7853258,Universitätsklinik Mannheim,,f,,7,,,,https://app.nextbike.net/station?id=7853258,https://app.nextbike.net/station?id=7853258,https://nxtb.it/p/7853258,2026-05-24 08:12:17+02,f,POINT (8.482906 49.492344),2026-05-24 08:13:31+02,8.482906,49.492344
38743205,sharing_stations.NBV:Station:339475,nextbike_vn,NBV:Station:339475,Hauptbahnhof Mannheim,60.0,f,,11,,,,https://app.nextbike.net/station?id=339475,https://app.nextbike.net/station?id=339475,https://nxtb.it/p/339475,2026-05-24 08:12:17+02,f,POINT (8.469749 49.47996),2026-05-24 08:13:31+02,8.469749,49.47996
38739759,sharing_stations.NBV:Station:339475,nextbike_vn,NBV:Station:339475,Hauptbahnhof Mannheim,60.0,f,,9,,,,https://app.nextbike.net/station?id=339475,https://app.nextbike.net/station?id=339475,https://nxtb.it/p/339475,2026-05-24 07:39:47+02,f,POINT (8.469749 49.47996),2026-05-24 07:41:54+02,8.469749,49.47996
38739766,sharing_stations.NBV:Station:7853258,nextbike_vn,NBV:Station:7853258,Universitätsklinik Mannheim,,f,,9,,,,https://app.nextbike.net/station?id=7853258,https://app.nextbike.net/station?id=7853258,https://nxtb.it/p/7853258,2026-05-24 07:39:47+02,f,POINT (8.482906 49.492344),2026-05-24 07:41:54+02,8.482906,49.492344
38739798,sharing_stations.NBV:Station:339478,nextbike_vn,NBV:Station:339478,Technische Hochschule Mannheim,10.0,f,,5,,,,https://app.nextbike.net/station?id=339478,https://app.nextbike.net/station?id=339478,https://nxtb.it/p/339478,2026-05-24 07:39:47+02,f,POINT (8.482255 49.470261),2026-05-24 07:41:54+02,8.482255,49.470261
38739821,sharing_stations.NBV:Station:364019650,nextbike_vn,NBV:Station:364019650,Lindenhofplatz / HBF Süd,,f,,1,,,,https://app.nextbike.net/station?id=364019650,https://app.nextbike.net/station?id=364019650,https://nxtb.it/p/364019650,2026-05-24 07:39:47+02,f,POINT (8.467814 49.477839),2026-05-24 07:41:54+02,8.467814,49.477839
38740013,sharing_stations.NBV:Station:660951,nextbike_vn,NBV:Station:660951,Universität Schloss,10.0,f,,6,,,,https://app.nextbike.net/station?id=660951,https://app.nextbike.net/station?id=660951,https://nxtb.it/p/660951,2026-05-24 07:39:47+02,f,POINT (8.463303 49.48275),2026-05-24 07:41:54+02,8.463303,49.48275
38740021,sharing_stations.NBV:Station:148606240,nextbike_vn,NBV:Station:148606240,A1 - Landgericht/Universität,,f,,1,,4.0,,https://app.nextbike.net/station?id=148606240,https://app.nextbike.net/station?id=148606240,https://nxtb.it/p/148606240,2026-05-24 07:39:47+02,f,POINT (8.462552 49.484796),2026-05-24 07:41:54+02,8.462552,49.484796
38736810,sharing_stations.NBV:Station:339478,nextbike_vn,NBV:Station:339478,Technische Hochschule Mannheim,10.0,f,,5,,,,https://app.nextbike.net/station?id=339478,https://app.nextbike.net/station?id=339478,https://nxtb.it/p/339478,2026-05-24 07:06:41+02,f,POINT (8.482255 49.470261),2026-05-24 07:09:21+02,8.482255,49.470261
38736837,sharing_stations.NBV:Station:364019650,nextbike_vn,NBV:Station:364019650,Lindenhofplatz / HBF Süd,,f,,1,,,,https://app.nextbike.net/station?id=364019650,https://app.nextbike.net/station?id=364019650,https://nxtb.it/p/364019650,2026-05-24 07:06:41+02,f,POINT (8.467814 49.477839),2026-05-24 07:09:21+02,8.467814,49.477839
38736865,sharing_stations.NBV:Station:339475,nextbike_vn,NBV:Station:339475,Hauptbahnhof Mannheim,60.0,f,,10,,,,https://app.nextbike.net/station?id=339475,https://app.nextbike.net/station?id=339475,https://nxtb.it/p/339475,2026-05-24 07:06:41+02,f,POINT (8.469749 49.47996),2026-05-24 07:09:21+02,8.469749,49.47996
38736872,sharing_stations.NBV:Station:7853258,nextbike_vn,NBV:Station:7853258,Universitätsklinik Mannheim,,f,,9,,,,https://app.nextbike.net/station?id=7853258,https://app.nextbike.net/station?id=7853258,https://nxtb.it/p/7853258,2026-05-24 07:06:41+02,f,POINT (8.482906 49.492344),2026-05-24 07:09:21+02,8.482906,49.492344
38733872,sharing_stations.NBV:Station:7853258,nextbike_vn,NBV:Station:7853258,Universitätsklinik Mannheim,,f,,9,,,,https://app.nextbike.net/station?id=7853258,https://app.nextbike.net/station?id=7853258,https://nxtb.it/p/7853258,2026-05-24 06:33:40+02,f,POINT (8.482906 49.492344),2026-05-24 06:36:18+02,8.482906,49.492344
38733877,sharing_stations.NBV:Station:339475,nextbike_vn,NBV:Station:339475,Hauptbahnhof Mannheim,60.0,f,,10,,,,https://app.nextbike.net/station?id=339475,https://app.nextbike.net/station?id=339475,https://nxtb.it/p/339475,2026-05-24 06:33:40+02,f,POINT (8.469749 49.47996),2026-05-24 06:36:18+02,8.469749,49.47996
38733921,sharing_stations.NBV:Station:339478,nextbike_vn,NBV:Station:339478,Technische Hochschule Mannheim,10.0,f,,5,,,,https://app.nextbike.net/station?id=339478,https://app.nextbike.net/station?id=339478,https://nxtb.it/p/339478,2026-05-24 06:33:40+02,f,POINT (8.482255 49.470261),2026-05-24 06:36:18+02,8.482255,49.470261
38730726,sharing_stations.NBV:Station:339478,nextbike_vn,NBV:Station:339478,Technische Hochschule Mannheim,10.0,f,,5,,,,https://app.nextbike.net/station?id=339478,https://app.nextbike.net/station?id=339478,https://nxtb.it/p/339478,2026-05-24 06:00:39+02,f,POINT (8.482255 49.470261),2026-05-24 06:02:43+02,8.482255,49.470261
38730806,sharing_stations.NBV:Station:7853258,nextbike_vn,NBV:Station:7853258,Universitätsklinik Mannheim,,f,,10,,,,https://app.nextbike.net/station?id=7853258,https://app.nextbike.net/station?id=7853258,https://nxtb.it/p/7853258,2026-05-24 06:00:39+02,f,POINT (8.482906 49.492344),2026-05-24 06:02:43+02,8.482906,49.492344
38730808,sharing_stations.NBV:Station:339475,nextbike_vn,NBV:Station:339475,Hauptbahnhof Mannheim,60.0,f,,10,,,,https://app.nextbike.net/station?id=339475,https://app.nextbike.net/station?id=339475,https://nxtb.it/p/339475,2026-05-24 06:00:39+02,f,POINT (8.469749 49.47996),2026-05-24 06:02:43+02,8.469749,49.47996
38727632,sharing_stations.NBV:Station:339478,nextbike_vn,NBV:Station:339478,Technische Hochschule Mannheim,10.0,f,,5,,,,https://app.nextbike.net/station?id=339478,https://app.nextbike.net/station?id=339478,https://nxtb.it/p/339478,2026-05-24 05:22:57+02,f,POINT (8.482255 49.470261),2026-05-24 05:25:52+02,8.482255,49.470261
38727703,sharing_stations.NBV:Station:339475,nextbike_vn,NBV:Station:339475,Hauptbahnhof Mannheim,60.0,f,,10,,,,https://app.nextbike.net/station?id=339475,https://app.nextbike.net/station?id=339475,https://nxtb.it/p/339475,2026-05-24 05:22:57+02,f,POINT (8.469749 49.47996),2026-05-24 05:25:52+02,8.469749,49.47996
38727710,sharing_stations.NBV:Station:7853258,nextbike_vn,NBV:Station:7853258,Universitätsklinik Mannheim,,f,,10,,,,https://app.nextbike.net/station?id=7853258,https://app.nextbike.net/station?id=7853258,https://nxtb.it/p/7853258,2026-05-24 05:22:57+02,f,POINT (8.482906 49.492344),2026-05-24 05:25:52+02,8.482906,49.492344
38723921,sharing_stations.NBV:Station:339475,nextbike_vn,NBV:Station:339475,Hauptbahnhof Mannheim,60.0,f,,10,,,,https://app.nextbike.net/station?id=339475,https://app.nextbike.net/station?id=339475,https://nxtb.it/p/339475,2026-05-24 04:48:10+02,f,POINT (8.469749 49.47996),2026-05-24 04:50:08+02,8.469749,49.47996
38723926,sharing_stations.NBV:Station:7853258,nextbike_vn,NBV:Station:7853258,Universitätsklinik Mannheim,,f,,12,,,,https://app.nextbike.net/station?id=7853258,https://app.nextbike.net/station?id=7853258,https://nxtb.it/p/7853258,2026-05-24 04:48:10+02,f,POINT (8.482906 49.492344),2026-05-24 04:50:08+02,8.482906,49.492344
38724000,sharing_stations.NBV:Station:339478,nextbike_vn,NBV:Station:339478,Technische Hochschule Mannheim,10.0,f,,5,,,,https://app.nextbike.net/station?id=339478,https://app.nextbike.net/station?id=339478,https://nxtb.it/p/339478,2026-05-24 04:48:10+02,f,POINT (8.482255 49.470261),2026-05-24 04:50:08+02,8.482255,49.470261
38720745,sharing_stations.NBV:Station:339478,nextbike_vn,NBV:Station:339478,Technische Hochschule Mannheim,10.0,f,,5,,,,https://app.nextbike.net/station?id=339478,https://app.nextbike.net/station?id=339478,https://nxtb.it/p/339478,2026-05-24 04:13:08+02,f,POINT (8.482255 49.470261),2026-05-24 04:14:48+02,8.482255,49.470261
38720804,sharing_stations.NBV:Station:7853258,nextbike_vn,NBV:Station:7853258,Universitätsklinik Mannheim,,f,,12,,,,https://app.nextbike.net/station?id=7853258,https://app.nextbike.net/station?id=7853258,https://nxtb.it/p/7853258,2026-05-24 04:13:08+02,f,POINT (8.482906 49.492344),2026-05-24 04:14:48+02,8.482906,49.492344
38720807,sharing_stations.NBV:Station:339475,nextbike_vn,NBV:Station:339475,Hauptbahnhof Mannheim,60.0,f,,10,,,,https://app.nextbike.net/station?id=339475,https://app.nextbike.net/station?id=339475,https://nxtb.it/p/339475,2026-05-24 04:13:08+02,f,POINT (8.469749 49.47996),2026-05-24 04:14:48+02,8.469749,49.47996
38717728,sharing_stations.NBV:Station:339478,nextbike_vn,NBV:Station:339478,Technische Hochschule Mannheim,10.0,f,,5,,,,https://app.nextbike.net/station?id=339478,https://app.nextbike.net/station?id=339478,https://nxtb.it/p/339478,2026-05-24 03:38:23+02,f,POINT (8.482255 49.470261),2026-05-24 03:40:39+02,8.482255,49.470261
38717776,sharing_stations.NBV:Station:7853258,nextbike_vn,NBV:Station:7853258,Universitätsklinik Mannheim,,f,,11,,,,https://app.nextbike.net/station?id=7853258,https://app.nextbike.net/station?id=7853258,https://nxtb.it/p/7853258,2026-05-24 03:38:23+02,f,POINT (8.482906 49.492344),2026-05-24 03:40:39+02,8.482906,49.492344
38717786,sharing_stations.NBV:Station:339475,nextbike_vn,NBV:Station:339475,Hauptbahnhof Mannheim,60.0,f,,7,,,,https://app.nextbike.net/station?id=339475,https://app.nextbike.net/station?id=339475,https://nxtb.it/p/339475,2026-05-24 03:38:23+02,f,POINT (8.469749 49.47996),2026-05-24 03:40:39+02,8.469749,49.47996
38714413,sharing_stations.NBV:Station:339478,nextbike_vn,NBV:Station:339478,Technische Hochschule Mannheim,10.0,f,,4,,,,https://app.nextbike.net/station?id=339478,https://app.nextbike.net/station?id=339478,https://nxtb.it/p/339478,2026-05-24 03:04:57+02,f,POINT (8.482255 49.470261),2026-05-24 03:06:20+02,8.482255,49.470261
38714425,sharing_stations.NBV:Station:339475,nextbike_vn,NBV:Station:339475,Hauptbahnhof Mannheim,60.0,f,,14,,,,https://app.nextbike.net/station?id=339475,https://app.nextbike.net/station?id=339475,https://nxtb.it/p/339475,2026-05-24 03:04:57+02,f,POINT (8.469749 49.47996),2026-05-24 03:06:20+02,8.469749,49.47996
38714432,sharing_stations.NBV:Station:7853258,nextbike_vn,NBV:Station:7853258,Universitätsklinik Mannheim,,f,,11,,,,https://app.nextbike.net/station?id=7853258,https://app.nextbike.net/station?id=7853258,https://nxtb.it/p/7853258,2026-05-24 03:04:57+02,f,POINT (8.482906 49.492344),2026-05-24 03:06:20+02,8.482906,49.492344
38710371,sharing_stations.NBV:Station:364019650,nextbike_vn,NBV:Station:364019650,Lindenhofplatz / HBF Süd,,f,,1,,,,https://app.nextbike.net/station?id=364019650,https://app.nextbike.net/station?id=364019650,https://nxtb.it/p/364019650,2026-05-24 02:31:44+02,f,POINT (8.467814 49.477839),2026-05-24 02:33:28+02,8.467814,49.477839
38710395,sharing_stations.NBV:Station:339478,nextbike_vn,NBV:Station:339478,Technische Hochschule Mannheim,10.0,f,,4,,,,https://app.nextbike.net/station?id=339478,https://app.nextbike.net/station?id=339478,https://nxtb.it/p/339478,2026-05-24 02:31:44+02,f,POINT (8.482255 49.470261),2026-05-24 02:33:28+02,8.482255,49.470261
38710429,sharing_stations.NBV:Station:7853258,nextbike_vn,NBV:Station:7853258,Universitätsklinik Mannheim,,f,,11,,,,https://app.nextbike.net/station?id=7853258,https://app.nextbike.net/station?id=7853258,https://nxtb.it/p/7853258,2026-05-24 02:31:44+02,f,POINT (8.482906 49.492344),2026-05-24 02:33:28+02,8.482906,49.492344
38710432,sharing_stations.NBV:Station:339475,nextbike_vn,NBV:Station:339475,Hauptbahnhof Mannheim,60.0,f,,21,,,,https://app.nextbike.net/station?id=339475,https://app.nextbike.net/station?id=339475,https://nxtb.it/p/339475,2026-05-24 02:31:44+02,f,POINT (8.469749 49.47996),2026-05-24 02:33:28+02,8.469749,49.47996
38707074,sharing_stations.NBV:Station:339478,nextbike_vn,NBV:Station:339478,Technische Hochschule Mannheim,10.0,f,,4,,,,https://app.nextbike.net/station?id=339478,https://app.nextbike.net/station?id=339478,https://nxtb.it/p/339478,2026-05-24 01:56:33+02,f,POINT (8.482255 49.470261),2026-05-24 01:58:20+02,8.482255,49.470261
38707090,sharing_stations.NBV:Station:364019650,nextbike_vn,NBV:Station:364019650,Lindenhofplatz / HBF Süd,,f,,1,,,,https://app.nextbike.net/station?id=364019650,https://app.nextbike.net/station?id=364019650,https://nxtb.it/p/364019650,2026-05-24 01:56:33+02,f,POINT (8.467814 49.477839),2026-05-24 01:58:20+02,8.467814,49.477839
38707127,sharing_stations.NBV:Station:7853258,nextbike_vn,NBV:Station:7853258,Universitätsklinik Mannheim,,f,,12,,,,https://app.nextbike.net/station?id=7853258,https://app.nextbike.net/station?id=7853258,https://nxtb.it/p/7853258,2026-05-24 01:56:33+02,f,POINT (8.482906 49.492344),2026-05-24 01:58:20+02,8.482906,49.492344
38707130,sharing_stations.NBV:Station:339475,nextbike_vn,NBV:Station:339475,Hauptbahnhof Mannheim,60.0,f,,22,,,,https://app.nextbike.net/station?id=339475,https://app.nextbike.net/station?id=339475,https://nxtb.it/p/339475,2026-05-24 01:56:33+02,f,POINT (8.469749 49.47996),2026-05-24 01:58:20+02,8.469749,49.47996
38704213,sharing_stations.NBV:Station:7853258,nextbike_vn,NBV:Station:7853258,Universitätsklinik Mannheim,,f,,9,,,,https://app.nextbike.net/station?id=7853258,https://app.nextbike.net/station?id=7853258,https://nxtb.it/p/7853258,2026-05-24 01:19:34+02,f,POINT (8.482906 49.492344),2026-05-24 01:22:52+02,8.482906,49.492344
38704216,sharing_stations.NBV:Station:339475,nextbike_vn,NBV:Station:339475,Hauptbahnhof Mannheim,60.0,f,,30,,,,https://app.nextbike.net/station?id=339475,https://app.nextbike.net/station?id=339475,https://nxtb.it/p/339475,2026-05-24 01:19:34+02,f,POINT (8.469749 49.47996),2026-05-24 01:22:52+02,8.469749,49.47996
38704300,sharing_stations.NBV:Station:339478,nextbike_vn,NBV:Station:339478,Technische Hochschule Mannheim,10.0,f,,4,,,,https://app.nextbike.net/station?id=339478,https://app.nextbike.net/station?id=339478,https://nxtb.it/p/339478,2026-05-24 01:19:34+02,f,POINT (8.482255 49.470261),2026-05-24 01:22:52+02,8.482255,49.470261
38700813,sharing_stations.NBV:Station:339478,nextbike_vn,NBV:Station:339478,Technische Hochschule Mannheim,10.0,f,,2,,,,https://app.nextbike.net/station?id=339478,https://app.nextbike.net/station?id=339478,https://nxtb.it/p/339478,2026-05-24 00:46:16+02,f,POINT (8.482255 49.470261),2026-05-24 00:48:04+02,8.482255,49.470261
38700898,sharing_stations.NBV:Station:7853258,nextbike_vn,NBV:Station:7853258,Universitätsklinik Mannheim,,f,,9,,,,https://app.nextbike.net/station?id=7853258,https://app.nextbike.net/station?id=7853258,https://nxtb.it/p/7853258,2026-05-24 00:46:16+02,f,POINT (8.482906 49.492344),2026-05-24 00:48:04+02,8.482906,49.492344
38700899,sharing_stations.NBV:Station:339475,nextbike_vn,NBV:Station:339475,Hauptbahnhof Mannheim,60.0,f,,27,,,,https://app.nextbike.net/station?id=339475,https://app.nextbike.net/station?id=339475,https://nxtb.it/p/339475,2026-05-24 00:46:16+02,f,POINT (8.469749 49.47996),2026-05-24 00:48:04+02,8.469749,49.47996
38696683,sharing_stations.NBV:Station:7853258,nextbike_vn,NBV:Station:7853258,Universitätsklinik Mannheim,,f,,8,,,,https://app.nextbike.net/station?id=7853258,https://app.nextbike.net/station?id=7853258,https://nxtb.it/p/7853258,2026-05-24 00:03:15+02,f,POINT (8.482906 49.492344),2026-05-24 00:04:43+02,8.482906,49.492344
38696684,sharing_stations.NBV:Station:339475,nextbike_vn,NBV:Station:339475,Hauptbahnhof Mannheim,60.0,f,,49,,,,https://app.nextbike.net/station?id=339475,https://app.nextbike.net/station?id=339475,https://nxtb.it/p/339475,2026-05-24 00:03:15+02,f,POINT (8.469749 49.47996),2026-05-24 00:04:43+02,8.469749,49.47996
38696781,sharing_stations.NBV:Station:339478,nextbike_vn,NBV:Station:339478,Technische Hochschule Mannheim,10.0,f,,2,,,,https://app.nextbike.net/station?id=339478,https://app.nextbike.net/station?id=339478,https://nxtb.it/p/339478,2026-05-24 00:03:15+02,f,POINT (8.482255 49.470261),2026-05-24 00:04:43+02,8.482255,49.470261
38696979,sharing_stations.NBV:Station:660951,nextbike_vn,NBV:Station:660951,Universität Schloss,10.0,f,,5,,,,https://app.nextbike.net/station?id=660951,https://app.nextbike.net/station?id=660951,https://nxtb.it/p/660951,2026-05-24 00:03:15+02,f,POINT (8.463303 49.48275),2026-05-24 00:04:43+02,8.463303,49.48275
38693228,sharing_stations.NBV:Station:7853258,nextbike_vn,NBV:Station:7853258,Universitätsklinik Mannheim,,f,,7,,,,https://app.nextbike.net/station?id=7853258,https://app.nextbike.net/station?id=7853258,https://nxtb.it/p/7853258,2026-05-23 23:27:32+02,f,POINT (8.482906 49.492344),2026-05-23 23:30:31+02,8.482906,49.492344
38693229,sharing_stations.NBV:Station:339475,nextbike_vn,NBV:Station:339475,Hauptbahnhof Mannheim,60.0,f,,52,,,,https://app.nextbike.net/station?id=339475,https://app.nextbike.net/station?id=339475,https://nxtb.it/p/339475,2026-05-23 23:27:32+02,f,POINT (8.469749 49.47996),2026-05-23 23:30:31+02,8.469749,49.47996
38693298,sharing_stations.NBV:Station:339478,nextbike_vn,NBV:Station:339478,Technische Hochschule Mannheim,10.0,f,,1,,,,https://app.nextbike.net/station?id=339478,https://app.nextbike.net/station?id=339478,https://nxtb.it/p/339478,2026-05-23 23:27:32+02,f,POINT (8.482255 49.470261),2026-05-23 23:30:31+02,8.482255,49.470261
38689480,sharing_stations.NBV:Station:339478,nextbike_vn,NBV:Station:339478,Technische Hochschule Mannheim,10.0,f,,1,,,,https://app.nextbike.net/station?id=339478,https://app.nextbike.net/station?id=339478,https://nxtb.it/p/339478,2026-05-23 22:54:53+02,f,POINT (8.482255 49.470261),2026-05-23 22:56:10+02,8.482255,49.470261
38689506,sharing_stations.NBV:Station:364019650,nextbike_vn,NBV:Station:364019650,Lindenhofplatz / HBF Süd,,f,,1,,,,https://app.nextbike.net/station?id=364019650,https://app.nextbike.net/station?id=364019650,https://nxtb.it/p/364019650,2026-05-23 22:54:53+02,f,POINT (8.467814 49.477839),2026-05-23 22:56:10+02,8.467814,49.477839
38689542,sharing_stations.NBV:Station:7853258,nextbike_vn,NBV:Station:7853258,Universitätsklinik Mannheim,,f,,6,,,,https://app.nextbike.net/station?id=7853258,https://app.nextbike.net/station?id=7853258,https://nxtb.it/p/7853258,2026-05-23 22:54:53+02,f,POINT (8.482906 49.492344),2026-05-23 22:56:10+02,8.482906,49.492344
38689546,sharing_stations.NBV:Station:339475,nextbike_vn,NBV:Station:339475,Hauptbahnhof Mannheim,60.0,f,,57,,,,https://app.nextbike.net/station?id=339475,https://app.nextbike.net/station?id=339475,https://nxtb.it/p/339475,2026-05-23 22:54:53+02,f,POINT (8.469749 49.47996),2026-05-23 22:56:10+02,8.469749,49.47996
38684836,sharing_stations.NBV:Station:339475,nextbike_vn,NBV:Station:339475,Hauptbahnhof Mannheim,60.0,f,,60,,,,https://app.nextbike.net/station?id=339475,https://app.nextbike.net/station?id=339475,https://nxtb.it/p/339475,2026-05-23 22:20:07+02,f,POINT (8.469749 49.47996),2026-05-23 22:22:15+02,8.469749,49.47996
38684844,sharing_stations.NBV:Station:7853258,nextbike_vn,NBV:Station:7853258,Universitätsklinik Mannheim,,f,,6,,,,https://app.nextbike.net/station?id=7853258,https://app.nextbike.net/station?id=7853258,https://nxtb.it/p/7853258,2026-05-23 22:20:07+02,f,POINT (8.482906 49.492344),2026-05-23 22:22:15+02,8.482906,49.492344
38685293,sharing_stations.NBV:Station:339468,nextbike_vn,NBV:Station:339468,Universität Mensa,10.0,f,,0,,,,https://app.nextbike.net/station?id=339468,https://app.nextbike.net/station?id=339468,https://nxtb.it/p/339468,2026-05-23 22:20:07+02,f,POINT (8.459859 49.484576),2026-05-23 22:22:15+02,8.459859,49.484576
38681433,sharing_stations.NBV:Station:339468,nextbike_vn,NBV:Station:339468,Universität Mensa,10.0,f,,2,,,,https://app.nextbike.net/station?id=339468,https://app.nextbike.net/station?id=339468,https://nxtb.it/p/339468,2026-05-23 21:45:31+02,f,POINT (8.459859 49.484576),2026-05-23 21:47:21+02,8.459859,49.484576
38681912,sharing_stations.NBV:Station:339478,nextbike_vn,NBV:Station:339478,Technische Hochschule Mannheim,10.0,f,,1,,,,https://app.nextbike.net/station?id=339478,https://app.nextbike.net/station?id=339478,https://nxtb.it/p/339478,2026-05-23 21:45:31+02,f,POINT (8.482255 49.470261),2026-05-23 21:47:21+02,8.482255,49.470261
38681929,sharing_stations.NBV:Station:364019650,nextbike_vn,NBV:Station:364019650,Lindenhofplatz / HBF Süd,,f,,4,,,,https://app.nextbike.net/station?id=364019650,https://app.nextbike.net/station?id=364019650,https://nxtb.it/p/364019650,2026-05-23 21:45:31+02,f,POINT (8.467814 49.477839),2026-05-23 21:47:21+02,8.467814,49.477839
38682009,sharing_stations.NBV:Station:7853258,nextbike_vn,NBV:Station:7853258,Universitätsklinik Mannheim,,f,,8,,,,https://app.nextbike.net/station?id=7853258,https://app.nextbike.net/station?id=7853258,https://nxtb.it/p/7853258,2026-05-23 21:45:31+02,f,POINT (8.482906 49.492344),2026-05-23 21:47:21+02,8.482906,49.492344
38682013,sharing_stations.NBV:Station:339475,nextbike_vn,NBV:Station:339475,Hauptbahnhof Mannheim,60.0,f,,70,,,,https://app.nextbike.net/station?id=339475,https://app.nextbike.net/station?id=339475,https://nxtb.it/p/339475,2026-05-23 21:45:31+02,f,POINT (8.469749 49.47996),2026-05-23 21:47:21+02,8.469749,49.47996
38678053,sharing_stations.NBV:Station:339468,nextbike_vn,NBV:Station:339468,Universität Mensa,10.0,f,,2,,,,https://app.nextbike.net/station?id=339468,https://app.nextbike.net/station?id=339468,https://nxtb.it/p/339468,2026-05-23 21:09:32+02,f,POINT (8.459859 49.484576),2026-05-23 21:12:18+02,8.459859,49.484576
38678107,sharing_stations.NBV:Station:660951,nextbike_vn,NBV:Station:660951,Universität Schloss,10.0,f,,0,,,,https://app.nextbike.net/station?id=660951,https://app.nextbike.net/station?id=660951,https://nxtb.it/p/660951,2026-05-23 21:09:32+02,f,POINT (8.463303 49.48275),2026-05-23 21:12:18+02,8.463303,49.48275
38678487,sharing_stations.NBV:Station:339478,nextbike_vn,NBV:Station:339478,Technische Hochschule Mannheim,10.0,f,,1,,,,https://app.nextbike.net/station?id=339478,https://app.nextbike.net/station?id=339478,https://nxtb.it/p/339478,2026-05-23 21:09:32+02,f,POINT (8.482255 49.470261),2026-05-23 21:12:18+02,8.482255,49.470261
38678534,sharing_stations.NBV:Station:364019650,nextbike_vn,NBV:Station:364019650,Lindenhofplatz / HBF Süd,,f,,2,,,,https://app.nextbike.net/station?id=364019650,https://app.nextbike.net/station?id=364019650,https://nxtb.it/p/364019650,2026-05-23 21:09:32+02,f,POINT (8.467814 49.477839),2026-05-23 21:12:18+02,8.467814,49.477839
38678585,sharing_stations.NBV:Station:339475,nextbike_vn,NBV:Station:339475,Hauptbahnhof Mannheim,60.0,f,,69,,,,https://app.nextbike.net/station?id=339475,https://app.nextbike.net/station?id=339475,https://nxtb.it/p/339475,2026-05-23 21:09:32+02,f,POINT (8.469749 49.47996),2026-05-23 21:12:18+02,8.469749,49.47996
38678593,sharing_stations.NBV:Station:7853258,nextbike_vn,NBV:Station:7853258,Universitätsklinik Mannheim,,f,,8,,,,https://app.nextbike.net/station?id=7853258,https://app.nextbike.net/station?id=7853258,https://nxtb.it/p/7853258,2026-05-23 21:09:32+02,f,POINT (8.482906 49.492344),2026-05-23 21:12:18+02,8.482906,49.492344
38674721,sharing_stations.NBV:Station:660951,nextbike_vn,NBV:Station:660951,Universität Schloss,10.0,f,,0,,,,https://app.nextbike.net/station?id=660951,https://app.nextbike.net/station?id=660951,https://nxtb.it/p/660951,2026-05-23 20:35:01+02,f,POINT (8.463303 49.48275),2026-05-23 20:37:55+02,8.463303,49.48275
38675175,sharing_stations.NBV:Station:339475,nextbike_vn,NBV:Station:339475,Hauptbahnhof Mannheim,60.0,f,,73,,,,https://app.nextbike.net/station?id=339475,https://app.nextbike.net/station?id=339475,https://nxtb.it/p/339475,2026-05-23 20:35:01+02,f,POINT (8.469749 49.47996),2026-05-23 20:37:55+02,8.469749,49.47996
38675183,sharing_stations.NBV:Station:7853258,nextbike_vn,NBV:Station:7853258,Universitätsklinik Mannheim,,f,,7,,,,https://app.nextbike.net/station?id=7853258,https://app.nextbike.net/station?id=7853258,https://nxtb.it/p/7853258,2026-05-23 20:35:01+02,f,POINT (8.482906 49.492344),2026-05-23 20:37:55+02,8.482906,49.492344
38675215,sharing_stations.NBV:Station:339478,nextbike_vn,NBV:Station:339478,Technische Hochschule Mannheim,10.0,f,,2,,,,https://app.nextbike.net/station?id=339478,https://app.nextbike.net/station?id=339478,https://nxtb.it/p/339478,2026-05-23 20:35:01+02,f,POINT (8.482255 49.470261),2026-05-23 20:37:55+02,8.482255,49.470261
38675240,sharing_stations.NBV:Station:364019650,nextbike_vn,NBV:Station:364019650,Lindenhofplatz / HBF Süd,,f,,5,,,,https://app.nextbike.net/station?id=364019650,https://app.nextbike.net/station?id=364019650,https://nxtb.it/p/364019650,2026-05-23 20:35:01+02,f,POINT (8.467814 49.477839),2026-05-23 20:37:55+02,8.467814,49.477839
38671422,sharing_stations.NBV:Station:660951,nextbike_vn,NBV:Station:660951,Universität Schloss,10.0,f,,2,,,,https://app.nextbike.net/station?id=660951,https://app.nextbike.net/station?id=660951,https://nxtb.it/p/660951,2026-05-23 20:03:11+02,f,POINT (8.463303 49.48275),2026-05-23 20:04:33+02,8.463303,49.48275
38671668,sharing_stations.NBV:Station:364019650,nextbike_vn,NBV:Station:364019650,Lindenhofplatz / HBF Süd,,f,,4,,,,https://app.nextbike.net/station?id=364019650,https://app.nextbike.net/station?id=364019650,https://nxtb.it/p/364019650,2026-05-23 20:03:11+02,f,POINT (8.467814 49.477839),2026-05-23 20:04:33+02,8.467814,49.477839
38671687,sharing_stations.NBV:Station:339478,nextbike_vn,NBV:Station:339478,Technische Hochschule Mannheim,10.0,f,,1,,,,https://app.nextbike.net/station?id=339478,https://app.nextbike.net/station?id=339478,https://nxtb.it/p/339478,2026-05-23 20:03:11+02,f,POINT (8.482255 49.470261),2026-05-23 20:04:33+02,8.482255,49.470261
38671722,sharing_stations.NBV:Station:339475,nextbike_vn,NBV:Station:339475,Hauptbahnhof Mannheim,60.0,f,,75,,,,https://app.nextbike.net/station?id=339475,https://app.nextbike.net/station?id=339475,https://nxtb.it/p/339475,2026-05-23 20:03:11+02,f,POINT (8.469749 49.47996),2026-05-23 20:04:33+02,8.469749,49.47996
38671731,sharing_stations.NBV:Station:7853258,nextbike_vn,NBV:Station:7853258,Universitätsklinik Mannheim,,f,,6,,,,https://app.nextbike.net/station?id=7853258,https://app.nextbike.net/station?id=7853258,https://nxtb.it/p/7853258,2026-05-23 20:03:11+02,f,POINT (8.482906 49.492344),2026-05-23 20:04:33+02,8.482906,49.492344
38668298,sharing_stations.NBV:Station:339475,nextbike_vn,NBV:Station:339475,Hauptbahnhof Mannheim,60.0,f,,75,,,,https://app.nextbike.net/station?id=339475,https://app.nextbike.net/station?id=339475,https://nxtb.it/p/339475,2026-05-23 19:29:52+02,f,POINT (8.469749 49.47996),2026-05-23 19:31:26+02,8.469749,49.47996
38668303,sharing_stations.NBV:Station:7853258,nextbike_vn,NBV:Station:7853258,Universitätsklinik Mannheim,,f,,5,,,,https://app.nextbike.net/station?id=7853258,https://app.nextbike.net/station?id=7853258,https://nxtb.it/p/7853258,2026-05-23 19:29:52+02,f,POINT (8.482906 49.492344),2026-05-23 19:31:26+02,8.482906,49.492344
38668338,sharing_stations.NBV:Station:339478,nextbike_vn,NBV:Station:339478,Technische Hochschule Mannheim,10.0,f,,1,,,,https://app.nextbike.net/station?id=339478,https://app.nextbike.net/station?id=339478,https://nxtb.it/p/339478,2026-05-23 19:29:52+02,f,POINT (8.482255 49.470261),2026-05-23 19:31:26+02,8.482255,49.470261
38668357,sharing_stations.NBV:Station:364019650,nextbike_vn,NBV:Station:364019650,Lindenhofplatz / HBF Süd,,f,,3,,,,https://app.nextbike.net/station?id=364019650,https://app.nextbike.net/station?id=364019650,https://nxtb.it/p/364019650,2026-05-23 19:29:52+02,f,POINT (8.467814 49.477839),2026-05-23 19:31:26+02,8.467814,49.477839
38664709,sharing_stations.NBV:Station:148606240,nextbike_vn,NBV:Station:148606240,A1 - Landgericht/Universität,,f,,1,,3.0,,https://app.nextbike.net/station?id=148606240,https://app.nextbike.net/station?id=148606240,https://nxtb.it/p/148606240,2026-05-23 18:57:28+02,f,POINT (8.462552 49.484796),2026-05-23 19:00:20+02,8.462552,49.484796
38664741,sharing_stations.NBV:Station:660951,nextbike_vn,NBV:Station:660951,Universität Schloss,10.0,f,,6,,,,https://app.nextbike.net/station?id=660951,https://app.nextbike.net/station?id=660951,https://nxtb.it/p/660951,2026-05-23 18:57:28+02,f,POINT (8.463303 49.48275),2026-05-23 19:00:20+02,8.463303,49.48275
38665177,sharing_stations.NBV:Station:339478,nextbike_vn,NBV:Station:339478,Technische Hochschule Mannheim,10.0,f,,1,,,,https://app.nextbike.net/station?id=339478,https://app.nextbike.net/station?id=339478,https://nxtb.it/p/339478,2026-05-23 18:57:28+02,f,POINT (8.482255 49.470261),2026-05-23 19:00:20+02,8.482255,49.470261
38665193,sharing_stations.NBV:Station:7853258,nextbike_vn,NBV:Station:7853258,Universitätsklinik Mannheim,,f,,4,,,,https://app.nextbike.net/station?id=7853258,https://app.nextbike.net/station?id=7853258,https://nxtb.it/p/7853258,2026-05-23 18:57:28+02,f,POINT (8.482906 49.492344),2026-05-23 19:00:20+02,8.482906,49.492344
38665194,sharing_stations.NBV:Station:339475,nextbike_vn,NBV:Station:339475,Hauptbahnhof Mannheim,60.0,f,,72,,,,https://app.nextbike.net/station?id=339475,https://app.nextbike.net/station?id=339475,https://nxtb.it/p/339475,2026-05-23 18:57:28+02,f,POINT (8.469749 49.47996),2026-05-23 19:00:20+02,8.469749,49.47996
38661292,sharing_stations.NBV:Station:148606240,nextbike_vn,NBV:Station:148606240,A1 - Landgericht/Universität,,f,,2,,3.0,,https://app.nextbike.net/station?id=148606240,https://app.nextbike.net/station?id=148606240,https://nxtb.it/p/148606240,2026-05-23 18:25:17+02,f,POINT (8.462552 49.484796),2026-05-23 18:27:48+02,8.462552,49.484796
38661306,sharing_stations.NBV:Station:339468,nextbike_vn,NBV:Station:339468,Universität Mensa,10.0,f,,2,,,,https://app.nextbike.net/station?id=339468,https://app.nextbike.net/station?id=339468,https://nxtb.it/p/339468,2026-05-23 18:25:17+02,f,POINT (8.459859 49.484576),2026-05-23 18:27:48+02,8.459859,49.484576
38661358,sharing_stations.NBV:Station:660951,nextbike_vn,NBV:Station:660951,Universität Schloss,10.0,f,,10,,,,https://app.nextbike.net/station?id=660951,https://app.nextbike.net/station?id=660951,https://nxtb.it/p/660951,2026-05-23 18:25:17+02,f,POINT (8.463303 49.48275),2026-05-23 18:27:48+02,8.463303,49.48275
38661769,sharing_stations.NBV:Station:339478,nextbike_vn,NBV:Station:339478,Technische Hochschule Mannheim,10.0,f,,2,,,,https://app.nextbike.net/station?id=339478,https://app.nextbike.net/station?id=339478,https://nxtb.it/p/339478,2026-05-23 18:25:17+02,f,POINT (8.482255 49.470261),2026-05-23 18:27:48+02,8.482255,49.470261
38661792,sharing_stations.NBV:Station:364019650,nextbike_vn,NBV:Station:364019650,Lindenhofplatz / HBF Süd,,f,,2,,,,https://app.nextbike.net/station?id=364019650,https://app.nextbike.net/station?id=364019650,https://nxtb.it/p/364019650,2026-05-23 18:25:17+02,f,POINT (8.467814 49.477839),2026-05-23 18:27:48+02,8.467814,49.477839
38661824,sharing_stations.NBV:Station:339475,nextbike_vn,NBV:Station:339475,Hauptbahnhof Mannheim,60.0,f,,68,,,,https://app.nextbike.net/station?id=339475,https://app.nextbike.net/station?id=339475,https://nxtb.it/p/339475,2026-05-23 18:25:17+02,f,POINT (8.469749 49.47996),2026-05-23 18:27:48+02,8.469749,49.47996
38661831,sharing_stations.NBV:Station:7853258,nextbike_vn,NBV:Station:7853258,Universitätsklinik Mannheim,,f,,0,,,,https://app.nextbike.net/station?id=7853258,https://app.nextbike.net/station?id=7853258,https://nxtb.it/p/7853258,2026-05-23 18:25:17+02,f,POINT (8.482906 49.492344),2026-05-23 18:27:48+02,8.482906,49.492344
38657826,sharing_stations.NBV:Station:339478,nextbike_vn,NBV:Station:339478,Technische Hochschule Mannheim,10.0,f,,3,,,,https://app.nextbike.net/station?id=339478,https://app.nextbike.net/station?id=339478,https://nxtb.it/p/339478,2026-05-23 17:53:30+02,f,POINT (8.482255 49.470261),2026-05-23 17:55:12+02,8.482255,49.470261
38657854,sharing_stations.NBV:Station:364019650,nextbike_vn,NBV:Station:364019650,Lindenhofplatz / HBF Süd,,f,,1,,,,https://app.nextbike.net/station?id=364019650,https://app.nextbike.net/station?id=364019650,https://nxtb.it/p/364019650,2026-05-23 17:53:30+02,f,POINT (8.467814 49.477839),2026-05-23 17:55:12+02,8.467814,49.477839
38657902,sharing_stations.NBV:Station:7853258,nextbike_vn,NBV:Station:7853258,Universitätsklinik Mannheim,,f,,3,,,,https://app.nextbike.net/station?id=7853258,https://app.nextbike.net/station?id=7853258,https://nxtb.it/p/7853258,2026-05-23 17:53:30+02,f,POINT (8.482906 49.492344),2026-05-23 17:55:12+02,8.482906,49.492344
38657905,sharing_stations.NBV:Station:339475,nextbike_vn,NBV:Station:339475,Hauptbahnhof Mannheim,60.0,f,,68,,,,https://app.nextbike.net/station?id=339475,https://app.nextbike.net/station?id=339475,https://nxtb.it/p/339475,2026-05-23 17:53:30+02,f,POINT (8.469749 49.47996),2026-05-23 17:55:12+02,8.469749,49.47996
38658096,sharing_stations.NBV:Station:339468,nextbike_vn,NBV:Station:339468,Universität Mensa,10.0,f,,1,,,,https://app.nextbike.net/station?id=339468,https://app.nextbike.net/station?id=339468,https://nxtb.it/p/339468,2026-05-23 17:53:30+02,f,POINT (8.459859 49.484576),2026-05-23 17:55:12+02,8.459859,49.484576
38658107,sharing_stations.NBV:Station:148606240,nextbike_vn,NBV:Station:148606240,A1 - Landgericht/Universität,,f,,5,,3.0,,https://app.nextbike.net/station?id=148606240,https://app.nextbike.net/station?id=148606240,https://nxtb.it/p/148606240,2026-05-23 17:53:30+02,f,POINT (8.462552 49.484796),2026-05-23 17:55:12+02,8.462552,49.484796
38658171,sharing_stations.NBV:Station:660951,nextbike_vn,NBV:Station:660951,Universität Schloss,10.0,f,,24,,,,https://app.nextbike.net/station?id=660951,https://app.nextbike.net/station?id=660951,https://nxtb.it/p/660951,2026-05-23 17:53:30+02,f,POINT (8.463303 49.48275),2026-05-23 17:55:12+02,8.463303,49.48275
38654621,sharing_stations.NBV:Station:7853258,nextbike_vn,NBV:Station:7853258,Universitätsklinik Mannheim,,f,,3,,,,https://app.nextbike.net/station?id=7853258,https://app.nextbike.net/station?id=7853258,https://nxtb.it/p/7853258,2026-05-23 17:19:38+02,f,POINT (8.482906 49.492344),2026-05-23 17:22:50+02,8.482906,49.492344
38654623,sharing_stations.NBV:Station:339475,nextbike_vn,NBV:Station:339475,Hauptbahnhof Mannheim,60.0,f,,65,,,,https://app.nextbike.net/station?id=339475,https://app.nextbike.net/station?id=339475,https://nxtb.it/p/339475,2026-05-23 17:19:38+02,f,POINT (8.469749 49.47996),2026-05-23 17:22:50+02,8.469749,49.47996
38654684,sharing_stations.NBV:Station:339478,nextbike_vn,NBV:Station:339478,Technische Hochschule Mannheim,10.0,f,,3,,,,https://app.nextbike.net/station?id=339478,https://app.nextbike.net/station?id=339478,https://nxtb.it/p/339478,2026-05-23 17:19:38+02,f,POINT (8.482255 49.470261),2026-05-23 17:22:50+02,8.482255,49.470261
38654917,sharing_stations.NBV:Station:660951,nextbike_vn,NBV:Station:660951,Universität Schloss,10.0,f,,32,,,,https://app.nextbike.net/station?id=660951,https://app.nextbike.net/station?id=660951,https://nxtb.it/p/660951,2026-05-23 17:19:38+02,f,POINT (8.463303 49.48275),2026-05-23 17:22:50+02,8.463303,49.48275
38654969,sharing_stations.NBV:Station:339468,nextbike_vn,NBV:Station:339468,Universität Mensa,10.0,f,,1,,,,https://app.nextbike.net/station?id=339468,https://app.nextbike.net/station?id=339468,https://nxtb.it/p/339468,2026-05-23 17:19:38+02,f,POINT (8.459859 49.484576),2026-05-23 17:22:50+02,8.459859,49.484576
38654977,sharing_stations.NBV:Station:148606240,nextbike_vn,NBV:Station:148606240,A1 - Landgericht/Universität,,f,,7,,3.0,,https://app.nextbike.net/station?id=148606240,https://app.nextbike.net/station?id=148606240,https://nxtb.it/p/148606240,2026-05-23 17:19:38+02,f,POINT (8.462552 49.484796),2026-05-23 17:22:50+02,8.462552,49.484796
38650608,sharing_stations.NBV:Station:7853258,nextbike_vn,NBV:Station:7853258,Universitätsklinik Mannheim,,f,,4,,,,https://app.nextbike.net/station?id=7853258,https://app.nextbike.net/station?id=7853258,https://nxtb.it/p/7853258,2026-05-23 16:48:24+02,f,POINT (8.482906 49.492344),2026-05-23 16:50:05+02,8.482906,49.492344
38650610,sharing_stations.NBV:Station:339475,nextbike_vn,NBV:Station:339475,Hauptbahnhof Mannheim,60.0,f,,63,,,,https://app.nextbike.net/station?id=339475,https://app.nextbike.net/station?id=339475,https://nxtb.it/p/339475,2026-05-23 16:48:24+02,f,POINT (8.469749 49.47996),2026-05-23 16:50:05+02,8.469749,49.47996
38650652,sharing_stations.NBV:Station:339478,nextbike_vn,NBV:Station:339478,Technische Hochschule Mannheim,10.0,f,,3,,,,https://app.nextbike.net/station?id=339478,https://app.nextbike.net/station?id=339478,https://nxtb.it/p/339478,2026-05-23 16:48:24+02,f,POINT (8.482255 49.470261),2026-05-23 16:50:05+02,8.482255,49.470261
38650677,sharing_stations.NBV:Station:364019650,nextbike_vn,NBV:Station:364019650,Lindenhofplatz / HBF Süd,,f,,2,,,,https://app.nextbike.net/station?id=364019650,https://app.nextbike.net/station?id=364019650,https://nxtb.it/p/364019650,2026-05-23 16:48:24+02,f,POINT (8.467814 49.477839),2026-05-23 16:50:05+02,8.467814,49.477839
38651106,sharing_stations.NBV:Station:660951,nextbike_vn,NBV:Station:660951,Universität Schloss,10.0,f,,39,,,,https://app.nextbike.net/station?id=660951,https://app.nextbike.net/station?id=660951,https://nxtb.it/p/660951,2026-05-23 16:48:24+02,f,POINT (8.463303 49.48275),2026-05-23 16:50:05+02,8.463303,49.48275
38651111,sharing_stations.NBV:Station:148606240,nextbike_vn,NBV:Station:148606240,A1 - Landgericht/Universität,,f,,9,,3.0,,https://app.nextbike.net/station?id=148606240,https://app.nextbike.net/station?id=148606240,https://nxtb.it/p/148606240,2026-05-23 16:48:24+02,f,POINT (8.462552 49.484796),2026-05-23 16:50:05+02,8.462552,49.484796
38647114,sharing_stations.NBV:Station:7853258,nextbike_vn,NBV:Station:7853258,Universitätsklinik Mannheim,,f,,3,,,,https://app.nextbike.net/station?id=7853258,https://app.nextbike.net/station?id=7853258,https://nxtb.it/p/7853258,2026-05-23 16:16:16+02,f,POINT (8.482906 49.492344),2026-05-23 16:17:35+02,8.482906,49.492344
38647120,sharing_stations.NBV:Station:339475,nextbike_vn,NBV:Station:339475,Hauptbahnhof Mannheim,60.0,f,,58,,,,https://app.nextbike.net/station?id=339475,https://app.nextbike.net/station?id=339475,https://nxtb.it/p/339475,2026-05-23 16:16:16+02,f,POINT (8.469749 49.47996),2026-05-23 16:17:35+02,8.469749,49.47996
38647158,sharing_stations.NBV:Station:364019650,nextbike_vn,NBV:Station:364019650,Lindenhofplatz / HBF Süd,,f,,2,,,,https://app.nextbike.net/station?id=364019650,https://app.nextbike.net/station?id=364019650,https://nxtb.it/p/364019650,2026-05-23 16:16:16+02,f,POINT (8.467814 49.477839),2026-05-23 16:17:35+02,8.467814,49.477839
38647192,sharing_stations.NBV:Station:339478,nextbike_vn,NBV:Station:339478,Technische Hochschule Mannheim,10.0,f,,3,,,,https://app.nextbike.net/station?id=339478,https://app.nextbike.net/station?id=339478,https://nxtb.it/p/339478,2026-05-23 16:16:16+02,f,POINT (8.482255 49.470261),2026-05-23 16:17:35+02,8.482255,49.470261
38647379,sharing_stations.NBV:Station:660951,nextbike_vn,NBV:Station:660951,Universität Schloss,10.0,f,,46,,,,https://app.nextbike.net/station?id=660951,https://app.nextbike.net/station?id=660951,https://nxtb.it/p/660951,2026-05-23 16:16:16+02,f,POINT (8.463303 49.48275),2026-05-23 16:17:35+02,8.463303,49.48275
38647426,sharing_stations.NBV:Station:148606240,nextbike_vn,NBV:Station:148606240,A1 - Landgericht/Universität,,f,,11,,3.0,,https://app.nextbike.net/station?id=148606240,https://app.nextbike.net/station?id=148606240,https://nxtb.it/p/148606240,2026-05-23 16:16:16+02,f,POINT (8.462552 49.484796),2026-05-23 16:17:35+02,8.462552,49.484796
38647434,sharing_stations.NBV:Station:339468,nextbike_vn,NBV:Station:339468,Universität Mensa,10.0,f,,1,,,,https://app.nextbike.net/station?id=339468,https://app.nextbike.net/station?id=339468,https://nxtb.it/p/339468,2026-05-23 16:16:16+02,f,POINT (8.459859 49.484576),2026-05-23 16:17:35+02,8.459859,49.484576
38643395,sharing_stations.NBV:Station:660951,nextbike_vn,NBV:Station:660951,Universität Schloss,10.0,f,,55,,,,https://app.nextbike.net/station?id=660951,https://app.nextbike.net/station?id=660951,https://nxtb.it/p/660951,2026-05-23 15:41:19+02,f,POINT (8.463303 49.48275),2026-05-23 15:43:56+02,8.463303,49.48275
38643424,sharing_stations.NBV:Station:339468,nextbike_vn,NBV:Station:339468,Universität Mensa,10.0,f,,1,,,,https://app.nextbike.net/station?id=339468,https://app.nextbike.net/station?id=339468,https://nxtb.it/p/339468,2026-05-23 15:41:19+02,f,POINT (8.459859 49.484576),2026-05-23 15:43:56+02,8.459859,49.484576
38643440,sharing_stations.NBV:Station:148606240,nextbike_vn,NBV:Station:148606240,A1 - Landgericht/Universität,,f,,17,,3.0,,https://app.nextbike.net/station?id=148606240,https://app.nextbike.net/station?id=148606240,https://nxtb.it/p/148606240,2026-05-23 15:41:19+02,f,POINT (8.462552 49.484796),2026-05-23 15:43:56+02,8.462552,49.484796
38643665,sharing_stations.NBV:Station:7853258,nextbike_vn,NBV:Station:7853258,Universitätsklinik Mannheim,,f,,3,,,,https://app.nextbike.net/station?id=7853258,https://app.nextbike.net/station?id=7853258,https://nxtb.it/p/7853258,2026-05-23 15:41:19+02,f,POINT (8.482906 49.492344),2026-05-23 15:43:56+02,8.482906,49.492344
38643666,sharing_stations.NBV:Station:339475,nextbike_vn,NBV:Station:339475,Hauptbahnhof Mannheim,60.0,f,,55,,,,https://app.nextbike.net/station?id=339475,https://app.nextbike.net/station?id=339475,https://nxtb.it/p/339475,2026-05-23 15:41:19+02,f,POINT (8.469749 49.47996),2026-05-23 15:43:56+02,8.469749,49.47996
38643681,sharing_stations.NBV:Station:339478,nextbike_vn,NBV:Station:339478,Technische Hochschule Mannheim,10.0,f,,2,,,,https://app.nextbike.net/station?id=339478,https://app.nextbike.net/station?id=339478,https://nxtb.it/p/339478,2026-05-23 15:41:19+02,f,POINT (8.482255 49.470261),2026-05-23 15:43:56+02,8.482255,49.470261
38643698,sharing_stations.NBV:Station:364019650,nextbike_vn,NBV:Station:364019650,Lindenhofplatz / HBF Süd,,f,,2,,,,https://app.nextbike.net/station?id=364019650,https://app.nextbike.net/station?id=364019650,https://nxtb.it/p/364019650,2026-05-23 15:41:19+02,f,POINT (8.467814 49.477839),2026-05-23 15:43:56+02,8.467814,49.477839
38639816,sharing_stations.NBV:Station:339468,nextbike_vn,NBV:Station:339468,Universität Mensa,10.0,f,,1,,,,https://app.nextbike.net/station?id=339468,https://app.nextbike.net/station?id=339468,https://nxtb.it/p/339468,2026-05-23 15:08:44+02,f,POINT (8.459859 49.484576),2026-05-23 15:10:17+02,8.459859,49.484576
38639828,sharing_stations.NBV:Station:148606240,nextbike_vn,NBV:Station:148606240,A1 - Landgericht/Universität,,f,,14,,3.0,,https://app.nextbike.net/station?id=148606240,https://app.nextbike.net/station?id=148606240,https://nxtb.it/p/148606240,2026-05-23 15:08:44+02,f,POINT (8.462552 49.484796),2026-05-23 15:10:17+02,8.462552,49.484796
38639889,sharing_stations.NBV:Station:660951,nextbike_vn,NBV:Station:660951,Universität Schloss,10.0,f,,61,,,,https://app.nextbike.net/station?id=660951,https://app.nextbike.net/station?id=660951,https://nxtb.it/p/660951,2026-05-23 15:08:44+02,f,POINT (8.463303 49.48275),2026-05-23 15:10:17+02,8.463303,49.48275
38640085,sharing_stations.NBV:Station:339478,nextbike_vn,NBV:Station:339478,Technische Hochschule Mannheim,10.0,f,,2,,,,https://app.nextbike.net/station?id=339478,https://app.nextbike.net/station?id=339478,https://nxtb.it/p/339478,2026-05-23 15:08:44+02,f,POINT (8.482255 49.470261),2026-05-23 15:10:17+02,8.482255,49.470261
38640101,sharing_stations.NBV:Station:364019650,nextbike_vn,NBV:Station:364019650,Lindenhofplatz / HBF Süd,,f,,5,,,,https://app.nextbike.net/station?id=364019650,https://app.nextbike.net/station?id=364019650,https://nxtb.it/p/364019650,2026-05-23 15:08:44+02,f,POINT (8.467814 49.477839),2026-05-23 15:10:17+02,8.467814,49.477839
38640172,sharing_stations.NBV:Station:7853258,nextbike_vn,NBV:Station:7853258,Universitätsklinik Mannheim,,f,,3,,,,https://app.nextbike.net/station?id=7853258,https://app.nextbike.net/station?id=7853258,https://nxtb.it/p/7853258,2026-05-23 15:08:44+02,f,POINT (8.482906 49.492344),2026-05-23 15:10:17+02,8.482906,49.492344
38640174,sharing_stations.NBV:Station:339475,nextbike_vn,NBV:Station:339475,Hauptbahnhof Mannheim,60.0,f,,50,,,,https://app.nextbike.net/station?id=339475,https://app.nextbike.net/station?id=339475,https://nxtb.it/p/339475,2026-05-23 15:08:44+02,f,POINT (8.469749 49.47996),2026-05-23 15:10:17+02,8.469749,49.47996
38636128,sharing_stations.NBV:Station:148606240,nextbike_vn,NBV:Station:148606240,A1 - Landgericht/Universität,,f,,16,,4.0,,https://app.nextbike.net/station?id=148606240,https://app.nextbike.net/station?id=148606240,https://nxtb.it/p/148606240,2026-05-23 14:33:53+02,f,POINT (8.462552 49.484796),2026-05-23 14:36:33+02,8.462552,49.484796
38636136,sharing_stations.NBV:Station:339468,nextbike_vn,NBV:Station:339468,Universität Mensa,10.0,f,,3,,,,https://app.nextbike.net/station?id=339468,https://app.nextbike.net/station?id=339468,https://nxtb.it/p/339468,2026-05-23 14:33:53+02,f,POINT (8.459859 49.484576),2026-05-23 14:36:33+02,8.459859,49.484576
38636194,sharing_stations.NBV:Station:660951,nextbike_vn,NBV:Station:660951,Universität Schloss,10.0,f,,61,,,,https://app.nextbike.net/station?id=660951,https://app.nextbike.net/station?id=660951,https://nxtb.it/p/660951,2026-05-23 14:33:53+02,f,POINT (8.463303 49.48275),2026-05-23 14:36:33+02,8.463303,49.48275
38636391,sharing_stations.NBV:Station:339478,nextbike_vn,NBV:Station:339478,Technische Hochschule Mannheim,10.0,f,,2,,,,https://app.nextbike.net/station?id=339478,https://app.nextbike.net/station?id=339478,https://nxtb.it/p/339478,2026-05-23 14:33:53+02,f,POINT (8.482255 49.470261),2026-05-23 14:36:33+02,8.482255,49.470261
38636410,sharing_stations.NBV:Station:364019650,nextbike_vn,NBV:Station:364019650,Lindenhofplatz / HBF Süd,,f,,4,,,,https://app.nextbike.net/station?id=364019650,https://app.nextbike.net/station?id=364019650,https://nxtb.it/p/364019650,2026-05-23 14:33:53+02,f,POINT (8.467814 49.477839),2026-05-23 14:36:33+02,8.467814,49.477839
38636443,sharing_stations.NBV:Station:339475,nextbike_vn,NBV:Station:339475,Hauptbahnhof Mannheim,60.0,f,,50,,,,https://app.nextbike.net/station?id=339475,https://app.nextbike.net/station?id=339475,https://nxtb.it/p/339475,2026-05-23 14:33:53+02,f,POINT (8.469749 49.47996),2026-05-23 14:36:33+02,8.469749,49.47996
38636448,sharing_stations.NBV:Station:7853258,nextbike_vn,NBV:Station:7853258,Universitätsklinik Mannheim,,f,,3,,,,https://app.nextbike.net/station?id=7853258,https://app.nextbike.net/station?id=7853258,https://nxtb.it/p/7853258,2026-05-23 14:33:53+02,f,POINT (8.482906 49.492344),2026-05-23 14:36:33+02,8.482906,49.492344
38632121,sharing_stations.NBV:Station:7853258,nextbike_vn,NBV:Station:7853258,Universitätsklinik Mannheim,,f,,3,,,,https://app.nextbike.net/station?id=7853258,https://app.nextbike.net/station?id=7853258,https://nxtb.it/p/7853258,2026-05-23 14:00:22+02,f,POINT (8.482906 49.492344),2026-05-23 14:02:20+02,8.482906,49.492344
38632123,sharing_stations.NBV:Station:339475,nextbike_vn,NBV:Station:339475,Hauptbahnhof Mannheim,60.0,f,,49,,,,https://app.nextbike.net/station?id=339475,https://app.nextbike.net/station?id=339475,https://nxtb.it/p/339475,2026-05-23 14:00:22+02,f,POINT (8.469749 49.47996),2026-05-23 14:02:20+02,8.469749,49.47996
38632133,sharing_stations.NBV:Station:339478,nextbike_vn,NBV:Station:339478,Technische Hochschule Mannheim,10.0,f,,3,,,,https://app.nextbike.net/station?id=339478,https://app.nextbike.net/station?id=339478,https://nxtb.it/p/339478,2026-05-23 14:00:22+02,f,POINT (8.482255 49.470261),2026-05-23 14:02:20+02,8.482255,49.470261
38632167,sharing_stations.NBV:Station:364019650,nextbike_vn,NBV:Station:364019650,Lindenhofplatz / HBF Süd,,f,,5,,,,https://app.nextbike.net/station?id=364019650,https://app.nextbike.net/station?id=364019650,https://nxtb.it/p/364019650,2026-05-23 14:00:22+02,f,POINT (8.467814 49.477839),2026-05-23 14:02:20+02,8.467814,49.477839
38632391,sharing_stations.NBV:Station:660951,nextbike_vn,NBV:Station:660951,Universität Schloss,10.0,f,,61,,,,https://app.nextbike.net/station?id=660951,https://app.nextbike.net/station?id=660951,https://nxtb.it/p/660951,2026-05-23 14:00:22+02,f,POINT (8.463303 49.48275),2026-05-23 14:02:20+02,8.463303,49.48275
38632407,sharing_stations.NBV:Station:339468,nextbike_vn,NBV:Station:339468,Universität Mensa,10.0,f,,3,,,,https://app.nextbike.net/station?id=339468,https://app.nextbike.net/station?id=339468,https://nxtb.it/p/339468,2026-05-23 14:00:22+02,f,POINT (8.459859 49.484576),2026-05-23 14:02:20+02,8.459859,49.484576
38632421,sharing_stations.NBV:Station:148606240,nextbike_vn,NBV:Station:148606240,A1 - Landgericht/Universität,,f,,14,,4.0,,https://app.nextbike.net/station?id=148606240,https://app.nextbike.net/station?id=148606240,https://nxtb.it/p/148606240,2026-05-23 14:00:22+02,f,POINT (8.462552 49.484796),2026-05-23 14:02:20+02,8.462552,49.484796
38628813,sharing_stations.NBV:Station:660951,nextbike_vn,NBV:Station:660951,Universität Schloss,10.0,f,,57,,,,https://app.nextbike.net/station?id=660951,https://app.nextbike.net/station?id=660951,https://nxtb.it/p/660951,2026-05-23 13:24:40+02,f,POINT (8.463303 49.48275),2026-05-23 13:28:01+02,8.463303,49.48275
38628859,sharing_stations.NBV:Station:148606240,nextbike_vn,NBV:Station:148606240,A1 - Landgericht/Universität,,f,,13,,4.0,,https://app.nextbike.net/station?id=148606240,https://app.nextbike.net/station?id=148606240,https://nxtb.it/p/148606240,2026-05-23 13:24:40+02,f,POINT (8.462552 49.484796),2026-05-23 13:28:01+02,8.462552,49.484796
38628874,sharing_stations.NBV:Station:339468,nextbike_vn,NBV:Station:339468,Universität Mensa,10.0,f,,3,,,,https://app.nextbike.net/station?id=339468,https://app.nextbike.net/station?id=339468,https://nxtb.it/p/339468,2026-05-23 13:24:40+02,f,POINT (8.459859 49.484576),2026-05-23 13:28:01+02,8.459859,49.484576
38629043,sharing_stations.NBV:Station:7853258,nextbike_vn,NBV:Station:7853258,Universitätsklinik Mannheim,,f,,1,,,,https://app.nextbike.net/station?id=7853258,https://app.nextbike.net/station?id=7853258,https://nxtb.it/p/7853258,2026-05-23 13:24:40+02,f,POINT (8.482906 49.492344),2026-05-23 13:28:01+02,8.482906,49.492344
38629044,sharing_stations.NBV:Station:339475,nextbike_vn,NBV:Station:339475,Hauptbahnhof Mannheim,60.0,f,,36,,,,https://app.nextbike.net/station?id=339475,https://app.nextbike.net/station?id=339475,https://nxtb.it/p/339475,2026-05-23 13:24:40+02,f,POINT (8.469749 49.47996),2026-05-23 13:28:01+02,8.469749,49.47996
38629100,sharing_stations.NBV:Station:364019650,nextbike_vn,NBV:Station:364019650,Lindenhofplatz / HBF Süd,,f,,5,,,,https://app.nextbike.net/station?id=364019650,https://app.nextbike.net/station?id=364019650,https://nxtb.it/p/364019650,2026-05-23 13:24:40+02,f,POINT (8.467814 49.477839),2026-05-23 13:28:01+02,8.467814,49.477839
38629121,sharing_stations.NBV:Station:339478,nextbike_vn,NBV:Station:339478,Technische Hochschule Mannheim,10.0,f,,3,,,,https://app.nextbike.net/station?id=339478,https://app.nextbike.net/station?id=339478,https://nxtb.it/p/339478,2026-05-23 13:24:40+02,f,POINT (8.482255 49.470261),2026-05-23 13:28:01+02,8.482255,49.470261
38625470,sharing_stations.NBV:Station:339468,nextbike_vn,NBV:Station:339468,Universität Mensa,10.0,f,,4,,,,https://app.nextbike.net/station?id=339468,https://app.nextbike.net/station?id=339468,https://nxtb.it/p/339468,2026-05-23 12:53:09+02,f,POINT (8.459859 49.484576),2026-05-23 12:54:41+02,8.459859,49.484576
38625481,sharing_stations.NBV:Station:148606240,nextbike_vn,NBV:Station:148606240,A1 - Landgericht/Universität,,f,,14,,4.0,,https://app.nextbike.net/station?id=148606240,https://app.nextbike.net/station?id=148606240,https://nxtb.it/p/148606240,2026-05-23 12:53:09+02,f,POINT (8.462552 49.484796),2026-05-23 12:54:41+02,8.462552,49.484796
38625531,sharing_stations.NBV:Station:660951,nextbike_vn,NBV:Station:660951,Universität Schloss,10.0,f,,53,,,,https://app.nextbike.net/station?id=660951,https://app.nextbike.net/station?id=660951,https://nxtb.it/p/660951,2026-05-23 12:53:09+02,f,POINT (8.463303 49.48275),2026-05-23 12:54:41+02,8.463303,49.48275
38625883,sharing_stations.NBV:Station:339478,nextbike_vn,NBV:Station:339478,Technische Hochschule Mannheim,10.0,f,,3,,,,https://app.nextbike.net/station?id=339478,https://app.nextbike.net/station?id=339478,https://nxtb.it/p/339478,2026-05-23 12:53:09+02,f,POINT (8.482255 49.470261),2026-05-23 12:54:41+02,8.482255,49.470261
38625913,sharing_stations.NBV:Station:364019650,nextbike_vn,NBV:Station:364019650,Lindenhofplatz / HBF Süd,,f,,4,,,,https://app.nextbike.net/station?id=364019650,https://app.nextbike.net/station?id=364019650,https://nxtb.it/p/364019650,2026-05-23 12:53:09+02,f,POINT (8.467814 49.477839),2026-05-23 12:54:41+02,8.467814,49.477839
38625972,sharing_stations.NBV:Station:339475,nextbike_vn,NBV:Station:339475,Hauptbahnhof Mannheim,60.0,f,,37,,,,https://app.nextbike.net/station?id=339475,https://app.nextbike.net/station?id=339475,https://nxtb.it/p/339475,2026-05-23 12:53:09+02,f,POINT (8.469749 49.47996),2026-05-23 12:54:41+02,8.469749,49.47996
38625976,sharing_stations.NBV:Station:7853258,nextbike_vn,NBV:Station:7853258,Universitätsklinik Mannheim,,f,,2,,,,https://app.nextbike.net/station?id=7853258,https://app.nextbike.net/station?id=7853258,https://nxtb.it/p/7853258,2026-05-23 12:53:09+02,f,POINT (8.482906 49.492344),2026-05-23 12:54:41+02,8.482906,49.492344
38622154,sharing_stations.NBV:Station:7853258,nextbike_vn,NBV:Station:7853258,Universitätsklinik Mannheim,,f,,1,,,,https://app.nextbike.net/station?id=7853258,https://app.nextbike.net/station?id=7853258,https://nxtb.it/p/7853258,2026-05-23 12:19:01+02,f,POINT (8.482906 49.492344),2026-05-23 12:22:06+02,8.482906,49.492344
38622156,sharing_stations.NBV:Station:339475,nextbike_vn,NBV:Station:339475,Hauptbahnhof Mannheim,60.0,f,,39,,,,https://app.nextbike.net/station?id=339475,https://app.nextbike.net/station?id=339475,https://nxtb.it/p/339475,2026-05-23 12:19:01+02,f,POINT (8.469749 49.47996),2026-05-23 12:22:06+02,8.469749,49.47996
38622170,sharing_stations.NBV:Station:339478,nextbike_vn,NBV:Station:339478,Technische Hochschule Mannheim,10.0,f,,4,,,,https://app.nextbike.net/station?id=339478,https://app.nextbike.net/station?id=339478,https://nxtb.it/p/339478,2026-05-23 12:19:01+02,f,POINT (8.482255 49.470261),2026-05-23 12:22:06+02,8.482255,49.470261
38622192,sharing_stations.NBV:Station:364019650,nextbike_vn,NBV:Station:364019650,Lindenhofplatz / HBF Süd,,f,,4,,,,https://app.nextbike.net/station?id=364019650,https://app.nextbike.net/station?id=364019650,https://nxtb.it/p/364019650,2026-05-23 12:19:01+02,f,POINT (8.467814 49.477839),2026-05-23 12:22:06+02,8.467814,49.477839
38622378,sharing_stations.NBV:Station:660951,nextbike_vn,NBV:Station:660951,Universität Schloss,10.0,f,,58,,,,https://app.nextbike.net/station?id=660951,https://app.nextbike.net/station?id=660951,https://nxtb.it/p/660951,2026-05-23 12:19:01+02,f,POINT (8.463303 49.48275),2026-05-23 12:22:06+02,8.463303,49.48275
38622399,sharing_stations.NBV:Station:339468,nextbike_vn,NBV:Station:339468,Universität Mensa,10.0,f,,5,,,,https://app.nextbike.net/station?id=339468,https://app.nextbike.net/station?id=339468,https://nxtb.it/p/339468,2026-05-23 12:19:01+02,f,POINT (8.459859 49.484576),2026-05-23 12:22:06+02,8.459859,49.484576
38622410,sharing_stations.NBV:Station:148606240,nextbike_vn,NBV:Station:148606240,A1 - Landgericht/Universität,,f,,27,,4.0,,https://app.nextbike.net/station?id=148606240,https://app.nextbike.net/station?id=148606240,https://nxtb.it/p/148606240,2026-05-23 12:19:01+02,f,POINT (8.462552 49.484796),2026-05-23 12:22:06+02,8.462552,49.484796
38618773,sharing_stations.NBV:Station:148606240,nextbike_vn,NBV:Station:148606240,A1 - Landgericht/Universität,,f,,28,,4.0,,https://app.nextbike.net/station?id=148606240,https://app.nextbike.net/station?id=148606240,https://nxtb.it/p/148606240,2026-05-23 11:46:17+02,f,POINT (8.462552 49.484796),2026-05-23 11:49:20+02,8.462552,49.484796
38618781,sharing_stations.NBV:Station:339468,nextbike_vn,NBV:Station:339468,Universität Mensa,10.0,f,,5,,,,https://app.nextbike.net/station?id=339468,https://app.nextbike.net/station?id=339468,https://nxtb.it/p/339468,2026-05-23 11:46:17+02,f,POINT (8.459859 49.484576),2026-05-23 11:49:20+02,8.459859,49.484576
38618799,sharing_stations.NBV:Station:660951,nextbike_vn,NBV:Station:660951,Universität Schloss,10.0,f,,57,,,,https://app.nextbike.net/station?id=660951,https://app.nextbike.net/station?id=660951,https://nxtb.it/p/660951,2026-05-23 11:46:17+02,f,POINT (8.463303 49.48275),2026-05-23 11:49:20+02,8.463303,49.48275
38619204,sharing_stations.NBV:Station:364019650,nextbike_vn,NBV:Station:364019650,Lindenhofplatz / HBF Süd,,f,,1,,,,https://app.nextbike.net/station?id=364019650,https://app.nextbike.net/station?id=364019650,https://nxtb.it/p/364019650,2026-05-23 11:46:17+02,f,POINT (8.467814 49.477839),2026-05-23 11:49:20+02,8.467814,49.477839
38619228,sharing_stations.NBV:Station:339478,nextbike_vn,NBV:Station:339478,Technische Hochschule Mannheim,10.0,f,,5,,,,https://app.nextbike.net/station?id=339478,https://app.nextbike.net/station?id=339478,https://nxtb.it/p/339478,2026-05-23 11:46:17+02,f,POINT (8.482255 49.470261),2026-05-23 11:49:20+02,8.482255,49.470261
38619241,sharing_stations.NBV:Station:339475,nextbike_vn,NBV:Station:339475,Hauptbahnhof Mannheim,60.0,f,,38,,,,https://app.nextbike.net/station?id=339475,https://app.nextbike.net/station?id=339475,https://nxtb.it/p/339475,2026-05-23 11:46:17+02,f,POINT (8.469749 49.47996),2026-05-23 11:49:20+02,8.469749,49.47996
38619245,sharing_stations.NBV:Station:7853258,nextbike_vn,NBV:Station:7853258,Universitätsklinik Mannheim,,f,,1,,,,https://app.nextbike.net/station?id=7853258,https://app.nextbike.net/station?id=7853258,https://nxtb.it/p/7853258,2026-05-23 11:46:17+02,f,POINT (8.482906 49.492344),2026-05-23 11:49:20+02,8.482906,49.492344
38615052,sharing_stations.NBV:Station:339478,nextbike_vn,NBV:Station:339478,Technische Hochschule Mannheim,10.0,f,,4,,,,https://app.nextbike.net/station?id=339478,https://app.nextbike.net/station?id=339478,https://nxtb.it/p/339478,2026-05-23 11:13:04+02,f,POINT (8.482255 49.470261),2026-05-23 11:14:56+02,8.482255,49.470261
38615143,sharing_stations.NBV:Station:339475,nextbike_vn,NBV:Station:339475,Hauptbahnhof Mannheim,60.0,f,,36,,,,https://app.nextbike.net/station?id=339475,https://app.nextbike.net/station?id=339475,https://nxtb.it/p/339475,2026-05-23 11:13:04+02,f,POINT (8.469749 49.47996),2026-05-23 11:14:56+02,8.469749,49.47996
38615150,sharing_stations.NBV:Station:7853258,nextbike_vn,NBV:Station:7853258,Universitätsklinik Mannheim,,f,,3,,,,https://app.nextbike.net/station?id=7853258,https://app.nextbike.net/station?id=7853258,https://nxtb.it/p/7853258,2026-05-23 11:13:04+02,f,POINT (8.482906 49.492344),2026-05-23 11:14:56+02,8.482906,49.492344
38615480,sharing_stations.NBV:Station:339468,nextbike_vn,NBV:Station:339468,Universität Mensa,10.0,f,,5,,,,https://app.nextbike.net/station?id=339468,https://app.nextbike.net/station?id=339468,https://nxtb.it/p/339468,2026-05-23 11:13:04+02,f,POINT (8.459859 49.484576),2026-05-23 11:14:56+02,8.459859,49.484576
38615485,sharing_stations.NBV:Station:148606240,nextbike_vn,NBV:Station:148606240,A1 - Landgericht/Universität,,f,,27,,4.0,,https://app.nextbike.net/station?id=148606240,https://app.nextbike.net/station?id=148606240,https://nxtb.it/p/148606240,2026-05-23 11:13:04+02,f,POINT (8.462552 49.484796),2026-05-23 11:14:56+02,8.462552,49.484796
38615542,sharing_stations.NBV:Station:660951,nextbike_vn,NBV:Station:660951,Universität Schloss,10.0,f,,60,,,,https://app.nextbike.net/station?id=660951,https://app.nextbike.net/station?id=660951,https://nxtb.it/p/660951,2026-05-23 11:13:04+02,f,POINT (8.463303 49.48275),2026-05-23 11:14:56+02,8.463303,49.48275
38611574,sharing_stations.NBV:Station:148606240,nextbike_vn,NBV:Station:148606240,A1 - Landgericht/Universität,,f,,25,,4.0,,https://app.nextbike.net/station?id=148606240,https://app.nextbike.net/station?id=148606240,https://nxtb.it/p/148606240,2026-05-23 10:36:28+02,f,POINT (8.462552 49.484796),2026-05-23 10:39:42+02,8.462552,49.484796
38611582,sharing_stations.NBV:Station:339468,nextbike_vn,NBV:Station:339468,Universität Mensa,10.0,f,,4,,,,https://app.nextbike.net/station?id=339468,https://app.nextbike.net/station?id=339468,https://nxtb.it/p/339468,2026-05-23 10:36:28+02,f,POINT (8.459859 49.484576),2026-05-23 10:39:42+02,8.459859,49.484576
38611647,sharing_stations.NBV:Station:660951,nextbike_vn,NBV:Station:660951,Universität Schloss,10.0,f,,57,,,,https://app.nextbike.net/station?id=660951,https://app.nextbike.net/station?id=660951,https://nxtb.it/p/660951,2026-05-23 10:36:28+02,f,POINT (8.463303 49.48275),2026-05-23 10:39:42+02,8.463303,49.48275
38611998,sharing_stations.NBV:Station:339478,nextbike_vn,NBV:Station:339478,Technische Hochschule Mannheim,10.0,f,,4,,,,https://app.nextbike.net/station?id=339478,https://app.nextbike.net/station?id=339478,https://nxtb.it/p/339478,2026-05-23 10:36:28+02,f,POINT (8.482255 49.470261),2026-05-23 10:39:42+02,8.482255,49.470261
38612021,sharing_stations.NBV:Station:364019650,nextbike_vn,NBV:Station:364019650,Lindenhofplatz / HBF Süd,,f,,1,,,,https://app.nextbike.net/station?id=364019650,https://app.nextbike.net/station?id=364019650,https://nxtb.it/p/364019650,2026-05-23 10:36:28+02,f,POINT (8.467814 49.477839),2026-05-23 10:39:42+02,8.467814,49.477839
38612053,sharing_stations.NBV:Station:7853258,nextbike_vn,NBV:Station:7853258,Universitätsklinik Mannheim,,f,,3,,,,https://app.nextbike.net/station?id=7853258,https://app.nextbike.net/station?id=7853258,https://nxtb.it/p/7853258,2026-05-23 10:36:28+02,f,POINT (8.482906 49.492344),2026-05-23 10:39:42+02,8.482906,49.492344
38612059,sharing_stations.NBV:Station:339475,nextbike_vn,NBV:Station:339475,Hauptbahnhof Mannheim,60.0,f,,41,,,,https://app.nextbike.net/station?id=339475,https://app.nextbike.net/station?id=339475,https://nxtb.it/p/339475,2026-05-23 10:36:28+02,f,POINT (8.469749 49.47996),2026-05-23 10:39:42+02,8.469749,49.47996
38608168,sharing_stations.NBV:Station:339478,nextbike_vn,NBV:Station:339478,Technische Hochschule Mannheim,10.0,f,,4,,,,https://app.nextbike.net/station?id=339478,https://app.nextbike.net/station?id=339478,https://nxtb.it/p/339478,2026-05-23 10:04:20+02,f,POINT (8.482255 49.470261),2026-05-23 10:06:20+02,8.482255,49.470261
38608198,sharing_stations.NBV:Station:364019650,nextbike_vn,NBV:Station:364019650,Lindenhofplatz / HBF Süd,,f,,2,,,,https://app.nextbike.net/station?id=364019650,https://app.nextbike.net/station?id=364019650,https://nxtb.it/p/364019650,2026-05-23 10:04:20+02,f,POINT (8.467814 49.477839),2026-05-23 10:06:20+02,8.467814,49.477839
38608252,sharing_stations.NBV:Station:339475,nextbike_vn,NBV:Station:339475,Hauptbahnhof Mannheim,60.0,f,,45,,,,https://app.nextbike.net/station?id=339475,https://app.nextbike.net/station?id=339475,https://nxtb.it/p/339475,2026-05-23 10:04:20+02,f,POINT (8.469749 49.47996),2026-05-23 10:06:20+02,8.469749,49.47996
38608259,sharing_stations.NBV:Station:7853258,nextbike_vn,NBV:Station:7853258,Universitätsklinik Mannheim,,f,,3,,,,https://app.nextbike.net/station?id=7853258,https://app.nextbike.net/station?id=7853258,https://nxtb.it/p/7853258,2026-05-23 10:04:20+02,f,POINT (8.482906 49.492344),2026-05-23 10:06:20+02,8.482906,49.492344
38608592,sharing_stations.NBV:Station:339468,nextbike_vn,NBV:Station:339468,Universität Mensa,10.0,f,,2,,,,https://app.nextbike.net/station?id=339468,https://app.nextbike.net/station?id=339468,https://nxtb.it/p/339468,2026-05-23 10:04:20+02,f,POINT (8.459859 49.484576),2026-05-23 10:06:20+02,8.459859,49.484576
38608597,sharing_stations.NBV:Station:148606240,nextbike_vn,NBV:Station:148606240,A1 - Landgericht/Universität,,f,,23,,4.0,,https://app.nextbike.net/station?id=148606240,https://app.nextbike.net/station?id=148606240,https://nxtb.it/p/148606240,2026-05-23 10:04:20+02,f,POINT (8.462552 49.484796),2026-05-23 10:06:20+02,8.462552,49.484796
38608649,sharing_stations.NBV:Station:660951,nextbike_vn,NBV:Station:660951,Universität Schloss,10.0,f,,52,,,,https://app.nextbike.net/station?id=660951,https://app.nextbike.net/station?id=660951,https://nxtb.it/p/660951,2026-05-23 10:04:20+02,f,POINT (8.463303 49.48275),2026-05-23 10:06:20+02,8.463303,49.48275
38604779,sharing_stations.NBV:Station:660951,nextbike_vn,NBV:Station:660951,Universität Schloss,10.0,f,,49,,,,https://app.nextbike.net/station?id=660951,https://app.nextbike.net/station?id=660951,https://nxtb.it/p/660951,2026-05-23 09:30:24+02,f,POINT (8.463303 49.48275),2026-05-23 09:31:59+02,8.463303,49.48275
38604842,sharing_stations.NBV:Station:339468,nextbike_vn,NBV:Station:339468,Universität Mensa,10.0,f,,2,,,,https://app.nextbike.net/station?id=339468,https://app.nextbike.net/station?id=339468,https://nxtb.it/p/339468,2026-05-23 09:30:24+02,f,POINT (8.459859 49.484576),2026-05-23 09:31:59+02,8.459859,49.484576
38604855,sharing_stations.NBV:Station:148606240,nextbike_vn,NBV:Station:148606240,A1 - Landgericht/Universität,,f,,21,,3.0,,https://app.nextbike.net/station?id=148606240,https://app.nextbike.net/station?id=148606240,https://nxtb.it/p/148606240,2026-05-23 09:30:24+02,f,POINT (8.462552 49.484796),2026-05-23 09:31:59+02,8.462552,49.484796
38605208,sharing_stations.NBV:Station:339475,nextbike_vn,NBV:Station:339475,Hauptbahnhof Mannheim,60.0,f,,42,,,,https://app.nextbike.net/station?id=339475,https://app.nextbike.net/station?id=339475,https://nxtb.it/p/339475,2026-05-23 09:30:24+02,f,POINT (8.469749 49.47996),2026-05-23 09:31:59+02,8.469749,49.47996
38605212,sharing_stations.NBV:Station:7853258,nextbike_vn,NBV:Station:7853258,Universitätsklinik Mannheim,,f,,0,,,,https://app.nextbike.net/station?id=7853258,https://app.nextbike.net/station?id=7853258,https://nxtb.it/p/7853258,2026-05-23 09:30:24+02,f,POINT (8.482906 49.492344),2026-05-23 09:31:59+02,8.482906,49.492344
38605238,sharing_stations.NBV:Station:364019650,nextbike_vn,NBV:Station:364019650,Lindenhofplatz / HBF Süd,,f,,2,,,,https://app.nextbike.net/station?id=364019650,https://app.nextbike.net/station?id=364019650,https://nxtb.it/p/364019650,2026-05-23 09:30:24+02,f,POINT (8.467814 49.477839),2026-05-23 09:31:59+02,8.467814,49.477839
38605266,sharing_stations.NBV:Station:339478,nextbike_vn,NBV:Station:339478,Technische Hochschule Mannheim,10.0,f,,6,,,,https://app.nextbike.net/station?id=339478,https://app.nextbike.net/station?id=339478,https://nxtb.it/p/339478,2026-05-23 09:30:24+02,f,POINT (8.482255 49.470261),2026-05-23 09:31:59+02,8.482255,49.470261
38601431,sharing_stations.NBV:Station:339478,nextbike_vn,NBV:Station:339478,Technische Hochschule Mannheim,10.0,f,,6,,,,https://app.nextbike.net/station?id=339478,https://app.nextbike.net/station?id=339478,https://nxtb.it/p/339478,2026-05-23 08:54:35+02,f,POINT (8.482255 49.470261),2026-05-23 08:56:41+02,8.482255,49.470261
38601450,sharing_stations.NBV:Station:364019650,nextbike_vn,NBV:Station:364019650,Lindenhofplatz / HBF Süd,,f,,4,,,,https://app.nextbike.net/station?id=364019650,https://app.nextbike.net/station?id=364019650,https://nxtb.it/p/364019650,2026-05-23 08:54:35+02,f,POINT (8.467814 49.477839),2026-05-23 08:56:41+02,8.467814,49.477839
38601484,sharing_stations.NBV:Station:7853258,nextbike_vn,NBV:Station:7853258,Universitätsklinik Mannheim,,f,,0,,,,https://app.nextbike.net/station?id=7853258,https://app.nextbike.net/station?id=7853258,https://nxtb.it/p/7853258,2026-05-23 08:54:35+02,f,POINT (8.482906 49.492344),2026-05-23 08:56:41+02,8.482906,49.492344
38601488,sharing_stations.NBV:Station:339475,nextbike_vn,NBV:Station:339475,Hauptbahnhof Mannheim,60.0,f,,47,,,,https://app.nextbike.net/station?id=339475,https://app.nextbike.net/station?id=339475,https://nxtb.it/p/339475,2026-05-23 08:54:35+02,f,POINT (8.469749 49.47996),2026-05-23 08:56:41+02,8.469749,49.47996
38601687,sharing_stations.NBV:Station:148606240,nextbike_vn,NBV:Station:148606240,A1 - Landgericht/Universität,,f,,20,,4.0,,https://app.nextbike.net/station?id=148606240,https://app.nextbike.net/station?id=148606240,https://nxtb.it/p/148606240,2026-05-23 08:54:35+02,f,POINT (8.462552 49.484796),2026-05-23 08:56:41+02,8.462552,49.484796
38601696,sharing_stations.NBV:Station:339468,nextbike_vn,NBV:Station:339468,Universität Mensa,10.0,f,,2,,,,https://app.nextbike.net/station?id=339468,https://app.nextbike.net/station?id=339468,https://nxtb.it/p/339468,2026-05-23 08:54:35+02,f,POINT (8.459859 49.484576),2026-05-23 08:56:41+02,8.459859,49.484576
38601760,sharing_stations.NBV:Station:660951,nextbike_vn,NBV:Station:660951,Universität Schloss,10.0,f,,47,,,,https://app.nextbike.net/station?id=660951,https://app.nextbike.net/station?id=660951,https://nxtb.it/p/660951,2026-05-23 08:54:35+02,f,POINT (8.463303 49.48275),2026-05-23 08:56:41+02,8.463303,49.48275
38598114,sharing_stations.NBV:Station:148606240,nextbike_vn,NBV:Station:148606240,A1 - Landgericht/Universität,,f,,19,,4.0,,https://app.nextbike.net/station?id=148606240,https://app.nextbike.net/station?id=148606240,https://nxtb.it/p/148606240,2026-05-23 08:21:28+02,f,POINT (8.462552 49.484796),2026-05-23 08:23:10+02,8.462552,49.484796
38598121,sharing_stations.NBV:Station:339468,nextbike_vn,NBV:Station:339468,Universität Mensa,10.0,f,,2,,,,https://app.nextbike.net/station?id=339468,https://app.nextbike.net/station?id=339468,https://nxtb.it/p/339468,2026-05-23 08:21:28+02,f,POINT (8.459859 49.484576),2026-05-23 08:23:10+02,8.459859,49.484576
38598180,sharing_stations.NBV:Station:660951,nextbike_vn,NBV:Station:660951,Universität Schloss,10.0,f,,45,,,,https://app.nextbike.net/station?id=660951,https://app.nextbike.net/station?id=660951,https://nxtb.it/p/660951,2026-05-23 08:21:28+02,f,POINT (8.463303 49.48275),2026-05-23 08:23:10+02,8.463303,49.48275
38598375,sharing_stations.NBV:Station:339478,nextbike_vn,NBV:Station:339478,Technische Hochschule Mannheim,10.0,f,,7,,,,https://app.nextbike.net/station?id=339478,https://app.nextbike.net/station?id=339478,https://nxtb.it/p/339478,2026-05-23 08:21:28+02,f,POINT (8.482255 49.470261),2026-05-23 08:23:10+02,8.482255,49.470261
38598400,sharing_stations.NBV:Station:364019650,nextbike_vn,NBV:Station:364019650,Lindenhofplatz / HBF Süd,,f,,3,,,,https://app.nextbike.net/station?id=364019650,https://app.nextbike.net/station?id=364019650,https://nxtb.it/p/364019650,2026-05-23 08:21:28+02,f,POINT (8.467814 49.477839),2026-05-23 08:23:10+02,8.467814,49.477839
38598430,sharing_stations.NBV:Station:7853258,nextbike_vn,NBV:Station:7853258,Universitätsklinik Mannheim,,f,,2,,,,https://app.nextbike.net/station?id=7853258,https://app.nextbike.net/station?id=7853258,https://nxtb.it/p/7853258,2026-05-23 08:21:28+02,f,POINT (8.482906 49.492344),2026-05-23 08:23:10+02,8.482906,49.492344
38598431,sharing_stations.NBV:Station:339475,nextbike_vn,NBV:Station:339475,Hauptbahnhof Mannheim,60.0,f,,48,,,,https://app.nextbike.net/station?id=339475,https://app.nextbike.net/station?id=339475,https://nxtb.it/p/339475,2026-05-23 08:21:28+02,f,POINT (8.469749 49.47996),2026-05-23 08:23:10+02,8.469749,49.47996
38594941,sharing_stations.NBV:Station:7853258,nextbike_vn,NBV:Station:7853258,Universitätsklinik Mannheim,,f,,3,,,,https://app.nextbike.net/station?id=7853258,https://app.nextbike.net/station?id=7853258,https://nxtb.it/p/7853258,2026-05-23 07:42:18+02,f,POINT (8.482906 49.492344),2026-05-23 07:45:28+02,8.482906,49.492344
38594945,sharing_stations.NBV:Station:339475,nextbike_vn,NBV:Station:339475,Hauptbahnhof Mannheim,60.0,f,,55,,,,https://app.nextbike.net/station?id=339475,https://app.nextbike.net/station?id=339475,https://nxtb.it/p/339475,2026-05-23 07:42:18+02,f,POINT (8.469749 49.47996),2026-05-23 07:45:28+02,8.469749,49.47996
38594974,sharing_stations.NBV:Station:364019650,nextbike_vn,NBV:Station:364019650,Lindenhofplatz / HBF Süd,,f,,0,,,,https://app.nextbike.net/station?id=364019650,https://app.nextbike.net/station?id=364019650,https://nxtb.it/p/364019650,2026-05-23 07:42:18+02,f,POINT (8.467814 49.477839),2026-05-23 07:45:28+02,8.467814,49.477839
38595001,sharing_stations.NBV:Station:339478,nextbike_vn,NBV:Station:339478,Technische Hochschule Mannheim,10.0,f,,7,,,,https://app.nextbike.net/station?id=339478,https://app.nextbike.net/station?id=339478,https://nxtb.it/p/339478,2026-05-23 07:42:18+02,f,POINT (8.482255 49.470261),2026-05-23 07:45:28+02,8.482255,49.470261
38595180,sharing_stations.NBV:Station:660951,nextbike_vn,NBV:Station:660951,Universität Schloss,10.0,f,,10,,,,https://app.nextbike.net/station?id=660951,https://app.nextbike.net/station?id=660951,https://nxtb.it/p/660951,2026-05-23 07:42:18+02,f,POINT (8.463303 49.48275),2026-05-23 07:45:28+02,8.463303,49.48275
38595244,sharing_stations.NBV:Station:148606240,nextbike_vn,NBV:Station:148606240,A1 - Landgericht/Universität,,f,,6,,4.0,,https://app.nextbike.net/station?id=148606240,https://app.nextbike.net/station?id=148606240,https://nxtb.it/p/148606240,2026-05-23 07:42:18+02,f,POINT (8.462552 49.484796),2026-05-23 07:45:28+02,8.462552,49.484796
38591751,sharing_stations.NBV:Station:339475,nextbike_vn,NBV:Station:339475,Hauptbahnhof Mannheim,60.0,f,,48,,,,https://app.nextbike.net/station?id=339475,https://app.nextbike.net/station?id=339475,https://nxtb.it/p/339475,2026-05-23 07:05:27+02,f,POINT (8.469749 49.47996),2026-05-23 07:08:33+02,8.469749,49.47996
38591757,sharing_stations.NBV:Station:7853258,nextbike_vn,NBV:Station:7853258,Universitätsklinik Mannheim,,f,,3,,,,https://app.nextbike.net/station?id=7853258,https://app.nextbike.net/station?id=7853258,https://nxtb.it/p/7853258,2026-05-23 07:05:27+02,f,POINT (8.482906 49.492344),2026-05-23 07:08:33+02,8.482906,49.492344
38591791,sharing_stations.NBV:Station:364019650,nextbike_vn,NBV:Station:364019650,Lindenhofplatz / HBF Süd,,f,,3,,,,https://app.nextbike.net/station?id=364019650,https://app.nextbike.net/station?id=364019650,https://nxtb.it/p/364019650,2026-05-23 07:05:27+02,f,POINT (8.467814 49.477839),2026-05-23 07:08:33+02,8.467814,49.477839
38591805,sharing_stations.NBV:Station:339478,nextbike_vn,NBV:Station:339478,Technische Hochschule Mannheim,10.0,f,,6,,,,https://app.nextbike.net/station?id=339478,https://app.nextbike.net/station?id=339478,https://nxtb.it/p/339478,2026-05-23 07:05:27+02,f,POINT (8.482255 49.470261),2026-05-23 07:08:33+02,8.482255,49.470261
38588916,sharing_stations.NBV:Station:339475,nextbike_vn,NBV:Station:339475,Hauptbahnhof Mannheim,60.0,f,,44,,,,https://app.nextbike.net/station?id=339475,https://app.nextbike.net/station?id=339475,https://nxtb.it/p/339475,2026-05-23 06:30:53+02,f,POINT (8.469749 49.47996),2026-05-23 06:32:58+02,8.469749,49.47996
38588922,sharing_stations.NBV:Station:7853258,nextbike_vn,NBV:Station:7853258,Universitätsklinik Mannheim,,f,,4,,,,https://app.nextbike.net/station?id=7853258,https://app.nextbike.net/station?id=7853258,https://nxtb.it/p/7853258,2026-05-23 06:30:53+02,f,POINT (8.482906 49.492344),2026-05-23 06:32:58+02,8.482906,49.492344
38588955,sharing_stations.NBV:Station:339478,nextbike_vn,NBV:Station:339478,Technische Hochschule Mannheim,10.0,f,,6,,,,https://app.nextbike.net/station?id=339478,https://app.nextbike.net/station?id=339478,https://nxtb.it/p/339478,2026-05-23 06:30:53+02,f,POINT (8.482255 49.470261),2026-05-23 06:32:58+02,8.482255,49.470261
38588975,sharing_stations.NBV:Station:364019650,nextbike_vn,NBV:Station:364019650,Lindenhofplatz / HBF Süd,,f,,3,,,,https://app.nextbike.net/station?id=364019650,https://app.nextbike.net/station?id=364019650,https://nxtb.it/p/364019650,2026-05-23 06:30:53+02,f,POINT (8.467814 49.477839),2026-05-23 06:32:58+02,8.467814,49.477839
38585881,sharing_stations.NBV:Station:339475,nextbike_vn,NBV:Station:339475,Hauptbahnhof Mannheim,60.0,f,,42,,,,https://app.nextbike.net/station?id=339475,https://app.nextbike.net/station?id=339475,https://nxtb.it/p/339475,2026-05-23 05:57:38+02,f,POINT (8.469749 49.47996),2026-05-23 05:59:27+02,8.469749,49.47996
38585889,sharing_stations.NBV:Station:7853258,nextbike_vn,NBV:Station:7853258,Universitätsklinik Mannheim,,f,,4,,,,https://app.nextbike.net/station?id=7853258,https://app.nextbike.net/station?id=7853258,https://nxtb.it/p/7853258,2026-05-23 05:57:38+02,f,POINT (8.482906 49.492344),2026-05-23 05:59:27+02,8.482906,49.492344
38585951,sharing_stations.NBV:Station:364019650,nextbike_vn,NBV:Station:364019650,Lindenhofplatz / HBF Süd,,f,,1,,,,https://app.nextbike.net/station?id=364019650,https://app.nextbike.net/station?id=364019650,https://nxtb.it/p/364019650,2026-05-23 05:57:38+02,f,POINT (8.467814 49.477839),2026-05-23 05:59:27+02,8.467814,49.477839
38585966,sharing_stations.NBV:Station:339478,nextbike_vn,NBV:Station:339478,Technische Hochschule Mannheim,10.0,f,,6,,,,https://app.nextbike.net/station?id=339478,https://app.nextbike.net/station?id=339478,https://nxtb.it/p/339478,2026-05-23 05:57:38+02,f,POINT (8.482255 49.470261),2026-05-23 05:59:27+02,8.482255,49.470261
38582641,sharing_stations.NBV:Station:339478,nextbike_vn,NBV:Station:339478,Technische Hochschule Mannheim,10.0,f,,6,,,,https://app.nextbike.net/station?id=339478,https://app.nextbike.net/station?id=339478,https://nxtb.it/p/339478,2026-05-23 05:22:27+02,f,POINT (8.482255 49.470261),2026-05-23 05:24:35+02,8.482255,49.470261
38582672,sharing_stations.NBV:Station:364019650,nextbike_vn,NBV:Station:364019650,Lindenhofplatz / HBF Süd,,f,,1,,,,https://app.nextbike.net/station?id=364019650,https://app.nextbike.net/station?id=364019650,https://nxtb.it/p/364019650,2026-05-23 05:22:27+02,f,POINT (8.467814 49.477839),2026-05-23 05:24:35+02,8.467814,49.477839
38582718,sharing_stations.NBV:Station:339475,nextbike_vn,NBV:Station:339475,Hauptbahnhof Mannheim,60.0,f,,40,,,,https://app.nextbike.net/station?id=339475,https://app.nextbike.net/station?id=339475,https://nxtb.it/p/339475,2026-05-23 05:22:27+02,f,POINT (8.469749 49.47996),2026-05-23 05:24:35+02,8.469749,49.47996
38582723,sharing_stations.NBV:Station:7853258,nextbike_vn,NBV:Station:7853258,Universitätsklinik Mannheim,,f,,3,,,,https://app.nextbike.net/station?id=7853258,https://app.nextbike.net/station?id=7853258,https://nxtb.it/p/7853258,2026-05-23 05:22:27+02,f,POINT (8.482906 49.492344),2026-05-23 05:24:35+02,8.482906,49.492344
38579329,sharing_stations.NBV:Station:339475,nextbike_vn,NBV:Station:339475,Hauptbahnhof Mannheim,60.0,f,,39,,,,https://app.nextbike.net/station?id=339475,https://app.nextbike.net/station?id=339475,https://nxtb.it/p/339475,2026-05-23 04:45:58+02,f,POINT (8.469749 49.47996),2026-05-23 04:47:55+02,8.469749,49.47996
38579334,sharing_stations.NBV:Station:7853258,nextbike_vn,NBV:Station:7853258,Universitätsklinik Mannheim,,f,,3,,,,https://app.nextbike.net/station?id=7853258,https://app.nextbike.net/station?id=7853258,https://nxtb.it/p/7853258,2026-05-23 04:45:58+02,f,POINT (8.482906 49.492344),2026-05-23 04:47:55+02,8.482906,49.492344
38579367,sharing_stations.NBV:Station:339478,nextbike_vn,NBV:Station:339478,Technische Hochschule Mannheim,10.0,f,,6,,,,https://app.nextbike.net/station?id=339478,https://app.nextbike.net/station?id=339478,https://nxtb.it/p/339478,2026-05-23 04:45:58+02,f,POINT (8.482255 49.470261),2026-05-23 04:47:55+02,8.482255,49.470261
38579398,sharing_stations.NBV:Station:364019650,nextbike_vn,NBV:Station:364019650,Lindenhofplatz / HBF Süd,,f,,1,,,,https://app.nextbike.net/station?id=364019650,https://app.nextbike.net/station?id=364019650,https://nxtb.it/p/364019650,2026-05-23 04:45:58+02,f,POINT (8.467814 49.477839),2026-05-23 04:47:55+02,8.467814,49.477839
38576504,sharing_stations.NBV:Station:339475,nextbike_vn,NBV:Station:339475,Hauptbahnhof Mannheim,60.0,f,,38,,,,https://app.nextbike.net/station?id=339475,https://app.nextbike.net/station?id=339475,https://nxtb.it/p/339475,2026-05-23 04:12:34+02,f,POINT (8.469749 49.47996),2026-05-23 04:14:51+02,8.469749,49.47996
38576508,sharing_stations.NBV:Station:7853258,nextbike_vn,NBV:Station:7853258,Universitätsklinik Mannheim,,f,,3,,,,https://app.nextbike.net/station?id=7853258,https://app.nextbike.net/station?id=7853258,https://nxtb.it/p/7853258,2026-05-23 04:12:34+02,f,POINT (8.482906 49.492344),2026-05-23 04:14:51+02,8.482906,49.492344
38576555,sharing_stations.NBV:Station:364019650,nextbike_vn,NBV:Station:364019650,Lindenhofplatz / HBF Süd,,f,,2,,,,https://app.nextbike.net/station?id=364019650,https://app.nextbike.net/station?id=364019650,https://nxtb.it/p/364019650,2026-05-23 04:12:34+02,f,POINT (8.467814 49.477839),2026-05-23 04:14:51+02,8.467814,49.477839
38576579,sharing_stations.NBV:Station:339478,nextbike_vn,NBV:Station:339478,Technische Hochschule Mannheim,10.0,f,,6,,,,https://app.nextbike.net/station?id=339478,https://app.nextbike.net/station?id=339478,https://nxtb.it/p/339478,2026-05-23 04:12:34+02,f,POINT (8.482255 49.470261),2026-05-23 04:14:51+02,8.482255,49.470261
38572637,sharing_stations.NBV:Station:7853258,nextbike_vn,NBV:Station:7853258,Universitätsklinik Mannheim,,f,,3,,,,https://app.nextbike.net/station?id=7853258,https://app.nextbike.net/station?id=7853258,https://nxtb.it/p/7853258,2026-05-23 03:37:29+02,f,POINT (8.482906 49.492344),2026-05-23 03:39:45+02,8.482906,49.492344
38572642,sharing_stations.NBV:Station:339475,nextbike_vn,NBV:Station:339475,Hauptbahnhof Mannheim,60.0,f,,39,,,,https://app.nextbike.net/station?id=339475,https://app.nextbike.net/station?id=339475,https://nxtb.it/p/339475,2026-05-23 03:37:29+02,f,POINT (8.469749 49.47996),2026-05-23 03:39:45+02,8.469749,49.47996
38572675,sharing_stations.NBV:Station:339478,nextbike_vn,NBV:Station:339478,Technische Hochschule Mannheim,10.0,f,,6,,,,https://app.nextbike.net/station?id=339478,https://app.nextbike.net/station?id=339478,https://nxtb.it/p/339478,2026-05-23 03:37:29+02,f,POINT (8.482255 49.470261),2026-05-23 03:39:45+02,8.482255,49.470261
38572699,sharing_stations.NBV:Station:364019650,nextbike_vn,NBV:Station:364019650,Lindenhofplatz / HBF Süd,,f,,2,,,,https://app.nextbike.net/station?id=364019650,https://app.nextbike.net/station?id=364019650,https://nxtb.it/p/364019650,2026-05-23 03:37:29+02,f,POINT (8.467814 49.477839),2026-05-23 03:39:45+02,8.467814,49.477839
38569297,sharing_stations.NBV:Station:339475,nextbike_vn,NBV:Station:339475,Hauptbahnhof Mannheim,60.0,f,,41,,,,https://app.nextbike.net/station?id=339475,https://app.nextbike.net/station?id=339475,https://nxtb.it/p/339475,2026-05-23 03:02:10+02,f,POINT (8.469749 49.47996),2026-05-23 03:03:55+02,8.469749,49.47996
38569306,sharing_stations.NBV:Station:7853258,nextbike_vn,NBV:Station:7853258,Universitätsklinik Mannheim,,f,,3,,,,https://app.nextbike.net/station?id=7853258,https://app.nextbike.net/station?id=7853258,https://nxtb.it/p/7853258,2026-05-23 03:02:10+02,f,POINT (8.482906 49.492344),2026-05-23 03:03:55+02,8.482906,49.492344
38569335,sharing_stations.NBV:Station:364019650,nextbike_vn,NBV:Station:364019650,Lindenhofplatz / HBF Süd,,f,,2,,,,https://app.nextbike.net/station?id=364019650,https://app.nextbike.net/station?id=364019650,https://nxtb.it/p/364019650,2026-05-23 03:02:10+02,f,POINT (8.467814 49.477839),2026-05-23 03:03:55+02,8.467814,49.477839
38569358,sharing_stations.NBV:Station:339478,nextbike_vn,NBV:Station:339478,Technische Hochschule Mannheim,10.0,f,,6,,,,https://app.nextbike.net/station?id=339478,https://app.nextbike.net/station?id=339478,https://nxtb.it/p/339478,2026-05-23 03:02:10+02,f,POINT (8.482255 49.470261),2026-05-23 03:03:55+02,8.482255,49.470261
38565784,sharing_stations.NBV:Station:339475,nextbike_vn,NBV:Station:339475,Hauptbahnhof Mannheim,60.0,f,,47,,,,https://app.nextbike.net/station?id=339475,https://app.nextbike.net/station?id=339475,https://nxtb.it/p/339475,2026-05-23 02:23:26+02,f,POINT (8.469749 49.47996),2026-05-23 02:26:56+02,8.469749,49.47996
38565790,sharing_stations.NBV:Station:7853258,nextbike_vn,NBV:Station:7853258,Universitätsklinik Mannheim,,f,,5,,,,https://app.nextbike.net/station?id=7853258,https://app.nextbike.net/station?id=7853258,https://nxtb.it/p/7853258,2026-05-23 02:23:26+02,f,POINT (8.482906 49.492344),2026-05-23 02:26:56+02,8.482906,49.492344
38565837,sharing_stations.NBV:Station:339478,nextbike_vn,NBV:Station:339478,Technische Hochschule Mannheim,10.0,f,,5,,,,https://app.nextbike.net/station?id=339478,https://app.nextbike.net/station?id=339478,https://nxtb.it/p/339478,2026-05-23 02:23:26+02,f,POINT (8.482255 49.470261),2026-05-23 02:26:56+02,8.482255,49.470261
38566290,sharing_stations.NBV:Station:148606240,nextbike_vn,NBV:Station:148606240,A1 - Landgericht/Universität,,f,,1,,4.0,,https://app.nextbike.net/station?id=148606240,https://app.nextbike.net/station?id=148606240,https://nxtb.it/p/148606240,2026-05-23 02:23:26+02,f,POINT (8.462552 49.484796),2026-05-23 02:26:56+02,8.462552,49.484796
38562492,sharing_stations.NBV:Station:339475,nextbike_vn,NBV:Station:339475,Hauptbahnhof Mannheim,60.0,f,,50,,,,https://app.nextbike.net/station?id=339475,https://app.nextbike.net/station?id=339475,https://nxtb.it/p/339475,2026-05-23 01:46:10+02,f,POINT (8.469749 49.47996),2026-05-23 01:47:46+02,8.469749,49.47996
38562501,sharing_stations.NBV:Station:7853258,nextbike_vn,NBV:Station:7853258,Universitätsklinik Mannheim,,f,,5,,,,https://app.nextbike.net/station?id=7853258,https://app.nextbike.net/station?id=7853258,https://nxtb.it/p/7853258,2026-05-23 01:46:10+02,f,POINT (8.482906 49.492344),2026-05-23 01:47:46+02,8.482906,49.492344
38562581,sharing_stations.NBV:Station:339478,nextbike_vn,NBV:Station:339478,Technische Hochschule Mannheim,10.0,f,,5,,,,https://app.nextbike.net/station?id=339478,https://app.nextbike.net/station?id=339478,https://nxtb.it/p/339478,2026-05-23 01:46:10+02,f,POINT (8.482255 49.470261),2026-05-23 01:47:46+02,8.482255,49.470261
38558604,sharing_stations.NBV:Station:339478,nextbike_vn,NBV:Station:339478,Technische Hochschule Mannheim,10.0,f,,3,,,,https://app.nextbike.net/station?id=339478,https://app.nextbike.net/station?id=339478,https://nxtb.it/p/339478,2026-05-23 01:07:14+02,f,POINT (8.482255 49.470261),2026-05-23 01:09:26+02,8.482255,49.470261
38558659,sharing_stations.NBV:Station:7853258,nextbike_vn,NBV:Station:7853258,Universitätsklinik Mannheim,,f,,5,,,,https://app.nextbike.net/station?id=7853258,https://app.nextbike.net/station?id=7853258,https://nxtb.it/p/7853258,2026-05-23 01:07:14+02,f,POINT (8.482906 49.492344),2026-05-23 01:09:26+02,8.482906,49.492344
38558661,sharing_stations.NBV:Station:339475,nextbike_vn,NBV:Station:339475,Hauptbahnhof Mannheim,60.0,f,,48,,,,https://app.nextbike.net/station?id=339475,https://app.nextbike.net/station?id=339475,https://nxtb.it/p/339475,2026-05-23 01:07:14+02,f,POINT (8.469749 49.47996),2026-05-23 01:09:26+02,8.469749,49.47996
38555637,sharing_stations.NBV:Station:7853258,nextbike_vn,NBV:Station:7853258,Universitätsklinik Mannheim,,f,,6,,,,https://app.nextbike.net/station?id=7853258,https://app.nextbike.net/station?id=7853258,https://nxtb.it/p/7853258,2026-05-23 00:26:33+02,f,POINT (8.482906 49.492344),2026-05-23 00:28:46+02,8.482906,49.492344
38555640,sharing_stations.NBV:Station:339475,nextbike_vn,NBV:Station:339475,Hauptbahnhof Mannheim,60.0,f,,52,,,,https://app.nextbike.net/station?id=339475,https://app.nextbike.net/station?id=339475,https://nxtb.it/p/339475,2026-05-23 00:26:33+02,f,POINT (8.469749 49.47996),2026-05-23 00:28:46+02,8.469749,49.47996
38555687,sharing_stations.NBV:Station:339478,nextbike_vn,NBV:Station:339478,Technische Hochschule Mannheim,10.0,f,,2,,,,https://app.nextbike.net/station?id=339478,https://app.nextbike.net/station?id=339478,https://nxtb.it/p/339478,2026-05-23 00:26:33+02,f,POINT (8.482255 49.470261),2026-05-23 00:28:46+02,8.482255,49.470261
38552302,sharing_stations.NBV:Station:339478,nextbike_vn,NBV:Station:339478,Technische Hochschule Mannheim,10.0,f,,1,,,,https://app.nextbike.net/station?id=339478,https://app.nextbike.net/station?id=339478,https://nxtb.it/p/339478,2026-05-22 23:46:22+02,f,POINT (8.482255 49.470261),2026-05-22 23:47:39+02,8.482255,49.470261
38552361,sharing_stations.NBV:Station:339475,nextbike_vn,NBV:Station:339475,Hauptbahnhof Mannheim,60.0,f,,64,,,,https://app.nextbike.net/station?id=339475,https://app.nextbike.net/station?id=339475,https://nxtb.it/p/339475,2026-05-22 23:46:22+02,f,POINT (8.469749 49.47996),2026-05-22 23:47:39+02,8.469749,49.47996
38552368,sharing_stations.NBV:Station:7853258,nextbike_vn,NBV:Station:7853258,Universitätsklinik Mannheim,,f,,6,,,,https://app.nextbike.net/station?id=7853258,https://app.nextbike.net/station?id=7853258,https://nxtb.it/p/7853258,2026-05-22 23:46:22+02,f,POINT (8.482906 49.492344),2026-05-22 23:47:39+02,8.482906,49.492344
38548744,sharing_stations.NBV:Station:7853258,nextbike_vn,NBV:Station:7853258,Universitätsklinik Mannheim,,f,,7,,,,https://app.nextbike.net/station?id=7853258,https://app.nextbike.net/station?id=7853258,https://nxtb.it/p/7853258,2026-05-22 23:09:45+02,f,POINT (8.482906 49.492344),2026-05-22 23:11:59+02,8.482906,49.492344
38548747,sharing_stations.NBV:Station:339475,nextbike_vn,NBV:Station:339475,Hauptbahnhof Mannheim,60.0,f,,69,,,,https://app.nextbike.net/station?id=339475,https://app.nextbike.net/station?id=339475,https://nxtb.it/p/339475,2026-05-22 23:09:45+02,f,POINT (8.469749 49.47996),2026-05-22 23:11:59+02,8.469749,49.47996
38548755,sharing_stations.NBV:Station:339478,nextbike_vn,NBV:Station:339478,Technische Hochschule Mannheim,10.0,f,,1,,,,https://app.nextbike.net/station?id=339478,https://app.nextbike.net/station?id=339478,https://nxtb.it/p/339478,2026-05-22 23:09:45+02,f,POINT (8.482255 49.470261),2026-05-22 23:11:59+02,8.482255,49.470261
38548769,sharing_stations.NBV:Station:364019650,nextbike_vn,NBV:Station:364019650,Lindenhofplatz / HBF Süd,,f,,2,,,,https://app.nextbike.net/station?id=364019650,https://app.nextbike.net/station?id=364019650,https://nxtb.it/p/364019650,2026-05-22 23:09:45+02,f,POINT (8.467814 49.477839),2026-05-22 23:11:59+02,8.467814,49.477839
38545021,sharing_stations.NBV:Station:7853258,nextbike_vn,NBV:Station:7853258,Universitätsklinik Mannheim,,f,,6,,,,https://app.nextbike.net/station?id=7853258,https://app.nextbike.net/station?id=7853258,https://nxtb.it/p/7853258,2026-05-22 22:35:19+02,f,POINT (8.482906 49.492344),2026-05-22 22:36:15+02,8.482906,49.492344
38545022,sharing_stations.NBV:Station:339475,nextbike_vn,NBV:Station:339475,Hauptbahnhof Mannheim,60.0,f,,74,,,,https://app.nextbike.net/station?id=339475,https://app.nextbike.net/station?id=339475,https://nxtb.it/p/339475,2026-05-22 22:35:19+02,f,POINT (8.469749 49.47996),2026-05-22 22:36:15+02,8.469749,49.47996
38545038,sharing_stations.NBV:Station:339478,nextbike_vn,NBV:Station:339478,Technische Hochschule Mannheim,10.0,f,,1,,,,https://app.nextbike.net/station?id=339478,https://app.nextbike.net/station?id=339478,https://nxtb.it/p/339478,2026-05-22 22:35:19+02,f,POINT (8.482255 49.470261),2026-05-22 22:36:15+02,8.482255,49.470261
38545060,sharing_stations.NBV:Station:364019650,nextbike_vn,NBV:Station:364019650,Lindenhofplatz / HBF Süd,,f,,1,,,,https://app.nextbike.net/station?id=364019650,https://app.nextbike.net/station?id=364019650,https://nxtb.it/p/364019650,2026-05-22 22:35:19+02,f,POINT (8.467814 49.477839),2026-05-22 22:36:15+02,8.467814,49.477839
38545486,sharing_stations.NBV:Station:148606240,nextbike_vn,NBV:Station:148606240,A1 - Landgericht/Universität,,f,,1,,4.0,,https://app.nextbike.net/station?id=148606240,https://app.nextbike.net/station?id=148606240,https://nxtb.it/p/148606240,2026-05-22 22:35:19+02,f,POINT (8.462552 49.484796),2026-05-22 22:36:15+02,8.462552,49.484796
38541361,sharing_stations.NBV:Station:339468,nextbike_vn,NBV:Station:339468,Universität Mensa,10.0,f,,2,,,,https://app.nextbike.net/station?id=339468,https://app.nextbike.net/station?id=339468,https://nxtb.it/p/339468,2026-05-22 21:56:44+02,f,POINT (8.459859 49.484576),2026-05-22 21:59:47+02,8.459859,49.484576
38541543,sharing_stations.NBV:Station:339475,nextbike_vn,NBV:Station:339475,Hauptbahnhof Mannheim,60.0,f,,82,,,,https://app.nextbike.net/station?id=339475,https://app.nextbike.net/station?id=339475,https://nxtb.it/p/339475,2026-05-22 21:56:44+02,f,POINT (8.469749 49.47996),2026-05-22 21:59:47+02,8.469749,49.47996
38541547,sharing_stations.NBV:Station:7853258,nextbike_vn,NBV:Station:7853258,Universitätsklinik Mannheim,,f,,7,,,,https://app.nextbike.net/station?id=7853258,https://app.nextbike.net/station?id=7853258,https://nxtb.it/p/7853258,2026-05-22 21:56:44+02,f,POINT (8.482906 49.492344),2026-05-22 21:59:47+02,8.482906,49.492344
38541605,sharing_stations.NBV:Station:364019650,nextbike_vn,NBV:Station:364019650,Lindenhofplatz / HBF Süd,,f,,1,,,,https://app.nextbike.net/station?id=364019650,https://app.nextbike.net/station?id=364019650,https://nxtb.it/p/364019650,2026-05-22 21:56:44+02,f,POINT (8.467814 49.477839),2026-05-22 21:59:47+02,8.467814,49.477839
38541636,sharing_stations.NBV:Station:339478,nextbike_vn,NBV:Station:339478,Technische Hochschule Mannheim,10.0,f,,1,,,,https://app.nextbike.net/station?id=339478,https://app.nextbike.net/station?id=339478,https://nxtb.it/p/339478,2026-05-22 21:56:44+02,f,POINT (8.482255 49.470261),2026-05-22 21:59:47+02,8.482255,49.470261
38536973,sharing_stations.NBV:Station:339475,nextbike_vn,NBV:Station:339475,Hauptbahnhof Mannheim,60.0,f,,82,,,,https://app.nextbike.net/station?id=339475,https://app.nextbike.net/station?id=339475,https://nxtb.it/p/339475,2026-05-22 21:20:59+02,f,POINT (8.469749 49.47996),2026-05-22 21:22:18+02,8.469749,49.47996
38536979,sharing_stations.NBV:Station:7853258,nextbike_vn,NBV:Station:7853258,Universitätsklinik Mannheim,,f,,6,,,,https://app.nextbike.net/station?id=7853258,https://app.nextbike.net/station?id=7853258,https://nxtb.it/p/7853258,2026-05-22 21:20:59+02,f,POINT (8.482906 49.492344),2026-05-22 21:22:18+02,8.482906,49.492344
38537040,sharing_stations.NBV:Station:364019650,nextbike_vn,NBV:Station:364019650,Lindenhofplatz / HBF Süd,,f,,4,,,,https://app.nextbike.net/station?id=364019650,https://app.nextbike.net/station?id=364019650,https://nxtb.it/p/364019650,2026-05-22 21:20:59+02,f,POINT (8.467814 49.477839),2026-05-22 21:22:18+02,8.467814,49.477839
38537471,sharing_stations.NBV:Station:339468,nextbike_vn,NBV:Station:339468,Universität Mensa,10.0,f,,4,,,,https://app.nextbike.net/station?id=339468,https://app.nextbike.net/station?id=339468,https://nxtb.it/p/339468,2026-05-22 21:20:59+02,f,POINT (8.459859 49.484576),2026-05-22 21:22:18+02,8.459859,49.484576
38533604,sharing_stations.NBV:Station:339468,nextbike_vn,NBV:Station:339468,Universität Mensa,10.0,f,,11,,,,https://app.nextbike.net/station?id=339468,https://app.nextbike.net/station?id=339468,https://nxtb.it/p/339468,2026-05-22 20:44:18+02,f,POINT (8.459859 49.484576),2026-05-22 20:47:27+02,8.459859,49.484576
38533654,sharing_stations.NBV:Station:660951,nextbike_vn,NBV:Station:660951,Universität Schloss,10.0,f,,0,,,,https://app.nextbike.net/station?id=660951,https://app.nextbike.net/station?id=660951,https://nxtb.it/p/660951,2026-05-22 20:44:18+02,f,POINT (8.463303 49.48275),2026-05-22 20:47:27+02,8.463303,49.48275
38534024,sharing_stations.NBV:Station:339478,nextbike_vn,NBV:Station:339478,Technische Hochschule Mannheim,10.0,f,,5,,,,https://app.nextbike.net/station?id=339478,https://app.nextbike.net/station?id=339478,https://nxtb.it/p/339478,2026-05-22 20:44:18+02,f,POINT (8.482255 49.470261),2026-05-22 20:47:27+02,8.482255,49.470261
38534057,sharing_stations.NBV:Station:364019650,nextbike_vn,NBV:Station:364019650,Lindenhofplatz / HBF Süd,,f,,2,,,,https://app.nextbike.net/station?id=364019650,https://app.nextbike.net/station?id=364019650,https://nxtb.it/p/364019650,2026-05-22 20:44:18+02,f,POINT (8.467814 49.477839),2026-05-22 20:47:27+02,8.467814,49.477839
38534119,sharing_stations.NBV:Station:7853258,nextbike_vn,NBV:Station:7853258,Universitätsklinik Mannheim,,f,,4,,,,https://app.nextbike.net/station?id=7853258,https://app.nextbike.net/station?id=7853258,https://nxtb.it/p/7853258,2026-05-22 20:44:18+02,f,POINT (8.482906 49.492344),2026-05-22 20:47:27+02,8.482906,49.492344
38534123,sharing_stations.NBV:Station:339475,nextbike_vn,NBV:Station:339475,Hauptbahnhof Mannheim,60.0,f,,80,,,,https://app.nextbike.net/station?id=339475,https://app.nextbike.net/station?id=339475,https://nxtb.it/p/339475,2026-05-22 20:44:18+02,f,POINT (8.469749 49.47996),2026-05-22 20:47:27+02,8.469749,49.47996
38530064,sharing_stations.NBV:Station:339478,nextbike_vn,NBV:Station:339478,Technische Hochschule Mannheim,10.0,f,,4,,,,https://app.nextbike.net/station?id=339478,https://app.nextbike.net/station?id=339478,https://nxtb.it/p/339478,2026-05-22 20:11:41+02,f,POINT (8.482255 49.470261),2026-05-22 20:13:43+02,8.482255,49.470261
38530093,sharing_stations.NBV:Station:364019650,nextbike_vn,NBV:Station:364019650,Lindenhofplatz / HBF Süd,,f,,5,,,,https://app.nextbike.net/station?id=364019650,https://app.nextbike.net/station?id=364019650,https://nxtb.it/p/364019650,2026-05-22 20:11:41+02,f,POINT (8.467814 49.477839),2026-05-22 20:13:43+02,8.467814,49.477839
38530121,sharing_stations.NBV:Station:339475,nextbike_vn,NBV:Station:339475,Hauptbahnhof Mannheim,60.0,f,,78,,,,https://app.nextbike.net/station?id=339475,https://app.nextbike.net/station?id=339475,https://nxtb.it/p/339475,2026-05-22 20:11:41+02,f,POINT (8.469749 49.47996),2026-05-22 20:13:43+02,8.469749,49.47996
38530125,sharing_stations.NBV:Station:7853258,nextbike_vn,NBV:Station:7853258,Universitätsklinik Mannheim,,f,,0,,,,https://app.nextbike.net/station?id=7853258,https://app.nextbike.net/station?id=7853258,https://nxtb.it/p/7853258,2026-05-22 20:11:41+02,f,POINT (8.482906 49.492344),2026-05-22 20:13:43+02,8.482906,49.492344
38530504,sharing_stations.NBV:Station:339468,nextbike_vn,NBV:Station:339468,Universität Mensa,10.0,f,,18,,,,https://app.nextbike.net/station?id=339468,https://app.nextbike.net/station?id=339468,https://nxtb.it/p/339468,2026-05-22 20:11:41+02,f,POINT (8.459859 49.484576),2026-05-22 20:13:43+02,8.459859,49.484576
38530571,sharing_stations.NBV:Station:660951,nextbike_vn,NBV:Station:660951,Universität Schloss,10.0,f,,1,,,,https://app.nextbike.net/station?id=660951,https://app.nextbike.net/station?id=660951,https://nxtb.it/p/660951,2026-05-22 20:11:41+02,f,POINT (8.463303 49.48275),2026-05-22 20:13:43+02,8.463303,49.48275
38527007,sharing_stations.NBV:Station:660951,nextbike_vn,NBV:Station:660951,Universität Schloss,10.0,f,,0,,,,https://app.nextbike.net/station?id=660951,https://app.nextbike.net/station?id=660951,https://nxtb.it/p/660951,2026-05-22 19:41:27+02,f,POINT (8.463303 49.48275),2026-05-22 19:42:27+02,8.463303,49.48275
38527027,sharing_stations.NBV:Station:339468,nextbike_vn,NBV:Station:339468,Universität Mensa,10.0,f,,19,,,,https://app.nextbike.net/station?id=339468,https://app.nextbike.net/station?id=339468,https://nxtb.it/p/339468,2026-05-22 19:41:27+02,f,POINT (8.459859 49.484576),2026-05-22 19:42:27+02,8.459859,49.484576
38527258,sharing_stations.NBV:Station:339475,nextbike_vn,NBV:Station:339475,Hauptbahnhof Mannheim,60.0,f,,82,,,,https://app.nextbike.net/station?id=339475,https://app.nextbike.net/station?id=339475,https://nxtb.it/p/339475,2026-05-22 19:41:27+02,f,POINT (8.469749 49.47996),2026-05-22 19:42:27+02,8.469749,49.47996
38527263,sharing_stations.NBV:Station:7853258,nextbike_vn,NBV:Station:7853258,Universitätsklinik Mannheim,,f,,1,,,,https://app.nextbike.net/station?id=7853258,https://app.nextbike.net/station?id=7853258,https://nxtb.it/p/7853258,2026-05-22 19:41:27+02,f,POINT (8.482906 49.492344),2026-05-22 19:42:27+02,8.482906,49.492344
38527303,sharing_stations.NBV:Station:339478,nextbike_vn,NBV:Station:339478,Technische Hochschule Mannheim,10.0,f,,4,,,,https://app.nextbike.net/station?id=339478,https://app.nextbike.net/station?id=339478,https://nxtb.it/p/339478,2026-05-22 19:41:27+02,f,POINT (8.482255 49.470261),2026-05-22 19:42:27+02,8.482255,49.470261
38527342,sharing_stations.NBV:Station:364019650,nextbike_vn,NBV:Station:364019650,Lindenhofplatz / HBF Süd,,f,,10,,,,https://app.nextbike.net/station?id=364019650,https://app.nextbike.net/station?id=364019650,https://nxtb.it/p/364019650,2026-05-22 19:41:27+02,f,POINT (8.467814 49.477839),2026-05-22 19:42:27+02,8.467814,49.477839
38523545,sharing_stations.NBV:Station:660951,nextbike_vn,NBV:Station:660951,Universität Schloss,10.0,f,,4,,,,https://app.nextbike.net/station?id=660951,https://app.nextbike.net/station?id=660951,https://nxtb.it/p/660951,2026-05-22 19:06:59+02,f,POINT (8.463303 49.48275),2026-05-22 19:09:56+02,8.463303,49.48275
38523605,sharing_stations.NBV:Station:339468,nextbike_vn,NBV:Station:339468,Universität Mensa,10.0,f,,21,,,,https://app.nextbike.net/station?id=339468,https://app.nextbike.net/station?id=339468,https://nxtb.it/p/339468,2026-05-22 19:06:59+02,f,POINT (8.459859 49.484576),2026-05-22 19:09:56+02,8.459859,49.484576
38523809,sharing_stations.NBV:Station:339475,nextbike_vn,NBV:Station:339475,Hauptbahnhof Mannheim,60.0,f,,81,,,,https://app.nextbike.net/station?id=339475,https://app.nextbike.net/station?id=339475,https://nxtb.it/p/339475,2026-05-22 19:06:59+02,f,POINT (8.469749 49.47996),2026-05-22 19:09:56+02,8.469749,49.47996
38523852,sharing_stations.NBV:Station:364019650,nextbike_vn,NBV:Station:364019650,Lindenhofplatz / HBF Süd,,f,,11,,,,https://app.nextbike.net/station?id=364019650,https://app.nextbike.net/station?id=364019650,https://nxtb.it/p/364019650,2026-05-22 19:06:59+02,f,POINT (8.467814 49.477839),2026-05-22 19:09:56+02,8.467814,49.477839
38519195,sharing_stations.NBV:Station:660951,nextbike_vn,NBV:Station:660951,Universität Schloss,10.0,f,,17,,,,https://app.nextbike.net/station?id=660951,https://app.nextbike.net/station?id=660951,https://nxtb.it/p/660951,2026-05-22 18:34:03+02,f,POINT (8.463303 49.48275),2026-05-22 18:36:27+02,8.463303,49.48275
38519218,sharing_stations.NBV:Station:339468,nextbike_vn,NBV:Station:339468,Universität Mensa,10.0,f,,24,,,,https://app.nextbike.net/station?id=339468,https://app.nextbike.net/station?id=339468,https://nxtb.it/p/339468,2026-05-22 18:34:03+02,f,POINT (8.459859 49.484576),2026-05-22 18:36:27+02,8.459859,49.484576
38519226,sharing_stations.NBV:Station:148606240,nextbike_vn,NBV:Station:148606240,A1 - Landgericht/Universität,,f,,1,,4.0,,https://app.nextbike.net/station?id=148606240,https://app.nextbike.net/station?id=148606240,https://nxtb.it/p/148606240,2026-05-22 18:34:03+02,f,POINT (8.462552 49.484796),2026-05-22 18:36:27+02,8.462552,49.484796
38519696,sharing_stations.NBV:Station:339475,nextbike_vn,NBV:Station:339475,Hauptbahnhof Mannheim,60.0,f,,82,,,,https://app.nextbike.net/station?id=339475,https://app.nextbike.net/station?id=339475,https://nxtb.it/p/339475,2026-05-22 18:34:03+02,f,POINT (8.469749 49.47996),2026-05-22 18:36:27+02,8.469749,49.47996
38519729,sharing_stations.NBV:Station:364019650,nextbike_vn,NBV:Station:364019650,Lindenhofplatz / HBF Süd,,f,,11,,,,https://app.nextbike.net/station?id=364019650,https://app.nextbike.net/station?id=364019650,https://nxtb.it/p/364019650,2026-05-22 18:34:03+02,f,POINT (8.467814 49.477839),2026-05-22 18:36:27+02,8.467814,49.477839
38515590,sharing_stations.NBV:Station:339478,nextbike_vn,NBV:Station:339478,Technische Hochschule Mannheim,10.0,f,,1,,,,https://app.nextbike.net/station?id=339478,https://app.nextbike.net/station?id=339478,https://nxtb.it/p/339478,2026-05-22 17:59:18+02,f,POINT (8.482255 49.470261),2026-05-22 18:02:19+02,8.482255,49.470261
38515617,sharing_stations.NBV:Station:364019650,nextbike_vn,NBV:Station:364019650,Lindenhofplatz / HBF Süd,,f,,11,,,,https://app.nextbike.net/station?id=364019650,https://app.nextbike.net/station?id=364019650,https://nxtb.it/p/364019650,2026-05-22 17:59:18+02,f,POINT (8.467814 49.477839),2026-05-22 18:02:19+02,8.467814,49.477839
38515648,sharing_stations.NBV:Station:339475,nextbike_vn,NBV:Station:339475,Hauptbahnhof Mannheim,60.0,f,,74,,,,https://app.nextbike.net/station?id=339475,https://app.nextbike.net/station?id=339475,https://nxtb.it/p/339475,2026-05-22 17:59:18+02,f,POINT (8.469749 49.47996),2026-05-22 18:02:19+02,8.469749,49.47996
38516042,sharing_stations.NBV:Station:339468,nextbike_vn,NBV:Station:339468,Universität Mensa,10.0,f,,28,,,,https://app.nextbike.net/station?id=339468,https://app.nextbike.net/station?id=339468,https://nxtb.it/p/339468,2026-05-22 17:59:18+02,f,POINT (8.459859 49.484576),2026-05-22 18:02:19+02,8.459859,49.484576
38516120,sharing_stations.NBV:Station:660951,nextbike_vn,NBV:Station:660951,Universität Schloss,10.0,f,,21,,,,https://app.nextbike.net/station?id=660951,https://app.nextbike.net/station?id=660951,https://nxtb.it/p/660951,2026-05-22 17:59:18+02,f,POINT (8.463303 49.48275),2026-05-22 18:02:19+02,8.463303,49.48275
38511350,sharing_stations.NBV:Station:339478,nextbike_vn,NBV:Station:339478,Technische Hochschule Mannheim,10.0,f,,1,,,,https://app.nextbike.net/station?id=339478,https://app.nextbike.net/station?id=339478,https://nxtb.it/p/339478,2026-05-22 17:26:40+02,f,POINT (8.482255 49.470261),2026-05-22 17:29:09+02,8.482255,49.470261
38511375,sharing_stations.NBV:Station:364019650,nextbike_vn,NBV:Station:364019650,Lindenhofplatz / HBF Süd,,f,,15,,,,https://app.nextbike.net/station?id=364019650,https://app.nextbike.net/station?id=364019650,https://nxtb.it/p/364019650,2026-05-22 17:26:40+02,f,POINT (8.467814 49.477839),2026-05-22 17:29:09+02,8.467814,49.477839
38511411,sharing_stations.NBV:Station:7853258,nextbike_vn,NBV:Station:7853258,Universitätsklinik Mannheim,,f,,0,,,,https://app.nextbike.net/station?id=7853258,https://app.nextbike.net/station?id=7853258,https://nxtb.it/p/7853258,2026-05-22 17:26:40+02,f,POINT (8.482906 49.492344),2026-05-22 17:29:09+02,8.482906,49.492344
38511418,sharing_stations.NBV:Station:339475,nextbike_vn,NBV:Station:339475,Hauptbahnhof Mannheim,60.0,f,,69,,,,https://app.nextbike.net/station?id=339475,https://app.nextbike.net/station?id=339475,https://nxtb.it/p/339475,2026-05-22 17:26:40+02,f,POINT (8.469749 49.47996),2026-05-22 17:29:09+02,8.469749,49.47996
38511630,sharing_stations.NBV:Station:148606240,nextbike_vn,NBV:Station:148606240,A1 - Landgericht/Universität,,f,,8,,4.0,,https://app.nextbike.net/station?id=148606240,https://app.nextbike.net/station?id=148606240,https://nxtb.it/p/148606240,2026-05-22 17:26:40+02,f,POINT (8.462552 49.484796),2026-05-22 17:29:09+02,8.462552,49.484796
38511638,sharing_stations.NBV:Station:339468,nextbike_vn,NBV:Station:339468,Universität Mensa,10.0,f,,31,,,,https://app.nextbike.net/station?id=339468,https://app.nextbike.net/station?id=339468,https://nxtb.it/p/339468,2026-05-22 17:26:40+02,f,POINT (8.459859 49.484576),2026-05-22 17:29:09+02,8.459859,49.484576
38511707,sharing_stations.NBV:Station:660951,nextbike_vn,NBV:Station:660951,Universität Schloss,10.0,f,,31,,,,https://app.nextbike.net/station?id=660951,https://app.nextbike.net/station?id=660951,https://nxtb.it/p/660951,2026-05-22 17:26:40+02,f,POINT (8.463303 49.48275),2026-05-22 17:29:09+02,8.463303,49.48275
38507852,sharing_stations.NBV:Station:339475,nextbike_vn,NBV:Station:339475,Hauptbahnhof Mannheim,60.0,f,,71,,,,https://app.nextbike.net/station?id=339475,https://app.nextbike.net/station?id=339475,https://nxtb.it/p/339475,2026-05-22 16:53:13+02,f,POINT (8.469749 49.47996),2026-05-22 16:55:17+02,8.469749,49.47996
38507911,sharing_stations.NBV:Station:364019650,nextbike_vn,NBV:Station:364019650,Lindenhofplatz / HBF Süd,,f,,11,,,,https://app.nextbike.net/station?id=364019650,https://app.nextbike.net/station?id=364019650,https://nxtb.it/p/364019650,2026-05-22 16:53:13+02,f,POINT (8.467814 49.477839),2026-05-22 16:55:17+02,8.467814,49.477839
38508318,sharing_stations.NBV:Station:660951,nextbike_vn,NBV:Station:660951,Universität Schloss,10.0,f,,43,,,,https://app.nextbike.net/station?id=660951,https://app.nextbike.net/station?id=660951,https://nxtb.it/p/660951,2026-05-22 16:53:13+02,f,POINT (8.463303 49.48275),2026-05-22 16:55:17+02,8.463303,49.48275
38508324,sharing_stations.NBV:Station:148606240,nextbike_vn,NBV:Station:148606240,A1 - Landgericht/Universität,,f,,9,,4.0,,https://app.nextbike.net/station?id=148606240,https://app.nextbike.net/station?id=148606240,https://nxtb.it/p/148606240,2026-05-22 16:53:13+02,f,POINT (8.462552 49.484796),2026-05-22 16:55:17+02,8.462552,49.484796
38508333,sharing_stations.NBV:Station:339468,nextbike_vn,NBV:Station:339468,Universität Mensa,10.0,f,,33,,,,https://app.nextbike.net/station?id=339468,https://app.nextbike.net/station?id=339468,https://nxtb.it/p/339468,2026-05-22 16:53:13+02,f,POINT (8.459859 49.484576),2026-05-22 16:55:17+02,8.459859,49.484576
38504565,sharing_stations.NBV:Station:364019650,nextbike_vn,NBV:Station:364019650,Lindenhofplatz / HBF Süd,,f,,9,,,,https://app.nextbike.net/station?id=364019650,https://app.nextbike.net/station?id=364019650,https://nxtb.it/p/364019650,2026-05-22 16:19:57+02,f,POINT (8.467814 49.477839),2026-05-22 16:22:03+02,8.467814,49.477839
38504619,sharing_stations.NBV:Station:7853258,nextbike_vn,NBV:Station:7853258,Universitätsklinik Mannheim,,f,,2,,,,https://app.nextbike.net/station?id=7853258,https://app.nextbike.net/station?id=7853258,https://nxtb.it/p/7853258,2026-05-22 16:19:57+02,f,POINT (8.482906 49.492344),2026-05-22 16:22:03+02,8.482906,49.492344
38504621,sharing_stations.NBV:Station:339475,nextbike_vn,NBV:Station:339475,Hauptbahnhof Mannheim,60.0,f,,64,,,,https://app.nextbike.net/station?id=339475,https://app.nextbike.net/station?id=339475,https://nxtb.it/p/339475,2026-05-22 16:19:57+02,f,POINT (8.469749 49.47996),2026-05-22 16:22:03+02,8.469749,49.47996
38504812,sharing_stations.NBV:Station:339468,nextbike_vn,NBV:Station:339468,Universität Mensa,10.0,f,,34,,,,https://app.nextbike.net/station?id=339468,https://app.nextbike.net/station?id=339468,https://nxtb.it/p/339468,2026-05-22 16:19:57+02,f,POINT (8.459859 49.484576),2026-05-22 16:22:03+02,8.459859,49.484576
38504827,sharing_stations.NBV:Station:148606240,nextbike_vn,NBV:Station:148606240,A1 - Landgericht/Universität,,f,,9,,4.0,,https://app.nextbike.net/station?id=148606240,https://app.nextbike.net/station?id=148606240,https://nxtb.it/p/148606240,2026-05-22 16:19:57+02,f,POINT (8.462552 49.484796),2026-05-22 16:22:03+02,8.462552,49.484796
38504867,sharing_stations.NBV:Station:660951,nextbike_vn,NBV:Station:660951,Universität Schloss,10.0,f,,47,,,,https://app.nextbike.net/station?id=660951,https://app.nextbike.net/station?id=660951,https://nxtb.it/p/660951,2026-05-22 16:19:57+02,f,POINT (8.463303 49.48275),2026-05-22 16:22:03+02,8.463303,49.48275
38500759,sharing_stations.NBV:Station:7853258,nextbike_vn,NBV:Station:7853258,Universitätsklinik Mannheim,,f,,8,,,,https://app.nextbike.net/station?id=7853258,https://app.nextbike.net/station?id=7853258,https://nxtb.it/p/7853258,2026-05-22 15:44:41+02,f,POINT (8.482906 49.492344),2026-05-22 15:47:46+02,8.482906,49.492344
38500762,sharing_stations.NBV:Station:339475,nextbike_vn,NBV:Station:339475,Hauptbahnhof Mannheim,60.0,f,,55,,,,https://app.nextbike.net/station?id=339475,https://app.nextbike.net/station?id=339475,https://nxtb.it/p/339475,2026-05-22 15:44:41+02,f,POINT (8.469749 49.47996),2026-05-22 15:47:46+02,8.469749,49.47996
38500797,sharing_stations.NBV:Station:339478,nextbike_vn,NBV:Station:339478,Technische Hochschule Mannheim,10.0,f,,4,,,,https://app.nextbike.net/station?id=339478,https://app.nextbike.net/station?id=339478,https://nxtb.it/p/339478,2026-05-22 15:44:41+02,f,POINT (8.482255 49.470261),2026-05-22 15:47:46+02,8.482255,49.470261
38500835,sharing_stations.NBV:Station:364019650,nextbike_vn,NBV:Station:364019650,Lindenhofplatz / HBF Süd,,f,,12,,,,https://app.nextbike.net/station?id=364019650,https://app.nextbike.net/station?id=364019650,https://nxtb.it/p/364019650,2026-05-22 15:44:41+02,f,POINT (8.467814 49.477839),2026-05-22 15:47:46+02,8.467814,49.477839
38501066,sharing_stations.NBV:Station:660951,nextbike_vn,NBV:Station:660951,Universität Schloss,10.0,f,,58,,,,https://app.nextbike.net/station?id=660951,https://app.nextbike.net/station?id=660951,https://nxtb.it/p/660951,2026-05-22 15:44:41+02,f,POINT (8.463303 49.48275),2026-05-22 15:47:46+02,8.463303,49.48275
38501074,sharing_stations.NBV:Station:148606240,nextbike_vn,NBV:Station:148606240,A1 - Landgericht/Universität,,f,,9,,4.0,,https://app.nextbike.net/station?id=148606240,https://app.nextbike.net/station?id=148606240,https://nxtb.it/p/148606240,2026-05-22 15:44:41+02,f,POINT (8.462552 49.484796),2026-05-22 15:47:46+02,8.462552,49.484796
38501082,sharing_stations.NBV:Station:339468,nextbike_vn,NBV:Station:339468,Universität Mensa,10.0,f,,35,,,,https://app.nextbike.net/station?id=339468,https://app.nextbike.net/station?id=339468,https://nxtb.it/p/339468,2026-05-22 15:44:41+02,f,POINT (8.459859 49.484576),2026-05-22 15:47:46+02,8.459859,49.484576
38496541,sharing_stations.NBV:Station:660951,nextbike_vn,NBV:Station:660951,Universität Schloss,10.0,f,,69,,,,https://app.nextbike.net/station?id=660951,https://app.nextbike.net/station?id=660951,https://nxtb.it/p/660951,2026-05-22 15:11:01+02,f,POINT (8.463303 49.48275),2026-05-22 15:13:11+02,8.463303,49.48275
38496616,sharing_stations.NBV:Station:339468,nextbike_vn,NBV:Station:339468,Universität Mensa,10.0,f,,33,,,,https://app.nextbike.net/station?id=339468,https://app.nextbike.net/station?id=339468,https://nxtb.it/p/339468,2026-05-22 15:11:01+02,f,POINT (8.459859 49.484576),2026-05-22 15:13:11+02,8.459859,49.484576
38496631,sharing_stations.NBV:Station:148606240,nextbike_vn,NBV:Station:148606240,A1 - Landgericht/Universität,,f,,6,,4.0,,https://app.nextbike.net/station?id=148606240,https://app.nextbike.net/station?id=148606240,https://nxtb.it/p/148606240,2026-05-22 15:11:01+02,f,POINT (8.462552 49.484796),2026-05-22 15:13:11+02,8.462552,49.484796
38496834,sharing_stations.NBV:Station:339475,nextbike_vn,NBV:Station:339475,Hauptbahnhof Mannheim,60.0,f,,55,,,,https://app.nextbike.net/station?id=339475,https://app.nextbike.net/station?id=339475,https://nxtb.it/p/339475,2026-05-22 15:11:01+02,f,POINT (8.469749 49.47996),2026-05-22 15:13:11+02,8.469749,49.47996
38496838,sharing_stations.NBV:Station:7853258,nextbike_vn,NBV:Station:7853258,Universitätsklinik Mannheim,,f,,11,,,,https://app.nextbike.net/station?id=7853258,https://app.nextbike.net/station?id=7853258,https://nxtb.it/p/7853258,2026-05-22 15:11:01+02,f,POINT (8.482906 49.492344),2026-05-22 15:13:11+02,8.482906,49.492344
38496866,sharing_stations.NBV:Station:364019650,nextbike_vn,NBV:Station:364019650,Lindenhofplatz / HBF Süd,,f,,11,,,,https://app.nextbike.net/station?id=364019650,https://app.nextbike.net/station?id=364019650,https://nxtb.it/p/364019650,2026-05-22 15:11:01+02,f,POINT (8.467814 49.477839),2026-05-22 15:13:11+02,8.467814,49.477839
38496893,sharing_stations.NBV:Station:339478,nextbike_vn,NBV:Station:339478,Technische Hochschule Mannheim,10.0,f,,4,,,,https://app.nextbike.net/station?id=339478,https://app.nextbike.net/station?id=339478,https://nxtb.it/p/339478,2026-05-22 15:11:01+02,f,POINT (8.482255 49.470261),2026-05-22 15:13:11+02,8.482255,49.470261
38493243,sharing_stations.NBV:Station:660951,nextbike_vn,NBV:Station:660951,Universität Schloss,10.0,f,,66,,,,https://app.nextbike.net/station?id=660951,https://app.nextbike.net/station?id=660951,https://nxtb.it/p/660951,2026-05-22 14:37:05+02,f,POINT (8.463303 49.48275),2026-05-22 14:39:56+02,8.463303,49.48275
38493298,sharing_stations.NBV:Station:148606240,nextbike_vn,NBV:Station:148606240,A1 - Landgericht/Universität,,f,,8,,4.0,,https://app.nextbike.net/station?id=148606240,https://app.nextbike.net/station?id=148606240,https://nxtb.it/p/148606240,2026-05-22 14:37:05+02,f,POINT (8.462552 49.484796),2026-05-22 14:39:56+02,8.462552,49.484796
38493309,sharing_stations.NBV:Station:339468,nextbike_vn,NBV:Station:339468,Universität Mensa,10.0,f,,33,,,,https://app.nextbike.net/station?id=339468,https://app.nextbike.net/station?id=339468,https://nxtb.it/p/339468,2026-05-22 14:37:05+02,f,POINT (8.459859 49.484576),2026-05-22 14:39:56+02,8.459859,49.484576
38493465,sharing_stations.NBV:Station:339475,nextbike_vn,NBV:Station:339475,Hauptbahnhof Mannheim,60.0,f,,54,,,,https://app.nextbike.net/station?id=339475,https://app.nextbike.net/station?id=339475,https://nxtb.it/p/339475,2026-05-22 14:37:05+02,f,POINT (8.469749 49.47996),2026-05-22 14:39:56+02,8.469749,49.47996
38493469,sharing_stations.NBV:Station:7853258,nextbike_vn,NBV:Station:7853258,Universitätsklinik Mannheim,,f,,17,,,,https://app.nextbike.net/station?id=7853258,https://app.nextbike.net/station?id=7853258,https://nxtb.it/p/7853258,2026-05-22 14:37:05+02,f,POINT (8.482906 49.492344),2026-05-22 14:39:56+02,8.482906,49.492344
38493533,sharing_stations.NBV:Station:364019650,nextbike_vn,NBV:Station:364019650,Lindenhofplatz / HBF Süd,,f,,12,,,,https://app.nextbike.net/station?id=364019650,https://app.nextbike.net/station?id=364019650,https://nxtb.it/p/364019650,2026-05-22 14:37:05+02,f,POINT (8.467814 49.477839),2026-05-22 14:39:56+02,8.467814,49.477839
38493550,sharing_stations.NBV:Station:339478,nextbike_vn,NBV:Station:339478,Technische Hochschule Mannheim,10.0,f,,3,,,,https://app.nextbike.net/station?id=339478,https://app.nextbike.net/station?id=339478,https://nxtb.it/p/339478,2026-05-22 14:37:05+02,f,POINT (8.482255 49.470261),2026-05-22 14:39:56+02,8.482255,49.470261
38493666,sharing_stations.NBV:Station:575989610,nextbike_vn,NBV:Station:575989610,THM Mannheim II,,t,,0,,,,https://app.nextbike.net/station?id=575989610,https://app.nextbike.net/station?id=575989610,https://nxtb.it/p/575989610,2026-05-22 14:37:05+02,f,POINT (8.478683 49.472353),2026-05-22 14:39:56+02,8.478683,49.472353
38489701,sharing_stations.NBV:Station:339468,nextbike_vn,NBV:Station:339468,Universität Mensa,10.0,f,,37,,,,https://app.nextbike.net/station?id=339468,https://app.nextbike.net/station?id=339468,https://nxtb.it/p/339468,2026-05-22 14:03:17+02,f,POINT (8.459859 49.484576),2026-05-22 14:06:25+02,8.459859,49.484576
38489713,sharing_stations.NBV:Station:148606240,nextbike_vn,NBV:Station:148606240,A1 - Landgericht/Universität,,f,,13,,4.0,,https://app.nextbike.net/station?id=148606240,https://app.nextbike.net/station?id=148606240,https://nxtb.it/p/148606240,2026-05-22 14:03:17+02,f,POINT (8.462552 49.484796),2026-05-22 14:06:25+02,8.462552,49.484796
38489725,sharing_stations.NBV:Station:660951,nextbike_vn,NBV:Station:660951,Universität Schloss,10.0,f,,65,,,,https://app.nextbike.net/station?id=660951,https://app.nextbike.net/station?id=660951,https://nxtb.it/p/660951,2026-05-22 14:03:17+02,f,POINT (8.463303 49.48275),2026-05-22 14:06:25+02,8.463303,49.48275
38489942,sharing_stations.NBV:Station:364019650,nextbike_vn,NBV:Station:364019650,Lindenhofplatz / HBF Süd,,f,,12,,,,https://app.nextbike.net/station?id=364019650,https://app.nextbike.net/station?id=364019650,https://nxtb.it/p/364019650,2026-05-22 14:03:17+02,f,POINT (8.467814 49.477839),2026-05-22 14:06:25+02,8.467814,49.477839
38489976,sharing_stations.NBV:Station:339478,nextbike_vn,NBV:Station:339478,Technische Hochschule Mannheim,10.0,f,,4,,,,https://app.nextbike.net/station?id=339478,https://app.nextbike.net/station?id=339478,https://nxtb.it/p/339478,2026-05-22 14:03:17+02,f,POINT (8.482255 49.470261),2026-05-22 14:06:25+02,8.482255,49.470261
38490006,sharing_stations.NBV:Station:7853258,nextbike_vn,NBV:Station:7853258,Universitätsklinik Mannheim,,f,,22,,,,https://app.nextbike.net/station?id=7853258,https://app.nextbike.net/station?id=7853258,https://nxtb.it/p/7853258,2026-05-22 14:03:17+02,f,POINT (8.482906 49.492344),2026-05-22 14:06:25+02,8.482906,49.492344
38490010,sharing_stations.NBV:Station:339475,nextbike_vn,NBV:Station:339475,Hauptbahnhof Mannheim,60.0,f,,50,,,,https://app.nextbike.net/station?id=339475,https://app.nextbike.net/station?id=339475,https://nxtb.it/p/339475,2026-05-22 14:03:17+02,f,POINT (8.469749 49.47996),2026-05-22 14:06:25+02,8.469749,49.47996
38490076,sharing_stations.NBV:Station:575989610,nextbike_vn,NBV:Station:575989610,THM Mannheim II,,t,,2,,,,https://app.nextbike.net/station?id=575989610,https://app.nextbike.net/station?id=575989610,https://nxtb.it/p/575989610,2026-05-22 14:03:17+02,f,POINT (8.478683 49.472353),2026-05-22 14:06:25+02,8.478683,49.472353
38486260,sharing_stations.NBV:Station:575989610,nextbike_vn,NBV:Station:575989610,THM Mannheim II,,t,,2,,,,https://app.nextbike.net/station?id=575989610,https://app.nextbike.net/station?id=575989610,https://nxtb.it/p/575989610,2026-05-22 13:31:26+02,f,POINT (8.478683 49.472353),2026-05-22 13:34:01+02,8.478683,49.472353
38486333,sharing_stations.NBV:Station:364019650,nextbike_vn,NBV:Station:364019650,Lindenhofplatz / HBF Süd,,f,,11,,,,https://app.nextbike.net/station?id=364019650,https://app.nextbike.net/station?id=364019650,https://nxtb.it/p/364019650,2026-05-22 13:31:26+02,f,POINT (8.467814 49.477839),2026-05-22 13:34:01+02,8.467814,49.477839
38486349,sharing_stations.NBV:Station:339478,nextbike_vn,NBV:Station:339478,Technische Hochschule Mannheim,10.0,f,,7,,,,https://app.nextbike.net/station?id=339478,https://app.nextbike.net/station?id=339478,https://nxtb.it/p/339478,2026-05-22 13:31:26+02,f,POINT (8.482255 49.470261),2026-05-22 13:34:01+02,8.482255,49.470261
38486388,sharing_stations.NBV:Station:339475,nextbike_vn,NBV:Station:339475,Hauptbahnhof Mannheim,60.0,f,,45,,,,https://app.nextbike.net/station?id=339475,https://app.nextbike.net/station?id=339475,https://nxtb.it/p/339475,2026-05-22 13:31:26+02,f,POINT (8.469749 49.47996),2026-05-22 13:34:01+02,8.469749,49.47996
38486393,sharing_stations.NBV:Station:7853258,nextbike_vn,NBV:Station:7853258,Universitätsklinik Mannheim,,f,,24,,,,https://app.nextbike.net/station?id=7853258,https://app.nextbike.net/station?id=7853258,https://nxtb.it/p/7853258,2026-05-22 13:31:26+02,f,POINT (8.482906 49.492344),2026-05-22 13:34:01+02,8.482906,49.492344
38486628,sharing_stations.NBV:Station:339468,nextbike_vn,NBV:Station:339468,Universität Mensa,10.0,f,,37,,,,https://app.nextbike.net/station?id=339468,https://app.nextbike.net/station?id=339468,https://nxtb.it/p/339468,2026-05-22 13:31:26+02,f,POINT (8.459859 49.484576),2026-05-22 13:34:01+02,8.459859,49.484576
38486640,sharing_stations.NBV:Station:148606240,nextbike_vn,NBV:Station:148606240,A1 - Landgericht/Universität,,f,,14,,4.0,,https://app.nextbike.net/station?id=148606240,https://app.nextbike.net/station?id=148606240,https://nxtb.it/p/148606240,2026-05-22 13:31:26+02,f,POINT (8.462552 49.484796),2026-05-22 13:34:01+02,8.462552,49.484796
38486646,sharing_stations.NBV:Station:660951,nextbike_vn,NBV:Station:660951,Universität Schloss,10.0,f,,67,,,,https://app.nextbike.net/station?id=660951,https://app.nextbike.net/station?id=660951,https://nxtb.it/p/660951,2026-05-22 13:31:26+02,f,POINT (8.463303 49.48275),2026-05-22 13:34:01+02,8.463303,49.48275
38482648,sharing_stations.NBV:Station:339468,nextbike_vn,NBV:Station:339468,Universität Mensa,10.0,f,,36,,,,https://app.nextbike.net/station?id=339468,https://app.nextbike.net/station?id=339468,https://nxtb.it/p/339468,2026-05-22 12:57:16+02,f,POINT (8.459859 49.484576),2026-05-22 13:00:59+02,8.459859,49.484576
38482655,sharing_stations.NBV:Station:148606240,nextbike_vn,NBV:Station:148606240,A1 - Landgericht/Universität,,f,,20,,4.0,,https://app.nextbike.net/station?id=148606240,https://app.nextbike.net/station?id=148606240,https://nxtb.it/p/148606240,2026-05-22 12:57:16+02,f,POINT (8.462552 49.484796),2026-05-22 13:00:59+02,8.462552,49.484796
38482717,sharing_stations.NBV:Station:660951,nextbike_vn,NBV:Station:660951,Universität Schloss,10.0,f,,71,,,,https://app.nextbike.net/station?id=660951,https://app.nextbike.net/station?id=660951,https://nxtb.it/p/660951,2026-05-22 12:57:16+02,f,POINT (8.463303 49.48275),2026-05-22 13:00:59+02,8.463303,49.48275
38482891,sharing_stations.NBV:Station:339478,nextbike_vn,NBV:Station:339478,Technische Hochschule Mannheim,10.0,f,,13,,,,https://app.nextbike.net/station?id=339478,https://app.nextbike.net/station?id=339478,https://nxtb.it/p/339478,2026-05-22 12:57:16+02,f,POINT (8.482255 49.470261),2026-05-22 13:00:59+02,8.482255,49.470261
38482916,sharing_stations.NBV:Station:364019650,nextbike_vn,NBV:Station:364019650,Lindenhofplatz / HBF Süd,,f,,4,,,,https://app.nextbike.net/station?id=364019650,https://app.nextbike.net/station?id=364019650,https://nxtb.it/p/364019650,2026-05-22 12:57:16+02,f,POINT (8.467814 49.477839),2026-05-22 13:00:59+02,8.467814,49.477839
38482983,sharing_stations.NBV:Station:7853258,nextbike_vn,NBV:Station:7853258,Universitätsklinik Mannheim,,f,,28,,,,https://app.nextbike.net/station?id=7853258,https://app.nextbike.net/station?id=7853258,https://nxtb.it/p/7853258,2026-05-22 12:57:16+02,f,POINT (8.482906 49.492344),2026-05-22 13:00:59+02,8.482906,49.492344
38482985,sharing_stations.NBV:Station:339475,nextbike_vn,NBV:Station:339475,Hauptbahnhof Mannheim,60.0,f,,39,,,,https://app.nextbike.net/station?id=339475,https://app.nextbike.net/station?id=339475,https://nxtb.it/p/339475,2026-05-22 12:57:16+02,f,POINT (8.469749 49.47996),2026-05-22 13:00:59+02,8.469749,49.47996
38482994,sharing_stations.NBV:Station:575989610,nextbike_vn,NBV:Station:575989610,THM Mannheim II,,t,,8,,,,https://app.nextbike.net/station?id=575989610,https://app.nextbike.net/station?id=575989610,https://nxtb.it/p/575989610,2026-05-22 12:57:16+02,f,POINT (8.478683 49.472353),2026-05-22 13:00:59+02,8.478683,49.472353
38478569,sharing_stations.NBV:Station:660951,nextbike_vn,NBV:Station:660951,Universität Schloss,10.0,f,,78,,,,https://app.nextbike.net/station?id=660951,https://app.nextbike.net/station?id=660951,https://nxtb.it/p/660951,2026-05-22 12:27:08+02,f,POINT (8.463303 49.48275),2026-05-22 12:28:32+02,8.463303,49.48275
38478574,sharing_stations.NBV:Station:148606240,nextbike_vn,NBV:Station:148606240,A1 - Landgericht/Universität,,f,,22,,4.0,,https://app.nextbike.net/station?id=148606240,https://app.nextbike.net/station?id=148606240,https://nxtb.it/p/148606240,2026-05-22 12:27:08+02,f,POINT (8.462552 49.484796),2026-05-22 12:28:32+02,8.462552,49.484796
38478582,sharing_stations.NBV:Station:339468,nextbike_vn,NBV:Station:339468,Universität Mensa,10.0,f,,26,,,,https://app.nextbike.net/station?id=339468,https://app.nextbike.net/station?id=339468,https://nxtb.it/p/339468,2026-05-22 12:27:08+02,f,POINT (8.459859 49.484576),2026-05-22 12:28:32+02,8.459859,49.484576
38478945,sharing_stations.NBV:Station:575989610,nextbike_vn,NBV:Station:575989610,THM Mannheim II,,t,,8,,,,https://app.nextbike.net/station?id=575989610,https://app.nextbike.net/station?id=575989610,https://nxtb.it/p/575989610,2026-05-22 12:27:08+02,f,POINT (8.478683 49.472353),2026-05-22 12:28:32+02,8.478683,49.472353
38479000,sharing_stations.NBV:Station:7853258,nextbike_vn,NBV:Station:7853258,Universitätsklinik Mannheim,,f,,27,,,,https://app.nextbike.net/station?id=7853258,https://app.nextbike.net/station?id=7853258,https://nxtb.it/p/7853258,2026-05-22 12:27:08+02,f,POINT (8.482906 49.492344),2026-05-22 12:28:32+02,8.482906,49.492344
38479003,sharing_stations.NBV:Station:339475,nextbike_vn,NBV:Station:339475,Hauptbahnhof Mannheim,60.0,f,,32,,,,https://app.nextbike.net/station?id=339475,https://app.nextbike.net/station?id=339475,https://nxtb.it/p/339475,2026-05-22 12:27:08+02,f,POINT (8.469749 49.47996),2026-05-22 12:28:32+02,8.469749,49.47996
38479038,sharing_stations.NBV:Station:339478,nextbike_vn,NBV:Station:339478,Technische Hochschule Mannheim,10.0,f,,12,,,,https://app.nextbike.net/station?id=339478,https://app.nextbike.net/station?id=339478,https://nxtb.it/p/339478,2026-05-22 12:27:08+02,f,POINT (8.482255 49.470261),2026-05-22 12:28:32+02,8.482255,49.470261
38475503,sharing_stations.NBV:Station:575989610,nextbike_vn,NBV:Station:575989610,THM Mannheim II,,t,,7,,,,https://app.nextbike.net/station?id=575989610,https://app.nextbike.net/station?id=575989610,https://nxtb.it/p/575989610,2026-05-22 11:52:22+02,f,POINT (8.478683 49.472353),2026-05-22 11:55:29+02,8.478683,49.472353
38475514,sharing_stations.NBV:Station:339475,nextbike_vn,NBV:Station:339475,Hauptbahnhof Mannheim,60.0,f,,35,,,,https://app.nextbike.net/station?id=339475,https://app.nextbike.net/station?id=339475,https://nxtb.it/p/339475,2026-05-22 11:52:22+02,f,POINT (8.469749 49.47996),2026-05-22 11:55:29+02,8.469749,49.47996
38475522,sharing_stations.NBV:Station:7853258,nextbike_vn,NBV:Station:7853258,Universitätsklinik Mannheim,,f,,24,,,,https://app.nextbike.net/station?id=7853258,https://app.nextbike.net/station?id=7853258,https://nxtb.it/p/7853258,2026-05-22 11:52:22+02,f,POINT (8.482906 49.492344),2026-05-22 11:55:29+02,8.482906,49.492344
38475580,sharing_stations.NBV:Station:364019650,nextbike_vn,NBV:Station:364019650,Lindenhofplatz / HBF Süd,,f,,0,,,,https://app.nextbike.net/station?id=364019650,https://app.nextbike.net/station?id=364019650,https://nxtb.it/p/364019650,2026-05-22 11:52:22+02,f,POINT (8.467814 49.477839),2026-05-22 11:55:29+02,8.467814,49.477839
38475600,sharing_stations.NBV:Station:339478,nextbike_vn,NBV:Station:339478,Technische Hochschule Mannheim,10.0,f,,14,,,,https://app.nextbike.net/station?id=339478,https://app.nextbike.net/station?id=339478,https://nxtb.it/p/339478,2026-05-22 11:52:22+02,f,POINT (8.482255 49.470261),2026-05-22 11:55:29+02,8.482255,49.470261
38475814,sharing_stations.NBV:Station:660951,nextbike_vn,NBV:Station:660951,Universität Schloss,10.0,f,,87,,,,https://app.nextbike.net/station?id=660951,https://app.nextbike.net/station?id=660951,https://nxtb.it/p/660951,2026-05-22 11:52:22+02,f,POINT (8.463303 49.48275),2026-05-22 11:55:29+02,8.463303,49.48275
38475866,sharing_stations.NBV:Station:148606240,nextbike_vn,NBV:Station:148606240,A1 - Landgericht/Universität,,f,,22,,4.0,,https://app.nextbike.net/station?id=148606240,https://app.nextbike.net/station?id=148606240,https://nxtb.it/p/148606240,2026-05-22 11:52:22+02,f,POINT (8.462552 49.484796),2026-05-22 11:55:29+02,8.462552,49.484796
38475879,sharing_stations.NBV:Station:339468,nextbike_vn,NBV:Station:339468,Universität Mensa,10.0,f,,21,,,,https://app.nextbike.net/station?id=339468,https://app.nextbike.net/station?id=339468,https://nxtb.it/p/339468,2026-05-22 11:52:22+02,f,POINT (8.459859 49.484576),2026-05-22 11:55:29+02,8.459859,49.484576
38471317,sharing_stations.NBV:Station:7853258,nextbike_vn,NBV:Station:7853258,Universitätsklinik Mannheim,,f,,24,,,,https://app.nextbike.net/station?id=7853258,https://app.nextbike.net/station?id=7853258,https://nxtb.it/p/7853258,2026-05-22 11:23:12+02,f,POINT (8.482906 49.492344),2026-05-22 11:24:15+02,8.482906,49.492344
38471318,sharing_stations.NBV:Station:339475,nextbike_vn,NBV:Station:339475,Hauptbahnhof Mannheim,60.0,f,,32,,,,https://app.nextbike.net/station?id=339475,https://app.nextbike.net/station?id=339475,https://nxtb.it/p/339475,2026-05-22 11:23:12+02,f,POINT (8.469749 49.47996),2026-05-22 11:24:15+02,8.469749,49.47996
38471352,sharing_stations.NBV:Station:339478,nextbike_vn,NBV:Station:339478,Technische Hochschule Mannheim,10.0,f,,15,,,,https://app.nextbike.net/station?id=339478,https://app.nextbike.net/station?id=339478,https://nxtb.it/p/339478,2026-05-22 11:23:12+02,f,POINT (8.482255 49.470261),2026-05-22 11:24:15+02,8.482255,49.470261
38471367,sharing_stations.NBV:Station:364019650,nextbike_vn,NBV:Station:364019650,Lindenhofplatz / HBF Süd,,f,,0,,,,https://app.nextbike.net/station?id=364019650,https://app.nextbike.net/station?id=364019650,https://nxtb.it/p/364019650,2026-05-22 11:23:12+02,f,POINT (8.467814 49.477839),2026-05-22 11:24:15+02,8.467814,49.477839
38471436,sharing_stations.NBV:Station:575989610,nextbike_vn,NBV:Station:575989610,THM Mannheim II,,t,,6,,,,https://app.nextbike.net/station?id=575989610,https://app.nextbike.net/station?id=575989610,https://nxtb.it/p/575989610,2026-05-22 11:23:12+02,f,POINT (8.478683 49.472353),2026-05-22 11:24:15+02,8.478683,49.472353
38471779,sharing_stations.NBV:Station:660951,nextbike_vn,NBV:Station:660951,Universität Schloss,10.0,f,,94,,,,https://app.nextbike.net/station?id=660951,https://app.nextbike.net/station?id=660951,https://nxtb.it/p/660951,2026-05-22 11:23:12+02,f,POINT (8.463303 49.48275),2026-05-22 11:24:15+02,8.463303,49.48275
38471783,sharing_stations.NBV:Station:148606240,nextbike_vn,NBV:Station:148606240,A1 - Landgericht/Universität,,f,,27,,4.0,,https://app.nextbike.net/station?id=148606240,https://app.nextbike.net/station?id=148606240,https://nxtb.it/p/148606240,2026-05-22 11:23:12+02,f,POINT (8.462552 49.484796),2026-05-22 11:24:15+02,8.462552,49.484796
38471792,sharing_stations.NBV:Station:339468,nextbike_vn,NBV:Station:339468,Universität Mensa,10.0,f,,16,,,,https://app.nextbike.net/station?id=339468,https://app.nextbike.net/station?id=339468,https://nxtb.it/p/339468,2026-05-22 11:23:12+02,f,POINT (8.459859 49.484576),2026-05-22 11:24:15+02,8.459859,49.484576
38468131,sharing_stations.NBV:Station:660951,nextbike_vn,NBV:Station:660951,Universität Schloss,10.0,f,,91,,,,https://app.nextbike.net/station?id=660951,https://app.nextbike.net/station?id=660951,https://nxtb.it/p/660951,2026-05-22 10:48:06+02,f,POINT (8.463303 49.48275),2026-05-22 10:50:48+02,8.463303,49.48275
38468177,sharing_stations.NBV:Station:148606240,nextbike_vn,NBV:Station:148606240,A1 - Landgericht/Universität,,f,,29,,4.0,,https://app.nextbike.net/station?id=148606240,https://app.nextbike.net/station?id=148606240,https://nxtb.it/p/148606240,2026-05-22 10:48:06+02,f,POINT (8.462552 49.484796),2026-05-22 10:50:48+02,8.462552,49.484796
38468189,sharing_stations.NBV:Station:339468,nextbike_vn,NBV:Station:339468,Universität Mensa,10.0,f,,16,,,,https://app.nextbike.net/station?id=339468,https://app.nextbike.net/station?id=339468,https://nxtb.it/p/339468,2026-05-22 10:48:06+02,f,POINT (8.459859 49.484576),2026-05-22 10:50:48+02,8.459859,49.484576
38468370,sharing_stations.NBV:Station:339475,nextbike_vn,NBV:Station:339475,Hauptbahnhof Mannheim,60.0,f,,34,,,,https://app.nextbike.net/station?id=339475,https://app.nextbike.net/station?id=339475,https://nxtb.it/p/339475,2026-05-22 10:48:06+02,f,POINT (8.469749 49.47996),2026-05-22 10:50:48+02,8.469749,49.47996
38468374,sharing_stations.NBV:Station:7853258,nextbike_vn,NBV:Station:7853258,Universitätsklinik Mannheim,,f,,28,,,,https://app.nextbike.net/station?id=7853258,https://app.nextbike.net/station?id=7853258,https://nxtb.it/p/7853258,2026-05-22 10:48:06+02,f,POINT (8.482906 49.492344),2026-05-22 10:50:48+02,8.482906,49.492344
38468466,sharing_stations.NBV:Station:339478,nextbike_vn,NBV:Station:339478,Technische Hochschule Mannheim,10.0,f,,20,,,,https://app.nextbike.net/station?id=339478,https://app.nextbike.net/station?id=339478,https://nxtb.it/p/339478,2026-05-22 10:48:06+02,f,POINT (8.482255 49.470261),2026-05-22 10:50:48+02,8.482255,49.470261
38468567,sharing_stations.NBV:Station:575989610,nextbike_vn,NBV:Station:575989610,THM Mannheim II,,t,,8,,,,https://app.nextbike.net/station?id=575989610,https://app.nextbike.net/station?id=575989610,https://nxtb.it/p/575989610,2026-05-22 10:48:06+02,f,POINT (8.478683 49.472353),2026-05-22 10:50:48+02,8.478683,49.472353
38464685,sharing_stations.NBV:Station:575989610,nextbike_vn,NBV:Station:575989610,THM Mannheim II,,t,,8,,,,https://app.nextbike.net/station?id=575989610,https://app.nextbike.net/station?id=575989610,https://nxtb.it/p/575989610,2026-05-22 10:15:16+02,f,POINT (8.478683 49.472353),2026-05-22 10:16:24+02,8.478683,49.472353
38464693,sharing_stations.NBV:Station:339475,nextbike_vn,NBV:Station:339475,Hauptbahnhof Mannheim,60.0,f,,33,,,,https://app.nextbike.net/station?id=339475,https://app.nextbike.net/station?id=339475,https://nxtb.it/p/339475,2026-05-22 10:15:16+02,f,POINT (8.469749 49.47996),2026-05-22 10:16:24+02,8.469749,49.47996
38464698,sharing_stations.NBV:Station:7853258,nextbike_vn,NBV:Station:7853258,Universitätsklinik Mannheim,,f,,27,,,,https://app.nextbike.net/station?id=7853258,https://app.nextbike.net/station?id=7853258,https://nxtb.it/p/7853258,2026-05-22 10:15:16+02,f,POINT (8.482906 49.492344),2026-05-22 10:16:24+02,8.482906,49.492344
38464779,sharing_stations.NBV:Station:339478,nextbike_vn,NBV:Station:339478,Technische Hochschule Mannheim,10.0,f,,19,,,,https://app.nextbike.net/station?id=339478,https://app.nextbike.net/station?id=339478,https://nxtb.it/p/339478,2026-05-22 10:15:16+02,f,POINT (8.482255 49.470261),2026-05-22 10:16:24+02,8.482255,49.470261
38464977,sharing_stations.NBV:Station:660951,nextbike_vn,NBV:Station:660951,Universität Schloss,10.0,f,,87,,,,https://app.nextbike.net/station?id=660951,https://app.nextbike.net/station?id=660951,https://nxtb.it/p/660951,2026-05-22 10:15:16+02,f,POINT (8.463303 49.48275),2026-05-22 10:16:24+02,8.463303,49.48275
38465034,sharing_stations.NBV:Station:148606240,nextbike_vn,NBV:Station:148606240,A1 - Landgericht/Universität,,f,,29,,4.0,,https://app.nextbike.net/station?id=148606240,https://app.nextbike.net/station?id=148606240,https://nxtb.it/p/148606240,2026-05-22 10:15:16+02,f,POINT (8.462552 49.484796),2026-05-22 10:16:24+02,8.462552,49.484796
38465043,sharing_stations.NBV:Station:339468,nextbike_vn,NBV:Station:339468,Universität Mensa,10.0,f,,16,,,,https://app.nextbike.net/station?id=339468,https://app.nextbike.net/station?id=339468,https://nxtb.it/p/339468,2026-05-22 10:15:16+02,f,POINT (8.459859 49.484576),2026-05-22 10:16:24+02,8.459859,49.484576
38461347,sharing_stations.NBV:Station:575989610,nextbike_vn,NBV:Station:575989610,THM Mannheim II,,t,,7,,,,https://app.nextbike.net/station?id=575989610,https://app.nextbike.net/station?id=575989610,https://nxtb.it/p/575989610,2026-05-22 09:38:17+02,f,POINT (8.478683 49.472353),2026-05-22 09:41:45+02,8.478683,49.472353
38461448,sharing_stations.NBV:Station:339478,nextbike_vn,NBV:Station:339478,Technische Hochschule Mannheim,10.0,f,,13,,,,https://app.nextbike.net/station?id=339478,https://app.nextbike.net/station?id=339478,https://nxtb.it/p/339478,2026-05-22 09:38:17+02,f,POINT (8.482255 49.470261),2026-05-22 09:41:45+02,8.482255,49.470261
38461487,sharing_stations.NBV:Station:7853258,nextbike_vn,NBV:Station:7853258,Universitätsklinik Mannheim,,f,,20,,,,https://app.nextbike.net/station?id=7853258,https://app.nextbike.net/station?id=7853258,https://nxtb.it/p/7853258,2026-05-22 09:38:17+02,f,POINT (8.482906 49.492344),2026-05-22 09:41:45+02,8.482906,49.492344
38461488,sharing_stations.NBV:Station:339475,nextbike_vn,NBV:Station:339475,Hauptbahnhof Mannheim,60.0,f,,34,,,,https://app.nextbike.net/station?id=339475,https://app.nextbike.net/station?id=339475,https://nxtb.it/p/339475,2026-05-22 09:38:17+02,f,POINT (8.469749 49.47996),2026-05-22 09:41:45+02,8.469749,49.47996
38461705,sharing_stations.NBV:Station:339468,nextbike_vn,NBV:Station:339468,Universität Mensa,10.0,f,,15,,,,https://app.nextbike.net/station?id=339468,https://app.nextbike.net/station?id=339468,https://nxtb.it/p/339468,2026-05-22 09:38:17+02,f,POINT (8.459859 49.484576),2026-05-22 09:41:45+02,8.459859,49.484576
38461710,sharing_stations.NBV:Station:148606240,nextbike_vn,NBV:Station:148606240,A1 - Landgericht/Universität,,f,,23,,4.0,,https://app.nextbike.net/station?id=148606240,https://app.nextbike.net/station?id=148606240,https://nxtb.it/p/148606240,2026-05-22 09:38:17+02,f,POINT (8.462552 49.484796),2026-05-22 09:41:45+02,8.462552,49.484796
38461724,sharing_stations.NBV:Station:660951,nextbike_vn,NBV:Station:660951,Universität Schloss,10.0,f,,82,,,,https://app.nextbike.net/station?id=660951,https://app.nextbike.net/station?id=660951,https://nxtb.it/p/660951,2026-05-22 09:38:17+02,f,POINT (8.463303 49.48275),2026-05-22 09:41:45+02,8.463303,49.48275
38458129,sharing_stations.NBV:Station:339478,nextbike_vn,NBV:Station:339478,Technische Hochschule Mannheim,10.0,f,,12,,,,https://app.nextbike.net/station?id=339478,https://app.nextbike.net/station?id=339478,https://nxtb.it/p/339478,2026-05-22 09:05:16+02,f,POINT (8.482255 49.470261),2026-05-22 09:06:11+02,8.482255,49.470261
38458143,sharing_stations.NBV:Station:364019650,nextbike_vn,NBV:Station:364019650,Lindenhofplatz / HBF Süd,,f,,2,,1.0,,https://app.nextbike.net/station?id=364019650,https://app.nextbike.net/station?id=364019650,https://nxtb.it/p/364019650,2026-05-22 09:05:16+02,f,POINT (8.467814 49.477839),2026-05-22 09:06:11+02,8.467814,49.477839
38458207,sharing_stations.NBV:Station:7853258,nextbike_vn,NBV:Station:7853258,Universitätsklinik Mannheim,,f,,21,,,,https://app.nextbike.net/station?id=7853258,https://app.nextbike.net/station?id=7853258,https://nxtb.it/p/7853258,2026-05-22 09:05:16+02,f,POINT (8.482906 49.492344),2026-05-22 09:06:11+02,8.482906,49.492344
38458211,sharing_stations.NBV:Station:339475,nextbike_vn,NBV:Station:339475,Hauptbahnhof Mannheim,60.0,f,,38,,,,https://app.nextbike.net/station?id=339475,https://app.nextbike.net/station?id=339475,https://nxtb.it/p/339475,2026-05-22 09:05:16+02,f,POINT (8.469749 49.47996),2026-05-22 09:06:11+02,8.469749,49.47996
38458220,sharing_stations.NBV:Station:575989610,nextbike_vn,NBV:Station:575989610,THM Mannheim II,,t,,7,,,,https://app.nextbike.net/station?id=575989610,https://app.nextbike.net/station?id=575989610,https://nxtb.it/p/575989610,2026-05-22 09:05:16+02,f,POINT (8.478683 49.472353),2026-05-22 09:06:11+02,8.478683,49.472353
38458577,sharing_stations.NBV:Station:339468,nextbike_vn,NBV:Station:339468,Universität Mensa,10.0,f,,14,,,,https://app.nextbike.net/station?id=339468,https://app.nextbike.net/station?id=339468,https://nxtb.it/p/339468,2026-05-22 09:05:16+02,f,POINT (8.459859 49.484576),2026-05-22 09:06:11+02,8.459859,49.484576
38458585,sharing_stations.NBV:Station:148606240,nextbike_vn,NBV:Station:148606240,A1 - Landgericht/Universität,,f,,24,,4.0,,https://app.nextbike.net/station?id=148606240,https://app.nextbike.net/station?id=148606240,https://nxtb.it/p/148606240,2026-05-22 09:05:16+02,f,POINT (8.462552 49.484796),2026-05-22 09:06:11+02,8.462552,49.484796
38458641,sharing_stations.NBV:Station:660951,nextbike_vn,NBV:Station:660951,Universität Schloss,10.0,f,,77,,,,https://app.nextbike.net/station?id=660951,https://app.nextbike.net/station?id=660951,https://nxtb.it/p/660951,2026-05-22 09:05:16+02,f,POINT (8.463303 49.48275),2026-05-22 09:06:11+02,8.463303,49.48275
38454165,sharing_stations.NBV:Station:575989610,nextbike_vn,NBV:Station:575989610,THM Mannheim II,,t,,5,,,,https://app.nextbike.net/station?id=575989610,https://app.nextbike.net/station?id=575989610,https://nxtb.it/p/575989610,2026-05-22 08:29:40+02,f,POINT (8.478683 49.472353),2026-05-22 08:31:40+02,8.478683,49.472353
38454242,sharing_stations.NBV:Station:364019650,nextbike_vn,NBV:Station:364019650,Lindenhofplatz / HBF Süd,,f,,4,,1.0,,https://app.nextbike.net/station?id=364019650,https://app.nextbike.net/station?id=364019650,https://nxtb.it/p/364019650,2026-05-22 08:29:40+02,f,POINT (8.467814 49.477839),2026-05-22 08:31:40+02,8.467814,49.477839
38454260,sharing_stations.NBV:Station:339478,nextbike_vn,NBV:Station:339478,Technische Hochschule Mannheim,10.0,f,,14,,,,https://app.nextbike.net/station?id=339478,https://app.nextbike.net/station?id=339478,https://nxtb.it/p/339478,2026-05-22 08:29:40+02,f,POINT (8.482255 49.470261),2026-05-22 08:31:40+02,8.482255,49.470261
38454301,sharing_stations.NBV:Station:339475,nextbike_vn,NBV:Station:339475,Hauptbahnhof Mannheim,60.0,f,,44,,,,https://app.nextbike.net/station?id=339475,https://app.nextbike.net/station?id=339475,https://nxtb.it/p/339475,2026-05-22 08:29:40+02,f,POINT (8.469749 49.47996),2026-05-22 08:31:40+02,8.469749,49.47996
38454309,sharing_stations.NBV:Station:7853258,nextbike_vn,NBV:Station:7853258,Universitätsklinik Mannheim,,f,,18,,,,https://app.nextbike.net/station?id=7853258,https://app.nextbike.net/station?id=7853258,https://nxtb.it/p/7853258,2026-05-22 08:29:40+02,f,POINT (8.482906 49.492344),2026-05-22 08:31:40+02,8.482906,49.492344
38454561,sharing_stations.NBV:Station:339468,nextbike_vn,NBV:Station:339468,Universität Mensa,10.0,f,,12,,,,https://app.nextbike.net/station?id=339468,https://app.nextbike.net/station?id=339468,https://nxtb.it/p/339468,2026-05-22 08:29:40+02,f,POINT (8.459859 49.484576),2026-05-22 08:31:40+02,8.459859,49.484576
38454570,sharing_stations.NBV:Station:148606240,nextbike_vn,NBV:Station:148606240,A1 - Landgericht/Universität,,f,,19,,4.0,,https://app.nextbike.net/station?id=148606240,https://app.nextbike.net/station?id=148606240,https://nxtb.it/p/148606240,2026-05-22 08:29:40+02,f,POINT (8.462552 49.484796),2026-05-22 08:31:40+02,8.462552,49.484796
38454575,sharing_stations.NBV:Station:660951,nextbike_vn,NBV:Station:660951,Universität Schloss,10.0,f,,67,,,,https://app.nextbike.net/station?id=660951,https://app.nextbike.net/station?id=660951,https://nxtb.it/p/660951,2026-05-22 08:29:40+02,f,POINT (8.463303 49.48275),2026-05-22 08:31:40+02,8.463303,49.48275
38450748,sharing_stations.NBV:Station:148606240,nextbike_vn,NBV:Station:148606240,A1 - Landgericht/Universität,,f,,13,,4.0,,https://app.nextbike.net/station?id=148606240,https://app.nextbike.net/station?id=148606240,https://nxtb.it/p/148606240,2026-05-22 07:54:27+02,f,POINT (8.462552 49.484796),2026-05-22 07:57:02+02,8.462552,49.484796
38450759,sharing_stations.NBV:Station:339468,nextbike_vn,NBV:Station:339468,Universität Mensa,10.0,f,,6,,,,https://app.nextbike.net/station?id=339468,https://app.nextbike.net/station?id=339468,https://nxtb.it/p/339468,2026-05-22 07:54:27+02,f,POINT (8.459859 49.484576),2026-05-22 07:57:02+02,8.459859,49.484576
38450778,sharing_stations.NBV:Station:660951,nextbike_vn,NBV:Station:660951,Universität Schloss,10.0,f,,38,,,,https://app.nextbike.net/station?id=660951,https://app.nextbike.net/station?id=660951,https://nxtb.it/p/660951,2026-05-22 07:54:27+02,f,POINT (8.463303 49.48275),2026-05-22 07:57:02+02,8.463303,49.48275
38451014,sharing_stations.NBV:Station:364019650,nextbike_vn,NBV:Station:364019650,Lindenhofplatz / HBF Süd,,f,,8,,1.0,,https://app.nextbike.net/station?id=364019650,https://app.nextbike.net/station?id=364019650,https://nxtb.it/p/364019650,2026-05-22 07:54:27+02,f,POINT (8.467814 49.477839),2026-05-22 07:57:02+02,8.467814,49.477839
38451039,sharing_stations.NBV:Station:339478,nextbike_vn,NBV:Station:339478,Technische Hochschule Mannheim,10.0,f,,8,,,,https://app.nextbike.net/station?id=339478,https://app.nextbike.net/station?id=339478,https://nxtb.it/p/339478,2026-05-22 07:54:27+02,f,POINT (8.482255 49.470261),2026-05-22 07:57:02+02,8.482255,49.470261
38451053,sharing_stations.NBV:Station:339475,nextbike_vn,NBV:Station:339475,Hauptbahnhof Mannheim,60.0,f,,48,,,,https://app.nextbike.net/station?id=339475,https://app.nextbike.net/station?id=339475,https://nxtb.it/p/339475,2026-05-22 07:54:27+02,f,POINT (8.469749 49.47996),2026-05-22 07:57:02+02,8.469749,49.47996
38451061,sharing_stations.NBV:Station:7853258,nextbike_vn,NBV:Station:7853258,Universitätsklinik Mannheim,,f,,16,,,,https://app.nextbike.net/station?id=7853258,https://app.nextbike.net/station?id=7853258,https://nxtb.it/p/7853258,2026-05-22 07:54:27+02,f,POINT (8.482906 49.492344),2026-05-22 07:57:02+02,8.482906,49.492344
38451140,sharing_stations.NBV:Station:575989610,nextbike_vn,NBV:Station:575989610,THM Mannheim II,,t,,3,,,,https://app.nextbike.net/station?id=575989610,https://app.nextbike.net/station?id=575989610,https://nxtb.it/p/575989610,2026-05-22 07:54:27+02,f,POINT (8.478683 49.472353),2026-05-22 07:57:02+02,8.478683,49.472353
38447248,sharing_stations.NBV:Station:660951,nextbike_vn,NBV:Station:660951,Universität Schloss,10.0,f,,3,,,,https://app.nextbike.net/station?id=660951,https://app.nextbike.net/station?id=660951,https://nxtb.it/p/660951,2026-05-22 07:22:04+02,f,POINT (8.463303 49.48275),2026-05-22 07:23:33+02,8.463303,49.48275
38447308,sharing_stations.NBV:Station:339468,nextbike_vn,NBV:Station:339468,Universität Mensa,10.0,f,,5,,,,https://app.nextbike.net/station?id=339468,https://app.nextbike.net/station?id=339468,https://nxtb.it/p/339468,2026-05-22 07:22:04+02,f,POINT (8.459859 49.484576),2026-05-22 07:23:33+02,8.459859,49.484576
38447507,sharing_stations.NBV:Station:339475,nextbike_vn,NBV:Station:339475,Hauptbahnhof Mannheim,60.0,f,,49,,,,https://app.nextbike.net/station?id=339475,https://app.nextbike.net/station?id=339475,https://nxtb.it/p/339475,2026-05-22 07:22:04+02,f,POINT (8.469749 49.47996),2026-05-22 07:23:33+02,8.469749,49.47996
38447513,sharing_stations.NBV:Station:7853258,nextbike_vn,NBV:Station:7853258,Universitätsklinik Mannheim,,f,,12,,,,https://app.nextbike.net/station?id=7853258,https://app.nextbike.net/station?id=7853258,https://nxtb.it/p/7853258,2026-05-22 07:22:04+02,f,POINT (8.482906 49.492344),2026-05-22 07:23:33+02,8.482906,49.492344
38447553,sharing_stations.NBV:Station:364019650,nextbike_vn,NBV:Station:364019650,Lindenhofplatz / HBF Süd,,f,,18,,1.0,,https://app.nextbike.net/station?id=364019650,https://app.nextbike.net/station?id=364019650,https://nxtb.it/p/364019650,2026-05-22 07:22:04+02,f,POINT (8.467814 49.477839),2026-05-22 07:23:33+02,8.467814,49.477839
38447569,sharing_stations.NBV:Station:339478,nextbike_vn,NBV:Station:339478,Technische Hochschule Mannheim,10.0,f,,5,,,,https://app.nextbike.net/station?id=339478,https://app.nextbike.net/station?id=339478,https://nxtb.it/p/339478,2026-05-22 07:22:04+02,f,POINT (8.482255 49.470261),2026-05-22 07:23:33+02,8.482255,49.470261
38447675,sharing_stations.NBV:Station:575989610,nextbike_vn,NBV:Station:575989610,THM Mannheim II,,t,,1,,,,https://app.nextbike.net/station?id=575989610,https://app.nextbike.net/station?id=575989610,https://nxtb.it/p/575989610,2026-05-22 07:22:04+02,f,POINT (8.478683 49.472353),2026-05-22 07:23:33+02,8.478683,49.472353
38443979,sharing_stations.NBV:Station:339478,nextbike_vn,NBV:Station:339478,Technische Hochschule Mannheim,10.0,f,,5,,,,https://app.nextbike.net/station?id=339478,https://app.nextbike.net/station?id=339478,https://nxtb.it/p/339478,2026-05-22 06:46:02+02,f,POINT (8.482255 49.470261),2026-05-22 06:48:55+02,8.482255,49.470261
38444008,sharing_stations.NBV:Station:364019650,nextbike_vn,NBV:Station:364019650,Lindenhofplatz / HBF Süd,,f,,17,,1.0,,https://app.nextbike.net/station?id=364019650,https://app.nextbike.net/station?id=364019650,https://nxtb.it/p/364019650,2026-05-22 06:46:02+02,f,POINT (8.467814 49.477839),2026-05-22 06:48:55+02,8.467814,49.477839
38444064,sharing_stations.NBV:Station:339475,nextbike_vn,NBV:Station:339475,Hauptbahnhof Mannheim,60.0,f,,55,,,,https://app.nextbike.net/station?id=339475,https://app.nextbike.net/station?id=339475,https://nxtb.it/p/339475,2026-05-22 06:46:02+02,f,POINT (8.469749 49.47996),2026-05-22 06:48:55+02,8.469749,49.47996
38444071,sharing_stations.NBV:Station:7853258,nextbike_vn,NBV:Station:7853258,Universitätsklinik Mannheim,,f,,6,,,,https://app.nextbike.net/station?id=7853258,https://app.nextbike.net/station?id=7853258,https://nxtb.it/p/7853258,2026-05-22 06:46:02+02,f,POINT (8.482906 49.492344),2026-05-22 06:48:55+02,8.482906,49.492344
38444443,sharing_stations.NBV:Station:339468,nextbike_vn,NBV:Station:339468,Universität Mensa,10.0,f,,5,,,,https://app.nextbike.net/station?id=339468,https://app.nextbike.net/station?id=339468,https://nxtb.it/p/339468,2026-05-22 06:46:02+02,f,POINT (8.459859 49.484576),2026-05-22 06:48:55+02,8.459859,49.484576
38440848,sharing_stations.NBV:Station:339468,nextbike_vn,NBV:Station:339468,Universität Mensa,10.0,f,,5,,,,https://app.nextbike.net/station?id=339468,https://app.nextbike.net/station?id=339468,https://nxtb.it/p/339468,2026-05-22 06:10:18+02,f,POINT (8.459859 49.484576),2026-05-22 06:14:03+02,8.459859,49.484576
38441252,sharing_stations.NBV:Station:364019650,nextbike_vn,NBV:Station:364019650,Lindenhofplatz / HBF Süd,,f,,13,,1.0,,https://app.nextbike.net/station?id=364019650,https://app.nextbike.net/station?id=364019650,https://nxtb.it/p/364019650,2026-05-22 06:10:18+02,f,POINT (8.467814 49.477839),2026-05-22 06:14:03+02,8.467814,49.477839
38441269,sharing_stations.NBV:Station:339478,nextbike_vn,NBV:Station:339478,Technische Hochschule Mannheim,10.0,f,,5,,,,https://app.nextbike.net/station?id=339478,https://app.nextbike.net/station?id=339478,https://nxtb.it/p/339478,2026-05-22 06:10:18+02,f,POINT (8.482255 49.470261),2026-05-22 06:14:03+02,8.482255,49.470261
38441308,sharing_stations.NBV:Station:339475,nextbike_vn,NBV:Station:339475,Hauptbahnhof Mannheim,60.0,f,,54,,,,https://app.nextbike.net/station?id=339475,https://app.nextbike.net/station?id=339475,https://nxtb.it/p/339475,2026-05-22 06:10:18+02,f,POINT (8.469749 49.47996),2026-05-22 06:14:03+02,8.469749,49.47996
38441312,sharing_stations.NBV:Station:7853258,nextbike_vn,NBV:Station:7853258,Universitätsklinik Mannheim,,f,,3,,,,https://app.nextbike.net/station?id=7853258,https://app.nextbike.net/station?id=7853258,https://nxtb.it/p/7853258,2026-05-22 06:10:18+02,f,POINT (8.482906 49.492344),2026-05-22 06:14:03+02,8.482906,49.492344
38437702,sharing_stations.NBV:Station:339478,nextbike_vn,NBV:Station:339478,Technische Hochschule Mannheim,10.0,f,,4,,,,https://app.nextbike.net/station?id=339478,https://app.nextbike.net/station?id=339478,https://nxtb.it/p/339478,2026-05-22 05:36:07+02,f,POINT (8.482255 49.470261),2026-05-22 05:37:45+02,8.482255,49.470261
38437735,sharing_stations.NBV:Station:364019650,nextbike_vn,NBV:Station:364019650,Lindenhofplatz / HBF Süd,,f,,14,,1.0,,https://app.nextbike.net/station?id=364019650,https://app.nextbike.net/station?id=364019650,https://nxtb.it/p/364019650,2026-05-22 05:36:07+02,f,POINT (8.467814 49.477839),2026-05-22 05:37:45+02,8.467814,49.477839
38437766,sharing_stations.NBV:Station:7853258,nextbike_vn,NBV:Station:7853258,Universitätsklinik Mannheim,,f,,2,,,,https://app.nextbike.net/station?id=7853258,https://app.nextbike.net/station?id=7853258,https://nxtb.it/p/7853258,2026-05-22 05:36:07+02,f,POINT (8.482906 49.492344),2026-05-22 05:37:45+02,8.482906,49.492344
38437769,sharing_stations.NBV:Station:339475,nextbike_vn,NBV:Station:339475,Hauptbahnhof Mannheim,60.0,f,,53,,,,https://app.nextbike.net/station?id=339475,https://app.nextbike.net/station?id=339475,https://nxtb.it/p/339475,2026-05-22 05:36:07+02,f,POINT (8.469749 49.47996),2026-05-22 05:37:45+02,8.469749,49.47996
38438149,sharing_stations.NBV:Station:339468,nextbike_vn,NBV:Station:339468,Universität Mensa,10.0,f,,5,,,,https://app.nextbike.net/station?id=339468,https://app.nextbike.net/station?id=339468,https://nxtb.it/p/339468,2026-05-22 05:36:07+02,f,POINT (8.459859 49.484576),2026-05-22 05:37:45+02,8.459859,49.484576
38434459,sharing_stations.NBV:Station:339468,nextbike_vn,NBV:Station:339468,Universität Mensa,10.0,f,,5,,,,https://app.nextbike.net/station?id=339468,https://app.nextbike.net/station?id=339468,https://nxtb.it/p/339468,2026-05-22 04:56:27+02,f,POINT (8.459859 49.484576),2026-05-22 05:00:00+02,8.459859,49.484576
38434872,sharing_stations.NBV:Station:364019650,nextbike_vn,NBV:Station:364019650,Lindenhofplatz / HBF Süd,,f,,14,,1.0,,https://app.nextbike.net/station?id=364019650,https://app.nextbike.net/station?id=364019650,https://nxtb.it/p/364019650,2026-05-22 04:56:27+02,f,POINT (8.467814 49.477839),2026-05-22 05:00:00+02,8.467814,49.477839
38434900,sharing_stations.NBV:Station:339478,nextbike_vn,NBV:Station:339478,Technische Hochschule Mannheim,10.0,f,,4,,,,https://app.nextbike.net/station?id=339478,https://app.nextbike.net/station?id=339478,https://nxtb.it/p/339478,2026-05-22 04:56:27+02,f,POINT (8.482255 49.470261),2026-05-22 05:00:00+02,8.482255,49.470261
38434917,sharing_stations.NBV:Station:7853258,nextbike_vn,NBV:Station:7853258,Universitätsklinik Mannheim,,f,,2,,,,https://app.nextbike.net/station?id=7853258,https://app.nextbike.net/station?id=7853258,https://nxtb.it/p/7853258,2026-05-22 04:56:27+02,f,POINT (8.482906 49.492344),2026-05-22 05:00:00+02,8.482906,49.492344
38434921,sharing_stations.NBV:Station:339475,nextbike_vn,NBV:Station:339475,Hauptbahnhof Mannheim,60.0,f,,52,,,,https://app.nextbike.net/station?id=339475,https://app.nextbike.net/station?id=339475,https://nxtb.it/p/339475,2026-05-22 04:56:27+02,f,POINT (8.469749 49.47996),2026-05-22 05:00:00+02,8.469749,49.47996
38431243,sharing_stations.NBV:Station:339468,nextbike_vn,NBV:Station:339468,Universität Mensa,10.0,f,,5,,,,https://app.nextbike.net/station?id=339468,https://app.nextbike.net/station?id=339468,https://nxtb.it/p/339468,2026-05-22 04:19:21+02,f,POINT (8.459859 49.484576),2026-05-22 04:21:59+02,8.459859,49.484576
38431643,sharing_stations.NBV:Station:364019650,nextbike_vn,NBV:Station:364019650,Lindenhofplatz / HBF Süd,,f,,15,,1.0,,https://app.nextbike.net/station?id=364019650,https://app.nextbike.net/station?id=364019650,https://nxtb.it/p/364019650,2026-05-22 04:19:21+02,f,POINT (8.467814 49.477839),2026-05-22 04:21:59+02,8.467814,49.477839
38431657,sharing_stations.NBV:Station:339478,nextbike_vn,NBV:Station:339478,Technische Hochschule Mannheim,10.0,f,,3,,,,https://app.nextbike.net/station?id=339478,https://app.nextbike.net/station?id=339478,https://nxtb.it/p/339478,2026-05-22 04:19:21+02,f,POINT (8.482255 49.470261),2026-05-22 04:21:59+02,8.482255,49.470261
38431669,sharing_stations.NBV:Station:339475,nextbike_vn,NBV:Station:339475,Hauptbahnhof Mannheim,60.0,f,,52,,,,https://app.nextbike.net/station?id=339475,https://app.nextbike.net/station?id=339475,https://nxtb.it/p/339475,2026-05-22 04:19:21+02,f,POINT (8.469749 49.47996),2026-05-22 04:21:59+02,8.469749,49.47996
38431678,sharing_stations.NBV:Station:7853258,nextbike_vn,NBV:Station:7853258,Universitätsklinik Mannheim,,f,,2,,,,https://app.nextbike.net/station?id=7853258,https://app.nextbike.net/station?id=7853258,https://nxtb.it/p/7853258,2026-05-22 04:19:21+02,f,POINT (8.482906 49.492344),2026-05-22 04:21:59+02,8.482906,49.492344
38428391,sharing_stations.NBV:Station:339468,nextbike_vn,NBV:Station:339468,Universität Mensa,10.0,f,,5,,,,https://app.nextbike.net/station?id=339468,https://app.nextbike.net/station?id=339468,https://nxtb.it/p/339468,2026-05-22 03:43:15+02,f,POINT (8.459859 49.484576),2026-05-22 03:45:35+02,8.459859,49.484576
38428629,sharing_stations.NBV:Station:339478,nextbike_vn,NBV:Station:339478,Technische Hochschule Mannheim,10.0,f,,3,,,,https://app.nextbike.net/station?id=339478,https://app.nextbike.net/station?id=339478,https://nxtb.it/p/339478,2026-05-22 03:43:15+02,f,POINT (8.482255 49.470261),2026-05-22 03:45:35+02,8.482255,49.470261
38428656,sharing_stations.NBV:Station:364019650,nextbike_vn,NBV:Station:364019650,Lindenhofplatz / HBF Süd,,f,,15,,1.0,,https://app.nextbike.net/station?id=364019650,https://app.nextbike.net/station?id=364019650,https://nxtb.it/p/364019650,2026-05-22 03:43:15+02,f,POINT (8.467814 49.477839),2026-05-22 03:45:35+02,8.467814,49.477839
38428685,sharing_stations.NBV:Station:339475,nextbike_vn,NBV:Station:339475,Hauptbahnhof Mannheim,60.0,f,,54,,,,https://app.nextbike.net/station?id=339475,https://app.nextbike.net/station?id=339475,https://nxtb.it/p/339475,2026-05-22 03:43:15+02,f,POINT (8.469749 49.47996),2026-05-22 03:45:35+02,8.469749,49.47996
38428692,sharing_stations.NBV:Station:7853258,nextbike_vn,NBV:Station:7853258,Universitätsklinik Mannheim,,f,,2,,,,https://app.nextbike.net/station?id=7853258,https://app.nextbike.net/station?id=7853258,https://nxtb.it/p/7853258,2026-05-22 03:43:15+02,f,POINT (8.482906 49.492344),2026-05-22 03:45:35+02,8.482906,49.492344
38425293,sharing_stations.NBV:Station:339468,nextbike_vn,NBV:Station:339468,Universität Mensa,10.0,f,,6,,,,https://app.nextbike.net/station?id=339468,https://app.nextbike.net/station?id=339468,https://nxtb.it/p/339468,2026-05-22 03:07:45+02,f,POINT (8.459859 49.484576),2026-05-22 03:10:39+02,8.459859,49.484576
38425531,sharing_stations.NBV:Station:7853258,nextbike_vn,NBV:Station:7853258,Universitätsklinik Mannheim,,f,,2,,,,https://app.nextbike.net/station?id=7853258,https://app.nextbike.net/station?id=7853258,https://nxtb.it/p/7853258,2026-05-22 03:07:45+02,f,POINT (8.482906 49.492344),2026-05-22 03:10:39+02,8.482906,49.492344
38425535,sharing_stations.NBV:Station:339475,nextbike_vn,NBV:Station:339475,Hauptbahnhof Mannheim,60.0,f,,53,,,,https://app.nextbike.net/station?id=339475,https://app.nextbike.net/station?id=339475,https://nxtb.it/p/339475,2026-05-22 03:07:45+02,f,POINT (8.469749 49.47996),2026-05-22 03:10:39+02,8.469749,49.47996
38425569,sharing_stations.NBV:Station:339478,nextbike_vn,NBV:Station:339478,Technische Hochschule Mannheim,10.0,f,,3,,,,https://app.nextbike.net/station?id=339478,https://app.nextbike.net/station?id=339478,https://nxtb.it/p/339478,2026-05-22 03:07:45+02,f,POINT (8.482255 49.470261),2026-05-22 03:10:39+02,8.482255,49.470261
38425583,sharing_stations.NBV:Station:364019650,nextbike_vn,NBV:Station:364019650,Lindenhofplatz / HBF Süd,,f,,16,,1.0,,https://app.nextbike.net/station?id=364019650,https://app.nextbike.net/station?id=364019650,https://nxtb.it/p/364019650,2026-05-22 03:07:45+02,f,POINT (8.467814 49.477839),2026-05-22 03:10:39+02,8.467814,49.477839
38422053,sharing_stations.NBV:Station:339468,nextbike_vn,NBV:Station:339468,Universität Mensa,10.0,f,,6,,,,https://app.nextbike.net/station?id=339468,https://app.nextbike.net/station?id=339468,https://nxtb.it/p/339468,2026-05-22 02:34:53+02,f,POINT (8.459859 49.484576),2026-05-22 02:36:24+02,8.459859,49.484576
38422260,sharing_stations.NBV:Station:339475,nextbike_vn,NBV:Station:339475,Hauptbahnhof Mannheim,60.0,f,,55,,,,https://app.nextbike.net/station?id=339475,https://app.nextbike.net/station?id=339475,https://nxtb.it/p/339475,2026-05-22 02:34:53+02,f,POINT (8.469749 49.47996),2026-05-22 02:36:24+02,8.469749,49.47996
38422264,sharing_stations.NBV:Station:7853258,nextbike_vn,NBV:Station:7853258,Universitätsklinik Mannheim,,f,,2,,,,https://app.nextbike.net/station?id=7853258,https://app.nextbike.net/station?id=7853258,https://nxtb.it/p/7853258,2026-05-22 02:34:53+02,f,POINT (8.482906 49.492344),2026-05-22 02:36:24+02,8.482906,49.492344
38422292,sharing_stations.NBV:Station:364019650,nextbike_vn,NBV:Station:364019650,Lindenhofplatz / HBF Süd,,f,,16,,1.0,,https://app.nextbike.net/station?id=364019650,https://app.nextbike.net/station?id=364019650,https://nxtb.it/p/364019650,2026-05-22 02:34:53+02,f,POINT (8.467814 49.477839),2026-05-22 02:36:24+02,8.467814,49.477839
38422321,sharing_stations.NBV:Station:339478,nextbike_vn,NBV:Station:339478,Technische Hochschule Mannheim,10.0,f,,3,,,,https://app.nextbike.net/station?id=339478,https://app.nextbike.net/station?id=339478,https://nxtb.it/p/339478,2026-05-22 02:34:53+02,f,POINT (8.482255 49.470261),2026-05-22 02:36:24+02,8.482255,49.470261
38418389,sharing_stations.NBV:Station:339468,nextbike_vn,NBV:Station:339468,Universität Mensa,10.0,f,,6,,,,https://app.nextbike.net/station?id=339468,https://app.nextbike.net/station?id=339468,https://nxtb.it/p/339468,2026-05-22 01:58:28+02,f,POINT (8.459859 49.484576),2026-05-22 02:01:38+02,8.459859,49.484576
38418671,sharing_stations.NBV:Station:339478,nextbike_vn,NBV:Station:339478,Technische Hochschule Mannheim,10.0,f,,3,,,,https://app.nextbike.net/station?id=339478,https://app.nextbike.net/station?id=339478,https://nxtb.it/p/339478,2026-05-22 01:58:28+02,f,POINT (8.482255 49.470261),2026-05-22 02:01:38+02,8.482255,49.470261
38418685,sharing_stations.NBV:Station:364019650,nextbike_vn,NBV:Station:364019650,Lindenhofplatz / HBF Süd,,f,,14,,1.0,,https://app.nextbike.net/station?id=364019650,https://app.nextbike.net/station?id=364019650,https://nxtb.it/p/364019650,2026-05-22 01:58:28+02,f,POINT (8.467814 49.477839),2026-05-22 02:01:38+02,8.467814,49.477839
38415158,sharing_stations.NBV:Station:339468,nextbike_vn,NBV:Station:339468,Universität Mensa,10.0,f,,6,,,,https://app.nextbike.net/station?id=339468,https://app.nextbike.net/station?id=339468,https://nxtb.it/p/339468,2026-05-22 01:24:33+02,f,POINT (8.459859 49.484576),2026-05-22 01:27:02+02,8.459859,49.484576
38415582,sharing_stations.NBV:Station:364019650,nextbike_vn,NBV:Station:364019650,Lindenhofplatz / HBF Süd,,f,,15,,1.0,,https://app.nextbike.net/station?id=364019650,https://app.nextbike.net/station?id=364019650,https://nxtb.it/p/364019650,2026-05-22 01:24:33+02,f,POINT (8.467814 49.477839),2026-05-22 01:27:02+02,8.467814,49.477839
38415620,sharing_stations.NBV:Station:339478,nextbike_vn,NBV:Station:339478,Technische Hochschule Mannheim,10.0,f,,1,,,,https://app.nextbike.net/station?id=339478,https://app.nextbike.net/station?id=339478,https://nxtb.it/p/339478,2026-05-22 01:24:33+02,f,POINT (8.482255 49.470261),2026-05-22 01:27:02+02,8.482255,49.470261
38412166,sharing_stations.NBV:Station:339468,nextbike_vn,NBV:Station:339468,Universität Mensa,10.0,f,,5,,,,https://app.nextbike.net/station?id=339468,https://app.nextbike.net/station?id=339468,https://nxtb.it/p/339468,2026-05-22 00:47:17+02,f,POINT (8.459859 49.484576),2026-05-22 00:50:50+02,8.459859,49.484576
38412424,sharing_stations.NBV:Station:339478,nextbike_vn,NBV:Station:339478,Technische Hochschule Mannheim,10.0,f,,2,,,,https://app.nextbike.net/station?id=339478,https://app.nextbike.net/station?id=339478,https://nxtb.it/p/339478,2026-05-22 00:47:17+02,f,POINT (8.482255 49.470261),2026-05-22 00:50:50+02,8.482255,49.470261
38412456,sharing_stations.NBV:Station:364019650,nextbike_vn,NBV:Station:364019650,Lindenhofplatz / HBF Süd,,f,,15,,1.0,,https://app.nextbike.net/station?id=364019650,https://app.nextbike.net/station?id=364019650,https://nxtb.it/p/364019650,2026-05-22 00:47:17+02,f,POINT (8.467814 49.477839),2026-05-22 00:50:50+02,8.467814,49.477839
38408335,sharing_stations.NBV:Station:364019650,nextbike_vn,NBV:Station:364019650,Lindenhofplatz / HBF Süd,,f,,13,,,,https://app.nextbike.net/station?id=364019650,https://app.nextbike.net/station?id=364019650,https://nxtb.it/p/364019650,2026-05-22 00:10:23+02,f,POINT (8.467814 49.477839),2026-05-22 00:11:34+02,8.467814,49.477839
38408351,sharing_stations.NBV:Station:339478,nextbike_vn,NBV:Station:339478,Technische Hochschule Mannheim,10.0,f,,0,,,,https://app.nextbike.net/station?id=339478,https://app.nextbike.net/station?id=339478,https://nxtb.it/p/339478,2026-05-22 00:10:23+02,f,POINT (8.482255 49.470261),2026-05-22 00:11:34+02,8.482255,49.470261
38408366,sharing_stations.NBV:Station:339475,nextbike_vn,NBV:Station:339475,Hauptbahnhof Mannheim,60.0,f,,1,,,,https://app.nextbike.net/station?id=339475,https://app.nextbike.net/station?id=339475,https://nxtb.it/p/339475,2026-05-22 00:10:23+02,f,POINT (8.469749 49.47996),2026-05-22 00:11:34+02,8.469749,49.47996
38408370,sharing_stations.NBV:Station:7853258,nextbike_vn,NBV:Station:7853258,Universitätsklinik Mannheim,,f,,1,,,,https://app.nextbike.net/station?id=7853258,https://app.nextbike.net/station?id=7853258,https://nxtb.it/p/7853258,2026-05-22 00:10:23+02,f,POINT (8.482906 49.492344),2026-05-22 00:11:34+02,8.482906,49.492344
38408646,sharing_stations.NBV:Station:339468,nextbike_vn,NBV:Station:339468,Universität Mensa,10.0,f,,5,,,,https://app.nextbike.net/station?id=339468,https://app.nextbike.net/station?id=339468,https://nxtb.it/p/339468,2026-05-22 00:10:23+02,f,POINT (8.459859 49.484576),2026-05-22 00:11:34+02,8.459859,49.484576
38405040,sharing_stations.NBV:Station:148606240,nextbike_vn,NBV:Station:148606240,A1 - Landgericht/Universität,,f,,1,,4.0,,https://app.nextbike.net/station?id=148606240,https://app.nextbike.net/station?id=148606240,https://nxtb.it/p/148606240,2026-05-21 23:33:26+02,f,POINT (8.462552 49.484796),2026-05-21 23:35:42+02,8.462552,49.484796
38405048,sharing_stations.NBV:Station:339468,nextbike_vn,NBV:Station:339468,Universität Mensa,10.0,f,,6,,,,https://app.nextbike.net/station?id=339468,https://app.nextbike.net/station?id=339468,https://nxtb.it/p/339468,2026-05-21 23:33:26+02,f,POINT (8.459859 49.484576),2026-05-21 23:35:42+02,8.459859,49.484576
38405429,sharing_stations.NBV:Station:7853258,nextbike_vn,NBV:Station:7853258,Universitätsklinik Mannheim,,f,,1,,,,https://app.nextbike.net/station?id=7853258,https://app.nextbike.net/station?id=7853258,https://nxtb.it/p/7853258,2026-05-21 23:33:26+02,f,POINT (8.482906 49.492344),2026-05-21 23:35:42+02,8.482906,49.492344
38405433,sharing_stations.NBV:Station:339475,nextbike_vn,NBV:Station:339475,Hauptbahnhof Mannheim,60.0,f,,6,,,,https://app.nextbike.net/station?id=339475,https://app.nextbike.net/station?id=339475,https://nxtb.it/p/339475,2026-05-21 23:33:26+02,f,POINT (8.469749 49.47996),2026-05-21 23:35:42+02,8.469749,49.47996
38405506,sharing_stations.NBV:Station:364019650,nextbike_vn,NBV:Station:364019650,Lindenhofplatz / HBF Süd,,f,,17,,,,https://app.nextbike.net/station?id=364019650,https://app.nextbike.net/station?id=364019650,https://nxtb.it/p/364019650,2026-05-21 23:33:26+02,f,POINT (8.467814 49.477839),2026-05-21 23:35:42+02,8.467814,49.477839
38402010,sharing_stations.NBV:Station:339478,nextbike_vn,NBV:Station:339478,Technische Hochschule Mannheim,10.0,f,,1,,,,https://app.nextbike.net/station?id=339478,https://app.nextbike.net/station?id=339478,https://nxtb.it/p/339478,2026-05-21 22:58:38+02,f,POINT (8.482255 49.470261),2026-05-21 23:00:32+02,8.482255,49.470261
38402028,sharing_stations.NBV:Station:364019650,nextbike_vn,NBV:Station:364019650,Lindenhofplatz / HBF Süd,,f,,16,,,,https://app.nextbike.net/station?id=364019650,https://app.nextbike.net/station?id=364019650,https://nxtb.it/p/364019650,2026-05-21 22:58:38+02,f,POINT (8.467814 49.477839),2026-05-21 23:00:32+02,8.467814,49.477839
38402064,sharing_stations.NBV:Station:339475,nextbike_vn,NBV:Station:339475,Hauptbahnhof Mannheim,60.0,f,,5,,,,https://app.nextbike.net/station?id=339475,https://app.nextbike.net/station?id=339475,https://nxtb.it/p/339475,2026-05-21 22:58:38+02,f,POINT (8.469749 49.47996),2026-05-21 23:00:32+02,8.469749,49.47996
38402262,sharing_stations.NBV:Station:148606240,nextbike_vn,NBV:Station:148606240,A1 - Landgericht/Universität,,f,,1,,4.0,,https://app.nextbike.net/station?id=148606240,https://app.nextbike.net/station?id=148606240,https://nxtb.it/p/148606240,2026-05-21 22:58:38+02,f,POINT (8.462552 49.484796),2026-05-21 23:00:32+02,8.462552,49.484796
38402271,sharing_stations.NBV:Station:339468,nextbike_vn,NBV:Station:339468,Universität Mensa,10.0,f,,6,,,,https://app.nextbike.net/station?id=339468,https://app.nextbike.net/station?id=339468,https://nxtb.it/p/339468,2026-05-21 22:58:38+02,f,POINT (8.459859 49.484576),2026-05-21 23:00:32+02,8.459859,49.484576
38398191,sharing_stations.NBV:Station:660951,nextbike_vn,NBV:Station:660951,Universität Schloss,10.0,f,,0,,,,https://app.nextbike.net/station?id=660951,https://app.nextbike.net/station?id=660951,https://nxtb.it/p/660951,2026-05-21 22:23:47+02,f,POINT (8.463303 49.48275),2026-05-21 22:25:28+02,8.463303,49.48275
38398194,sharing_stations.NBV:Station:148606240,nextbike_vn,NBV:Station:148606240,A1 - Landgericht/Universität,,f,,1,,4.0,,https://app.nextbike.net/station?id=148606240,https://app.nextbike.net/station?id=148606240,https://nxtb.it/p/148606240,2026-05-21 22:23:47+02,f,POINT (8.462552 49.484796),2026-05-21 22:25:28+02,8.462552,49.484796
38398203,sharing_stations.NBV:Station:339468,nextbike_vn,NBV:Station:339468,Universität Mensa,10.0,f,,7,,,,https://app.nextbike.net/station?id=339468,https://app.nextbike.net/station?id=339468,https://nxtb.it/p/339468,2026-05-21 22:23:47+02,f,POINT (8.459859 49.484576),2026-05-21 22:25:28+02,8.459859,49.484576
38398435,sharing_stations.NBV:Station:7853258,nextbike_vn,NBV:Station:7853258,Universitätsklinik Mannheim,,f,,1,,,,https://app.nextbike.net/station?id=7853258,https://app.nextbike.net/station?id=7853258,https://nxtb.it/p/7853258,2026-05-21 22:23:47+02,f,POINT (8.482906 49.492344),2026-05-21 22:25:28+02,8.482906,49.492344
38398436,sharing_stations.NBV:Station:339475,nextbike_vn,NBV:Station:339475,Hauptbahnhof Mannheim,60.0,f,,7,,,,https://app.nextbike.net/station?id=339475,https://app.nextbike.net/station?id=339475,https://nxtb.it/p/339475,2026-05-21 22:23:47+02,f,POINT (8.469749 49.47996),2026-05-21 22:25:28+02,8.469749,49.47996
38398489,sharing_stations.NBV:Station:364019650,nextbike_vn,NBV:Station:364019650,Lindenhofplatz / HBF Süd,,f,,14,,,,https://app.nextbike.net/station?id=364019650,https://app.nextbike.net/station?id=364019650,https://nxtb.it/p/364019650,2026-05-21 22:23:47+02,f,POINT (8.467814 49.477839),2026-05-21 22:25:28+02,8.467814,49.477839
38398565,sharing_stations.NBV:Station:575989610,nextbike_vn,NBV:Station:575989610,THM Mannheim II,,t,,0,,,,https://app.nextbike.net/station?id=575989610,https://app.nextbike.net/station?id=575989610,https://nxtb.it/p/575989610,2026-05-21 22:23:47+02,f,POINT (8.478683 49.472353),2026-05-21 22:25:28+02,8.478683,49.472353
38394366,sharing_stations.NBV:Station:575989610,nextbike_vn,NBV:Station:575989610,THM Mannheim II,,t,,0,,,,https://app.nextbike.net/station?id=575989610,https://app.nextbike.net/station?id=575989610,https://nxtb.it/p/575989610,2026-05-21 21:46:20+02,f,POINT (8.478683 49.472353),2026-05-21 21:48:55+02,8.478683,49.472353
38394441,sharing_stations.NBV:Station:364019650,nextbike_vn,NBV:Station:364019650,Lindenhofplatz / HBF Süd,,f,,17,,,,https://app.nextbike.net/station?id=364019650,https://app.nextbike.net/station?id=364019650,https://nxtb.it/p/364019650,2026-05-21 21:46:20+02,f,POINT (8.467814 49.477839),2026-05-21 21:48:55+02,8.467814,49.477839
38394506,sharing_stations.NBV:Station:339475,nextbike_vn,NBV:Station:339475,Hauptbahnhof Mannheim,60.0,f,,13,,,,https://app.nextbike.net/station?id=339475,https://app.nextbike.net/station?id=339475,https://nxtb.it/p/339475,2026-05-21 21:46:20+02,f,POINT (8.469749 49.47996),2026-05-21 21:48:55+02,8.469749,49.47996
38394514,sharing_stations.NBV:Station:7853258,nextbike_vn,NBV:Station:7853258,Universitätsklinik Mannheim,,f,,0,,,,https://app.nextbike.net/station?id=7853258,https://app.nextbike.net/station?id=7853258,https://nxtb.it/p/7853258,2026-05-21 21:46:20+02,f,POINT (8.482906 49.492344),2026-05-21 21:48:55+02,8.482906,49.492344
38394750,sharing_stations.NBV:Station:339468,nextbike_vn,NBV:Station:339468,Universität Mensa,10.0,f,,9,,,,https://app.nextbike.net/station?id=339468,https://app.nextbike.net/station?id=339468,https://nxtb.it/p/339468,2026-05-21 21:46:20+02,f,POINT (8.459859 49.484576),2026-05-21 21:48:55+02,8.459859,49.484576
38394769,sharing_stations.NBV:Station:660951,nextbike_vn,NBV:Station:660951,Universität Schloss,10.0,f,,0,,,,https://app.nextbike.net/station?id=660951,https://app.nextbike.net/station?id=660951,https://nxtb.it/p/660951,2026-05-21 21:46:20+02,f,POINT (8.463303 49.48275),2026-05-21 21:48:55+02,8.463303,49.48275
38390053,sharing_stations.NBV:Station:339475,nextbike_vn,NBV:Station:339475,Hauptbahnhof Mannheim,60.0,f,,20,,,,https://app.nextbike.net/station?id=339475,https://app.nextbike.net/station?id=339475,https://nxtb.it/p/339475,2026-05-21 21:10:28+02,f,POINT (8.469749 49.47996),2026-05-21 21:12:59+02,8.469749,49.47996
38390059,sharing_stations.NBV:Station:7853258,nextbike_vn,NBV:Station:7853258,Universitätsklinik Mannheim,,f,,0,,,,https://app.nextbike.net/station?id=7853258,https://app.nextbike.net/station?id=7853258,https://nxtb.it/p/7853258,2026-05-21 21:10:28+02,f,POINT (8.482906 49.492344),2026-05-21 21:12:59+02,8.482906,49.492344
38390069,sharing_stations.NBV:Station:339478,nextbike_vn,NBV:Station:339478,Technische Hochschule Mannheim,10.0,f,,1,,,,https://app.nextbike.net/station?id=339478,https://app.nextbike.net/station?id=339478,https://nxtb.it/p/339478,2026-05-21 21:10:28+02,f,POINT (8.482255 49.470261),2026-05-21 21:12:59+02,8.482255,49.470261
38390103,sharing_stations.NBV:Station:364019650,nextbike_vn,NBV:Station:364019650,Lindenhofplatz / HBF Süd,,f,,18,,,,https://app.nextbike.net/station?id=364019650,https://app.nextbike.net/station?id=364019650,https://nxtb.it/p/364019650,2026-05-21 21:10:28+02,f,POINT (8.467814 49.477839),2026-05-21 21:12:59+02,8.467814,49.477839
38390511,sharing_stations.NBV:Station:660951,nextbike_vn,NBV:Station:660951,Universität Schloss,10.0,f,,0,,,,https://app.nextbike.net/station?id=660951,https://app.nextbike.net/station?id=660951,https://nxtb.it/p/660951,2026-05-21 21:10:28+02,f,POINT (8.463303 49.48275),2026-05-21 21:12:59+02,8.463303,49.48275
38390533,sharing_stations.NBV:Station:339468,nextbike_vn,NBV:Station:339468,Universität Mensa,10.0,f,,13,,,,https://app.nextbike.net/station?id=339468,https://app.nextbike.net/station?id=339468,https://nxtb.it/p/339468,2026-05-21 21:10:28+02,f,POINT (8.459859 49.484576),2026-05-21 21:12:59+02,8.459859,49.484576
38386625,sharing_stations.NBV:Station:364019650,nextbike_vn,NBV:Station:364019650,Lindenhofplatz / HBF Süd,,f,,15,,,,https://app.nextbike.net/station?id=364019650,https://app.nextbike.net/station?id=364019650,https://nxtb.it/p/364019650,2026-05-21 20:34:19+02,f,POINT (8.467814 49.477839),2026-05-21 20:38:05+02,8.467814,49.477839
38386658,sharing_stations.NBV:Station:339478,nextbike_vn,NBV:Station:339478,Technische Hochschule Mannheim,10.0,f,,5,,,,https://app.nextbike.net/station?id=339478,https://app.nextbike.net/station?id=339478,https://nxtb.it/p/339478,2026-05-21 20:34:19+02,f,POINT (8.482255 49.470261),2026-05-21 20:38:05+02,8.482255,49.470261
38386673,sharing_stations.NBV:Station:7853258,nextbike_vn,NBV:Station:7853258,Universitätsklinik Mannheim,,f,,2,,,,https://app.nextbike.net/station?id=7853258,https://app.nextbike.net/station?id=7853258,https://nxtb.it/p/7853258,2026-05-21 20:34:19+02,f,POINT (8.482906 49.492344),2026-05-21 20:38:05+02,8.482906,49.492344
38386675,sharing_stations.NBV:Station:339475,nextbike_vn,NBV:Station:339475,Hauptbahnhof Mannheim,60.0,f,,28,,,,https://app.nextbike.net/station?id=339475,https://app.nextbike.net/station?id=339475,https://nxtb.it/p/339475,2026-05-21 20:34:19+02,f,POINT (8.469749 49.47996),2026-05-21 20:38:05+02,8.469749,49.47996
38387101,sharing_stations.NBV:Station:339468,nextbike_vn,NBV:Station:339468,Universität Mensa,10.0,f,,18,,,,https://app.nextbike.net/station?id=339468,https://app.nextbike.net/station?id=339468,https://nxtb.it/p/339468,2026-05-21 20:34:19+02,f,POINT (8.459859 49.484576),2026-05-21 20:38:05+02,8.459859,49.484576
38387123,sharing_stations.NBV:Station:660951,nextbike_vn,NBV:Station:660951,Universität Schloss,10.0,f,,0,,,,https://app.nextbike.net/station?id=660951,https://app.nextbike.net/station?id=660951,https://nxtb.it/p/660951,2026-05-21 20:34:19+02,f,POINT (8.463303 49.48275),2026-05-21 20:38:05+02,8.463303,49.48275
38383455,sharing_stations.NBV:Station:339468,nextbike_vn,NBV:Station:339468,Universität Mensa,10.0,f,,18,,,,https://app.nextbike.net/station?id=339468,https://app.nextbike.net/station?id=339468,https://nxtb.it/p/339468,2026-05-21 20:00:17+02,f,POINT (8.459859 49.484576),2026-05-21 20:01:37+02,8.459859,49.484576
38383522,sharing_stations.NBV:Station:660951,nextbike_vn,NBV:Station:660951,Universität Schloss,10.0,f,,5,,,,https://app.nextbike.net/station?id=660951,https://app.nextbike.net/station?id=660951,https://nxtb.it/p/660951,2026-05-21 20:00:17+02,f,POINT (8.463303 49.48275),2026-05-21 20:01:37+02,8.463303,49.48275
38383729,sharing_stations.NBV:Station:339478,nextbike_vn,NBV:Station:339478,Technische Hochschule Mannheim,10.0,f,,5,,,,https://app.nextbike.net/station?id=339478,https://app.nextbike.net/station?id=339478,https://nxtb.it/p/339478,2026-05-21 20:00:17+02,f,POINT (8.482255 49.470261),2026-05-21 20:01:37+02,8.482255,49.470261
38383743,sharing_stations.NBV:Station:364019650,nextbike_vn,NBV:Station:364019650,Lindenhofplatz / HBF Süd,,f,,6,,,,https://app.nextbike.net/station?id=364019650,https://app.nextbike.net/station?id=364019650,https://nxtb.it/p/364019650,2026-05-21 20:00:17+02,f,POINT (8.467814 49.477839),2026-05-21 20:01:37+02,8.467814,49.477839
38383783,sharing_stations.NBV:Station:339475,nextbike_vn,NBV:Station:339475,Hauptbahnhof Mannheim,60.0,f,,31,,,,https://app.nextbike.net/station?id=339475,https://app.nextbike.net/station?id=339475,https://nxtb.it/p/339475,2026-05-21 20:00:17+02,f,POINT (8.469749 49.47996),2026-05-21 20:01:37+02,8.469749,49.47996
38383788,sharing_stations.NBV:Station:7853258,nextbike_vn,NBV:Station:7853258,Universitätsklinik Mannheim,,f,,4,,,,https://app.nextbike.net/station?id=7853258,https://app.nextbike.net/station?id=7853258,https://nxtb.it/p/7853258,2026-05-21 20:00:17+02,f,POINT (8.482906 49.492344),2026-05-21 20:01:37+02,8.482906,49.492344
38378805,sharing_stations.NBV:Station:339475,nextbike_vn,NBV:Station:339475,Hauptbahnhof Mannheim,60.0,f,,32,,,,https://app.nextbike.net/station?id=339475,https://app.nextbike.net/station?id=339475,https://nxtb.it/p/339475,2026-05-21 19:25:49+02,f,POINT (8.469749 49.47996),2026-05-21 19:27:30+02,8.469749,49.47996
38378839,sharing_stations.NBV:Station:339478,nextbike_vn,NBV:Station:339478,Technische Hochschule Mannheim,10.0,f,,2,,,,https://app.nextbike.net/station?id=339478,https://app.nextbike.net/station?id=339478,https://nxtb.it/p/339478,2026-05-21 19:25:49+02,f,POINT (8.482255 49.470261),2026-05-21 19:27:30+02,8.482255,49.470261
38378865,sharing_stations.NBV:Station:364019650,nextbike_vn,NBV:Station:364019650,Lindenhofplatz / HBF Süd,,f,,6,,,,https://app.nextbike.net/station?id=364019650,https://app.nextbike.net/station?id=364019650,https://nxtb.it/p/364019650,2026-05-21 19:25:49+02,f,POINT (8.467814 49.477839),2026-05-21 19:27:30+02,8.467814,49.477839
38379301,sharing_stations.NBV:Station:660951,nextbike_vn,NBV:Station:660951,Universität Schloss,10.0,f,,18,,,,https://app.nextbike.net/station?id=660951,https://app.nextbike.net/station?id=660951,https://nxtb.it/p/660951,2026-05-21 19:25:49+02,f,POINT (8.463303 49.48275),2026-05-21 19:27:30+02,8.463303,49.48275
38379320,sharing_stations.NBV:Station:339468,nextbike_vn,NBV:Station:339468,Universität Mensa,10.0,f,,23,,,,https://app.nextbike.net/station?id=339468,https://app.nextbike.net/station?id=339468,https://nxtb.it/p/339468,2026-05-21 19:25:49+02,f,POINT (8.459859 49.484576),2026-05-21 19:27:30+02,8.459859,49.484576
38375479,sharing_stations.NBV:Station:148606240,nextbike_vn,NBV:Station:148606240,A1 - Landgericht/Universität,,f,,1,,4.0,,https://app.nextbike.net/station?id=148606240,https://app.nextbike.net/station?id=148606240,https://nxtb.it/p/148606240,2026-05-21 18:51:13+02,f,POINT (8.462552 49.484796),2026-05-21 18:52:59+02,8.462552,49.484796
38375489,sharing_stations.NBV:Station:339468,nextbike_vn,NBV:Station:339468,Universität Mensa,10.0,f,,25,,,,https://app.nextbike.net/station?id=339468,https://app.nextbike.net/station?id=339468,https://nxtb.it/p/339468,2026-05-21 18:51:13+02,f,POINT (8.459859 49.484576),2026-05-21 18:52:59+02,8.459859,49.484576
38375509,sharing_stations.NBV:Station:660951,nextbike_vn,NBV:Station:660951,Universität Schloss,10.0,f,,30,,,,https://app.nextbike.net/station?id=660951,https://app.nextbike.net/station?id=660951,https://nxtb.it/p/660951,2026-05-21 18:51:13+02,f,POINT (8.463303 49.48275),2026-05-21 18:52:59+02,8.463303,49.48275
38375722,sharing_stations.NBV:Station:364019650,nextbike_vn,NBV:Station:364019650,Lindenhofplatz / HBF Süd,,f,,8,,,,https://app.nextbike.net/station?id=364019650,https://app.nextbike.net/station?id=364019650,https://nxtb.it/p/364019650,2026-05-21 18:51:13+02,f,POINT (8.467814 49.477839),2026-05-21 18:52:59+02,8.467814,49.477839
38375737,sharing_stations.NBV:Station:339478,nextbike_vn,NBV:Station:339478,Technische Hochschule Mannheim,10.0,f,,0,,,,https://app.nextbike.net/station?id=339478,https://app.nextbike.net/station?id=339478,https://nxtb.it/p/339478,2026-05-21 18:51:13+02,f,POINT (8.482255 49.470261),2026-05-21 18:52:59+02,8.482255,49.470261
38375749,sharing_stations.NBV:Station:339475,nextbike_vn,NBV:Station:339475,Hauptbahnhof Mannheim,60.0,f,,32,,,,https://app.nextbike.net/station?id=339475,https://app.nextbike.net/station?id=339475,https://nxtb.it/p/339475,2026-05-21 18:51:13+02,f,POINT (8.469749 49.47996),2026-05-21 18:52:59+02,8.469749,49.47996
38371827,sharing_stations.NBV:Station:339475,nextbike_vn,NBV:Station:339475,Hauptbahnhof Mannheim,60.0,f,,32,,,,https://app.nextbike.net/station?id=339475,https://app.nextbike.net/station?id=339475,https://nxtb.it/p/339475,2026-05-21 18:16:59+02,f,POINT (8.469749 49.47996),2026-05-21 18:18:57+02,8.469749,49.47996
38371834,sharing_stations.NBV:Station:7853258,nextbike_vn,NBV:Station:7853258,Universitätsklinik Mannheim,,f,,1,,,,https://app.nextbike.net/station?id=7853258,https://app.nextbike.net/station?id=7853258,https://nxtb.it/p/7853258,2026-05-21 18:16:59+02,f,POINT (8.482906 49.492344),2026-05-21 18:18:57+02,8.482906,49.492344
38371858,sharing_stations.NBV:Station:364019650,nextbike_vn,NBV:Station:364019650,Lindenhofplatz / HBF Süd,,f,,11,,,,https://app.nextbike.net/station?id=364019650,https://app.nextbike.net/station?id=364019650,https://nxtb.it/p/364019650,2026-05-21 18:16:59+02,f,POINT (8.467814 49.477839),2026-05-21 18:18:57+02,8.467814,49.477839
38371878,sharing_stations.NBV:Station:339478,nextbike_vn,NBV:Station:339478,Technische Hochschule Mannheim,10.0,f,,0,,,,https://app.nextbike.net/station?id=339478,https://app.nextbike.net/station?id=339478,https://nxtb.it/p/339478,2026-05-21 18:16:59+02,f,POINT (8.482255 49.470261),2026-05-21 18:18:57+02,8.482255,49.470261
38372277,sharing_stations.NBV:Station:660951,nextbike_vn,NBV:Station:660951,Universität Schloss,10.0,f,,48,,,,https://app.nextbike.net/station?id=660951,https://app.nextbike.net/station?id=660951,https://nxtb.it/p/660951,2026-05-21 18:16:59+02,f,POINT (8.463303 49.48275),2026-05-21 18:18:57+02,8.463303,49.48275
38372351,sharing_stations.NBV:Station:339468,nextbike_vn,NBV:Station:339468,Universität Mensa,10.0,f,,28,,,,https://app.nextbike.net/station?id=339468,https://app.nextbike.net/station?id=339468,https://nxtb.it/p/339468,2026-05-21 18:16:59+02,f,POINT (8.459859 49.484576),2026-05-21 18:18:57+02,8.459859,49.484576
38372358,sharing_stations.NBV:Station:148606240,nextbike_vn,NBV:Station:148606240,A1 - Landgericht/Universität,,f,,1,,4.0,,https://app.nextbike.net/station?id=148606240,https://app.nextbike.net/station?id=148606240,https://nxtb.it/p/148606240,2026-05-21 18:16:59+02,f,POINT (8.462552 49.484796),2026-05-21 18:18:57+02,8.462552,49.484796
38368171,sharing_stations.NBV:Station:7853258,nextbike_vn,NBV:Station:7853258,Universitätsklinik Mannheim,,f,,0,,,,https://app.nextbike.net/station?id=7853258,https://app.nextbike.net/station?id=7853258,https://nxtb.it/p/7853258,2026-05-21 17:43:10+02,f,POINT (8.482906 49.492344),2026-05-21 17:44:38+02,8.482906,49.492344
38368174,sharing_stations.NBV:Station:339475,nextbike_vn,NBV:Station:339475,Hauptbahnhof Mannheim,60.0,f,,33,,,,https://app.nextbike.net/station?id=339475,https://app.nextbike.net/station?id=339475,https://nxtb.it/p/339475,2026-05-21 17:43:10+02,f,POINT (8.469749 49.47996),2026-05-21 17:44:38+02,8.469749,49.47996
38368208,sharing_stations.NBV:Station:339478,nextbike_vn,NBV:Station:339478,Technische Hochschule Mannheim,10.0,f,,2,,,,https://app.nextbike.net/station?id=339478,https://app.nextbike.net/station?id=339478,https://nxtb.it/p/339478,2026-05-21 17:43:10+02,f,POINT (8.482255 49.470261),2026-05-21 17:44:38+02,8.482255,49.470261
38368224,sharing_stations.NBV:Station:364019650,nextbike_vn,NBV:Station:364019650,Lindenhofplatz / HBF Süd,,f,,12,,,,https://app.nextbike.net/station?id=364019650,https://app.nextbike.net/station?id=364019650,https://nxtb.it/p/364019650,2026-05-21 17:43:10+02,f,POINT (8.467814 49.477839),2026-05-21 17:44:38+02,8.467814,49.477839
38368633,sharing_stations.NBV:Station:660951,nextbike_vn,NBV:Station:660951,Universität Schloss,10.0,f,,60,,,,https://app.nextbike.net/station?id=660951,https://app.nextbike.net/station?id=660951,https://nxtb.it/p/660951,2026-05-21 17:43:10+02,f,POINT (8.463303 49.48275),2026-05-21 17:44:38+02,8.463303,49.48275
38368637,sharing_stations.NBV:Station:148606240,nextbike_vn,NBV:Station:148606240,A1 - Landgericht/Universität,,f,,4,,4.0,,https://app.nextbike.net/station?id=148606240,https://app.nextbike.net/station?id=148606240,https://nxtb.it/p/148606240,2026-05-21 17:43:10+02,f,POINT (8.462552 49.484796),2026-05-21 17:44:38+02,8.462552,49.484796
38368647,sharing_stations.NBV:Station:339468,nextbike_vn,NBV:Station:339468,Universität Mensa,10.0,f,,28,,,,https://app.nextbike.net/station?id=339468,https://app.nextbike.net/station?id=339468,https://nxtb.it/p/339468,2026-05-21 17:43:10+02,f,POINT (8.459859 49.484576),2026-05-21 17:44:38+02,8.459859,49.484576
38364864,sharing_stations.NBV:Station:660951,nextbike_vn,NBV:Station:660951,Universität Schloss,10.0,f,,67,,,,https://app.nextbike.net/station?id=660951,https://app.nextbike.net/station?id=660951,https://nxtb.it/p/660951,2026-05-21 17:06:21+02,f,POINT (8.463303 49.48275),2026-05-21 17:09:34+02,8.463303,49.48275
38364916,sharing_stations.NBV:Station:148606240,nextbike_vn,NBV:Station:148606240,A1 - Landgericht/Universität,,f,,11,,4.0,,https://app.nextbike.net/station?id=148606240,https://app.nextbike.net/station?id=148606240,https://nxtb.it/p/148606240,2026-05-21 17:06:21+02,f,POINT (8.462552 49.484796),2026-05-21 17:09:34+02,8.462552,49.484796
38364925,sharing_stations.NBV:Station:339468,nextbike_vn,NBV:Station:339468,Universität Mensa,10.0,f,,32,,,,https://app.nextbike.net/station?id=339468,https://app.nextbike.net/station?id=339468,https://nxtb.it/p/339468,2026-05-21 17:06:21+02,f,POINT (8.459859 49.484576),2026-05-21 17:09:34+02,8.459859,49.484576
38365285,sharing_stations.NBV:Station:7853258,nextbike_vn,NBV:Station:7853258,Universitätsklinik Mannheim,,f,,1,,,,https://app.nextbike.net/station?id=7853258,https://app.nextbike.net/station?id=7853258,https://nxtb.it/p/7853258,2026-05-21 17:06:21+02,f,POINT (8.482906 49.492344),2026-05-21 17:09:34+02,8.482906,49.492344
38365288,sharing_stations.NBV:Station:339475,nextbike_vn,NBV:Station:339475,Hauptbahnhof Mannheim,60.0,f,,22,,,,https://app.nextbike.net/station?id=339475,https://app.nextbike.net/station?id=339475,https://nxtb.it/p/339475,2026-05-21 17:06:21+02,f,POINT (8.469749 49.47996),2026-05-21 17:09:34+02,8.469749,49.47996
38365340,sharing_stations.NBV:Station:364019650,nextbike_vn,NBV:Station:364019650,Lindenhofplatz / HBF Süd,,f,,12,,,,https://app.nextbike.net/station?id=364019650,https://app.nextbike.net/station?id=364019650,https://nxtb.it/p/364019650,2026-05-21 17:06:21+02,f,POINT (8.467814 49.477839),2026-05-21 17:09:34+02,8.467814,49.477839
38365378,sharing_stations.NBV:Station:339478,nextbike_vn,NBV:Station:339478,Technische Hochschule Mannheim,10.0,f,,1,,,,https://app.nextbike.net/station?id=339478,https://app.nextbike.net/station?id=339478,https://nxtb.it/p/339478,2026-05-21 17:06:21+02,f,POINT (8.482255 49.470261),2026-05-21 17:09:34+02,8.482255,49.470261
38360650,sharing_stations.NBV:Station:364019650,nextbike_vn,NBV:Station:364019650,Lindenhofplatz / HBF Süd,,f,,14,,,,https://app.nextbike.net/station?id=364019650,https://app.nextbike.net/station?id=364019650,https://nxtb.it/p/364019650,2026-05-21 16:34:21+02,f,POINT (8.467814 49.477839),2026-05-21 16:35:36+02,8.467814,49.477839
38360691,sharing_stations.NBV:Station:339475,nextbike_vn,NBV:Station:339475,Hauptbahnhof Mannheim,60.0,f,,21,,,,https://app.nextbike.net/station?id=339475,https://app.nextbike.net/station?id=339475,https://nxtb.it/p/339475,2026-05-21 16:34:21+02,f,POINT (8.469749 49.47996),2026-05-21 16:35:36+02,8.469749,49.47996
38361120,sharing_stations.NBV:Station:148606240,nextbike_vn,NBV:Station:148606240,A1 - Landgericht/Universität,,f,,15,,4.0,,https://app.nextbike.net/station?id=148606240,https://app.nextbike.net/station?id=148606240,https://nxtb.it/p/148606240,2026-05-21 16:34:21+02,f,POINT (8.462552 49.484796),2026-05-21 16:35:36+02,8.462552,49.484796
38361132,sharing_stations.NBV:Station:339468,nextbike_vn,NBV:Station:339468,Universität Mensa,10.0,f,,33,,,,https://app.nextbike.net/station?id=339468,https://app.nextbike.net/station?id=339468,https://nxtb.it/p/339468,2026-05-21 16:34:21+02,f,POINT (8.459859 49.484576),2026-05-21 16:35:36+02,8.459859,49.484576
38361151,sharing_stations.NBV:Station:660951,nextbike_vn,NBV:Station:660951,Universität Schloss,10.0,f,,76,,,,https://app.nextbike.net/station?id=660951,https://app.nextbike.net/station?id=660951,https://nxtb.it/p/660951,2026-05-21 16:34:21+02,f,POINT (8.463303 49.48275),2026-05-21 16:35:36+02,8.463303,49.48275
38357382,sharing_stations.NBV:Station:364019650,nextbike_vn,NBV:Station:364019650,Lindenhofplatz / HBF Süd,,f,,13,,,,https://app.nextbike.net/station?id=364019650,https://app.nextbike.net/station?id=364019650,https://nxtb.it/p/364019650,2026-05-21 15:54:55+02,f,POINT (8.467814 49.477839),2026-05-21 15:57:28+02,8.467814,49.477839
38357398,sharing_stations.NBV:Station:339478,nextbike_vn,NBV:Station:339478,Technische Hochschule Mannheim,10.0,f,,1,,,,https://app.nextbike.net/station?id=339478,https://app.nextbike.net/station?id=339478,https://nxtb.it/p/339478,2026-05-21 15:54:55+02,f,POINT (8.482255 49.470261),2026-05-21 15:57:28+02,8.482255,49.470261
38357409,sharing_stations.NBV:Station:339475,nextbike_vn,NBV:Station:339475,Hauptbahnhof Mannheim,60.0,f,,18,,,,https://app.nextbike.net/station?id=339475,https://app.nextbike.net/station?id=339475,https://nxtb.it/p/339475,2026-05-21 15:54:55+02,f,POINT (8.469749 49.47996),2026-05-21 15:57:28+02,8.469749,49.47996
38357864,sharing_stations.NBV:Station:148606240,nextbike_vn,NBV:Station:148606240,A1 - Landgericht/Universität,,f,,18,,4.0,,https://app.nextbike.net/station?id=148606240,https://app.nextbike.net/station?id=148606240,https://nxtb.it/p/148606240,2026-05-21 15:54:55+02,f,POINT (8.462552 49.484796),2026-05-21 15:57:28+02,8.462552,49.484796
38357871,sharing_stations.NBV:Station:339468,nextbike_vn,NBV:Station:339468,Universität Mensa,10.0,f,,32,,,,https://app.nextbike.net/station?id=339468,https://app.nextbike.net/station?id=339468,https://nxtb.it/p/339468,2026-05-21 15:54:55+02,f,POINT (8.459859 49.484576),2026-05-21 15:57:28+02,8.459859,49.484576
38357890,sharing_stations.NBV:Station:660951,nextbike_vn,NBV:Station:660951,Universität Schloss,10.0,f,,80,,,,https://app.nextbike.net/station?id=660951,https://app.nextbike.net/station?id=660951,https://nxtb.it/p/660951,2026-05-21 15:54:55+02,f,POINT (8.463303 49.48275),2026-05-21 15:57:28+02,8.463303,49.48275
38353709,sharing_stations.NBV:Station:339468,nextbike_vn,NBV:Station:339468,Universität Mensa,10.0,f,,33,,,,https://app.nextbike.net/station?id=339468,https://app.nextbike.net/station?id=339468,https://nxtb.it/p/339468,2026-05-21 15:21:36+02,f,POINT (8.459859 49.484576),2026-05-21 15:23:55+02,8.459859,49.484576
38353720,sharing_stations.NBV:Station:148606240,nextbike_vn,NBV:Station:148606240,A1 - Landgericht/Universität,,f,,18,,4.0,,https://app.nextbike.net/station?id=148606240,https://app.nextbike.net/station?id=148606240,https://nxtb.it/p/148606240,2026-05-21 15:21:36+02,f,POINT (8.462552 49.484796),2026-05-21 15:23:55+02,8.462552,49.484796
38353726,sharing_stations.NBV:Station:660951,nextbike_vn,NBV:Station:660951,Universität Schloss,10.0,f,,84,,,,https://app.nextbike.net/station?id=660951,https://app.nextbike.net/station?id=660951,https://nxtb.it/p/660951,2026-05-21 15:21:36+02,f,POINT (8.463303 49.48275),2026-05-21 15:23:55+02,8.463303,49.48275
38353933,sharing_stations.NBV:Station:364019650,nextbike_vn,NBV:Station:364019650,Lindenhofplatz / HBF Süd,,f,,9,,,,https://app.nextbike.net/station?id=364019650,https://app.nextbike.net/station?id=364019650,https://nxtb.it/p/364019650,2026-05-21 15:21:36+02,f,POINT (8.467814 49.477839),2026-05-21 15:23:55+02,8.467814,49.477839
38353965,sharing_stations.NBV:Station:339478,nextbike_vn,NBV:Station:339478,Technische Hochschule Mannheim,10.0,f,,0,,,,https://app.nextbike.net/station?id=339478,https://app.nextbike.net/station?id=339478,https://nxtb.it/p/339478,2026-05-21 15:21:36+02,f,POINT (8.482255 49.470261),2026-05-21 15:23:55+02,8.482255,49.470261
38353991,sharing_stations.NBV:Station:7853258,nextbike_vn,NBV:Station:7853258,Universitätsklinik Mannheim,,f,,8,,,,https://app.nextbike.net/station?id=7853258,https://app.nextbike.net/station?id=7853258,https://nxtb.it/p/7853258,2026-05-21 15:21:36+02,f,POINT (8.482906 49.492344),2026-05-21 15:23:55+02,8.482906,49.492344
38353995,sharing_stations.NBV:Station:339475,nextbike_vn,NBV:Station:339475,Hauptbahnhof Mannheim,60.0,f,,15,,,,https://app.nextbike.net/station?id=339475,https://app.nextbike.net/station?id=339475,https://nxtb.it/p/339475,2026-05-21 15:21:36+02,f,POINT (8.469749 49.47996),2026-05-21 15:23:55+02,8.469749,49.47996
38354062,sharing_stations.NBV:Station:575989610,nextbike_vn,NBV:Station:575989610,THM Mannheim II,,t,,6,,,,https://app.nextbike.net/station?id=575989610,https://app.nextbike.net/station?id=575989610,https://nxtb.it/p/575989610,2026-05-21 15:21:36+02,f,POINT (8.478683 49.472353),2026-05-21 15:23:55+02,8.478683,49.472353
38350269,sharing_stations.NBV:Station:660951,nextbike_vn,NBV:Station:660951,Universität Schloss,10.0,f,,90,,,,https://app.nextbike.net/station?id=660951,https://app.nextbike.net/station?id=660951,https://nxtb.it/p/660951,2026-05-21 14:48:01+02,f,POINT (8.463303 49.48275),2026-05-21 14:49:50+02,8.463303,49.48275
38350293,sharing_stations.NBV:Station:339468,nextbike_vn,NBV:Station:339468,Universität Mensa,10.0,f,,34,,,,https://app.nextbike.net/station?id=339468,https://app.nextbike.net/station?id=339468,https://nxtb.it/p/339468,2026-05-21 14:48:01+02,f,POINT (8.459859 49.484576),2026-05-21 14:49:50+02,8.459859,49.484576
38350305,sharing_stations.NBV:Station:148606240,nextbike_vn,NBV:Station:148606240,A1 - Landgericht/Universität,,f,,22,,4.0,,https://app.nextbike.net/station?id=148606240,https://app.nextbike.net/station?id=148606240,https://nxtb.it/p/148606240,2026-05-21 14:48:01+02,f,POINT (8.462552 49.484796),2026-05-21 14:49:50+02,8.462552,49.484796
38350635,sharing_stations.NBV:Station:575989610,nextbike_vn,NBV:Station:575989610,THM Mannheim II,,t,,10,,,,https://app.nextbike.net/station?id=575989610,https://app.nextbike.net/station?id=575989610,https://nxtb.it/p/575989610,2026-05-21 14:48:01+02,f,POINT (8.478683 49.472353),2026-05-21 14:49:50+02,8.478683,49.472353
38350714,sharing_stations.NBV:Station:339475,nextbike_vn,NBV:Station:339475,Hauptbahnhof Mannheim,60.0,f,,8,,,,https://app.nextbike.net/station?id=339475,https://app.nextbike.net/station?id=339475,https://nxtb.it/p/339475,2026-05-21 14:48:01+02,f,POINT (8.469749 49.47996),2026-05-21 14:49:50+02,8.469749,49.47996
38350719,sharing_stations.NBV:Station:7853258,nextbike_vn,NBV:Station:7853258,Universitätsklinik Mannheim,,f,,16,,,,https://app.nextbike.net/station?id=7853258,https://app.nextbike.net/station?id=7853258,https://nxtb.it/p/7853258,2026-05-21 14:48:01+02,f,POINT (8.482906 49.492344),2026-05-21 14:49:50+02,8.482906,49.492344
38350730,sharing_stations.NBV:Station:339478,nextbike_vn,NBV:Station:339478,Technische Hochschule Mannheim,10.0,f,,7,,,,https://app.nextbike.net/station?id=339478,https://app.nextbike.net/station?id=339478,https://nxtb.it/p/339478,2026-05-21 14:48:01+02,f,POINT (8.482255 49.470261),2026-05-21 14:49:50+02,8.482255,49.470261
38350761,sharing_stations.NBV:Station:364019650,nextbike_vn,NBV:Station:364019650,Lindenhofplatz / HBF Süd,,f,,4,,,,https://app.nextbike.net/station?id=364019650,https://app.nextbike.net/station?id=364019650,https://nxtb.it/p/364019650,2026-05-21 14:48:01+02,f,POINT (8.467814 49.477839),2026-05-21 14:49:50+02,8.467814,49.477839
38346134,sharing_stations.NBV:Station:575989610,nextbike_vn,NBV:Station:575989610,THM Mannheim II,,t,,9,,,,https://app.nextbike.net/station?id=575989610,https://app.nextbike.net/station?id=575989610,https://nxtb.it/p/575989610,2026-05-21 14:14:40+02,f,POINT (8.478683 49.472353),2026-05-21 14:17:31+02,8.478683,49.472353
38346193,sharing_stations.NBV:Station:364019650,nextbike_vn,NBV:Station:364019650,Lindenhofplatz / HBF Süd,,f,,3,,,,https://app.nextbike.net/station?id=364019650,https://app.nextbike.net/station?id=364019650,https://nxtb.it/p/364019650,2026-05-21 14:14:40+02,f,POINT (8.467814 49.477839),2026-05-21 14:17:31+02,8.467814,49.477839
38346221,sharing_stations.NBV:Station:339478,nextbike_vn,NBV:Station:339478,Technische Hochschule Mannheim,10.0,f,,11,,,,https://app.nextbike.net/station?id=339478,https://app.nextbike.net/station?id=339478,https://nxtb.it/p/339478,2026-05-21 14:14:40+02,f,POINT (8.482255 49.470261),2026-05-21 14:17:31+02,8.482255,49.470261
38346257,sharing_stations.NBV:Station:7853258,nextbike_vn,NBV:Station:7853258,Universitätsklinik Mannheim,,f,,17,,,,https://app.nextbike.net/station?id=7853258,https://app.nextbike.net/station?id=7853258,https://nxtb.it/p/7853258,2026-05-21 14:14:40+02,f,POINT (8.482906 49.492344),2026-05-21 14:17:31+02,8.482906,49.492344
38346263,sharing_stations.NBV:Station:339475,nextbike_vn,NBV:Station:339475,Hauptbahnhof Mannheim,60.0,f,,8,,,,https://app.nextbike.net/station?id=339475,https://app.nextbike.net/station?id=339475,https://nxtb.it/p/339475,2026-05-21 14:14:40+02,f,POINT (8.469749 49.47996),2026-05-21 14:17:31+02,8.469749,49.47996
38346485,sharing_stations.NBV:Station:339468,nextbike_vn,NBV:Station:339468,Universität Mensa,10.0,f,,33,,,,https://app.nextbike.net/station?id=339468,https://app.nextbike.net/station?id=339468,https://nxtb.it/p/339468,2026-05-21 14:14:40+02,f,POINT (8.459859 49.484576),2026-05-21 14:17:31+02,8.459859,49.484576
38346497,sharing_stations.NBV:Station:148606240,nextbike_vn,NBV:Station:148606240,A1 - Landgericht/Universität,,f,,24,,4.0,,https://app.nextbike.net/station?id=148606240,https://app.nextbike.net/station?id=148606240,https://nxtb.it/p/148606240,2026-05-21 14:14:40+02,f,POINT (8.462552 49.484796),2026-05-21 14:17:31+02,8.462552,49.484796
38346501,sharing_stations.NBV:Station:660951,nextbike_vn,NBV:Station:660951,Universität Schloss,10.0,f,,89,,,,https://app.nextbike.net/station?id=660951,https://app.nextbike.net/station?id=660951,https://nxtb.it/p/660951,2026-05-21 14:14:40+02,f,POINT (8.463303 49.48275),2026-05-21 14:17:31+02,8.463303,49.48275
38342921,sharing_stations.NBV:Station:339478,nextbike_vn,NBV:Station:339478,Technische Hochschule Mannheim,10.0,f,,14,,,,https://app.nextbike.net/station?id=339478,https://app.nextbike.net/station?id=339478,https://nxtb.it/p/339478,2026-05-21 13:43:42+02,f,POINT (8.482255 49.470261),2026-05-21 13:45:11+02,8.482255,49.470261
38342940,sharing_stations.NBV:Station:364019650,nextbike_vn,NBV:Station:364019650,Lindenhofplatz / HBF Süd,,f,,1,,,,https://app.nextbike.net/station?id=364019650,https://app.nextbike.net/station?id=364019650,https://nxtb.it/p/364019650,2026-05-21 13:43:42+02,f,POINT (8.467814 49.477839),2026-05-21 13:45:11+02,8.467814,49.477839
38343004,sharing_stations.NBV:Station:7853258,nextbike_vn,NBV:Station:7853258,Universitätsklinik Mannheim,,f,,16,,,,https://app.nextbike.net/station?id=7853258,https://app.nextbike.net/station?id=7853258,https://nxtb.it/p/7853258,2026-05-21 13:43:42+02,f,POINT (8.482906 49.492344),2026-05-21 13:45:11+02,8.482906,49.492344
38343005,sharing_stations.NBV:Station:339475,nextbike_vn,NBV:Station:339475,Hauptbahnhof Mannheim,60.0,f,,8,,,,https://app.nextbike.net/station?id=339475,https://app.nextbike.net/station?id=339475,https://nxtb.it/p/339475,2026-05-21 13:43:42+02,f,POINT (8.469749 49.47996),2026-05-21 13:45:11+02,8.469749,49.47996
38343015,sharing_stations.NBV:Station:575989610,nextbike_vn,NBV:Station:575989610,THM Mannheim II,,t,,9,,,,https://app.nextbike.net/station?id=575989610,https://app.nextbike.net/station?id=575989610,https://nxtb.it/p/575989610,2026-05-21 13:43:42+02,f,POINT (8.478683 49.472353),2026-05-21 13:45:11+02,8.478683,49.472353
38343370,sharing_stations.NBV:Station:339468,nextbike_vn,NBV:Station:339468,Universität Mensa,10.0,f,,33,,,,https://app.nextbike.net/station?id=339468,https://app.nextbike.net/station?id=339468,https://nxtb.it/p/339468,2026-05-21 13:43:42+02,f,POINT (8.459859 49.484576),2026-05-21 13:45:11+02,8.459859,49.484576
38343381,sharing_stations.NBV:Station:148606240,nextbike_vn,NBV:Station:148606240,A1 - Landgericht/Universität,,f,,26,,4.0,,https://app.nextbike.net/station?id=148606240,https://app.nextbike.net/station?id=148606240,https://nxtb.it/p/148606240,2026-05-21 13:43:42+02,f,POINT (8.462552 49.484796),2026-05-21 13:45:11+02,8.462552,49.484796
38343446,sharing_stations.NBV:Station:660951,nextbike_vn,NBV:Station:660951,Universität Schloss,10.0,f,,90,,,,https://app.nextbike.net/station?id=660951,https://app.nextbike.net/station?id=660951,https://nxtb.it/p/660951,2026-05-21 13:43:42+02,f,POINT (8.463303 49.48275),2026-05-21 13:45:11+02,8.463303,49.48275
38338556,sharing_stations.NBV:Station:575989610,nextbike_vn,NBV:Station:575989610,THM Mannheim II,,t,,8,,,,https://app.nextbike.net/station?id=575989610,https://app.nextbike.net/station?id=575989610,https://nxtb.it/p/575989610,2026-05-21 13:10:32+02,f,POINT (8.478683 49.472353),2026-05-21 13:12:32+02,8.478683,49.472353
38338630,sharing_stations.NBV:Station:339475,nextbike_vn,NBV:Station:339475,Hauptbahnhof Mannheim,60.0,f,,9,,,,https://app.nextbike.net/station?id=339475,https://app.nextbike.net/station?id=339475,https://nxtb.it/p/339475,2026-05-21 13:10:32+02,f,POINT (8.469749 49.47996),2026-05-21 13:12:32+02,8.469749,49.47996
38338636,sharing_stations.NBV:Station:7853258,nextbike_vn,NBV:Station:7853258,Universitätsklinik Mannheim,,f,,20,,,,https://app.nextbike.net/station?id=7853258,https://app.nextbike.net/station?id=7853258,https://nxtb.it/p/7853258,2026-05-21 13:10:32+02,f,POINT (8.482906 49.492344),2026-05-21 13:12:32+02,8.482906,49.492344
38338643,sharing_stations.NBV:Station:339478,nextbike_vn,NBV:Station:339478,Technische Hochschule Mannheim,10.0,f,,21,,,,https://app.nextbike.net/station?id=339478,https://app.nextbike.net/station?id=339478,https://nxtb.it/p/339478,2026-05-21 13:10:32+02,f,POINT (8.482255 49.470261),2026-05-21 13:12:32+02,8.482255,49.470261
38338670,sharing_stations.NBV:Station:364019650,nextbike_vn,NBV:Station:364019650,Lindenhofplatz / HBF Süd,,f,,0,,,,https://app.nextbike.net/station?id=364019650,https://app.nextbike.net/station?id=364019650,https://nxtb.it/p/364019650,2026-05-21 13:10:32+02,f,POINT (8.467814 49.477839),2026-05-21 13:12:32+02,8.467814,49.477839
38338896,sharing_stations.NBV:Station:660951,nextbike_vn,NBV:Station:660951,Universität Schloss,10.0,f,,107,,,,https://app.nextbike.net/station?id=660951,https://app.nextbike.net/station?id=660951,https://nxtb.it/p/660951,2026-05-21 13:10:32+02,f,POINT (8.463303 49.48275),2026-05-21 13:12:32+02,8.463303,49.48275
38338920,sharing_stations.NBV:Station:339468,nextbike_vn,NBV:Station:339468,Universität Mensa,10.0,f,,34,,,,https://app.nextbike.net/station?id=339468,https://app.nextbike.net/station?id=339468,https://nxtb.it/p/339468,2026-05-21 13:10:32+02,f,POINT (8.459859 49.484576),2026-05-21 13:12:32+02,8.459859,49.484576
38338927,sharing_stations.NBV:Station:148606240,nextbike_vn,NBV:Station:148606240,A1 - Landgericht/Universität,,f,,27,,4.0,,https://app.nextbike.net/station?id=148606240,https://app.nextbike.net/station?id=148606240,https://nxtb.it/p/148606240,2026-05-21 13:10:32+02,f,POINT (8.462552 49.484796),2026-05-21 13:12:32+02,8.462552,49.484796
38335233,sharing_stations.NBV:Station:148606240,nextbike_vn,NBV:Station:148606240,A1 - Landgericht/Universität,,f,,30,,4.0,,https://app.nextbike.net/station?id=148606240,https://app.nextbike.net/station?id=148606240,https://nxtb.it/p/148606240,2026-05-21 12:36:14+02,f,POINT (8.462552 49.484796),2026-05-21 12:38:27+02,8.462552,49.484796
38335240,sharing_stations.NBV:Station:339468,nextbike_vn,NBV:Station:339468,Universität Mensa,10.0,f,,30,,,,https://app.nextbike.net/station?id=339468,https://app.nextbike.net/station?id=339468,https://nxtb.it/p/339468,2026-05-21 12:36:14+02,f,POINT (8.459859 49.484576),2026-05-21 12:38:27+02,8.459859,49.484576
38335269,sharing_stations.NBV:Station:660951,nextbike_vn,NBV:Station:660951,Universität Schloss,10.0,f,,106,,,,https://app.nextbike.net/station?id=660951,https://app.nextbike.net/station?id=660951,https://nxtb.it/p/660951,2026-05-21 12:36:14+02,f,POINT (8.463303 49.48275),2026-05-21 12:38:27+02,8.463303,49.48275
38335478,sharing_stations.NBV:Station:364019650,nextbike_vn,NBV:Station:364019650,Lindenhofplatz / HBF Süd,,f,,3,,,,https://app.nextbike.net/station?id=364019650,https://app.nextbike.net/station?id=364019650,https://nxtb.it/p/364019650,2026-05-21 12:36:14+02,f,POINT (8.467814 49.477839),2026-05-21 12:38:27+02,8.467814,49.477839
38335508,sharing_stations.NBV:Station:339478,nextbike_vn,NBV:Station:339478,Technische Hochschule Mannheim,10.0,f,,25,,,,https://app.nextbike.net/station?id=339478,https://app.nextbike.net/station?id=339478,https://nxtb.it/p/339478,2026-05-21 12:36:14+02,f,POINT (8.482255 49.470261),2026-05-21 12:38:27+02,8.482255,49.470261
38335522,sharing_stations.NBV:Station:7853258,nextbike_vn,NBV:Station:7853258,Universitätsklinik Mannheim,,f,,21,,,,https://app.nextbike.net/station?id=7853258,https://app.nextbike.net/station?id=7853258,https://nxtb.it/p/7853258,2026-05-21 12:36:14+02,f,POINT (8.482906 49.492344),2026-05-21 12:38:27+02,8.482906,49.492344
38335524,sharing_stations.NBV:Station:339475,nextbike_vn,NBV:Station:339475,Hauptbahnhof Mannheim,60.0,f,,9,,,,https://app.nextbike.net/station?id=339475,https://app.nextbike.net/station?id=339475,https://nxtb.it/p/339475,2026-05-21 12:36:14+02,f,POINT (8.469749 49.47996),2026-05-21 12:38:27+02,8.469749,49.47996
38335595,sharing_stations.NBV:Station:575989610,nextbike_vn,NBV:Station:575989610,THM Mannheim II,,t,,11,,,,https://app.nextbike.net/station?id=575989610,https://app.nextbike.net/station?id=575989610,https://nxtb.it/p/575989610,2026-05-21 12:36:14+02,f,POINT (8.478683 49.472353),2026-05-21 12:38:27+02,8.478683,49.472353
38331825,sharing_stations.NBV:Station:339475,nextbike_vn,NBV:Station:339475,Hauptbahnhof Mannheim,60.0,f,,11,,,,https://app.nextbike.net/station?id=339475,https://app.nextbike.net/station?id=339475,https://nxtb.it/p/339475,2026-05-21 12:01:00+02,f,POINT (8.469749 49.47996),2026-05-21 12:02:41+02,8.469749,49.47996
38331829,sharing_stations.NBV:Station:7853258,nextbike_vn,NBV:Station:7853258,Universitätsklinik Mannheim,,f,,21,,,,https://app.nextbike.net/station?id=7853258,https://app.nextbike.net/station?id=7853258,https://nxtb.it/p/7853258,2026-05-21 12:01:00+02,f,POINT (8.482906 49.492344),2026-05-21 12:02:41+02,8.482906,49.492344
38331841,sharing_stations.NBV:Station:339478,nextbike_vn,NBV:Station:339478,Technische Hochschule Mannheim,10.0,f,,19,,,,https://app.nextbike.net/station?id=339478,https://app.nextbike.net/station?id=339478,https://nxtb.it/p/339478,2026-05-21 12:01:00+02,f,POINT (8.482255 49.470261),2026-05-21 12:02:41+02,8.482255,49.470261
38331885,sharing_stations.NBV:Station:364019650,nextbike_vn,NBV:Station:364019650,Lindenhofplatz / HBF Süd,,f,,2,,,,https://app.nextbike.net/station?id=364019650,https://app.nextbike.net/station?id=364019650,https://nxtb.it/p/364019650,2026-05-21 12:01:00+02,f,POINT (8.467814 49.477839),2026-05-21 12:02:41+02,8.467814,49.477839
38331947,sharing_stations.NBV:Station:575989610,nextbike_vn,NBV:Station:575989610,THM Mannheim II,,t,,12,,,,https://app.nextbike.net/station?id=575989610,https://app.nextbike.net/station?id=575989610,https://nxtb.it/p/575989610,2026-05-21 12:01:00+02,f,POINT (8.478683 49.472353),2026-05-21 12:02:41+02,8.478683,49.472353
38332285,sharing_stations.NBV:Station:660951,nextbike_vn,NBV:Station:660951,Universität Schloss,10.0,f,,108,,,,https://app.nextbike.net/station?id=660951,https://app.nextbike.net/station?id=660951,https://nxtb.it/p/660951,2026-05-21 12:01:00+02,f,POINT (8.463303 49.48275),2026-05-21 12:02:41+02,8.463303,49.48275
38332309,sharing_stations.NBV:Station:339468,nextbike_vn,NBV:Station:339468,Universität Mensa,10.0,f,,15,,,,https://app.nextbike.net/station?id=339468,https://app.nextbike.net/station?id=339468,https://nxtb.it/p/339468,2026-05-21 12:01:00+02,f,POINT (8.459859 49.484576),2026-05-21 12:02:41+02,8.459859,49.484576
38332321,sharing_stations.NBV:Station:148606240,nextbike_vn,NBV:Station:148606240,A1 - Landgericht/Universität,,f,,28,,4.0,,https://app.nextbike.net/station?id=148606240,https://app.nextbike.net/station?id=148606240,https://nxtb.it/p/148606240,2026-05-21 12:01:00+02,f,POINT (8.462552 49.484796),2026-05-21 12:02:41+02,8.462552,49.484796
38328579,sharing_stations.NBV:Station:660951,nextbike_vn,NBV:Station:660951,Universität Schloss,10.0,f,,110,,,,https://app.nextbike.net/station?id=660951,https://app.nextbike.net/station?id=660951,https://nxtb.it/p/660951,2026-05-21 11:25:04+02,f,POINT (8.463303 49.48275),2026-05-21 11:28:05+02,8.463303,49.48275
38328601,sharing_stations.NBV:Station:339468,nextbike_vn,NBV:Station:339468,Universität Mensa,10.0,f,,8,,,,https://app.nextbike.net/station?id=339468,https://app.nextbike.net/station?id=339468,https://nxtb.it/p/339468,2026-05-21 11:25:04+02,f,POINT (8.459859 49.484576),2026-05-21 11:28:05+02,8.459859,49.484576
38328605,sharing_stations.NBV:Station:148606240,nextbike_vn,NBV:Station:148606240,A1 - Landgericht/Universität,,f,,31,,4.0,,https://app.nextbike.net/station?id=148606240,https://app.nextbike.net/station?id=148606240,https://nxtb.it/p/148606240,2026-05-21 11:25:04+02,f,POINT (8.462552 49.484796),2026-05-21 11:28:05+02,8.462552,49.484796
38328945,sharing_stations.NBV:Station:575989610,nextbike_vn,NBV:Station:575989610,THM Mannheim II,,t,,11,,,,https://app.nextbike.net/station?id=575989610,https://app.nextbike.net/station?id=575989610,https://nxtb.it/p/575989610,2026-05-21 11:25:04+02,f,POINT (8.478683 49.472353),2026-05-21 11:28:05+02,8.478683,49.472353
38329017,sharing_stations.NBV:Station:7853258,nextbike_vn,NBV:Station:7853258,Universitätsklinik Mannheim,,f,,25,,,,https://app.nextbike.net/station?id=7853258,https://app.nextbike.net/station?id=7853258,https://nxtb.it/p/7853258,2026-05-21 11:25:04+02,f,POINT (8.482906 49.492344),2026-05-21 11:28:05+02,8.482906,49.492344
38329020,sharing_stations.NBV:Station:339475,nextbike_vn,NBV:Station:339475,Hauptbahnhof Mannheim,60.0,f,,12,,,,https://app.nextbike.net/station?id=339475,https://app.nextbike.net/station?id=339475,https://nxtb.it/p/339475,2026-05-21 11:25:04+02,f,POINT (8.469749 49.47996),2026-05-21 11:28:05+02,8.469749,49.47996
38329028,sharing_stations.NBV:Station:339478,nextbike_vn,NBV:Station:339478,Technische Hochschule Mannheim,10.0,f,,21,,,,https://app.nextbike.net/station?id=339478,https://app.nextbike.net/station?id=339478,https://nxtb.it/p/339478,2026-05-21 11:25:04+02,f,POINT (8.482255 49.470261),2026-05-21 11:28:05+02,8.482255,49.470261
38325412,sharing_stations.NBV:Station:660951,nextbike_vn,NBV:Station:660951,Universität Schloss,10.0,f,,109,,,,https://app.nextbike.net/station?id=660951,https://app.nextbike.net/station?id=660951,https://nxtb.it/p/660951,2026-05-21 10:51:34+02,f,POINT (8.463303 49.48275),2026-05-21 10:53:49+02,8.463303,49.48275
38325436,sharing_stations.NBV:Station:339468,nextbike_vn,NBV:Station:339468,Universität Mensa,10.0,f,,8,,,,https://app.nextbike.net/station?id=339468,https://app.nextbike.net/station?id=339468,https://nxtb.it/p/339468,2026-05-21 10:51:34+02,f,POINT (8.459859 49.484576),2026-05-21 10:53:49+02,8.459859,49.484576
38325447,sharing_stations.NBV:Station:148606240,nextbike_vn,NBV:Station:148606240,A1 - Landgericht/Universität,,f,,34,,4.0,,https://app.nextbike.net/station?id=148606240,https://app.nextbike.net/station?id=148606240,https://nxtb.it/p/148606240,2026-05-21 10:51:34+02,f,POINT (8.462552 49.484796),2026-05-21 10:53:49+02,8.462552,49.484796
38325674,sharing_stations.NBV:Station:7853258,nextbike_vn,NBV:Station:7853258,Universitätsklinik Mannheim,,f,,24,,,,https://app.nextbike.net/station?id=7853258,https://app.nextbike.net/station?id=7853258,https://nxtb.it/p/7853258,2026-05-21 10:51:34+02,f,POINT (8.482906 49.492344),2026-05-21 10:53:49+02,8.482906,49.492344
38325675,sharing_stations.NBV:Station:339475,nextbike_vn,NBV:Station:339475,Hauptbahnhof Mannheim,60.0,f,,12,,,,https://app.nextbike.net/station?id=339475,https://app.nextbike.net/station?id=339475,https://nxtb.it/p/339475,2026-05-21 10:51:34+02,f,POINT (8.469749 49.47996),2026-05-21 10:53:49+02,8.469749,49.47996
38325693,sharing_stations.NBV:Station:339478,nextbike_vn,NBV:Station:339478,Technische Hochschule Mannheim,10.0,f,,24,,,,https://app.nextbike.net/station?id=339478,https://app.nextbike.net/station?id=339478,https://nxtb.it/p/339478,2026-05-21 10:51:34+02,f,POINT (8.482255 49.470261),2026-05-21 10:53:49+02,8.482255,49.470261
38325714,sharing_stations.NBV:Station:364019650,nextbike_vn,NBV:Station:364019650,Lindenhofplatz / HBF Süd,,f,,1,,,,https://app.nextbike.net/station?id=364019650,https://app.nextbike.net/station?id=364019650,https://nxtb.it/p/364019650,2026-05-21 10:51:34+02,f,POINT (8.467814 49.477839),2026-05-21 10:53:49+02,8.467814,49.477839
38325780,sharing_stations.NBV:Station:575989610,nextbike_vn,NBV:Station:575989610,THM Mannheim II,,t,,11,,,,https://app.nextbike.net/station?id=575989610,https://app.nextbike.net/station?id=575989610,https://nxtb.it/p/575989610,2026-05-21 10:51:34+02,f,POINT (8.478683 49.472353),2026-05-21 10:53:49+02,8.478683,49.472353
38322122,sharing_stations.NBV:Station:660951,nextbike_vn,NBV:Station:660951,Universität Schloss,10.0,f,,106,,,,https://app.nextbike.net/station?id=660951,https://app.nextbike.net/station?id=660951,https://nxtb.it/p/660951,2026-05-21 10:18:58+02,f,POINT (8.463303 49.48275),2026-05-21 10:21:03+02,8.463303,49.48275
38322146,sharing_stations.NBV:Station:339468,nextbike_vn,NBV:Station:339468,Universität Mensa,10.0,f,,7,,,,https://app.nextbike.net/station?id=339468,https://app.nextbike.net/station?id=339468,https://nxtb.it/p/339468,2026-05-21 10:18:58+02,f,POINT (8.459859 49.484576),2026-05-21 10:21:03+02,8.459859,49.484576
38322156,sharing_stations.NBV:Station:148606240,nextbike_vn,NBV:Station:148606240,A1 - Landgericht/Universität,,f,,35,,4.0,,https://app.nextbike.net/station?id=148606240,https://app.nextbike.net/station?id=148606240,https://nxtb.it/p/148606240,2026-05-21 10:18:58+02,f,POINT (8.462552 49.484796),2026-05-21 10:21:03+02,8.462552,49.484796
38322383,sharing_stations.NBV:Station:7853258,nextbike_vn,NBV:Station:7853258,Universitätsklinik Mannheim,,f,,24,,,,https://app.nextbike.net/station?id=7853258,https://app.nextbike.net/station?id=7853258,https://nxtb.it/p/7853258,2026-05-21 10:18:58+02,f,POINT (8.482906 49.492344),2026-05-21 10:21:03+02,8.482906,49.492344
38322385,sharing_stations.NBV:Station:339475,nextbike_vn,NBV:Station:339475,Hauptbahnhof Mannheim,60.0,f,,17,,,,https://app.nextbike.net/station?id=339475,https://app.nextbike.net/station?id=339475,https://nxtb.it/p/339475,2026-05-21 10:18:58+02,f,POINT (8.469749 49.47996),2026-05-21 10:21:03+02,8.469749,49.47996
38322402,sharing_stations.NBV:Station:339478,nextbike_vn,NBV:Station:339478,Technische Hochschule Mannheim,10.0,f,,23,,,,https://app.nextbike.net/station?id=339478,https://app.nextbike.net/station?id=339478,https://nxtb.it/p/339478,2026-05-21 10:18:58+02,f,POINT (8.482255 49.470261),2026-05-21 10:21:03+02,8.482255,49.470261
38322433,sharing_stations.NBV:Station:364019650,nextbike_vn,NBV:Station:364019650,Lindenhofplatz / HBF Süd,,f,,1,,,,https://app.nextbike.net/station?id=364019650,https://app.nextbike.net/station?id=364019650,https://nxtb.it/p/364019650,2026-05-21 10:18:58+02,f,POINT (8.467814 49.477839),2026-05-21 10:21:03+02,8.467814,49.477839
38322496,sharing_stations.NBV:Station:575989610,nextbike_vn,NBV:Station:575989610,THM Mannheim II,,t,,10,,,,https://app.nextbike.net/station?id=575989610,https://app.nextbike.net/station?id=575989610,https://nxtb.it/p/575989610,2026-05-21 10:18:58+02,f,POINT (8.478683 49.472353),2026-05-21 10:21:03+02,8.478683,49.472353
38318675,sharing_stations.NBV:Station:575989610,nextbike_vn,NBV:Station:575989610,THM Mannheim II,,t,,8,,,,https://app.nextbike.net/station?id=575989610,https://app.nextbike.net/station?id=575989610,https://nxtb.it/p/575989610,2026-05-21 09:45:42+02,f,POINT (8.478683 49.472353),2026-05-21 09:48:09+02,8.478683,49.472353
38318738,sharing_stations.NBV:Station:364019650,nextbike_vn,NBV:Station:364019650,Lindenhofplatz / HBF Süd,,f,,0,,,,https://app.nextbike.net/station?id=364019650,https://app.nextbike.net/station?id=364019650,https://nxtb.it/p/364019650,2026-05-21 09:45:42+02,f,POINT (8.467814 49.477839),2026-05-21 09:48:09+02,8.467814,49.477839
38318770,sharing_stations.NBV:Station:339478,nextbike_vn,NBV:Station:339478,Technische Hochschule Mannheim,10.0,f,,18,,,,https://app.nextbike.net/station?id=339478,https://app.nextbike.net/station?id=339478,https://nxtb.it/p/339478,2026-05-21 09:45:42+02,f,POINT (8.482255 49.470261),2026-05-21 09:48:09+02,8.482255,49.470261
38318802,sharing_stations.NBV:Station:7853258,nextbike_vn,NBV:Station:7853258,Universitätsklinik Mannheim,,f,,28,,,,https://app.nextbike.net/station?id=7853258,https://app.nextbike.net/station?id=7853258,https://nxtb.it/p/7853258,2026-05-21 09:45:42+02,f,POINT (8.482906 49.492344),2026-05-21 09:48:09+02,8.482906,49.492344
38318805,sharing_stations.NBV:Station:339475,nextbike_vn,NBV:Station:339475,Hauptbahnhof Mannheim,60.0,f,,21,,,,https://app.nextbike.net/station?id=339475,https://app.nextbike.net/station?id=339475,https://nxtb.it/p/339475,2026-05-21 09:45:42+02,f,POINT (8.469749 49.47996),2026-05-21 09:48:09+02,8.469749,49.47996
38319018,sharing_stations.NBV:Station:339468,nextbike_vn,NBV:Station:339468,Universität Mensa,10.0,f,,6,,,,https://app.nextbike.net/station?id=339468,https://app.nextbike.net/station?id=339468,https://nxtb.it/p/339468,2026-05-21 09:45:42+02,f,POINT (8.459859 49.484576),2026-05-21 09:48:09+02,8.459859,49.484576
38319027,sharing_stations.NBV:Station:148606240,nextbike_vn,NBV:Station:148606240,A1 - Landgericht/Universität,,f,,33,,4.0,,https://app.nextbike.net/station?id=148606240,https://app.nextbike.net/station?id=148606240,https://nxtb.it/p/148606240,2026-05-21 09:45:42+02,f,POINT (8.462552 49.484796),2026-05-21 09:48:09+02,8.462552,49.484796
38319034,sharing_stations.NBV:Station:660951,nextbike_vn,NBV:Station:660951,Universität Schloss,10.0,f,,88,,,,https://app.nextbike.net/station?id=660951,https://app.nextbike.net/station?id=660951,https://nxtb.it/p/660951,2026-05-21 09:45:42+02,f,POINT (8.463303 49.48275),2026-05-21 09:48:09+02,8.463303,49.48275
38315095,sharing_stations.NBV:Station:660951,nextbike_vn,NBV:Station:660951,Universität Schloss,10.0,f,,88,,,,https://app.nextbike.net/station?id=660951,https://app.nextbike.net/station?id=660951,https://nxtb.it/p/660951,2026-05-21 09:10:35+02,f,POINT (8.463303 49.48275),2026-05-21 09:13:31+02,8.463303,49.48275
38315123,sharing_stations.NBV:Station:339468,nextbike_vn,NBV:Station:339468,Universität Mensa,10.0,f,,5,,,,https://app.nextbike.net/station?id=339468,https://app.nextbike.net/station?id=339468,https://nxtb.it/p/339468,2026-05-21 09:10:35+02,f,POINT (8.459859 49.484576),2026-05-21 09:13:31+02,8.459859,49.484576
38315130,sharing_stations.NBV:Station:148606240,nextbike_vn,NBV:Station:148606240,A1 - Landgericht/Universität,,f,,32,,4.0,,https://app.nextbike.net/station?id=148606240,https://app.nextbike.net/station?id=148606240,https://nxtb.it/p/148606240,2026-05-21 09:10:35+02,f,POINT (8.462552 49.484796),2026-05-21 09:13:31+02,8.462552,49.484796
38315476,sharing_stations.NBV:Station:575989610,nextbike_vn,NBV:Station:575989610,THM Mannheim II,,t,,6,,,,https://app.nextbike.net/station?id=575989610,https://app.nextbike.net/station?id=575989610,https://nxtb.it/p/575989610,2026-05-21 09:10:35+02,f,POINT (8.478683 49.472353),2026-05-21 09:13:31+02,8.478683,49.472353
38315551,sharing_stations.NBV:Station:339475,nextbike_vn,NBV:Station:339475,Hauptbahnhof Mannheim,60.0,f,,26,,,,https://app.nextbike.net/station?id=339475,https://app.nextbike.net/station?id=339475,https://nxtb.it/p/339475,2026-05-21 09:10:35+02,f,POINT (8.469749 49.47996),2026-05-21 09:13:31+02,8.469749,49.47996
38315560,sharing_stations.NBV:Station:7853258,nextbike_vn,NBV:Station:7853258,Universitätsklinik Mannheim,,f,,23,,,,https://app.nextbike.net/station?id=7853258,https://app.nextbike.net/station?id=7853258,https://nxtb.it/p/7853258,2026-05-21 09:10:35+02,f,POINT (8.482906 49.492344),2026-05-21 09:13:31+02,8.482906,49.492344
38315570,sharing_stations.NBV:Station:339478,nextbike_vn,NBV:Station:339478,Technische Hochschule Mannheim,10.0,f,,16,,,,https://app.nextbike.net/station?id=339478,https://app.nextbike.net/station?id=339478,https://nxtb.it/p/339478,2026-05-21 09:10:35+02,f,POINT (8.482255 49.470261),2026-05-21 09:13:31+02,8.482255,49.470261
38311835,sharing_stations.NBV:Station:575989610,nextbike_vn,NBV:Station:575989610,THM Mannheim II,,t,,5,,,,https://app.nextbike.net/station?id=575989610,https://app.nextbike.net/station?id=575989610,https://nxtb.it/p/575989610,2026-05-21 08:36:38+02,f,POINT (8.478683 49.472353),2026-05-21 08:38:33+02,8.478683,49.472353
38311868,sharing_stations.NBV:Station:7853258,nextbike_vn,NBV:Station:7853258,Universitätsklinik Mannheim,,f,,21,,,,https://app.nextbike.net/station?id=7853258,https://app.nextbike.net/station?id=7853258,https://nxtb.it/p/7853258,2026-05-21 08:36:38+02,f,POINT (8.482906 49.492344),2026-05-21 08:38:33+02,8.482906,49.492344
38311869,sharing_stations.NBV:Station:339475,nextbike_vn,NBV:Station:339475,Hauptbahnhof Mannheim,60.0,f,,36,,,,https://app.nextbike.net/station?id=339475,https://app.nextbike.net/station?id=339475,https://nxtb.it/p/339475,2026-05-21 08:36:38+02,f,POINT (8.469749 49.47996),2026-05-21 08:38:33+02,8.469749,49.47996
38311932,sharing_stations.NBV:Station:339478,nextbike_vn,NBV:Station:339478,Technische Hochschule Mannheim,10.0,f,,16,,,,https://app.nextbike.net/station?id=339478,https://app.nextbike.net/station?id=339478,https://nxtb.it/p/339478,2026-05-21 08:36:38+02,f,POINT (8.482255 49.470261),2026-05-21 08:38:33+02,8.482255,49.470261
38312140,sharing_stations.NBV:Station:660951,nextbike_vn,NBV:Station:660951,Universität Schloss,10.0,f,,81,,,,https://app.nextbike.net/station?id=660951,https://app.nextbike.net/station?id=660951,https://nxtb.it/p/660951,2026-05-21 08:36:38+02,f,POINT (8.463303 49.48275),2026-05-21 08:38:33+02,8.463303,49.48275
38312195,sharing_stations.NBV:Station:339468,nextbike_vn,NBV:Station:339468,Universität Mensa,10.0,f,,5,,,,https://app.nextbike.net/station?id=339468,https://app.nextbike.net/station?id=339468,https://nxtb.it/p/339468,2026-05-21 08:36:38+02,f,POINT (8.459859 49.484576),2026-05-21 08:38:33+02,8.459859,49.484576
38312206,sharing_stations.NBV:Station:148606240,nextbike_vn,NBV:Station:148606240,A1 - Landgericht/Universität,,f,,29,,4.0,,https://app.nextbike.net/station?id=148606240,https://app.nextbike.net/station?id=148606240,https://nxtb.it/p/148606240,2026-05-21 08:36:38+02,f,POINT (8.462552 49.484796),2026-05-21 08:38:33+02,8.462552,49.484796
38307859,sharing_stations.NBV:Station:660951,nextbike_vn,NBV:Station:660951,Universität Schloss,10.0,f,,65,,,,https://app.nextbike.net/station?id=660951,https://app.nextbike.net/station?id=660951,https://nxtb.it/p/660951,2026-05-21 08:01:37+02,f,POINT (8.463303 49.48275),2026-05-21 08:03:47+02,8.463303,49.48275
38307909,sharing_stations.NBV:Station:148606240,nextbike_vn,NBV:Station:148606240,A1 - Landgericht/Universität,,f,,15,,4.0,,https://app.nextbike.net/station?id=148606240,https://app.nextbike.net/station?id=148606240,https://nxtb.it/p/148606240,2026-05-21 08:01:37+02,f,POINT (8.462552 49.484796),2026-05-21 08:03:47+02,8.462552,49.484796
38307919,sharing_stations.NBV:Station:339468,nextbike_vn,NBV:Station:339468,Universität Mensa,10.0,f,,3,,,,https://app.nextbike.net/station?id=339468,https://app.nextbike.net/station?id=339468,https://nxtb.it/p/339468,2026-05-21 08:01:37+02,f,POINT (8.459859 49.484576),2026-05-21 08:03:47+02,8.459859,49.484576
38308103,sharing_stations.NBV:Station:339475,nextbike_vn,NBV:Station:339475,Hauptbahnhof Mannheim,60.0,f,,49,,,,https://app.nextbike.net/station?id=339475,https://app.nextbike.net/station?id=339475,https://nxtb.it/p/339475,2026-05-21 08:01:37+02,f,POINT (8.469749 49.47996),2026-05-21 08:03:47+02,8.469749,49.47996
38308107,sharing_stations.NBV:Station:7853258,nextbike_vn,NBV:Station:7853258,Universitätsklinik Mannheim,,f,,16,,,,https://app.nextbike.net/station?id=7853258,https://app.nextbike.net/station?id=7853258,https://nxtb.it/p/7853258,2026-05-21 08:01:37+02,f,POINT (8.482906 49.492344),2026-05-21 08:03:47+02,8.482906,49.492344
38308195,sharing_stations.NBV:Station:339478,nextbike_vn,NBV:Station:339478,Technische Hochschule Mannheim,10.0,f,,13,,,,https://app.nextbike.net/station?id=339478,https://app.nextbike.net/station?id=339478,https://nxtb.it/p/339478,2026-05-21 08:01:37+02,f,POINT (8.482255 49.470261),2026-05-21 08:03:47+02,8.482255,49.470261
38308296,sharing_stations.NBV:Station:575989610,nextbike_vn,NBV:Station:575989610,THM Mannheim II,,t,,5,,,,https://app.nextbike.net/station?id=575989610,https://app.nextbike.net/station?id=575989610,https://nxtb.it/p/575989610,2026-05-21 08:01:37+02,f,POINT (8.478683 49.472353),2026-05-21 08:03:47+02,8.478683,49.472353
38304144,sharing_stations.NBV:Station:575989610,nextbike_vn,NBV:Station:575989610,THM Mannheim II,,t,,2,,,,https://app.nextbike.net/station?id=575989610,https://app.nextbike.net/station?id=575989610,https://nxtb.it/p/575989610,2026-05-21 07:26:57+02,f,POINT (8.478683 49.472353),2026-05-21 07:29:12+02,8.478683,49.472353
38304217,sharing_stations.NBV:Station:364019650,nextbike_vn,NBV:Station:364019650,Lindenhofplatz / HBF Süd,,f,,3,,,,https://app.nextbike.net/station?id=364019650,https://app.nextbike.net/station?id=364019650,https://nxtb.it/p/364019650,2026-05-21 07:26:57+02,f,POINT (8.467814 49.477839),2026-05-21 07:29:12+02,8.467814,49.477839
38304247,sharing_stations.NBV:Station:339478,nextbike_vn,NBV:Station:339478,Technische Hochschule Mannheim,10.0,f,,5,,,,https://app.nextbike.net/station?id=339478,https://app.nextbike.net/station?id=339478,https://nxtb.it/p/339478,2026-05-21 07:26:57+02,f,POINT (8.482255 49.470261),2026-05-21 07:29:12+02,8.482255,49.470261
38304260,sharing_stations.NBV:Station:339475,nextbike_vn,NBV:Station:339475,Hauptbahnhof Mannheim,60.0,f,,52,,,,https://app.nextbike.net/station?id=339475,https://app.nextbike.net/station?id=339475,https://nxtb.it/p/339475,2026-05-21 07:26:57+02,f,POINT (8.469749 49.47996),2026-05-21 07:29:12+02,8.469749,49.47996
38304266,sharing_stations.NBV:Station:7853258,nextbike_vn,NBV:Station:7853258,Universitätsklinik Mannheim,,f,,8,,,,https://app.nextbike.net/station?id=7853258,https://app.nextbike.net/station?id=7853258,https://nxtb.it/p/7853258,2026-05-21 07:26:57+02,f,POINT (8.482906 49.492344),2026-05-21 07:29:12+02,8.482906,49.492344
38304531,sharing_stations.NBV:Station:660951,nextbike_vn,NBV:Station:660951,Universität Schloss,10.0,f,,7,,,,https://app.nextbike.net/station?id=660951,https://app.nextbike.net/station?id=660951,https://nxtb.it/p/660951,2026-05-21 07:26:57+02,f,POINT (8.463303 49.48275),2026-05-21 07:29:12+02,8.463303,49.48275
38300876,sharing_stations.NBV:Station:575989610,nextbike_vn,NBV:Station:575989610,THM Mannheim II,,t,,2,,,,https://app.nextbike.net/station?id=575989610,https://app.nextbike.net/station?id=575989610,https://nxtb.it/p/575989610,2026-05-21 06:53:32+02,f,POINT (8.478683 49.472353),2026-05-21 06:56:29+02,8.478683,49.472353
38300906,sharing_stations.NBV:Station:7853258,nextbike_vn,NBV:Station:7853258,Universitätsklinik Mannheim,,f,,5,,,,https://app.nextbike.net/station?id=7853258,https://app.nextbike.net/station?id=7853258,https://nxtb.it/p/7853258,2026-05-21 06:53:32+02,f,POINT (8.482906 49.492344),2026-05-21 06:56:29+02,8.482906,49.492344
38300911,sharing_stations.NBV:Station:339475,nextbike_vn,NBV:Station:339475,Hauptbahnhof Mannheim,60.0,f,,56,,,,https://app.nextbike.net/station?id=339475,https://app.nextbike.net/station?id=339475,https://nxtb.it/p/339475,2026-05-21 06:53:32+02,f,POINT (8.469749 49.47996),2026-05-21 06:56:29+02,8.469749,49.47996
38300934,sharing_stations.NBV:Station:364019650,nextbike_vn,NBV:Station:364019650,Lindenhofplatz / HBF Süd,,f,,1,,,,https://app.nextbike.net/station?id=364019650,https://app.nextbike.net/station?id=364019650,https://nxtb.it/p/364019650,2026-05-21 06:53:32+02,f,POINT (8.467814 49.477839),2026-05-21 06:56:29+02,8.467814,49.477839
38300963,sharing_stations.NBV:Station:339478,nextbike_vn,NBV:Station:339478,Technische Hochschule Mannheim,10.0,f,,4,,,,https://app.nextbike.net/station?id=339478,https://app.nextbike.net/station?id=339478,https://nxtb.it/p/339478,2026-05-21 06:53:32+02,f,POINT (8.482255 49.470261),2026-05-21 06:56:29+02,8.482255,49.470261
38301174,sharing_stations.NBV:Station:660951,nextbike_vn,NBV:Station:660951,Universität Schloss,10.0,f,,2,,,,https://app.nextbike.net/station?id=660951,https://app.nextbike.net/station?id=660951,https://nxtb.it/p/660951,2026-05-21 06:53:32+02,f,POINT (8.463303 49.48275),2026-05-21 06:56:29+02,8.463303,49.48275
38297480,sharing_stations.NBV:Station:575989610,nextbike_vn,NBV:Station:575989610,THM Mannheim II,,t,,1,,,,https://app.nextbike.net/station?id=575989610,https://app.nextbike.net/station?id=575989610,https://nxtb.it/p/575989610,2026-05-21 06:21:40+02,f,POINT (8.478683 49.472353),2026-05-21 06:23:41+02,8.478683,49.472353
38297547,sharing_stations.NBV:Station:364019650,nextbike_vn,NBV:Station:364019650,Lindenhofplatz / HBF Süd,,f,,4,,,,https://app.nextbike.net/station?id=364019650,https://app.nextbike.net/station?id=364019650,https://nxtb.it/p/364019650,2026-05-21 06:21:40+02,f,POINT (8.467814 49.477839),2026-05-21 06:23:41+02,8.467814,49.477839
38297566,sharing_stations.NBV:Station:339478,nextbike_vn,NBV:Station:339478,Technische Hochschule Mannheim,10.0,f,,6,,,,https://app.nextbike.net/station?id=339478,https://app.nextbike.net/station?id=339478,https://nxtb.it/p/339478,2026-05-21 06:21:40+02,f,POINT (8.482255 49.470261),2026-05-21 06:23:41+02,8.482255,49.470261
38297604,sharing_stations.NBV:Station:7853258,nextbike_vn,NBV:Station:7853258,Universitätsklinik Mannheim,,f,,1,,,,https://app.nextbike.net/station?id=7853258,https://app.nextbike.net/station?id=7853258,https://nxtb.it/p/7853258,2026-05-21 06:21:40+02,f,POINT (8.482906 49.492344),2026-05-21 06:23:41+02,8.482906,49.492344
38297608,sharing_stations.NBV:Station:339475,nextbike_vn,NBV:Station:339475,Hauptbahnhof Mannheim,60.0,f,,51,,,,https://app.nextbike.net/station?id=339475,https://app.nextbike.net/station?id=339475,https://nxtb.it/p/339475,2026-05-21 06:21:40+02,f,POINT (8.469749 49.47996),2026-05-21 06:23:41+02,8.469749,49.47996
38297850,sharing_stations.NBV:Station:660951,nextbike_vn,NBV:Station:660951,Universität Schloss,10.0,f,,2,,,,https://app.nextbike.net/station?id=660951,https://app.nextbike.net/station?id=660951,https://nxtb.it/p/660951,2026-05-21 06:21:40+02,f,POINT (8.463303 49.48275),2026-05-21 06:23:41+02,8.463303,49.48275
38294342,sharing_stations.NBV:Station:660951,nextbike_vn,NBV:Station:660951,Universität Schloss,10.0,f,,2,,,,https://app.nextbike.net/station?id=660951,https://app.nextbike.net/station?id=660951,https://nxtb.it/p/660951,2026-05-21 05:47:14+02,f,POINT (8.463303 49.48275),2026-05-21 05:48:22+02,8.463303,49.48275
38294765,sharing_stations.NBV:Station:575989610,nextbike_vn,NBV:Station:575989610,THM Mannheim II,,t,,1,,,,https://app.nextbike.net/station?id=575989610,https://app.nextbike.net/station?id=575989610,https://nxtb.it/p/575989610,2026-05-21 05:47:14+02,f,POINT (8.478683 49.472353),2026-05-21 05:48:22+02,8.478683,49.472353
38294798,sharing_stations.NBV:Station:339475,nextbike_vn,NBV:Station:339475,Hauptbahnhof Mannheim,60.0,f,,51,,,,https://app.nextbike.net/station?id=339475,https://app.nextbike.net/station?id=339475,https://nxtb.it/p/339475,2026-05-21 05:47:14+02,f,POINT (8.469749 49.47996),2026-05-21 05:48:22+02,8.469749,49.47996
38294802,sharing_stations.NBV:Station:7853258,nextbike_vn,NBV:Station:7853258,Universitätsklinik Mannheim,,f,,1,,,,https://app.nextbike.net/station?id=7853258,https://app.nextbike.net/station?id=7853258,https://nxtb.it/p/7853258,2026-05-21 05:47:14+02,f,POINT (8.482906 49.492344),2026-05-21 05:48:22+02,8.482906,49.492344
38294834,sharing_stations.NBV:Station:364019650,nextbike_vn,NBV:Station:364019650,Lindenhofplatz / HBF Süd,,f,,4,,,,https://app.nextbike.net/station?id=364019650,https://app.nextbike.net/station?id=364019650,https://nxtb.it/p/364019650,2026-05-21 05:47:14+02,f,POINT (8.467814 49.477839),2026-05-21 05:48:22+02,8.467814,49.477839
38294856,sharing_stations.NBV:Station:339478,nextbike_vn,NBV:Station:339478,Technische Hochschule Mannheim,10.0,f,,6,,,,https://app.nextbike.net/station?id=339478,https://app.nextbike.net/station?id=339478,https://nxtb.it/p/339478,2026-05-21 05:47:14+02,f,POINT (8.482255 49.470261),2026-05-21 05:48:22+02,8.482255,49.470261
38291395,sharing_stations.NBV:Station:575989610,nextbike_vn,NBV:Station:575989610,THM Mannheim II,,t,,1,,,,https://app.nextbike.net/station?id=575989610,https://app.nextbike.net/station?id=575989610,https://nxtb.it/p/575989610,2026-05-21 05:10:48+02,f,POINT (8.478683 49.472353),2026-05-21 05:12:12+02,8.478683,49.472353
38291474,sharing_stations.NBV:Station:339475,nextbike_vn,NBV:Station:339475,Hauptbahnhof Mannheim,60.0,f,,51,,,,https://app.nextbike.net/station?id=339475,https://app.nextbike.net/station?id=339475,https://nxtb.it/p/339475,2026-05-21 05:10:48+02,f,POINT (8.469749 49.47996),2026-05-21 05:12:12+02,8.469749,49.47996
38291483,sharing_stations.NBV:Station:339478,nextbike_vn,NBV:Station:339478,Technische Hochschule Mannheim,10.0,f,,6,,,,https://app.nextbike.net/station?id=339478,https://app.nextbike.net/station?id=339478,https://nxtb.it/p/339478,2026-05-21 05:10:48+02,f,POINT (8.482255 49.470261),2026-05-21 05:12:12+02,8.482255,49.470261
38291517,sharing_stations.NBV:Station:364019650,nextbike_vn,NBV:Station:364019650,Lindenhofplatz / HBF Süd,,f,,3,,,,https://app.nextbike.net/station?id=364019650,https://app.nextbike.net/station?id=364019650,https://nxtb.it/p/364019650,2026-05-21 05:10:48+02,f,POINT (8.467814 49.477839),2026-05-21 05:12:12+02,8.467814,49.477839
38291744,sharing_stations.NBV:Station:660951,nextbike_vn,NBV:Station:660951,Universität Schloss,10.0,f,,2,,,,https://app.nextbike.net/station?id=660951,https://app.nextbike.net/station?id=660951,https://nxtb.it/p/660951,2026-05-21 05:10:48+02,f,POINT (8.463303 49.48275),2026-05-21 05:12:12+02,8.463303,49.48275
38288316,sharing_stations.NBV:Station:660951,nextbike_vn,NBV:Station:660951,Universität Schloss,10.0,f,,2,,,,https://app.nextbike.net/station?id=660951,https://app.nextbike.net/station?id=660951,https://nxtb.it/p/660951,2026-05-21 04:33:46+02,f,POINT (8.463303 49.48275),2026-05-21 04:36:20+02,8.463303,49.48275
38288670,sharing_stations.NBV:Station:575989610,nextbike_vn,NBV:Station:575989610,THM Mannheim II,,t,,1,,,,https://app.nextbike.net/station?id=575989610,https://app.nextbike.net/station?id=575989610,https://nxtb.it/p/575989610,2026-05-21 04:33:46+02,f,POINT (8.478683 49.472353),2026-05-21 04:36:20+02,8.478683,49.472353
38288758,sharing_stations.NBV:Station:339475,nextbike_vn,NBV:Station:339475,Hauptbahnhof Mannheim,60.0,f,,52,,,,https://app.nextbike.net/station?id=339475,https://app.nextbike.net/station?id=339475,https://nxtb.it/p/339475,2026-05-21 04:33:46+02,f,POINT (8.469749 49.47996),2026-05-21 04:36:20+02,8.469749,49.47996
38288771,sharing_stations.NBV:Station:339478,nextbike_vn,NBV:Station:339478,Technische Hochschule Mannheim,10.0,f,,6,,,,https://app.nextbike.net/station?id=339478,https://app.nextbike.net/station?id=339478,https://nxtb.it/p/339478,2026-05-21 04:33:46+02,f,POINT (8.482255 49.470261),2026-05-21 04:36:20+02,8.482255,49.470261
38288795,sharing_stations.NBV:Station:364019650,nextbike_vn,NBV:Station:364019650,Lindenhofplatz / HBF Süd,,f,,3,,,,https://app.nextbike.net/station?id=364019650,https://app.nextbike.net/station?id=364019650,https://nxtb.it/p/364019650,2026-05-21 04:33:46+02,f,POINT (8.467814 49.477839),2026-05-21 04:36:20+02,8.467814,49.477839
38285401,sharing_stations.NBV:Station:364019650,nextbike_vn,NBV:Station:364019650,Lindenhofplatz / HBF Süd,,f,,3,,,,https://app.nextbike.net/station?id=364019650,https://app.nextbike.net/station?id=364019650,https://nxtb.it/p/364019650,2026-05-21 03:57:32+02,f,POINT (8.467814 49.477839),2026-05-21 04:00:51+02,8.467814,49.477839
38285425,sharing_stations.NBV:Station:339478,nextbike_vn,NBV:Station:339478,Technische Hochschule Mannheim,10.0,f,,6,,,,https://app.nextbike.net/station?id=339478,https://app.nextbike.net/station?id=339478,https://nxtb.it/p/339478,2026-05-21 03:57:32+02,f,POINT (8.482255 49.470261),2026-05-21 04:00:51+02,8.482255,49.470261
38285462,sharing_stations.NBV:Station:339475,nextbike_vn,NBV:Station:339475,Hauptbahnhof Mannheim,60.0,f,,53,,,,https://app.nextbike.net/station?id=339475,https://app.nextbike.net/station?id=339475,https://nxtb.it/p/339475,2026-05-21 03:57:32+02,f,POINT (8.469749 49.47996),2026-05-21 04:00:51+02,8.469749,49.47996
38285519,sharing_stations.NBV:Station:575989610,nextbike_vn,NBV:Station:575989610,THM Mannheim II,,t,,1,,,,https://app.nextbike.net/station?id=575989610,https://app.nextbike.net/station?id=575989610,https://nxtb.it/p/575989610,2026-05-21 03:57:32+02,f,POINT (8.478683 49.472353),2026-05-21 04:00:51+02,8.478683,49.472353
38282113,sharing_stations.NBV:Station:575989610,nextbike_vn,NBV:Station:575989610,THM Mannheim II,,t,,1,,,,https://app.nextbike.net/station?id=575989610,https://app.nextbike.net/station?id=575989610,https://nxtb.it/p/575989610,2026-05-21 03:21:38+02,f,POINT (8.478683 49.472353),2026-05-21 03:23:39+02,8.478683,49.472353
38282176,sharing_stations.NBV:Station:364019650,nextbike_vn,NBV:Station:364019650,Lindenhofplatz / HBF Süd,,f,,3,,,,https://app.nextbike.net/station?id=364019650,https://app.nextbike.net/station?id=364019650,https://nxtb.it/p/364019650,2026-05-21 03:21:38+02,f,POINT (8.467814 49.477839),2026-05-21 03:23:39+02,8.467814,49.477839
38282207,sharing_stations.NBV:Station:339478,nextbike_vn,NBV:Station:339478,Technische Hochschule Mannheim,10.0,f,,6,,,,https://app.nextbike.net/station?id=339478,https://app.nextbike.net/station?id=339478,https://nxtb.it/p/339478,2026-05-21 03:21:38+02,f,POINT (8.482255 49.470261),2026-05-21 03:23:39+02,8.482255,49.470261
38282242,sharing_stations.NBV:Station:339475,nextbike_vn,NBV:Station:339475,Hauptbahnhof Mannheim,60.0,f,,53,,,,https://app.nextbike.net/station?id=339475,https://app.nextbike.net/station?id=339475,https://nxtb.it/p/339475,2026-05-21 03:21:38+02,f,POINT (8.469749 49.47996),2026-05-21 03:23:39+02,8.469749,49.47996
38279221,sharing_stations.NBV:Station:339475,nextbike_vn,NBV:Station:339475,Hauptbahnhof Mannheim,60.0,f,,53,,,,https://app.nextbike.net/station?id=339475,https://app.nextbike.net/station?id=339475,https://nxtb.it/p/339475,2026-05-21 02:46:22+02,f,POINT (8.469749 49.47996),2026-05-21 02:48:42+02,8.469749,49.47996
38279250,sharing_stations.NBV:Station:339478,nextbike_vn,NBV:Station:339478,Technische Hochschule Mannheim,10.0,f,,6,,,,https://app.nextbike.net/station?id=339478,https://app.nextbike.net/station?id=339478,https://nxtb.it/p/339478,2026-05-21 02:46:22+02,f,POINT (8.482255 49.470261),2026-05-21 02:48:42+02,8.482255,49.470261
38279290,sharing_stations.NBV:Station:364019650,nextbike_vn,NBV:Station:364019650,Lindenhofplatz / HBF Süd,,f,,5,,,,https://app.nextbike.net/station?id=364019650,https://app.nextbike.net/station?id=364019650,https://nxtb.it/p/364019650,2026-05-21 02:46:22+02,f,POINT (8.467814 49.477839),2026-05-21 02:48:42+02,8.467814,49.477839
38279349,sharing_stations.NBV:Station:575989610,nextbike_vn,NBV:Station:575989610,THM Mannheim II,,t,,1,,,,https://app.nextbike.net/station?id=575989610,https://app.nextbike.net/station?id=575989610,https://nxtb.it/p/575989610,2026-05-21 02:46:22+02,f,POINT (8.478683 49.472353),2026-05-21 02:48:42+02,8.478683,49.472353
38275382,sharing_stations.NBV:Station:575989610,nextbike_vn,NBV:Station:575989610,THM Mannheim II,,t,,1,,,,https://app.nextbike.net/station?id=575989610,https://app.nextbike.net/station?id=575989610,https://nxtb.it/p/575989610,2026-05-21 02:14:00+02,f,POINT (8.478683 49.472353),2026-05-21 02:15:20+02,8.478683,49.472353
38275469,sharing_stations.NBV:Station:339478,nextbike_vn,NBV:Station:339478,Technische Hochschule Mannheim,10.0,f,,6,,,,https://app.nextbike.net/station?id=339478,https://app.nextbike.net/station?id=339478,https://nxtb.it/p/339478,2026-05-21 02:14:00+02,f,POINT (8.482255 49.470261),2026-05-21 02:15:20+02,8.482255,49.470261
38275512,sharing_stations.NBV:Station:364019650,nextbike_vn,NBV:Station:364019650,Lindenhofplatz / HBF Süd,,f,,5,,,,https://app.nextbike.net/station?id=364019650,https://app.nextbike.net/station?id=364019650,https://nxtb.it/p/364019650,2026-05-21 02:14:00+02,f,POINT (8.467814 49.477839),2026-05-21 02:15:20+02,8.467814,49.477839
38275557,sharing_stations.NBV:Station:339475,nextbike_vn,NBV:Station:339475,Hauptbahnhof Mannheim,60.0,f,,54,,,,https://app.nextbike.net/station?id=339475,https://app.nextbike.net/station?id=339475,https://nxtb.it/p/339475,2026-05-21 02:14:00+02,f,POINT (8.469749 49.47996),2026-05-21 02:15:20+02,8.469749,49.47996
38272102,sharing_stations.NBV:Station:575989610,nextbike_vn,NBV:Station:575989610,THM Mannheim II,,t,,1,,,,https://app.nextbike.net/station?id=575989610,https://app.nextbike.net/station?id=575989610,https://nxtb.it/p/575989610,2026-05-21 01:37:41+02,f,POINT (8.478683 49.472353),2026-05-21 01:40:23+02,8.478683,49.472353
38272142,sharing_stations.NBV:Station:339475,nextbike_vn,NBV:Station:339475,Hauptbahnhof Mannheim,60.0,f,,6,,,,https://app.nextbike.net/station?id=339475,https://app.nextbike.net/station?id=339475,https://nxtb.it/p/339475,2026-05-21 01:37:41+02,f,POINT (8.469749 49.47996),2026-05-21 01:40:23+02,8.469749,49.47996
38272170,sharing_stations.NBV:Station:364019650,nextbike_vn,NBV:Station:364019650,Lindenhofplatz / HBF Süd,,f,,5,,,,https://app.nextbike.net/station?id=364019650,https://app.nextbike.net/station?id=364019650,https://nxtb.it/p/364019650,2026-05-21 01:37:41+02,f,POINT (8.467814 49.477839),2026-05-21 01:40:23+02,8.467814,49.477839
38272205,sharing_stations.NBV:Station:339478,nextbike_vn,NBV:Station:339478,Technische Hochschule Mannheim,10.0,f,,6,,,,https://app.nextbike.net/station?id=339478,https://app.nextbike.net/station?id=339478,https://nxtb.it/p/339478,2026-05-21 01:37:41+02,f,POINT (8.482255 49.470261),2026-05-21 01:40:23+02,8.482255,49.470261
38269253,sharing_stations.NBV:Station:364019650,nextbike_vn,NBV:Station:364019650,Lindenhofplatz / HBF Süd,,f,,5,,,,https://app.nextbike.net/station?id=364019650,https://app.nextbike.net/station?id=364019650,https://nxtb.it/p/364019650,2026-05-21 01:03:30+02,f,POINT (8.467814 49.477839),2026-05-21 01:06:32+02,8.467814,49.477839
38269285,sharing_stations.NBV:Station:339478,nextbike_vn,NBV:Station:339478,Technische Hochschule Mannheim,10.0,f,,5,,,,https://app.nextbike.net/station?id=339478,https://app.nextbike.net/station?id=339478,https://nxtb.it/p/339478,2026-05-21 01:03:30+02,f,POINT (8.482255 49.470261),2026-05-21 01:06:32+02,8.482255,49.470261
38269323,sharing_stations.NBV:Station:7853258,nextbike_vn,NBV:Station:7853258,Universitätsklinik Mannheim,,f,,1,,,,https://app.nextbike.net/station?id=7853258,https://app.nextbike.net/station?id=7853258,https://nxtb.it/p/7853258,2026-05-21 01:03:30+02,f,POINT (8.482906 49.492344),2026-05-21 01:06:32+02,8.482906,49.492344
38269324,sharing_stations.NBV:Station:339475,nextbike_vn,NBV:Station:339475,Hauptbahnhof Mannheim,60.0,f,,1,,,,https://app.nextbike.net/station?id=339475,https://app.nextbike.net/station?id=339475,https://nxtb.it/p/339475,2026-05-21 01:03:30+02,f,POINT (8.469749 49.47996),2026-05-21 01:06:32+02,8.469749,49.47996
38269386,sharing_stations.NBV:Station:575989610,nextbike_vn,NBV:Station:575989610,THM Mannheim II,,t,,1,,,,https://app.nextbike.net/station?id=575989610,https://app.nextbike.net/station?id=575989610,https://nxtb.it/p/575989610,2026-05-21 01:03:30+02,f,POINT (8.478683 49.472353),2026-05-21 01:06:32+02,8.478683,49.472353
38265904,sharing_stations.NBV:Station:339475,nextbike_vn,NBV:Station:339475,Hauptbahnhof Mannheim,60.0,f,,0,,,,https://app.nextbike.net/station?id=339475,https://app.nextbike.net/station?id=339475,https://nxtb.it/p/339475,2026-05-21 00:30:57+02,f,POINT (8.469749 49.47996),2026-05-21 00:32:15+02,8.469749,49.47996
38265909,sharing_stations.NBV:Station:7853258,nextbike_vn,NBV:Station:7853258,Universitätsklinik Mannheim,,f,,1,,,,https://app.nextbike.net/station?id=7853258,https://app.nextbike.net/station?id=7853258,https://nxtb.it/p/7853258,2026-05-21 00:30:57+02,f,POINT (8.482906 49.492344),2026-05-21 00:32:15+02,8.482906,49.492344
38265958,sharing_stations.NBV:Station:364019650,nextbike_vn,NBV:Station:364019650,Lindenhofplatz / HBF Süd,,f,,5,,,,https://app.nextbike.net/station?id=364019650,https://app.nextbike.net/station?id=364019650,https://nxtb.it/p/364019650,2026-05-21 00:30:57+02,f,POINT (8.467814 49.477839),2026-05-21 00:32:15+02,8.467814,49.477839
38265984,sharing_stations.NBV:Station:339478,nextbike_vn,NBV:Station:339478,Technische Hochschule Mannheim,10.0,f,,5,,,,https://app.nextbike.net/station?id=339478,https://app.nextbike.net/station?id=339478,https://nxtb.it/p/339478,2026-05-21 00:30:57+02,f,POINT (8.482255 49.470261),2026-05-21 00:32:15+02,8.482255,49.470261
38266070,sharing_stations.NBV:Station:575989610,nextbike_vn,NBV:Station:575989610,THM Mannheim II,,t,,1,,,,https://app.nextbike.net/station?id=575989610,https://app.nextbike.net/station?id=575989610,https://nxtb.it/p/575989610,2026-05-21 00:30:57+02,f,POINT (8.478683 49.472353),2026-05-21 00:32:15+02,8.478683,49.472353
38262500,sharing_stations.NBV:Station:575989610,nextbike_vn,NBV:Station:575989610,THM Mannheim II,,t,,1,,,,https://app.nextbike.net/station?id=575989610,https://app.nextbike.net/station?id=575989610,https://nxtb.it/p/575989610,2026-05-20 23:49:51+02,f,POINT (8.478683 49.472353),2026-05-20 23:52:07+02,8.478683,49.472353
38262602,sharing_stations.NBV:Station:339478,nextbike_vn,NBV:Station:339478,Technische Hochschule Mannheim,10.0,f,,3,,,,https://app.nextbike.net/station?id=339478,https://app.nextbike.net/station?id=339478,https://nxtb.it/p/339478,2026-05-20 23:49:51+02,f,POINT (8.482255 49.470261),2026-05-20 23:52:07+02,8.482255,49.470261
38262624,sharing_stations.NBV:Station:364019650,nextbike_vn,NBV:Station:364019650,Lindenhofplatz / HBF Süd,,f,,6,,,,https://app.nextbike.net/station?id=364019650,https://app.nextbike.net/station?id=364019650,https://nxtb.it/p/364019650,2026-05-20 23:49:51+02,f,POINT (8.467814 49.477839),2026-05-20 23:52:07+02,8.467814,49.477839
38262676,sharing_stations.NBV:Station:339475,nextbike_vn,NBV:Station:339475,Hauptbahnhof Mannheim,60.0,f,,22,,,,https://app.nextbike.net/station?id=339475,https://app.nextbike.net/station?id=339475,https://nxtb.it/p/339475,2026-05-20 23:49:51+02,f,POINT (8.469749 49.47996),2026-05-20 23:52:07+02,8.469749,49.47996
38262681,sharing_stations.NBV:Station:7853258,nextbike_vn,NBV:Station:7853258,Universitätsklinik Mannheim,,f,,5,,,,https://app.nextbike.net/station?id=7853258,https://app.nextbike.net/station?id=7853258,https://nxtb.it/p/7853258,2026-05-20 23:49:51+02,f,POINT (8.482906 49.492344),2026-05-20 23:52:07+02,8.482906,49.492344
38259097,sharing_stations.NBV:Station:575989610,nextbike_vn,NBV:Station:575989610,THM Mannheim II,,t,,1,,,,https://app.nextbike.net/station?id=575989610,https://app.nextbike.net/station?id=575989610,https://nxtb.it/p/575989610,2026-05-20 23:15:41+02,f,POINT (8.478683 49.472353),2026-05-20 23:19:02+02,8.478683,49.472353
38259190,sharing_stations.NBV:Station:339478,nextbike_vn,NBV:Station:339478,Technische Hochschule Mannheim,10.0,f,,3,,,,https://app.nextbike.net/station?id=339478,https://app.nextbike.net/station?id=339478,https://nxtb.it/p/339478,2026-05-20 23:15:41+02,f,POINT (8.482255 49.470261),2026-05-20 23:19:02+02,8.482255,49.470261
38259229,sharing_stations.NBV:Station:364019650,nextbike_vn,NBV:Station:364019650,Lindenhofplatz / HBF Süd,,f,,7,,,,https://app.nextbike.net/station?id=364019650,https://app.nextbike.net/station?id=364019650,https://nxtb.it/p/364019650,2026-05-20 23:15:41+02,f,POINT (8.467814 49.477839),2026-05-20 23:19:02+02,8.467814,49.477839
38259265,sharing_stations.NBV:Station:339475,nextbike_vn,NBV:Station:339475,Hauptbahnhof Mannheim,60.0,f,,28,,,,https://app.nextbike.net/station?id=339475,https://app.nextbike.net/station?id=339475,https://nxtb.it/p/339475,2026-05-20 23:15:41+02,f,POINT (8.469749 49.47996),2026-05-20 23:19:02+02,8.469749,49.47996
38259271,sharing_stations.NBV:Station:7853258,nextbike_vn,NBV:Station:7853258,Universitätsklinik Mannheim,,f,,5,,,,https://app.nextbike.net/station?id=7853258,https://app.nextbike.net/station?id=7853258,https://nxtb.it/p/7853258,2026-05-20 23:15:41+02,f,POINT (8.482906 49.492344),2026-05-20 23:19:02+02,8.482906,49.492344
38254978,sharing_stations.NBV:Station:339475,nextbike_vn,NBV:Station:339475,Hauptbahnhof Mannheim,60.0,f,,34,,,,https://app.nextbike.net/station?id=339475,https://app.nextbike.net/station?id=339475,https://nxtb.it/p/339475,2026-05-20 22:43:49+02,f,POINT (8.469749 49.47996),2026-05-20 22:45:20+02,8.469749,49.47996
38254972,sharing_stations.NBV:Station:7853258,nextbike_vn,NBV:Station:7853258,Universitätsklinik Mannheim,,f,,0,,,,https://app.nextbike.net/station?id=7853258,https://app.nextbike.net/station?id=7853258,https://nxtb.it/p/7853258,2026-05-20 22:43:49+02,f,POINT (8.482906 49.492344),2026-05-20 22:45:20+02,8.482906,49.492344
38255031,sharing_stations.NBV:Station:364019650,nextbike_vn,NBV:Station:364019650,Lindenhofplatz / HBF Süd,,f,,8,,,,https://app.nextbike.net/station?id=364019650,https://app.nextbike.net/station?id=364019650,https://nxtb.it/p/364019650,2026-05-20 22:43:49+02,f,POINT (8.467814 49.477839),2026-05-20 22:45:20+02,8.467814,49.477839
38255067,sharing_stations.NBV:Station:339478,nextbike_vn,NBV:Station:339478,Technische Hochschule Mannheim,10.0,f,,4,,,,https://app.nextbike.net/station?id=339478,https://app.nextbike.net/station?id=339478,https://nxtb.it/p/339478,2026-05-20 22:43:49+02,f,POINT (8.482255 49.470261),2026-05-20 22:45:20+02,8.482255,49.470261
38255165,sharing_stations.NBV:Station:575989610,nextbike_vn,NBV:Station:575989610,THM Mannheim II,,t,,1,,,,https://app.nextbike.net/station?id=575989610,https://app.nextbike.net/station?id=575989610,https://nxtb.it/p/575989610,2026-05-20 22:43:49+02,f,POINT (8.478683 49.472353),2026-05-20 22:45:20+02,8.478683,49.472353
38251678,sharing_stations.NBV:Station:7853258,nextbike_vn,NBV:Station:7853258,Universitätsklinik Mannheim,,f,,3,,,,https://app.nextbike.net/station?id=7853258,https://app.nextbike.net/station?id=7853258,https://nxtb.it/p/7853258,2026-05-20 22:06:55+02,f,POINT (8.482906 49.492344),2026-05-20 22:09:36+02,8.482906,49.492344
38251679,sharing_stations.NBV:Station:339475,nextbike_vn,NBV:Station:339475,Hauptbahnhof Mannheim,60.0,f,,33,,,,https://app.nextbike.net/station?id=339475,https://app.nextbike.net/station?id=339475,https://nxtb.it/p/339475,2026-05-20 22:06:55+02,f,POINT (8.469749 49.47996),2026-05-20 22:09:36+02,8.469749,49.47996
38251716,sharing_stations.NBV:Station:339478,nextbike_vn,NBV:Station:339478,Technische Hochschule Mannheim,10.0,f,,3,,,,https://app.nextbike.net/station?id=339478,https://app.nextbike.net/station?id=339478,https://nxtb.it/p/339478,2026-05-20 22:06:55+02,f,POINT (8.482255 49.470261),2026-05-20 22:09:36+02,8.482255,49.470261
38251728,sharing_stations.NBV:Station:364019650,nextbike_vn,NBV:Station:364019650,Lindenhofplatz / HBF Süd,,f,,11,,,,https://app.nextbike.net/station?id=364019650,https://app.nextbike.net/station?id=364019650,https://nxtb.it/p/364019650,2026-05-20 22:06:55+02,f,POINT (8.467814 49.477839),2026-05-20 22:09:36+02,8.467814,49.477839
38251799,sharing_stations.NBV:Station:575989610,nextbike_vn,NBV:Station:575989610,THM Mannheim II,,t,,1,,,,https://app.nextbike.net/station?id=575989610,https://app.nextbike.net/station?id=575989610,https://nxtb.it/p/575989610,2026-05-20 22:06:55+02,f,POINT (8.478683 49.472353),2026-05-20 22:09:36+02,8.478683,49.472353
38252139,sharing_stations.NBV:Station:339468,nextbike_vn,NBV:Station:339468,Universität Mensa,10.0,f,,0,,,,https://app.nextbike.net/station?id=339468,https://app.nextbike.net/station?id=339468,https://nxtb.it/p/339468,2026-05-20 22:06:55+02,f,POINT (8.459859 49.484576),2026-05-20 22:09:36+02,8.459859,49.484576
38247874,sharing_stations.NBV:Station:339468,nextbike_vn,NBV:Station:339468,Universität Mensa,10.0,f,,1,,,,https://app.nextbike.net/station?id=339468,https://app.nextbike.net/station?id=339468,https://nxtb.it/p/339468,2026-05-20 21:29:22+02,f,POINT (8.459859 49.484576),2026-05-20 21:32:02+02,8.459859,49.484576
38248242,sharing_stations.NBV:Station:575989610,nextbike_vn,NBV:Station:575989610,THM Mannheim II,,t,,1,,,,https://app.nextbike.net/station?id=575989610,https://app.nextbike.net/station?id=575989610,https://nxtb.it/p/575989610,2026-05-20 21:29:22+02,f,POINT (8.478683 49.472353),2026-05-20 21:32:02+02,8.478683,49.472353
38248263,sharing_stations.NBV:Station:339475,nextbike_vn,NBV:Station:339475,Hauptbahnhof Mannheim,60.0,f,,34,,,,https://app.nextbike.net/station?id=339475,https://app.nextbike.net/station?id=339475,https://nxtb.it/p/339475,2026-05-20 21:29:22+02,f,POINT (8.469749 49.47996),2026-05-20 21:32:02+02,8.469749,49.47996
38248270,sharing_stations.NBV:Station:7853258,nextbike_vn,NBV:Station:7853258,Universitätsklinik Mannheim,,f,,2,,,,https://app.nextbike.net/station?id=7853258,https://app.nextbike.net/station?id=7853258,https://nxtb.it/p/7853258,2026-05-20 21:29:22+02,f,POINT (8.482906 49.492344),2026-05-20 21:32:02+02,8.482906,49.492344
38248303,sharing_stations.NBV:Station:364019650,nextbike_vn,NBV:Station:364019650,Lindenhofplatz / HBF Süd,,f,,14,,,,https://app.nextbike.net/station?id=364019650,https://app.nextbike.net/station?id=364019650,https://nxtb.it/p/364019650,2026-05-20 21:29:22+02,f,POINT (8.467814 49.477839),2026-05-20 21:32:02+02,8.467814,49.477839
38248315,sharing_stations.NBV:Station:339478,nextbike_vn,NBV:Station:339478,Technische Hochschule Mannheim,10.0,f,,3,,,,https://app.nextbike.net/station?id=339478,https://app.nextbike.net/station?id=339478,https://nxtb.it/p/339478,2026-05-20 21:29:22+02,f,POINT (8.482255 49.470261),2026-05-20 21:32:02+02,8.482255,49.470261
38243789,sharing_stations.NBV:Station:339468,nextbike_vn,NBV:Station:339468,Universität Mensa,10.0,f,,11,,,,https://app.nextbike.net/station?id=339468,https://app.nextbike.net/station?id=339468,https://nxtb.it/p/339468,2026-05-20 20:54:01+02,f,POINT (8.459859 49.484576),2026-05-20 20:56:33+02,8.459859,49.484576
38244043,sharing_stations.NBV:Station:364019650,nextbike_vn,NBV:Station:364019650,Lindenhofplatz / HBF Süd,,f,,17,,,,https://app.nextbike.net/station?id=364019650,https://app.nextbike.net/station?id=364019650,https://nxtb.it/p/364019650,2026-05-20 20:54:01+02,f,POINT (8.467814 49.477839),2026-05-20 20:56:33+02,8.467814,49.477839
38244072,sharing_stations.NBV:Station:339478,nextbike_vn,NBV:Station:339478,Technische Hochschule Mannheim,10.0,f,,3,,,,https://app.nextbike.net/station?id=339478,https://app.nextbike.net/station?id=339478,https://nxtb.it/p/339478,2026-05-20 20:54:01+02,f,POINT (8.482255 49.470261),2026-05-20 20:56:33+02,8.482255,49.470261
38244090,sharing_stations.NBV:Station:7853258,nextbike_vn,NBV:Station:7853258,Universitätsklinik Mannheim,,f,,0,,,,https://app.nextbike.net/station?id=7853258,https://app.nextbike.net/station?id=7853258,https://nxtb.it/p/7853258,2026-05-20 20:54:01+02,f,POINT (8.482906 49.492344),2026-05-20 20:56:33+02,8.482906,49.492344
38244092,sharing_stations.NBV:Station:339475,nextbike_vn,NBV:Station:339475,Hauptbahnhof Mannheim,60.0,f,,36,,,,https://app.nextbike.net/station?id=339475,https://app.nextbike.net/station?id=339475,https://nxtb.it/p/339475,2026-05-20 20:54:01+02,f,POINT (8.469749 49.47996),2026-05-20 20:56:33+02,8.469749,49.47996
38244164,sharing_stations.NBV:Station:575989610,nextbike_vn,NBV:Station:575989610,THM Mannheim II,,t,,1,,,,https://app.nextbike.net/station?id=575989610,https://app.nextbike.net/station?id=575989610,https://nxtb.it/p/575989610,2026-05-20 20:54:01+02,f,POINT (8.478683 49.472353),2026-05-20 20:56:33+02,8.478683,49.472353
38240589,sharing_stations.NBV:Station:660951,nextbike_vn,NBV:Station:660951,Universität Schloss,10.0,f,,2,,,,https://app.nextbike.net/station?id=660951,https://app.nextbike.net/station?id=660951,https://nxtb.it/p/660951,2026-05-20 20:17:25+02,f,POINT (8.463303 49.48275),2026-05-20 20:20:16+02,8.463303,49.48275
38240655,sharing_stations.NBV:Station:339468,nextbike_vn,NBV:Station:339468,Universität Mensa,10.0,f,,14,,,,https://app.nextbike.net/station?id=339468,https://app.nextbike.net/station?id=339468,https://nxtb.it/p/339468,2026-05-20 20:17:25+02,f,POINT (8.459859 49.484576),2026-05-20 20:20:16+02,8.459859,49.484576
38240845,sharing_stations.NBV:Station:339475,nextbike_vn,NBV:Station:339475,Hauptbahnhof Mannheim,60.0,f,,34,,,,https://app.nextbike.net/station?id=339475,https://app.nextbike.net/station?id=339475,https://nxtb.it/p/339475,2026-05-20 20:17:25+02,f,POINT (8.469749 49.47996),2026-05-20 20:20:16+02,8.469749,49.47996
38240854,sharing_stations.NBV:Station:7853258,nextbike_vn,NBV:Station:7853258,Universitätsklinik Mannheim,,f,,2,,,,https://app.nextbike.net/station?id=7853258,https://app.nextbike.net/station?id=7853258,https://nxtb.it/p/7853258,2026-05-20 20:17:25+02,f,POINT (8.482906 49.492344),2026-05-20 20:20:16+02,8.482906,49.492344
38240883,sharing_stations.NBV:Station:364019650,nextbike_vn,NBV:Station:364019650,Lindenhofplatz / HBF Süd,,f,,21,,,,https://app.nextbike.net/station?id=364019650,https://app.nextbike.net/station?id=364019650,https://nxtb.it/p/364019650,2026-05-20 20:17:25+02,f,POINT (8.467814 49.477839),2026-05-20 20:20:16+02,8.467814,49.477839
38240908,sharing_stations.NBV:Station:339478,nextbike_vn,NBV:Station:339478,Technische Hochschule Mannheim,10.0,f,,2,,,,https://app.nextbike.net/station?id=339478,https://app.nextbike.net/station?id=339478,https://nxtb.it/p/339478,2026-05-20 20:17:25+02,f,POINT (8.482255 49.470261),2026-05-20 20:20:16+02,8.482255,49.470261
38241011,sharing_stations.NBV:Station:575989610,nextbike_vn,NBV:Station:575989610,THM Mannheim II,,t,,1,,,,https://app.nextbike.net/station?id=575989610,https://app.nextbike.net/station?id=575989610,https://nxtb.it/p/575989610,2026-05-20 20:17:25+02,f,POINT (8.478683 49.472353),2026-05-20 20:20:16+02,8.478683,49.472353
38237049,sharing_stations.NBV:Station:660951,nextbike_vn,NBV:Station:660951,Universität Schloss,10.0,f,,1,,,,https://app.nextbike.net/station?id=660951,https://app.nextbike.net/station?id=660951,https://nxtb.it/p/660951,2026-05-20 19:45:05+02,f,POINT (8.463303 49.48275),2026-05-20 19:46:09+02,8.463303,49.48275
38237069,sharing_stations.NBV:Station:339468,nextbike_vn,NBV:Station:339468,Universität Mensa,10.0,f,,16,,,,https://app.nextbike.net/station?id=339468,https://app.nextbike.net/station?id=339468,https://nxtb.it/p/339468,2026-05-20 19:45:05+02,f,POINT (8.459859 49.484576),2026-05-20 19:46:09+02,8.459859,49.484576
38237283,sharing_stations.NBV:Station:339475,nextbike_vn,NBV:Station:339475,Hauptbahnhof Mannheim,60.0,f,,38,,,,https://app.nextbike.net/station?id=339475,https://app.nextbike.net/station?id=339475,https://nxtb.it/p/339475,2026-05-20 19:45:05+02,f,POINT (8.469749 49.47996),2026-05-20 19:46:09+02,8.469749,49.47996
38237287,sharing_stations.NBV:Station:7853258,nextbike_vn,NBV:Station:7853258,Universitätsklinik Mannheim,,f,,2,,,,https://app.nextbike.net/station?id=7853258,https://app.nextbike.net/station?id=7853258,https://nxtb.it/p/7853258,2026-05-20 19:45:05+02,f,POINT (8.482906 49.492344),2026-05-20 19:46:09+02,8.482906,49.492344
38237325,sharing_stations.NBV:Station:339478,nextbike_vn,NBV:Station:339478,Technische Hochschule Mannheim,10.0,f,,2,,,,https://app.nextbike.net/station?id=339478,https://app.nextbike.net/station?id=339478,https://nxtb.it/p/339478,2026-05-20 19:45:05+02,f,POINT (8.482255 49.470261),2026-05-20 19:46:09+02,8.482255,49.470261
38237358,sharing_stations.NBV:Station:364019650,nextbike_vn,NBV:Station:364019650,Lindenhofplatz / HBF Süd,,f,,26,,,,https://app.nextbike.net/station?id=364019650,https://app.nextbike.net/station?id=364019650,https://nxtb.it/p/364019650,2026-05-20 19:45:05+02,f,POINT (8.467814 49.477839),2026-05-20 19:46:09+02,8.467814,49.477839
38237419,sharing_stations.NBV:Station:575989610,nextbike_vn,NBV:Station:575989610,THM Mannheim II,,t,,1,,,,https://app.nextbike.net/station?id=575989610,https://app.nextbike.net/station?id=575989610,https://nxtb.it/p/575989610,2026-05-20 19:45:05+02,f,POINT (8.478683 49.472353),2026-05-20 19:46:09+02,8.478683,49.472353
38233515,sharing_stations.NBV:Station:339468,nextbike_vn,NBV:Station:339468,Universität Mensa,10.0,f,,26,,,,https://app.nextbike.net/station?id=339468,https://app.nextbike.net/station?id=339468,https://nxtb.it/p/339468,2026-05-20 19:11:36+02,f,POINT (8.459859 49.484576),2026-05-20 19:13:50+02,8.459859,49.484576
38233525,sharing_stations.NBV:Station:148606240,nextbike_vn,NBV:Station:148606240,A1 - Landgericht/Universität,,f,,3,,4.0,,https://app.nextbike.net/station?id=148606240,https://app.nextbike.net/station?id=148606240,https://nxtb.it/p/148606240,2026-05-20 19:11:36+02,f,POINT (8.462552 49.484796),2026-05-20 19:13:50+02,8.462552,49.484796
38233580,sharing_stations.NBV:Station:660951,nextbike_vn,NBV:Station:660951,Universität Schloss,10.0,f,,1,,,,https://app.nextbike.net/station?id=660951,https://app.nextbike.net/station?id=660951,https://nxtb.it/p/660951,2026-05-20 19:11:36+02,f,POINT (8.463303 49.48275),2026-05-20 19:13:50+02,8.463303,49.48275
38234004,sharing_stations.NBV:Station:364019650,nextbike_vn,NBV:Station:364019650,Lindenhofplatz / HBF Süd,,f,,27,,,,https://app.nextbike.net/station?id=364019650,https://app.nextbike.net/station?id=364019650,https://nxtb.it/p/364019650,2026-05-20 19:11:36+02,f,POINT (8.467814 49.477839),2026-05-20 19:13:50+02,8.467814,49.477839
38234052,sharing_stations.NBV:Station:339475,nextbike_vn,NBV:Station:339475,Hauptbahnhof Mannheim,60.0,f,,45,,,,https://app.nextbike.net/station?id=339475,https://app.nextbike.net/station?id=339475,https://nxtb.it/p/339475,2026-05-20 19:11:36+02,f,POINT (8.469749 49.47996),2026-05-20 19:13:50+02,8.469749,49.47996
38229569,sharing_stations.NBV:Station:339468,nextbike_vn,NBV:Station:339468,Universität Mensa,10.0,f,,26,,,,https://app.nextbike.net/station?id=339468,https://app.nextbike.net/station?id=339468,https://nxtb.it/p/339468,2026-05-20 18:37:54+02,f,POINT (8.459859 49.484576),2026-05-20 18:40:40+02,8.459859,49.484576
38229580,sharing_stations.NBV:Station:148606240,nextbike_vn,NBV:Station:148606240,A1 - Landgericht/Universität,,f,,10,,4.0,,https://app.nextbike.net/station?id=148606240,https://app.nextbike.net/station?id=148606240,https://nxtb.it/p/148606240,2026-05-20 18:37:54+02,f,POINT (8.462552 49.484796),2026-05-20 18:40:40+02,8.462552,49.484796
38229633,sharing_stations.NBV:Station:660951,nextbike_vn,NBV:Station:660951,Universität Schloss,10.0,f,,7,,,,https://app.nextbike.net/station?id=660951,https://app.nextbike.net/station?id=660951,https://nxtb.it/p/660951,2026-05-20 18:37:54+02,f,POINT (8.463303 49.48275),2026-05-20 18:40:40+02,8.463303,49.48275
38229807,sharing_stations.NBV:Station:339478,nextbike_vn,NBV:Station:339478,Technische Hochschule Mannheim,10.0,f,,0,,,,https://app.nextbike.net/station?id=339478,https://app.nextbike.net/station?id=339478,https://nxtb.it/p/339478,2026-05-20 18:37:54+02,f,POINT (8.482255 49.470261),2026-05-20 18:40:40+02,8.482255,49.470261
38229838,sharing_stations.NBV:Station:364019650,nextbike_vn,NBV:Station:364019650,Lindenhofplatz / HBF Süd,,f,,27,,,,https://app.nextbike.net/station?id=364019650,https://app.nextbike.net/station?id=364019650,https://nxtb.it/p/364019650,2026-05-20 18:37:54+02,f,POINT (8.467814 49.477839),2026-05-20 18:40:40+02,8.467814,49.477839
38229885,sharing_stations.NBV:Station:7853258,nextbike_vn,NBV:Station:7853258,Universitätsklinik Mannheim,,f,,0,,,,https://app.nextbike.net/station?id=7853258,https://app.nextbike.net/station?id=7853258,https://nxtb.it/p/7853258,2026-05-20 18:37:54+02,f,POINT (8.482906 49.492344),2026-05-20 18:40:40+02,8.482906,49.492344
38229887,sharing_stations.NBV:Station:339475,nextbike_vn,NBV:Station:339475,Hauptbahnhof Mannheim,60.0,f,,34,,,,https://app.nextbike.net/station?id=339475,https://app.nextbike.net/station?id=339475,https://nxtb.it/p/339475,2026-05-20 18:37:54+02,f,POINT (8.469749 49.47996),2026-05-20 18:40:40+02,8.469749,49.47996
38225942,sharing_stations.NBV:Station:660951,nextbike_vn,NBV:Station:660951,Universität Schloss,10.0,f,,21,,,,https://app.nextbike.net/station?id=660951,https://app.nextbike.net/station?id=660951,https://nxtb.it/p/660951,2026-05-20 18:04:57+02,f,POINT (8.463303 49.48275),2026-05-20 18:06:36+02,8.463303,49.48275
38225971,sharing_stations.NBV:Station:339468,nextbike_vn,NBV:Station:339468,Universität Mensa,10.0,f,,27,,,,https://app.nextbike.net/station?id=339468,https://app.nextbike.net/station?id=339468,https://nxtb.it/p/339468,2026-05-20 18:04:57+02,f,POINT (8.459859 49.484576),2026-05-20 18:06:36+02,8.459859,49.484576
38225980,sharing_stations.NBV:Station:148606240,nextbike_vn,NBV:Station:148606240,A1 - Landgericht/Universität,,f,,15,,4.0,,https://app.nextbike.net/station?id=148606240,https://app.nextbike.net/station?id=148606240,https://nxtb.it/p/148606240,2026-05-20 18:04:57+02,f,POINT (8.462552 49.484796),2026-05-20 18:06:36+02,8.462552,49.484796
38226410,sharing_stations.NBV:Station:339475,nextbike_vn,NBV:Station:339475,Hauptbahnhof Mannheim,60.0,f,,36,,,,https://app.nextbike.net/station?id=339475,https://app.nextbike.net/station?id=339475,https://nxtb.it/p/339475,2026-05-20 18:04:57+02,f,POINT (8.469749 49.47996),2026-05-20 18:06:36+02,8.469749,49.47996
38226414,sharing_stations.NBV:Station:7853258,nextbike_vn,NBV:Station:7853258,Universitätsklinik Mannheim,,f,,0,,,,https://app.nextbike.net/station?id=7853258,https://app.nextbike.net/station?id=7853258,https://nxtb.it/p/7853258,2026-05-20 18:04:57+02,f,POINT (8.482906 49.492344),2026-05-20 18:06:36+02,8.482906,49.492344
38226422,sharing_stations.NBV:Station:339478,nextbike_vn,NBV:Station:339478,Technische Hochschule Mannheim,10.0,f,,1,,,,https://app.nextbike.net/station?id=339478,https://app.nextbike.net/station?id=339478,https://nxtb.it/p/339478,2026-05-20 18:04:57+02,f,POINT (8.482255 49.470261),2026-05-20 18:06:36+02,8.482255,49.470261
38226457,sharing_stations.NBV:Station:364019650,nextbike_vn,NBV:Station:364019650,Lindenhofplatz / HBF Süd,,f,,23,,,,https://app.nextbike.net/station?id=364019650,https://app.nextbike.net/station?id=364019650,https://nxtb.it/p/364019650,2026-05-20 18:04:57+02,f,POINT (8.467814 49.477839),2026-05-20 18:06:36+02,8.467814,49.477839
38221680,sharing_stations.NBV:Station:339468,nextbike_vn,NBV:Station:339468,Universität Mensa,10.0,f,,27,,,,https://app.nextbike.net/station?id=339468,https://app.nextbike.net/station?id=339468,https://nxtb.it/p/339468,2026-05-20 17:28:35+02,f,POINT (8.459859 49.484576),2026-05-20 17:30:58+02,8.459859,49.484576
38221695,sharing_stations.NBV:Station:148606240,nextbike_vn,NBV:Station:148606240,A1 - Landgericht/Universität,,f,,16,,4.0,,https://app.nextbike.net/station?id=148606240,https://app.nextbike.net/station?id=148606240,https://nxtb.it/p/148606240,2026-05-20 17:28:35+02,f,POINT (8.462552 49.484796),2026-05-20 17:30:58+02,8.462552,49.484796
38221704,sharing_stations.NBV:Station:660951,nextbike_vn,NBV:Station:660951,Universität Schloss,10.0,f,,35,,,,https://app.nextbike.net/station?id=660951,https://app.nextbike.net/station?id=660951,https://nxtb.it/p/660951,2026-05-20 17:28:35+02,f,POINT (8.463303 49.48275),2026-05-20 17:30:58+02,8.463303,49.48275
38222090,sharing_stations.NBV:Station:364019650,nextbike_vn,NBV:Station:364019650,Lindenhofplatz / HBF Süd,,f,,24,,,,https://app.nextbike.net/station?id=364019650,https://app.nextbike.net/station?id=364019650,https://nxtb.it/p/364019650,2026-05-20 17:28:35+02,f,POINT (8.467814 49.477839),2026-05-20 17:30:58+02,8.467814,49.477839
38222109,sharing_stations.NBV:Station:339478,nextbike_vn,NBV:Station:339478,Technische Hochschule Mannheim,10.0,f,,0,,,,https://app.nextbike.net/station?id=339478,https://app.nextbike.net/station?id=339478,https://nxtb.it/p/339478,2026-05-20 17:28:35+02,f,POINT (8.482255 49.470261),2026-05-20 17:30:58+02,8.482255,49.470261
38222145,sharing_stations.NBV:Station:7853258,nextbike_vn,NBV:Station:7853258,Universitätsklinik Mannheim,,f,,0,,,,https://app.nextbike.net/station?id=7853258,https://app.nextbike.net/station?id=7853258,https://nxtb.it/p/7853258,2026-05-20 17:28:35+02,f,POINT (8.482906 49.492344),2026-05-20 17:30:58+02,8.482906,49.492344
38222146,sharing_stations.NBV:Station:339475,nextbike_vn,NBV:Station:339475,Hauptbahnhof Mannheim,60.0,f,,33,,,,https://app.nextbike.net/station?id=339475,https://app.nextbike.net/station?id=339475,https://nxtb.it/p/339475,2026-05-20 17:28:35+02,f,POINT (8.469749 49.47996),2026-05-20 17:30:58+02,8.469749,49.47996
38218183,sharing_stations.NBV:Station:339468,nextbike_vn,NBV:Station:339468,Universität Mensa,10.0,f,,27,,,,https://app.nextbike.net/station?id=339468,https://app.nextbike.net/station?id=339468,https://nxtb.it/p/339468,2026-05-20 16:56:58+02,f,POINT (8.459859 49.484576),2026-05-20 17:00:01+02,8.459859,49.484576
38218191,sharing_stations.NBV:Station:148606240,nextbike_vn,NBV:Station:148606240,A1 - Landgericht/Universität,,f,,15,,4.0,,https://app.nextbike.net/station?id=148606240,https://app.nextbike.net/station?id=148606240,https://nxtb.it/p/148606240,2026-05-20 16:56:58+02,f,POINT (8.462552 49.484796),2026-05-20 17:00:01+02,8.462552,49.484796
38218200,sharing_stations.NBV:Station:660951,nextbike_vn,NBV:Station:660951,Universität Schloss,10.0,f,,45,,,,https://app.nextbike.net/station?id=660951,https://app.nextbike.net/station?id=660951,https://nxtb.it/p/660951,2026-05-20 16:56:58+02,f,POINT (8.463303 49.48275),2026-05-20 17:00:01+02,8.463303,49.48275
38218421,sharing_stations.NBV:Station:364019650,nextbike_vn,NBV:Station:364019650,Lindenhofplatz / HBF Süd,,f,,24,,,,https://app.nextbike.net/station?id=364019650,https://app.nextbike.net/station?id=364019650,https://nxtb.it/p/364019650,2026-05-20 16:56:58+02,f,POINT (8.467814 49.477839),2026-05-20 17:00:01+02,8.467814,49.477839
38218475,sharing_stations.NBV:Station:7853258,nextbike_vn,NBV:Station:7853258,Universitätsklinik Mannheim,,f,,0,,,,https://app.nextbike.net/station?id=7853258,https://app.nextbike.net/station?id=7853258,https://nxtb.it/p/7853258,2026-05-20 16:56:58+02,f,POINT (8.482906 49.492344),2026-05-20 17:00:01+02,8.482906,49.492344
38218478,sharing_stations.NBV:Station:339475,nextbike_vn,NBV:Station:339475,Hauptbahnhof Mannheim,60.0,f,,23,,,,https://app.nextbike.net/station?id=339475,https://app.nextbike.net/station?id=339475,https://nxtb.it/p/339475,2026-05-20 16:56:58+02,f,POINT (8.469749 49.47996),2026-05-20 17:00:01+02,8.469749,49.47996
38218544,sharing_stations.NBV:Station:575989610,nextbike_vn,NBV:Station:575989610,THM Mannheim II,,t,,1,,,,https://app.nextbike.net/station?id=575989610,https://app.nextbike.net/station?id=575989610,https://nxtb.it/p/575989610,2026-05-20 16:56:58+02,f,POINT (8.478683 49.472353),2026-05-20 17:00:01+02,8.478683,49.472353
38214807,sharing_stations.NBV:Station:339475,nextbike_vn,NBV:Station:339475,Hauptbahnhof Mannheim,60.0,f,,20,,,,https://app.nextbike.net/station?id=339475,https://app.nextbike.net/station?id=339475,https://nxtb.it/p/339475,2026-05-20 16:27:11+02,f,POINT (8.469749 49.47996),2026-05-20 16:28:31+02,8.469749,49.47996
38214811,sharing_stations.NBV:Station:7853258,nextbike_vn,NBV:Station:7853258,Universitätsklinik Mannheim,,f,,3,,,,https://app.nextbike.net/station?id=7853258,https://app.nextbike.net/station?id=7853258,https://nxtb.it/p/7853258,2026-05-20 16:27:11+02,f,POINT (8.482906 49.492344),2026-05-20 16:28:31+02,8.482906,49.492344
38214839,sharing_stations.NBV:Station:364019650,nextbike_vn,NBV:Station:364019650,Lindenhofplatz / HBF Süd,,f,,22,,,,https://app.nextbike.net/station?id=364019650,https://app.nextbike.net/station?id=364019650,https://nxtb.it/p/364019650,2026-05-20 16:27:11+02,f,POINT (8.467814 49.477839),2026-05-20 16:28:31+02,8.467814,49.477839
38214865,sharing_stations.NBV:Station:339478,nextbike_vn,NBV:Station:339478,Technische Hochschule Mannheim,10.0,f,,0,,,,https://app.nextbike.net/station?id=339478,https://app.nextbike.net/station?id=339478,https://nxtb.it/p/339478,2026-05-20 16:27:11+02,f,POINT (8.482255 49.470261),2026-05-20 16:28:31+02,8.482255,49.470261
38214963,sharing_stations.NBV:Station:575989610,nextbike_vn,NBV:Station:575989610,THM Mannheim II,,t,,2,,,,https://app.nextbike.net/station?id=575989610,https://app.nextbike.net/station?id=575989610,https://nxtb.it/p/575989610,2026-05-20 16:27:11+02,f,POINT (8.478683 49.472353),2026-05-20 16:28:31+02,8.478683,49.472353
38215270,sharing_stations.NBV:Station:660951,nextbike_vn,NBV:Station:660951,Universität Schloss,10.0,f,,47,,,,https://app.nextbike.net/station?id=660951,https://app.nextbike.net/station?id=660951,https://nxtb.it/p/660951,2026-05-20 16:27:11+02,f,POINT (8.463303 49.48275),2026-05-20 16:28:31+02,8.463303,49.48275
38215348,sharing_stations.NBV:Station:339468,nextbike_vn,NBV:Station:339468,Universität Mensa,10.0,f,,27,,,,https://app.nextbike.net/station?id=339468,https://app.nextbike.net/station?id=339468,https://nxtb.it/p/339468,2026-05-20 16:27:11+02,f,POINT (8.459859 49.484576),2026-05-20 16:28:31+02,8.459859,49.484576
38215355,sharing_stations.NBV:Station:148606240,nextbike_vn,NBV:Station:148606240,A1 - Landgericht/Universität,,f,,15,,4.0,,https://app.nextbike.net/station?id=148606240,https://app.nextbike.net/station?id=148606240,https://nxtb.it/p/148606240,2026-05-20 16:27:11+02,f,POINT (8.462552 49.484796),2026-05-20 16:28:31+02,8.462552,49.484796
38210757,sharing_stations.NBV:Station:148606240,nextbike_vn,NBV:Station:148606240,A1 - Landgericht/Universität,,f,,17,,4.0,,https://app.nextbike.net/station?id=148606240,https://app.nextbike.net/station?id=148606240,https://nxtb.it/p/148606240,2026-05-20 15:52:48+02,f,POINT (8.462552 49.484796),2026-05-20 15:56:02+02,8.462552,49.484796
38210767,sharing_stations.NBV:Station:339468,nextbike_vn,NBV:Station:339468,Universität Mensa,10.0,f,,27,,,,https://app.nextbike.net/station?id=339468,https://app.nextbike.net/station?id=339468,https://nxtb.it/p/339468,2026-05-20 15:52:48+02,f,POINT (8.459859 49.484576),2026-05-20 15:56:02+02,8.459859,49.484576
38210840,sharing_stations.NBV:Station:660951,nextbike_vn,NBV:Station:660951,Universität Schloss,10.0,f,,54,,,,https://app.nextbike.net/station?id=660951,https://app.nextbike.net/station?id=660951,https://nxtb.it/p/660951,2026-05-20 15:52:48+02,f,POINT (8.463303 49.48275),2026-05-20 15:56:02+02,8.463303,49.48275
38211134,sharing_stations.NBV:Station:575989610,nextbike_vn,NBV:Station:575989610,THM Mannheim II,,t,,2,,,,https://app.nextbike.net/station?id=575989610,https://app.nextbike.net/station?id=575989610,https://nxtb.it/p/575989610,2026-05-20 15:52:48+02,f,POINT (8.478683 49.472353),2026-05-20 15:56:02+02,8.478683,49.472353
38211223,sharing_stations.NBV:Station:339478,nextbike_vn,NBV:Station:339478,Technische Hochschule Mannheim,10.0,f,,4,,,,https://app.nextbike.net/station?id=339478,https://app.nextbike.net/station?id=339478,https://nxtb.it/p/339478,2026-05-20 15:52:48+02,f,POINT (8.482255 49.470261),2026-05-20 15:56:02+02,8.482255,49.470261
38211248,sharing_stations.NBV:Station:364019650,nextbike_vn,NBV:Station:364019650,Lindenhofplatz / HBF Süd,,f,,19,,,,https://app.nextbike.net/station?id=364019650,https://app.nextbike.net/station?id=364019650,https://nxtb.it/p/364019650,2026-05-20 15:52:48+02,f,POINT (8.467814 49.477839),2026-05-20 15:56:02+02,8.467814,49.477839
38211280,sharing_stations.NBV:Station:339475,nextbike_vn,NBV:Station:339475,Hauptbahnhof Mannheim,60.0,f,,20,,,,https://app.nextbike.net/station?id=339475,https://app.nextbike.net/station?id=339475,https://nxtb.it/p/339475,2026-05-20 15:52:48+02,f,POINT (8.469749 49.47996),2026-05-20 15:56:02+02,8.469749,49.47996
38211284,sharing_stations.NBV:Station:7853258,nextbike_vn,NBV:Station:7853258,Universitätsklinik Mannheim,,f,,12,,,,https://app.nextbike.net/station?id=7853258,https://app.nextbike.net/station?id=7853258,https://nxtb.it/p/7853258,2026-05-20 15:52:48+02,f,POINT (8.482906 49.492344),2026-05-20 15:56:02+02,8.482906,49.492344
38207548,sharing_stations.NBV:Station:660951,nextbike_vn,NBV:Station:660951,Universität Schloss,10.0,f,,59,,,,https://app.nextbike.net/station?id=660951,https://app.nextbike.net/station?id=660951,https://nxtb.it/p/660951,2026-05-20 15:24:07+02,f,POINT (8.463303 49.48275),2026-05-20 15:25:31+02,8.463303,49.48275
38207612,sharing_stations.NBV:Station:339468,nextbike_vn,NBV:Station:339468,Universität Mensa,10.0,f,,27,,,,https://app.nextbike.net/station?id=339468,https://app.nextbike.net/station?id=339468,https://nxtb.it/p/339468,2026-05-20 15:24:07+02,f,POINT (8.459859 49.484576),2026-05-20 15:25:31+02,8.459859,49.484576
38207622,sharing_stations.NBV:Station:148606240,nextbike_vn,NBV:Station:148606240,A1 - Landgericht/Universität,,f,,18,,5.0,,https://app.nextbike.net/station?id=148606240,https://app.nextbike.net/station?id=148606240,https://nxtb.it/p/148606240,2026-05-20 15:24:07+02,f,POINT (8.462552 49.484796),2026-05-20 15:25:31+02,8.462552,49.484796
38207998,sharing_stations.NBV:Station:575989610,nextbike_vn,NBV:Station:575989610,THM Mannheim II,,t,,9,,,,https://app.nextbike.net/station?id=575989610,https://app.nextbike.net/station?id=575989610,https://nxtb.it/p/575989610,2026-05-20 15:24:07+02,f,POINT (8.478683 49.472353),2026-05-20 15:25:31+02,8.478683,49.472353
38208022,sharing_stations.NBV:Station:7853258,nextbike_vn,NBV:Station:7853258,Universitätsklinik Mannheim,,f,,15,,,,https://app.nextbike.net/station?id=7853258,https://app.nextbike.net/station?id=7853258,https://nxtb.it/p/7853258,2026-05-20 15:24:07+02,f,POINT (8.482906 49.492344),2026-05-20 15:25:31+02,8.482906,49.492344
38208026,sharing_stations.NBV:Station:339475,nextbike_vn,NBV:Station:339475,Hauptbahnhof Mannheim,60.0,f,,19,,,,https://app.nextbike.net/station?id=339475,https://app.nextbike.net/station?id=339475,https://nxtb.it/p/339475,2026-05-20 15:24:07+02,f,POINT (8.469749 49.47996),2026-05-20 15:25:31+02,8.469749,49.47996
38208043,sharing_stations.NBV:Station:364019650,nextbike_vn,NBV:Station:364019650,Lindenhofplatz / HBF Süd,,f,,13,,,,https://app.nextbike.net/station?id=364019650,https://app.nextbike.net/station?id=364019650,https://nxtb.it/p/364019650,2026-05-20 15:24:07+02,f,POINT (8.467814 49.477839),2026-05-20 15:25:31+02,8.467814,49.477839
38203722,sharing_stations.NBV:Station:660951,nextbike_vn,NBV:Station:660951,Universität Schloss,10.0,f,,65,,,,https://app.nextbike.net/station?id=660951,https://app.nextbike.net/station?id=660951,https://nxtb.it/p/660951,2026-05-20 14:51:48+02,f,POINT (8.463303 49.48275),2026-05-20 14:53:34+02,8.463303,49.48275
38203727,sharing_stations.NBV:Station:148606240,nextbike_vn,NBV:Station:148606240,A1 - Landgericht/Universität,,f,,21,,5.0,,https://app.nextbike.net/station?id=148606240,https://app.nextbike.net/station?id=148606240,https://nxtb.it/p/148606240,2026-05-20 14:51:48+02,f,POINT (8.462552 49.484796),2026-05-20 14:53:34+02,8.462552,49.484796
38203741,sharing_stations.NBV:Station:339468,nextbike_vn,NBV:Station:339468,Universität Mensa,10.0,f,,25,,,,https://app.nextbike.net/station?id=339468,https://app.nextbike.net/station?id=339468,https://nxtb.it/p/339468,2026-05-20 14:51:48+02,f,POINT (8.459859 49.484576),2026-05-20 14:53:34+02,8.459859,49.484576
38203981,sharing_stations.NBV:Station:7853258,nextbike_vn,NBV:Station:7853258,Universitätsklinik Mannheim,,f,,19,,,,https://app.nextbike.net/station?id=7853258,https://app.nextbike.net/station?id=7853258,https://nxtb.it/p/7853258,2026-05-20 14:51:48+02,f,POINT (8.482906 49.492344),2026-05-20 14:53:34+02,8.482906,49.492344
38203987,sharing_stations.NBV:Station:339475,nextbike_vn,NBV:Station:339475,Hauptbahnhof Mannheim,60.0,f,,11,,,,https://app.nextbike.net/station?id=339475,https://app.nextbike.net/station?id=339475,https://nxtb.it/p/339475,2026-05-20 14:51:48+02,f,POINT (8.469749 49.47996),2026-05-20 14:53:34+02,8.469749,49.47996
38204039,sharing_stations.NBV:Station:364019650,nextbike_vn,NBV:Station:364019650,Lindenhofplatz / HBF Süd,,f,,18,,,,https://app.nextbike.net/station?id=364019650,https://app.nextbike.net/station?id=364019650,https://nxtb.it/p/364019650,2026-05-20 14:51:48+02,f,POINT (8.467814 49.477839),2026-05-20 14:53:34+02,8.467814,49.477839
38204111,sharing_stations.NBV:Station:575989610,nextbike_vn,NBV:Station:575989610,THM Mannheim II,,t,,11,,,,https://app.nextbike.net/station?id=575989610,https://app.nextbike.net/station?id=575989610,https://nxtb.it/p/575989610,2026-05-20 14:51:48+02,f,POINT (8.478683 49.472353),2026-05-20 14:53:34+02,8.478683,49.472353
38200274,sharing_stations.NBV:Station:148606240,nextbike_vn,NBV:Station:148606240,A1 - Landgericht/Universität,,f,,20,,5.0,,https://app.nextbike.net/station?id=148606240,https://app.nextbike.net/station?id=148606240,https://nxtb.it/p/148606240,2026-05-20 14:18:13+02,f,POINT (8.462552 49.484796),2026-05-20 14:19:35+02,8.462552,49.484796
38200287,sharing_stations.NBV:Station:339468,nextbike_vn,NBV:Station:339468,Universität Mensa,10.0,f,,28,,,,https://app.nextbike.net/station?id=339468,https://app.nextbike.net/station?id=339468,https://nxtb.it/p/339468,2026-05-20 14:18:13+02,f,POINT (8.459859 49.484576),2026-05-20 14:19:35+02,8.459859,49.484576
38200344,sharing_stations.NBV:Station:660951,nextbike_vn,NBV:Station:660951,Universität Schloss,10.0,f,,67,,,,https://app.nextbike.net/station?id=660951,https://app.nextbike.net/station?id=660951,https://nxtb.it/p/660951,2026-05-20 14:18:13+02,f,POINT (8.463303 49.48275),2026-05-20 14:19:35+02,8.463303,49.48275
38200540,sharing_stations.NBV:Station:339478,nextbike_vn,NBV:Station:339478,Technische Hochschule Mannheim,10.0,f,,3,,,,https://app.nextbike.net/station?id=339478,https://app.nextbike.net/station?id=339478,https://nxtb.it/p/339478,2026-05-20 14:18:13+02,f,POINT (8.482255 49.470261),2026-05-20 14:19:35+02,8.482255,49.470261
38200558,sharing_stations.NBV:Station:364019650,nextbike_vn,NBV:Station:364019650,Lindenhofplatz / HBF Süd,,f,,13,,,,https://app.nextbike.net/station?id=364019650,https://app.nextbike.net/station?id=364019650,https://nxtb.it/p/364019650,2026-05-20 14:18:13+02,f,POINT (8.467814 49.477839),2026-05-20 14:19:35+02,8.467814,49.477839
38200599,sharing_stations.NBV:Station:7853258,nextbike_vn,NBV:Station:7853258,Universitätsklinik Mannheim,,f,,27,,,,https://app.nextbike.net/station?id=7853258,https://app.nextbike.net/station?id=7853258,https://nxtb.it/p/7853258,2026-05-20 14:18:13+02,f,POINT (8.482906 49.492344),2026-05-20 14:19:35+02,8.482906,49.492344
38200600,sharing_stations.NBV:Station:339475,nextbike_vn,NBV:Station:339475,Hauptbahnhof Mannheim,60.0,f,,6,,,,https://app.nextbike.net/station?id=339475,https://app.nextbike.net/station?id=339475,https://nxtb.it/p/339475,2026-05-20 14:18:13+02,f,POINT (8.469749 49.47996),2026-05-20 14:19:35+02,8.469749,49.47996
38200624,sharing_stations.NBV:Station:575989610,nextbike_vn,NBV:Station:575989610,THM Mannheim II,,t,,12,,,,https://app.nextbike.net/station?id=575989610,https://app.nextbike.net/station?id=575989610,https://nxtb.it/p/575989610,2026-05-20 14:18:13+02,f,POINT (8.478683 49.472353),2026-05-20 14:19:35+02,8.478683,49.472353
38196653,sharing_stations.NBV:Station:575989610,nextbike_vn,NBV:Station:575989610,THM Mannheim II,,t,,11,,,,https://app.nextbike.net/station?id=575989610,https://app.nextbike.net/station?id=575989610,https://nxtb.it/p/575989610,2026-05-20 13:44:57+02,f,POINT (8.478683 49.472353),2026-05-20 13:46:34+02,8.478683,49.472353
38196712,sharing_stations.NBV:Station:364019650,nextbike_vn,NBV:Station:364019650,Lindenhofplatz / HBF Süd,,f,,9,,,,https://app.nextbike.net/station?id=364019650,https://app.nextbike.net/station?id=364019650,https://nxtb.it/p/364019650,2026-05-20 13:44:57+02,f,POINT (8.467814 49.477839),2026-05-20 13:46:34+02,8.467814,49.477839
38196743,sharing_stations.NBV:Station:339478,nextbike_vn,NBV:Station:339478,Technische Hochschule Mannheim,10.0,f,,4,,,,https://app.nextbike.net/station?id=339478,https://app.nextbike.net/station?id=339478,https://nxtb.it/p/339478,2026-05-20 13:44:57+02,f,POINT (8.482255 49.470261),2026-05-20 13:46:34+02,8.482255,49.470261
38196784,sharing_stations.NBV:Station:7853258,nextbike_vn,NBV:Station:7853258,Universitätsklinik Mannheim,,f,,37,,,,https://app.nextbike.net/station?id=7853258,https://app.nextbike.net/station?id=7853258,https://nxtb.it/p/7853258,2026-05-20 13:44:57+02,f,POINT (8.482906 49.492344),2026-05-20 13:46:34+02,8.482906,49.492344
38196789,sharing_stations.NBV:Station:339475,nextbike_vn,NBV:Station:339475,Hauptbahnhof Mannheim,60.0,f,,6,,,,https://app.nextbike.net/station?id=339475,https://app.nextbike.net/station?id=339475,https://nxtb.it/p/339475,2026-05-20 13:44:57+02,f,POINT (8.469749 49.47996),2026-05-20 13:46:34+02,8.469749,49.47996
38197001,sharing_stations.NBV:Station:339468,nextbike_vn,NBV:Station:339468,Universität Mensa,10.0,f,,32,,,,https://app.nextbike.net/station?id=339468,https://app.nextbike.net/station?id=339468,https://nxtb.it/p/339468,2026-05-20 13:44:57+02,f,POINT (8.459859 49.484576),2026-05-20 13:46:34+02,8.459859,49.484576
38197009,sharing_stations.NBV:Station:148606240,nextbike_vn,NBV:Station:148606240,A1 - Landgericht/Universität,,f,,23,,5.0,,https://app.nextbike.net/station?id=148606240,https://app.nextbike.net/station?id=148606240,https://nxtb.it/p/148606240,2026-05-20 13:44:57+02,f,POINT (8.462552 49.484796),2026-05-20 13:46:34+02,8.462552,49.484796
38197019,sharing_stations.NBV:Station:660951,nextbike_vn,NBV:Station:660951,Universität Schloss,10.0,f,,68,,,,https://app.nextbike.net/station?id=660951,https://app.nextbike.net/station?id=660951,https://nxtb.it/p/660951,2026-05-20 13:44:57+02,f,POINT (8.463303 49.48275),2026-05-20 13:46:34+02,8.463303,49.48275
38192673,sharing_stations.NBV:Station:660951,nextbike_vn,NBV:Station:660951,Universität Schloss,10.0,f,,78,,,,https://app.nextbike.net/station?id=660951,https://app.nextbike.net/station?id=660951,https://nxtb.it/p/660951,2026-05-20 13:09:56+02,f,POINT (8.463303 49.48275),2026-05-20 13:12:13+02,8.463303,49.48275
38192693,sharing_stations.NBV:Station:339468,nextbike_vn,NBV:Station:339468,Universität Mensa,10.0,f,,28,,,,https://app.nextbike.net/station?id=339468,https://app.nextbike.net/station?id=339468,https://nxtb.it/p/339468,2026-05-20 13:09:56+02,f,POINT (8.459859 49.484576),2026-05-20 13:12:13+02,8.459859,49.484576
38192702,sharing_stations.NBV:Station:148606240,nextbike_vn,NBV:Station:148606240,A1 - Landgericht/Universität,,f,,23,,5.0,,https://app.nextbike.net/station?id=148606240,https://app.nextbike.net/station?id=148606240,https://nxtb.it/p/148606240,2026-05-20 13:09:56+02,f,POINT (8.462552 49.484796),2026-05-20 13:12:13+02,8.462552,49.484796
38192956,sharing_stations.NBV:Station:7853258,nextbike_vn,NBV:Station:7853258,Universitätsklinik Mannheim,,f,,43,,,,https://app.nextbike.net/station?id=7853258,https://app.nextbike.net/station?id=7853258,https://nxtb.it/p/7853258,2026-05-20 13:09:56+02,f,POINT (8.482906 49.492344),2026-05-20 13:12:13+02,8.482906,49.492344
38192963,sharing_stations.NBV:Station:339475,nextbike_vn,NBV:Station:339475,Hauptbahnhof Mannheim,60.0,f,,3,,,,https://app.nextbike.net/station?id=339475,https://app.nextbike.net/station?id=339475,https://nxtb.it/p/339475,2026-05-20 13:09:56+02,f,POINT (8.469749 49.47996),2026-05-20 13:12:13+02,8.469749,49.47996
38192976,sharing_stations.NBV:Station:339478,nextbike_vn,NBV:Station:339478,Technische Hochschule Mannheim,10.0,f,,16,,,,https://app.nextbike.net/station?id=339478,https://app.nextbike.net/station?id=339478,https://nxtb.it/p/339478,2026-05-20 13:09:56+02,f,POINT (8.482255 49.470261),2026-05-20 13:12:13+02,8.482255,49.470261
38192991,sharing_stations.NBV:Station:364019650,nextbike_vn,NBV:Station:364019650,Lindenhofplatz / HBF Süd,,f,,0,,,,https://app.nextbike.net/station?id=364019650,https://app.nextbike.net/station?id=364019650,https://nxtb.it/p/364019650,2026-05-20 13:09:56+02,f,POINT (8.467814 49.477839),2026-05-20 13:12:13+02,8.467814,49.477839
38193074,sharing_stations.NBV:Station:575989610,nextbike_vn,NBV:Station:575989610,THM Mannheim II,,t,,10,,,,https://app.nextbike.net/station?id=575989610,https://app.nextbike.net/station?id=575989610,https://nxtb.it/p/575989610,2026-05-20 13:09:56+02,f,POINT (8.478683 49.472353),2026-05-20 13:12:13+02,8.478683,49.472353
38189287,sharing_stations.NBV:Station:660951,nextbike_vn,NBV:Station:660951,Universität Schloss,10.0,f,,85,,,,https://app.nextbike.net/station?id=660951,https://app.nextbike.net/station?id=660951,https://nxtb.it/p/660951,2026-05-20 12:34:47+02,f,POINT (8.463303 49.48275),2026-05-20 12:38:00+02,8.463303,49.48275
38189351,sharing_stations.NBV:Station:339468,nextbike_vn,NBV:Station:339468,Universität Mensa,10.0,f,,25,,,,https://app.nextbike.net/station?id=339468,https://app.nextbike.net/station?id=339468,https://nxtb.it/p/339468,2026-05-20 12:34:47+02,f,POINT (8.459859 49.484576),2026-05-20 12:38:00+02,8.459859,49.484576
38189356,sharing_stations.NBV:Station:148606240,nextbike_vn,NBV:Station:148606240,A1 - Landgericht/Universität,,f,,23,,5.0,,https://app.nextbike.net/station?id=148606240,https://app.nextbike.net/station?id=148606240,https://nxtb.it/p/148606240,2026-05-20 12:34:47+02,f,POINT (8.462552 49.484796),2026-05-20 12:38:00+02,8.462552,49.484796
38189546,sharing_stations.NBV:Station:339475,nextbike_vn,NBV:Station:339475,Hauptbahnhof Mannheim,60.0,f,,3,,,,https://app.nextbike.net/station?id=339475,https://app.nextbike.net/station?id=339475,https://nxtb.it/p/339475,2026-05-20 12:34:47+02,f,POINT (8.469749 49.47996),2026-05-20 12:38:00+02,8.469749,49.47996
38189553,sharing_stations.NBV:Station:7853258,nextbike_vn,NBV:Station:7853258,Universitätsklinik Mannheim,,f,,44,,,,https://app.nextbike.net/station?id=7853258,https://app.nextbike.net/station?id=7853258,https://nxtb.it/p/7853258,2026-05-20 12:34:47+02,f,POINT (8.482906 49.492344),2026-05-20 12:38:00+02,8.482906,49.492344
38189597,sharing_stations.NBV:Station:364019650,nextbike_vn,NBV:Station:364019650,Lindenhofplatz / HBF Süd,,f,,0,,,,https://app.nextbike.net/station?id=364019650,https://app.nextbike.net/station?id=364019650,https://nxtb.it/p/364019650,2026-05-20 12:34:47+02,f,POINT (8.467814 49.477839),2026-05-20 12:38:00+02,8.467814,49.477839
38189612,sharing_stations.NBV:Station:339478,nextbike_vn,NBV:Station:339478,Technische Hochschule Mannheim,10.0,f,,22,,,,https://app.nextbike.net/station?id=339478,https://app.nextbike.net/station?id=339478,https://nxtb.it/p/339478,2026-05-20 12:34:47+02,f,POINT (8.482255 49.470261),2026-05-20 12:38:00+02,8.482255,49.470261
38189715,sharing_stations.NBV:Station:575989610,nextbike_vn,NBV:Station:575989610,THM Mannheim II,,t,,9,,,,https://app.nextbike.net/station?id=575989610,https://app.nextbike.net/station?id=575989610,https://nxtb.it/p/575989610,2026-05-20 12:34:47+02,f,POINT (8.478683 49.472353),2026-05-20 12:38:00+02,8.478683,49.472353
38185981,sharing_stations.NBV:Station:660951,nextbike_vn,NBV:Station:660951,Universität Schloss,10.0,f,,91,,,,https://app.nextbike.net/station?id=660951,https://app.nextbike.net/station?id=660951,https://nxtb.it/p/660951,2026-05-20 12:03:22+02,f,POINT (8.463303 49.48275),2026-05-20 12:04:54+02,8.463303,49.48275
38186032,sharing_stations.NBV:Station:148606240,nextbike_vn,NBV:Station:148606240,A1 - Landgericht/Universität,,f,,24,,5.0,,https://app.nextbike.net/station?id=148606240,https://app.nextbike.net/station?id=148606240,https://nxtb.it/p/148606240,2026-05-20 12:03:22+02,f,POINT (8.462552 49.484796),2026-05-20 12:04:54+02,8.462552,49.484796
38186037,sharing_stations.NBV:Station:339468,nextbike_vn,NBV:Station:339468,Universität Mensa,10.0,f,,16,,,,https://app.nextbike.net/station?id=339468,https://app.nextbike.net/station?id=339468,https://nxtb.it/p/339468,2026-05-20 12:03:22+02,f,POINT (8.459859 49.484576),2026-05-20 12:04:54+02,8.459859,49.484576
38186227,sharing_stations.NBV:Station:339475,nextbike_vn,NBV:Station:339475,Hauptbahnhof Mannheim,60.0,f,,1,,,,https://app.nextbike.net/station?id=339475,https://app.nextbike.net/station?id=339475,https://nxtb.it/p/339475,2026-05-20 12:03:22+02,f,POINT (8.469749 49.47996),2026-05-20 12:04:54+02,8.469749,49.47996
38186232,sharing_stations.NBV:Station:7853258,nextbike_vn,NBV:Station:7853258,Universitätsklinik Mannheim,,f,,42,,,,https://app.nextbike.net/station?id=7853258,https://app.nextbike.net/station?id=7853258,https://nxtb.it/p/7853258,2026-05-20 12:03:22+02,f,POINT (8.482906 49.492344),2026-05-20 12:04:54+02,8.482906,49.492344
38186304,sharing_stations.NBV:Station:339478,nextbike_vn,NBV:Station:339478,Technische Hochschule Mannheim,10.0,f,,25,,,,https://app.nextbike.net/station?id=339478,https://app.nextbike.net/station?id=339478,https://nxtb.it/p/339478,2026-05-20 12:03:22+02,f,POINT (8.482255 49.470261),2026-05-20 12:04:54+02,8.482255,49.470261
38186406,sharing_stations.NBV:Station:575989610,nextbike_vn,NBV:Station:575989610,THM Mannheim II,,t,,10,,,,https://app.nextbike.net/station?id=575989610,https://app.nextbike.net/station?id=575989610,https://nxtb.it/p/575989610,2026-05-20 12:03:22+02,f,POINT (8.478683 49.472353),2026-05-20 12:04:54+02,8.478683,49.472353
38182682,sharing_stations.NBV:Station:575989610,nextbike_vn,NBV:Station:575989610,THM Mannheim II,,t,,9,,,,https://app.nextbike.net/station?id=575989610,https://app.nextbike.net/station?id=575989610,https://nxtb.it/p/575989610,2026-05-20 11:29:21+02,f,POINT (8.478683 49.472353),2026-05-20 11:32:29+02,8.478683,49.472353
38182695,sharing_stations.NBV:Station:7853258,nextbike_vn,NBV:Station:7853258,Universitätsklinik Mannheim,,f,,44,,,,https://app.nextbike.net/station?id=7853258,https://app.nextbike.net/station?id=7853258,https://nxtb.it/p/7853258,2026-05-20 11:29:21+02,f,POINT (8.482906 49.492344),2026-05-20 11:32:29+02,8.482906,49.492344
38182698,sharing_stations.NBV:Station:339475,nextbike_vn,NBV:Station:339475,Hauptbahnhof Mannheim,60.0,f,,10,,,,https://app.nextbike.net/station?id=339475,https://app.nextbike.net/station?id=339475,https://nxtb.it/p/339475,2026-05-20 11:29:21+02,f,POINT (8.469749 49.47996),2026-05-20 11:32:29+02,8.469749,49.47996
38182746,sharing_stations.NBV:Station:364019650,nextbike_vn,NBV:Station:364019650,Lindenhofplatz / HBF Süd,,f,,2,,,,https://app.nextbike.net/station?id=364019650,https://app.nextbike.net/station?id=364019650,https://nxtb.it/p/364019650,2026-05-20 11:29:21+02,f,POINT (8.467814 49.477839),2026-05-20 11:32:29+02,8.467814,49.477839
38182784,sharing_stations.NBV:Station:339478,nextbike_vn,NBV:Station:339478,Technische Hochschule Mannheim,10.0,f,,23,,,,https://app.nextbike.net/station?id=339478,https://app.nextbike.net/station?id=339478,https://nxtb.it/p/339478,2026-05-20 11:29:21+02,f,POINT (8.482255 49.470261),2026-05-20 11:32:29+02,8.482255,49.470261
38182987,sharing_stations.NBV:Station:660951,nextbike_vn,NBV:Station:660951,Universität Schloss,10.0,f,,92,,,,https://app.nextbike.net/station?id=660951,https://app.nextbike.net/station?id=660951,https://nxtb.it/p/660951,2026-05-20 11:29:21+02,f,POINT (8.463303 49.48275),2026-05-20 11:32:29+02,8.463303,49.48275
38183039,sharing_stations.NBV:Station:148606240,nextbike_vn,NBV:Station:148606240,A1 - Landgericht/Universität,,f,,28,,5.0,,https://app.nextbike.net/station?id=148606240,https://app.nextbike.net/station?id=148606240,https://nxtb.it/p/148606240,2026-05-20 11:29:21+02,f,POINT (8.462552 49.484796),2026-05-20 11:32:29+02,8.462552,49.484796
38183048,sharing_stations.NBV:Station:339468,nextbike_vn,NBV:Station:339468,Universität Mensa,10.0,f,,7,,,,https://app.nextbike.net/station?id=339468,https://app.nextbike.net/station?id=339468,https://nxtb.it/p/339468,2026-05-20 11:29:21+02,f,POINT (8.459859 49.484576),2026-05-20 11:32:29+02,8.459859,49.484576
38179364,sharing_stations.NBV:Station:575989610,nextbike_vn,NBV:Station:575989610,THM Mannheim II,,t,,8,,,,https://app.nextbike.net/station?id=575989610,https://app.nextbike.net/station?id=575989610,https://nxtb.it/p/575989610,2026-05-20 10:54:28+02,f,POINT (8.478683 49.472353),2026-05-20 10:58:05+02,8.478683,49.472353
38179447,sharing_stations.NBV:Station:364019650,nextbike_vn,NBV:Station:364019650,Lindenhofplatz / HBF Süd,,f,,1,,,,https://app.nextbike.net/station?id=364019650,https://app.nextbike.net/station?id=364019650,https://nxtb.it/p/364019650,2026-05-20 10:54:28+02,f,POINT (8.467814 49.477839),2026-05-20 10:58:05+02,8.467814,49.477839
38179466,sharing_stations.NBV:Station:339478,nextbike_vn,NBV:Station:339478,Technische Hochschule Mannheim,10.0,f,,25,,,,https://app.nextbike.net/station?id=339478,https://app.nextbike.net/station?id=339478,https://nxtb.it/p/339478,2026-05-20 10:54:28+02,f,POINT (8.482255 49.470261),2026-05-20 10:58:05+02,8.482255,49.470261
38179475,sharing_stations.NBV:Station:339475,nextbike_vn,NBV:Station:339475,Hauptbahnhof Mannheim,60.0,f,,12,,,,https://app.nextbike.net/station?id=339475,https://app.nextbike.net/station?id=339475,https://nxtb.it/p/339475,2026-05-20 10:54:28+02,f,POINT (8.469749 49.47996),2026-05-20 10:58:05+02,8.469749,49.47996
38179480,sharing_stations.NBV:Station:7853258,nextbike_vn,NBV:Station:7853258,Universitätsklinik Mannheim,,f,,44,,,,https://app.nextbike.net/station?id=7853258,https://app.nextbike.net/station?id=7853258,https://nxtb.it/p/7853258,2026-05-20 10:54:28+02,f,POINT (8.482906 49.492344),2026-05-20 10:58:05+02,8.482906,49.492344
38179725,sharing_stations.NBV:Station:148606240,nextbike_vn,NBV:Station:148606240,A1 - Landgericht/Universität,,f,,27,,5.0,,https://app.nextbike.net/station?id=148606240,https://app.nextbike.net/station?id=148606240,https://nxtb.it/p/148606240,2026-05-20 10:54:28+02,f,POINT (8.462552 49.484796),2026-05-20 10:58:05+02,8.462552,49.484796
38179734,sharing_stations.NBV:Station:339468,nextbike_vn,NBV:Station:339468,Universität Mensa,10.0,f,,6,,,,https://app.nextbike.net/station?id=339468,https://app.nextbike.net/station?id=339468,https://nxtb.it/p/339468,2026-05-20 10:54:28+02,f,POINT (8.459859 49.484576),2026-05-20 10:58:05+02,8.459859,49.484576
38179756,sharing_stations.NBV:Station:660951,nextbike_vn,NBV:Station:660951,Universität Schloss,10.0,f,,100,,,,https://app.nextbike.net/station?id=660951,https://app.nextbike.net/station?id=660951,https://nxtb.it/p/660951,2026-05-20 10:54:28+02,f,POINT (8.463303 49.48275),2026-05-20 10:58:05+02,8.463303,49.48275
38175619,sharing_stations.NBV:Station:660951,nextbike_vn,NBV:Station:660951,Universität Schloss,10.0,f,,99,,,,https://app.nextbike.net/station?id=660951,https://app.nextbike.net/station?id=660951,https://nxtb.it/p/660951,2026-05-20 10:21:14+02,f,POINT (8.463303 49.48275),2026-05-20 10:23:24+02,8.463303,49.48275
38175679,sharing_stations.NBV:Station:339468,nextbike_vn,NBV:Station:339468,Universität Mensa,10.0,f,,6,,,,https://app.nextbike.net/station?id=339468,https://app.nextbike.net/station?id=339468,https://nxtb.it/p/339468,2026-05-20 10:21:14+02,f,POINT (8.459859 49.484576),2026-05-20 10:23:24+02,8.459859,49.484576
38175685,sharing_stations.NBV:Station:148606240,nextbike_vn,NBV:Station:148606240,A1 - Landgericht/Universität,,f,,29,,4.0,,https://app.nextbike.net/station?id=148606240,https://app.nextbike.net/station?id=148606240,https://nxtb.it/p/148606240,2026-05-20 10:21:14+02,f,POINT (8.462552 49.484796),2026-05-20 10:23:24+02,8.462552,49.484796
38175874,sharing_stations.NBV:Station:7853258,nextbike_vn,NBV:Station:7853258,Universitätsklinik Mannheim,,f,,43,,,,https://app.nextbike.net/station?id=7853258,https://app.nextbike.net/station?id=7853258,https://nxtb.it/p/7853258,2026-05-20 10:21:14+02,f,POINT (8.482906 49.492344),2026-05-20 10:23:24+02,8.482906,49.492344
38175876,sharing_stations.NBV:Station:339475,nextbike_vn,NBV:Station:339475,Hauptbahnhof Mannheim,60.0,f,,11,,,,https://app.nextbike.net/station?id=339475,https://app.nextbike.net/station?id=339475,https://nxtb.it/p/339475,2026-05-20 10:21:14+02,f,POINT (8.469749 49.47996),2026-05-20 10:23:24+02,8.469749,49.47996
38175935,sharing_stations.NBV:Station:339478,nextbike_vn,NBV:Station:339478,Technische Hochschule Mannheim,10.0,f,,26,,,,https://app.nextbike.net/station?id=339478,https://app.nextbike.net/station?id=339478,https://nxtb.it/p/339478,2026-05-20 10:21:14+02,f,POINT (8.482255 49.470261),2026-05-20 10:23:24+02,8.482255,49.470261
38176043,sharing_stations.NBV:Station:575989610,nextbike_vn,NBV:Station:575989610,THM Mannheim II,,t,,8,,,,https://app.nextbike.net/station?id=575989610,https://app.nextbike.net/station?id=575989610,https://nxtb.it/p/575989610,2026-05-20 10:21:14+02,f,POINT (8.478683 49.472353),2026-05-20 10:23:24+02,8.478683,49.472353
38171419,sharing_stations.NBV:Station:339478,nextbike_vn,NBV:Station:339478,Technische Hochschule Mannheim,10.0,f,,23,,,,https://app.nextbike.net/station?id=339478,https://app.nextbike.net/station?id=339478,https://nxtb.it/p/339478,2026-05-20 09:47:02+02,f,POINT (8.482255 49.470261),2026-05-20 09:49:23+02,8.482255,49.470261
38171463,sharing_stations.NBV:Station:7853258,nextbike_vn,NBV:Station:7853258,Universitätsklinik Mannheim,,f,,44,,,,https://app.nextbike.net/station?id=7853258,https://app.nextbike.net/station?id=7853258,https://nxtb.it/p/7853258,2026-05-20 09:47:02+02,f,POINT (8.482906 49.492344),2026-05-20 09:49:23+02,8.482906,49.492344
38171466,sharing_stations.NBV:Station:339475,nextbike_vn,NBV:Station:339475,Hauptbahnhof Mannheim,60.0,f,,18,,1.0,,https://app.nextbike.net/station?id=339475,https://app.nextbike.net/station?id=339475,https://nxtb.it/p/339475,2026-05-20 09:47:02+02,f,POINT (8.469749 49.47996),2026-05-20 09:49:23+02,8.469749,49.47996
38171526,sharing_stations.NBV:Station:575989610,nextbike_vn,NBV:Station:575989610,THM Mannheim II,,t,,9,,,,https://app.nextbike.net/station?id=575989610,https://app.nextbike.net/station?id=575989610,https://nxtb.it/p/575989610,2026-05-20 09:47:02+02,f,POINT (8.478683 49.472353),2026-05-20 09:49:23+02,8.478683,49.472353
38171880,sharing_stations.NBV:Station:339468,nextbike_vn,NBV:Station:339468,Universität Mensa,10.0,f,,5,,,,https://app.nextbike.net/station?id=339468,https://app.nextbike.net/station?id=339468,https://nxtb.it/p/339468,2026-05-20 09:47:02+02,f,POINT (8.459859 49.484576),2026-05-20 09:49:23+02,8.459859,49.484576
38171893,sharing_stations.NBV:Station:148606240,nextbike_vn,NBV:Station:148606240,A1 - Landgericht/Universität,,f,,34,,4.0,,https://app.nextbike.net/station?id=148606240,https://app.nextbike.net/station?id=148606240,https://nxtb.it/p/148606240,2026-05-20 09:47:02+02,f,POINT (8.462552 49.484796),2026-05-20 09:49:23+02,8.462552,49.484796
38171901,sharing_stations.NBV:Station:660951,nextbike_vn,NBV:Station:660951,Universität Schloss,10.0,f,,94,,,,https://app.nextbike.net/station?id=660951,https://app.nextbike.net/station?id=660951,https://nxtb.it/p/660951,2026-05-20 09:47:02+02,f,POINT (8.463303 49.48275),2026-05-20 09:49:23+02,8.463303,49.48275
38167977,sharing_stations.NBV:Station:660951,nextbike_vn,NBV:Station:660951,Universität Schloss,10.0,f,,93,,,,https://app.nextbike.net/station?id=660951,https://app.nextbike.net/station?id=660951,https://nxtb.it/p/660951,2026-05-20 09:13:30+02,f,POINT (8.463303 49.48275),2026-05-20 09:16:57+02,8.463303,49.48275
38168046,sharing_stations.NBV:Station:339468,nextbike_vn,NBV:Station:339468,Universität Mensa,10.0,f,,5,,,,https://app.nextbike.net/station?id=339468,https://app.nextbike.net/station?id=339468,https://nxtb.it/p/339468,2026-05-20 09:13:30+02,f,POINT (8.459859 49.484576),2026-05-20 09:16:57+02,8.459859,49.484576
38168057,sharing_stations.NBV:Station:148606240,nextbike_vn,NBV:Station:148606240,A1 - Landgericht/Universität,,f,,32,,4.0,,https://app.nextbike.net/station?id=148606240,https://app.nextbike.net/station?id=148606240,https://nxtb.it/p/148606240,2026-05-20 09:13:30+02,f,POINT (8.462552 49.484796),2026-05-20 09:16:57+02,8.462552,49.484796
38168420,sharing_stations.NBV:Station:575989610,nextbike_vn,NBV:Station:575989610,THM Mannheim II,,t,,9,,,,https://app.nextbike.net/station?id=575989610,https://app.nextbike.net/station?id=575989610,https://nxtb.it/p/575989610,2026-05-20 09:13:30+02,f,POINT (8.478683 49.472353),2026-05-20 09:16:57+02,8.478683,49.472353
38168444,sharing_stations.NBV:Station:339475,nextbike_vn,NBV:Station:339475,Hauptbahnhof Mannheim,60.0,f,,24,,1.0,,https://app.nextbike.net/station?id=339475,https://app.nextbike.net/station?id=339475,https://nxtb.it/p/339475,2026-05-20 09:13:30+02,f,POINT (8.469749 49.47996),2026-05-20 09:16:57+02,8.469749,49.47996
38168449,sharing_stations.NBV:Station:7853258,nextbike_vn,NBV:Station:7853258,Universitätsklinik Mannheim,,f,,44,,,,https://app.nextbike.net/station?id=7853258,https://app.nextbike.net/station?id=7853258,https://nxtb.it/p/7853258,2026-05-20 09:13:30+02,f,POINT (8.482906 49.492344),2026-05-20 09:16:57+02,8.482906,49.492344
38168501,sharing_stations.NBV:Station:339478,nextbike_vn,NBV:Station:339478,Technische Hochschule Mannheim,10.0,f,,17,,,,https://app.nextbike.net/station?id=339478,https://app.nextbike.net/station?id=339478,https://nxtb.it/p/339478,2026-05-20 09:13:30+02,f,POINT (8.482255 49.470261),2026-05-20 09:16:57+02,8.482255,49.470261
38164821,sharing_stations.NBV:Station:339468,nextbike_vn,NBV:Station:339468,Universität Mensa,10.0,f,,6,,,,https://app.nextbike.net/station?id=339468,https://app.nextbike.net/station?id=339468,https://nxtb.it/p/339468,2026-05-20 08:41:16+02,f,POINT (8.459859 49.484576),2026-05-20 08:43:44+02,8.459859,49.484576
38164831,sharing_stations.NBV:Station:148606240,nextbike_vn,NBV:Station:148606240,A1 - Landgericht/Universität,,f,,30,,4.0,,https://app.nextbike.net/station?id=148606240,https://app.nextbike.net/station?id=148606240,https://nxtb.it/p/148606240,2026-05-20 08:41:16+02,f,POINT (8.462552 49.484796),2026-05-20 08:43:44+02,8.462552,49.484796
38164888,sharing_stations.NBV:Station:660951,nextbike_vn,NBV:Station:660951,Universität Schloss,10.0,f,,89,,,,https://app.nextbike.net/station?id=660951,https://app.nextbike.net/station?id=660951,https://nxtb.it/p/660951,2026-05-20 08:41:16+02,f,POINT (8.463303 49.48275),2026-05-20 08:43:44+02,8.463303,49.48275
38165081,sharing_stations.NBV:Station:339478,nextbike_vn,NBV:Station:339478,Technische Hochschule Mannheim,10.0,f,,15,,,,https://app.nextbike.net/station?id=339478,https://app.nextbike.net/station?id=339478,https://nxtb.it/p/339478,2026-05-20 08:41:16+02,f,POINT (8.482255 49.470261),2026-05-20 08:43:44+02,8.482255,49.470261
38165107,sharing_stations.NBV:Station:364019650,nextbike_vn,NBV:Station:364019650,Lindenhofplatz / HBF Süd,,f,,4,,,,https://app.nextbike.net/station?id=364019650,https://app.nextbike.net/station?id=364019650,https://nxtb.it/p/364019650,2026-05-20 08:41:16+02,f,POINT (8.467814 49.477839),2026-05-20 08:43:44+02,8.467814,49.477839
38165166,sharing_stations.NBV:Station:7853258,nextbike_vn,NBV:Station:7853258,Universitätsklinik Mannheim,,f,,37,,,,https://app.nextbike.net/station?id=7853258,https://app.nextbike.net/station?id=7853258,https://nxtb.it/p/7853258,2026-05-20 08:41:16+02,f,POINT (8.482906 49.492344),2026-05-20 08:43:44+02,8.482906,49.492344
38165168,sharing_stations.NBV:Station:339475,nextbike_vn,NBV:Station:339475,Hauptbahnhof Mannheim,60.0,f,,30,,1.0,,https://app.nextbike.net/station?id=339475,https://app.nextbike.net/station?id=339475,https://nxtb.it/p/339475,2026-05-20 08:41:16+02,f,POINT (8.469749 49.47996),2026-05-20 08:43:44+02,8.469749,49.47996
38165180,sharing_stations.NBV:Station:575989610,nextbike_vn,NBV:Station:575989610,THM Mannheim II,,t,,7,,,,https://app.nextbike.net/station?id=575989610,https://app.nextbike.net/station?id=575989610,https://nxtb.it/p/575989610,2026-05-20 08:41:16+02,f,POINT (8.478683 49.472353),2026-05-20 08:43:44+02,8.478683,49.472353
38160907,sharing_stations.NBV:Station:339468,nextbike_vn,NBV:Station:339468,Universität Mensa,10.0,f,,4,,,,https://app.nextbike.net/station?id=339468,https://app.nextbike.net/station?id=339468,https://nxtb.it/p/339468,2026-05-20 08:08:39+02,f,POINT (8.459859 49.484576),2026-05-20 08:11:36+02,8.459859,49.484576
38160916,sharing_stations.NBV:Station:148606240,nextbike_vn,NBV:Station:148606240,A1 - Landgericht/Universität,,f,,22,,4.0,,https://app.nextbike.net/station?id=148606240,https://app.nextbike.net/station?id=148606240,https://nxtb.it/p/148606240,2026-05-20 08:08:39+02,f,POINT (8.462552 49.484796),2026-05-20 08:11:36+02,8.462552,49.484796
38160921,sharing_stations.NBV:Station:660951,nextbike_vn,NBV:Station:660951,Universität Schloss,10.0,f,,70,,,,https://app.nextbike.net/station?id=660951,https://app.nextbike.net/station?id=660951,https://nxtb.it/p/660951,2026-05-20 08:08:39+02,f,POINT (8.463303 49.48275),2026-05-20 08:11:36+02,8.463303,49.48275
38161136,sharing_stations.NBV:Station:364019650,nextbike_vn,NBV:Station:364019650,Lindenhofplatz / HBF Süd,,f,,9,,,,https://app.nextbike.net/station?id=364019650,https://app.nextbike.net/station?id=364019650,https://nxtb.it/p/364019650,2026-05-20 08:08:39+02,f,POINT (8.467814 49.477839),2026-05-20 08:11:36+02,8.467814,49.477839
38161153,sharing_stations.NBV:Station:339478,nextbike_vn,NBV:Station:339478,Technische Hochschule Mannheim,10.0,f,,15,,,,https://app.nextbike.net/station?id=339478,https://app.nextbike.net/station?id=339478,https://nxtb.it/p/339478,2026-05-20 08:08:39+02,f,POINT (8.482255 49.470261),2026-05-20 08:11:36+02,8.482255,49.470261
38161194,sharing_stations.NBV:Station:339475,nextbike_vn,NBV:Station:339475,Hauptbahnhof Mannheim,60.0,f,,39,,1.0,,https://app.nextbike.net/station?id=339475,https://app.nextbike.net/station?id=339475,https://nxtb.it/p/339475,2026-05-20 08:08:39+02,f,POINT (8.469749 49.47996),2026-05-20 08:11:36+02,8.469749,49.47996
38161201,sharing_stations.NBV:Station:7853258,nextbike_vn,NBV:Station:7853258,Universitätsklinik Mannheim,,f,,29,,,,https://app.nextbike.net/station?id=7853258,https://app.nextbike.net/station?id=7853258,https://nxtb.it/p/7853258,2026-05-20 08:08:39+02,f,POINT (8.482906 49.492344),2026-05-20 08:11:36+02,8.482906,49.492344
38161264,sharing_stations.NBV:Station:575989610,nextbike_vn,NBV:Station:575989610,THM Mannheim II,,t,,4,,,,https://app.nextbike.net/station?id=575989610,https://app.nextbike.net/station?id=575989610,https://nxtb.it/p/575989610,2026-05-20 08:08:39+02,f,POINT (8.478683 49.472353),2026-05-20 08:11:36+02,8.478683,49.472353
38157279,sharing_stations.NBV:Station:339468,nextbike_vn,NBV:Station:339468,Universität Mensa,10.0,f,,2,,,,https://app.nextbike.net/station?id=339468,https://app.nextbike.net/station?id=339468,https://nxtb.it/p/339468,2026-05-20 07:36:11+02,f,POINT (8.459859 49.484576),2026-05-20 07:37:35+02,8.459859,49.484576
38157289,sharing_stations.NBV:Station:148606240,nextbike_vn,NBV:Station:148606240,A1 - Landgericht/Universität,,f,,4,,4.0,,https://app.nextbike.net/station?id=148606240,https://app.nextbike.net/station?id=148606240,https://nxtb.it/p/148606240,2026-05-20 07:36:11+02,f,POINT (8.462552 49.484796),2026-05-20 07:37:35+02,8.462552,49.484796
38157334,sharing_stations.NBV:Station:660951,nextbike_vn,NBV:Station:660951,Universität Schloss,10.0,f,,7,,,,https://app.nextbike.net/station?id=660951,https://app.nextbike.net/station?id=660951,https://nxtb.it/p/660951,2026-05-20 07:36:11+02,f,POINT (8.463303 49.48275),2026-05-20 07:37:35+02,8.463303,49.48275
38157512,sharing_stations.NBV:Station:339478,nextbike_vn,NBV:Station:339478,Technische Hochschule Mannheim,10.0,f,,5,,,,https://app.nextbike.net/station?id=339478,https://app.nextbike.net/station?id=339478,https://nxtb.it/p/339478,2026-05-20 07:36:11+02,f,POINT (8.482255 49.470261),2026-05-20 07:37:35+02,8.482255,49.470261
38157542,sharing_stations.NBV:Station:364019650,nextbike_vn,NBV:Station:364019650,Lindenhofplatz / HBF Süd,,f,,23,,,,https://app.nextbike.net/station?id=364019650,https://app.nextbike.net/station?id=364019650,https://nxtb.it/p/364019650,2026-05-20 07:36:11+02,f,POINT (8.467814 49.477839),2026-05-20 07:37:35+02,8.467814,49.477839
38157589,sharing_stations.NBV:Station:339475,nextbike_vn,NBV:Station:339475,Hauptbahnhof Mannheim,60.0,f,,47,,1.0,,https://app.nextbike.net/station?id=339475,https://app.nextbike.net/station?id=339475,https://nxtb.it/p/339475,2026-05-20 07:36:11+02,f,POINT (8.469749 49.47996),2026-05-20 07:37:35+02,8.469749,49.47996
38157595,sharing_stations.NBV:Station:7853258,nextbike_vn,NBV:Station:7853258,Universitätsklinik Mannheim,,f,,14,,,,https://app.nextbike.net/station?id=7853258,https://app.nextbike.net/station?id=7853258,https://nxtb.it/p/7853258,2026-05-20 07:36:11+02,f,POINT (8.482906 49.492344),2026-05-20 07:37:35+02,8.482906,49.492344
38157600,sharing_stations.NBV:Station:575989610,nextbike_vn,NBV:Station:575989610,THM Mannheim II,,t,,1,,,,https://app.nextbike.net/station?id=575989610,https://app.nextbike.net/station?id=575989610,https://nxtb.it/p/575989610,2026-05-20 07:36:11+02,f,POINT (8.478683 49.472353),2026-05-20 07:37:35+02,8.478683,49.472353
38153753,sharing_stations.NBV:Station:7853258,nextbike_vn,NBV:Station:7853258,Universitätsklinik Mannheim,,f,,9,,,,https://app.nextbike.net/station?id=7853258,https://app.nextbike.net/station?id=7853258,https://nxtb.it/p/7853258,2026-05-20 06:59:34+02,f,POINT (8.482906 49.492344),2026-05-20 07:02:23+02,8.482906,49.492344
38153754,sharing_stations.NBV:Station:339475,nextbike_vn,NBV:Station:339475,Hauptbahnhof Mannheim,60.0,f,,46,,1.0,,https://app.nextbike.net/station?id=339475,https://app.nextbike.net/station?id=339475,https://nxtb.it/p/339475,2026-05-20 06:59:34+02,f,POINT (8.469749 49.47996),2026-05-20 07:02:23+02,8.469749,49.47996
38153810,sharing_stations.NBV:Station:364019650,nextbike_vn,NBV:Station:364019650,Lindenhofplatz / HBF Süd,,f,,25,,,,https://app.nextbike.net/station?id=364019650,https://app.nextbike.net/station?id=364019650,https://nxtb.it/p/364019650,2026-05-20 06:59:34+02,f,POINT (8.467814 49.477839),2026-05-20 07:02:23+02,8.467814,49.477839
38153837,sharing_stations.NBV:Station:339478,nextbike_vn,NBV:Station:339478,Technische Hochschule Mannheim,10.0,f,,3,,,,https://app.nextbike.net/station?id=339478,https://app.nextbike.net/station?id=339478,https://nxtb.it/p/339478,2026-05-20 06:59:34+02,f,POINT (8.482255 49.470261),2026-05-20 07:02:23+02,8.482255,49.470261
38153939,sharing_stations.NBV:Station:575989610,nextbike_vn,NBV:Station:575989610,THM Mannheim II,,t,,1,,,,https://app.nextbike.net/station?id=575989610,https://app.nextbike.net/station?id=575989610,https://nxtb.it/p/575989610,2026-05-20 06:59:34+02,f,POINT (8.478683 49.472353),2026-05-20 07:02:23+02,8.478683,49.472353
38154261,sharing_stations.NBV:Station:148606240,nextbike_vn,NBV:Station:148606240,A1 - Landgericht/Universität,,f,,1,,4.0,,https://app.nextbike.net/station?id=148606240,https://app.nextbike.net/station?id=148606240,https://nxtb.it/p/148606240,2026-05-20 06:59:34+02,f,POINT (8.462552 49.484796),2026-05-20 07:02:23+02,8.462552,49.484796
38154269,sharing_stations.NBV:Station:339468,nextbike_vn,NBV:Station:339468,Universität Mensa,10.0,f,,1,,,,https://app.nextbike.net/station?id=339468,https://app.nextbike.net/station?id=339468,https://nxtb.it/p/339468,2026-05-20 06:59:34+02,f,POINT (8.459859 49.484576),2026-05-20 07:02:23+02,8.459859,49.484576
38150791,sharing_stations.NBV:Station:339478,nextbike_vn,NBV:Station:339478,Technische Hochschule Mannheim,10.0,f,,4,,,,https://app.nextbike.net/station?id=339478,https://app.nextbike.net/station?id=339478,https://nxtb.it/p/339478,2026-05-20 06:25:36+02,f,POINT (8.482255 49.470261),2026-05-20 06:27:27+02,8.482255,49.470261
38150823,sharing_stations.NBV:Station:364019650,nextbike_vn,NBV:Station:364019650,Lindenhofplatz / HBF Süd,,f,,26,,,,https://app.nextbike.net/station?id=364019650,https://app.nextbike.net/station?id=364019650,https://nxtb.it/p/364019650,2026-05-20 06:25:36+02,f,POINT (8.467814 49.477839),2026-05-20 06:27:27+02,8.467814,49.477839
38150880,sharing_stations.NBV:Station:7853258,nextbike_vn,NBV:Station:7853258,Universitätsklinik Mannheim,,f,,5,,,,https://app.nextbike.net/station?id=7853258,https://app.nextbike.net/station?id=7853258,https://nxtb.it/p/7853258,2026-05-20 06:25:36+02,f,POINT (8.482906 49.492344),2026-05-20 06:27:27+02,8.482906,49.492344
38150881,sharing_stations.NBV:Station:339475,nextbike_vn,NBV:Station:339475,Hauptbahnhof Mannheim,60.0,f,,45,,1.0,,https://app.nextbike.net/station?id=339475,https://app.nextbike.net/station?id=339475,https://nxtb.it/p/339475,2026-05-20 06:25:36+02,f,POINT (8.469749 49.47996),2026-05-20 06:27:27+02,8.469749,49.47996
38151088,sharing_stations.NBV:Station:339468,nextbike_vn,NBV:Station:339468,Universität Mensa,10.0,f,,1,,,,https://app.nextbike.net/station?id=339468,https://app.nextbike.net/station?id=339468,https://nxtb.it/p/339468,2026-05-20 06:25:36+02,f,POINT (8.459859 49.484576),2026-05-20 06:27:27+02,8.459859,49.484576
38151099,sharing_stations.NBV:Station:148606240,nextbike_vn,NBV:Station:148606240,A1 - Landgericht/Universität,,f,,1,,4.0,,https://app.nextbike.net/station?id=148606240,https://app.nextbike.net/station?id=148606240,https://nxtb.it/p/148606240,2026-05-20 06:25:36+02,f,POINT (8.462552 49.484796),2026-05-20 06:27:27+02,8.462552,49.484796
38147577,sharing_stations.NBV:Station:339478,nextbike_vn,NBV:Station:339478,Technische Hochschule Mannheim,10.0,f,,4,,,,https://app.nextbike.net/station?id=339478,https://app.nextbike.net/station?id=339478,https://nxtb.it/p/339478,2026-05-20 05:47:50+02,f,POINT (8.482255 49.470261),2026-05-20 05:51:03+02,8.482255,49.470261
38147607,sharing_stations.NBV:Station:364019650,nextbike_vn,NBV:Station:364019650,Lindenhofplatz / HBF Süd,,f,,27,,,,https://app.nextbike.net/station?id=364019650,https://app.nextbike.net/station?id=364019650,https://nxtb.it/p/364019650,2026-05-20 05:47:50+02,f,POINT (8.467814 49.477839),2026-05-20 05:51:03+02,8.467814,49.477839
38147631,sharing_stations.NBV:Station:339475,nextbike_vn,NBV:Station:339475,Hauptbahnhof Mannheim,60.0,f,,43,,1.0,,https://app.nextbike.net/station?id=339475,https://app.nextbike.net/station?id=339475,https://nxtb.it/p/339475,2026-05-20 05:47:50+02,f,POINT (8.469749 49.47996),2026-05-20 05:51:03+02,8.469749,49.47996
38147641,sharing_stations.NBV:Station:7853258,nextbike_vn,NBV:Station:7853258,Universitätsklinik Mannheim,,f,,2,,,,https://app.nextbike.net/station?id=7853258,https://app.nextbike.net/station?id=7853258,https://nxtb.it/p/7853258,2026-05-20 05:47:50+02,f,POINT (8.482906 49.492344),2026-05-20 05:51:03+02,8.482906,49.492344
38148022,sharing_stations.NBV:Station:148606240,nextbike_vn,NBV:Station:148606240,A1 - Landgericht/Universität,,f,,1,,4.0,,https://app.nextbike.net/station?id=148606240,https://app.nextbike.net/station?id=148606240,https://nxtb.it/p/148606240,2026-05-20 05:47:50+02,f,POINT (8.462552 49.484796),2026-05-20 05:51:03+02,8.462552,49.484796
38148033,sharing_stations.NBV:Station:339468,nextbike_vn,NBV:Station:339468,Universität Mensa,10.0,f,,1,,,,https://app.nextbike.net/station?id=339468,https://app.nextbike.net/station?id=339468,https://nxtb.it/p/339468,2026-05-20 05:47:50+02,f,POINT (8.459859 49.484576),2026-05-20 05:51:03+02,8.459859,49.484576
38144331,sharing_stations.NBV:Station:7853258,nextbike_vn,NBV:Station:7853258,Universitätsklinik Mannheim,,f,,2,,,,https://app.nextbike.net/station?id=7853258,https://app.nextbike.net/station?id=7853258,https://nxtb.it/p/7853258,2026-05-20 05:13:10+02,f,POINT (8.482906 49.492344),2026-05-20 05:14:18+02,8.482906,49.492344
38144337,sharing_stations.NBV:Station:339475,nextbike_vn,NBV:Station:339475,Hauptbahnhof Mannheim,60.0,f,,43,,1.0,,https://app.nextbike.net/station?id=339475,https://app.nextbike.net/station?id=339475,https://nxtb.it/p/339475,2026-05-20 05:13:10+02,f,POINT (8.469749 49.47996),2026-05-20 05:14:18+02,8.469749,49.47996
38144372,sharing_stations.NBV:Station:339478,nextbike_vn,NBV:Station:339478,Technische Hochschule Mannheim,10.0,f,,4,,,,https://app.nextbike.net/station?id=339478,https://app.nextbike.net/station?id=339478,https://nxtb.it/p/339478,2026-05-20 05:13:10+02,f,POINT (8.482255 49.470261),2026-05-20 05:14:18+02,8.482255,49.470261
38144387,sharing_stations.NBV:Station:364019650,nextbike_vn,NBV:Station:364019650,Lindenhofplatz / HBF Süd,,f,,27,,,,https://app.nextbike.net/station?id=364019650,https://app.nextbike.net/station?id=364019650,https://nxtb.it/p/364019650,2026-05-20 05:13:10+02,f,POINT (8.467814 49.477839),2026-05-20 05:14:18+02,8.467814,49.477839
38144782,sharing_stations.NBV:Station:148606240,nextbike_vn,NBV:Station:148606240,A1 - Landgericht/Universität,,f,,1,,4.0,,https://app.nextbike.net/station?id=148606240,https://app.nextbike.net/station?id=148606240,https://nxtb.it/p/148606240,2026-05-20 05:13:10+02,f,POINT (8.462552 49.484796),2026-05-20 05:14:18+02,8.462552,49.484796
38144792,sharing_stations.NBV:Station:339468,nextbike_vn,NBV:Station:339468,Universität Mensa,10.0,f,,1,,,,https://app.nextbike.net/station?id=339468,https://app.nextbike.net/station?id=339468,https://nxtb.it/p/339468,2026-05-20 05:13:10+02,f,POINT (8.459859 49.484576),2026-05-20 05:14:18+02,8.459859,49.484576
38141330,sharing_stations.NBV:Station:339478,nextbike_vn,NBV:Station:339478,Technische Hochschule Mannheim,10.0,f,,4,,,,https://app.nextbike.net/station?id=339478,https://app.nextbike.net/station?id=339478,https://nxtb.it/p/339478,2026-05-20 04:37:14+02,f,POINT (8.482255 49.470261),2026-05-20 04:39:19+02,8.482255,49.470261
38141351,sharing_stations.NBV:Station:364019650,nextbike_vn,NBV:Station:364019650,Lindenhofplatz / HBF Süd,,f,,27,,,,https://app.nextbike.net/station?id=364019650,https://app.nextbike.net/station?id=364019650,https://nxtb.it/p/364019650,2026-05-20 04:37:14+02,f,POINT (8.467814 49.477839),2026-05-20 04:39:19+02,8.467814,49.477839
38141391,sharing_stations.NBV:Station:339475,nextbike_vn,NBV:Station:339475,Hauptbahnhof Mannheim,60.0,f,,43,,1.0,,https://app.nextbike.net/station?id=339475,https://app.nextbike.net/station?id=339475,https://nxtb.it/p/339475,2026-05-20 04:37:14+02,f,POINT (8.469749 49.47996),2026-05-20 04:39:19+02,8.469749,49.47996
38141398,sharing_stations.NBV:Station:7853258,nextbike_vn,NBV:Station:7853258,Universitätsklinik Mannheim,,f,,2,,,,https://app.nextbike.net/station?id=7853258,https://app.nextbike.net/station?id=7853258,https://nxtb.it/p/7853258,2026-05-20 04:37:14+02,f,POINT (8.482906 49.492344),2026-05-20 04:39:19+02,8.482906,49.492344
38141568,sharing_stations.NBV:Station:148606240,nextbike_vn,NBV:Station:148606240,A1 - Landgericht/Universität,,f,,1,,4.0,,https://app.nextbike.net/station?id=148606240,https://app.nextbike.net/station?id=148606240,https://nxtb.it/p/148606240,2026-05-20 04:37:14+02,f,POINT (8.462552 49.484796),2026-05-20 04:39:19+02,8.462552,49.484796
38141577,sharing_stations.NBV:Station:339468,nextbike_vn,NBV:Station:339468,Universität Mensa,10.0,f,,1,,,,https://app.nextbike.net/station?id=339468,https://app.nextbike.net/station?id=339468,https://nxtb.it/p/339468,2026-05-20 04:37:14+02,f,POINT (8.459859 49.484576),2026-05-20 04:39:19+02,8.459859,49.484576
38138333,sharing_stations.NBV:Station:364019650,nextbike_vn,NBV:Station:364019650,Lindenhofplatz / HBF Süd,,f,,27,,,,https://app.nextbike.net/station?id=364019650,https://app.nextbike.net/station?id=364019650,https://nxtb.it/p/364019650,2026-05-20 04:01:59+02,f,POINT (8.467814 49.477839),2026-05-20 04:03:50+02,8.467814,49.477839
38138375,sharing_stations.NBV:Station:339478,nextbike_vn,NBV:Station:339478,Technische Hochschule Mannheim,10.0,f,,4,,,,https://app.nextbike.net/station?id=339478,https://app.nextbike.net/station?id=339478,https://nxtb.it/p/339478,2026-05-20 04:01:59+02,f,POINT (8.482255 49.470261),2026-05-20 04:03:50+02,8.482255,49.470261
38138405,sharing_stations.NBV:Station:7853258,nextbike_vn,NBV:Station:7853258,Universitätsklinik Mannheim,,f,,2,,,,https://app.nextbike.net/station?id=7853258,https://app.nextbike.net/station?id=7853258,https://nxtb.it/p/7853258,2026-05-20 04:01:59+02,f,POINT (8.482906 49.492344),2026-05-20 04:03:50+02,8.482906,49.492344
38138410,sharing_stations.NBV:Station:339475,nextbike_vn,NBV:Station:339475,Hauptbahnhof Mannheim,60.0,f,,44,,1.0,,https://app.nextbike.net/station?id=339475,https://app.nextbike.net/station?id=339475,https://nxtb.it/p/339475,2026-05-20 04:01:59+02,f,POINT (8.469749 49.47996),2026-05-20 04:03:50+02,8.469749,49.47996
38138650,sharing_stations.NBV:Station:339468,nextbike_vn,NBV:Station:339468,Universität Mensa,10.0,f,,1,,,,https://app.nextbike.net/station?id=339468,https://app.nextbike.net/station?id=339468,https://nxtb.it/p/339468,2026-05-20 04:01:59+02,f,POINT (8.459859 49.484576),2026-05-20 04:03:50+02,8.459859,49.484576
38138655,sharing_stations.NBV:Station:148606240,nextbike_vn,NBV:Station:148606240,A1 - Landgericht/Universität,,f,,1,,4.0,,https://app.nextbike.net/station?id=148606240,https://app.nextbike.net/station?id=148606240,https://nxtb.it/p/148606240,2026-05-20 04:01:59+02,f,POINT (8.462552 49.484796),2026-05-20 04:03:50+02,8.462552,49.484796
38135047,sharing_stations.NBV:Station:339468,nextbike_vn,NBV:Station:339468,Universität Mensa,10.0,f,,1,,,,https://app.nextbike.net/station?id=339468,https://app.nextbike.net/station?id=339468,https://nxtb.it/p/339468,2026-05-20 03:24:45+02,f,POINT (8.459859 49.484576),2026-05-20 03:27:41+02,8.459859,49.484576
38135053,sharing_stations.NBV:Station:148606240,nextbike_vn,NBV:Station:148606240,A1 - Landgericht/Universität,,f,,1,,4.0,,https://app.nextbike.net/station?id=148606240,https://app.nextbike.net/station?id=148606240,https://nxtb.it/p/148606240,2026-05-20 03:24:45+02,f,POINT (8.462552 49.484796),2026-05-20 03:27:41+02,8.462552,49.484796
38135294,sharing_stations.NBV:Station:364019650,nextbike_vn,NBV:Station:364019650,Lindenhofplatz / HBF Süd,,f,,27,,,,https://app.nextbike.net/station?id=364019650,https://app.nextbike.net/station?id=364019650,https://nxtb.it/p/364019650,2026-05-20 03:24:45+02,f,POINT (8.467814 49.477839),2026-05-20 03:27:41+02,8.467814,49.477839
38135328,sharing_stations.NBV:Station:339478,nextbike_vn,NBV:Station:339478,Technische Hochschule Mannheim,10.0,f,,4,,,,https://app.nextbike.net/station?id=339478,https://app.nextbike.net/station?id=339478,https://nxtb.it/p/339478,2026-05-20 03:24:45+02,f,POINT (8.482255 49.470261),2026-05-20 03:27:41+02,8.482255,49.470261
38135362,sharing_stations.NBV:Station:7853258,nextbike_vn,NBV:Station:7853258,Universitätsklinik Mannheim,,f,,2,,,,https://app.nextbike.net/station?id=7853258,https://app.nextbike.net/station?id=7853258,https://nxtb.it/p/7853258,2026-05-20 03:24:45+02,f,POINT (8.482906 49.492344),2026-05-20 03:27:41+02,8.482906,49.492344
38135364,sharing_stations.NBV:Station:339475,nextbike_vn,NBV:Station:339475,Hauptbahnhof Mannheim,60.0,f,,45,,1.0,,https://app.nextbike.net/station?id=339475,https://app.nextbike.net/station?id=339475,https://nxtb.it/p/339475,2026-05-20 03:24:45+02,f,POINT (8.469749 49.47996),2026-05-20 03:27:41+02,8.469749,49.47996
38131760,sharing_stations.NBV:Station:364019650,nextbike_vn,NBV:Station:364019650,Lindenhofplatz / HBF Süd,,f,,26,,,,https://app.nextbike.net/station?id=364019650,https://app.nextbike.net/station?id=364019650,https://nxtb.it/p/364019650,2026-05-20 02:49:52+02,f,POINT (8.467814 49.477839),2026-05-20 02:51:54+02,8.467814,49.477839
38131798,sharing_stations.NBV:Station:339478,nextbike_vn,NBV:Station:339478,Technische Hochschule Mannheim,10.0,f,,4,,,,https://app.nextbike.net/station?id=339478,https://app.nextbike.net/station?id=339478,https://nxtb.it/p/339478,2026-05-20 02:49:52+02,f,POINT (8.482255 49.470261),2026-05-20 02:51:54+02,8.482255,49.470261
38131829,sharing_stations.NBV:Station:339475,nextbike_vn,NBV:Station:339475,Hauptbahnhof Mannheim,60.0,f,,16,,,,https://app.nextbike.net/station?id=339475,https://app.nextbike.net/station?id=339475,https://nxtb.it/p/339475,2026-05-20 02:49:52+02,f,POINT (8.469749 49.47996),2026-05-20 02:51:54+02,8.469749,49.47996
38131837,sharing_stations.NBV:Station:7853258,nextbike_vn,NBV:Station:7853258,Universitätsklinik Mannheim,,f,,2,,,,https://app.nextbike.net/station?id=7853258,https://app.nextbike.net/station?id=7853258,https://nxtb.it/p/7853258,2026-05-20 02:49:52+02,f,POINT (8.482906 49.492344),2026-05-20 02:51:54+02,8.482906,49.492344
38132214,sharing_stations.NBV:Station:339468,nextbike_vn,NBV:Station:339468,Universität Mensa,10.0,f,,1,,,,https://app.nextbike.net/station?id=339468,https://app.nextbike.net/station?id=339468,https://nxtb.it/p/339468,2026-05-20 02:49:52+02,f,POINT (8.459859 49.484576),2026-05-20 02:51:54+02,8.459859,49.484576
38132222,sharing_stations.NBV:Station:148606240,nextbike_vn,NBV:Station:148606240,A1 - Landgericht/Universität,,f,,1,,4.0,,https://app.nextbike.net/station?id=148606240,https://app.nextbike.net/station?id=148606240,https://nxtb.it/p/148606240,2026-05-20 02:49:52+02,f,POINT (8.462552 49.484796),2026-05-20 02:51:54+02,8.462552,49.484796
38128837,sharing_stations.NBV:Station:364019650,nextbike_vn,NBV:Station:364019650,Lindenhofplatz / HBF Süd,,f,,26,,,,https://app.nextbike.net/station?id=364019650,https://app.nextbike.net/station?id=364019650,https://nxtb.it/p/364019650,2026-05-20 02:16:39+02,f,POINT (8.467814 49.477839),2026-05-20 02:18:25+02,8.467814,49.477839
38128855,sharing_stations.NBV:Station:339478,nextbike_vn,NBV:Station:339478,Technische Hochschule Mannheim,10.0,f,,4,,,,https://app.nextbike.net/station?id=339478,https://app.nextbike.net/station?id=339478,https://nxtb.it/p/339478,2026-05-20 02:16:39+02,f,POINT (8.482255 49.470261),2026-05-20 02:18:25+02,8.482255,49.470261
38128873,sharing_stations.NBV:Station:339475,nextbike_vn,NBV:Station:339475,Hauptbahnhof Mannheim,60.0,f,,16,,,,https://app.nextbike.net/station?id=339475,https://app.nextbike.net/station?id=339475,https://nxtb.it/p/339475,2026-05-20 02:16:39+02,f,POINT (8.469749 49.47996),2026-05-20 02:18:25+02,8.469749,49.47996
38128878,sharing_stations.NBV:Station:7853258,nextbike_vn,NBV:Station:7853258,Universitätsklinik Mannheim,,f,,2,,,,https://app.nextbike.net/station?id=7853258,https://app.nextbike.net/station?id=7853258,https://nxtb.it/p/7853258,2026-05-20 02:16:39+02,f,POINT (8.482906 49.492344),2026-05-20 02:18:25+02,8.482906,49.492344
38129139,sharing_stations.NBV:Station:148606240,nextbike_vn,NBV:Station:148606240,A1 - Landgericht/Universität,,f,,1,,4.0,,https://app.nextbike.net/station?id=148606240,https://app.nextbike.net/station?id=148606240,https://nxtb.it/p/148606240,2026-05-20 02:16:39+02,f,POINT (8.462552 49.484796),2026-05-20 02:18:25+02,8.462552,49.484796
38129153,sharing_stations.NBV:Station:339468,nextbike_vn,NBV:Station:339468,Universität Mensa,10.0,f,,1,,,,https://app.nextbike.net/station?id=339468,https://app.nextbike.net/station?id=339468,https://nxtb.it/p/339468,2026-05-20 02:16:39+02,f,POINT (8.459859 49.484576),2026-05-20 02:18:25+02,8.459859,49.484576
38125574,sharing_stations.NBV:Station:148606240,nextbike_vn,NBV:Station:148606240,A1 - Landgericht/Universität,,f,,1,,4.0,,https://app.nextbike.net/station?id=148606240,https://app.nextbike.net/station?id=148606240,https://nxtb.it/p/148606240,2026-05-20 01:42:12+02,f,POINT (8.462552 49.484796),2026-05-20 01:43:35+02,8.462552,49.484796
38125820,sharing_stations.NBV:Station:364019650,nextbike_vn,NBV:Station:364019650,Lindenhofplatz / HBF Süd,,f,,27,,,,https://app.nextbike.net/station?id=364019650,https://app.nextbike.net/station?id=364019650,https://nxtb.it/p/364019650,2026-05-20 01:42:12+02,f,POINT (8.467814 49.477839),2026-05-20 01:43:35+02,8.467814,49.477839
38125837,sharing_stations.NBV:Station:339478,nextbike_vn,NBV:Station:339478,Technische Hochschule Mannheim,10.0,f,,4,,,,https://app.nextbike.net/station?id=339478,https://app.nextbike.net/station?id=339478,https://nxtb.it/p/339478,2026-05-20 01:42:12+02,f,POINT (8.482255 49.470261),2026-05-20 01:43:35+02,8.482255,49.470261
38125850,sharing_stations.NBV:Station:339475,nextbike_vn,NBV:Station:339475,Hauptbahnhof Mannheim,60.0,f,,15,,,,https://app.nextbike.net/station?id=339475,https://app.nextbike.net/station?id=339475,https://nxtb.it/p/339475,2026-05-20 01:42:12+02,f,POINT (8.469749 49.47996),2026-05-20 01:43:35+02,8.469749,49.47996
38125854,sharing_stations.NBV:Station:7853258,nextbike_vn,NBV:Station:7853258,Universitätsklinik Mannheim,,f,,2,,,,https://app.nextbike.net/station?id=7853258,https://app.nextbike.net/station?id=7853258,https://nxtb.it/p/7853258,2026-05-20 01:42:12+02,f,POINT (8.482906 49.492344),2026-05-20 01:43:35+02,8.482906,49.492344
38122510,sharing_stations.NBV:Station:148606240,nextbike_vn,NBV:Station:148606240,A1 - Landgericht/Universität,,f,,1,,4.0,,https://app.nextbike.net/station?id=148606240,https://app.nextbike.net/station?id=148606240,https://nxtb.it/p/148606240,2026-05-20 01:06:39+02,f,POINT (8.462552 49.484796),2026-05-20 01:08:15+02,8.462552,49.484796
38122745,sharing_stations.NBV:Station:364019650,nextbike_vn,NBV:Station:364019650,Lindenhofplatz / HBF Süd,,f,,28,,,,https://app.nextbike.net/station?id=364019650,https://app.nextbike.net/station?id=364019650,https://nxtb.it/p/364019650,2026-05-20 01:06:39+02,f,POINT (8.467814 49.477839),2026-05-20 01:08:15+02,8.467814,49.477839
38122758,sharing_stations.NBV:Station:339478,nextbike_vn,NBV:Station:339478,Technische Hochschule Mannheim,10.0,f,,4,,,,https://app.nextbike.net/station?id=339478,https://app.nextbike.net/station?id=339478,https://nxtb.it/p/339478,2026-05-20 01:06:39+02,f,POINT (8.482255 49.470261),2026-05-20 01:08:15+02,8.482255,49.470261
38122771,sharing_stations.NBV:Station:339475,nextbike_vn,NBV:Station:339475,Hauptbahnhof Mannheim,60.0,f,,1,,,,https://app.nextbike.net/station?id=339475,https://app.nextbike.net/station?id=339475,https://nxtb.it/p/339475,2026-05-20 01:06:39+02,f,POINT (8.469749 49.47996),2026-05-20 01:08:15+02,8.469749,49.47996
38122778,sharing_stations.NBV:Station:7853258,nextbike_vn,NBV:Station:7853258,Universitätsklinik Mannheim,,f,,2,,,,https://app.nextbike.net/station?id=7853258,https://app.nextbike.net/station?id=7853258,https://nxtb.it/p/7853258,2026-05-20 01:06:39+02,f,POINT (8.482906 49.492344),2026-05-20 01:08:15+02,8.482906,49.492344
38119000,sharing_stations.NBV:Station:339475,nextbike_vn,NBV:Station:339475,Hauptbahnhof Mannheim,60.0,f,,1,,,,https://app.nextbike.net/station?id=339475,https://app.nextbike.net/station?id=339475,https://nxtb.it/p/339475,2026-05-20 00:30:01+02,f,POINT (8.469749 49.47996),2026-05-20 00:31:43+02,8.469749,49.47996
38119004,sharing_stations.NBV:Station:7853258,nextbike_vn,NBV:Station:7853258,Universitätsklinik Mannheim,,f,,2,,,,https://app.nextbike.net/station?id=7853258,https://app.nextbike.net/station?id=7853258,https://nxtb.it/p/7853258,2026-05-20 00:30:01+02,f,POINT (8.482906 49.492344),2026-05-20 00:31:43+02,8.482906,49.492344
38119033,sharing_stations.NBV:Station:339478,nextbike_vn,NBV:Station:339478,Technische Hochschule Mannheim,10.0,f,,4,,,,https://app.nextbike.net/station?id=339478,https://app.nextbike.net/station?id=339478,https://nxtb.it/p/339478,2026-05-20 00:30:01+02,f,POINT (8.482255 49.470261),2026-05-20 00:31:43+02,8.482255,49.470261
38119070,sharing_stations.NBV:Station:364019650,nextbike_vn,NBV:Station:364019650,Lindenhofplatz / HBF Süd,,f,,27,,,,https://app.nextbike.net/station?id=364019650,https://app.nextbike.net/station?id=364019650,https://nxtb.it/p/364019650,2026-05-20 00:30:01+02,f,POINT (8.467814 49.477839),2026-05-20 00:31:43+02,8.467814,49.477839
38119471,sharing_stations.NBV:Station:148606240,nextbike_vn,NBV:Station:148606240,A1 - Landgericht/Universität,,f,,1,,4.0,,https://app.nextbike.net/station?id=148606240,https://app.nextbike.net/station?id=148606240,https://nxtb.it/p/148606240,2026-05-20 00:30:01+02,f,POINT (8.462552 49.484796),2026-05-20 00:31:43+02,8.462552,49.484796
38115761,sharing_stations.NBV:Station:148606240,nextbike_vn,NBV:Station:148606240,A1 - Landgericht/Universität,,f,,1,,4.0,,https://app.nextbike.net/station?id=148606240,https://app.nextbike.net/station?id=148606240,https://nxtb.it/p/148606240,2026-05-19 23:47:36+02,f,POINT (8.462552 49.484796),2026-05-19 23:50:20+02,8.462552,49.484796
38115971,sharing_stations.NBV:Station:7853258,nextbike_vn,NBV:Station:7853258,Universitätsklinik Mannheim,,f,,1,,,,https://app.nextbike.net/station?id=7853258,https://app.nextbike.net/station?id=7853258,https://nxtb.it/p/7853258,2026-05-19 23:47:36+02,f,POINT (8.482906 49.492344),2026-05-19 23:50:20+02,8.482906,49.492344
38115973,sharing_stations.NBV:Station:339475,nextbike_vn,NBV:Station:339475,Hauptbahnhof Mannheim,60.0,f,,2,,,,https://app.nextbike.net/station?id=339475,https://app.nextbike.net/station?id=339475,https://nxtb.it/p/339475,2026-05-19 23:47:36+02,f,POINT (8.469749 49.47996),2026-05-19 23:50:20+02,8.469749,49.47996
38116032,sharing_stations.NBV:Station:364019650,nextbike_vn,NBV:Station:364019650,Lindenhofplatz / HBF Süd,,f,,29,,,,https://app.nextbike.net/station?id=364019650,https://app.nextbike.net/station?id=364019650,https://nxtb.it/p/364019650,2026-05-19 23:47:36+02,f,POINT (8.467814 49.477839),2026-05-19 23:50:20+02,8.467814,49.477839
38116058,sharing_stations.NBV:Station:339478,nextbike_vn,NBV:Station:339478,Technische Hochschule Mannheim,10.0,f,,2,,,,https://app.nextbike.net/station?id=339478,https://app.nextbike.net/station?id=339478,https://nxtb.it/p/339478,2026-05-19 23:47:36+02,f,POINT (8.482255 49.470261),2026-05-19 23:50:20+02,8.482255,49.470261
38112350,sharing_stations.NBV:Station:339468,nextbike_vn,NBV:Station:339468,Universität Mensa,10.0,f,,1,,,,https://app.nextbike.net/station?id=339468,https://app.nextbike.net/station?id=339468,https://nxtb.it/p/339468,2026-05-19 23:14:35+02,f,POINT (8.459859 49.484576),2026-05-19 23:16:34+02,8.459859,49.484576
38112523,sharing_stations.NBV:Station:339475,nextbike_vn,NBV:Station:339475,Hauptbahnhof Mannheim,60.0,f,,5,,,,https://app.nextbike.net/station?id=339475,https://app.nextbike.net/station?id=339475,https://nxtb.it/p/339475,2026-05-19 23:14:35+02,f,POINT (8.469749 49.47996),2026-05-19 23:16:34+02,8.469749,49.47996
38112529,sharing_stations.NBV:Station:7853258,nextbike_vn,NBV:Station:7853258,Universitätsklinik Mannheim,,f,,2,,,,https://app.nextbike.net/station?id=7853258,https://app.nextbike.net/station?id=7853258,https://nxtb.it/p/7853258,2026-05-19 23:14:35+02,f,POINT (8.482906 49.492344),2026-05-19 23:16:34+02,8.482906,49.492344
38112592,sharing_stations.NBV:Station:364019650,nextbike_vn,NBV:Station:364019650,Lindenhofplatz / HBF Süd,,f,,30,,,,https://app.nextbike.net/station?id=364019650,https://app.nextbike.net/station?id=364019650,https://nxtb.it/p/364019650,2026-05-19 23:14:35+02,f,POINT (8.467814 49.477839),2026-05-19 23:16:34+02,8.467814,49.477839
38112608,sharing_stations.NBV:Station:339478,nextbike_vn,NBV:Station:339478,Technische Hochschule Mannheim,10.0,f,,2,,,,https://app.nextbike.net/station?id=339478,https://app.nextbike.net/station?id=339478,https://nxtb.it/p/339478,2026-05-19 23:14:35+02,f,POINT (8.482255 49.470261),2026-05-19 23:16:34+02,8.482255,49.470261
38108296,sharing_stations.NBV:Station:339468,nextbike_vn,NBV:Station:339468,Universität Mensa,10.0,f,,5,,,,https://app.nextbike.net/station?id=339468,https://app.nextbike.net/station?id=339468,https://nxtb.it/p/339468,2026-05-19 22:38:06+02,f,POINT (8.459859 49.484576),2026-05-19 22:41:01+02,8.459859,49.484576
38108716,sharing_stations.NBV:Station:364019650,nextbike_vn,NBV:Station:364019650,Lindenhofplatz / HBF Süd,,f,,29,,,,https://app.nextbike.net/station?id=364019650,https://app.nextbike.net/station?id=364019650,https://nxtb.it/p/364019650,2026-05-19 22:38:06+02,f,POINT (8.467814 49.477839),2026-05-19 22:41:01+02,8.467814,49.477839
38108752,sharing_stations.NBV:Station:339478,nextbike_vn,NBV:Station:339478,Technische Hochschule Mannheim,10.0,f,,2,,,,https://app.nextbike.net/station?id=339478,https://app.nextbike.net/station?id=339478,https://nxtb.it/p/339478,2026-05-19 22:38:06+02,f,POINT (8.482255 49.470261),2026-05-19 22:41:01+02,8.482255,49.470261
38108784,sharing_stations.NBV:Station:7853258,nextbike_vn,NBV:Station:7853258,Universitätsklinik Mannheim,,f,,1,,,,https://app.nextbike.net/station?id=7853258,https://app.nextbike.net/station?id=7853258,https://nxtb.it/p/7853258,2026-05-19 22:38:06+02,f,POINT (8.482906 49.492344),2026-05-19 22:41:01+02,8.482906,49.492344
38108786,sharing_stations.NBV:Station:339475,nextbike_vn,NBV:Station:339475,Hauptbahnhof Mannheim,60.0,f,,7,,,,https://app.nextbike.net/station?id=339475,https://app.nextbike.net/station?id=339475,https://nxtb.it/p/339475,2026-05-19 22:38:06+02,f,POINT (8.469749 49.47996),2026-05-19 22:41:01+02,8.469749,49.47996
38105233,sharing_stations.NBV:Station:339475,nextbike_vn,NBV:Station:339475,Hauptbahnhof Mannheim,60.0,f,,7,,,,https://app.nextbike.net/station?id=339475,https://app.nextbike.net/station?id=339475,https://nxtb.it/p/339475,2026-05-19 22:03:27+02,f,POINT (8.469749 49.47996),2026-05-19 22:05:20+02,8.469749,49.47996
38105237,sharing_stations.NBV:Station:7853258,nextbike_vn,NBV:Station:7853258,Universitätsklinik Mannheim,,f,,2,,,,https://app.nextbike.net/station?id=7853258,https://app.nextbike.net/station?id=7853258,https://nxtb.it/p/7853258,2026-05-19 22:03:27+02,f,POINT (8.482906 49.492344),2026-05-19 22:05:20+02,8.482906,49.492344
38105275,sharing_stations.NBV:Station:364019650,nextbike_vn,NBV:Station:364019650,Lindenhofplatz / HBF Süd,,f,,31,,,,https://app.nextbike.net/station?id=364019650,https://app.nextbike.net/station?id=364019650,https://nxtb.it/p/364019650,2026-05-19 22:03:27+02,f,POINT (8.467814 49.477839),2026-05-19 22:05:20+02,8.467814,49.477839
38105554,sharing_stations.NBV:Station:339468,nextbike_vn,NBV:Station:339468,Universität Mensa,10.0,f,,7,,,,https://app.nextbike.net/station?id=339468,https://app.nextbike.net/station?id=339468,https://nxtb.it/p/339468,2026-05-19 22:03:27+02,f,POINT (8.459859 49.484576),2026-05-19 22:05:20+02,8.459859,49.484576
38105563,sharing_stations.NBV:Station:148606240,nextbike_vn,NBV:Station:148606240,A1 - Landgericht/Universität,,f,,1,,4.0,,https://app.nextbike.net/station?id=148606240,https://app.nextbike.net/station?id=148606240,https://nxtb.it/p/148606240,2026-05-19 22:03:27+02,f,POINT (8.462552 49.484796),2026-05-19 22:05:20+02,8.462552,49.484796
38101412,sharing_stations.NBV:Station:148606240,nextbike_vn,NBV:Station:148606240,A1 - Landgericht/Universität,,f,,8,,4.0,,https://app.nextbike.net/station?id=148606240,https://app.nextbike.net/station?id=148606240,https://nxtb.it/p/148606240,2026-05-19 21:19:36+02,f,POINT (8.462552 49.484796),2026-05-19 21:22:06+02,8.462552,49.484796
38101419,sharing_stations.NBV:Station:339468,nextbike_vn,NBV:Station:339468,Universität Mensa,10.0,f,,10,,,,https://app.nextbike.net/station?id=339468,https://app.nextbike.net/station?id=339468,https://nxtb.it/p/339468,2026-05-19 21:19:36+02,f,POINT (8.459859 49.484576),2026-05-19 21:22:06+02,8.459859,49.484576
38101660,sharing_stations.NBV:Station:364019650,nextbike_vn,NBV:Station:364019650,Lindenhofplatz / HBF Süd,,f,,32,,,,https://app.nextbike.net/station?id=364019650,https://app.nextbike.net/station?id=364019650,https://nxtb.it/p/364019650,2026-05-19 21:19:36+02,f,POINT (8.467814 49.477839),2026-05-19 21:22:06+02,8.467814,49.477839
38101673,sharing_stations.NBV:Station:339478,nextbike_vn,NBV:Station:339478,Technische Hochschule Mannheim,10.0,f,,1,,,,https://app.nextbike.net/station?id=339478,https://app.nextbike.net/station?id=339478,https://nxtb.it/p/339478,2026-05-19 21:19:36+02,f,POINT (8.482255 49.470261),2026-05-19 21:22:06+02,8.482255,49.470261
38101683,sharing_stations.NBV:Station:339475,nextbike_vn,NBV:Station:339475,Hauptbahnhof Mannheim,60.0,f,,7,,,,https://app.nextbike.net/station?id=339475,https://app.nextbike.net/station?id=339475,https://nxtb.it/p/339475,2026-05-19 21:19:36+02,f,POINT (8.469749 49.47996),2026-05-19 21:22:06+02,8.469749,49.47996
38097207,sharing_stations.NBV:Station:339468,nextbike_vn,NBV:Station:339468,Universität Mensa,10.0,f,,13,,,,https://app.nextbike.net/station?id=339468,https://app.nextbike.net/station?id=339468,https://nxtb.it/p/339468,2026-05-19 20:43:56+02,f,POINT (8.459859 49.484576),2026-05-19 20:46:54+02,8.459859,49.484576
38097217,sharing_stations.NBV:Station:148606240,nextbike_vn,NBV:Station:148606240,A1 - Landgericht/Universität,,f,,11,,4.0,,https://app.nextbike.net/station?id=148606240,https://app.nextbike.net/station?id=148606240,https://nxtb.it/p/148606240,2026-05-19 20:43:56+02,f,POINT (8.462552 49.484796),2026-05-19 20:46:54+02,8.462552,49.484796
38097270,sharing_stations.NBV:Station:660951,nextbike_vn,NBV:Station:660951,Universität Schloss,10.0,f,,3,,,,https://app.nextbike.net/station?id=660951,https://app.nextbike.net/station?id=660951,https://nxtb.it/p/660951,2026-05-19 20:43:56+02,f,POINT (8.463303 49.48275),2026-05-19 20:46:54+02,8.463303,49.48275
38097508,sharing_stations.NBV:Station:364019650,nextbike_vn,NBV:Station:364019650,Lindenhofplatz / HBF Süd,,f,,33,,,,https://app.nextbike.net/station?id=364019650,https://app.nextbike.net/station?id=364019650,https://nxtb.it/p/364019650,2026-05-19 20:43:56+02,f,POINT (8.467814 49.477839),2026-05-19 20:46:54+02,8.467814,49.477839
38097570,sharing_stations.NBV:Station:339475,nextbike_vn,NBV:Station:339475,Hauptbahnhof Mannheim,60.0,f,,12,,,,https://app.nextbike.net/station?id=339475,https://app.nextbike.net/station?id=339475,https://nxtb.it/p/339475,2026-05-19 20:43:56+02,f,POINT (8.469749 49.47996),2026-05-19 20:46:54+02,8.469749,49.47996
38093230,sharing_stations.NBV:Station:660951,nextbike_vn,NBV:Station:660951,Universität Schloss,10.0,f,,8,,,,https://app.nextbike.net/station?id=660951,https://app.nextbike.net/station?id=660951,https://nxtb.it/p/660951,2026-05-19 20:09:38+02,f,POINT (8.463303 49.48275),2026-05-19 20:11:07+02,8.463303,49.48275
38093254,sharing_stations.NBV:Station:339468,nextbike_vn,NBV:Station:339468,Universität Mensa,10.0,f,,15,,,,https://app.nextbike.net/station?id=339468,https://app.nextbike.net/station?id=339468,https://nxtb.it/p/339468,2026-05-19 20:09:38+02,f,POINT (8.459859 49.484576),2026-05-19 20:11:07+02,8.459859,49.484576
38093262,sharing_stations.NBV:Station:148606240,nextbike_vn,NBV:Station:148606240,A1 - Landgericht/Universität,,f,,9,,4.0,,https://app.nextbike.net/station?id=148606240,https://app.nextbike.net/station?id=148606240,https://nxtb.it/p/148606240,2026-05-19 20:09:38+02,f,POINT (8.462552 49.484796),2026-05-19 20:11:07+02,8.462552,49.484796
38093706,sharing_stations.NBV:Station:339475,nextbike_vn,NBV:Station:339475,Hauptbahnhof Mannheim,60.0,f,,12,,,,https://app.nextbike.net/station?id=339475,https://app.nextbike.net/station?id=339475,https://nxtb.it/p/339475,2026-05-19 20:09:38+02,f,POINT (8.469749 49.47996),2026-05-19 20:11:07+02,8.469749,49.47996
38093716,sharing_stations.NBV:Station:339478,nextbike_vn,NBV:Station:339478,Technische Hochschule Mannheim,10.0,f,,1,,,,https://app.nextbike.net/station?id=339478,https://app.nextbike.net/station?id=339478,https://nxtb.it/p/339478,2026-05-19 20:09:38+02,f,POINT (8.482255 49.470261),2026-05-19 20:11:07+02,8.482255,49.470261
38093735,sharing_stations.NBV:Station:364019650,nextbike_vn,NBV:Station:364019650,Lindenhofplatz / HBF Süd,,f,,32,,,,https://app.nextbike.net/station?id=364019650,https://app.nextbike.net/station?id=364019650,https://nxtb.it/p/364019650,2026-05-19 20:09:38+02,f,POINT (8.467814 49.477839),2026-05-19 20:11:07+02,8.467814,49.477839
38089914,sharing_stations.NBV:Station:575989610,nextbike_vn,NBV:Station:575989610,THM Mannheim II,,t,,1,,,,https://app.nextbike.net/station?id=575989610,https://app.nextbike.net/station?id=575989610,https://nxtb.it/p/575989610,2026-05-19 19:36:53+02,f,POINT (8.478683 49.472353),2026-05-19 19:38:14+02,8.478683,49.472353
38089926,sharing_stations.NBV:Station:339475,nextbike_vn,NBV:Station:339475,Hauptbahnhof Mannheim,60.0,f,,13,,,,https://app.nextbike.net/station?id=339475,https://app.nextbike.net/station?id=339475,https://nxtb.it/p/339475,2026-05-19 19:36:53+02,f,POINT (8.469749 49.47996),2026-05-19 19:38:14+02,8.469749,49.47996
38089980,sharing_stations.NBV:Station:364019650,nextbike_vn,NBV:Station:364019650,Lindenhofplatz / HBF Süd,,f,,33,,,,https://app.nextbike.net/station?id=364019650,https://app.nextbike.net/station?id=364019650,https://nxtb.it/p/364019650,2026-05-19 19:36:53+02,f,POINT (8.467814 49.477839),2026-05-19 19:38:14+02,8.467814,49.477839
38090221,sharing_stations.NBV:Station:660951,nextbike_vn,NBV:Station:660951,Universität Schloss,10.0,f,,15,,,,https://app.nextbike.net/station?id=660951,https://app.nextbike.net/station?id=660951,https://nxtb.it/p/660951,2026-05-19 19:36:53+02,f,POINT (8.463303 49.48275),2026-05-19 19:38:14+02,8.463303,49.48275
38090272,sharing_stations.NBV:Station:148606240,nextbike_vn,NBV:Station:148606240,A1 - Landgericht/Universität,,f,,10,,4.0,,https://app.nextbike.net/station?id=148606240,https://app.nextbike.net/station?id=148606240,https://nxtb.it/p/148606240,2026-05-19 19:36:53+02,f,POINT (8.462552 49.484796),2026-05-19 19:38:14+02,8.462552,49.484796
38090279,sharing_stations.NBV:Station:339468,nextbike_vn,NBV:Station:339468,Universität Mensa,10.0,f,,15,,,,https://app.nextbike.net/station?id=339468,https://app.nextbike.net/station?id=339468,https://nxtb.it/p/339468,2026-05-19 19:36:53+02,f,POINT (8.459859 49.484576),2026-05-19 19:38:14+02,8.459859,49.484576
38085346,sharing_stations.NBV:Station:575989610,nextbike_vn,NBV:Station:575989610,THM Mannheim II,,t,,1,,,,https://app.nextbike.net/station?id=575989610,https://app.nextbike.net/station?id=575989610,https://nxtb.it/p/575989610,2026-05-19 19:03:00+02,f,POINT (8.478683 49.472353),2026-05-19 19:04:35+02,8.478683,49.472353
38085421,sharing_stations.NBV:Station:364019650,nextbike_vn,NBV:Station:364019650,Lindenhofplatz / HBF Süd,,f,,34,,,,https://app.nextbike.net/station?id=364019650,https://app.nextbike.net/station?id=364019650,https://nxtb.it/p/364019650,2026-05-19 19:03:00+02,f,POINT (8.467814 49.477839),2026-05-19 19:04:35+02,8.467814,49.477839
38085462,sharing_stations.NBV:Station:339475,nextbike_vn,NBV:Station:339475,Hauptbahnhof Mannheim,60.0,f,,12,,,,https://app.nextbike.net/station?id=339475,https://app.nextbike.net/station?id=339475,https://nxtb.it/p/339475,2026-05-19 19:03:00+02,f,POINT (8.469749 49.47996),2026-05-19 19:04:35+02,8.469749,49.47996
38085469,sharing_stations.NBV:Station:7853258,nextbike_vn,NBV:Station:7853258,Universitätsklinik Mannheim,,f,,0,,,,https://app.nextbike.net/station?id=7853258,https://app.nextbike.net/station?id=7853258,https://nxtb.it/p/7853258,2026-05-19 19:03:00+02,f,POINT (8.482906 49.492344),2026-05-19 19:04:35+02,8.482906,49.492344
38085705,sharing_stations.NBV:Station:148606240,nextbike_vn,NBV:Station:148606240,A1 - Landgericht/Universität,,f,,9,,4.0,,https://app.nextbike.net/station?id=148606240,https://app.nextbike.net/station?id=148606240,https://nxtb.it/p/148606240,2026-05-19 19:03:00+02,f,POINT (8.462552 49.484796),2026-05-19 19:04:35+02,8.462552,49.484796
38085716,sharing_stations.NBV:Station:339468,nextbike_vn,NBV:Station:339468,Universität Mensa,10.0,f,,19,,,,https://app.nextbike.net/station?id=339468,https://app.nextbike.net/station?id=339468,https://nxtb.it/p/339468,2026-05-19 19:03:00+02,f,POINT (8.459859 49.484576),2026-05-19 19:04:35+02,8.459859,49.484576
38085739,sharing_stations.NBV:Station:660951,nextbike_vn,NBV:Station:660951,Universität Schloss,10.0,f,,22,,,,https://app.nextbike.net/station?id=660951,https://app.nextbike.net/station?id=660951,https://nxtb.it/p/660951,2026-05-19 19:03:00+02,f,POINT (8.463303 49.48275),2026-05-19 19:04:35+02,8.463303,49.48275
38081057,sharing_stations.NBV:Station:339475,nextbike_vn,NBV:Station:339475,Hauptbahnhof Mannheim,60.0,f,,18,,,,https://app.nextbike.net/station?id=339475,https://app.nextbike.net/station?id=339475,https://nxtb.it/p/339475,2026-05-19 18:29:30+02,f,POINT (8.469749 49.47996),2026-05-19 18:31:06+02,8.469749,49.47996
38081106,sharing_stations.NBV:Station:364019650,nextbike_vn,NBV:Station:364019650,Lindenhofplatz / HBF Süd,,f,,29,,,,https://app.nextbike.net/station?id=364019650,https://app.nextbike.net/station?id=364019650,https://nxtb.it/p/364019650,2026-05-19 18:29:30+02,f,POINT (8.467814 49.477839),2026-05-19 18:31:06+02,8.467814,49.477839
38081122,sharing_stations.NBV:Station:339478,nextbike_vn,NBV:Station:339478,Technische Hochschule Mannheim,10.0,f,,0,,,,https://app.nextbike.net/station?id=339478,https://app.nextbike.net/station?id=339478,https://nxtb.it/p/339478,2026-05-19 18:29:30+02,f,POINT (8.482255 49.470261),2026-05-19 18:31:06+02,8.482255,49.470261
38081230,sharing_stations.NBV:Station:575989610,nextbike_vn,NBV:Station:575989610,THM Mannheim II,,t,,0,,,,https://app.nextbike.net/station?id=575989610,https://app.nextbike.net/station?id=575989610,https://nxtb.it/p/575989610,2026-05-19 18:29:30+02,f,POINT (8.478683 49.472353),2026-05-19 18:31:06+02,8.478683,49.472353
38081521,sharing_stations.NBV:Station:660951,nextbike_vn,NBV:Station:660951,Universität Schloss,10.0,f,,42,,,,https://app.nextbike.net/station?id=660951,https://app.nextbike.net/station?id=660951,https://nxtb.it/p/660951,2026-05-19 18:29:30+02,f,POINT (8.463303 49.48275),2026-05-19 18:31:06+02,8.463303,49.48275
38081590,sharing_stations.NBV:Station:339468,nextbike_vn,NBV:Station:339468,Universität Mensa,10.0,f,,20,,,,https://app.nextbike.net/station?id=339468,https://app.nextbike.net/station?id=339468,https://nxtb.it/p/339468,2026-05-19 18:29:30+02,f,POINT (8.459859 49.484576),2026-05-19 18:31:06+02,8.459859,49.484576
38081602,sharing_stations.NBV:Station:148606240,nextbike_vn,NBV:Station:148606240,A1 - Landgericht/Universität,,f,,11,,4.0,,https://app.nextbike.net/station?id=148606240,https://app.nextbike.net/station?id=148606240,https://nxtb.it/p/148606240,2026-05-19 18:29:30+02,f,POINT (8.462552 49.484796),2026-05-19 18:31:06+02,8.462552,49.484796
38077590,sharing_stations.NBV:Station:339468,nextbike_vn,NBV:Station:339468,Universität Mensa,10.0,f,,21,,,,https://app.nextbike.net/station?id=339468,https://app.nextbike.net/station?id=339468,https://nxtb.it/p/339468,2026-05-19 17:57:46+02,f,POINT (8.459859 49.484576),2026-05-19 17:59:11+02,8.459859,49.484576
38077599,sharing_stations.NBV:Station:148606240,nextbike_vn,NBV:Station:148606240,A1 - Landgericht/Universität,,f,,13,,4.0,,https://app.nextbike.net/station?id=148606240,https://app.nextbike.net/station?id=148606240,https://nxtb.it/p/148606240,2026-05-19 17:57:46+02,f,POINT (8.462552 49.484796),2026-05-19 17:59:11+02,8.462552,49.484796
38077612,sharing_stations.NBV:Station:660951,nextbike_vn,NBV:Station:660951,Universität Schloss,10.0,f,,53,,,,https://app.nextbike.net/station?id=660951,https://app.nextbike.net/station?id=660951,https://nxtb.it/p/660951,2026-05-19 17:57:46+02,f,POINT (8.463303 49.48275),2026-05-19 17:59:11+02,8.463303,49.48275
38077952,sharing_stations.NBV:Station:575989610,nextbike_vn,NBV:Station:575989610,THM Mannheim II,,t,,0,,,,https://app.nextbike.net/station?id=575989610,https://app.nextbike.net/station?id=575989610,https://nxtb.it/p/575989610,2026-05-19 17:57:46+02,f,POINT (8.478683 49.472353),2026-05-19 17:59:11+02,8.478683,49.472353
38078012,sharing_stations.NBV:Station:364019650,nextbike_vn,NBV:Station:364019650,Lindenhofplatz / HBF Süd,,f,,29,,,,https://app.nextbike.net/station?id=364019650,https://app.nextbike.net/station?id=364019650,https://nxtb.it/p/364019650,2026-05-19 17:57:46+02,f,POINT (8.467814 49.477839),2026-05-19 17:59:11+02,8.467814,49.477839
38078048,sharing_stations.NBV:Station:339478,nextbike_vn,NBV:Station:339478,Technische Hochschule Mannheim,10.0,f,,1,,,,https://app.nextbike.net/station?id=339478,https://app.nextbike.net/station?id=339478,https://nxtb.it/p/339478,2026-05-19 17:57:46+02,f,POINT (8.482255 49.470261),2026-05-19 17:59:11+02,8.482255,49.470261
38078082,sharing_stations.NBV:Station:7853258,nextbike_vn,NBV:Station:7853258,Universitätsklinik Mannheim,,f,,1,,,,https://app.nextbike.net/station?id=7853258,https://app.nextbike.net/station?id=7853258,https://nxtb.it/p/7853258,2026-05-19 17:57:46+02,f,POINT (8.482906 49.492344),2026-05-19 17:59:11+02,8.482906,49.492344
38078085,sharing_stations.NBV:Station:339475,nextbike_vn,NBV:Station:339475,Hauptbahnhof Mannheim,60.0,f,,25,,,,https://app.nextbike.net/station?id=339475,https://app.nextbike.net/station?id=339475,https://nxtb.it/p/339475,2026-05-19 17:57:46+02,f,POINT (8.469749 49.47996),2026-05-19 17:59:11+02,8.469749,49.47996
38073896,sharing_stations.NBV:Station:148606240,nextbike_vn,NBV:Station:148606240,A1 - Landgericht/Universität,,f,,20,,4.0,,https://app.nextbike.net/station?id=148606240,https://app.nextbike.net/station?id=148606240,https://nxtb.it/p/148606240,2026-05-19 17:23:26+02,f,POINT (8.462552 49.484796),2026-05-19 17:26:39+02,8.462552,49.484796
38073907,sharing_stations.NBV:Station:339468,nextbike_vn,NBV:Station:339468,Universität Mensa,10.0,f,,23,,,,https://app.nextbike.net/station?id=339468,https://app.nextbike.net/station?id=339468,https://nxtb.it/p/339468,2026-05-19 17:23:26+02,f,POINT (8.459859 49.484576),2026-05-19 17:26:39+02,8.459859,49.484576
38073977,sharing_stations.NBV:Station:660951,nextbike_vn,NBV:Station:660951,Universität Schloss,10.0,f,,62,,,,https://app.nextbike.net/station?id=660951,https://app.nextbike.net/station?id=660951,https://nxtb.it/p/660951,2026-05-19 17:23:26+02,f,POINT (8.463303 49.48275),2026-05-19 17:26:39+02,8.463303,49.48275
38074287,sharing_stations.NBV:Station:575989610,nextbike_vn,NBV:Station:575989610,THM Mannheim II,,t,,4,,,,https://app.nextbike.net/station?id=575989610,https://app.nextbike.net/station?id=575989610,https://nxtb.it/p/575989610,2026-05-19 17:23:26+02,f,POINT (8.478683 49.472353),2026-05-19 17:26:39+02,8.478683,49.472353
38074409,sharing_stations.NBV:Station:364019650,nextbike_vn,NBV:Station:364019650,Lindenhofplatz / HBF Süd,,f,,29,,,,https://app.nextbike.net/station?id=364019650,https://app.nextbike.net/station?id=364019650,https://nxtb.it/p/364019650,2026-05-19 17:23:26+02,f,POINT (8.467814 49.477839),2026-05-19 17:26:39+02,8.467814,49.477839
38074447,sharing_stations.NBV:Station:339475,nextbike_vn,NBV:Station:339475,Hauptbahnhof Mannheim,60.0,f,,26,,,,https://app.nextbike.net/station?id=339475,https://app.nextbike.net/station?id=339475,https://nxtb.it/p/339475,2026-05-19 17:23:26+02,f,POINT (8.469749 49.47996),2026-05-19 17:26:39+02,8.469749,49.47996
38074453,sharing_stations.NBV:Station:7853258,nextbike_vn,NBV:Station:7853258,Universitätsklinik Mannheim,,f,,0,,,,https://app.nextbike.net/station?id=7853258,https://app.nextbike.net/station?id=7853258,https://nxtb.it/p/7853258,2026-05-19 17:23:26+02,f,POINT (8.482906 49.492344),2026-05-19 17:26:39+02,8.482906,49.492344
38070688,sharing_stations.NBV:Station:148606240,nextbike_vn,NBV:Station:148606240,A1 - Landgericht/Universität,,f,,21,,4.0,,https://app.nextbike.net/station?id=148606240,https://app.nextbike.net/station?id=148606240,https://nxtb.it/p/148606240,2026-05-19 16:52:55+02,f,POINT (8.462552 49.484796),2026-05-19 16:54:09+02,8.462552,49.484796
38070694,sharing_stations.NBV:Station:339468,nextbike_vn,NBV:Station:339468,Universität Mensa,10.0,f,,24,,,,https://app.nextbike.net/station?id=339468,https://app.nextbike.net/station?id=339468,https://nxtb.it/p/339468,2026-05-19 16:52:55+02,f,POINT (8.459859 49.484576),2026-05-19 16:54:09+02,8.459859,49.484576
38070721,sharing_stations.NBV:Station:660951,nextbike_vn,NBV:Station:660951,Universität Schloss,10.0,f,,67,,,,https://app.nextbike.net/station?id=660951,https://app.nextbike.net/station?id=660951,https://nxtb.it/p/660951,2026-05-19 16:52:55+02,f,POINT (8.463303 49.48275),2026-05-19 16:54:09+02,8.463303,49.48275
38071029,sharing_stations.NBV:Station:575989610,nextbike_vn,NBV:Station:575989610,THM Mannheim II,,t,,5,,,,https://app.nextbike.net/station?id=575989610,https://app.nextbike.net/station?id=575989610,https://nxtb.it/p/575989610,2026-05-19 16:52:55+02,f,POINT (8.478683 49.472353),2026-05-19 16:54:09+02,8.478683,49.472353
38071099,sharing_stations.NBV:Station:364019650,nextbike_vn,NBV:Station:364019650,Lindenhofplatz / HBF Süd,,f,,20,,,,https://app.nextbike.net/station?id=364019650,https://app.nextbike.net/station?id=364019650,https://nxtb.it/p/364019650,2026-05-19 16:52:55+02,f,POINT (8.467814 49.477839),2026-05-19 16:54:09+02,8.467814,49.477839
38071129,sharing_stations.NBV:Station:339478,nextbike_vn,NBV:Station:339478,Technische Hochschule Mannheim,10.0,f,,0,,,,https://app.nextbike.net/station?id=339478,https://app.nextbike.net/station?id=339478,https://nxtb.it/p/339478,2026-05-19 16:52:55+02,f,POINT (8.482255 49.470261),2026-05-19 16:54:09+02,8.482255,49.470261
38071148,sharing_stations.NBV:Station:339475,nextbike_vn,NBV:Station:339475,Hauptbahnhof Mannheim,60.0,f,,29,,,,https://app.nextbike.net/station?id=339475,https://app.nextbike.net/station?id=339475,https://nxtb.it/p/339475,2026-05-19 16:52:55+02,f,POINT (8.469749 49.47996),2026-05-19 16:54:09+02,8.469749,49.47996
38067246,sharing_stations.NBV:Station:660951,nextbike_vn,NBV:Station:660951,Universität Schloss,10.0,f,,70,,,,https://app.nextbike.net/station?id=660951,https://app.nextbike.net/station?id=660951,https://nxtb.it/p/660951,2026-05-19 16:20:13+02,f,POINT (8.463303 49.48275),2026-05-19 16:21:15+02,8.463303,49.48275
38067305,sharing_stations.NBV:Station:339468,nextbike_vn,NBV:Station:339468,Universität Mensa,10.0,f,,23,,,,https://app.nextbike.net/station?id=339468,https://app.nextbike.net/station?id=339468,https://nxtb.it/p/339468,2026-05-19 16:20:13+02,f,POINT (8.459859 49.484576),2026-05-19 16:21:15+02,8.459859,49.484576
38067314,sharing_stations.NBV:Station:148606240,nextbike_vn,NBV:Station:148606240,A1 - Landgericht/Universität,,f,,24,,4.0,,https://app.nextbike.net/station?id=148606240,https://app.nextbike.net/station?id=148606240,https://nxtb.it/p/148606240,2026-05-19 16:20:13+02,f,POINT (8.462552 49.484796),2026-05-19 16:21:15+02,8.462552,49.484796
38067654,sharing_stations.NBV:Station:575989610,nextbike_vn,NBV:Station:575989610,THM Mannheim II,,t,,6,,,,https://app.nextbike.net/station?id=575989610,https://app.nextbike.net/station?id=575989610,https://nxtb.it/p/575989610,2026-05-19 16:20:13+02,f,POINT (8.478683 49.472353),2026-05-19 16:21:15+02,8.478683,49.472353
38067685,sharing_stations.NBV:Station:7853258,nextbike_vn,NBV:Station:7853258,Universitätsklinik Mannheim,,f,,6,,,,https://app.nextbike.net/station?id=7853258,https://app.nextbike.net/station?id=7853258,https://nxtb.it/p/7853258,2026-05-19 16:20:13+02,f,POINT (8.482906 49.492344),2026-05-19 16:21:15+02,8.482906,49.492344
38067688,sharing_stations.NBV:Station:339475,nextbike_vn,NBV:Station:339475,Hauptbahnhof Mannheim,60.0,f,,29,,,,https://app.nextbike.net/station?id=339475,https://app.nextbike.net/station?id=339475,https://nxtb.it/p/339475,2026-05-19 16:20:13+02,f,POINT (8.469749 49.47996),2026-05-19 16:21:15+02,8.469749,49.47996
38067715,sharing_stations.NBV:Station:364019650,nextbike_vn,NBV:Station:364019650,Lindenhofplatz / HBF Süd,,f,,16,,,,https://app.nextbike.net/station?id=364019650,https://app.nextbike.net/station?id=364019650,https://nxtb.it/p/364019650,2026-05-19 16:20:13+02,f,POINT (8.467814 49.477839),2026-05-19 16:21:15+02,8.467814,49.477839
38067757,sharing_stations.NBV:Station:339478,nextbike_vn,NBV:Station:339478,Technische Hochschule Mannheim,10.0,f,,10,,,,https://app.nextbike.net/station?id=339478,https://app.nextbike.net/station?id=339478,https://nxtb.it/p/339478,2026-05-19 16:20:13+02,f,POINT (8.482255 49.470261),2026-05-19 16:21:15+02,8.482255,49.470261
38063817,sharing_stations.NBV:Station:339468,nextbike_vn,NBV:Station:339468,Universität Mensa,10.0,f,,24,,,,https://app.nextbike.net/station?id=339468,https://app.nextbike.net/station?id=339468,https://nxtb.it/p/339468,2026-05-19 15:45:29+02,f,POINT (8.459859 49.484576),2026-05-19 15:47:34+02,8.459859,49.484576
38063828,sharing_stations.NBV:Station:148606240,nextbike_vn,NBV:Station:148606240,A1 - Landgericht/Universität,,f,,22,,3.0,,https://app.nextbike.net/station?id=148606240,https://app.nextbike.net/station?id=148606240,https://nxtb.it/p/148606240,2026-05-19 15:45:29+02,f,POINT (8.462552 49.484796),2026-05-19 15:47:34+02,8.462552,49.484796
38063835,sharing_stations.NBV:Station:660951,nextbike_vn,NBV:Station:660951,Universität Schloss,10.0,f,,76,,,,https://app.nextbike.net/station?id=660951,https://app.nextbike.net/station?id=660951,https://nxtb.it/p/660951,2026-05-19 15:45:29+02,f,POINT (8.463303 49.48275),2026-05-19 15:47:34+02,8.463303,49.48275
38064082,sharing_stations.NBV:Station:364019650,nextbike_vn,NBV:Station:364019650,Lindenhofplatz / HBF Süd,,f,,15,,,,https://app.nextbike.net/station?id=364019650,https://app.nextbike.net/station?id=364019650,https://nxtb.it/p/364019650,2026-05-19 15:45:29+02,f,POINT (8.467814 49.477839),2026-05-19 15:47:34+02,8.467814,49.477839
38064101,sharing_stations.NBV:Station:339478,nextbike_vn,NBV:Station:339478,Technische Hochschule Mannheim,10.0,f,,12,,,,https://app.nextbike.net/station?id=339478,https://app.nextbike.net/station?id=339478,https://nxtb.it/p/339478,2026-05-19 15:45:29+02,f,POINT (8.482255 49.470261),2026-05-19 15:47:34+02,8.482255,49.470261
38064141,sharing_stations.NBV:Station:339475,nextbike_vn,NBV:Station:339475,Hauptbahnhof Mannheim,60.0,f,,23,,,,https://app.nextbike.net/station?id=339475,https://app.nextbike.net/station?id=339475,https://nxtb.it/p/339475,2026-05-19 15:45:29+02,f,POINT (8.469749 49.47996),2026-05-19 15:47:34+02,8.469749,49.47996
38064147,sharing_stations.NBV:Station:7853258,nextbike_vn,NBV:Station:7853258,Universitätsklinik Mannheim,,f,,18,,,,https://app.nextbike.net/station?id=7853258,https://app.nextbike.net/station?id=7853258,https://nxtb.it/p/7853258,2026-05-19 15:45:29+02,f,POINT (8.482906 49.492344),2026-05-19 15:47:34+02,8.482906,49.492344
38064210,sharing_stations.NBV:Station:575989610,nextbike_vn,NBV:Station:575989610,THM Mannheim II,,t,,10,,,,https://app.nextbike.net/station?id=575989610,https://app.nextbike.net/station?id=575989610,https://nxtb.it/p/575989610,2026-05-19 15:45:29+02,f,POINT (8.478683 49.472353),2026-05-19 15:47:34+02,8.478683,49.472353
38060518,sharing_stations.NBV:Station:660951,nextbike_vn,NBV:Station:660951,Universität Schloss,10.0,f,,89,,,,https://app.nextbike.net/station?id=660951,https://app.nextbike.net/station?id=660951,https://nxtb.it/p/660951,2026-05-19 15:10:55+02,f,POINT (8.463303 49.48275),2026-05-19 15:12:33+02,8.463303,49.48275
38060572,sharing_stations.NBV:Station:148606240,nextbike_vn,NBV:Station:148606240,A1 - Landgericht/Universität,,f,,23,,3.0,,https://app.nextbike.net/station?id=148606240,https://app.nextbike.net/station?id=148606240,https://nxtb.it/p/148606240,2026-05-19 15:10:55+02,f,POINT (8.462552 49.484796),2026-05-19 15:12:33+02,8.462552,49.484796
38060588,sharing_stations.NBV:Station:339468,nextbike_vn,NBV:Station:339468,Universität Mensa,10.0,f,,25,,,,https://app.nextbike.net/station?id=339468,https://app.nextbike.net/station?id=339468,https://nxtb.it/p/339468,2026-05-19 15:10:55+02,f,POINT (8.459859 49.484576),2026-05-19 15:12:33+02,8.459859,49.484576
38060966,sharing_stations.NBV:Station:575989610,nextbike_vn,NBV:Station:575989610,THM Mannheim II,,t,,14,,,,https://app.nextbike.net/station?id=575989610,https://app.nextbike.net/station?id=575989610,https://nxtb.it/p/575989610,2026-05-19 15:10:55+02,f,POINT (8.478683 49.472353),2026-05-19 15:12:33+02,8.478683,49.472353
38060982,sharing_stations.NBV:Station:339475,nextbike_vn,NBV:Station:339475,Hauptbahnhof Mannheim,60.0,f,,20,,,,https://app.nextbike.net/station?id=339475,https://app.nextbike.net/station?id=339475,https://nxtb.it/p/339475,2026-05-19 15:10:55+02,f,POINT (8.469749 49.47996),2026-05-19 15:12:33+02,8.469749,49.47996
38060989,sharing_stations.NBV:Station:7853258,nextbike_vn,NBV:Station:7853258,Universitätsklinik Mannheim,,f,,26,,,,https://app.nextbike.net/station?id=7853258,https://app.nextbike.net/station?id=7853258,https://nxtb.it/p/7853258,2026-05-19 15:10:55+02,f,POINT (8.482906 49.492344),2026-05-19 15:12:33+02,8.482906,49.492344
38061036,sharing_stations.NBV:Station:364019650,nextbike_vn,NBV:Station:364019650,Lindenhofplatz / HBF Süd,,f,,10,,,,https://app.nextbike.net/station?id=364019650,https://app.nextbike.net/station?id=364019650,https://nxtb.it/p/364019650,2026-05-19 15:10:55+02,f,POINT (8.467814 49.477839),2026-05-19 15:12:33+02,8.467814,49.477839
38061061,sharing_stations.NBV:Station:339478,nextbike_vn,NBV:Station:339478,Technische Hochschule Mannheim,10.0,f,,12,,,,https://app.nextbike.net/station?id=339478,https://app.nextbike.net/station?id=339478,https://nxtb.it/p/339478,2026-05-19 15:10:55+02,f,POINT (8.482255 49.470261),2026-05-19 15:12:33+02,8.482255,49.470261
38057298,sharing_stations.NBV:Station:660951,nextbike_vn,NBV:Station:660951,Universität Schloss,10.0,f,,96,,,,https://app.nextbike.net/station?id=660951,https://app.nextbike.net/station?id=660951,https://nxtb.it/p/660951,2026-05-19 14:33:24+02,f,POINT (8.463303 49.48275),2026-05-19 14:35:59+02,8.463303,49.48275
38057305,sharing_stations.NBV:Station:148606240,nextbike_vn,NBV:Station:148606240,A1 - Landgericht/Universität,,f,,22,,3.0,,https://app.nextbike.net/station?id=148606240,https://app.nextbike.net/station?id=148606240,https://nxtb.it/p/148606240,2026-05-19 14:33:24+02,f,POINT (8.462552 49.484796),2026-05-19 14:35:59+02,8.462552,49.484796
38057313,sharing_stations.NBV:Station:339468,nextbike_vn,NBV:Station:339468,Universität Mensa,10.0,f,,27,,,,https://app.nextbike.net/station?id=339468,https://app.nextbike.net/station?id=339468,https://nxtb.it/p/339468,2026-05-19 14:33:24+02,f,POINT (8.459859 49.484576),2026-05-19 14:35:59+02,8.459859,49.484576
38057543,sharing_stations.NBV:Station:7853258,nextbike_vn,NBV:Station:7853258,Universitätsklinik Mannheim,,f,,27,,,,https://app.nextbike.net/station?id=7853258,https://app.nextbike.net/station?id=7853258,https://nxtb.it/p/7853258,2026-05-19 14:33:24+02,f,POINT (8.482906 49.492344),2026-05-19 14:35:59+02,8.482906,49.492344
38057544,sharing_stations.NBV:Station:339475,nextbike_vn,NBV:Station:339475,Hauptbahnhof Mannheim,60.0,f,,24,,,,https://app.nextbike.net/station?id=339475,https://app.nextbike.net/station?id=339475,https://nxtb.it/p/339475,2026-05-19 14:33:24+02,f,POINT (8.469749 49.47996),2026-05-19 14:35:59+02,8.469749,49.47996
38057580,sharing_stations.NBV:Station:339478,nextbike_vn,NBV:Station:339478,Technische Hochschule Mannheim,10.0,f,,15,,,,https://app.nextbike.net/station?id=339478,https://app.nextbike.net/station?id=339478,https://nxtb.it/p/339478,2026-05-19 14:33:24+02,f,POINT (8.482255 49.470261),2026-05-19 14:35:59+02,8.482255,49.470261
38057606,sharing_stations.NBV:Station:364019650,nextbike_vn,NBV:Station:364019650,Lindenhofplatz / HBF Süd,,f,,5,,,,https://app.nextbike.net/station?id=364019650,https://app.nextbike.net/station?id=364019650,https://nxtb.it/p/364019650,2026-05-19 14:33:24+02,f,POINT (8.467814 49.477839),2026-05-19 14:35:59+02,8.467814,49.477839
38057669,sharing_stations.NBV:Station:575989610,nextbike_vn,NBV:Station:575989610,THM Mannheim II,,t,,14,,,,https://app.nextbike.net/station?id=575989610,https://app.nextbike.net/station?id=575989610,https://nxtb.it/p/575989610,2026-05-19 14:33:24+02,f,POINT (8.478683 49.472353),2026-05-19 14:35:59+02,8.478683,49.472353
38053697,sharing_stations.NBV:Station:575989610,nextbike_vn,NBV:Station:575989610,THM Mannheim II,,t,,14,,,,https://app.nextbike.net/station?id=575989610,https://app.nextbike.net/station?id=575989610,https://nxtb.it/p/575989610,2026-05-19 13:58:43+02,f,POINT (8.478683 49.472353),2026-05-19 14:01:02+02,8.478683,49.472353
38053713,sharing_stations.NBV:Station:339475,nextbike_vn,NBV:Station:339475,Hauptbahnhof Mannheim,60.0,f,,22,,,,https://app.nextbike.net/station?id=339475,https://app.nextbike.net/station?id=339475,https://nxtb.it/p/339475,2026-05-19 13:58:43+02,f,POINT (8.469749 49.47996),2026-05-19 14:01:02+02,8.469749,49.47996
38053718,sharing_stations.NBV:Station:7853258,nextbike_vn,NBV:Station:7853258,Universitätsklinik Mannheim,,f,,28,,,,https://app.nextbike.net/station?id=7853258,https://app.nextbike.net/station?id=7853258,https://nxtb.it/p/7853258,2026-05-19 13:58:43+02,f,POINT (8.482906 49.492344),2026-05-19 14:01:02+02,8.482906,49.492344
38053771,sharing_stations.NBV:Station:364019650,nextbike_vn,NBV:Station:364019650,Lindenhofplatz / HBF Süd,,f,,2,,,,https://app.nextbike.net/station?id=364019650,https://app.nextbike.net/station?id=364019650,https://nxtb.it/p/364019650,2026-05-19 13:58:43+02,f,POINT (8.467814 49.477839),2026-05-19 14:01:02+02,8.467814,49.477839
38053796,sharing_stations.NBV:Station:339478,nextbike_vn,NBV:Station:339478,Technische Hochschule Mannheim,10.0,f,,18,,,,https://app.nextbike.net/station?id=339478,https://app.nextbike.net/station?id=339478,https://nxtb.it/p/339478,2026-05-19 13:58:43+02,f,POINT (8.482255 49.470261),2026-05-19 14:01:02+02,8.482255,49.470261
38053986,sharing_stations.NBV:Station:660951,nextbike_vn,NBV:Station:660951,Universität Schloss,10.0,f,,100,,,,https://app.nextbike.net/station?id=660951,https://app.nextbike.net/station?id=660951,https://nxtb.it/p/660951,2026-05-19 13:58:43+02,f,POINT (8.463303 49.48275),2026-05-19 14:01:02+02,8.463303,49.48275
38054040,sharing_stations.NBV:Station:148606240,nextbike_vn,NBV:Station:148606240,A1 - Landgericht/Universität,,f,,26,,3.0,,https://app.nextbike.net/station?id=148606240,https://app.nextbike.net/station?id=148606240,https://nxtb.it/p/148606240,2026-05-19 13:58:43+02,f,POINT (8.462552 49.484796),2026-05-19 14:01:02+02,8.462552,49.484796
38054051,sharing_stations.NBV:Station:339468,nextbike_vn,NBV:Station:339468,Universität Mensa,10.0,f,,37,,,,https://app.nextbike.net/station?id=339468,https://app.nextbike.net/station?id=339468,https://nxtb.it/p/339468,2026-05-19 13:58:43+02,f,POINT (8.459859 49.484576),2026-05-19 14:01:02+02,8.459859,49.484576
38050316,sharing_stations.NBV:Station:575989610,nextbike_vn,NBV:Station:575989610,THM Mannheim II,,t,,11,,,,https://app.nextbike.net/station?id=575989610,https://app.nextbike.net/station?id=575989610,https://nxtb.it/p/575989610,2026-05-19 13:25:18+02,f,POINT (8.478683 49.472353),2026-05-19 13:26:09+02,8.478683,49.472353
38050337,sharing_stations.NBV:Station:7853258,nextbike_vn,NBV:Station:7853258,Universitätsklinik Mannheim,,f,,31,,,,https://app.nextbike.net/station?id=7853258,https://app.nextbike.net/station?id=7853258,https://nxtb.it/p/7853258,2026-05-19 13:25:18+02,f,POINT (8.482906 49.492344),2026-05-19 13:26:09+02,8.482906,49.492344
38050340,sharing_stations.NBV:Station:339475,nextbike_vn,NBV:Station:339475,Hauptbahnhof Mannheim,60.0,f,,19,,,,https://app.nextbike.net/station?id=339475,https://app.nextbike.net/station?id=339475,https://nxtb.it/p/339475,2026-05-19 13:25:18+02,f,POINT (8.469749 49.47996),2026-05-19 13:26:09+02,8.469749,49.47996
38050410,sharing_stations.NBV:Station:339478,nextbike_vn,NBV:Station:339478,Technische Hochschule Mannheim,10.0,f,,22,,,,https://app.nextbike.net/station?id=339478,https://app.nextbike.net/station?id=339478,https://nxtb.it/p/339478,2026-05-19 13:25:18+02,f,POINT (8.482255 49.470261),2026-05-19 13:26:09+02,8.482255,49.470261
38050604,sharing_stations.NBV:Station:660951,nextbike_vn,NBV:Station:660951,Universität Schloss,10.0,f,,105,,,,https://app.nextbike.net/station?id=660951,https://app.nextbike.net/station?id=660951,https://nxtb.it/p/660951,2026-05-19 13:25:18+02,f,POINT (8.463303 49.48275),2026-05-19 13:26:09+02,8.463303,49.48275
38050671,sharing_stations.NBV:Station:339468,nextbike_vn,NBV:Station:339468,Universität Mensa,10.0,f,,33,,,,https://app.nextbike.net/station?id=339468,https://app.nextbike.net/station?id=339468,https://nxtb.it/p/339468,2026-05-19 13:25:18+02,f,POINT (8.459859 49.484576),2026-05-19 13:26:09+02,8.459859,49.484576
38050682,sharing_stations.NBV:Station:148606240,nextbike_vn,NBV:Station:148606240,A1 - Landgericht/Universität,,f,,26,,3.0,,https://app.nextbike.net/station?id=148606240,https://app.nextbike.net/station?id=148606240,https://nxtb.it/p/148606240,2026-05-19 13:25:18+02,f,POINT (8.462552 49.484796),2026-05-19 13:26:09+02,8.462552,49.484796
38046593,sharing_stations.NBV:Station:660951,nextbike_vn,NBV:Station:660951,Universität Schloss,10.0,f,,107,,,,https://app.nextbike.net/station?id=660951,https://app.nextbike.net/station?id=660951,https://nxtb.it/p/660951,2026-05-19 12:51:12+02,f,POINT (8.463303 49.48275),2026-05-19 12:53:08+02,8.463303,49.48275
38046614,sharing_stations.NBV:Station:339468,nextbike_vn,NBV:Station:339468,Universität Mensa,10.0,f,,31,,,,https://app.nextbike.net/station?id=339468,https://app.nextbike.net/station?id=339468,https://nxtb.it/p/339468,2026-05-19 12:51:12+02,f,POINT (8.459859 49.484576),2026-05-19 12:53:08+02,8.459859,49.484576
38046624,sharing_stations.NBV:Station:148606240,nextbike_vn,NBV:Station:148606240,A1 - Landgericht/Universität,,f,,27,,3.0,,https://app.nextbike.net/station?id=148606240,https://app.nextbike.net/station?id=148606240,https://nxtb.it/p/148606240,2026-05-19 12:51:12+02,f,POINT (8.462552 49.484796),2026-05-19 12:53:08+02,8.462552,49.484796
38046973,sharing_stations.NBV:Station:575989610,nextbike_vn,NBV:Station:575989610,THM Mannheim II,,t,,11,,,,https://app.nextbike.net/station?id=575989610,https://app.nextbike.net/station?id=575989610,https://nxtb.it/p/575989610,2026-05-19 12:51:12+02,f,POINT (8.478683 49.472353),2026-05-19 12:53:08+02,8.478683,49.472353
38047051,sharing_stations.NBV:Station:339475,nextbike_vn,NBV:Station:339475,Hauptbahnhof Mannheim,60.0,f,,13,,,,https://app.nextbike.net/station?id=339475,https://app.nextbike.net/station?id=339475,https://nxtb.it/p/339475,2026-05-19 12:51:12+02,f,POINT (8.469749 49.47996),2026-05-19 12:53:08+02,8.469749,49.47996
38047055,sharing_stations.NBV:Station:7853258,nextbike_vn,NBV:Station:7853258,Universitätsklinik Mannheim,,f,,32,,,,https://app.nextbike.net/station?id=7853258,https://app.nextbike.net/station?id=7853258,https://nxtb.it/p/7853258,2026-05-19 12:51:12+02,f,POINT (8.482906 49.492344),2026-05-19 12:53:08+02,8.482906,49.492344
38047067,sharing_stations.NBV:Station:339478,nextbike_vn,NBV:Station:339478,Technische Hochschule Mannheim,10.0,f,,24,,,,https://app.nextbike.net/station?id=339478,https://app.nextbike.net/station?id=339478,https://nxtb.it/p/339478,2026-05-19 12:51:12+02,f,POINT (8.482255 49.470261),2026-05-19 12:53:08+02,8.482255,49.470261
38047092,sharing_stations.NBV:Station:364019650,nextbike_vn,NBV:Station:364019650,Lindenhofplatz / HBF Süd,,f,,1,,,,https://app.nextbike.net/station?id=364019650,https://app.nextbike.net/station?id=364019650,https://nxtb.it/p/364019650,2026-05-19 12:51:12+02,f,POINT (8.467814 49.477839),2026-05-19 12:53:08+02,8.467814,49.477839
38043068,sharing_stations.NBV:Station:575989610,nextbike_vn,NBV:Station:575989610,THM Mannheim II,,t,,8,,,,https://app.nextbike.net/station?id=575989610,https://app.nextbike.net/station?id=575989610,https://nxtb.it/p/575989610,2026-05-19 12:17:15+02,f,POINT (8.478683 49.472353),2026-05-19 12:19:24+02,8.478683,49.472353
38043143,sharing_stations.NBV:Station:364019650,nextbike_vn,NBV:Station:364019650,Lindenhofplatz / HBF Süd,,f,,2,,,,https://app.nextbike.net/station?id=364019650,https://app.nextbike.net/station?id=364019650,https://nxtb.it/p/364019650,2026-05-19 12:17:15+02,f,POINT (8.467814 49.477839),2026-05-19 12:19:24+02,8.467814,49.477839
38043162,sharing_stations.NBV:Station:339478,nextbike_vn,NBV:Station:339478,Technische Hochschule Mannheim,10.0,f,,26,,,,https://app.nextbike.net/station?id=339478,https://app.nextbike.net/station?id=339478,https://nxtb.it/p/339478,2026-05-19 12:17:15+02,f,POINT (8.482255 49.470261),2026-05-19 12:19:24+02,8.482255,49.470261
38043176,sharing_stations.NBV:Station:339475,nextbike_vn,NBV:Station:339475,Hauptbahnhof Mannheim,60.0,f,,13,,,,https://app.nextbike.net/station?id=339475,https://app.nextbike.net/station?id=339475,https://nxtb.it/p/339475,2026-05-19 12:17:15+02,f,POINT (8.469749 49.47996),2026-05-19 12:19:24+02,8.469749,49.47996
38043180,sharing_stations.NBV:Station:7853258,nextbike_vn,NBV:Station:7853258,Universitätsklinik Mannheim,,f,,34,,,,https://app.nextbike.net/station?id=7853258,https://app.nextbike.net/station?id=7853258,https://nxtb.it/p/7853258,2026-05-19 12:17:15+02,f,POINT (8.482906 49.492344),2026-05-19 12:19:24+02,8.482906,49.492344
38043420,sharing_stations.NBV:Station:148606240,nextbike_vn,NBV:Station:148606240,A1 - Landgericht/Universität,,f,,24,,3.0,,https://app.nextbike.net/station?id=148606240,https://app.nextbike.net/station?id=148606240,https://nxtb.it/p/148606240,2026-05-19 12:17:15+02,f,POINT (8.462552 49.484796),2026-05-19 12:19:24+02,8.462552,49.484796
38043430,sharing_stations.NBV:Station:339468,nextbike_vn,NBV:Station:339468,Universität Mensa,10.0,f,,26,,,,https://app.nextbike.net/station?id=339468,https://app.nextbike.net/station?id=339468,https://nxtb.it/p/339468,2026-05-19 12:17:15+02,f,POINT (8.459859 49.484576),2026-05-19 12:19:24+02,8.459859,49.484576
38043450,sharing_stations.NBV:Station:660951,nextbike_vn,NBV:Station:660951,Universität Schloss,10.0,f,,112,,,,https://app.nextbike.net/station?id=660951,https://app.nextbike.net/station?id=660951,https://nxtb.it/p/660951,2026-05-19 12:17:15+02,f,POINT (8.463303 49.48275),2026-05-19 12:19:24+02,8.463303,49.48275
38039767,sharing_stations.NBV:Station:575989610,nextbike_vn,NBV:Station:575989610,THM Mannheim II,,t,,9,,,,https://app.nextbike.net/station?id=575989610,https://app.nextbike.net/station?id=575989610,https://nxtb.it/p/575989610,2026-05-19 11:44:55+02,f,POINT (8.478683 49.472353),2026-05-19 11:46:25+02,8.478683,49.472353
38039864,sharing_stations.NBV:Station:339478,nextbike_vn,NBV:Station:339478,Technische Hochschule Mannheim,10.0,f,,20,,,,https://app.nextbike.net/station?id=339478,https://app.nextbike.net/station?id=339478,https://nxtb.it/p/339478,2026-05-19 11:44:55+02,f,POINT (8.482255 49.470261),2026-05-19 11:46:25+02,8.482255,49.470261
38039891,sharing_stations.NBV:Station:364019650,nextbike_vn,NBV:Station:364019650,Lindenhofplatz / HBF Süd,,f,,3,,,,https://app.nextbike.net/station?id=364019650,https://app.nextbike.net/station?id=364019650,https://nxtb.it/p/364019650,2026-05-19 11:44:55+02,f,POINT (8.467814 49.477839),2026-05-19 11:46:25+02,8.467814,49.477839
38039943,sharing_stations.NBV:Station:7853258,nextbike_vn,NBV:Station:7853258,Universitätsklinik Mannheim,,f,,33,,,,https://app.nextbike.net/station?id=7853258,https://app.nextbike.net/station?id=7853258,https://nxtb.it/p/7853258,2026-05-19 11:44:55+02,f,POINT (8.482906 49.492344),2026-05-19 11:46:25+02,8.482906,49.492344
38039944,sharing_stations.NBV:Station:339475,nextbike_vn,NBV:Station:339475,Hauptbahnhof Mannheim,60.0,f,,14,,,,https://app.nextbike.net/station?id=339475,https://app.nextbike.net/station?id=339475,https://nxtb.it/p/339475,2026-05-19 11:44:55+02,f,POINT (8.469749 49.47996),2026-05-19 11:46:25+02,8.469749,49.47996
38040121,sharing_stations.NBV:Station:339468,nextbike_vn,NBV:Station:339468,Universität Mensa,10.0,f,,22,,,,https://app.nextbike.net/station?id=339468,https://app.nextbike.net/station?id=339468,https://nxtb.it/p/339468,2026-05-19 11:44:55+02,f,POINT (8.459859 49.484576),2026-05-19 11:46:25+02,8.459859,49.484576
38040136,sharing_stations.NBV:Station:148606240,nextbike_vn,NBV:Station:148606240,A1 - Landgericht/Universität,,f,,26,,3.0,,https://app.nextbike.net/station?id=148606240,https://app.nextbike.net/station?id=148606240,https://nxtb.it/p/148606240,2026-05-19 11:44:55+02,f,POINT (8.462552 49.484796),2026-05-19 11:46:25+02,8.462552,49.484796
38040190,sharing_stations.NBV:Station:660951,nextbike_vn,NBV:Station:660951,Universität Schloss,10.0,f,,112,,,,https://app.nextbike.net/station?id=660951,https://app.nextbike.net/station?id=660951,https://nxtb.it/p/660951,2026-05-19 11:44:55+02,f,POINT (8.463303 49.48275),2026-05-19 11:46:25+02,8.463303,49.48275
38036683,sharing_stations.NBV:Station:575989610,nextbike_vn,NBV:Station:575989610,THM Mannheim II,,t,,10,,,,https://app.nextbike.net/station?id=575989610,https://app.nextbike.net/station?id=575989610,https://nxtb.it/p/575989610,2026-05-19 11:11:35+02,f,POINT (8.478683 49.472353),2026-05-19 11:13:46+02,8.478683,49.472353
38036788,sharing_stations.NBV:Station:339478,nextbike_vn,NBV:Station:339478,Technische Hochschule Mannheim,10.0,f,,20,,,,https://app.nextbike.net/station?id=339478,https://app.nextbike.net/station?id=339478,https://nxtb.it/p/339478,2026-05-19 11:11:35+02,f,POINT (8.482255 49.470261),2026-05-19 11:13:46+02,8.482255,49.470261
38036838,sharing_stations.NBV:Station:7853258,nextbike_vn,NBV:Station:7853258,Universitätsklinik Mannheim,,f,,33,,,,https://app.nextbike.net/station?id=7853258,https://app.nextbike.net/station?id=7853258,https://nxtb.it/p/7853258,2026-05-19 11:11:35+02,f,POINT (8.482906 49.492344),2026-05-19 11:13:46+02,8.482906,49.492344
38036839,sharing_stations.NBV:Station:339475,nextbike_vn,NBV:Station:339475,Hauptbahnhof Mannheim,60.0,f,,19,,,,https://app.nextbike.net/station?id=339475,https://app.nextbike.net/station?id=339475,https://nxtb.it/p/339475,2026-05-19 11:11:35+02,f,POINT (8.469749 49.47996),2026-05-19 11:13:46+02,8.469749,49.47996
38037032,sharing_stations.NBV:Station:148606240,nextbike_vn,NBV:Station:148606240,A1 - Landgericht/Universität,,f,,24,,3.0,,https://app.nextbike.net/station?id=148606240,https://app.nextbike.net/station?id=148606240,https://nxtb.it/p/148606240,2026-05-19 11:11:35+02,f,POINT (8.462552 49.484796),2026-05-19 11:13:46+02,8.462552,49.484796
38037042,sharing_stations.NBV:Station:339468,nextbike_vn,NBV:Station:339468,Universität Mensa,10.0,f,,11,,,,https://app.nextbike.net/station?id=339468,https://app.nextbike.net/station?id=339468,https://nxtb.it/p/339468,2026-05-19 11:11:35+02,f,POINT (8.459859 49.484576),2026-05-19 11:13:46+02,8.459859,49.484576
38037113,sharing_stations.NBV:Station:660951,nextbike_vn,NBV:Station:660951,Universität Schloss,10.0,f,,111,,,,https://app.nextbike.net/station?id=660951,https://app.nextbike.net/station?id=660951,https://nxtb.it/p/660951,2026-05-19 11:11:35+02,f,POINT (8.463303 49.48275),2026-05-19 11:13:46+02,8.463303,49.48275
38033102,sharing_stations.NBV:Station:148606240,nextbike_vn,NBV:Station:148606240,A1 - Landgericht/Universität,,f,,22,,4.0,,https://app.nextbike.net/station?id=148606240,https://app.nextbike.net/station?id=148606240,https://nxtb.it/p/148606240,2026-05-19 10:38:12+02,f,POINT (8.462552 49.484796),2026-05-19 10:40:11+02,8.462552,49.484796
38033112,sharing_stations.NBV:Station:339468,nextbike_vn,NBV:Station:339468,Universität Mensa,10.0,f,,11,,,,https://app.nextbike.net/station?id=339468,https://app.nextbike.net/station?id=339468,https://nxtb.it/p/339468,2026-05-19 10:38:12+02,f,POINT (8.459859 49.484576),2026-05-19 10:40:11+02,8.459859,49.484576
38033136,sharing_stations.NBV:Station:660951,nextbike_vn,NBV:Station:660951,Universität Schloss,10.0,f,,108,,,,https://app.nextbike.net/station?id=660951,https://app.nextbike.net/station?id=660951,https://nxtb.it/p/660951,2026-05-19 10:38:12+02,f,POINT (8.463303 49.48275),2026-05-19 10:40:11+02,8.463303,49.48275
38033368,sharing_stations.NBV:Station:339478,nextbike_vn,NBV:Station:339478,Technische Hochschule Mannheim,10.0,f,,21,,,,https://app.nextbike.net/station?id=339478,https://app.nextbike.net/station?id=339478,https://nxtb.it/p/339478,2026-05-19 10:38:12+02,f,POINT (8.482255 49.470261),2026-05-19 10:40:11+02,8.482255,49.470261
38033378,sharing_stations.NBV:Station:7853258,nextbike_vn,NBV:Station:7853258,Universitätsklinik Mannheim,,f,,33,,,,https://app.nextbike.net/station?id=7853258,https://app.nextbike.net/station?id=7853258,https://nxtb.it/p/7853258,2026-05-19 10:38:12+02,f,POINT (8.482906 49.492344),2026-05-19 10:40:11+02,8.482906,49.492344
38033382,sharing_stations.NBV:Station:339475,nextbike_vn,NBV:Station:339475,Hauptbahnhof Mannheim,60.0,f,,20,,,,https://app.nextbike.net/station?id=339475,https://app.nextbike.net/station?id=339475,https://nxtb.it/p/339475,2026-05-19 10:38:12+02,f,POINT (8.469749 49.47996),2026-05-19 10:40:11+02,8.469749,49.47996
38033465,sharing_stations.NBV:Station:575989610,nextbike_vn,NBV:Station:575989610,THM Mannheim II,,t,,9,,,,https://app.nextbike.net/station?id=575989610,https://app.nextbike.net/station?id=575989610,https://nxtb.it/p/575989610,2026-05-19 10:38:12+02,f,POINT (8.478683 49.472353),2026-05-19 10:40:11+02,8.478683,49.472353
38029162,sharing_stations.NBV:Station:339468,nextbike_vn,NBV:Station:339468,Universität Mensa,10.0,f,,11,,,,https://app.nextbike.net/station?id=339468,https://app.nextbike.net/station?id=339468,https://nxtb.it/p/339468,2026-05-19 10:06:31+02,f,POINT (8.459859 49.484576),2026-05-19 10:08:58+02,8.459859,49.484576
38029168,sharing_stations.NBV:Station:148606240,nextbike_vn,NBV:Station:148606240,A1 - Landgericht/Universität,,f,,23,,4.0,,https://app.nextbike.net/station?id=148606240,https://app.nextbike.net/station?id=148606240,https://nxtb.it/p/148606240,2026-05-19 10:06:31+02,f,POINT (8.462552 49.484796),2026-05-19 10:08:58+02,8.462552,49.484796
38029219,sharing_stations.NBV:Station:660951,nextbike_vn,NBV:Station:660951,Universität Schloss,10.0,f,,100,,,,https://app.nextbike.net/station?id=660951,https://app.nextbike.net/station?id=660951,https://nxtb.it/p/660951,2026-05-19 10:06:31+02,f,POINT (8.463303 49.48275),2026-05-19 10:08:58+02,8.463303,49.48275
38029513,sharing_stations.NBV:Station:575989610,nextbike_vn,NBV:Station:575989610,THM Mannheim II,,t,,9,,,,https://app.nextbike.net/station?id=575989610,https://app.nextbike.net/station?id=575989610,https://nxtb.it/p/575989610,2026-05-19 10:06:31+02,f,POINT (8.478683 49.472353),2026-05-19 10:08:58+02,8.478683,49.472353
38029590,sharing_stations.NBV:Station:339478,nextbike_vn,NBV:Station:339478,Technische Hochschule Mannheim,10.0,f,,21,,,,https://app.nextbike.net/station?id=339478,https://app.nextbike.net/station?id=339478,https://nxtb.it/p/339478,2026-05-19 10:06:31+02,f,POINT (8.482255 49.470261),2026-05-19 10:08:58+02,8.482255,49.470261
38029675,sharing_stations.NBV:Station:339475,nextbike_vn,NBV:Station:339475,Hauptbahnhof Mannheim,60.0,f,,22,,,,https://app.nextbike.net/station?id=339475,https://app.nextbike.net/station?id=339475,https://nxtb.it/p/339475,2026-05-19 10:06:31+02,f,POINT (8.469749 49.47996),2026-05-19 10:08:58+02,8.469749,49.47996
38029681,sharing_stations.NBV:Station:7853258,nextbike_vn,NBV:Station:7853258,Universitätsklinik Mannheim,,f,,27,,,,https://app.nextbike.net/station?id=7853258,https://app.nextbike.net/station?id=7853258,https://nxtb.it/p/7853258,2026-05-19 10:06:31+02,f,POINT (8.482906 49.492344),2026-05-19 10:08:58+02,8.482906,49.492344
38024861,sharing_stations.NBV:Station:575989610,nextbike_vn,NBV:Station:575989610,THM Mannheim II,,t,,6,,,,https://app.nextbike.net/station?id=575989610,https://app.nextbike.net/station?id=575989610,https://nxtb.it/p/575989610,2026-05-19 09:31:10+02,f,POINT (8.478683 49.472353),2026-05-19 09:33:27+02,8.478683,49.472353
38024913,sharing_stations.NBV:Station:339475,nextbike_vn,NBV:Station:339475,Hauptbahnhof Mannheim,60.0,f,,30,,,,https://app.nextbike.net/station?id=339475,https://app.nextbike.net/station?id=339475,https://nxtb.it/p/339475,2026-05-19 09:31:10+02,f,POINT (8.469749 49.47996),2026-05-19 09:33:27+02,8.469749,49.47996
38024917,sharing_stations.NBV:Station:7853258,nextbike_vn,NBV:Station:7853258,Universitätsklinik Mannheim,,f,,21,,,,https://app.nextbike.net/station?id=7853258,https://app.nextbike.net/station?id=7853258,https://nxtb.it/p/7853258,2026-05-19 09:31:10+02,f,POINT (8.482906 49.492344),2026-05-19 09:33:27+02,8.482906,49.492344
38024950,sharing_stations.NBV:Station:339478,nextbike_vn,NBV:Station:339478,Technische Hochschule Mannheim,10.0,f,,18,,,,https://app.nextbike.net/station?id=339478,https://app.nextbike.net/station?id=339478,https://nxtb.it/p/339478,2026-05-19 09:31:10+02,f,POINT (8.482255 49.470261),2026-05-19 09:33:27+02,8.482255,49.470261
38025203,sharing_stations.NBV:Station:660951,nextbike_vn,NBV:Station:660951,Universität Schloss,10.0,f,,93,,,,https://app.nextbike.net/station?id=660951,https://app.nextbike.net/station?id=660951,https://nxtb.it/p/660951,2026-05-19 09:31:10+02,f,POINT (8.463303 49.48275),2026-05-19 09:33:27+02,8.463303,49.48275
38025214,sharing_stations.NBV:Station:148606240,nextbike_vn,NBV:Station:148606240,A1 - Landgericht/Universität,,f,,23,,4.0,,https://app.nextbike.net/station?id=148606240,https://app.nextbike.net/station?id=148606240,https://nxtb.it/p/148606240,2026-05-19 09:31:10+02,f,POINT (8.462552 49.484796),2026-05-19 09:33:27+02,8.462552,49.484796
38025225,sharing_stations.NBV:Station:339468,nextbike_vn,NBV:Station:339468,Universität Mensa,10.0,f,,10,,,,https://app.nextbike.net/station?id=339468,https://app.nextbike.net/station?id=339468,https://nxtb.it/p/339468,2026-05-19 09:31:10+02,f,POINT (8.459859 49.484576),2026-05-19 09:33:27+02,8.459859,49.484576
38021604,sharing_stations.NBV:Station:148606240,nextbike_vn,NBV:Station:148606240,A1 - Landgericht/Universität,,f,,25,,4.0,,https://app.nextbike.net/station?id=148606240,https://app.nextbike.net/station?id=148606240,https://nxtb.it/p/148606240,2026-05-19 08:57:21+02,f,POINT (8.462552 49.484796),2026-05-19 08:58:29+02,8.462552,49.484796
38021618,sharing_stations.NBV:Station:339468,nextbike_vn,NBV:Station:339468,Universität Mensa,10.0,f,,9,,,,https://app.nextbike.net/station?id=339468,https://app.nextbike.net/station?id=339468,https://nxtb.it/p/339468,2026-05-19 08:57:21+02,f,POINT (8.459859 49.484576),2026-05-19 08:58:29+02,8.459859,49.484576
38021638,sharing_stations.NBV:Station:660951,nextbike_vn,NBV:Station:660951,Universität Schloss,10.0,f,,90,,,,https://app.nextbike.net/station?id=660951,https://app.nextbike.net/station?id=660951,https://nxtb.it/p/660951,2026-05-19 08:57:21+02,f,POINT (8.463303 49.48275),2026-05-19 08:58:29+02,8.463303,49.48275
38021857,sharing_stations.NBV:Station:364019650,nextbike_vn,NBV:Station:364019650,Lindenhofplatz / HBF Süd,,f,,0,,,,https://app.nextbike.net/station?id=364019650,https://app.nextbike.net/station?id=364019650,https://nxtb.it/p/364019650,2026-05-19 08:57:21+02,f,POINT (8.467814 49.477839),2026-05-19 08:58:29+02,8.467814,49.477839
38021881,sharing_stations.NBV:Station:339478,nextbike_vn,NBV:Station:339478,Technische Hochschule Mannheim,10.0,f,,16,,,,https://app.nextbike.net/station?id=339478,https://app.nextbike.net/station?id=339478,https://nxtb.it/p/339478,2026-05-19 08:57:21+02,f,POINT (8.482255 49.470261),2026-05-19 08:58:29+02,8.482255,49.470261
38021895,sharing_stations.NBV:Station:339475,nextbike_vn,NBV:Station:339475,Hauptbahnhof Mannheim,60.0,f,,37,,,,https://app.nextbike.net/station?id=339475,https://app.nextbike.net/station?id=339475,https://nxtb.it/p/339475,2026-05-19 08:57:21+02,f,POINT (8.469749 49.47996),2026-05-19 08:58:29+02,8.469749,49.47996
38021903,sharing_stations.NBV:Station:7853258,nextbike_vn,NBV:Station:7853258,Universitätsklinik Mannheim,,f,,23,,,,https://app.nextbike.net/station?id=7853258,https://app.nextbike.net/station?id=7853258,https://nxtb.it/p/7853258,2026-05-19 08:57:21+02,f,POINT (8.482906 49.492344),2026-05-19 08:58:29+02,8.482906,49.492344
38021987,sharing_stations.NBV:Station:575989610,nextbike_vn,NBV:Station:575989610,THM Mannheim II,,t,,5,,,,https://app.nextbike.net/station?id=575989610,https://app.nextbike.net/station?id=575989610,https://nxtb.it/p/575989610,2026-05-19 08:57:21+02,f,POINT (8.478683 49.472353),2026-05-19 08:58:29+02,8.478683,49.472353
38017597,sharing_stations.NBV:Station:148606240,nextbike_vn,NBV:Station:148606240,A1 - Landgericht/Universität,,f,,22,,4.0,,https://app.nextbike.net/station?id=148606240,https://app.nextbike.net/station?id=148606240,https://nxtb.it/p/148606240,2026-05-19 08:22:55+02,f,POINT (8.462552 49.484796),2026-05-19 08:24:14+02,8.462552,49.484796
38017608,sharing_stations.NBV:Station:339468,nextbike_vn,NBV:Station:339468,Universität Mensa,10.0,f,,6,,,,https://app.nextbike.net/station?id=339468,https://app.nextbike.net/station?id=339468,https://nxtb.it/p/339468,2026-05-19 08:22:55+02,f,POINT (8.459859 49.484576),2026-05-19 08:24:14+02,8.459859,49.484576
38017666,sharing_stations.NBV:Station:660951,nextbike_vn,NBV:Station:660951,Universität Schloss,10.0,f,,81,,,,https://app.nextbike.net/station?id=660951,https://app.nextbike.net/station?id=660951,https://nxtb.it/p/660951,2026-05-19 08:22:55+02,f,POINT (8.463303 49.48275),2026-05-19 08:24:14+02,8.463303,49.48275
38017958,sharing_stations.NBV:Station:575989610,nextbike_vn,NBV:Station:575989610,THM Mannheim II,,t,,5,,,,https://app.nextbike.net/station?id=575989610,https://app.nextbike.net/station?id=575989610,https://nxtb.it/p/575989610,2026-05-19 08:22:55+02,f,POINT (8.478683 49.472353),2026-05-19 08:24:14+02,8.478683,49.472353
38018051,sharing_stations.NBV:Station:339478,nextbike_vn,NBV:Station:339478,Technische Hochschule Mannheim,10.0,f,,14,,,,https://app.nextbike.net/station?id=339478,https://app.nextbike.net/station?id=339478,https://nxtb.it/p/339478,2026-05-19 08:22:55+02,f,POINT (8.482255 49.470261),2026-05-19 08:24:14+02,8.482255,49.470261
38018083,sharing_stations.NBV:Station:364019650,nextbike_vn,NBV:Station:364019650,Lindenhofplatz / HBF Süd,,f,,3,,,,https://app.nextbike.net/station?id=364019650,https://app.nextbike.net/station?id=364019650,https://nxtb.it/p/364019650,2026-05-19 08:22:55+02,f,POINT (8.467814 49.477839),2026-05-19 08:24:14+02,8.467814,49.477839
38018118,sharing_stations.NBV:Station:339475,nextbike_vn,NBV:Station:339475,Hauptbahnhof Mannheim,60.0,f,,49,,,,https://app.nextbike.net/station?id=339475,https://app.nextbike.net/station?id=339475,https://nxtb.it/p/339475,2026-05-19 08:22:55+02,f,POINT (8.469749 49.47996),2026-05-19 08:24:14+02,8.469749,49.47996
38018124,sharing_stations.NBV:Station:7853258,nextbike_vn,NBV:Station:7853258,Universitätsklinik Mannheim,,f,,20,,,,https://app.nextbike.net/station?id=7853258,https://app.nextbike.net/station?id=7853258,https://nxtb.it/p/7853258,2026-05-19 08:22:55+02,f,POINT (8.482906 49.492344),2026-05-19 08:24:14+02,8.482906,49.492344
38014462,sharing_stations.NBV:Station:148606240,nextbike_vn,NBV:Station:148606240,A1 - Landgericht/Universität,,f,,2,,4.0,,https://app.nextbike.net/station?id=148606240,https://app.nextbike.net/station?id=148606240,https://nxtb.it/p/148606240,2026-05-19 07:46:27+02,f,POINT (8.462552 49.484796),2026-05-19 07:48:19+02,8.462552,49.484796
38014471,sharing_stations.NBV:Station:339468,nextbike_vn,NBV:Station:339468,Universität Mensa,10.0,f,,1,,,,https://app.nextbike.net/station?id=339468,https://app.nextbike.net/station?id=339468,https://nxtb.it/p/339468,2026-05-19 07:46:27+02,f,POINT (8.459859 49.484576),2026-05-19 07:48:19+02,8.459859,49.484576
38014493,sharing_stations.NBV:Station:660951,nextbike_vn,NBV:Station:660951,Universität Schloss,10.0,f,,17,,,,https://app.nextbike.net/station?id=660951,https://app.nextbike.net/station?id=660951,https://nxtb.it/p/660951,2026-05-19 07:46:27+02,f,POINT (8.463303 49.48275),2026-05-19 07:48:19+02,8.463303,49.48275
38014812,sharing_stations.NBV:Station:575989610,nextbike_vn,NBV:Station:575989610,THM Mannheim II,,t,,2,,,,https://app.nextbike.net/station?id=575989610,https://app.nextbike.net/station?id=575989610,https://nxtb.it/p/575989610,2026-05-19 07:46:27+02,f,POINT (8.478683 49.472353),2026-05-19 07:48:19+02,8.478683,49.472353
38014883,sharing_stations.NBV:Station:364019650,nextbike_vn,NBV:Station:364019650,Lindenhofplatz / HBF Süd,,f,,9,,,,https://app.nextbike.net/station?id=364019650,https://app.nextbike.net/station?id=364019650,https://nxtb.it/p/364019650,2026-05-19 07:46:27+02,f,POINT (8.467814 49.477839),2026-05-19 07:48:19+02,8.467814,49.477839
38014922,sharing_stations.NBV:Station:339478,nextbike_vn,NBV:Station:339478,Technische Hochschule Mannheim,10.0,f,,5,,,,https://app.nextbike.net/station?id=339478,https://app.nextbike.net/station?id=339478,https://nxtb.it/p/339478,2026-05-19 07:46:27+02,f,POINT (8.482255 49.470261),2026-05-19 07:48:19+02,8.482255,49.470261
38014936,sharing_stations.NBV:Station:7853258,nextbike_vn,NBV:Station:7853258,Universitätsklinik Mannheim,,f,,9,,,,https://app.nextbike.net/station?id=7853258,https://app.nextbike.net/station?id=7853258,https://nxtb.it/p/7853258,2026-05-19 07:46:27+02,f,POINT (8.482906 49.492344),2026-05-19 07:48:19+02,8.482906,49.492344
38014937,sharing_stations.NBV:Station:339475,nextbike_vn,NBV:Station:339475,Hauptbahnhof Mannheim,60.0,f,,55,,,,https://app.nextbike.net/station?id=339475,https://app.nextbike.net/station?id=339475,https://nxtb.it/p/339475,2026-05-19 07:46:27+02,f,POINT (8.469749 49.47996),2026-05-19 07:48:19+02,8.469749,49.47996
38011025,sharing_stations.NBV:Station:364019650,nextbike_vn,NBV:Station:364019650,Lindenhofplatz / HBF Süd,,f,,15,,,,https://app.nextbike.net/station?id=364019650,https://app.nextbike.net/station?id=364019650,https://nxtb.it/p/364019650,2026-05-19 07:11:14+02,f,POINT (8.467814 49.477839),2026-05-19 07:13:21+02,8.467814,49.477839
38011043,sharing_stations.NBV:Station:339478,nextbike_vn,NBV:Station:339478,Technische Hochschule Mannheim,10.0,f,,2,,,,https://app.nextbike.net/station?id=339478,https://app.nextbike.net/station?id=339478,https://nxtb.it/p/339478,2026-05-19 07:11:14+02,f,POINT (8.482255 49.470261),2026-05-19 07:13:21+02,8.482255,49.470261
38011082,sharing_stations.NBV:Station:339475,nextbike_vn,NBV:Station:339475,Hauptbahnhof Mannheim,60.0,f,,57,,,,https://app.nextbike.net/station?id=339475,https://app.nextbike.net/station?id=339475,https://nxtb.it/p/339475,2026-05-19 07:11:14+02,f,POINT (8.469749 49.47996),2026-05-19 07:13:21+02,8.469749,49.47996
38011087,sharing_stations.NBV:Station:7853258,nextbike_vn,NBV:Station:7853258,Universitätsklinik Mannheim,,f,,4,,,,https://app.nextbike.net/station?id=7853258,https://app.nextbike.net/station?id=7853258,https://nxtb.it/p/7853258,2026-05-19 07:11:14+02,f,POINT (8.482906 49.492344),2026-05-19 07:13:21+02,8.482906,49.492344
38011140,sharing_stations.NBV:Station:575989610,nextbike_vn,NBV:Station:575989610,THM Mannheim II,,t,,1,,,,https://app.nextbike.net/station?id=575989610,https://app.nextbike.net/station?id=575989610,https://nxtb.it/p/575989610,2026-05-19 07:11:14+02,f,POINT (8.478683 49.472353),2026-05-19 07:13:21+02,8.478683,49.472353
38011504,sharing_stations.NBV:Station:339468,nextbike_vn,NBV:Station:339468,Universität Mensa,10.0,f,,2,,,,https://app.nextbike.net/station?id=339468,https://app.nextbike.net/station?id=339468,https://nxtb.it/p/339468,2026-05-19 07:11:14+02,f,POINT (8.459859 49.484576),2026-05-19 07:13:21+02,8.459859,49.484576
38007844,sharing_stations.NBV:Station:575989610,nextbike_vn,NBV:Station:575989610,THM Mannheim II,,t,,1,,,,https://app.nextbike.net/station?id=575989610,https://app.nextbike.net/station?id=575989610,https://nxtb.it/p/575989610,2026-05-19 06:37:16+02,f,POINT (8.478683 49.472353),2026-05-19 06:38:28+02,8.478683,49.472353
38007905,sharing_stations.NBV:Station:7853258,nextbike_vn,NBV:Station:7853258,Universitätsklinik Mannheim,,f,,4,,,,https://app.nextbike.net/station?id=7853258,https://app.nextbike.net/station?id=7853258,https://nxtb.it/p/7853258,2026-05-19 06:37:16+02,f,POINT (8.482906 49.492344),2026-05-19 06:38:28+02,8.482906,49.492344
38007912,sharing_stations.NBV:Station:339475,nextbike_vn,NBV:Station:339475,Hauptbahnhof Mannheim,60.0,f,,56,,,,https://app.nextbike.net/station?id=339475,https://app.nextbike.net/station?id=339475,https://nxtb.it/p/339475,2026-05-19 06:37:16+02,f,POINT (8.469749 49.47996),2026-05-19 06:38:28+02,8.469749,49.47996
38007941,sharing_stations.NBV:Station:339478,nextbike_vn,NBV:Station:339478,Technische Hochschule Mannheim,10.0,f,,2,,,,https://app.nextbike.net/station?id=339478,https://app.nextbike.net/station?id=339478,https://nxtb.it/p/339478,2026-05-19 06:37:16+02,f,POINT (8.482255 49.470261),2026-05-19 06:38:28+02,8.482255,49.470261
38007957,sharing_stations.NBV:Station:364019650,nextbike_vn,NBV:Station:364019650,Lindenhofplatz / HBF Süd,,f,,14,,,,https://app.nextbike.net/station?id=364019650,https://app.nextbike.net/station?id=364019650,https://nxtb.it/p/364019650,2026-05-19 06:37:16+02,f,POINT (8.467814 49.477839),2026-05-19 06:38:28+02,8.467814,49.477839
38008180,sharing_stations.NBV:Station:339468,nextbike_vn,NBV:Station:339468,Universität Mensa,10.0,f,,0,,,,https://app.nextbike.net/station?id=339468,https://app.nextbike.net/station?id=339468,https://nxtb.it/p/339468,2026-05-19 06:37:16+02,f,POINT (8.459859 49.484576),2026-05-19 06:38:28+02,8.459859,49.484576
38004943,sharing_stations.NBV:Station:339468,nextbike_vn,NBV:Station:339468,Universität Mensa,10.0,f,,1,,,,https://app.nextbike.net/station?id=339468,https://app.nextbike.net/station?id=339468,https://nxtb.it/p/339468,2026-05-19 06:03:07+02,f,POINT (8.459859 49.484576),2026-05-19 06:05:28+02,8.459859,49.484576
38005137,sharing_stations.NBV:Station:7853258,nextbike_vn,NBV:Station:7853258,Universitätsklinik Mannheim,,f,,2,,,,https://app.nextbike.net/station?id=7853258,https://app.nextbike.net/station?id=7853258,https://nxtb.it/p/7853258,2026-05-19 06:03:07+02,f,POINT (8.482906 49.492344),2026-05-19 06:05:28+02,8.482906,49.492344
38005140,sharing_stations.NBV:Station:339475,nextbike_vn,NBV:Station:339475,Hauptbahnhof Mannheim,60.0,f,,52,,,,https://app.nextbike.net/station?id=339475,https://app.nextbike.net/station?id=339475,https://nxtb.it/p/339475,2026-05-19 06:03:07+02,f,POINT (8.469749 49.47996),2026-05-19 06:05:28+02,8.469749,49.47996
38005192,sharing_stations.NBV:Station:364019650,nextbike_vn,NBV:Station:364019650,Lindenhofplatz / HBF Süd,,f,,13,,,,https://app.nextbike.net/station?id=364019650,https://app.nextbike.net/station?id=364019650,https://nxtb.it/p/364019650,2026-05-19 06:03:07+02,f,POINT (8.467814 49.477839),2026-05-19 06:05:28+02,8.467814,49.477839
38005224,sharing_stations.NBV:Station:339478,nextbike_vn,NBV:Station:339478,Technische Hochschule Mannheim,10.0,f,,2,,,,https://app.nextbike.net/station?id=339478,https://app.nextbike.net/station?id=339478,https://nxtb.it/p/339478,2026-05-19 06:03:07+02,f,POINT (8.482255 49.470261),2026-05-19 06:05:28+02,8.482255,49.470261
38001599,sharing_stations.NBV:Station:339475,nextbike_vn,NBV:Station:339475,Hauptbahnhof Mannheim,60.0,f,,51,,,,https://app.nextbike.net/station?id=339475,https://app.nextbike.net/station?id=339475,https://nxtb.it/p/339475,2026-05-19 05:22:49+02,f,POINT (8.469749 49.47996),2026-05-19 05:25:04+02,8.469749,49.47996
38001605,sharing_stations.NBV:Station:7853258,nextbike_vn,NBV:Station:7853258,Universitätsklinik Mannheim,,f,,1,,,,https://app.nextbike.net/station?id=7853258,https://app.nextbike.net/station?id=7853258,https://nxtb.it/p/7853258,2026-05-19 05:22:49+02,f,POINT (8.482906 49.492344),2026-05-19 05:25:04+02,8.482906,49.492344
38001633,sharing_stations.NBV:Station:339478,nextbike_vn,NBV:Station:339478,Technische Hochschule Mannheim,10.0,f,,2,,,,https://app.nextbike.net/station?id=339478,https://app.nextbike.net/station?id=339478,https://nxtb.it/p/339478,2026-05-19 05:22:49+02,f,POINT (8.482255 49.470261),2026-05-19 05:25:04+02,8.482255,49.470261
38001661,sharing_stations.NBV:Station:364019650,nextbike_vn,NBV:Station:364019650,Lindenhofplatz / HBF Süd,,f,,13,,,,https://app.nextbike.net/station?id=364019650,https://app.nextbike.net/station?id=364019650,https://nxtb.it/p/364019650,2026-05-19 05:22:49+02,f,POINT (8.467814 49.477839),2026-05-19 05:25:04+02,8.467814,49.477839
38001878,sharing_stations.NBV:Station:339468,nextbike_vn,NBV:Station:339468,Universität Mensa,10.0,f,,1,,,,https://app.nextbike.net/station?id=339468,https://app.nextbike.net/station?id=339468,https://nxtb.it/p/339468,2026-05-19 05:22:49+02,f,POINT (8.459859 49.484576),2026-05-19 05:25:04+02,8.459859,49.484576
37998485,sharing_stations.NBV:Station:339478,nextbike_vn,NBV:Station:339478,Technische Hochschule Mannheim,10.0,f,,2,,,,https://app.nextbike.net/station?id=339478,https://app.nextbike.net/station?id=339478,https://nxtb.it/p/339478,2026-05-19 04:48:26+02,f,POINT (8.482255 49.470261),2026-05-19 04:50:09+02,8.482255,49.470261
37998504,sharing_stations.NBV:Station:364019650,nextbike_vn,NBV:Station:364019650,Lindenhofplatz / HBF Süd,,f,,13,,,,https://app.nextbike.net/station?id=364019650,https://app.nextbike.net/station?id=364019650,https://nxtb.it/p/364019650,2026-05-19 04:48:26+02,f,POINT (8.467814 49.477839),2026-05-19 04:50:09+02,8.467814,49.477839
37998563,sharing_stations.NBV:Station:339475,nextbike_vn,NBV:Station:339475,Hauptbahnhof Mannheim,60.0,f,,50,,,,https://app.nextbike.net/station?id=339475,https://app.nextbike.net/station?id=339475,https://nxtb.it/p/339475,2026-05-19 04:48:26+02,f,POINT (8.469749 49.47996),2026-05-19 04:50:09+02,8.469749,49.47996
37998725,sharing_stations.NBV:Station:339468,nextbike_vn,NBV:Station:339468,Universität Mensa,10.0,f,,1,,,,https://app.nextbike.net/station?id=339468,https://app.nextbike.net/station?id=339468,https://nxtb.it/p/339468,2026-05-19 04:48:26+02,f,POINT (8.459859 49.484576),2026-05-19 04:50:09+02,8.459859,49.484576
37995469,sharing_stations.NBV:Station:339475,nextbike_vn,NBV:Station:339475,Hauptbahnhof Mannheim,60.0,f,,51,,,,https://app.nextbike.net/station?id=339475,https://app.nextbike.net/station?id=339475,https://nxtb.it/p/339475,2026-05-19 04:12:34+02,f,POINT (8.469749 49.47996),2026-05-19 04:14:17+02,8.469749,49.47996
37995482,sharing_stations.NBV:Station:339478,nextbike_vn,NBV:Station:339478,Technische Hochschule Mannheim,10.0,f,,2,,,,https://app.nextbike.net/station?id=339478,https://app.nextbike.net/station?id=339478,https://nxtb.it/p/339478,2026-05-19 04:12:34+02,f,POINT (8.482255 49.470261),2026-05-19 04:14:17+02,8.482255,49.470261
37995503,sharing_stations.NBV:Station:364019650,nextbike_vn,NBV:Station:364019650,Lindenhofplatz / HBF Süd,,f,,11,,,,https://app.nextbike.net/station?id=364019650,https://app.nextbike.net/station?id=364019650,https://nxtb.it/p/364019650,2026-05-19 04:12:34+02,f,POINT (8.467814 49.477839),2026-05-19 04:14:17+02,8.467814,49.477839
37995922,sharing_stations.NBV:Station:339468,nextbike_vn,NBV:Station:339468,Universität Mensa,10.0,f,,1,,,,https://app.nextbike.net/station?id=339468,https://app.nextbike.net/station?id=339468,https://nxtb.it/p/339468,2026-05-19 04:12:34+02,f,POINT (8.459859 49.484576),2026-05-19 04:14:17+02,8.459859,49.484576
37992209,sharing_stations.NBV:Station:339475,nextbike_vn,NBV:Station:339475,Hauptbahnhof Mannheim,60.0,f,,51,,,,https://app.nextbike.net/station?id=339475,https://app.nextbike.net/station?id=339475,https://nxtb.it/p/339475,2026-05-19 03:37:12+02,f,POINT (8.469749 49.47996),2026-05-19 03:39:42+02,8.469749,49.47996
37992250,sharing_stations.NBV:Station:364019650,nextbike_vn,NBV:Station:364019650,Lindenhofplatz / HBF Süd,,f,,11,,,,https://app.nextbike.net/station?id=364019650,https://app.nextbike.net/station?id=364019650,https://nxtb.it/p/364019650,2026-05-19 03:37:12+02,f,POINT (8.467814 49.477839),2026-05-19 03:39:42+02,8.467814,49.477839
37992269,sharing_stations.NBV:Station:339478,nextbike_vn,NBV:Station:339478,Technische Hochschule Mannheim,10.0,f,,2,,,,https://app.nextbike.net/station?id=339478,https://app.nextbike.net/station?id=339478,https://nxtb.it/p/339478,2026-05-19 03:37:12+02,f,POINT (8.482255 49.470261),2026-05-19 03:39:42+02,8.482255,49.470261
37992733,sharing_stations.NBV:Station:339468,nextbike_vn,NBV:Station:339468,Universität Mensa,10.0,f,,1,,,,https://app.nextbike.net/station?id=339468,https://app.nextbike.net/station?id=339468,https://nxtb.it/p/339468,2026-05-19 03:37:12+02,f,POINT (8.459859 49.484576),2026-05-19 03:39:42+02,8.459859,49.484576
37989076,sharing_stations.NBV:Station:339478,nextbike_vn,NBV:Station:339478,Technische Hochschule Mannheim,10.0,f,,2,,,,https://app.nextbike.net/station?id=339478,https://app.nextbike.net/station?id=339478,https://nxtb.it/p/339478,2026-05-19 03:06:22+02,f,POINT (8.482255 49.470261),2026-05-19 03:08:38+02,8.482255,49.470261
37989103,sharing_stations.NBV:Station:364019650,nextbike_vn,NBV:Station:364019650,Lindenhofplatz / HBF Süd,,f,,11,,,,https://app.nextbike.net/station?id=364019650,https://app.nextbike.net/station?id=364019650,https://nxtb.it/p/364019650,2026-05-19 03:06:22+02,f,POINT (8.467814 49.477839),2026-05-19 03:08:38+02,8.467814,49.477839
37989144,sharing_stations.NBV:Station:339475,nextbike_vn,NBV:Station:339475,Hauptbahnhof Mannheim,60.0,f,,53,,,,https://app.nextbike.net/station?id=339475,https://app.nextbike.net/station?id=339475,https://nxtb.it/p/339475,2026-05-19 03:06:22+02,f,POINT (8.469749 49.47996),2026-05-19 03:08:38+02,8.469749,49.47996
37989328,sharing_stations.NBV:Station:339468,nextbike_vn,NBV:Station:339468,Universität Mensa,10.0,f,,1,,,,https://app.nextbike.net/station?id=339468,https://app.nextbike.net/station?id=339468,https://nxtb.it/p/339468,2026-05-19 03:06:22+02,f,POINT (8.459859 49.484576),2026-05-19 03:08:38+02,8.459859,49.484576
37985984,sharing_stations.NBV:Station:339475,nextbike_vn,NBV:Station:339475,Hauptbahnhof Mannheim,60.0,f,,53,,,,https://app.nextbike.net/station?id=339475,https://app.nextbike.net/station?id=339475,https://nxtb.it/p/339475,2026-05-19 02:35:43+02,f,POINT (8.469749 49.47996),2026-05-19 02:37:57+02,8.469749,49.47996
37986018,sharing_stations.NBV:Station:364019650,nextbike_vn,NBV:Station:364019650,Lindenhofplatz / HBF Süd,,f,,11,,,,https://app.nextbike.net/station?id=364019650,https://app.nextbike.net/station?id=364019650,https://nxtb.it/p/364019650,2026-05-19 02:35:43+02,f,POINT (8.467814 49.477839),2026-05-19 02:37:57+02,8.467814,49.477839
37986044,sharing_stations.NBV:Station:339478,nextbike_vn,NBV:Station:339478,Technische Hochschule Mannheim,10.0,f,,2,,,,https://app.nextbike.net/station?id=339478,https://app.nextbike.net/station?id=339478,https://nxtb.it/p/339478,2026-05-19 02:35:43+02,f,POINT (8.482255 49.470261),2026-05-19 02:37:57+02,8.482255,49.470261
37986302,sharing_stations.NBV:Station:339468,nextbike_vn,NBV:Station:339468,Universität Mensa,10.0,f,,1,,,,https://app.nextbike.net/station?id=339468,https://app.nextbike.net/station?id=339468,https://nxtb.it/p/339468,2026-05-19 02:35:43+02,f,POINT (8.459859 49.484576),2026-05-19 02:37:57+02,8.459859,49.484576
37982906,sharing_stations.NBV:Station:339468,nextbike_vn,NBV:Station:339468,Universität Mensa,10.0,f,,1,,,,https://app.nextbike.net/station?id=339468,https://app.nextbike.net/station?id=339468,https://nxtb.it/p/339468,2026-05-19 02:02:06+02,f,POINT (8.459859 49.484576),2026-05-19 02:04:49+02,8.459859,49.484576
37983323,sharing_stations.NBV:Station:364019650,nextbike_vn,NBV:Station:364019650,Lindenhofplatz / HBF Süd,,f,,11,,,,https://app.nextbike.net/station?id=364019650,https://app.nextbike.net/station?id=364019650,https://nxtb.it/p/364019650,2026-05-19 02:02:06+02,f,POINT (8.467814 49.477839),2026-05-19 02:04:49+02,8.467814,49.477839
37983339,sharing_stations.NBV:Station:339478,nextbike_vn,NBV:Station:339478,Technische Hochschule Mannheim,10.0,f,,2,,,,https://app.nextbike.net/station?id=339478,https://app.nextbike.net/station?id=339478,https://nxtb.it/p/339478,2026-05-19 02:02:06+02,f,POINT (8.482255 49.470261),2026-05-19 02:04:49+02,8.482255,49.470261
37983374,sharing_stations.NBV:Station:339475,nextbike_vn,NBV:Station:339475,Hauptbahnhof Mannheim,60.0,f,,55,,,,https://app.nextbike.net/station?id=339475,https://app.nextbike.net/station?id=339475,https://nxtb.it/p/339475,2026-05-19 02:02:06+02,f,POINT (8.469749 49.47996),2026-05-19 02:04:49+02,8.469749,49.47996
37979468,sharing_stations.NBV:Station:339478,nextbike_vn,NBV:Station:339478,Technische Hochschule Mannheim,10.0,f,,3,,,,https://app.nextbike.net/station?id=339478,https://app.nextbike.net/station?id=339478,https://nxtb.it/p/339478,2026-05-19 01:27:54+02,f,POINT (8.482255 49.470261),2026-05-19 01:29:47+02,8.482255,49.470261
37979544,sharing_stations.NBV:Station:339475,nextbike_vn,NBV:Station:339475,Hauptbahnhof Mannheim,60.0,f,,55,,,,https://app.nextbike.net/station?id=339475,https://app.nextbike.net/station?id=339475,https://nxtb.it/p/339475,2026-05-19 01:27:54+02,f,POINT (8.469749 49.47996),2026-05-19 01:29:47+02,8.469749,49.47996
37979728,sharing_stations.NBV:Station:339468,nextbike_vn,NBV:Station:339468,Universität Mensa,10.0,f,,1,,,,https://app.nextbike.net/station?id=339468,https://app.nextbike.net/station?id=339468,https://nxtb.it/p/339468,2026-05-19 01:27:54+02,f,POINT (8.459859 49.484576),2026-05-19 01:29:47+02,8.459859,49.484576
37976540,sharing_stations.NBV:Station:339468,nextbike_vn,NBV:Station:339468,Universität Mensa,10.0,f,,1,,,,https://app.nextbike.net/station?id=339468,https://app.nextbike.net/station?id=339468,https://nxtb.it/p/339468,2026-05-19 00:52:27+02,f,POINT (8.459859 49.484576),2026-05-19 00:54:42+02,8.459859,49.484576
37976880,sharing_stations.NBV:Station:339475,nextbike_vn,NBV:Station:339475,Hauptbahnhof Mannheim,60.0,f,,6,,,,https://app.nextbike.net/station?id=339475,https://app.nextbike.net/station?id=339475,https://nxtb.it/p/339475,2026-05-19 00:52:27+02,f,POINT (8.469749 49.47996),2026-05-19 00:54:42+02,8.469749,49.47996
37976966,sharing_stations.NBV:Station:339478,nextbike_vn,NBV:Station:339478,Technische Hochschule Mannheim,10.0,f,,3,,,,https://app.nextbike.net/station?id=339478,https://app.nextbike.net/station?id=339478,https://nxtb.it/p/339478,2026-05-19 00:52:27+02,f,POINT (8.482255 49.470261),2026-05-19 00:54:42+02,8.482255,49.470261
37972854,sharing_stations.NBV:Station:339475,nextbike_vn,NBV:Station:339475,Hauptbahnhof Mannheim,60.0,f,,8,,,,https://app.nextbike.net/station?id=339475,https://app.nextbike.net/station?id=339475,https://nxtb.it/p/339475,2026-05-19 00:16:34+02,f,POINT (8.469749 49.47996),2026-05-19 00:18:46+02,8.469749,49.47996
37972867,sharing_stations.NBV:Station:339478,nextbike_vn,NBV:Station:339478,Technische Hochschule Mannheim,10.0,f,,4,,,,https://app.nextbike.net/station?id=339478,https://app.nextbike.net/station?id=339478,https://nxtb.it/p/339478,2026-05-19 00:16:34+02,f,POINT (8.482255 49.470261),2026-05-19 00:18:46+02,8.482255,49.470261
37973150,sharing_stations.NBV:Station:339468,nextbike_vn,NBV:Station:339468,Universität Mensa,10.0,f,,1,,,,https://app.nextbike.net/station?id=339468,https://app.nextbike.net/station?id=339468,https://nxtb.it/p/339468,2026-05-19 00:16:34+02,f,POINT (8.459859 49.484576),2026-05-19 00:18:46+02,8.459859,49.484576
37969820,sharing_stations.NBV:Station:7853258,nextbike_vn,NBV:Station:7853258,Universitätsklinik Mannheim,,f,,1,,,,https://app.nextbike.net/station?id=7853258,https://app.nextbike.net/station?id=7853258,https://nxtb.it/p/7853258,2026-05-18 23:37:31+02,f,POINT (8.482906 49.492344),2026-05-18 23:39:52+02,8.482906,49.492344
37969825,sharing_stations.NBV:Station:339475,nextbike_vn,NBV:Station:339475,Hauptbahnhof Mannheim,60.0,f,,6,,,,https://app.nextbike.net/station?id=339475,https://app.nextbike.net/station?id=339475,https://nxtb.it/p/339475,2026-05-18 23:37:31+02,f,POINT (8.469749 49.47996),2026-05-18 23:39:52+02,8.469749,49.47996
37969878,sharing_stations.NBV:Station:364019650,nextbike_vn,NBV:Station:364019650,Lindenhofplatz / HBF Süd,,f,,2,,,,https://app.nextbike.net/station?id=364019650,https://app.nextbike.net/station?id=364019650,https://nxtb.it/p/364019650,2026-05-18 23:37:31+02,f,POINT (8.467814 49.477839),2026-05-18 23:39:52+02,8.467814,49.477839
37969913,sharing_stations.NBV:Station:339478,nextbike_vn,NBV:Station:339478,Technische Hochschule Mannheim,10.0,f,,3,,,,https://app.nextbike.net/station?id=339478,https://app.nextbike.net/station?id=339478,https://nxtb.it/p/339478,2026-05-18 23:37:31+02,f,POINT (8.482255 49.470261),2026-05-18 23:39:52+02,8.482255,49.470261
37970331,sharing_stations.NBV:Station:339468,nextbike_vn,NBV:Station:339468,Universität Mensa,10.0,f,,3,,,,https://app.nextbike.net/station?id=339468,https://app.nextbike.net/station?id=339468,https://nxtb.it/p/339468,2026-05-18 23:37:31+02,f,POINT (8.459859 49.484576),2026-05-18 23:39:52+02,8.459859,49.484576
37966193,sharing_stations.NBV:Station:339468,nextbike_vn,NBV:Station:339468,Universität Mensa,10.0,f,,7,,,,https://app.nextbike.net/station?id=339468,https://app.nextbike.net/station?id=339468,https://nxtb.it/p/339468,2026-05-18 23:05:53+02,f,POINT (8.459859 49.484576),2026-05-18 23:07:20+02,8.459859,49.484576
37966446,sharing_stations.NBV:Station:364019650,nextbike_vn,NBV:Station:364019650,Lindenhofplatz / HBF Süd,,f,,2,,,,https://app.nextbike.net/station?id=364019650,https://app.nextbike.net/station?id=364019650,https://nxtb.it/p/364019650,2026-05-18 23:05:53+02,f,POINT (8.467814 49.477839),2026-05-18 23:07:20+02,8.467814,49.477839
37966482,sharing_stations.NBV:Station:339478,nextbike_vn,NBV:Station:339478,Technische Hochschule Mannheim,10.0,f,,4,,,,https://app.nextbike.net/station?id=339478,https://app.nextbike.net/station?id=339478,https://nxtb.it/p/339478,2026-05-18 23:05:53+02,f,POINT (8.482255 49.470261),2026-05-18 23:07:20+02,8.482255,49.470261
37966517,sharing_stations.NBV:Station:7853258,nextbike_vn,NBV:Station:7853258,Universitätsklinik Mannheim,,f,,1,,,,https://app.nextbike.net/station?id=7853258,https://app.nextbike.net/station?id=7853258,https://nxtb.it/p/7853258,2026-05-18 23:05:53+02,f,POINT (8.482906 49.492344),2026-05-18 23:07:20+02,8.482906,49.492344
37966521,sharing_stations.NBV:Station:339475,nextbike_vn,NBV:Station:339475,Hauptbahnhof Mannheim,60.0,f,,7,,,,https://app.nextbike.net/station?id=339475,https://app.nextbike.net/station?id=339475,https://nxtb.it/p/339475,2026-05-18 23:05:53+02,f,POINT (8.469749 49.47996),2026-05-18 23:07:20+02,8.469749,49.47996
37962917,sharing_stations.NBV:Station:148606240,nextbike_vn,NBV:Station:148606240,A1 - Landgericht/Universität,,f,,1,,4.0,,https://app.nextbike.net/station?id=148606240,https://app.nextbike.net/station?id=148606240,https://nxtb.it/p/148606240,2026-05-18 22:32:09+02,f,POINT (8.462552 49.484796),2026-05-18 22:34:32+02,8.462552,49.484796
37962929,sharing_stations.NBV:Station:339468,nextbike_vn,NBV:Station:339468,Universität Mensa,10.0,f,,12,,,,https://app.nextbike.net/station?id=339468,https://app.nextbike.net/station?id=339468,https://nxtb.it/p/339468,2026-05-18 22:32:09+02,f,POINT (8.459859 49.484576),2026-05-18 22:34:32+02,8.459859,49.484576
37963360,sharing_stations.NBV:Station:339475,nextbike_vn,NBV:Station:339475,Hauptbahnhof Mannheim,60.0,f,,8,,,,https://app.nextbike.net/station?id=339475,https://app.nextbike.net/station?id=339475,https://nxtb.it/p/339475,2026-05-18 22:32:09+02,f,POINT (8.469749 49.47996),2026-05-18 22:34:32+02,8.469749,49.47996
37963396,sharing_stations.NBV:Station:339478,nextbike_vn,NBV:Station:339478,Technische Hochschule Mannheim,10.0,f,,4,,,,https://app.nextbike.net/station?id=339478,https://app.nextbike.net/station?id=339478,https://nxtb.it/p/339478,2026-05-18 22:32:09+02,f,POINT (8.482255 49.470261),2026-05-18 22:34:32+02,8.482255,49.470261
37959682,sharing_stations.NBV:Station:148606240,nextbike_vn,NBV:Station:148606240,A1 - Landgericht/Universität,,f,,1,,4.0,,https://app.nextbike.net/station?id=148606240,https://app.nextbike.net/station?id=148606240,https://nxtb.it/p/148606240,2026-05-18 22:00:50+02,f,POINT (8.462552 49.484796),2026-05-18 22:02:18+02,8.462552,49.484796
37959689,sharing_stations.NBV:Station:339468,nextbike_vn,NBV:Station:339468,Universität Mensa,10.0,f,,16,,,,https://app.nextbike.net/station?id=339468,https://app.nextbike.net/station?id=339468,https://nxtb.it/p/339468,2026-05-18 22:00:50+02,f,POINT (8.459859 49.484576),2026-05-18 22:02:18+02,8.459859,49.484576
37959713,sharing_stations.NBV:Station:660951,nextbike_vn,NBV:Station:660951,Universität Schloss,10.0,f,,0,,,,https://app.nextbike.net/station?id=660951,https://app.nextbike.net/station?id=660951,https://nxtb.it/p/660951,2026-05-18 22:00:50+02,f,POINT (8.463303 49.48275),2026-05-18 22:02:18+02,8.463303,49.48275
37960103,sharing_stations.NBV:Station:364019650,nextbike_vn,NBV:Station:364019650,Lindenhofplatz / HBF Süd,,f,,0,,,,https://app.nextbike.net/station?id=364019650,https://app.nextbike.net/station?id=364019650,https://nxtb.it/p/364019650,2026-05-18 22:00:50+02,f,POINT (8.467814 49.477839),2026-05-18 22:02:18+02,8.467814,49.477839
37960136,sharing_stations.NBV:Station:339478,nextbike_vn,NBV:Station:339478,Technische Hochschule Mannheim,10.0,f,,4,,,,https://app.nextbike.net/station?id=339478,https://app.nextbike.net/station?id=339478,https://nxtb.it/p/339478,2026-05-18 22:00:50+02,f,POINT (8.482255 49.470261),2026-05-18 22:02:18+02,8.482255,49.470261
37960151,sharing_stations.NBV:Station:339475,nextbike_vn,NBV:Station:339475,Hauptbahnhof Mannheim,60.0,f,,8,,,,https://app.nextbike.net/station?id=339475,https://app.nextbike.net/station?id=339475,https://nxtb.it/p/339475,2026-05-18 22:00:50+02,f,POINT (8.469749 49.47996),2026-05-18 22:02:18+02,8.469749,49.47996
37960157,sharing_stations.NBV:Station:7853258,nextbike_vn,NBV:Station:7853258,Universitätsklinik Mannheim,,f,,0,,,,https://app.nextbike.net/station?id=7853258,https://app.nextbike.net/station?id=7853258,https://nxtb.it/p/7853258,2026-05-18 22:00:50+02,f,POINT (8.482906 49.492344),2026-05-18 22:02:18+02,8.482906,49.492344
37956160,sharing_stations.NBV:Station:339478,nextbike_vn,NBV:Station:339478,Technische Hochschule Mannheim,10.0,f,,4,,,,https://app.nextbike.net/station?id=339478,https://app.nextbike.net/station?id=339478,https://nxtb.it/p/339478,2026-05-18 21:22:46+02,f,POINT (8.482255 49.470261),2026-05-18 21:24:59+02,8.482255,49.470261
37956189,sharing_stations.NBV:Station:364019650,nextbike_vn,NBV:Station:364019650,Lindenhofplatz / HBF Süd,,f,,2,,,,https://app.nextbike.net/station?id=364019650,https://app.nextbike.net/station?id=364019650,https://nxtb.it/p/364019650,2026-05-18 21:22:46+02,f,POINT (8.467814 49.477839),2026-05-18 21:24:59+02,8.467814,49.477839
37956219,sharing_stations.NBV:Station:7853258,nextbike_vn,NBV:Station:7853258,Universitätsklinik Mannheim,,f,,2,,,,https://app.nextbike.net/station?id=7853258,https://app.nextbike.net/station?id=7853258,https://nxtb.it/p/7853258,2026-05-18 21:22:46+02,f,POINT (8.482906 49.492344),2026-05-18 21:24:59+02,8.482906,49.492344
37956221,sharing_stations.NBV:Station:339475,nextbike_vn,NBV:Station:339475,Hauptbahnhof Mannheim,60.0,f,,8,,,,https://app.nextbike.net/station?id=339475,https://app.nextbike.net/station?id=339475,https://nxtb.it/p/339475,2026-05-18 21:22:46+02,f,POINT (8.469749 49.47996),2026-05-18 21:24:59+02,8.469749,49.47996
37956626,sharing_stations.NBV:Station:339468,nextbike_vn,NBV:Station:339468,Universität Mensa,10.0,f,,19,,,,https://app.nextbike.net/station?id=339468,https://app.nextbike.net/station?id=339468,https://nxtb.it/p/339468,2026-05-18 21:22:46+02,f,POINT (8.459859 49.484576),2026-05-18 21:24:59+02,8.459859,49.484576
37952342,sharing_stations.NBV:Station:660951,nextbike_vn,NBV:Station:660951,Universität Schloss,10.0,f,,0,,,,https://app.nextbike.net/station?id=660951,https://app.nextbike.net/station?id=660951,https://nxtb.it/p/660951,2026-05-18 20:50:09+02,f,POINT (8.463303 49.48275),2026-05-18 20:51:35+02,8.463303,49.48275
37952350,sharing_stations.NBV:Station:148606240,nextbike_vn,NBV:Station:148606240,A1 - Landgericht/Universität,,f,,1,,4.0,,https://app.nextbike.net/station?id=148606240,https://app.nextbike.net/station?id=148606240,https://nxtb.it/p/148606240,2026-05-18 20:50:09+02,f,POINT (8.462552 49.484796),2026-05-18 20:51:35+02,8.462552,49.484796
37952370,sharing_stations.NBV:Station:339468,nextbike_vn,NBV:Station:339468,Universität Mensa,10.0,f,,22,,,,https://app.nextbike.net/station?id=339468,https://app.nextbike.net/station?id=339468,https://nxtb.it/p/339468,2026-05-18 20:50:09+02,f,POINT (8.459859 49.484576),2026-05-18 20:51:35+02,8.459859,49.484576
37952616,sharing_stations.NBV:Station:339475,nextbike_vn,NBV:Station:339475,Hauptbahnhof Mannheim,60.0,f,,11,,,,https://app.nextbike.net/station?id=339475,https://app.nextbike.net/station?id=339475,https://nxtb.it/p/339475,2026-05-18 20:50:09+02,f,POINT (8.469749 49.47996),2026-05-18 20:51:35+02,8.469749,49.47996
37952625,sharing_stations.NBV:Station:7853258,nextbike_vn,NBV:Station:7853258,Universitätsklinik Mannheim,,f,,0,,,,https://app.nextbike.net/station?id=7853258,https://app.nextbike.net/station?id=7853258,https://nxtb.it/p/7853258,2026-05-18 20:50:09+02,f,POINT (8.482906 49.492344),2026-05-18 20:51:35+02,8.482906,49.492344
37952657,sharing_stations.NBV:Station:339478,nextbike_vn,NBV:Station:339478,Technische Hochschule Mannheim,10.0,f,,5,,,,https://app.nextbike.net/station?id=339478,https://app.nextbike.net/station?id=339478,https://nxtb.it/p/339478,2026-05-18 20:50:09+02,f,POINT (8.482255 49.470261),2026-05-18 20:51:35+02,8.482255,49.470261
37952681,sharing_stations.NBV:Station:364019650,nextbike_vn,NBV:Station:364019650,Lindenhofplatz / HBF Süd,,f,,3,,,,https://app.nextbike.net/station?id=364019650,https://app.nextbike.net/station?id=364019650,https://nxtb.it/p/364019650,2026-05-18 20:50:09+02,f,POINT (8.467814 49.477839),2026-05-18 20:51:35+02,8.467814,49.477839
37948877,sharing_stations.NBV:Station:148606240,nextbike_vn,NBV:Station:148606240,A1 - Landgericht/Universität,,f,,1,,4.0,,https://app.nextbike.net/station?id=148606240,https://app.nextbike.net/station?id=148606240,https://nxtb.it/p/148606240,2026-05-18 20:14:02+02,f,POINT (8.462552 49.484796),2026-05-18 20:17:03+02,8.462552,49.484796
37948886,sharing_stations.NBV:Station:339468,nextbike_vn,NBV:Station:339468,Universität Mensa,10.0,f,,25,,,,https://app.nextbike.net/station?id=339468,https://app.nextbike.net/station?id=339468,https://nxtb.it/p/339468,2026-05-18 20:14:02+02,f,POINT (8.459859 49.484576),2026-05-18 20:17:03+02,8.459859,49.484576
37948940,sharing_stations.NBV:Station:660951,nextbike_vn,NBV:Station:660951,Universität Schloss,10.0,f,,3,,,,https://app.nextbike.net/station?id=660951,https://app.nextbike.net/station?id=660951,https://nxtb.it/p/660951,2026-05-18 20:14:02+02,f,POINT (8.463303 49.48275),2026-05-18 20:17:03+02,8.463303,49.48275
37949339,sharing_stations.NBV:Station:339478,nextbike_vn,NBV:Station:339478,Technische Hochschule Mannheim,10.0,f,,5,,,,https://app.nextbike.net/station?id=339478,https://app.nextbike.net/station?id=339478,https://nxtb.it/p/339478,2026-05-18 20:14:02+02,f,POINT (8.482255 49.470261),2026-05-18 20:17:03+02,8.482255,49.470261
37949374,sharing_stations.NBV:Station:364019650,nextbike_vn,NBV:Station:364019650,Lindenhofplatz / HBF Süd,,f,,7,,,,https://app.nextbike.net/station?id=364019650,https://app.nextbike.net/station?id=364019650,https://nxtb.it/p/364019650,2026-05-18 20:14:02+02,f,POINT (8.467814 49.477839),2026-05-18 20:17:03+02,8.467814,49.477839
37949404,sharing_stations.NBV:Station:339475,nextbike_vn,NBV:Station:339475,Hauptbahnhof Mannheim,60.0,f,,14,,,,https://app.nextbike.net/station?id=339475,https://app.nextbike.net/station?id=339475,https://nxtb.it/p/339475,2026-05-18 20:14:02+02,f,POINT (8.469749 49.47996),2026-05-18 20:17:03+02,8.469749,49.47996
37945715,sharing_stations.NBV:Station:364019650,nextbike_vn,NBV:Station:364019650,Lindenhofplatz / HBF Süd,,f,,9,,,,https://app.nextbike.net/station?id=364019650,https://app.nextbike.net/station?id=364019650,https://nxtb.it/p/364019650,2026-05-18 19:38:47+02,f,POINT (8.467814 49.477839),2026-05-18 19:41:48+02,8.467814,49.477839
37945736,sharing_stations.NBV:Station:339478,nextbike_vn,NBV:Station:339478,Technische Hochschule Mannheim,10.0,f,,6,,,,https://app.nextbike.net/station?id=339478,https://app.nextbike.net/station?id=339478,https://nxtb.it/p/339478,2026-05-18 19:38:47+02,f,POINT (8.482255 49.470261),2026-05-18 19:41:48+02,8.482255,49.470261
37945774,sharing_stations.NBV:Station:339475,nextbike_vn,NBV:Station:339475,Hauptbahnhof Mannheim,60.0,f,,21,,,,https://app.nextbike.net/station?id=339475,https://app.nextbike.net/station?id=339475,https://nxtb.it/p/339475,2026-05-18 19:38:47+02,f,POINT (8.469749 49.47996),2026-05-18 19:41:48+02,8.469749,49.47996
37946217,sharing_stations.NBV:Station:339468,nextbike_vn,NBV:Station:339468,Universität Mensa,10.0,f,,27,,,,https://app.nextbike.net/station?id=339468,https://app.nextbike.net/station?id=339468,https://nxtb.it/p/339468,2026-05-18 19:38:47+02,f,POINT (8.459859 49.484576),2026-05-18 19:41:48+02,8.459859,49.484576
37946225,sharing_stations.NBV:Station:148606240,nextbike_vn,NBV:Station:148606240,A1 - Landgericht/Universität,,f,,7,,4.0,,https://app.nextbike.net/station?id=148606240,https://app.nextbike.net/station?id=148606240,https://nxtb.it/p/148606240,2026-05-18 19:38:47+02,f,POINT (8.462552 49.484796),2026-05-18 19:41:48+02,8.462552,49.484796
37946232,sharing_stations.NBV:Station:660951,nextbike_vn,NBV:Station:660951,Universität Schloss,10.0,f,,0,,,,https://app.nextbike.net/station?id=660951,https://app.nextbike.net/station?id=660951,https://nxtb.it/p/660951,2026-05-18 19:38:47+02,f,POINT (8.463303 49.48275),2026-05-18 19:41:48+02,8.463303,49.48275
37941590,sharing_stations.NBV:Station:339468,nextbike_vn,NBV:Station:339468,Universität Mensa,10.0,f,,27,,,,https://app.nextbike.net/station?id=339468,https://app.nextbike.net/station?id=339468,https://nxtb.it/p/339468,2026-05-18 19:08:54+02,f,POINT (8.459859 49.484576),2026-05-18 19:10:22+02,8.459859,49.484576
37941596,sharing_stations.NBV:Station:148606240,nextbike_vn,NBV:Station:148606240,A1 - Landgericht/Universität,,f,,12,,4.0,,https://app.nextbike.net/station?id=148606240,https://app.nextbike.net/station?id=148606240,https://nxtb.it/p/148606240,2026-05-18 19:08:54+02,f,POINT (8.462552 49.484796),2026-05-18 19:10:22+02,8.462552,49.484796
37941647,sharing_stations.NBV:Station:660951,nextbike_vn,NBV:Station:660951,Universität Schloss,10.0,f,,0,,,,https://app.nextbike.net/station?id=660951,https://app.nextbike.net/station?id=660951,https://nxtb.it/p/660951,2026-05-18 19:08:54+02,f,POINT (8.463303 49.48275),2026-05-18 19:10:22+02,8.463303,49.48275
37941871,sharing_stations.NBV:Station:339478,nextbike_vn,NBV:Station:339478,Technische Hochschule Mannheim,10.0,f,,2,,,,https://app.nextbike.net/station?id=339478,https://app.nextbike.net/station?id=339478,https://nxtb.it/p/339478,2026-05-18 19:08:54+02,f,POINT (8.482255 49.470261),2026-05-18 19:10:22+02,8.482255,49.470261
37941897,sharing_stations.NBV:Station:364019650,nextbike_vn,NBV:Station:364019650,Lindenhofplatz / HBF Süd,,f,,9,,,,https://app.nextbike.net/station?id=364019650,https://app.nextbike.net/station?id=364019650,https://nxtb.it/p/364019650,2026-05-18 19:08:54+02,f,POINT (8.467814 49.477839),2026-05-18 19:10:22+02,8.467814,49.477839
37941955,sharing_stations.NBV:Station:339475,nextbike_vn,NBV:Station:339475,Hauptbahnhof Mannheim,60.0,f,,20,,,,https://app.nextbike.net/station?id=339475,https://app.nextbike.net/station?id=339475,https://nxtb.it/p/339475,2026-05-18 19:08:54+02,f,POINT (8.469749 49.47996),2026-05-18 19:10:22+02,8.469749,49.47996
37941964,sharing_stations.NBV:Station:7853258,nextbike_vn,NBV:Station:7853258,Universitätsklinik Mannheim,,f,,0,,,,https://app.nextbike.net/station?id=7853258,https://app.nextbike.net/station?id=7853258,https://nxtb.it/p/7853258,2026-05-18 19:08:54+02,f,POINT (8.482906 49.492344),2026-05-18 19:10:22+02,8.482906,49.492344
37941970,sharing_stations.NBV:Station:575989610,nextbike_vn,NBV:Station:575989610,THM Mannheim II,,t,,1,,,,https://app.nextbike.net/station?id=575989610,https://app.nextbike.net/station?id=575989610,https://nxtb.it/p/575989610,2026-05-18 19:08:54+02,f,POINT (8.478683 49.472353),2026-05-18 19:10:22+02,8.478683,49.472353
37938144,sharing_stations.NBV:Station:339475,nextbike_vn,NBV:Station:339475,Hauptbahnhof Mannheim,60.0,f,,18,,,,https://app.nextbike.net/station?id=339475,https://app.nextbike.net/station?id=339475,https://nxtb.it/p/339475,2026-05-18 18:35:38+02,f,POINT (8.469749 49.47996),2026-05-18 18:37:59+02,8.469749,49.47996
37938143,sharing_stations.NBV:Station:7853258,nextbike_vn,NBV:Station:7853258,Universitätsklinik Mannheim,,f,,0,,,,https://app.nextbike.net/station?id=7853258,https://app.nextbike.net/station?id=7853258,https://nxtb.it/p/7853258,2026-05-18 18:35:38+02,f,POINT (8.482906 49.492344),2026-05-18 18:37:59+02,8.482906,49.492344
37938179,sharing_stations.NBV:Station:364019650,nextbike_vn,NBV:Station:364019650,Lindenhofplatz / HBF Süd,,f,,10,,,,https://app.nextbike.net/station?id=364019650,https://app.nextbike.net/station?id=364019650,https://nxtb.it/p/364019650,2026-05-18 18:35:38+02,f,POINT (8.467814 49.477839),2026-05-18 18:37:59+02,8.467814,49.477839
37938592,sharing_stations.NBV:Station:660951,nextbike_vn,NBV:Station:660951,Universität Schloss,10.0,f,,5,,,,https://app.nextbike.net/station?id=660951,https://app.nextbike.net/station?id=660951,https://nxtb.it/p/660951,2026-05-18 18:35:38+02,f,POINT (8.463303 49.48275),2026-05-18 18:37:59+02,8.463303,49.48275
37938658,sharing_stations.NBV:Station:339468,nextbike_vn,NBV:Station:339468,Universität Mensa,10.0,f,,27,,,,https://app.nextbike.net/station?id=339468,https://app.nextbike.net/station?id=339468,https://nxtb.it/p/339468,2026-05-18 18:35:38+02,f,POINT (8.459859 49.484576),2026-05-18 18:37:59+02,8.459859,49.484576
37938663,sharing_stations.NBV:Station:148606240,nextbike_vn,NBV:Station:148606240,A1 - Landgericht/Universität,,f,,15,,2.0,,https://app.nextbike.net/station?id=148606240,https://app.nextbike.net/station?id=148606240,https://nxtb.it/p/148606240,2026-05-18 18:35:38+02,f,POINT (8.462552 49.484796),2026-05-18 18:37:59+02,8.462552,49.484796
37933994,sharing_stations.NBV:Station:364019650,nextbike_vn,NBV:Station:364019650,Lindenhofplatz / HBF Süd,,f,,11,,,,https://app.nextbike.net/station?id=364019650,https://app.nextbike.net/station?id=364019650,https://nxtb.it/p/364019650,2026-05-18 18:07:10+02,f,POINT (8.467814 49.477839),2026-05-18 18:08:06+02,8.467814,49.477839
37934033,sharing_stations.NBV:Station:339475,nextbike_vn,NBV:Station:339475,Hauptbahnhof Mannheim,60.0,f,,18,,,,https://app.nextbike.net/station?id=339475,https://app.nextbike.net/station?id=339475,https://nxtb.it/p/339475,2026-05-18 18:07:10+02,f,POINT (8.469749 49.47996),2026-05-18 18:08:06+02,8.469749,49.47996
37934038,sharing_stations.NBV:Station:7853258,nextbike_vn,NBV:Station:7853258,Universitätsklinik Mannheim,,f,,0,,,,https://app.nextbike.net/station?id=7853258,https://app.nextbike.net/station?id=7853258,https://nxtb.it/p/7853258,2026-05-18 18:07:10+02,f,POINT (8.482906 49.492344),2026-05-18 18:08:06+02,8.482906,49.492344
37934469,sharing_stations.NBV:Station:148606240,nextbike_vn,NBV:Station:148606240,A1 - Landgericht/Universität,,f,,15,,2.0,,https://app.nextbike.net/station?id=148606240,https://app.nextbike.net/station?id=148606240,https://nxtb.it/p/148606240,2026-05-18 18:07:10+02,f,POINT (8.462552 49.484796),2026-05-18 18:08:06+02,8.462552,49.484796
37934480,sharing_stations.NBV:Station:339468,nextbike_vn,NBV:Station:339468,Universität Mensa,10.0,f,,29,,,,https://app.nextbike.net/station?id=339468,https://app.nextbike.net/station?id=339468,https://nxtb.it/p/339468,2026-05-18 18:07:10+02,f,POINT (8.459859 49.484576),2026-05-18 18:08:06+02,8.459859,49.484576
37934510,sharing_stations.NBV:Station:660951,nextbike_vn,NBV:Station:660951,Universität Schloss,10.0,f,,20,,,,https://app.nextbike.net/station?id=660951,https://app.nextbike.net/station?id=660951,https://nxtb.it/p/660951,2026-05-18 18:07:10+02,f,POINT (8.463303 49.48275),2026-05-18 18:08:06+02,8.463303,49.48275
37930578,sharing_stations.NBV:Station:660951,nextbike_vn,NBV:Station:660951,Universität Schloss,10.0,f,,28,,,,https://app.nextbike.net/station?id=660951,https://app.nextbike.net/station?id=660951,https://nxtb.it/p/660951,2026-05-18 17:34:14+02,f,POINT (8.463303 49.48275),2026-05-18 17:35:59+02,8.463303,49.48275
37930586,sharing_stations.NBV:Station:148606240,nextbike_vn,NBV:Station:148606240,A1 - Landgericht/Universität,,f,,19,,2.0,,https://app.nextbike.net/station?id=148606240,https://app.nextbike.net/station?id=148606240,https://nxtb.it/p/148606240,2026-05-18 17:34:14+02,f,POINT (8.462552 49.484796),2026-05-18 17:35:59+02,8.462552,49.484796
37930592,sharing_stations.NBV:Station:339468,nextbike_vn,NBV:Station:339468,Universität Mensa,10.0,f,,30,,,,https://app.nextbike.net/station?id=339468,https://app.nextbike.net/station?id=339468,https://nxtb.it/p/339468,2026-05-18 17:34:14+02,f,POINT (8.459859 49.484576),2026-05-18 17:35:59+02,8.459859,49.484576
37931027,sharing_stations.NBV:Station:7853258,nextbike_vn,NBV:Station:7853258,Universitätsklinik Mannheim,,f,,1,,,,https://app.nextbike.net/station?id=7853258,https://app.nextbike.net/station?id=7853258,https://nxtb.it/p/7853258,2026-05-18 17:34:14+02,f,POINT (8.482906 49.492344),2026-05-18 17:35:59+02,8.482906,49.492344
37931032,sharing_stations.NBV:Station:339475,nextbike_vn,NBV:Station:339475,Hauptbahnhof Mannheim,60.0,f,,20,,,,https://app.nextbike.net/station?id=339475,https://app.nextbike.net/station?id=339475,https://nxtb.it/p/339475,2026-05-18 17:34:14+02,f,POINT (8.469749 49.47996),2026-05-18 17:35:59+02,8.469749,49.47996
37931095,sharing_stations.NBV:Station:364019650,nextbike_vn,NBV:Station:364019650,Lindenhofplatz / HBF Süd,,f,,11,,,,https://app.nextbike.net/station?id=364019650,https://app.nextbike.net/station?id=364019650,https://nxtb.it/p/364019650,2026-05-18 17:34:14+02,f,POINT (8.467814 49.477839),2026-05-18 17:35:59+02,8.467814,49.477839
37926760,sharing_stations.NBV:Station:660951,nextbike_vn,NBV:Station:660951,Universität Schloss,10.0,f,,41,,,,https://app.nextbike.net/station?id=660951,https://app.nextbike.net/station?id=660951,https://nxtb.it/p/660951,2026-05-18 16:58:30+02,f,POINT (8.463303 49.48275),2026-05-18 17:00:09+02,8.463303,49.48275
37926780,sharing_stations.NBV:Station:339468,nextbike_vn,NBV:Station:339468,Universität Mensa,10.0,f,,31,,,,https://app.nextbike.net/station?id=339468,https://app.nextbike.net/station?id=339468,https://nxtb.it/p/339468,2026-05-18 16:58:30+02,f,POINT (8.459859 49.484576),2026-05-18 17:00:09+02,8.459859,49.484576
37926792,sharing_stations.NBV:Station:148606240,nextbike_vn,NBV:Station:148606240,A1 - Landgericht/Universität,,f,,18,,2.0,,https://app.nextbike.net/station?id=148606240,https://app.nextbike.net/station?id=148606240,https://nxtb.it/p/148606240,2026-05-18 16:58:30+02,f,POINT (8.462552 49.484796),2026-05-18 17:00:09+02,8.462552,49.484796
37927122,sharing_stations.NBV:Station:575989610,nextbike_vn,NBV:Station:575989610,THM Mannheim II,,t,,1,,,,https://app.nextbike.net/station?id=575989610,https://app.nextbike.net/station?id=575989610,https://nxtb.it/p/575989610,2026-05-18 16:58:30+02,f,POINT (8.478683 49.472353),2026-05-18 17:00:09+02,8.478683,49.472353
37927197,sharing_stations.NBV:Station:339475,nextbike_vn,NBV:Station:339475,Hauptbahnhof Mannheim,60.0,f,,24,,,,https://app.nextbike.net/station?id=339475,https://app.nextbike.net/station?id=339475,https://nxtb.it/p/339475,2026-05-18 16:58:30+02,f,POINT (8.469749 49.47996),2026-05-18 17:00:09+02,8.469749,49.47996
37927204,sharing_stations.NBV:Station:7853258,nextbike_vn,NBV:Station:7853258,Universitätsklinik Mannheim,,f,,7,,,,https://app.nextbike.net/station?id=7853258,https://app.nextbike.net/station?id=7853258,https://nxtb.it/p/7853258,2026-05-18 16:58:30+02,f,POINT (8.482906 49.492344),2026-05-18 17:00:09+02,8.482906,49.492344
37927251,sharing_stations.NBV:Station:364019650,nextbike_vn,NBV:Station:364019650,Lindenhofplatz / HBF Süd,,f,,13,,,,https://app.nextbike.net/station?id=364019650,https://app.nextbike.net/station?id=364019650,https://nxtb.it/p/364019650,2026-05-18 16:58:30+02,f,POINT (8.467814 49.477839),2026-05-18 17:00:09+02,8.467814,49.477839
37922784,sharing_stations.NBV:Station:660951,nextbike_vn,NBV:Station:660951,Universität Schloss,10.0,f,,54,,,,https://app.nextbike.net/station?id=660951,https://app.nextbike.net/station?id=660951,https://nxtb.it/p/660951,2026-05-18 16:23:54+02,f,POINT (8.463303 49.48275),2026-05-18 16:25:31+02,8.463303,49.48275
37922813,sharing_stations.NBV:Station:339468,nextbike_vn,NBV:Station:339468,Universität Mensa,10.0,f,,31,,,,https://app.nextbike.net/station?id=339468,https://app.nextbike.net/station?id=339468,https://nxtb.it/p/339468,2026-05-18 16:23:54+02,f,POINT (8.459859 49.484576),2026-05-18 16:25:31+02,8.459859,49.484576
37922818,sharing_stations.NBV:Station:148606240,nextbike_vn,NBV:Station:148606240,A1 - Landgericht/Universität,,f,,26,,2.0,,https://app.nextbike.net/station?id=148606240,https://app.nextbike.net/station?id=148606240,https://nxtb.it/p/148606240,2026-05-18 16:23:54+02,f,POINT (8.462552 49.484796),2026-05-18 16:25:31+02,8.462552,49.484796
37923165,sharing_stations.NBV:Station:575989610,nextbike_vn,NBV:Station:575989610,THM Mannheim II,,t,,5,,,,https://app.nextbike.net/station?id=575989610,https://app.nextbike.net/station?id=575989610,https://nxtb.it/p/575989610,2026-05-18 16:23:54+02,f,POINT (8.478683 49.472353),2026-05-18 16:25:31+02,8.478683,49.472353
37923238,sharing_stations.NBV:Station:339475,nextbike_vn,NBV:Station:339475,Hauptbahnhof Mannheim,60.0,f,,16,,,,https://app.nextbike.net/station?id=339475,https://app.nextbike.net/station?id=339475,https://nxtb.it/p/339475,2026-05-18 16:23:54+02,f,POINT (8.469749 49.47996),2026-05-18 16:25:31+02,8.469749,49.47996
37923247,sharing_stations.NBV:Station:7853258,nextbike_vn,NBV:Station:7853258,Universitätsklinik Mannheim,,f,,20,,,,https://app.nextbike.net/station?id=7853258,https://app.nextbike.net/station?id=7853258,https://nxtb.it/p/7853258,2026-05-18 16:23:54+02,f,POINT (8.482906 49.492344),2026-05-18 16:25:31+02,8.482906,49.492344
37923293,sharing_stations.NBV:Station:364019650,nextbike_vn,NBV:Station:364019650,Lindenhofplatz / HBF Süd,,f,,9,,,,https://app.nextbike.net/station?id=364019650,https://app.nextbike.net/station?id=364019650,https://nxtb.it/p/364019650,2026-05-18 16:23:54+02,f,POINT (8.467814 49.477839),2026-05-18 16:25:31+02,8.467814,49.477839
37919306,sharing_stations.NBV:Station:660951,nextbike_vn,NBV:Station:660951,Universität Schloss,10.0,f,,58,,,,https://app.nextbike.net/station?id=660951,https://app.nextbike.net/station?id=660951,https://nxtb.it/p/660951,2026-05-18 15:49:37+02,f,POINT (8.463303 49.48275),2026-05-18 15:51:28+02,8.463303,49.48275
37919313,sharing_stations.NBV:Station:148606240,nextbike_vn,NBV:Station:148606240,A1 - Landgericht/Universität,,f,,24,,2.0,,https://app.nextbike.net/station?id=148606240,https://app.nextbike.net/station?id=148606240,https://nxtb.it/p/148606240,2026-05-18 15:49:37+02,f,POINT (8.462552 49.484796),2026-05-18 15:51:28+02,8.462552,49.484796
37919325,sharing_stations.NBV:Station:339468,nextbike_vn,NBV:Station:339468,Universität Mensa,10.0,f,,33,,,,https://app.nextbike.net/station?id=339468,https://app.nextbike.net/station?id=339468,https://nxtb.it/p/339468,2026-05-18 15:49:37+02,f,POINT (8.459859 49.484576),2026-05-18 15:51:28+02,8.459859,49.484576
37919698,sharing_stations.NBV:Station:575989610,nextbike_vn,NBV:Station:575989610,THM Mannheim II,,t,,4,,,,https://app.nextbike.net/station?id=575989610,https://app.nextbike.net/station?id=575989610,https://nxtb.it/p/575989610,2026-05-18 15:49:37+02,f,POINT (8.478683 49.472353),2026-05-18 15:51:28+02,8.478683,49.472353
37919750,sharing_stations.NBV:Station:339475,nextbike_vn,NBV:Station:339475,Hauptbahnhof Mannheim,60.0,f,,13,,,,https://app.nextbike.net/station?id=339475,https://app.nextbike.net/station?id=339475,https://nxtb.it/p/339475,2026-05-18 15:49:37+02,f,POINT (8.469749 49.47996),2026-05-18 15:51:28+02,8.469749,49.47996
37919755,sharing_stations.NBV:Station:7853258,nextbike_vn,NBV:Station:7853258,Universitätsklinik Mannheim,,f,,26,,,,https://app.nextbike.net/station?id=7853258,https://app.nextbike.net/station?id=7853258,https://nxtb.it/p/7853258,2026-05-18 15:49:37+02,f,POINT (8.482906 49.492344),2026-05-18 15:51:28+02,8.482906,49.492344
37919787,sharing_stations.NBV:Station:339478,nextbike_vn,NBV:Station:339478,Technische Hochschule Mannheim,10.0,f,,4,,,,https://app.nextbike.net/station?id=339478,https://app.nextbike.net/station?id=339478,https://nxtb.it/p/339478,2026-05-18 15:49:37+02,f,POINT (8.482255 49.470261),2026-05-18 15:51:28+02,8.482255,49.470261
37919811,sharing_stations.NBV:Station:364019650,nextbike_vn,NBV:Station:364019650,Lindenhofplatz / HBF Süd,,f,,10,,,,https://app.nextbike.net/station?id=364019650,https://app.nextbike.net/station?id=364019650,https://nxtb.it/p/364019650,2026-05-18 15:49:37+02,f,POINT (8.467814 49.477839),2026-05-18 15:51:28+02,8.467814,49.477839
37915611,sharing_stations.NBV:Station:575989610,nextbike_vn,NBV:Station:575989610,THM Mannheim II,,t,,5,,,,https://app.nextbike.net/station?id=575989610,https://app.nextbike.net/station?id=575989610,https://nxtb.it/p/575989610,2026-05-18 15:15:56+02,f,POINT (8.478683 49.472353),2026-05-18 15:17:33+02,8.478683,49.472353
37915674,sharing_stations.NBV:Station:7853258,nextbike_vn,NBV:Station:7853258,Universitätsklinik Mannheim,,f,,28,,,,https://app.nextbike.net/station?id=7853258,https://app.nextbike.net/station?id=7853258,https://nxtb.it/p/7853258,2026-05-18 15:15:56+02,f,POINT (8.482906 49.492344),2026-05-18 15:17:33+02,8.482906,49.492344
37915677,sharing_stations.NBV:Station:339475,nextbike_vn,NBV:Station:339475,Hauptbahnhof Mannheim,60.0,f,,7,,,,https://app.nextbike.net/station?id=339475,https://app.nextbike.net/station?id=339475,https://nxtb.it/p/339475,2026-05-18 15:15:56+02,f,POINT (8.469749 49.47996),2026-05-18 15:17:33+02,8.469749,49.47996
37915690,sharing_stations.NBV:Station:339478,nextbike_vn,NBV:Station:339478,Technische Hochschule Mannheim,10.0,f,,7,,,,https://app.nextbike.net/station?id=339478,https://app.nextbike.net/station?id=339478,https://nxtb.it/p/339478,2026-05-18 15:15:56+02,f,POINT (8.482255 49.470261),2026-05-18 15:17:33+02,8.482255,49.470261
37915718,sharing_stations.NBV:Station:364019650,nextbike_vn,NBV:Station:364019650,Lindenhofplatz / HBF Süd,,f,,8,,,,https://app.nextbike.net/station?id=364019650,https://app.nextbike.net/station?id=364019650,https://nxtb.it/p/364019650,2026-05-18 15:15:56+02,f,POINT (8.467814 49.477839),2026-05-18 15:17:33+02,8.467814,49.477839
37915937,sharing_stations.NBV:Station:660951,nextbike_vn,NBV:Station:660951,Universität Schloss,10.0,f,,61,,,,https://app.nextbike.net/station?id=660951,https://app.nextbike.net/station?id=660951,https://nxtb.it/p/660951,2026-05-18 15:15:56+02,f,POINT (8.463303 49.48275),2026-05-18 15:17:33+02,8.463303,49.48275
37915956,sharing_stations.NBV:Station:339468,nextbike_vn,NBV:Station:339468,Universität Mensa,10.0,f,,31,,,,https://app.nextbike.net/station?id=339468,https://app.nextbike.net/station?id=339468,https://nxtb.it/p/339468,2026-05-18 15:15:56+02,f,POINT (8.459859 49.484576),2026-05-18 15:17:33+02,8.459859,49.484576
37915973,sharing_stations.NBV:Station:148606240,nextbike_vn,NBV:Station:148606240,A1 - Landgericht/Universität,,f,,28,,2.0,,https://app.nextbike.net/station?id=148606240,https://app.nextbike.net/station?id=148606240,https://nxtb.it/p/148606240,2026-05-18 15:15:56+02,f,POINT (8.462552 49.484796),2026-05-18 15:17:33+02,8.462552,49.484796
37912086,sharing_stations.NBV:Station:339475,nextbike_vn,NBV:Station:339475,Hauptbahnhof Mannheim,60.0,f,,9,,,,https://app.nextbike.net/station?id=339475,https://app.nextbike.net/station?id=339475,https://nxtb.it/p/339475,2026-05-18 14:42:51+02,f,POINT (8.469749 49.47996),2026-05-18 14:45:20+02,8.469749,49.47996
37912091,sharing_stations.NBV:Station:7853258,nextbike_vn,NBV:Station:7853258,Universitätsklinik Mannheim,,f,,32,,,,https://app.nextbike.net/station?id=7853258,https://app.nextbike.net/station?id=7853258,https://nxtb.it/p/7853258,2026-05-18 14:42:51+02,f,POINT (8.482906 49.492344),2026-05-18 14:45:20+02,8.482906,49.492344
37912159,sharing_stations.NBV:Station:364019650,nextbike_vn,NBV:Station:364019650,Lindenhofplatz / HBF Süd,,f,,8,,,,https://app.nextbike.net/station?id=364019650,https://app.nextbike.net/station?id=364019650,https://nxtb.it/p/364019650,2026-05-18 14:42:51+02,f,POINT (8.467814 49.477839),2026-05-18 14:45:20+02,8.467814,49.477839
37912177,sharing_stations.NBV:Station:339478,nextbike_vn,NBV:Station:339478,Technische Hochschule Mannheim,10.0,f,,9,,,,https://app.nextbike.net/station?id=339478,https://app.nextbike.net/station?id=339478,https://nxtb.it/p/339478,2026-05-18 14:42:51+02,f,POINT (8.482255 49.470261),2026-05-18 14:45:20+02,8.482255,49.470261
37912280,sharing_stations.NBV:Station:575989610,nextbike_vn,NBV:Station:575989610,THM Mannheim II,,t,,2,,,,https://app.nextbike.net/station?id=575989610,https://app.nextbike.net/station?id=575989610,https://nxtb.it/p/575989610,2026-05-18 14:42:51+02,f,POINT (8.478683 49.472353),2026-05-18 14:45:20+02,8.478683,49.472353
37912558,sharing_stations.NBV:Station:660951,nextbike_vn,NBV:Station:660951,Universität Schloss,10.0,f,,63,,,,https://app.nextbike.net/station?id=660951,https://app.nextbike.net/station?id=660951,https://nxtb.it/p/660951,2026-05-18 14:42:51+02,f,POINT (8.463303 49.48275),2026-05-18 14:45:20+02,8.463303,49.48275
37912616,sharing_stations.NBV:Station:148606240,nextbike_vn,NBV:Station:148606240,A1 - Landgericht/Universität,,f,,28,,2.0,,https://app.nextbike.net/station?id=148606240,https://app.nextbike.net/station?id=148606240,https://nxtb.it/p/148606240,2026-05-18 14:42:51+02,f,POINT (8.462552 49.484796),2026-05-18 14:45:20+02,8.462552,49.484796
37912629,sharing_stations.NBV:Station:339468,nextbike_vn,NBV:Station:339468,Universität Mensa,10.0,f,,33,,,,https://app.nextbike.net/station?id=339468,https://app.nextbike.net/station?id=339468,https://nxtb.it/p/339468,2026-05-18 14:42:51+02,f,POINT (8.459859 49.484576),2026-05-18 14:45:20+02,8.459859,49.484576
37908990,sharing_stations.NBV:Station:148606240,nextbike_vn,NBV:Station:148606240,A1 - Landgericht/Universität,,f,,31,,2.0,,https://app.nextbike.net/station?id=148606240,https://app.nextbike.net/station?id=148606240,https://nxtb.it/p/148606240,2026-05-18 14:10:20+02,f,POINT (8.462552 49.484796),2026-05-18 14:11:22+02,8.462552,49.484796
37909003,sharing_stations.NBV:Station:339468,nextbike_vn,NBV:Station:339468,Universität Mensa,10.0,f,,35,,,,https://app.nextbike.net/station?id=339468,https://app.nextbike.net/station?id=339468,https://nxtb.it/p/339468,2026-05-18 14:10:20+02,f,POINT (8.459859 49.484576),2026-05-18 14:11:22+02,8.459859,49.484576
37909062,sharing_stations.NBV:Station:660951,nextbike_vn,NBV:Station:660951,Universität Schloss,10.0,f,,67,,,,https://app.nextbike.net/station?id=660951,https://app.nextbike.net/station?id=660951,https://nxtb.it/p/660951,2026-05-18 14:10:20+02,f,POINT (8.463303 49.48275),2026-05-18 14:11:22+02,8.463303,49.48275
37909336,sharing_stations.NBV:Station:575989610,nextbike_vn,NBV:Station:575989610,THM Mannheim II,,t,,6,,,,https://app.nextbike.net/station?id=575989610,https://app.nextbike.net/station?id=575989610,https://nxtb.it/p/575989610,2026-05-18 14:10:20+02,f,POINT (8.478683 49.472353),2026-05-18 14:11:22+02,8.478683,49.472353
37909429,sharing_stations.NBV:Station:339478,nextbike_vn,NBV:Station:339478,Technische Hochschule Mannheim,10.0,f,,12,,,,https://app.nextbike.net/station?id=339478,https://app.nextbike.net/station?id=339478,https://nxtb.it/p/339478,2026-05-18 14:10:20+02,f,POINT (8.482255 49.470261),2026-05-18 14:11:22+02,8.482255,49.470261
37909464,sharing_stations.NBV:Station:364019650,nextbike_vn,NBV:Station:364019650,Lindenhofplatz / HBF Süd,,f,,5,,,,https://app.nextbike.net/station?id=364019650,https://app.nextbike.net/station?id=364019650,https://nxtb.it/p/364019650,2026-05-18 14:10:20+02,f,POINT (8.467814 49.477839),2026-05-18 14:11:22+02,8.467814,49.477839
37909486,sharing_stations.NBV:Station:339475,nextbike_vn,NBV:Station:339475,Hauptbahnhof Mannheim,60.0,f,,7,,,,https://app.nextbike.net/station?id=339475,https://app.nextbike.net/station?id=339475,https://nxtb.it/p/339475,2026-05-18 14:10:20+02,f,POINT (8.469749 49.47996),2026-05-18 14:11:22+02,8.469749,49.47996
37909494,sharing_stations.NBV:Station:7853258,nextbike_vn,NBV:Station:7853258,Universitätsklinik Mannheim,,f,,35,,,,https://app.nextbike.net/station?id=7853258,https://app.nextbike.net/station?id=7853258,https://nxtb.it/p/7853258,2026-05-18 14:10:20+02,f,POINT (8.482906 49.492344),2026-05-18 14:11:22+02,8.482906,49.492344
37905040,sharing_stations.NBV:Station:364019650,nextbike_vn,NBV:Station:364019650,Lindenhofplatz / HBF Süd,,f,,5,,,,https://app.nextbike.net/station?id=364019650,https://app.nextbike.net/station?id=364019650,https://nxtb.it/p/364019650,2026-05-18 13:35:42+02,f,POINT (8.467814 49.477839),2026-05-18 13:37:48+02,8.467814,49.477839
37905074,sharing_stations.NBV:Station:339478,nextbike_vn,NBV:Station:339478,Technische Hochschule Mannheim,10.0,f,,16,,,,https://app.nextbike.net/station?id=339478,https://app.nextbike.net/station?id=339478,https://nxtb.it/p/339478,2026-05-18 13:35:42+02,f,POINT (8.482255 49.470261),2026-05-18 13:37:48+02,8.482255,49.470261
37905086,sharing_stations.NBV:Station:7853258,nextbike_vn,NBV:Station:7853258,Universitätsklinik Mannheim,,f,,34,,,,https://app.nextbike.net/station?id=7853258,https://app.nextbike.net/station?id=7853258,https://nxtb.it/p/7853258,2026-05-18 13:35:42+02,f,POINT (8.482906 49.492344),2026-05-18 13:37:48+02,8.482906,49.492344
37905090,sharing_stations.NBV:Station:339475,nextbike_vn,NBV:Station:339475,Hauptbahnhof Mannheim,60.0,f,,7,,,,https://app.nextbike.net/station?id=339475,https://app.nextbike.net/station?id=339475,https://nxtb.it/p/339475,2026-05-18 13:35:42+02,f,POINT (8.469749 49.47996),2026-05-18 13:37:48+02,8.469749,49.47996
37905164,sharing_stations.NBV:Station:575989610,nextbike_vn,NBV:Station:575989610,THM Mannheim II,,t,,7,,,,https://app.nextbike.net/station?id=575989610,https://app.nextbike.net/station?id=575989610,https://nxtb.it/p/575989610,2026-05-18 13:35:42+02,f,POINT (8.478683 49.472353),2026-05-18 13:37:48+02,8.478683,49.472353
37905527,sharing_stations.NBV:Station:148606240,nextbike_vn,NBV:Station:148606240,A1 - Landgericht/Universität,,f,,29,,2.0,,https://app.nextbike.net/station?id=148606240,https://app.nextbike.net/station?id=148606240,https://nxtb.it/p/148606240,2026-05-18 13:35:42+02,f,POINT (8.462552 49.484796),2026-05-18 13:37:48+02,8.462552,49.484796
37905534,sharing_stations.NBV:Station:339468,nextbike_vn,NBV:Station:339468,Universität Mensa,10.0,f,,33,,,,https://app.nextbike.net/station?id=339468,https://app.nextbike.net/station?id=339468,https://nxtb.it/p/339468,2026-05-18 13:35:42+02,f,POINT (8.459859 49.484576),2026-05-18 13:37:48+02,8.459859,49.484576
37905560,sharing_stations.NBV:Station:660951,nextbike_vn,NBV:Station:660951,Universität Schloss,10.0,f,,67,,,,https://app.nextbike.net/station?id=660951,https://app.nextbike.net/station?id=660951,https://nxtb.it/p/660951,2026-05-18 13:35:42+02,f,POINT (8.463303 49.48275),2026-05-18 13:37:48+02,8.463303,49.48275
37901784,sharing_stations.NBV:Station:575989610,nextbike_vn,NBV:Station:575989610,THM Mannheim II,,t,,5,,,,https://app.nextbike.net/station?id=575989610,https://app.nextbike.net/station?id=575989610,https://nxtb.it/p/575989610,2026-05-18 13:01:33+02,f,POINT (8.478683 49.472353),2026-05-18 13:03:44+02,8.478683,49.472353
37901797,sharing_stations.NBV:Station:7853258,nextbike_vn,NBV:Station:7853258,Universitätsklinik Mannheim,,f,,32,,,,https://app.nextbike.net/station?id=7853258,https://app.nextbike.net/station?id=7853258,https://nxtb.it/p/7853258,2026-05-18 13:01:33+02,f,POINT (8.482906 49.492344),2026-05-18 13:03:44+02,8.482906,49.492344
37901799,sharing_stations.NBV:Station:339475,nextbike_vn,NBV:Station:339475,Hauptbahnhof Mannheim,60.0,f,,8,,,,https://app.nextbike.net/station?id=339475,https://app.nextbike.net/station?id=339475,https://nxtb.it/p/339475,2026-05-18 13:01:33+02,f,POINT (8.469749 49.47996),2026-05-18 13:03:44+02,8.469749,49.47996
37901843,sharing_stations.NBV:Station:364019650,nextbike_vn,NBV:Station:364019650,Lindenhofplatz / HBF Süd,,f,,3,,,,https://app.nextbike.net/station?id=364019650,https://app.nextbike.net/station?id=364019650,https://nxtb.it/p/364019650,2026-05-18 13:01:33+02,f,POINT (8.467814 49.477839),2026-05-18 13:03:44+02,8.467814,49.477839
37901870,sharing_stations.NBV:Station:339478,nextbike_vn,NBV:Station:339478,Technische Hochschule Mannheim,10.0,f,,21,,,,https://app.nextbike.net/station?id=339478,https://app.nextbike.net/station?id=339478,https://nxtb.it/p/339478,2026-05-18 13:01:33+02,f,POINT (8.482255 49.470261),2026-05-18 13:03:44+02,8.482255,49.470261
37902075,sharing_stations.NBV:Station:660951,nextbike_vn,NBV:Station:660951,Universität Schloss,10.0,f,,62,,,,https://app.nextbike.net/station?id=660951,https://app.nextbike.net/station?id=660951,https://nxtb.it/p/660951,2026-05-18 13:01:33+02,f,POINT (8.463303 49.48275),2026-05-18 13:03:44+02,8.463303,49.48275
37902118,sharing_stations.NBV:Station:148606240,nextbike_vn,NBV:Station:148606240,A1 - Landgericht/Universität,,f,,29,,2.0,,https://app.nextbike.net/station?id=148606240,https://app.nextbike.net/station?id=148606240,https://nxtb.it/p/148606240,2026-05-18 13:01:33+02,f,POINT (8.462552 49.484796),2026-05-18 13:03:44+02,8.462552,49.484796
37902131,sharing_stations.NBV:Station:339468,nextbike_vn,NBV:Station:339468,Universität Mensa,10.0,f,,25,,,,https://app.nextbike.net/station?id=339468,https://app.nextbike.net/station?id=339468,https://nxtb.it/p/339468,2026-05-18 13:01:33+02,f,POINT (8.459859 49.484576),2026-05-18 13:03:44+02,8.459859,49.484576
37897663,sharing_stations.NBV:Station:148606240,nextbike_vn,NBV:Station:148606240,A1 - Landgericht/Universität,,f,,26,,2.0,,https://app.nextbike.net/station?id=148606240,https://app.nextbike.net/station?id=148606240,https://nxtb.it/p/148606240,2026-05-18 12:28:05+02,f,POINT (8.462552 49.484796),2026-05-18 12:30:03+02,8.462552,49.484796
37897671,sharing_stations.NBV:Station:339468,nextbike_vn,NBV:Station:339468,Universität Mensa,10.0,f,,19,,,,https://app.nextbike.net/station?id=339468,https://app.nextbike.net/station?id=339468,https://nxtb.it/p/339468,2026-05-18 12:28:05+02,f,POINT (8.459859 49.484576),2026-05-18 12:30:03+02,8.459859,49.484576
37897692,sharing_stations.NBV:Station:660951,nextbike_vn,NBV:Station:660951,Universität Schloss,10.0,f,,66,,,,https://app.nextbike.net/station?id=660951,https://app.nextbike.net/station?id=660951,https://nxtb.it/p/660951,2026-05-18 12:28:05+02,f,POINT (8.463303 49.48275),2026-05-18 12:30:03+02,8.463303,49.48275
37898024,sharing_stations.NBV:Station:575989610,nextbike_vn,NBV:Station:575989610,THM Mannheim II,,t,,7,,,,https://app.nextbike.net/station?id=575989610,https://app.nextbike.net/station?id=575989610,https://nxtb.it/p/575989610,2026-05-18 12:28:05+02,f,POINT (8.478683 49.472353),2026-05-18 12:30:03+02,8.478683,49.472353
37898100,sharing_stations.NBV:Station:364019650,nextbike_vn,NBV:Station:364019650,Lindenhofplatz / HBF Süd,,f,,1,,,,https://app.nextbike.net/station?id=364019650,https://app.nextbike.net/station?id=364019650,https://nxtb.it/p/364019650,2026-05-18 12:28:05+02,f,POINT (8.467814 49.477839),2026-05-18 12:30:03+02,8.467814,49.477839
37898125,sharing_stations.NBV:Station:339478,nextbike_vn,NBV:Station:339478,Technische Hochschule Mannheim,10.0,f,,25,,,,https://app.nextbike.net/station?id=339478,https://app.nextbike.net/station?id=339478,https://nxtb.it/p/339478,2026-05-18 12:28:05+02,f,POINT (8.482255 49.470261),2026-05-18 12:30:03+02,8.482255,49.470261
37898140,sharing_stations.NBV:Station:339475,nextbike_vn,NBV:Station:339475,Hauptbahnhof Mannheim,60.0,f,,9,,,,https://app.nextbike.net/station?id=339475,https://app.nextbike.net/station?id=339475,https://nxtb.it/p/339475,2026-05-18 12:28:05+02,f,POINT (8.469749 49.47996),2026-05-18 12:30:03+02,8.469749,49.47996
37898145,sharing_stations.NBV:Station:7853258,nextbike_vn,NBV:Station:7853258,Universitätsklinik Mannheim,,f,,30,,,,https://app.nextbike.net/station?id=7853258,https://app.nextbike.net/station?id=7853258,https://nxtb.it/p/7853258,2026-05-18 12:28:05+02,f,POINT (8.482906 49.492344),2026-05-18 12:30:03+02,8.482906,49.492344
37894437,sharing_stations.NBV:Station:339468,nextbike_vn,NBV:Station:339468,Universität Mensa,10.0,f,,16,,,,https://app.nextbike.net/station?id=339468,https://app.nextbike.net/station?id=339468,https://nxtb.it/p/339468,2026-05-18 11:55:47+02,f,POINT (8.459859 49.484576),2026-05-18 11:57:07+02,8.459859,49.484576
37894447,sharing_stations.NBV:Station:148606240,nextbike_vn,NBV:Station:148606240,A1 - Landgericht/Universität,,f,,25,,2.0,,https://app.nextbike.net/station?id=148606240,https://app.nextbike.net/station?id=148606240,https://nxtb.it/p/148606240,2026-05-18 11:55:47+02,f,POINT (8.462552 49.484796),2026-05-18 11:57:07+02,8.462552,49.484796
37894455,sharing_stations.NBV:Station:660951,nextbike_vn,NBV:Station:660951,Universität Schloss,10.0,f,,69,,,,https://app.nextbike.net/station?id=660951,https://app.nextbike.net/station?id=660951,https://nxtb.it/p/660951,2026-05-18 11:55:47+02,f,POINT (8.463303 49.48275),2026-05-18 11:57:07+02,8.463303,49.48275
37894795,sharing_stations.NBV:Station:575989610,nextbike_vn,NBV:Station:575989610,THM Mannheim II,,t,,5,,,,https://app.nextbike.net/station?id=575989610,https://app.nextbike.net/station?id=575989610,https://nxtb.it/p/575989610,2026-05-18 11:55:47+02,f,POINT (8.478683 49.472353),2026-05-18 11:57:07+02,8.478683,49.472353
37894855,sharing_stations.NBV:Station:364019650,nextbike_vn,NBV:Station:364019650,Lindenhofplatz / HBF Süd,,f,,3,,,,https://app.nextbike.net/station?id=364019650,https://app.nextbike.net/station?id=364019650,https://nxtb.it/p/364019650,2026-05-18 11:55:47+02,f,POINT (8.467814 49.477839),2026-05-18 11:57:07+02,8.467814,49.477839
37894884,sharing_stations.NBV:Station:339478,nextbike_vn,NBV:Station:339478,Technische Hochschule Mannheim,10.0,f,,26,,,,https://app.nextbike.net/station?id=339478,https://app.nextbike.net/station?id=339478,https://nxtb.it/p/339478,2026-05-18 11:55:47+02,f,POINT (8.482255 49.470261),2026-05-18 11:57:07+02,8.482255,49.470261
37894917,sharing_stations.NBV:Station:7853258,nextbike_vn,NBV:Station:7853258,Universitätsklinik Mannheim,,f,,27,,,,https://app.nextbike.net/station?id=7853258,https://app.nextbike.net/station?id=7853258,https://nxtb.it/p/7853258,2026-05-18 11:55:47+02,f,POINT (8.482906 49.492344),2026-05-18 11:57:07+02,8.482906,49.492344
37894921,sharing_stations.NBV:Station:339475,nextbike_vn,NBV:Station:339475,Hauptbahnhof Mannheim,60.0,f,,4,,,,https://app.nextbike.net/station?id=339475,https://app.nextbike.net/station?id=339475,https://nxtb.it/p/339475,2026-05-18 11:55:47+02,f,POINT (8.469749 49.47996),2026-05-18 11:57:07+02,8.469749,49.47996
37890847,sharing_stations.NBV:Station:660951,nextbike_vn,NBV:Station:660951,Universität Schloss,10.0,f,,75,,,,https://app.nextbike.net/station?id=660951,https://app.nextbike.net/station?id=660951,https://nxtb.it/p/660951,2026-05-18 11:22:19+02,f,POINT (8.463303 49.48275),2026-05-18 11:23:47+02,8.463303,49.48275
37890901,sharing_stations.NBV:Station:339468,nextbike_vn,NBV:Station:339468,Universität Mensa,10.0,f,,9,,,,https://app.nextbike.net/station?id=339468,https://app.nextbike.net/station?id=339468,https://nxtb.it/p/339468,2026-05-18 11:22:19+02,f,POINT (8.459859 49.484576),2026-05-18 11:23:47+02,8.459859,49.484576
37890913,sharing_stations.NBV:Station:148606240,nextbike_vn,NBV:Station:148606240,A1 - Landgericht/Universität,,f,,24,,2.0,,https://app.nextbike.net/station?id=148606240,https://app.nextbike.net/station?id=148606240,https://nxtb.it/p/148606240,2026-05-18 11:22:19+02,f,POINT (8.462552 49.484796),2026-05-18 11:23:47+02,8.462552,49.484796
37891284,sharing_stations.NBV:Station:575989610,nextbike_vn,NBV:Station:575989610,THM Mannheim II,,t,,6,,,,https://app.nextbike.net/station?id=575989610,https://app.nextbike.net/station?id=575989610,https://nxtb.it/p/575989610,2026-05-18 11:22:19+02,f,POINT (8.478683 49.472353),2026-05-18 11:23:47+02,8.478683,49.472353
37891308,sharing_stations.NBV:Station:7853258,nextbike_vn,NBV:Station:7853258,Universitätsklinik Mannheim,,f,,27,,,,https://app.nextbike.net/station?id=7853258,https://app.nextbike.net/station?id=7853258,https://nxtb.it/p/7853258,2026-05-18 11:22:19+02,f,POINT (8.482906 49.492344),2026-05-18 11:23:47+02,8.482906,49.492344
37891309,sharing_stations.NBV:Station:339475,nextbike_vn,NBV:Station:339475,Hauptbahnhof Mannheim,60.0,f,,3,,,,https://app.nextbike.net/station?id=339475,https://app.nextbike.net/station?id=339475,https://nxtb.it/p/339475,2026-05-18 11:22:19+02,f,POINT (8.469749 49.47996),2026-05-18 11:23:47+02,8.469749,49.47996
37891335,sharing_stations.NBV:Station:364019650,nextbike_vn,NBV:Station:364019650,Lindenhofplatz / HBF Süd,,f,,0,,,,https://app.nextbike.net/station?id=364019650,https://app.nextbike.net/station?id=364019650,https://nxtb.it/p/364019650,2026-05-18 11:22:19+02,f,POINT (8.467814 49.477839),2026-05-18 11:23:47+02,8.467814,49.477839
37891367,sharing_stations.NBV:Station:339478,nextbike_vn,NBV:Station:339478,Technische Hochschule Mannheim,10.0,f,,24,,,,https://app.nextbike.net/station?id=339478,https://app.nextbike.net/station?id=339478,https://nxtb.it/p/339478,2026-05-18 11:22:19+02,f,POINT (8.482255 49.470261),2026-05-18 11:23:47+02,8.482255,49.470261
37887680,sharing_stations.NBV:Station:660951,nextbike_vn,NBV:Station:660951,Universität Schloss,10.0,f,,75,,,,https://app.nextbike.net/station?id=660951,https://app.nextbike.net/station?id=660951,https://nxtb.it/p/660951,2026-05-18 10:49:12+02,f,POINT (8.463303 49.48275),2026-05-18 10:50:06+02,8.463303,49.48275
37887754,sharing_stations.NBV:Station:339468,nextbike_vn,NBV:Station:339468,Universität Mensa,10.0,f,,8,,,,https://app.nextbike.net/station?id=339468,https://app.nextbike.net/station?id=339468,https://nxtb.it/p/339468,2026-05-18 10:49:12+02,f,POINT (8.459859 49.484576),2026-05-18 10:50:06+02,8.459859,49.484576
37887766,sharing_stations.NBV:Station:148606240,nextbike_vn,NBV:Station:148606240,A1 - Landgericht/Universität,,f,,28,,2.0,,https://app.nextbike.net/station?id=148606240,https://app.nextbike.net/station?id=148606240,https://nxtb.it/p/148606240,2026-05-18 10:49:12+02,f,POINT (8.462552 49.484796),2026-05-18 10:50:06+02,8.462552,49.484796
37887957,sharing_stations.NBV:Station:339475,nextbike_vn,NBV:Station:339475,Hauptbahnhof Mannheim,60.0,f,,3,,,,https://app.nextbike.net/station?id=339475,https://app.nextbike.net/station?id=339475,https://nxtb.it/p/339475,2026-05-18 10:49:12+02,f,POINT (8.469749 49.47996),2026-05-18 10:50:06+02,8.469749,49.47996
37887962,sharing_stations.NBV:Station:7853258,nextbike_vn,NBV:Station:7853258,Universitätsklinik Mannheim,,f,,29,,,,https://app.nextbike.net/station?id=7853258,https://app.nextbike.net/station?id=7853258,https://nxtb.it/p/7853258,2026-05-18 10:49:12+02,f,POINT (8.482906 49.492344),2026-05-18 10:50:06+02,8.482906,49.492344
37888001,sharing_stations.NBV:Station:364019650,nextbike_vn,NBV:Station:364019650,Lindenhofplatz / HBF Süd,,f,,2,,,,https://app.nextbike.net/station?id=364019650,https://app.nextbike.net/station?id=364019650,https://nxtb.it/p/364019650,2026-05-18 10:49:12+02,f,POINT (8.467814 49.477839),2026-05-18 10:50:06+02,8.467814,49.477839
37888024,sharing_stations.NBV:Station:339478,nextbike_vn,NBV:Station:339478,Technische Hochschule Mannheim,10.0,f,,23,,,,https://app.nextbike.net/station?id=339478,https://app.nextbike.net/station?id=339478,https://nxtb.it/p/339478,2026-05-18 10:49:12+02,f,POINT (8.482255 49.470261),2026-05-18 10:50:06+02,8.482255,49.470261
37888120,sharing_stations.NBV:Station:575989610,nextbike_vn,NBV:Station:575989610,THM Mannheim II,,t,,6,,,,https://app.nextbike.net/station?id=575989610,https://app.nextbike.net/station?id=575989610,https://nxtb.it/p/575989610,2026-05-18 10:49:12+02,f,POINT (8.478683 49.472353),2026-05-18 10:50:06+02,8.478683,49.472353
37883799,sharing_stations.NBV:Station:575989610,nextbike_vn,NBV:Station:575989610,THM Mannheim II,,t,,6,,,,https://app.nextbike.net/station?id=575989610,https://app.nextbike.net/station?id=575989610,https://nxtb.it/p/575989610,2026-05-18 10:13:57+02,f,POINT (8.478683 49.472353),2026-05-18 10:16:04+02,8.478683,49.472353
37883883,sharing_stations.NBV:Station:339478,nextbike_vn,NBV:Station:339478,Technische Hochschule Mannheim,10.0,f,,24,,,,https://app.nextbike.net/station?id=339478,https://app.nextbike.net/station?id=339478,https://nxtb.it/p/339478,2026-05-18 10:13:57+02,f,POINT (8.482255 49.470261),2026-05-18 10:16:04+02,8.482255,49.470261
37883974,sharing_stations.NBV:Station:7853258,nextbike_vn,NBV:Station:7853258,Universitätsklinik Mannheim,,f,,30,,,,https://app.nextbike.net/station?id=7853258,https://app.nextbike.net/station?id=7853258,https://nxtb.it/p/7853258,2026-05-18 10:13:57+02,f,POINT (8.482906 49.492344),2026-05-18 10:16:04+02,8.482906,49.492344
37883975,sharing_stations.NBV:Station:339475,nextbike_vn,NBV:Station:339475,Hauptbahnhof Mannheim,60.0,f,,6,,,,https://app.nextbike.net/station?id=339475,https://app.nextbike.net/station?id=339475,https://nxtb.it/p/339475,2026-05-18 10:13:57+02,f,POINT (8.469749 49.47996),2026-05-18 10:16:04+02,8.469749,49.47996
37884164,sharing_stations.NBV:Station:339468,nextbike_vn,NBV:Station:339468,Universität Mensa,10.0,f,,7,,,,https://app.nextbike.net/station?id=339468,https://app.nextbike.net/station?id=339468,https://nxtb.it/p/339468,2026-05-18 10:13:57+02,f,POINT (8.459859 49.484576),2026-05-18 10:16:04+02,8.459859,49.484576
37884174,sharing_stations.NBV:Station:148606240,nextbike_vn,NBV:Station:148606240,A1 - Landgericht/Universität,,f,,30,,2.0,,https://app.nextbike.net/station?id=148606240,https://app.nextbike.net/station?id=148606240,https://nxtb.it/p/148606240,2026-05-18 10:13:57+02,f,POINT (8.462552 49.484796),2026-05-18 10:16:04+02,8.462552,49.484796
37884228,sharing_stations.NBV:Station:660951,nextbike_vn,NBV:Station:660951,Universität Schloss,10.0,f,,65,,,,https://app.nextbike.net/station?id=660951,https://app.nextbike.net/station?id=660951,https://nxtb.it/p/660951,2026-05-18 10:13:57+02,f,POINT (8.463303 49.48275),2026-05-18 10:16:04+02,8.463303,49.48275
37880403,sharing_stations.NBV:Station:148606240,nextbike_vn,NBV:Station:148606240,A1 - Landgericht/Universität,,f,,28,,2.0,,https://app.nextbike.net/station?id=148606240,https://app.nextbike.net/station?id=148606240,https://nxtb.it/p/148606240,2026-05-18 09:39:53+02,f,POINT (8.462552 49.484796),2026-05-18 09:41:42+02,8.462552,49.484796
37880415,sharing_stations.NBV:Station:339468,nextbike_vn,NBV:Station:339468,Universität Mensa,10.0,f,,7,,,,https://app.nextbike.net/station?id=339468,https://app.nextbike.net/station?id=339468,https://nxtb.it/p/339468,2026-05-18 09:39:53+02,f,POINT (8.459859 49.484576),2026-05-18 09:41:42+02,8.459859,49.484576
37880448,sharing_stations.NBV:Station:660951,nextbike_vn,NBV:Station:660951,Universität Schloss,10.0,f,,56,,,,https://app.nextbike.net/station?id=660951,https://app.nextbike.net/station?id=660951,https://nxtb.it/p/660951,2026-05-18 09:39:53+02,f,POINT (8.463303 49.48275),2026-05-18 09:41:42+02,8.463303,49.48275
37880792,sharing_stations.NBV:Station:575989610,nextbike_vn,NBV:Station:575989610,THM Mannheim II,,t,,5,,,,https://app.nextbike.net/station?id=575989610,https://app.nextbike.net/station?id=575989610,https://nxtb.it/p/575989610,2026-05-18 09:39:53+02,f,POINT (8.478683 49.472353),2026-05-18 09:41:42+02,8.478683,49.472353
37880862,sharing_stations.NBV:Station:364019650,nextbike_vn,NBV:Station:364019650,Lindenhofplatz / HBF Süd,,f,,1,,,,https://app.nextbike.net/station?id=364019650,https://app.nextbike.net/station?id=364019650,https://nxtb.it/p/364019650,2026-05-18 09:39:53+02,f,POINT (8.467814 49.477839),2026-05-18 09:41:42+02,8.467814,49.477839
37880897,sharing_stations.NBV:Station:339478,nextbike_vn,NBV:Station:339478,Technische Hochschule Mannheim,10.0,f,,19,,,,https://app.nextbike.net/station?id=339478,https://app.nextbike.net/station?id=339478,https://nxtb.it/p/339478,2026-05-18 09:39:53+02,f,POINT (8.482255 49.470261),2026-05-18 09:41:42+02,8.482255,49.470261
37880908,sharing_stations.NBV:Station:7853258,nextbike_vn,NBV:Station:7853258,Universitätsklinik Mannheim,,f,,27,,,,https://app.nextbike.net/station?id=7853258,https://app.nextbike.net/station?id=7853258,https://nxtb.it/p/7853258,2026-05-18 09:39:53+02,f,POINT (8.482906 49.492344),2026-05-18 09:41:42+02,8.482906,49.492344
37880909,sharing_stations.NBV:Station:339475,nextbike_vn,NBV:Station:339475,Hauptbahnhof Mannheim,60.0,f,,4,,,,https://app.nextbike.net/station?id=339475,https://app.nextbike.net/station?id=339475,https://nxtb.it/p/339475,2026-05-18 09:39:53+02,f,POINT (8.469749 49.47996),2026-05-18 09:41:42+02,8.469749,49.47996
37877281,sharing_stations.NBV:Station:7853258,nextbike_vn,NBV:Station:7853258,Universitätsklinik Mannheim,,f,,29,,,,https://app.nextbike.net/station?id=7853258,https://app.nextbike.net/station?id=7853258,https://nxtb.it/p/7853258,2026-05-18 09:06:17+02,f,POINT (8.482906 49.492344),2026-05-18 09:08:42+02,8.482906,49.492344
37877282,sharing_stations.NBV:Station:339475,nextbike_vn,NBV:Station:339475,Hauptbahnhof Mannheim,60.0,f,,8,,,,https://app.nextbike.net/station?id=339475,https://app.nextbike.net/station?id=339475,https://nxtb.it/p/339475,2026-05-18 09:06:17+02,f,POINT (8.469749 49.47996),2026-05-18 09:08:42+02,8.469749,49.47996
37877296,sharing_stations.NBV:Station:339478,nextbike_vn,NBV:Station:339478,Technische Hochschule Mannheim,10.0,f,,15,,,,https://app.nextbike.net/station?id=339478,https://app.nextbike.net/station?id=339478,https://nxtb.it/p/339478,2026-05-18 09:06:17+02,f,POINT (8.482255 49.470261),2026-05-18 09:08:42+02,8.482255,49.470261
37877384,sharing_stations.NBV:Station:575989610,nextbike_vn,NBV:Station:575989610,THM Mannheim II,,t,,4,,,,https://app.nextbike.net/station?id=575989610,https://app.nextbike.net/station?id=575989610,https://nxtb.it/p/575989610,2026-05-18 09:06:17+02,f,POINT (8.478683 49.472353),2026-05-18 09:08:42+02,8.478683,49.472353
37877724,sharing_stations.NBV:Station:660951,nextbike_vn,NBV:Station:660951,Universität Schloss,10.0,f,,54,,,,https://app.nextbike.net/station?id=660951,https://app.nextbike.net/station?id=660951,https://nxtb.it/p/660951,2026-05-18 09:06:17+02,f,POINT (8.463303 49.48275),2026-05-18 09:08:42+02,8.463303,49.48275
37877751,sharing_stations.NBV:Station:339468,nextbike_vn,NBV:Station:339468,Universität Mensa,10.0,f,,5,,,,https://app.nextbike.net/station?id=339468,https://app.nextbike.net/station?id=339468,https://nxtb.it/p/339468,2026-05-18 09:06:17+02,f,POINT (8.459859 49.484576),2026-05-18 09:08:42+02,8.459859,49.484576
37877761,sharing_stations.NBV:Station:148606240,nextbike_vn,NBV:Station:148606240,A1 - Landgericht/Universität,,f,,27,,2.0,,https://app.nextbike.net/station?id=148606240,https://app.nextbike.net/station?id=148606240,https://nxtb.it/p/148606240,2026-05-18 09:06:17+02,f,POINT (8.462552 49.484796),2026-05-18 09:08:42+02,8.462552,49.484796
37873897,sharing_stations.NBV:Station:339478,nextbike_vn,NBV:Station:339478,Technische Hochschule Mannheim,10.0,f,,15,,,,https://app.nextbike.net/station?id=339478,https://app.nextbike.net/station?id=339478,https://nxtb.it/p/339478,2026-05-18 08:33:06+02,f,POINT (8.482255 49.470261),2026-05-18 08:34:34+02,8.482255,49.470261
37873977,sharing_stations.NBV:Station:339475,nextbike_vn,NBV:Station:339475,Hauptbahnhof Mannheim,60.0,f,,6,,,,https://app.nextbike.net/station?id=339475,https://app.nextbike.net/station?id=339475,https://nxtb.it/p/339475,2026-05-18 08:33:06+02,f,POINT (8.469749 49.47996),2026-05-18 08:34:34+02,8.469749,49.47996
37873982,sharing_stations.NBV:Station:7853258,nextbike_vn,NBV:Station:7853258,Universitätsklinik Mannheim,,f,,26,,,,https://app.nextbike.net/station?id=7853258,https://app.nextbike.net/station?id=7853258,https://nxtb.it/p/7853258,2026-05-18 08:33:06+02,f,POINT (8.482906 49.492344),2026-05-18 08:34:34+02,8.482906,49.492344
37873995,sharing_stations.NBV:Station:575989610,nextbike_vn,NBV:Station:575989610,THM Mannheim II,,t,,6,,,,https://app.nextbike.net/station?id=575989610,https://app.nextbike.net/station?id=575989610,https://nxtb.it/p/575989610,2026-05-18 08:33:06+02,f,POINT (8.478683 49.472353),2026-05-18 08:34:34+02,8.478683,49.472353
37874375,sharing_stations.NBV:Station:339468,nextbike_vn,NBV:Station:339468,Universität Mensa,10.0,f,,4,,,,https://app.nextbike.net/station?id=339468,https://app.nextbike.net/station?id=339468,https://nxtb.it/p/339468,2026-05-18 08:33:06+02,f,POINT (8.459859 49.484576),2026-05-18 08:34:34+02,8.459859,49.484576
37874389,sharing_stations.NBV:Station:148606240,nextbike_vn,NBV:Station:148606240,A1 - Landgericht/Universität,,f,,25,,2.0,,https://app.nextbike.net/station?id=148606240,https://app.nextbike.net/station?id=148606240,https://nxtb.it/p/148606240,2026-05-18 08:33:06+02,f,POINT (8.462552 49.484796),2026-05-18 08:34:34+02,8.462552,49.484796
37874436,sharing_stations.NBV:Station:660951,nextbike_vn,NBV:Station:660951,Universität Schloss,10.0,f,,51,,,,https://app.nextbike.net/station?id=660951,https://app.nextbike.net/station?id=660951,https://nxtb.it/p/660951,2026-05-18 08:33:06+02,f,POINT (8.463303 49.48275),2026-05-18 08:34:34+02,8.463303,49.48275
37870316,sharing_stations.NBV:Station:339468,nextbike_vn,NBV:Station:339468,Universität Mensa,10.0,f,,3,,,,https://app.nextbike.net/station?id=339468,https://app.nextbike.net/station?id=339468,https://nxtb.it/p/339468,2026-05-18 07:58:50+02,f,POINT (8.459859 49.484576),2026-05-18 08:01:25+02,8.459859,49.484576
37870326,sharing_stations.NBV:Station:148606240,nextbike_vn,NBV:Station:148606240,A1 - Landgericht/Universität,,f,,14,,2.0,,https://app.nextbike.net/station?id=148606240,https://app.nextbike.net/station?id=148606240,https://nxtb.it/p/148606240,2026-05-18 07:58:50+02,f,POINT (8.462552 49.484796),2026-05-18 08:01:25+02,8.462552,49.484796
37870378,sharing_stations.NBV:Station:660951,nextbike_vn,NBV:Station:660951,Universität Schloss,10.0,f,,31,,,,https://app.nextbike.net/station?id=660951,https://app.nextbike.net/station?id=660951,https://nxtb.it/p/660951,2026-05-18 07:58:50+02,f,POINT (8.463303 49.48275),2026-05-18 08:01:25+02,8.463303,49.48275
37870653,sharing_stations.NBV:Station:575989610,nextbike_vn,NBV:Station:575989610,THM Mannheim II,,t,,4,,,,https://app.nextbike.net/station?id=575989610,https://app.nextbike.net/station?id=575989610,https://nxtb.it/p/575989610,2026-05-18 07:58:50+02,f,POINT (8.478683 49.472353),2026-05-18 08:01:25+02,8.478683,49.472353
37870747,sharing_stations.NBV:Station:339478,nextbike_vn,NBV:Station:339478,Technische Hochschule Mannheim,10.0,f,,12,,,,https://app.nextbike.net/station?id=339478,https://app.nextbike.net/station?id=339478,https://nxtb.it/p/339478,2026-05-18 07:58:50+02,f,POINT (8.482255 49.470261),2026-05-18 08:01:25+02,8.482255,49.470261
37870841,sharing_stations.NBV:Station:339475,nextbike_vn,NBV:Station:339475,Hauptbahnhof Mannheim,60.0,f,,2,,,,https://app.nextbike.net/station?id=339475,https://app.nextbike.net/station?id=339475,https://nxtb.it/p/339475,2026-05-18 07:58:50+02,f,POINT (8.469749 49.47996),2026-05-18 08:01:25+02,8.469749,49.47996
37870845,sharing_stations.NBV:Station:7853258,nextbike_vn,NBV:Station:7853258,Universitätsklinik Mannheim,,f,,17,,,,https://app.nextbike.net/station?id=7853258,https://app.nextbike.net/station?id=7853258,https://nxtb.it/p/7853258,2026-05-18 07:58:50+02,f,POINT (8.482906 49.492344),2026-05-18 08:01:25+02,8.482906,49.492344
37866965,sharing_stations.NBV:Station:7853258,nextbike_vn,NBV:Station:7853258,Universitätsklinik Mannheim,,f,,7,,,,https://app.nextbike.net/station?id=7853258,https://app.nextbike.net/station?id=7853258,https://nxtb.it/p/7853258,2026-05-18 07:24:04+02,f,POINT (8.482906 49.492344),2026-05-18 07:27:01+02,8.482906,49.492344
37866971,sharing_stations.NBV:Station:339475,nextbike_vn,NBV:Station:339475,Hauptbahnhof Mannheim,60.0,f,,2,,,,https://app.nextbike.net/station?id=339475,https://app.nextbike.net/station?id=339475,https://nxtb.it/p/339475,2026-05-18 07:24:04+02,f,POINT (8.469749 49.47996),2026-05-18 07:27:01+02,8.469749,49.47996
37866983,sharing_stations.NBV:Station:339478,nextbike_vn,NBV:Station:339478,Technische Hochschule Mannheim,10.0,f,,5,,,,https://app.nextbike.net/station?id=339478,https://app.nextbike.net/station?id=339478,https://nxtb.it/p/339478,2026-05-18 07:24:04+02,f,POINT (8.482255 49.470261),2026-05-18 07:27:01+02,8.482255,49.470261
37867000,sharing_stations.NBV:Station:364019650,nextbike_vn,NBV:Station:364019650,Lindenhofplatz / HBF Süd,,f,,0,,,,https://app.nextbike.net/station?id=364019650,https://app.nextbike.net/station?id=364019650,https://nxtb.it/p/364019650,2026-05-18 07:24:04+02,f,POINT (8.467814 49.477839),2026-05-18 07:27:01+02,8.467814,49.477839
37867079,sharing_stations.NBV:Station:575989610,nextbike_vn,NBV:Station:575989610,THM Mannheim II,,t,,2,,,,https://app.nextbike.net/station?id=575989610,https://app.nextbike.net/station?id=575989610,https://nxtb.it/p/575989610,2026-05-18 07:24:04+02,f,POINT (8.478683 49.472353),2026-05-18 07:27:01+02,8.478683,49.472353
37867413,sharing_stations.NBV:Station:339468,nextbike_vn,NBV:Station:339468,Universität Mensa,10.0,f,,2,,,,https://app.nextbike.net/station?id=339468,https://app.nextbike.net/station?id=339468,https://nxtb.it/p/339468,2026-05-18 07:24:04+02,f,POINT (8.459859 49.484576),2026-05-18 07:27:01+02,8.459859,49.484576
37867424,sharing_stations.NBV:Station:148606240,nextbike_vn,NBV:Station:148606240,A1 - Landgericht/Universität,,f,,5,,2.0,,https://app.nextbike.net/station?id=148606240,https://app.nextbike.net/station?id=148606240,https://nxtb.it/p/148606240,2026-05-18 07:24:04+02,f,POINT (8.462552 49.484796),2026-05-18 07:27:01+02,8.462552,49.484796
37863684,sharing_stations.NBV:Station:339475,nextbike_vn,NBV:Station:339475,Hauptbahnhof Mannheim,60.0,f,,3,,,,https://app.nextbike.net/station?id=339475,https://app.nextbike.net/station?id=339475,https://nxtb.it/p/339475,2026-05-18 06:49:43+02,f,POINT (8.469749 49.47996),2026-05-18 06:51:42+02,8.469749,49.47996
37863693,sharing_stations.NBV:Station:7853258,nextbike_vn,NBV:Station:7853258,Universitätsklinik Mannheim,,f,,3,,,,https://app.nextbike.net/station?id=7853258,https://app.nextbike.net/station?id=7853258,https://nxtb.it/p/7853258,2026-05-18 06:49:43+02,f,POINT (8.482906 49.492344),2026-05-18 06:51:42+02,8.482906,49.492344
37863727,sharing_stations.NBV:Station:339478,nextbike_vn,NBV:Station:339478,Technische Hochschule Mannheim,10.0,f,,4,,,,https://app.nextbike.net/station?id=339478,https://app.nextbike.net/station?id=339478,https://nxtb.it/p/339478,2026-05-18 06:49:43+02,f,POINT (8.482255 49.470261),2026-05-18 06:51:42+02,8.482255,49.470261
37863760,sharing_stations.NBV:Station:364019650,nextbike_vn,NBV:Station:364019650,Lindenhofplatz / HBF Süd,,f,,3,,,,https://app.nextbike.net/station?id=364019650,https://app.nextbike.net/station?id=364019650,https://nxtb.it/p/364019650,2026-05-18 06:49:43+02,f,POINT (8.467814 49.477839),2026-05-18 06:51:42+02,8.467814,49.477839
37863819,sharing_stations.NBV:Station:575989610,nextbike_vn,NBV:Station:575989610,THM Mannheim II,,t,,2,,,,https://app.nextbike.net/station?id=575989610,https://app.nextbike.net/station?id=575989610,https://nxtb.it/p/575989610,2026-05-18 06:49:43+02,f,POINT (8.478683 49.472353),2026-05-18 06:51:42+02,8.478683,49.472353
37864167,sharing_stations.NBV:Station:148606240,nextbike_vn,NBV:Station:148606240,A1 - Landgericht/Universität,,f,,5,,2.0,,https://app.nextbike.net/station?id=148606240,https://app.nextbike.net/station?id=148606240,https://nxtb.it/p/148606240,2026-05-18 06:49:43+02,f,POINT (8.462552 49.484796),2026-05-18 06:51:42+02,8.462552,49.484796
37864178,sharing_stations.NBV:Station:339468,nextbike_vn,NBV:Station:339468,Universität Mensa,10.0,f,,2,,,,https://app.nextbike.net/station?id=339468,https://app.nextbike.net/station?id=339468,https://nxtb.it/p/339468,2026-05-18 06:49:43+02,f,POINT (8.459859 49.484576),2026-05-18 06:51:42+02,8.459859,49.484576
37860671,sharing_stations.NBV:Station:575989610,nextbike_vn,NBV:Station:575989610,THM Mannheim II,,t,,2,,,,https://app.nextbike.net/station?id=575989610,https://app.nextbike.net/station?id=575989610,https://nxtb.it/p/575989610,2026-05-18 06:16:11+02,f,POINT (8.478683 49.472353),2026-05-18 06:17:39+02,8.478683,49.472353
37860786,sharing_stations.NBV:Station:339478,nextbike_vn,NBV:Station:339478,Technische Hochschule Mannheim,10.0,f,,3,,,,https://app.nextbike.net/station?id=339478,https://app.nextbike.net/station?id=339478,https://nxtb.it/p/339478,2026-05-18 06:16:11+02,f,POINT (8.482255 49.470261),2026-05-18 06:17:39+02,8.482255,49.470261
37860841,sharing_stations.NBV:Station:339475,nextbike_vn,NBV:Station:339475,Hauptbahnhof Mannheim,60.0,f,,2,,,,https://app.nextbike.net/station?id=339475,https://app.nextbike.net/station?id=339475,https://nxtb.it/p/339475,2026-05-18 06:16:11+02,f,POINT (8.469749 49.47996),2026-05-18 06:17:39+02,8.469749,49.47996
37860851,sharing_stations.NBV:Station:7853258,nextbike_vn,NBV:Station:7853258,Universitätsklinik Mannheim,,f,,3,,,,https://app.nextbike.net/station?id=7853258,https://app.nextbike.net/station?id=7853258,https://nxtb.it/p/7853258,2026-05-18 06:16:11+02,f,POINT (8.482906 49.492344),2026-05-18 06:17:39+02,8.482906,49.492344
37861066,sharing_stations.NBV:Station:148606240,nextbike_vn,NBV:Station:148606240,A1 - Landgericht/Universität,,f,,5,,2.0,,https://app.nextbike.net/station?id=148606240,https://app.nextbike.net/station?id=148606240,https://nxtb.it/p/148606240,2026-05-18 06:16:11+02,f,POINT (8.462552 49.484796),2026-05-18 06:17:39+02,8.462552,49.484796
37861084,sharing_stations.NBV:Station:339468,nextbike_vn,NBV:Station:339468,Universität Mensa,10.0,f,,2,,,,https://app.nextbike.net/station?id=339468,https://app.nextbike.net/station?id=339468,https://nxtb.it/p/339468,2026-05-18 06:16:11+02,f,POINT (8.459859 49.484576),2026-05-18 06:17:39+02,8.459859,49.484576
37857617,sharing_stations.NBV:Station:575989610,nextbike_vn,NBV:Station:575989610,THM Mannheim II,,t,,2,,,,https://app.nextbike.net/station?id=575989610,https://app.nextbike.net/station?id=575989610,https://nxtb.it/p/575989610,2026-05-18 05:40:29+02,f,POINT (8.478683 49.472353),2026-05-18 05:42:36+02,8.478683,49.472353
37857702,sharing_stations.NBV:Station:364019650,nextbike_vn,NBV:Station:364019650,Lindenhofplatz / HBF Süd,,f,,0,,,,https://app.nextbike.net/station?id=364019650,https://app.nextbike.net/station?id=364019650,https://nxtb.it/p/364019650,2026-05-18 05:40:29+02,f,POINT (8.467814 49.477839),2026-05-18 05:42:36+02,8.467814,49.477839
37857727,sharing_stations.NBV:Station:339478,nextbike_vn,NBV:Station:339478,Technische Hochschule Mannheim,10.0,f,,3,,,,https://app.nextbike.net/station?id=339478,https://app.nextbike.net/station?id=339478,https://nxtb.it/p/339478,2026-05-18 05:40:29+02,f,POINT (8.482255 49.470261),2026-05-18 05:42:36+02,8.482255,49.470261
37857735,sharing_stations.NBV:Station:7853258,nextbike_vn,NBV:Station:7853258,Universitätsklinik Mannheim,,f,,2,,,,https://app.nextbike.net/station?id=7853258,https://app.nextbike.net/station?id=7853258,https://nxtb.it/p/7853258,2026-05-18 05:40:29+02,f,POINT (8.482906 49.492344),2026-05-18 05:42:36+02,8.482906,49.492344
37857737,sharing_stations.NBV:Station:339475,nextbike_vn,NBV:Station:339475,Hauptbahnhof Mannheim,60.0,f,,1,,,,https://app.nextbike.net/station?id=339475,https://app.nextbike.net/station?id=339475,https://nxtb.it/p/339475,2026-05-18 05:40:29+02,f,POINT (8.469749 49.47996),2026-05-18 05:42:36+02,8.469749,49.47996
37857990,sharing_stations.NBV:Station:148606240,nextbike_vn,NBV:Station:148606240,A1 - Landgericht/Universität,,f,,5,,2.0,,https://app.nextbike.net/station?id=148606240,https://app.nextbike.net/station?id=148606240,https://nxtb.it/p/148606240,2026-05-18 05:40:29+02,f,POINT (8.462552 49.484796),2026-05-18 05:42:36+02,8.462552,49.484796
37858000,sharing_stations.NBV:Station:339468,nextbike_vn,NBV:Station:339468,Universität Mensa,10.0,f,,2,,,,https://app.nextbike.net/station?id=339468,https://app.nextbike.net/station?id=339468,https://nxtb.it/p/339468,2026-05-18 05:40:29+02,f,POINT (8.459859 49.484576),2026-05-18 05:42:36+02,8.459859,49.484576
37854495,sharing_stations.NBV:Station:575989610,nextbike_vn,NBV:Station:575989610,THM Mannheim II,,t,,2,,,,https://app.nextbike.net/station?id=575989610,https://app.nextbike.net/station?id=575989610,https://nxtb.it/p/575989610,2026-05-18 05:03:55+02,f,POINT (8.478683 49.472353),2026-05-18 05:06:51+02,8.478683,49.472353
37854579,sharing_stations.NBV:Station:339478,nextbike_vn,NBV:Station:339478,Technische Hochschule Mannheim,10.0,f,,3,,,,https://app.nextbike.net/station?id=339478,https://app.nextbike.net/station?id=339478,https://nxtb.it/p/339478,2026-05-18 05:03:55+02,f,POINT (8.482255 49.470261),2026-05-18 05:06:51+02,8.482255,49.470261
37854612,sharing_stations.NBV:Station:7853258,nextbike_vn,NBV:Station:7853258,Universitätsklinik Mannheim,,f,,3,,,,https://app.nextbike.net/station?id=7853258,https://app.nextbike.net/station?id=7853258,https://nxtb.it/p/7853258,2026-05-18 05:03:55+02,f,POINT (8.482906 49.492344),2026-05-18 05:06:51+02,8.482906,49.492344
37854869,sharing_stations.NBV:Station:339468,nextbike_vn,NBV:Station:339468,Universität Mensa,10.0,f,,2,,,,https://app.nextbike.net/station?id=339468,https://app.nextbike.net/station?id=339468,https://nxtb.it/p/339468,2026-05-18 05:03:55+02,f,POINT (8.459859 49.484576),2026-05-18 05:06:51+02,8.459859,49.484576
37854877,sharing_stations.NBV:Station:148606240,nextbike_vn,NBV:Station:148606240,A1 - Landgericht/Universität,,f,,5,,2.0,,https://app.nextbike.net/station?id=148606240,https://app.nextbike.net/station?id=148606240,https://nxtb.it/p/148606240,2026-05-18 05:03:55+02,f,POINT (8.462552 49.484796),2026-05-18 05:06:51+02,8.462552,49.484796
37851415,sharing_stations.NBV:Station:339478,nextbike_vn,NBV:Station:339478,Technische Hochschule Mannheim,10.0,f,,3,,,,https://app.nextbike.net/station?id=339478,https://app.nextbike.net/station?id=339478,https://nxtb.it/p/339478,2026-05-18 04:31:49+02,f,POINT (8.482255 49.470261),2026-05-18 04:33:16+02,8.482255,49.470261
37851426,sharing_stations.NBV:Station:7853258,nextbike_vn,NBV:Station:7853258,Universitätsklinik Mannheim,,f,,3,,,,https://app.nextbike.net/station?id=7853258,https://app.nextbike.net/station?id=7853258,https://nxtb.it/p/7853258,2026-05-18 04:31:49+02,f,POINT (8.482906 49.492344),2026-05-18 04:33:16+02,8.482906,49.492344
37851507,sharing_stations.NBV:Station:575989610,nextbike_vn,NBV:Station:575989610,THM Mannheim II,,t,,2,,,,https://app.nextbike.net/station?id=575989610,https://app.nextbike.net/station?id=575989610,https://nxtb.it/p/575989610,2026-05-18 04:31:49+02,f,POINT (8.478683 49.472353),2026-05-18 04:33:16+02,8.478683,49.472353
37851849,sharing_stations.NBV:Station:148606240,nextbike_vn,NBV:Station:148606240,A1 - Landgericht/Universität,,f,,5,,2.0,,https://app.nextbike.net/station?id=148606240,https://app.nextbike.net/station?id=148606240,https://nxtb.it/p/148606240,2026-05-18 04:31:49+02,f,POINT (8.462552 49.484796),2026-05-18 04:33:16+02,8.462552,49.484796
37851860,sharing_stations.NBV:Station:339468,nextbike_vn,NBV:Station:339468,Universität Mensa,10.0,f,,2,,,,https://app.nextbike.net/station?id=339468,https://app.nextbike.net/station?id=339468,https://nxtb.it/p/339468,2026-05-18 04:31:49+02,f,POINT (8.459859 49.484576),2026-05-18 04:33:16+02,8.459859,49.484576
37848323,sharing_stations.NBV:Station:339468,nextbike_vn,NBV:Station:339468,Universität Mensa,10.0,f,,2,,,,https://app.nextbike.net/station?id=339468,https://app.nextbike.net/station?id=339468,https://nxtb.it/p/339468,2026-05-18 03:56:26+02,f,POINT (8.459859 49.484576),2026-05-18 03:58:44+02,8.459859,49.484576
37848337,sharing_stations.NBV:Station:148606240,nextbike_vn,NBV:Station:148606240,A1 - Landgericht/Universität,,f,,5,,2.0,,https://app.nextbike.net/station?id=148606240,https://app.nextbike.net/station?id=148606240,https://nxtb.it/p/148606240,2026-05-18 03:56:26+02,f,POINT (8.462552 49.484796),2026-05-18 03:58:44+02,8.462552,49.484796
37848670,sharing_stations.NBV:Station:575989610,nextbike_vn,NBV:Station:575989610,THM Mannheim II,,t,,2,,,,https://app.nextbike.net/station?id=575989610,https://app.nextbike.net/station?id=575989610,https://nxtb.it/p/575989610,2026-05-18 03:56:26+02,f,POINT (8.478683 49.472353),2026-05-18 03:58:44+02,8.478683,49.472353
37848757,sharing_stations.NBV:Station:339478,nextbike_vn,NBV:Station:339478,Technische Hochschule Mannheim,10.0,f,,3,,,,https://app.nextbike.net/station?id=339478,https://app.nextbike.net/station?id=339478,https://nxtb.it/p/339478,2026-05-18 03:56:26+02,f,POINT (8.482255 49.470261),2026-05-18 03:58:44+02,8.482255,49.470261
37848828,sharing_stations.NBV:Station:7853258,nextbike_vn,NBV:Station:7853258,Universitätsklinik Mannheim,,f,,3,,,,https://app.nextbike.net/station?id=7853258,https://app.nextbike.net/station?id=7853258,https://nxtb.it/p/7853258,2026-05-18 03:56:26+02,f,POINT (8.482906 49.492344),2026-05-18 03:58:44+02,8.482906,49.492344
37845140,sharing_stations.NBV:Station:575989610,nextbike_vn,NBV:Station:575989610,THM Mannheim II,,t,,2,,,,https://app.nextbike.net/station?id=575989610,https://app.nextbike.net/station?id=575989610,https://nxtb.it/p/575989610,2026-05-18 03:21:17+02,f,POINT (8.478683 49.472353),2026-05-18 03:24:04+02,8.478683,49.472353
37845176,sharing_stations.NBV:Station:7853258,nextbike_vn,NBV:Station:7853258,Universitätsklinik Mannheim,,f,,3,,,,https://app.nextbike.net/station?id=7853258,https://app.nextbike.net/station?id=7853258,https://nxtb.it/p/7853258,2026-05-18 03:21:17+02,f,POINT (8.482906 49.492344),2026-05-18 03:24:04+02,8.482906,49.492344
37845230,sharing_stations.NBV:Station:339478,nextbike_vn,NBV:Station:339478,Technische Hochschule Mannheim,10.0,f,,3,,,,https://app.nextbike.net/station?id=339478,https://app.nextbike.net/station?id=339478,https://nxtb.it/p/339478,2026-05-18 03:21:17+02,f,POINT (8.482255 49.470261),2026-05-18 03:24:04+02,8.482255,49.470261
37845464,sharing_stations.NBV:Station:339468,nextbike_vn,NBV:Station:339468,Universität Mensa,10.0,f,,2,,,,https://app.nextbike.net/station?id=339468,https://app.nextbike.net/station?id=339468,https://nxtb.it/p/339468,2026-05-18 03:21:17+02,f,POINT (8.459859 49.484576),2026-05-18 03:24:04+02,8.459859,49.484576
37845473,sharing_stations.NBV:Station:148606240,nextbike_vn,NBV:Station:148606240,A1 - Landgericht/Universität,,f,,5,,2.0,,https://app.nextbike.net/station?id=148606240,https://app.nextbike.net/station?id=148606240,https://nxtb.it/p/148606240,2026-05-18 03:21:17+02,f,POINT (8.462552 49.484796),2026-05-18 03:24:04+02,8.462552,49.484796
37842028,sharing_stations.NBV:Station:339468,nextbike_vn,NBV:Station:339468,Universität Mensa,10.0,f,,2,,,,https://app.nextbike.net/station?id=339468,https://app.nextbike.net/station?id=339468,https://nxtb.it/p/339468,2026-05-18 02:49:12+02,f,POINT (8.459859 49.484576),2026-05-18 02:50:21+02,8.459859,49.484576
37842038,sharing_stations.NBV:Station:148606240,nextbike_vn,NBV:Station:148606240,A1 - Landgericht/Universität,,f,,5,,2.0,,https://app.nextbike.net/station?id=148606240,https://app.nextbike.net/station?id=148606240,https://nxtb.it/p/148606240,2026-05-18 02:49:12+02,f,POINT (8.462552 49.484796),2026-05-18 02:50:21+02,8.462552,49.484796
37842402,sharing_stations.NBV:Station:575989610,nextbike_vn,NBV:Station:575989610,THM Mannheim II,,t,,2,,,,https://app.nextbike.net/station?id=575989610,https://app.nextbike.net/station?id=575989610,https://nxtb.it/p/575989610,2026-05-18 02:49:12+02,f,POINT (8.478683 49.472353),2026-05-18 02:50:21+02,8.478683,49.472353
37842441,sharing_stations.NBV:Station:7853258,nextbike_vn,NBV:Station:7853258,Universitätsklinik Mannheim,,f,,3,,,,https://app.nextbike.net/station?id=7853258,https://app.nextbike.net/station?id=7853258,https://nxtb.it/p/7853258,2026-05-18 02:49:12+02,f,POINT (8.482906 49.492344),2026-05-18 02:50:21+02,8.482906,49.492344
37842484,sharing_stations.NBV:Station:339478,nextbike_vn,NBV:Station:339478,Technische Hochschule Mannheim,10.0,f,,3,,,,https://app.nextbike.net/station?id=339478,https://app.nextbike.net/station?id=339478,https://nxtb.it/p/339478,2026-05-18 02:49:12+02,f,POINT (8.482255 49.470261),2026-05-18 02:50:21+02,8.482255,49.470261
37839061,sharing_stations.NBV:Station:339468,nextbike_vn,NBV:Station:339468,Universität Mensa,10.0,f,,2,,,,https://app.nextbike.net/station?id=339468,https://app.nextbike.net/station?id=339468,https://nxtb.it/p/339468,2026-05-18 02:13:08+02,f,POINT (8.459859 49.484576),2026-05-18 02:15:53+02,8.459859,49.484576
37839073,sharing_stations.NBV:Station:148606240,nextbike_vn,NBV:Station:148606240,A1 - Landgericht/Universität,,f,,5,,2.0,,https://app.nextbike.net/station?id=148606240,https://app.nextbike.net/station?id=148606240,https://nxtb.it/p/148606240,2026-05-18 02:13:08+02,f,POINT (8.462552 49.484796),2026-05-18 02:15:53+02,8.462552,49.484796
37839327,sharing_stations.NBV:Station:339478,nextbike_vn,NBV:Station:339478,Technische Hochschule Mannheim,10.0,f,,3,,,,https://app.nextbike.net/station?id=339478,https://app.nextbike.net/station?id=339478,https://nxtb.it/p/339478,2026-05-18 02:13:08+02,f,POINT (8.482255 49.470261),2026-05-18 02:15:53+02,8.482255,49.470261
37839404,sharing_stations.NBV:Station:7853258,nextbike_vn,NBV:Station:7853258,Universitätsklinik Mannheim,,f,,3,,,,https://app.nextbike.net/station?id=7853258,https://app.nextbike.net/station?id=7853258,https://nxtb.it/p/7853258,2026-05-18 02:13:08+02,f,POINT (8.482906 49.492344),2026-05-18 02:15:53+02,8.482906,49.492344
37839409,sharing_stations.NBV:Station:339475,nextbike_vn,NBV:Station:339475,Hauptbahnhof Mannheim,60.0,f,,21,,,,https://app.nextbike.net/station?id=339475,https://app.nextbike.net/station?id=339475,https://nxtb.it/p/339475,2026-05-18 02:13:08+02,f,POINT (8.469749 49.47996),2026-05-18 02:15:53+02,8.469749,49.47996
37839420,sharing_stations.NBV:Station:575989610,nextbike_vn,NBV:Station:575989610,THM Mannheim II,,t,,2,,,,https://app.nextbike.net/station?id=575989610,https://app.nextbike.net/station?id=575989610,https://nxtb.it/p/575989610,2026-05-18 02:13:08+02,f,POINT (8.478683 49.472353),2026-05-18 02:15:53+02,8.478683,49.472353
37835640,sharing_stations.NBV:Station:339478,nextbike_vn,NBV:Station:339478,Technische Hochschule Mannheim,10.0,f,,3,,,,https://app.nextbike.net/station?id=339478,https://app.nextbike.net/station?id=339478,https://nxtb.it/p/339478,2026-05-18 01:40:03+02,f,POINT (8.482255 49.470261),2026-05-18 01:41:57+02,8.482255,49.470261
37835698,sharing_stations.NBV:Station:7853258,nextbike_vn,NBV:Station:7853258,Universitätsklinik Mannheim,,f,,3,,,,https://app.nextbike.net/station?id=7853258,https://app.nextbike.net/station?id=7853258,https://nxtb.it/p/7853258,2026-05-18 01:40:03+02,f,POINT (8.482906 49.492344),2026-05-18 01:41:57+02,8.482906,49.492344
37835699,sharing_stations.NBV:Station:339475,nextbike_vn,NBV:Station:339475,Hauptbahnhof Mannheim,60.0,f,,5,,,,https://app.nextbike.net/station?id=339475,https://app.nextbike.net/station?id=339475,https://nxtb.it/p/339475,2026-05-18 01:40:03+02,f,POINT (8.469749 49.47996),2026-05-18 01:41:57+02,8.469749,49.47996
37835723,sharing_stations.NBV:Station:575989610,nextbike_vn,NBV:Station:575989610,THM Mannheim II,,t,,2,,,,https://app.nextbike.net/station?id=575989610,https://app.nextbike.net/station?id=575989610,https://nxtb.it/p/575989610,2026-05-18 01:40:03+02,f,POINT (8.478683 49.472353),2026-05-18 01:41:57+02,8.478683,49.472353
37836075,sharing_stations.NBV:Station:148606240,nextbike_vn,NBV:Station:148606240,A1 - Landgericht/Universität,,f,,5,,2.0,,https://app.nextbike.net/station?id=148606240,https://app.nextbike.net/station?id=148606240,https://nxtb.it/p/148606240,2026-05-18 01:40:03+02,f,POINT (8.462552 49.484796),2026-05-18 01:41:57+02,8.462552,49.484796
37836082,sharing_stations.NBV:Station:339468,nextbike_vn,NBV:Station:339468,Universität Mensa,10.0,f,,2,,,,https://app.nextbike.net/station?id=339468,https://app.nextbike.net/station?id=339468,https://nxtb.it/p/339468,2026-05-18 01:40:03+02,f,POINT (8.459859 49.484576),2026-05-18 01:41:57+02,8.459859,49.484576
37832531,sharing_stations.NBV:Station:339468,nextbike_vn,NBV:Station:339468,Universität Mensa,10.0,f,,2,,,,https://app.nextbike.net/station?id=339468,https://app.nextbike.net/station?id=339468,https://nxtb.it/p/339468,2026-05-18 01:07:08+02,f,POINT (8.459859 49.484576),2026-05-18 01:08:13+02,8.459859,49.484576
37832543,sharing_stations.NBV:Station:148606240,nextbike_vn,NBV:Station:148606240,A1 - Landgericht/Universität,,f,,5,,2.0,,https://app.nextbike.net/station?id=148606240,https://app.nextbike.net/station?id=148606240,https://nxtb.it/p/148606240,2026-05-18 01:07:08+02,f,POINT (8.462552 49.484796),2026-05-18 01:08:13+02,8.462552,49.484796
37832731,sharing_stations.NBV:Station:7853258,nextbike_vn,NBV:Station:7853258,Universitätsklinik Mannheim,,f,,2,,,,https://app.nextbike.net/station?id=7853258,https://app.nextbike.net/station?id=7853258,https://nxtb.it/p/7853258,2026-05-18 01:07:08+02,f,POINT (8.482906 49.492344),2026-05-18 01:08:13+02,8.482906,49.492344
37832733,sharing_stations.NBV:Station:339475,nextbike_vn,NBV:Station:339475,Hauptbahnhof Mannheim,60.0,f,,2,,,,https://app.nextbike.net/station?id=339475,https://app.nextbike.net/station?id=339475,https://nxtb.it/p/339475,2026-05-18 01:07:08+02,f,POINT (8.469749 49.47996),2026-05-18 01:08:13+02,8.469749,49.47996
37832795,sharing_stations.NBV:Station:339478,nextbike_vn,NBV:Station:339478,Technische Hochschule Mannheim,10.0,f,,3,,,,https://app.nextbike.net/station?id=339478,https://app.nextbike.net/station?id=339478,https://nxtb.it/p/339478,2026-05-18 01:07:08+02,f,POINT (8.482255 49.470261),2026-05-18 01:08:13+02,8.482255,49.470261
37832893,sharing_stations.NBV:Station:575989610,nextbike_vn,NBV:Station:575989610,THM Mannheim II,,t,,2,,,,https://app.nextbike.net/station?id=575989610,https://app.nextbike.net/station?id=575989610,https://nxtb.it/p/575989610,2026-05-18 01:07:08+02,f,POINT (8.478683 49.472353),2026-05-18 01:08:13+02,8.478683,49.472353
37829371,sharing_stations.NBV:Station:148606240,nextbike_vn,NBV:Station:148606240,A1 - Landgericht/Universität,,f,,5,,2.0,,https://app.nextbike.net/station?id=148606240,https://app.nextbike.net/station?id=148606240,https://nxtb.it/p/148606240,2026-05-18 00:30:49+02,f,POINT (8.462552 49.484796),2026-05-18 00:33:35+02,8.462552,49.484796
37829387,sharing_stations.NBV:Station:339468,nextbike_vn,NBV:Station:339468,Universität Mensa,10.0,f,,2,,,,https://app.nextbike.net/station?id=339468,https://app.nextbike.net/station?id=339468,https://nxtb.it/p/339468,2026-05-18 00:30:49+02,f,POINT (8.459859 49.484576),2026-05-18 00:33:35+02,8.459859,49.484576
37829608,sharing_stations.NBV:Station:339475,nextbike_vn,NBV:Station:339475,Hauptbahnhof Mannheim,60.0,f,,2,,,,https://app.nextbike.net/station?id=339475,https://app.nextbike.net/station?id=339475,https://nxtb.it/p/339475,2026-05-18 00:30:49+02,f,POINT (8.469749 49.47996),2026-05-18 00:33:35+02,8.469749,49.47996
37829614,sharing_stations.NBV:Station:7853258,nextbike_vn,NBV:Station:7853258,Universitätsklinik Mannheim,,f,,2,,,,https://app.nextbike.net/station?id=7853258,https://app.nextbike.net/station?id=7853258,https://nxtb.it/p/7853258,2026-05-18 00:30:49+02,f,POINT (8.482906 49.492344),2026-05-18 00:33:35+02,8.482906,49.492344
37829653,sharing_stations.NBV:Station:339478,nextbike_vn,NBV:Station:339478,Technische Hochschule Mannheim,10.0,f,,3,,,,https://app.nextbike.net/station?id=339478,https://app.nextbike.net/station?id=339478,https://nxtb.it/p/339478,2026-05-18 00:30:49+02,f,POINT (8.482255 49.470261),2026-05-18 00:33:35+02,8.482255,49.470261
37829748,sharing_stations.NBV:Station:575989610,nextbike_vn,NBV:Station:575989610,THM Mannheim II,,t,,2,,,,https://app.nextbike.net/station?id=575989610,https://app.nextbike.net/station?id=575989610,https://nxtb.it/p/575989610,2026-05-18 00:30:49+02,f,POINT (8.478683 49.472353),2026-05-18 00:33:35+02,8.478683,49.472353
