{
"type": "FeatureCollection",
"name": "pois",
"crs": { "type": "name", "properties": { "name": "urn:ogc:def:crs:OGC:1.3:CRS84" } },
"features": [
{ "type": "Feature", "properties": { "id": "node/25242218", "city": "karlsruhe", "uni": "hochschule", "category": "bahnhoefe", "name": "Karlsruhe West", "adress": null, "sportart": null, "lon": 8.3628863, "lat": 49.0023942 }, "geometry": { "type": "Point", "coordinates": [ 8.3628863, 49.0023942 ] } },
{ "type": "Feature", "properties": { "id": "node/29542815", "city": "karlsruhe", "uni": "hochschule", "category": "bahnhoefe", "name": "Maximiliansau Im Rüsten", "adress": null, "sportart": null, "lon": 8.2795954, "lat": 49.0349146 }, "geometry": { "type": "Point", "coordinates": [ 8.2795954, 49.0349146 ] } },
{ "type": "Feature", "properties": { "id": "node/75655504", "city": "karlsruhe", "uni": "hochschule", "category": "bahnhoefe", "name": "Forchheim (b Karlsruhe)", "adress": null, "sportart": null, "lon": 8.3387483, "lat": 48.964715 }, "geometry": { "type": "Point", "coordinates": [ 8.3387483, 48.964715 ] } },
{ "type": "Feature", "properties": { "id": "node/117367378", "city": "karlsruhe", "uni": "hochschule", "category": "bahnhoefe", "name": "Wörth (Rhein)", "adress": null, "sportart": null, "lon": 8.2731506, "lat": 49.0456919 }, "geometry": { "type": "Point", "coordinates": [ 8.2731506, 49.0456919 ] } },
{ "type": "Feature", "properties": { "id": "node/269735124", "city": "karlsruhe", "uni": "hochschule", "category": "bahnhoefe", "name": "Karlsruhe-Knielingen", "adress": null, "sportart": null, "lon": 8.3411955, "lat": 49.0266524 }, "geometry": { "type": "Point", "coordinates": [ 8.3411955, 49.0266524 ] } },
{ "type": "Feature", "properties": { "id": "node/2417382807", "city": "karlsruhe", "uni": "hochschule", "category": "bahnhoefe", "name": "Ettlingen West", "adress": null, "sportart": null, "lon": 8.3878674, "lat": 48.9471361 }, "geometry": { "type": "Point", "coordinates": [ 8.3878674, 48.9471361 ] } },
{ "type": "Feature", "properties": { "id": "node/2574283615", "city": "karlsruhe", "uni": "hochschule", "category": "bahnhoefe", "name": "Karlsruhe Hauptbahnhof", "adress": null, "sportart": null, "lon": 8.4020518, "lat": 48.9936164 }, "geometry": { "type": "Point", "coordinates": [ 8.4020518, 48.9936164 ] } },
{ "type": "Feature", "properties": { "id": "node/2827402189", "city": "karlsruhe", "uni": "hochschule", "category": "bahnhoefe", "name": "Karlsruhe Hagsfeld", "adress": null, "sportart": null, "lon": 8.4537121, "lat": 49.0262453 }, "geometry": { "type": "Point", "coordinates": [ 8.4537121, 49.0262453 ] } },
{ "type": "Feature", "properties": { "id": "node/2827470327", "city": "karlsruhe", "uni": "hochschule", "category": "bahnhoefe", "name": "Blankenloch", "adress": null, "sportart": null, "lon": 8.4647709, "lat": 49.0668996 }, "geometry": { "type": "Point", "coordinates": [ 8.4647709, 49.0668996 ] } },
{ "type": "Feature", "properties": { "id": "node/2958859136", "city": "karlsruhe", "uni": "hochschule", "category": "bahnhoefe", "name": "Karlsruhe-Durlach", "adress": null, "sportart": null, "lon": 8.4622543, "lat": 49.0020956 }, "geometry": { "type": "Point", "coordinates": [ 8.4622543, 49.0020956 ] } },
{ "type": "Feature", "properties": { "id": "node/3321341099", "city": "karlsruhe", "uni": "hochschule", "category": "bahnhoefe", "name": "Karlsruhe-Mühlburg", "adress": null, "sportart": null, "lon": 8.3511104, "lat": 49.0145576 }, "geometry": { "type": "Point", "coordinates": [ 8.3511104, 49.0145576 ] } },
{ "type": "Feature", "properties": { "id": "relation/1922186", "city": "karlsruhe", "uni": "hochschule", "category": "sporteinrichtungen", "name": "Sporteinrichtung", "adress": "Tennesseeallee 101", "sportart": null, "lon": 8.3894596, "lat": 49.0258451 }, "geometry": { "type": "Point", "coordinates": [ 8.3894596, 49.0258451 ] } },
{ "type": "Feature", "properties": { "id": "way/23020027", "city": "karlsruhe", "uni": "hochschule", "category": "sporteinrichtungen", "name": "Sporteinrichtung", "adress": null, "sportart": null, "lon": 8.3505628, "lat": 49.0183068 }, "geometry": { "type": "Point", "coordinates": [ 8.3505628, 49.0183068 ] } },
{ "type": "Feature", "properties": { "id": "way/23022913", "city": "karlsruhe", "uni": "hochschule", "category": "sporteinrichtungen", "name": "TuS Neureut 1892 e.V.", "adress": null, "sportart": null, "lon": 8.3653717, "lat": 49.0419014 }, "geometry": { "type": "Point", "coordinates": [ 8.3653717, 49.0419014 ] } },
{ "type": "Feature", "properties": { "id": "way/23627638", "city": "karlsruhe", "uni": "hochschule", "category": "sporteinrichtungen", "name": "Sportzentrum Neureut", "adress": null, "sportart": null, "lon": 8.3766341, "lat": 49.0441573 }, "geometry": { "type": "Point", "coordinates": [ 8.3766341, 49.0441573 ] } },
{ "type": "Feature", "properties": { "id": "way/23914215", "city": "karlsruhe", "uni": "hochschule", "category": "sporteinrichtungen", "name": "Sporteinrichtung", "adress": null, "sportart": null, "lon": 8.3723149, "lat": 49.032804 }, "geometry": { "type": "Point", "coordinates": [ 8.3723149, 49.032804 ] } },
{ "type": "Feature", "properties": { "id": "way/24940909", "city": "karlsruhe", "uni": "hochschule", "category": "sporteinrichtungen", "name": "Cougars Ballpark", "adress": "Erzbergerstraße 131", "sportart": null, "lon": 8.3837464, "lat": 49.025857 }, "geometry": { "type": "Point", "coordinates": [ 8.3837464, 49.025857 ] } },
{ "type": "Feature", "properties": { "id": "node/27133301", "city": "karlsruhe", "uni": "hochschule", "category": "sporteinrichtungen", "name": "The Rock", "adress": "Ziegelstraße 1", "sportart": null, "lon": 8.3610895, "lat": 49.0068452 }, "geometry": { "type": "Point", "coordinates": [ 8.3610895, 49.0068452 ] } },
{ "type": "Feature", "properties": { "id": "way/32686429", "city": "karlsruhe", "uni": "hochschule", "category": "sporteinrichtungen", "name": "Werner von Siemens Schule", "adress": null, "sportart": null, "lon": 8.371067, "lat": 49.0317867 }, "geometry": { "type": "Point", "coordinates": [ 8.371067, 49.0317867 ] } },
{ "type": "Feature", "properties": { "id": "way/32686430", "city": "karlsruhe", "uni": "hochschule", "category": "sporteinrichtungen", "name": "Sporteinrichtung", "adress": null, "sportart": null, "lon": 8.3723588, "lat": 49.033001 }, "geometry": { "type": "Point", "coordinates": [ 8.3723588, 49.033001 ] } },
{ "type": "Feature", "properties": { "id": "way/32686431", "city": "karlsruhe", "uni": "hochschule", "category": "sporteinrichtungen", "name": "Sporteinrichtung", "adress": null, "sportart": null, "lon": 8.3723767, "lat": 49.03317 }, "geometry": { "type": "Point", "coordinates": [ 8.3723767, 49.03317 ] } },
{ "type": "Feature", "properties": { "id": "way/42090470", "city": "karlsruhe", "uni": "hochschule", "category": "sporteinrichtungen", "name": "Budo-Club Karlsruhe e.V.", "adress": "Wißmannstraße 1", "sportart": null, "lon": 8.3401588, "lat": 49.0044183 }, "geometry": { "type": "Point", "coordinates": [ 8.3401588, 49.0044183 ] } },
{ "type": "Feature", "properties": { "id": "way/52917072", "city": "karlsruhe", "uni": "hochschule", "category": "sporteinrichtungen", "name": "Sporteinrichtung", "adress": null, "sportart": null, "lon": 8.3618621, "lat": 49.0252864 }, "geometry": { "type": "Point", "coordinates": [ 8.3618621, 49.0252864 ] } },
{ "type": "Feature", "properties": { "id": "way/58977556", "city": "karlsruhe", "uni": "hochschule", "category": "sporteinrichtungen", "name": "Oberwaldbad", "adress": "Erlenweg 2", "sportart": null, "lon": 8.4107237, "lat": 48.9820546 }, "geometry": { "type": "Point", "coordinates": [ 8.4107237, 48.9820546 ] } },
{ "type": "Feature", "properties": { "id": "way/61183835", "city": "karlsruhe", "uni": "hochschule", "category": "sporteinrichtungen", "name": "Karlsruher Rheinklub Alemannia e.V.", "adress": null, "sportart": null, "lon": 8.3420275, "lat": 49.0174492 }, "geometry": { "type": "Point", "coordinates": [ 8.3420275, 49.0174492 ] } },
{ "type": "Feature", "properties": { "id": "way/86503816", "city": "karlsruhe", "uni": "hochschule", "category": "sporteinrichtungen", "name": "Europa Arena", "adress": "Daimlerstraße 13", "sportart": null, "lon": 8.355201, "lat": 49.0273047 }, "geometry": { "type": "Point", "coordinates": [ 8.355201, 49.0273047 ] } },
{ "type": "Feature", "properties": { "id": "way/87244956", "city": "karlsruhe", "uni": "hochschule", "category": "sporteinrichtungen", "name": "Carl-Benz-Halle", "adress": "Sternstraße 3", "sportart": null, "lon": 8.3547484, "lat": 49.0115868 }, "geometry": { "type": "Point", "coordinates": [ 8.3547484, 49.0115868 ] } },
{ "type": "Feature", "properties": { "id": "way/89019779", "city": "karlsruhe", "uni": "hochschule", "category": "sporteinrichtungen", "name": "amena LADYFITNESS", "adress": "Hertzstraße 12", "sportart": null, "lon": 8.3659723, "lat": 49.0205975 }, "geometry": { "type": "Point", "coordinates": [ 8.3659723, 49.0205975 ] } },
{ "type": "Feature", "properties": { "id": "way/89279799", "city": "karlsruhe", "uni": "hochschule", "category": "sporteinrichtungen", "name": "Sporthalle Rintheim", "adress": "Mannheimer Straße 2", "sportart": null, "lon": 8.4401778, "lat": 49.0110476 }, "geometry": { "type": "Point", "coordinates": [ 8.4401778, 49.0110476 ] } },
{ "type": "Feature", "properties": { "id": "way/89970935", "city": "karlsruhe", "uni": "hochschule", "category": "sporteinrichtungen", "name": "Sport- und Freizeitzentrum „Kwak-Sport“", "adress": null, "sportart": null, "lon": 8.4311155, "lat": 49.0103843 }, "geometry": { "type": "Point", "coordinates": [ 8.4311155, 49.0103843 ] } },
{ "type": "Feature", "properties": { "id": "way/90057556", "city": "karlsruhe", "uni": "hochschule", "category": "sporteinrichtungen", "name": "Beach 21", "adress": null, "sportart": null, "lon": 8.4406264, "lat": 49.0269217 }, "geometry": { "type": "Point", "coordinates": [ 8.4406264, 49.0269217 ] } },
{ "type": "Feature", "properties": { "id": "way/90565151", "city": "karlsruhe", "uni": "hochschule", "category": "sporteinrichtungen", "name": "Sporthalle Heinrich-Köhler-Schule", "adress": null, "sportart": null, "lon": 8.4389609, "lat": 49.0138271 }, "geometry": { "type": "Point", "coordinates": [ 8.4389609, 49.0138271 ] } },
{ "type": "Feature", "properties": { "id": "way/93709788", "city": "karlsruhe", "uni": "hochschule", "category": "sporteinrichtungen", "name": "TuS Neureut", "adress": "Rechts der langen Richtstatt 4", "sportart": null, "lon": 8.3660613, "lat": 49.0421428 }, "geometry": { "type": "Point", "coordinates": [ 8.3660613, 49.0421428 ] } },
{ "type": "Feature", "properties": { "id": "way/96796208", "city": "karlsruhe", "uni": "hochschule", "category": "sporteinrichtungen", "name": "MTV Karlsruhe", "adress": "Kanalweg 1", "sportart": null, "lon": 8.4166645, "lat": 49.0226756 }, "geometry": { "type": "Point", "coordinates": [ 8.4166645, 49.0226756 ] } },
{ "type": "Feature", "properties": { "id": "way/96796217", "city": "karlsruhe", "uni": "hochschule", "category": "sporteinrichtungen", "name": "Männerturnverein Karlsruhe 1881 e.V.", "adress": null, "sportart": null, "lon": 8.4179729, "lat": 49.0226773 }, "geometry": { "type": "Point", "coordinates": [ 8.4179729, 49.0226773 ] } },
{ "type": "Feature", "properties": { "id": "way/96822596", "city": "karlsruhe", "uni": "hochschule", "category": "sporteinrichtungen", "name": "Sporthalle der PH Karlsruhe", "adress": "Moltkestraße 10", "sportart": null, "lon": 8.3948733, "lat": 49.0147391 }, "geometry": { "type": "Point", "coordinates": [ 8.3948733, 49.0147391 ] } },
{ "type": "Feature", "properties": { "id": "way/96822602", "city": "karlsruhe", "uni": "hochschule", "category": "sporteinrichtungen", "name": "Hebel-Halle", "adress": null, "sportart": null, "lon": 8.3950989, "lat": 49.0153809 }, "geometry": { "type": "Point", "coordinates": [ 8.3950989, 49.0153809 ] } },
{ "type": "Feature", "properties": { "id": "way/97892079", "city": "karlsruhe", "uni": "hochschule", "category": "sporteinrichtungen", "name": "Friedrich-List-Schule", "adress": null, "sportart": null, "lon": 8.4143779, "lat": 49.0060852 }, "geometry": { "type": "Point", "coordinates": [ 8.4143779, 49.0060852 ] } },
{ "type": "Feature", "properties": { "id": "way/98910689", "city": "karlsruhe", "uni": "hochschule", "category": "sporteinrichtungen", "name": "Tennishalle Turnerschaft Mühlburg", "adress": null, "sportart": null, "lon": 8.3506162, "lat": 49.0165634 }, "geometry": { "type": "Point", "coordinates": [ 8.3506162, 49.0165634 ] } },
{ "type": "Feature", "properties": { "id": "way/99863073", "city": "karlsruhe", "uni": "hochschule", "category": "sporteinrichtungen", "name": "Eichelgartenhalle", "adress": "Rosenweg 1", "sportart": null, "lon": 8.4154906, "lat": 48.9758802 }, "geometry": { "type": "Point", "coordinates": [ 8.4154906, 48.9758802 ] } },
{ "type": "Feature", "properties": { "id": "way/100769225", "city": "karlsruhe", "uni": "hochschule", "category": "sporteinrichtungen", "name": "SG Karlsruhe", "adress": "Hertzstraße 23", "sportart": null, "lon": 8.3647345, "lat": 49.0258112 }, "geometry": { "type": "Point", "coordinates": [ 8.3647345, 49.0258112 ] } },
{ "type": "Feature", "properties": { "id": "way/100951418", "city": "karlsruhe", "uni": "hochschule", "category": "sporteinrichtungen", "name": "FC West", "adress": null, "sportart": null, "lon": 8.3648382, "lat": 49.0227925 }, "geometry": { "type": "Point", "coordinates": [ 8.3648382, 49.0227925 ] } },
{ "type": "Feature", "properties": { "id": "way/100951421", "city": "karlsruhe", "uni": "hochschule", "category": "sporteinrichtungen", "name": "TC Karlsruhe-West", "adress": null, "sportart": null, "lon": 8.3640988, "lat": 49.0224563 }, "geometry": { "type": "Point", "coordinates": [ 8.3640988, 49.0224563 ] } },
{ "type": "Feature", "properties": { "id": "way/101152006", "city": "karlsruhe", "uni": "hochschule", "category": "sporteinrichtungen", "name": "Sporthalle 1", "adress": "Unterfeldstraße", "sportart": null, "lon": 8.3762273, "lat": 49.0447346 }, "geometry": { "type": "Point", "coordinates": [ 8.3762273, 49.0447346 ] } },
{ "type": "Feature", "properties": { "id": "way/101152016", "city": "karlsruhe", "uni": "hochschule", "category": "sporteinrichtungen", "name": "Sporthalle 2", "adress": "Unterfeldstraße", "sportart": null, "lon": 8.3768828, "lat": 49.0449963 }, "geometry": { "type": "Point", "coordinates": [ 8.3768828, 49.0449963 ] } },
{ "type": "Feature", "properties": { "id": "way/104842139", "city": "karlsruhe", "uni": "hochschule", "category": "sporteinrichtungen", "name": "Sporteinrichtung", "adress": null, "sportart": null, "lon": 8.3662981, "lat": 48.9883601 }, "geometry": { "type": "Point", "coordinates": [ 8.3662981, 48.9883601 ] } },
{ "type": "Feature", "properties": { "id": "way/104990099", "city": "karlsruhe", "uni": "hochschule", "category": "sporteinrichtungen", "name": "The Rock Boulderhalle", "adress": "Erlachseeweg 1", "sportart": null, "lon": 8.4381693, "lat": 48.9852451 }, "geometry": { "type": "Point", "coordinates": [ 8.4381693, 48.9852451 ] } },
{ "type": "Feature", "properties": { "id": "way/109962386", "city": "karlsruhe", "uni": "hochschule", "category": "sporteinrichtungen", "name": "GRENKE aKAdemie", "adress": null, "sportart": null, "lon": 8.4109857, "lat": 49.0194413 }, "geometry": { "type": "Point", "coordinates": [ 8.4109857, 49.0194413 ] } },
{ "type": "Feature", "properties": { "id": "way/110537695", "city": "karlsruhe", "uni": "hochschule", "category": "sporteinrichtungen", "name": "Sporthalle Wildpark", "adress": "Adenauerring 19", "sportart": null, "lon": 8.4100148, "lat": 49.0192634 }, "geometry": { "type": "Point", "coordinates": [ 8.4100148, 49.0192634 ] } },
{ "type": "Feature", "properties": { "id": "way/110644863", "city": "karlsruhe", "uni": "hochschule", "category": "sporteinrichtungen", "name": "Karlsruher Ruder-Verein Wiking v. 1879 e.V.", "adress": "Hansastraße 18b", "sportart": null, "lon": 8.3349848, "lat": 49.0101272 }, "geometry": { "type": "Point", "coordinates": [ 8.3349848, 49.0101272 ] } },
{ "type": "Feature", "properties": { "id": "way/110644864", "city": "karlsruhe", "uni": "hochschule", "category": "sporteinrichtungen", "name": "Rheinbrüder", "adress": "Hansastraße 18", "sportart": null, "lon": 8.3354846, "lat": 49.0100824 }, "geometry": { "type": "Point", "coordinates": [ 8.3354846, 49.0100824 ] } },
{ "type": "Feature", "properties": { "id": "way/111138651", "city": "karlsruhe", "uni": "hochschule", "category": "sporteinrichtungen", "name": "Weinbrennerhalle", "adress": null, "sportart": null, "lon": 8.3771246, "lat": 49.0045962 }, "geometry": { "type": "Point", "coordinates": [ 8.3771246, 49.0045962 ] } },
{ "type": "Feature", "properties": { "id": "way/111641963", "city": "karlsruhe", "uni": "hochschule", "category": "sporteinrichtungen", "name": "Rheinstrandhalle", "adress": "Lindenallee 12", "sportart": null, "lon": 8.3391495, "lat": 48.9984596 }, "geometry": { "type": "Point", "coordinates": [ 8.3391495, 48.9984596 ] } },
{ "type": "Feature", "properties": { "id": "way/111787745", "city": "karlsruhe", "uni": "hochschule", "category": "sporteinrichtungen", "name": "Sporteinrichtung", "adress": null, "sportart": null, "lon": 8.4409755, "lat": 49.0259674 }, "geometry": { "type": "Point", "coordinates": [ 8.4409755, 49.0259674 ] } },
{ "type": "Feature", "properties": { "id": "way/111787767", "city": "karlsruhe", "uni": "hochschule", "category": "sporteinrichtungen", "name": "Sporteinrichtung", "adress": null, "sportart": null, "lon": 8.4393185, "lat": 49.0249584 }, "geometry": { "type": "Point", "coordinates": [ 8.4393185, 49.0249584 ] } },
{ "type": "Feature", "properties": { "id": "way/116488025", "city": "karlsruhe", "uni": "hochschule", "category": "sporteinrichtungen", "name": "Friedrich-Ebert-Halle", "adress": null, "sportart": null, "lon": 8.3633159, "lat": 49.0087161 }, "geometry": { "type": "Point", "coordinates": [ 8.3633159, 49.0087161 ] } },
{ "type": "Feature", "properties": { "id": "way/118703950", "city": "karlsruhe", "uni": "hochschule", "category": "sporteinrichtungen", "name": "ESG Frankonia Karlsruhe", "adress": null, "sportart": null, "lon": 8.4433971, "lat": 49.0032998 }, "geometry": { "type": "Point", "coordinates": [ 8.4433971, 49.0032998 ] } },
{ "type": "Feature", "properties": { "id": "way/119240484", "city": "karlsruhe", "uni": "hochschule", "category": "sporteinrichtungen", "name": "Sporteinrichtung", "adress": "Tristanstraße 1", "sportart": null, "lon": 8.3684114, "lat": 49.0149268 }, "geometry": { "type": "Point", "coordinates": [ 8.3684114, 49.0149268 ] } },
{ "type": "Feature", "properties": { "id": "way/122164530", "city": "karlsruhe", "uni": "hochschule", "category": "sporteinrichtungen", "name": "Clever fit", "adress": "Zeppelinstraße 14", "sportart": null, "lon": 8.3610803, "lat": 49.0027456 }, "geometry": { "type": "Point", "coordinates": [ 8.3610803, 49.0027456 ] } },
{ "type": "Feature", "properties": { "id": "way/122164583", "city": "karlsruhe", "uni": "hochschule", "category": "sporteinrichtungen", "name": "Boulderhalle Steil", "adress": null, "sportart": null, "lon": 8.361457, "lat": 48.9988873 }, "geometry": { "type": "Point", "coordinates": [ 8.361457, 48.9988873 ] } },
{ "type": "Feature", "properties": { "id": "way/123349545", "city": "karlsruhe", "uni": "hochschule", "category": "sporteinrichtungen", "name": "Bulldog Gym", "adress": "Daxlander Straße 70a", "sportart": null, "lon": 8.3445162, "lat": 49.0072485 }, "geometry": { "type": "Point", "coordinates": [ 8.3445162, 49.0072485 ] } },
{ "type": "Feature", "properties": { "id": "way/123816096", "city": "karlsruhe", "uni": "hochschule", "category": "sporteinrichtungen", "name": "Turnhalle Beiertheim-Grundschule", "adress": "Marie-Alexandra-Straße 53", "sportart": null, "lon": 8.3861257, "lat": 48.9927652 }, "geometry": { "type": "Point", "coordinates": [ 8.3861257, 48.9927652 ] } },
{ "type": "Feature", "properties": { "id": "way/128380623", "city": "karlsruhe", "uni": "hochschule", "category": "sporteinrichtungen", "name": "Schützenabteilung der ESG Frankonia Karlsruhe", "adress": null, "sportart": null, "lon": 8.3863896, "lat": 48.984077 }, "geometry": { "type": "Point", "coordinates": [ 8.3863896, 48.984077 ] } },
{ "type": "Feature", "properties": { "id": "way/128910821", "city": "karlsruhe", "uni": "hochschule", "category": "sporteinrichtungen", "name": "Reinhold-Crocoll-Halle", "adress": "Am Brurain 6", "sportart": null, "lon": 8.3418024, "lat": 49.0375714 }, "geometry": { "type": "Point", "coordinates": [ 8.3418024, 49.0375714 ] } },
{ "type": "Feature", "properties": { "id": "way/129198162", "city": "karlsruhe", "uni": "hochschule", "category": "sporteinrichtungen", "name": "Waldsportplatz Neureut", "adress": null, "sportart": null, "lon": 8.4006405, "lat": 49.0461586 }, "geometry": { "type": "Point", "coordinates": [ 8.4006405, 49.0461586 ] } },
{ "type": "Feature", "properties": { "id": "way/130170651", "city": "karlsruhe", "uni": "hochschule", "category": "sporteinrichtungen", "name": "Eichendorfschule", "adress": null, "sportart": null, "lon": 8.4471309, "lat": 49.0377867 }, "geometry": { "type": "Point", "coordinates": [ 8.4471309, 49.0377867 ] } },
{ "type": "Feature", "properties": { "id": "way/131508942", "city": "karlsruhe", "uni": "hochschule", "category": "sporteinrichtungen", "name": "Halle 1", "adress": null, "sportart": null, "lon": 8.4047333, "lat": 48.9843751 }, "geometry": { "type": "Point", "coordinates": [ 8.4047333, 48.9843751 ] } },
{ "type": "Feature", "properties": { "id": "way/131508944", "city": "karlsruhe", "uni": "hochschule", "category": "sporteinrichtungen", "name": "PSD Bank-Halle", "adress": null, "sportart": null, "lon": 8.4044701, "lat": 48.9845204 }, "geometry": { "type": "Point", "coordinates": [ 8.4044701, 48.9845204 ] } },
{ "type": "Feature", "properties": { "id": "way/132161233", "city": "karlsruhe", "uni": "hochschule", "category": "sporteinrichtungen", "name": "Adolf-Ehrmann-Bad Neureut", "adress": "Unterfeldstraße 46", "sportart": null, "lon": 8.3859599, "lat": 49.0506138 }, "geometry": { "type": "Point", "coordinates": [ 8.3859599, 49.0506138 ] } },
{ "type": "Feature", "properties": { "id": "way/133023870", "city": "karlsruhe", "uni": "hochschule", "category": "sporteinrichtungen", "name": "Spielvereinigung 1910 Durlach-Aue e.V.", "adress": "Erlachseeweg 1", "sportart": null, "lon": 8.4391861, "lat": 48.9859172 }, "geometry": { "type": "Point", "coordinates": [ 8.4391861, 48.9859172 ] } },
{ "type": "Feature", "properties": { "id": "way/133880313", "city": "karlsruhe", "uni": "hochschule", "category": "sporteinrichtungen", "name": "Sporteinrichtung", "adress": null, "sportart": null, "lon": 8.4329912, "lat": 48.9938687 }, "geometry": { "type": "Point", "coordinates": [ 8.4329912, 48.9938687 ] } },
{ "type": "Feature", "properties": { "id": "way/134898031", "city": "karlsruhe", "uni": "hochschule", "category": "sporteinrichtungen", "name": "Budo-Club Karlsruhe e.V.", "adress": "Blücherstraße 15", "sportart": null, "lon": 8.3768227, "lat": 49.0129718 }, "geometry": { "type": "Point", "coordinates": [ 8.3768227, 49.0129718 ] } },
{ "type": "Feature", "properties": { "id": "way/150903836", "city": "karlsruhe", "uni": "hochschule", "category": "sporteinrichtungen", "name": "Sporthalle Otto-Hahn-Gymnasium", "adress": "Im Eichbäumle 1", "sportart": null, "lon": 8.4444631, "lat": 49.0332019 }, "geometry": { "type": "Point", "coordinates": [ 8.4444631, 49.0332019 ] } },
{ "type": "Feature", "properties": { "id": "way/157558736", "city": "karlsruhe", "uni": "hochschule", "category": "sporteinrichtungen", "name": "Bulacher SC", "adress": null, "sportart": null, "lon": 8.3783596, "lat": 48.9804469 }, "geometry": { "type": "Point", "coordinates": [ 8.3783596, 48.9804469 ] } },
{ "type": "Feature", "properties": { "id": "way/160218815", "city": "karlsruhe", "uni": "hochschule", "category": "sporteinrichtungen", "name": "Gehörlosenzentrum", "adress": "Im Jagdgrund 8", "sportart": null, "lon": 8.3263563, "lat": 49.0018689 }, "geometry": { "type": "Point", "coordinates": [ 8.3263563, 49.0018689 ] } },
{ "type": "Feature", "properties": { "id": "way/219077517", "city": "karlsruhe", "uni": "hochschule", "category": "sporteinrichtungen", "name": "Karlsruher Turnverein 1846", "adress": null, "sportart": null, "lon": 8.4080252, "lat": 49.0269743 }, "geometry": { "type": "Point", "coordinates": [ 8.4080252, 49.0269743 ] } },
{ "type": "Feature", "properties": { "id": "way/226214880", "city": "karlsruhe", "uni": "hochschule", "category": "sporteinrichtungen", "name": "Post Südstadt Karlsruhe", "adress": null, "sportart": null, "lon": 8.4061929, "lat": 48.9891473 }, "geometry": { "type": "Point", "coordinates": [ 8.4061929, 48.9891473 ] } },
{ "type": "Feature", "properties": { "id": "way/226214881", "city": "karlsruhe", "uni": "hochschule", "category": "sporteinrichtungen", "name": "Post Südstadt Karlsruhe", "adress": null, "sportart": null, "lon": 8.4060604, "lat": 48.9835936 }, "geometry": { "type": "Point", "coordinates": [ 8.4060604, 48.9835936 ] } },
{ "type": "Feature", "properties": { "id": "way/226214882", "city": "karlsruhe", "uni": "hochschule", "category": "sporteinrichtungen", "name": "FC Südstern 06 Karlsruhe", "adress": null, "sportart": null, "lon": 8.4054481, "lat": 48.985932 }, "geometry": { "type": "Point", "coordinates": [ 8.4054481, 48.985932 ] } },
{ "type": "Feature", "properties": { "id": "way/243328406", "city": "karlsruhe", "uni": "hochschule", "category": "sporteinrichtungen", "name": "TC Grün-Weiß", "adress": null, "sportart": null, "lon": 8.4229152, "lat": 49.0023642 }, "geometry": { "type": "Point", "coordinates": [ 8.4229152, 49.0023642 ] } },
{ "type": "Feature", "properties": { "id": "way/250840722", "city": "karlsruhe", "uni": "hochschule", "category": "sporteinrichtungen", "name": "Sport 21", "adress": "Am Fächerbad 4", "sportart": null, "lon": 8.4453166, "lat": 49.0260861 }, "geometry": { "type": "Point", "coordinates": [ 8.4453166, 49.0260861 ] } },
{ "type": "Feature", "properties": { "id": "node/277985603", "city": "karlsruhe", "uni": "hochschule", "category": "sporteinrichtungen", "name": "Kieser Training", "adress": "Herrenstraße 23", "sportart": null, "lon": 8.3989156, "lat": 49.0091957 }, "geometry": { "type": "Point", "coordinates": [ 8.3989156, 49.0091957 ] } },
{ "type": "Feature", "properties": { "id": "way/287339994", "city": "karlsruhe", "uni": "hochschule", "category": "sporteinrichtungen", "name": "Zucht- und Rennverein Karlsruhe-Knielingen e.V.", "adress": null, "sportart": null, "lon": 8.3362806, "lat": 49.0276013 }, "geometry": { "type": "Point", "coordinates": [ 8.3362806, 49.0276013 ] } },
{ "type": "Feature", "properties": { "id": "way/289726070", "city": "karlsruhe", "uni": "hochschule", "category": "sporteinrichtungen", "name": "Rudi Seiter Turnzentrum", "adress": "Am Fächerbad 9", "sportart": null, "lon": 8.4466697, "lat": 49.0248467 }, "geometry": { "type": "Point", "coordinates": [ 8.4466697, 49.0248467 ] } },
{ "type": "Feature", "properties": { "id": "way/305683616", "city": "karlsruhe", "uni": "hochschule", "category": "sporteinrichtungen", "name": "Fit-in", "adress": "Ebertstraße 52", "sportart": null, "lon": 8.3865243, "lat": 48.9955575 }, "geometry": { "type": "Point", "coordinates": [ 8.3865243, 48.9955575 ] } },
{ "type": "Feature", "properties": { "id": "node/312916741", "city": "karlsruhe", "uni": "hochschule", "category": "sporteinrichtungen", "name": "mae Studio", "adress": null, "sportart": null, "lon": 8.3799432, "lat": 49.0105014 }, "geometry": { "type": "Point", "coordinates": [ 8.3799432, 49.0105014 ] } },
{ "type": "Feature", "properties": { "id": "way/313852850", "city": "karlsruhe", "uni": "hochschule", "category": "sporteinrichtungen", "name": "KETV", "adress": null, "sportart": null, "lon": 8.3649913, "lat": 49.0066192 }, "geometry": { "type": "Point", "coordinates": [ 8.3649913, 49.0066192 ] } },
{ "type": "Feature", "properties": { "id": "node/315379535", "city": "karlsruhe", "uni": "hochschule", "category": "sporteinrichtungen", "name": "Karlsruher Bridge-Sport-Club", "adress": "Durmersheimer Straße 53", "sportart": null, "lon": 8.3552866, "lat": 49.0024659 }, "geometry": { "type": "Point", "coordinates": [ 8.3552866, 49.0024659 ] } },
{ "type": "Feature", "properties": { "id": "way/322670534", "city": "karlsruhe", "uni": "hochschule", "category": "sporteinrichtungen", "name": "Sporteinrichtung", "adress": "Hansastraße 20b", "sportart": null, "lon": 8.3356045, "lat": 49.0098506 }, "geometry": { "type": "Point", "coordinates": [ 8.3356045, 49.0098506 ] } },
{ "type": "Feature", "properties": { "id": "way/323229550", "city": "karlsruhe", "uni": "hochschule", "category": "sporteinrichtungen", "name": "FSSV Karlsruhe", "adress": null, "sportart": null, "lon": 8.3940241, "lat": 49.0235525 }, "geometry": { "type": "Point", "coordinates": [ 8.3940241, 49.0235525 ] } },
{ "type": "Feature", "properties": { "id": "way/326258463", "city": "karlsruhe", "uni": "hochschule", "category": "sporteinrichtungen", "name": "SV Karlsruhe-Beiertheim", "adress": null, "sportart": null, "lon": 8.3782446, "lat": 48.9951767 }, "geometry": { "type": "Point", "coordinates": [ 8.3782446, 48.9951767 ] } },
{ "type": "Feature", "properties": { "id": "way/329896438", "city": "karlsruhe", "uni": "hochschule", "category": "sporteinrichtungen", "name": "TSV Rintheim", "adress": null, "sportart": null, "lon": 8.4417058, "lat": 49.0105415 }, "geometry": { "type": "Point", "coordinates": [ 8.4417058, 49.0105415 ] } },
{ "type": "Feature", "properties": { "id": "way/331118324", "city": "karlsruhe", "uni": "hochschule", "category": "sporteinrichtungen", "name": "Pell Rich Stadion", "adress": null, "sportart": null, "lon": 8.398033, "lat": 49.055601 }, "geometry": { "type": "Point", "coordinates": [ 8.398033, 49.055601 ] } },
{ "type": "Feature", "properties": { "id": "way/332530846", "city": "karlsruhe", "uni": "hochschule", "category": "sporteinrichtungen", "name": "Traugott-Bender-Sportpark", "adress": null, "sportart": null, "lon": 8.4419511, "lat": 49.0256925 }, "geometry": { "type": "Point", "coordinates": [ 8.4419511, 49.0256925 ] } },
{ "type": "Feature", "properties": { "id": "way/332555363", "city": "karlsruhe", "uni": "hochschule", "category": "sporteinrichtungen", "name": "Sportpark Bruchwegäcker Knielingen", "adress": null, "sportart": null, "lon": 8.330409, "lat": 49.0385409 }, "geometry": { "type": "Point", "coordinates": [ 8.330409, 49.0385409 ] } },
{ "type": "Feature", "properties": { "id": "way/334936706", "city": "karlsruhe", "uni": "hochschule", "category": "sporteinrichtungen", "name": "FC Germania Neureut 07", "adress": null, "sportart": null, "lon": 8.367647, "lat": 49.0473455 }, "geometry": { "type": "Point", "coordinates": [ 8.367647, 49.0473455 ] } },
{ "type": "Feature", "properties": { "id": "way/371774193", "city": "karlsruhe", "uni": "hochschule", "category": "sporteinrichtungen", "name": "Karlsruher Sport-Club", "adress": "Adenauerring 17", "sportart": null, "lon": 8.4120842, "lat": 49.0193374 }, "geometry": { "type": "Point", "coordinates": [ 8.4120842, 49.0193374 ] } },
{ "type": "Feature", "properties": { "id": "way/372219216", "city": "karlsruhe", "uni": "hochschule", "category": "sporteinrichtungen", "name": "SpVgg Olympia Hertha", "adress": null, "sportart": null, "lon": 8.4104136, "lat": 49.025956 }, "geometry": { "type": "Point", "coordinates": [ 8.4104136, 49.025956 ] } },
{ "type": "Feature", "properties": { "id": "way/372874680", "city": "karlsruhe", "uni": "hochschule", "category": "sporteinrichtungen", "name": "Tennisclub Grünwinkel", "adress": "Mittelschmallen", "sportart": null, "lon": 8.3692337, "lat": 48.9904945 }, "geometry": { "type": "Point", "coordinates": [ 8.3692337, 48.9904945 ] } },
{ "type": "Feature", "properties": { "id": "way/383412214", "city": "karlsruhe", "uni": "hochschule", "category": "sporteinrichtungen", "name": "Grundschule am Wasserturm", "adress": null, "sportart": null, "lon": 8.417402, "lat": 49.0028626 }, "geometry": { "type": "Point", "coordinates": [ 8.417402, 49.0028626 ] } },
{ "type": "Feature", "properties": { "id": "node/424210867", "city": "karlsruhe", "uni": "hochschule", "category": "sporteinrichtungen", "name": "KampfKunstCenter Karlsruhe", "adress": "Waldstraße 23", "sportart": null, "lon": 8.3989905, "lat": 49.0104377 }, "geometry": { "type": "Point", "coordinates": [ 8.3989905, 49.0104377 ] } },
{ "type": "Feature", "properties": { "id": "way/435026679", "city": "karlsruhe", "uni": "hochschule", "category": "sporteinrichtungen", "name": "DAV Kletter Boulder Zentrum Karlsruhe", "adress": "Am Fächerbad 2", "sportart": null, "lon": 8.4458634, "lat": 49.0259931 }, "geometry": { "type": "Point", "coordinates": [ 8.4458634, 49.0259931 ] } },
{ "type": "Feature", "properties": { "id": "way/444942434", "city": "karlsruhe", "uni": "hochschule", "category": "sporteinrichtungen", "name": "Pfitzenmeier Premium Resort", "adress": "Rudolf-Freytag-Straße 6", "sportart": null, "lon": 8.3457278, "lat": 49.0000624 }, "geometry": { "type": "Point", "coordinates": [ 8.3457278, 49.0000624 ] } },
{ "type": "Feature", "properties": { "id": "node/540131050", "city": "karlsruhe", "uni": "hochschule", "category": "sporteinrichtungen", "name": "our.class", "adress": "Ebertstraße 44", "sportart": null, "lon": 8.3875975, "lat": 48.9954243 }, "geometry": { "type": "Point", "coordinates": [ 8.3875975, 48.9954243 ] } },
{ "type": "Feature", "properties": { "id": "way/556355341", "city": "karlsruhe", "uni": "hochschule", "category": "sporteinrichtungen", "name": "FC Karlsruhe", "adress": "Kanalweg 2", "sportart": null, "lon": 8.4185888, "lat": 49.0244519 }, "geometry": { "type": "Point", "coordinates": [ 8.4185888, 49.0244519 ] } },
{ "type": "Feature", "properties": { "id": "way/556359238", "city": "karlsruhe", "uni": "hochschule", "category": "sporteinrichtungen", "name": "VdH Karlsruhe", "adress": "Theodor-Heuss-Allee 2", "sportart": null, "lon": 8.420268, "lat": 49.0255785 }, "geometry": { "type": "Point", "coordinates": [ 8.420268, 49.0255785 ] } },
{ "type": "Feature", "properties": { "id": "way/575970094", "city": "karlsruhe", "uni": "hochschule", "category": "sporteinrichtungen", "name": "Reformers", "adress": "Durlacher Allee 111", "sportart": null, "lon": 8.450154, "lat": 49.0043903 }, "geometry": { "type": "Point", "coordinates": [ 8.450154, 49.0043903 ] } },
{ "type": "Feature", "properties": { "id": "way/614023491", "city": "karlsruhe", "uni": "hochschule", "category": "sporteinrichtungen", "name": "Trimedic Centrum für Gesundheitsförderung", "adress": "Ohiostraße 4", "sportart": null, "lon": 8.3947774, "lat": 49.030702 }, "geometry": { "type": "Point", "coordinates": [ 8.3947774, 49.030702 ] } },
{ "type": "Feature", "properties": { "id": "way/699102186", "city": "karlsruhe", "uni": "hochschule", "category": "sporteinrichtungen", "name": "Bismarck-Halle", "adress": null, "sportart": null, "lon": 8.3950093, "lat": 49.0151095 }, "geometry": { "type": "Point", "coordinates": [ 8.3950093, 49.0151095 ] } },
{ "type": "Feature", "properties": { "id": "way/743274098", "city": "karlsruhe", "uni": "hochschule", "category": "sporteinrichtungen", "name": "Nebeniusschule", "adress": null, "sportart": null, "lon": 8.4075973, "lat": 48.9968921 }, "geometry": { "type": "Point", "coordinates": [ 8.4075973, 48.9968921 ] } },
{ "type": "Feature", "properties": { "id": "way/743571968", "city": "karlsruhe", "uni": "hochschule", "category": "sporteinrichtungen", "name": "Unibad", "adress": null, "sportart": null, "lon": 8.4162751, "lat": 49.0156538 }, "geometry": { "type": "Point", "coordinates": [ 8.4162751, 49.0156538 ] } },
{ "type": "Feature", "properties": { "id": "way/771874346", "city": "karlsruhe", "uni": "hochschule", "category": "sporteinrichtungen", "name": "Multifunktionshalle", "adress": null, "sportart": null, "lon": 8.415242, "lat": 49.0169047 }, "geometry": { "type": "Point", "coordinates": [ 8.415242, 49.0169047 ] } },
{ "type": "Feature", "properties": { "id": "way/863358785", "city": "karlsruhe", "uni": "hochschule", "category": "sporteinrichtungen", "name": "Sparda Sportpark", "adress": null, "sportart": null, "lon": 8.415399, "lat": 49.0173614 }, "geometry": { "type": "Point", "coordinates": [ 8.415399, 49.0173614 ] } },
{ "type": "Feature", "properties": { "id": "node/879626370", "city": "karlsruhe", "uni": "hochschule", "category": "sporteinrichtungen", "name": "Mrs. Sporty", "adress": null, "sportart": null, "lon": 8.3813569, "lat": 49.0080405 }, "geometry": { "type": "Point", "coordinates": [ 8.3813569, 49.0080405 ] } },
{ "type": "Feature", "properties": { "id": "way/884363717", "city": "karlsruhe", "uni": "hochschule", "category": "sporteinrichtungen", "name": "Lina-Radke-Halle", "adress": "Steinhäuserstraße 29", "sportart": null, "lon": 8.3818305, "lat": 48.9966093 }, "geometry": { "type": "Point", "coordinates": [ 8.3818305, 48.9966093 ] } },
{ "type": "Feature", "properties": { "id": "node/996110456", "city": "karlsruhe", "uni": "hochschule", "category": "sporteinrichtungen", "name": "Jonny M.", "adress": "Kaiserstraße 146", "sportart": null, "lon": 8.3947038, "lat": 49.010201 }, "geometry": { "type": "Point", "coordinates": [ 8.3947038, 49.010201 ] } },
{ "type": "Feature", "properties": { "id": "way/1018802226", "city": "karlsruhe", "uni": "hochschule", "category": "sporteinrichtungen", "name": "Sporteinrichtung", "adress": null, "sportart": null, "lon": 8.423495, "lat": 49.0025184 }, "geometry": { "type": "Point", "coordinates": [ 8.423495, 49.0025184 ] } },
{ "type": "Feature", "properties": { "id": "way/1046189304", "city": "karlsruhe", "uni": "hochschule", "category": "sporteinrichtungen", "name": "Turn- und Sportverein 1874 Rüppurr", "adress": "Steinmannstraße 1", "sportart": null, "lon": 8.417102, "lat": 48.9736257 }, "geometry": { "type": "Point", "coordinates": [ 8.417102, 48.9736257 ] } },
{ "type": "Feature", "properties": { "id": "way/1050553716", "city": "karlsruhe", "uni": "hochschule", "category": "sporteinrichtungen", "name": "DJK Daxlanden", "adress": null, "sportart": null, "lon": 8.3279898, "lat": 48.9998314 }, "geometry": { "type": "Point", "coordinates": [ 8.3279898, 48.9998314 ] } },
{ "type": "Feature", "properties": { "id": "node/1053693926", "city": "karlsruhe", "uni": "hochschule", "category": "sporteinrichtungen", "name": "VeniceBeach Fitness", "adress": "Rüppurrer Straße 1", "sportart": null, "lon": 8.4112896, "lat": 49.0056528 }, "geometry": { "type": "Point", "coordinates": [ 8.4112896, 49.0056528 ] } },
{ "type": "Feature", "properties": { "id": "way/1053763605", "city": "karlsruhe", "uni": "hochschule", "category": "sporteinrichtungen", "name": "Sporteinrichtung", "adress": null, "sportart": null, "lon": 8.3780733, "lat": 48.9958854 }, "geometry": { "type": "Point", "coordinates": [ 8.3780733, 48.9958854 ] } },
{ "type": "Feature", "properties": { "id": "way/1084409389", "city": "karlsruhe", "uni": "hochschule", "category": "sporteinrichtungen", "name": "TSV Bulach", "adress": "Sankt-Florian-Straße 12-14", "sportart": null, "lon": 8.3862376, "lat": 48.9904206 }, "geometry": { "type": "Point", "coordinates": [ 8.3862376, 48.9904206 ] } },
{ "type": "Feature", "properties": { "id": "way/1110749965", "city": "karlsruhe", "uni": "hochschule", "category": "sporteinrichtungen", "name": "Sporteinrichtung", "adress": null, "sportart": null, "lon": 8.3524433, "lat": 49.0001264 }, "geometry": { "type": "Point", "coordinates": [ 8.3524433, 49.0001264 ] } },
{ "type": "Feature", "properties": { "id": "way/1188409336", "city": "karlsruhe", "uni": "hochschule", "category": "sporteinrichtungen", "name": "TC Neureut", "adress": null, "sportart": null, "lon": 8.3667538, "lat": 49.0414339 }, "geometry": { "type": "Point", "coordinates": [ 8.3667538, 49.0414339 ] } },
{ "type": "Feature", "properties": { "id": "way/1230262881", "city": "karlsruhe", "uni": "hochschule", "category": "sporteinrichtungen", "name": "Dragoner Sporthalle", "adress": null, "sportart": null, "lon": 8.3753258, "lat": 49.0120925 }, "geometry": { "type": "Point", "coordinates": [ 8.3753258, 49.0120925 ] } },
{ "type": "Feature", "properties": { "id": "way/1238502605", "city": "karlsruhe", "uni": "hochschule", "category": "sporteinrichtungen", "name": "Bundesstützpunkt Kanurennsport", "adress": null, "sportart": null, "lon": 8.3356139, "lat": 49.0098365 }, "geometry": { "type": "Point", "coordinates": [ 8.3356139, 49.0098365 ] } },
{ "type": "Feature", "properties": { "id": "way/1238502606", "city": "karlsruhe", "uni": "hochschule", "category": "sporteinrichtungen", "name": "Sporteinrichtung", "adress": null, "sportart": null, "lon": 8.3351083, "lat": 49.0101731 }, "geometry": { "type": "Point", "coordinates": [ 8.3351083, 49.0101731 ] } },
{ "type": "Feature", "properties": { "id": "way/1287641862", "city": "karlsruhe", "uni": "hochschule", "category": "sporteinrichtungen", "name": "DJK Karlsruhe-Ost", "adress": null, "sportart": null, "lon": 8.4116399, "lat": 49.0264442 }, "geometry": { "type": "Point", "coordinates": [ 8.4116399, 49.0264442 ] } },
{ "type": "Feature", "properties": { "id": "node/1305923030", "city": "karlsruhe", "uni": "hochschule", "category": "sporteinrichtungen", "name": "Fit-in", "adress": "Kaiserstraße 94a", "sportart": null, "lon": 8.4006878, "lat": 49.0098765 }, "geometry": { "type": "Point", "coordinates": [ 8.4006878, 49.0098765 ] } },
{ "type": "Feature", "properties": { "id": "way/1352759563", "city": "karlsruhe", "uni": "hochschule", "category": "sporteinrichtungen", "name": "Sporteinrichtung", "adress": null, "sportart": null, "lon": 8.3713688, "lat": 49.0325911 }, "geometry": { "type": "Point", "coordinates": [ 8.3713688, 49.0325911 ] } },
{ "type": "Feature", "properties": { "id": "way/1416191211", "city": "karlsruhe", "uni": "hochschule", "category": "sporteinrichtungen", "name": "BFS Karlsruhe", "adress": null, "sportart": null, "lon": 8.4046382, "lat": 48.9885243 }, "geometry": { "type": "Point", "coordinates": [ 8.4046382, 48.9885243 ] } },
{ "type": "Feature", "properties": { "id": "way/1431816898", "city": "karlsruhe", "uni": "hochschule", "category": "sporteinrichtungen", "name": "SG Rüppurr", "adress": null, "sportart": null, "lon": 8.4071392, "lat": 48.9818681 }, "geometry": { "type": "Point", "coordinates": [ 8.4071392, 48.9818681 ] } },
{ "type": "Feature", "properties": { "id": "way/1435071878", "city": "karlsruhe", "uni": "hochschule", "category": "sporteinrichtungen", "name": "Schützengesellschaft Karlsruhe 1721", "adress": "Adenauerring 32", "sportart": null, "lon": 8.3977348, "lat": 49.0256771 }, "geometry": { "type": "Point", "coordinates": [ 8.3977348, 49.0256771 ] } },
{ "type": "Feature", "properties": { "id": "way/1449451854", "city": "karlsruhe", "uni": "hochschule", "category": "sporteinrichtungen", "name": "Verein für deutsche Schäferhunde - OG Karlsruhe 02", "adress": "Adenauerring 30", "sportart": null, "lon": 8.398395, "lat": 49.0248458 }, "geometry": { "type": "Point", "coordinates": [ 8.398395, 49.0248458 ] } },
{ "type": "Feature", "properties": { "id": "way/1484736032", "city": "karlsruhe", "uni": "hochschule", "category": "sporteinrichtungen", "name": "TC Heidenstücker e.V.", "adress": "Joachim-Kurzaj-Weg 1", "sportart": null, "lon": 8.3598782, "lat": 48.9942617 }, "geometry": { "type": "Point", "coordinates": [ 8.3598782, 48.9942617 ] } },
{ "type": "Feature", "properties": { "id": "way/1484744549", "city": "karlsruhe", "uni": "hochschule", "category": "sporteinrichtungen", "name": "Karlsruher FV", "adress": "Joachim-Kurzaj-Weg 5", "sportart": null, "lon": 8.3612886, "lat": 48.9944924 }, "geometry": { "type": "Point", "coordinates": [ 8.3612886, 48.9944924 ] } },
{ "type": "Feature", "properties": { "id": "node/1637566058", "city": "karlsruhe", "uni": "hochschule", "category": "sporteinrichtungen", "name": "Sporthalle Grundschule Bulach", "adress": null, "sportart": null, "lon": 8.379434, "lat": 48.9887664 }, "geometry": { "type": "Point", "coordinates": [ 8.379434, 48.9887664 ] } },
{ "type": "Feature", "properties": { "id": "node/1638000087", "city": "karlsruhe", "uni": "hochschule", "category": "sporteinrichtungen", "name": "Halle 1", "adress": null, "sportart": null, "lon": 8.4163651, "lat": 49.0160882 }, "geometry": { "type": "Point", "coordinates": [ 8.4163651, 49.0160882 ] } },
{ "type": "Feature", "properties": { "id": "node/2147671203", "city": "karlsruhe", "uni": "hochschule", "category": "sporteinrichtungen", "name": "Snap-Fit", "adress": "Karlstraße 67", "sportart": null, "lon": 8.3946206, "lat": 49.0014669 }, "geometry": { "type": "Point", "coordinates": [ 8.3946206, 49.0014669 ] } },
{ "type": "Feature", "properties": { "id": "node/2311562112", "city": "karlsruhe", "uni": "hochschule", "category": "sporteinrichtungen", "name": "Walk-In", "adress": null, "sportart": null, "lon": 8.4152052, "lat": 49.0158532 }, "geometry": { "type": "Point", "coordinates": [ 8.4152052, 49.0158532 ] } },
{ "type": "Feature", "properties": { "id": "node/2578360871", "city": "karlsruhe", "uni": "hochschule", "category": "sporteinrichtungen", "name": "Basis Karlsruhe", "adress": null, "sportart": null, "lon": 8.4052159, "lat": 48.9956075 }, "geometry": { "type": "Point", "coordinates": [ 8.4052159, 48.9956075 ] } },
{ "type": "Feature", "properties": { "id": "node/2828997348", "city": "karlsruhe", "uni": "hochschule", "category": "sporteinrichtungen", "name": "Bogenraum", "adress": "Steinstraße 23", "sportart": null, "lon": 8.4071024, "lat": 49.0068415 }, "geometry": { "type": "Point", "coordinates": [ 8.4071024, 49.0068415 ] } },
{ "type": "Feature", "properties": { "id": "node/2997742699", "city": "karlsruhe", "uni": "hochschule", "category": "sporteinrichtungen", "name": "Fitnessstudio Turnerschaft Mühlburg", "adress": null, "sportart": null, "lon": 8.3504772, "lat": 49.0168221 }, "geometry": { "type": "Point", "coordinates": [ 8.3504772, 49.0168221 ] } },
{ "type": "Feature", "properties": { "id": "node/3054647382", "city": "karlsruhe", "uni": "hochschule", "category": "sporteinrichtungen", "name": "GetFitness", "adress": "Heinrich-Wittmann-Straße 23", "sportart": null, "lon": 8.4426837, "lat": 49.0090954 }, "geometry": { "type": "Point", "coordinates": [ 8.4426837, 49.0090954 ] } },
{ "type": "Feature", "properties": { "id": "node/3054650630", "city": "karlsruhe", "uni": "hochschule", "category": "sporteinrichtungen", "name": "Sportprinz", "adress": "Unterweingartenfeld 6", "sportart": null, "lon": 8.3742043, "lat": 48.9922851 }, "geometry": { "type": "Point", "coordinates": [ 8.3742043, 48.9922851 ] } },
{ "type": "Feature", "properties": { "id": "node/3056460450", "city": "karlsruhe", "uni": "hochschule", "category": "sporteinrichtungen", "name": "ralf AMON aktiv und gesund", "adress": null, "sportart": null, "lon": 8.3854537, "lat": 49.0257828 }, "geometry": { "type": "Point", "coordinates": [ 8.3854537, 49.0257828 ] } },
{ "type": "Feature", "properties": { "id": "node/3366160577", "city": "karlsruhe", "uni": "hochschule", "category": "sporteinrichtungen", "name": "Körperformen", "adress": "Kaiserpassage", "sportart": null, "lon": 8.3969556, "lat": 49.0103615 }, "geometry": { "type": "Point", "coordinates": [ 8.3969556, 49.0103615 ] } },
{ "type": "Feature", "properties": { "id": "node/3470507013", "city": "karlsruhe", "uni": "hochschule", "category": "sporteinrichtungen", "name": "Sportprinz", "adress": "Daimlerstraße 15", "sportart": null, "lon": 8.3562812, "lat": 49.027886 }, "geometry": { "type": "Point", "coordinates": [ 8.3562812, 49.027886 ] } },
{ "type": "Feature", "properties": { "id": "node/4109525434", "city": "karlsruhe", "uni": "hochschule", "category": "sporteinrichtungen", "name": "Qi Gong Tai Chi Schule Karlsruhe Bruchsal", "adress": "Kaiserstraße 34a", "sportart": null, "lon": 8.4085144, "lat": 49.0095137 }, "geometry": { "type": "Point", "coordinates": [ 8.4085144, 49.0095137 ] } },
{ "type": "Feature", "properties": { "id": "node/4117663249", "city": "karlsruhe", "uni": "hochschule", "category": "sporteinrichtungen", "name": "Black Belt Center Karlsruhe", "adress": "Daimlerstraße 5a", "sportart": null, "lon": 8.3557393, "lat": 49.0254994 }, "geometry": { "type": "Point", "coordinates": [ 8.3557393, 49.0254994 ] } },
{ "type": "Feature", "properties": { "id": "node/4169796469", "city": "karlsruhe", "uni": "hochschule", "category": "sporteinrichtungen", "name": "VeniceBeach", "adress": "Kaiserstraße 217", "sportart": null, "lon": 8.3937887, "lat": 49.0090927 }, "geometry": { "type": "Point", "coordinates": [ 8.3937887, 49.0090927 ] } },
{ "type": "Feature", "properties": { "id": "node/4358025695", "city": "karlsruhe", "uni": "hochschule", "category": "sporteinrichtungen", "name": "Whin Chun Akademie", "adress": "Haid-und-Neu-Straße 6", "sportart": null, "lon": 8.4242277, "lat": 49.0114879 }, "geometry": { "type": "Point", "coordinates": [ 8.4242277, 49.0114879 ] } },
{ "type": "Feature", "properties": { "id": "node/4411516842", "city": "karlsruhe", "uni": "hochschule", "category": "sporteinrichtungen", "name": "Boxring46", "adress": "Saarlandstraße 20", "sportart": null, "lon": 8.3337822, "lat": 49.0332229 }, "geometry": { "type": "Point", "coordinates": [ 8.3337822, 49.0332229 ] } },
{ "type": "Feature", "properties": { "id": "node/4709822681", "city": "karlsruhe", "uni": "hochschule", "category": "sporteinrichtungen", "name": "Fitnessclub Miral", "adress": "Saarlandstraße 93", "sportart": null, "lon": 8.3412894, "lat": 49.030003 }, "geometry": { "type": "Point", "coordinates": [ 8.3412894, 49.030003 ] } },
{ "type": "Feature", "properties": { "id": "node/5212850421", "city": "karlsruhe", "uni": "hochschule", "category": "sporteinrichtungen", "name": "SSC Fitness- und Gesundheitsstudio", "adress": "Am Sportpark 5", "sportart": null, "lon": 8.4416628, "lat": 49.0260232 }, "geometry": { "type": "Point", "coordinates": [ 8.4416628, 49.0260232 ] } },
{ "type": "Feature", "properties": { "id": "node/5637295633", "city": "karlsruhe", "uni": "hochschule", "category": "sporteinrichtungen", "name": "e-training Fitnessclub", "adress": "Borsigstraße 3", "sportart": null, "lon": 8.3526609, "lat": 49.0192691 }, "geometry": { "type": "Point", "coordinates": [ 8.3526609, 49.0192691 ] } },
{ "type": "Feature", "properties": { "id": "node/5656328339", "city": "karlsruhe", "uni": "hochschule", "category": "sporteinrichtungen", "name": "Gym10", "adress": "Waldstraße 24-28", "sportart": null, "lon": 8.3974338, "lat": 49.0108215 }, "geometry": { "type": "Point", "coordinates": [ 8.3974338, 49.0108215 ] } },
{ "type": "Feature", "properties": { "id": "node/7205896851", "city": "karlsruhe", "uni": "hochschule", "category": "sporteinrichtungen", "name": "Halle 2 A - Kletterwand", "adress": "Engler-Bunte-Ring 13", "sportart": null, "lon": 8.4147699, "lat": 49.0159372 }, "geometry": { "type": "Point", "coordinates": [ 8.4147699, 49.0159372 ] } },
{ "type": "Feature", "properties": { "id": "node/7205896852", "city": "karlsruhe", "uni": "hochschule", "category": "sporteinrichtungen", "name": "Halle 2", "adress": "Engler-Bunte-Ring 13", "sportart": null, "lon": 8.414987, "lat": 49.0159121 }, "geometry": { "type": "Point", "coordinates": [ 8.414987, 49.0159121 ] } },
{ "type": "Feature", "properties": { "id": "node/8012932345", "city": "karlsruhe", "uni": "hochschule", "category": "sporteinrichtungen", "name": "Sascha Schorb", "adress": null, "sportart": null, "lon": 8.3798092, "lat": 49.0147585 }, "geometry": { "type": "Point", "coordinates": [ 8.3798092, 49.0147585 ] } },
{ "type": "Feature", "properties": { "id": "node/9484024876", "city": "karlsruhe", "uni": "hochschule", "category": "sporteinrichtungen", "name": "inform Frauenfitness", "adress": null, "sportart": null, "lon": 8.3751043, "lat": 48.9832712 }, "geometry": { "type": "Point", "coordinates": [ 8.3751043, 48.9832712 ] } },
{ "type": "Feature", "properties": { "id": "node/9609241256", "city": "karlsruhe", "uni": "hochschule", "category": "sporteinrichtungen", "name": "Die Matte", "adress": null, "sportart": null, "lon": 8.3856665, "lat": 49.0098251 }, "geometry": { "type": "Point", "coordinates": [ 8.3856665, 49.0098251 ] } },
{ "type": "Feature", "properties": { "id": "node/9792344427", "city": "karlsruhe", "uni": "hochschule", "category": "sporteinrichtungen", "name": "CVJM Waldheim", "adress": null, "sportart": null, "lon": 8.4095809, "lat": 49.0244543 }, "geometry": { "type": "Point", "coordinates": [ 8.4095809, 49.0244543 ] } },
{ "type": "Feature", "properties": { "id": "node/9792344428", "city": "karlsruhe", "uni": "hochschule", "category": "sporteinrichtungen", "name": "CVJM Outdoorpark", "adress": null, "sportart": null, "lon": 8.4092161, "lat": 49.0238097 }, "geometry": { "type": "Point", "coordinates": [ 8.4092161, 49.0238097 ] } },
{ "type": "Feature", "properties": { "id": "node/10163881134", "city": "karlsruhe", "uni": "hochschule", "category": "sporteinrichtungen", "name": "MY GYM PRIME", "adress": "Kaiserstraße 154", "sportart": null, "lon": 8.3940318, "lat": 49.0101836 }, "geometry": { "type": "Point", "coordinates": [ 8.3940318, 49.0101836 ] } },
{ "type": "Feature", "properties": { "id": "node/10201637508", "city": "karlsruhe", "uni": "hochschule", "category": "sporteinrichtungen", "name": "Boulderwelt Karlsruhe", "adress": "Karlstraße 14", "sportart": null, "lon": 8.3947847, "lat": 49.0104397 }, "geometry": { "type": "Point", "coordinates": [ 8.3947847, 49.0104397 ] } },
{ "type": "Feature", "properties": { "id": "node/10208328896", "city": "karlsruhe", "uni": "hochschule", "category": "sporteinrichtungen", "name": "Activio Sport", "adress": null, "sportart": null, "lon": 8.405536, "lat": 48.9821632 }, "geometry": { "type": "Point", "coordinates": [ 8.405536, 48.9821632 ] } },
{ "type": "Feature", "properties": { "id": "node/10702576826", "city": "karlsruhe", "uni": "hochschule", "category": "sporteinrichtungen", "name": "TeamXtreme", "adress": "Steinstraße 19", "sportart": null, "lon": 8.4078121, "lat": 49.0068885 }, "geometry": { "type": "Point", "coordinates": [ 8.4078121, 49.0068885 ] } },
{ "type": "Feature", "properties": { "id": "node/11045406601", "city": "karlsruhe", "uni": "hochschule", "category": "sporteinrichtungen", "name": "MACH1", "adress": "Pfannkuchstraße 3a", "sportart": null, "lon": 8.345345, "lat": 49.0097595 }, "geometry": { "type": "Point", "coordinates": [ 8.345345, 49.0097595 ] } },
{ "type": "Feature", "properties": { "id": "node/11353702614", "city": "karlsruhe", "uni": "hochschule", "category": "sporteinrichtungen", "name": "CrossFit", "adress": "Daimlerstraße 16", "sportart": null, "lon": 8.3567934, "lat": 49.0278518 }, "geometry": { "type": "Point", "coordinates": [ 8.3567934, 49.0278518 ] } },
{ "type": "Feature", "properties": { "id": "node/11811835969", "city": "karlsruhe", "uni": "hochschule", "category": "sporteinrichtungen", "name": "Pilates for me", "adress": "Gartenstraße 10", "sportart": null, "lon": 8.3969019, "lat": 49.0046959 }, "geometry": { "type": "Point", "coordinates": [ 8.3969019, 49.0046959 ] } },
{ "type": "Feature", "properties": { "id": "node/11811835970", "city": "karlsruhe", "uni": "hochschule", "category": "sporteinrichtungen", "name": "YOGAetage", "adress": "Gartenstraße 10", "sportart": null, "lon": 8.3969002, "lat": 49.004739 }, "geometry": { "type": "Point", "coordinates": [ 8.3969002, 49.004739 ] } },
{ "type": "Feature", "properties": { "id": "node/12078800812", "city": "karlsruhe", "uni": "hochschule", "category": "sporteinrichtungen", "name": "Move Light Fitness Club", "adress": null, "sportart": null, "lon": 8.444234, "lat": 49.0280341 }, "geometry": { "type": "Point", "coordinates": [ 8.444234, 49.0280341 ] } },
{ "type": "Feature", "properties": { "id": "node/12287976576", "city": "karlsruhe", "uni": "hochschule", "category": "sporteinrichtungen", "name": "FitX", "adress": "Striederstraße 34", "sportart": null, "lon": 8.4381948, "lat": 49.0103907 }, "geometry": { "type": "Point", "coordinates": [ 8.4381948, 49.0103907 ] } },
{ "type": "Feature", "properties": { "id": "node/12492267441", "city": "karlsruhe", "uni": "hochschule", "category": "sporteinrichtungen", "name": "Mae Studio", "adress": "Ebertstraße 17a", "sportart": null, "lon": 8.3926473, "lat": 48.9943312 }, "geometry": { "type": "Point", "coordinates": [ 8.3926473, 48.9943312 ] } },
{ "type": "Feature", "properties": { "id": "node/13328224002", "city": "karlsruhe", "uni": "hochschule", "category": "sporteinrichtungen", "name": "Gym10", "adress": "Waldstraße 24-28", "sportart": null, "lon": 8.3979422, "lat": 49.010449 }, "geometry": { "type": "Point", "coordinates": [ 8.3979422, 49.010449 ] } },
{ "type": "Feature", "properties": { "id": "node/13332649600", "city": "karlsruhe", "uni": "hochschule", "category": "sporteinrichtungen", "name": "Fit-in", "adress": "Daimlerstraße 1-5", "sportart": null, "lon": 8.3563141, "lat": 49.0251346 }, "geometry": { "type": "Point", "coordinates": [ 8.3563141, 49.0251346 ] } },
{ "type": "Feature", "properties": { "id": "node/13841455122", "city": "karlsruhe", "uni": "hochschule", "category": "sporteinrichtungen", "name": "GYM10", "adress": "Gerwigstraße 69", "sportart": null, "lon": 8.4383746, "lat": 49.0070297 }, "geometry": { "type": "Point", "coordinates": [ 8.4383746, 49.0070297 ] } },
{ "type": "Feature", "properties": { "id": "relation/3251879", "city": "karlsruhe", "uni": "hochschule", "category": "wohnheime", "name": "Theodor Steinmann Haus", "adress": "Gartenstraße", "sportart": null, "lon": 8.3927109, "lat": 49.0045444 }, "geometry": { "type": "Point", "coordinates": [ 8.3927109, 49.0045444 ] } },
{ "type": "Feature", "properties": { "id": "relation/4099290", "city": "karlsruhe", "uni": "hochschule", "category": "wohnheime", "name": "Internationales Wohnheim Europahaus", "adress": null, "sportart": null, "lon": 8.3931432, "lat": 49.0168177 }, "geometry": { "type": "Point", "coordinates": [ 8.3931432, 49.0168177 ] } },
{ "type": "Feature", "properties": { "id": "relation/13194260", "city": "karlsruhe", "uni": "hochschule", "category": "wohnheime", "name": "Wohnheim", "adress": null, "sportart": null, "lon": 8.4087828, "lat": 48.9382564 }, "geometry": { "type": "Point", "coordinates": [ 8.4087828, 48.9382564 ] } },
{ "type": "Feature", "properties": { "id": "way/19782878", "city": "karlsruhe", "uni": "hochschule", "category": "wohnheime", "name": "Hermann-Ehlers-Kolleg", "adress": "Willy-Andreas-Allee 1", "sportart": null, "lon": 8.3970449, "lat": 49.0156628 }, "geometry": { "type": "Point", "coordinates": [ 8.3970449, 49.0156628 ] } },
{ "type": "Feature", "properties": { "id": "way/20909486", "city": "karlsruhe", "uni": "hochschule", "category": "wohnheime", "name": "Augustin-Bea-Haus", "adress": "Willy-Andreas-Allee 5", "sportart": null, "lon": 8.3958129, "lat": 49.0162548 }, "geometry": { "type": "Point", "coordinates": [ 8.3958129, 49.0162548 ] } },
{ "type": "Feature", "properties": { "id": "way/20911412", "city": "karlsruhe", "uni": "hochschule", "category": "wohnheime", "name": "Reinhold-Schneider-Haus", "adress": "Willy-Andreas-Allee 3", "sportart": null, "lon": 8.3964719, "lat": 49.016049 }, "geometry": { "type": "Point", "coordinates": [ 8.3964719, 49.016049 ] } },
{ "type": "Feature", "properties": { "id": "way/23138236", "city": "karlsruhe", "uni": "hochschule", "category": "wohnheime", "name": "Domus 7", "adress": "Willy-Andreas-Allee 7", "sportart": null, "lon": 8.3952409, "lat": 49.0159913 }, "geometry": { "type": "Point", "coordinates": [ 8.3952409, 49.0159913 ] } },
{ "type": "Feature", "properties": { "id": "way/24212752", "city": "karlsruhe", "uni": "hochschule", "category": "wohnheime", "name": "Wohnheim", "adress": "Nancystraße 20 W-X", "sportart": null, "lon": 8.3704859, "lat": 49.0211173 }, "geometry": { "type": "Point", "coordinates": [ 8.3704859, 49.0211173 ] } },
{ "type": "Feature", "properties": { "id": "way/24212753", "city": "karlsruhe", "uni": "hochschule", "category": "wohnheime", "name": "Wohnheim", "adress": "Nancystraße 20 S-T", "sportart": null, "lon": 8.3708967, "lat": 49.0209232 }, "geometry": { "type": "Point", "coordinates": [ 8.3708967, 49.0209232 ] } },
{ "type": "Feature", "properties": { "id": "way/24212754", "city": "karlsruhe", "uni": "hochschule", "category": "wohnheime", "name": "Wohnheim", "adress": "Nancystraße 24a", "sportart": null, "lon": 8.3695316, "lat": 49.0215451 }, "geometry": { "type": "Point", "coordinates": [ 8.3695316, 49.0215451 ] } },
{ "type": "Feature", "properties": { "id": "way/24212761", "city": "karlsruhe", "uni": "hochschule", "category": "wohnheime", "name": "Wohnheim", "adress": "Nancystraße 24b", "sportart": null, "lon": 8.3696815, "lat": 49.0216729 }, "geometry": { "type": "Point", "coordinates": [ 8.3696815, 49.0216729 ] } },
{ "type": "Feature", "properties": { "id": "way/24212762", "city": "karlsruhe", "uni": "hochschule", "category": "wohnheime", "name": "Wohnheim", "adress": "Nancystraße 24c", "sportart": null, "lon": 8.3698255, "lat": 49.0217977 }, "geometry": { "type": "Point", "coordinates": [ 8.3698255, 49.0217977 ] } },
{ "type": "Feature", "properties": { "id": "way/24212763", "city": "karlsruhe", "uni": "hochschule", "category": "wohnheime", "name": "Wohnheim", "adress": "Nancystraße 24e", "sportart": null, "lon": 8.3692809, "lat": 49.0218846 }, "geometry": { "type": "Point", "coordinates": [ 8.3692809, 49.0218846 ] } },
{ "type": "Feature", "properties": { "id": "way/24212765", "city": "karlsruhe", "uni": "hochschule", "category": "wohnheime", "name": "Wohnheim", "adress": "Nancystraße 24d", "sportart": null, "lon": 8.3691275, "lat": 49.0217537 }, "geometry": { "type": "Point", "coordinates": [ 8.3691275, 49.0217537 ] } },
{ "type": "Feature", "properties": { "id": "way/24212766", "city": "karlsruhe", "uni": "hochschule", "category": "wohnheime", "name": "Wohnheim", "adress": "Nancystraße 24f", "sportart": null, "lon": 8.3694224, "lat": 49.0220043 }, "geometry": { "type": "Point", "coordinates": [ 8.3694224, 49.0220043 ] } },
{ "type": "Feature", "properties": { "id": "way/26383762", "city": "karlsruhe", "uni": "hochschule", "category": "wohnheime", "name": "Wohnheim", "adress": "Berliner Ring 3", "sportart": null, "lon": 8.4040405, "lat": 49.0878881 }, "geometry": { "type": "Point", "coordinates": [ 8.4040405, 49.0878881 ] } },
{ "type": "Feature", "properties": { "id": "way/26793925", "city": "karlsruhe", "uni": "hochschule", "category": "wohnheime", "name": "Wohnheim", "adress": "Nancystraße 20 U-V", "sportart": null, "lon": 8.3711192, "lat": 49.021129 }, "geometry": { "type": "Point", "coordinates": [ 8.3711192, 49.021129 ] } },
{ "type": "Feature", "properties": { "id": "way/26793926", "city": "karlsruhe", "uni": "hochschule", "category": "wohnheime", "name": "Wohnheim", "adress": "Nancystraße 20 Y-Z", "sportart": null, "lon": 8.3707067, "lat": 49.0213225 }, "geometry": { "type": "Point", "coordinates": [ 8.3707067, 49.0213225 ] } },
{ "type": "Feature", "properties": { "id": "way/27080858", "city": "karlsruhe", "uni": "hochschule", "category": "wohnheime", "name": "Neues Christophorus-Haus", "adress": "Thomas-Mann-Straße 3", "sportart": null, "lon": 8.3423874, "lat": 48.9983213 }, "geometry": { "type": "Point", "coordinates": [ 8.3423874, 48.9983213 ] } },
{ "type": "Feature", "properties": { "id": "way/36448591", "city": "karlsruhe", "uni": "hochschule", "category": "wohnheime", "name": "Wohnheim", "adress": "Nancystraße 18 N-P", "sportart": null, "lon": 8.3712727, "lat": 49.0207469 }, "geometry": { "type": "Point", "coordinates": [ 8.3712727, 49.0207469 ] } },
{ "type": "Feature", "properties": { "id": "way/36448594", "city": "karlsruhe", "uni": "hochschule", "category": "wohnheime", "name": "Wohnheim", "adress": "Nancystraße 18 J-K", "sportart": null, "lon": 8.3716728, "lat": 49.0205595 }, "geometry": { "type": "Point", "coordinates": [ 8.3716728, 49.0205595 ] } },
{ "type": "Feature", "properties": { "id": "way/36448595", "city": "karlsruhe", "uni": "hochschule", "category": "wohnheime", "name": "Wohnheim", "adress": "Nancystraße 18 Q-R", "sportart": null, "lon": 8.3714935, "lat": 49.0209517 }, "geometry": { "type": "Point", "coordinates": [ 8.3714935, 49.0209517 ] } },
{ "type": "Feature", "properties": { "id": "way/36448597", "city": "karlsruhe", "uni": "hochschule", "category": "wohnheime", "name": "Wohnheim", "adress": "Nancystraße 18 L-M", "sportart": null, "lon": 8.3718934, "lat": 49.0207644 }, "geometry": { "type": "Point", "coordinates": [ 8.3718934, 49.0207644 ] } },
{ "type": "Feature", "properties": { "id": "way/43599388", "city": "karlsruhe", "uni": "hochschule", "category": "wohnheime", "name": "Kolleg am Ring", "adress": "Adenauerring 6", "sportart": null, "lon": 8.4195482, "lat": 49.0108495 }, "geometry": { "type": "Point", "coordinates": [ 8.4195482, 49.0108495 ] } },
{ "type": "Feature", "properties": { "id": "way/90048653", "city": "karlsruhe", "uni": "hochschule", "category": "wohnheime", "name": "Hans-Wolfgang-Heidland-Haus", "adress": null, "sportart": null, "lon": 8.4328259, "lat": 49.0117696 }, "geometry": { "type": "Point", "coordinates": [ 8.4328259, 49.0117696 ] } },
{ "type": "Feature", "properties": { "id": "way/90420278", "city": "karlsruhe", "uni": "hochschule", "category": "wohnheime", "name": "Wohnheim Am Schloss Gottesaue 1", "adress": "Am Schloss Gottesaue 1", "sportart": null, "lon": 8.4247031, "lat": 49.0040406 }, "geometry": { "type": "Point", "coordinates": [ 8.4247031, 49.0040406 ] } },
{ "type": "Feature", "properties": { "id": "way/96291252", "city": "karlsruhe", "uni": "hochschule", "category": "wohnheime", "name": "Wohnheim", "adress": null, "sportart": null, "lon": 8.431461, "lat": 49.0214293 }, "geometry": { "type": "Point", "coordinates": [ 8.431461, 49.0214293 ] } },
{ "type": "Feature", "properties": { "id": "way/108777113", "city": "karlsruhe", "uni": "hochschule", "category": "wohnheime", "name": "Studentenwohnheim WH36", "adress": "Waldhornstraße 36", "sportart": null, "lon": 8.4114622, "lat": 49.0083234 }, "geometry": { "type": "Point", "coordinates": [ 8.4114622, 49.0083234 ] } },
{ "type": "Feature", "properties": { "id": "way/108777161", "city": "karlsruhe", "uni": "hochschule", "category": "wohnheime", "name": "Wohnheim", "adress": null, "sportart": null, "lon": 8.4107066, "lat": 49.0082674 }, "geometry": { "type": "Point", "coordinates": [ 8.4107066, 49.0082674 ] } },
{ "type": "Feature", "properties": { "id": "way/108777163", "city": "karlsruhe", "uni": "hochschule", "category": "wohnheime", "name": "Wohnheim", "adress": "Fasanenstraße 11", "sportart": null, "lon": 8.41329, "lat": 49.0081894 }, "geometry": { "type": "Point", "coordinates": [ 8.41329, 49.0081894 ] } },
{ "type": "Feature", "properties": { "id": "way/108777167", "city": "karlsruhe", "uni": "hochschule", "category": "wohnheime", "name": "Wohnheim", "adress": "Zähringerstraße 13", "sportart": null, "lon": 8.4134306, "lat": 49.0084078 }, "geometry": { "type": "Point", "coordinates": [ 8.4134306, 49.0084078 ] } },
{ "type": "Feature", "properties": { "id": "way/108832338", "city": "karlsruhe", "uni": "hochschule", "category": "wohnheime", "name": "Wohnheim", "adress": "Gottesauer Straße 37", "sportart": null, "lon": 8.421194, "lat": 49.0066214 }, "geometry": { "type": "Point", "coordinates": [ 8.421194, 49.0066214 ] } },
{ "type": "Feature", "properties": { "id": "way/108953176", "city": "karlsruhe", "uni": "hochschule", "category": "wohnheime", "name": "Wohnheim", "adress": "Klosterweg 7", "sportart": null, "lon": 8.4217819, "lat": 49.016017 }, "geometry": { "type": "Point", "coordinates": [ 8.4217819, 49.016017 ] } },
{ "type": "Feature", "properties": { "id": "way/118078065", "city": "karlsruhe", "uni": "hochschule", "category": "wohnheime", "name": "Wohnheim", "adress": "Albtalstraße 2", "sportart": null, "lon": 8.394388, "lat": 48.9968661 }, "geometry": { "type": "Point", "coordinates": [ 8.394388, 48.9968661 ] } },
{ "type": "Feature", "properties": { "id": "way/125079093", "city": "karlsruhe", "uni": "hochschule", "category": "wohnheime", "name": "Wohnheim", "adress": "Graf-Eberstein-Straße 4", "sportart": null, "lon": 8.4105407, "lat": 48.9707473 }, "geometry": { "type": "Point", "coordinates": [ 8.4105407, 48.9707473 ] } },
{ "type": "Feature", "properties": { "id": "way/141502344", "city": "karlsruhe", "uni": "hochschule", "category": "wohnheime", "name": "Max-Kade-Haus", "adress": "Tennesseeallee 14", "sportart": null, "lon": 8.3890731, "lat": 49.020285 }, "geometry": { "type": "Point", "coordinates": [ 8.3890731, 49.020285 ] } },
{ "type": "Feature", "properties": { "id": "way/173717518", "city": "karlsruhe", "uni": "hochschule", "category": "wohnheime", "name": "Karlsruher Burschenschaft Arminia", "adress": "Sebastian-Kneipp-Straße 4", "sportart": null, "lon": 8.4232611, "lat": 49.0148587 }, "geometry": { "type": "Point", "coordinates": [ 8.4232611, 49.0148587 ] } },
{ "type": "Feature", "properties": { "id": "way/173717521", "city": "karlsruhe", "uni": "hochschule", "category": "wohnheime", "name": "Karlsruher Burschenschaft Teutonia", "adress": "Parkstraße 1", "sportart": null, "lon": 8.4227196, "lat": 49.0145228 }, "geometry": { "type": "Point", "coordinates": [ 8.4227196, 49.0145228 ] } },
{ "type": "Feature", "properties": { "id": "way/193681264", "city": "karlsruhe", "uni": "hochschule", "category": "wohnheime", "name": "Wohnheim", "adress": "Gottesauer Straße", "sportart": null, "lon": 8.4214519, "lat": 49.0067376 }, "geometry": { "type": "Point", "coordinates": [ 8.4214519, 49.0067376 ] } },
{ "type": "Feature", "properties": { "id": "way/193681265", "city": "karlsruhe", "uni": "hochschule", "category": "wohnheime", "name": "Wohnheim", "adress": "Gottesauer Straße", "sportart": null, "lon": 8.4214206, "lat": 49.0069025 }, "geometry": { "type": "Point", "coordinates": [ 8.4214206, 49.0069025 ] } },
{ "type": "Feature", "properties": { "id": "way/193681266", "city": "karlsruhe", "uni": "hochschule", "category": "wohnheime", "name": "2.2", "adress": "Gottesauer Straße", "sportart": null, "lon": 8.4216443, "lat": 49.0071285 }, "geometry": { "type": "Point", "coordinates": [ 8.4216443, 49.0071285 ] } },
{ "type": "Feature", "properties": { "id": "way/193681267", "city": "karlsruhe", "uni": "hochschule", "category": "wohnheime", "name": "Wohnheim", "adress": "Gottesauer Straße G2.2", "sportart": null, "lon": 8.4216589, "lat": 49.0069647 }, "geometry": { "type": "Point", "coordinates": [ 8.4216589, 49.0069647 ] } },
{ "type": "Feature", "properties": { "id": "way/220257054", "city": "karlsruhe", "uni": "hochschule", "category": "wohnheime", "name": "D3.1", "adress": "Degenfeldstraße 9", "sportart": null, "lon": 8.4219389, "lat": 49.0073342 }, "geometry": { "type": "Point", "coordinates": [ 8.4219389, 49.0073342 ] } },
{ "type": "Feature", "properties": { "id": "way/220257055", "city": "karlsruhe", "uni": "hochschule", "category": "wohnheime", "name": "D4.0", "adress": "Degenfeldstraße 5", "sportart": null, "lon": 8.4210577, "lat": 49.0074946 }, "geometry": { "type": "Point", "coordinates": [ 8.4210577, 49.0074946 ] } },
{ "type": "Feature", "properties": { "id": "way/220257056", "city": "karlsruhe", "uni": "hochschule", "category": "wohnheime", "name": "D3.2", "adress": "Degenfeldstraße 7", "sportart": null, "lon": 8.4214502, "lat": 49.0074238 }, "geometry": { "type": "Point", "coordinates": [ 8.4214502, 49.0074238 ] } },
{ "type": "Feature", "properties": { "id": "way/321000431", "city": "karlsruhe", "uni": "hochschule", "category": "wohnheime", "name": "Wohnheim", "adress": null, "sportart": null, "lon": 8.409205, "lat": 48.9966754 }, "geometry": { "type": "Point", "coordinates": [ 8.409205, 48.9966754 ] } },
{ "type": "Feature", "properties": { "id": "way/349661324", "city": "karlsruhe", "uni": "hochschule", "category": "wohnheime", "name": "Wohnheim", "adress": null, "sportart": null, "lon": 8.2983164, "lat": 49.044084 }, "geometry": { "type": "Point", "coordinates": [ 8.2983164, 49.044084 ] } },
{ "type": "Feature", "properties": { "id": "way/356386053", "city": "karlsruhe", "uni": "hochschule", "category": "wohnheime", "name": "K2", "adress": "Klosterweg 30", "sportart": null, "lon": 8.4222577, "lat": 49.0201005 }, "geometry": { "type": "Point", "coordinates": [ 8.4222577, 49.0201005 ] } },
{ "type": "Feature", "properties": { "id": "way/356388252", "city": "karlsruhe", "uni": "hochschule", "category": "wohnheime", "name": "K5", "adress": "Klosterweg 38", "sportart": null, "lon": 8.4238692, "lat": 49.0199343 }, "geometry": { "type": "Point", "coordinates": [ 8.4238692, 49.0199343 ] } },
{ "type": "Feature", "properties": { "id": "way/356388258", "city": "karlsruhe", "uni": "hochschule", "category": "wohnheime", "name": "K1", "adress": "Klosterweg 28", "sportart": null, "lon": 8.4225256, "lat": 49.0194929 }, "geometry": { "type": "Point", "coordinates": [ 8.4225256, 49.0194929 ] } },
{ "type": "Feature", "properties": { "id": "way/356388264", "city": "karlsruhe", "uni": "hochschule", "category": "wohnheime", "name": "K4", "adress": "Klosterweg 36", "sportart": null, "lon": 8.4236223, "lat": 49.0206335 }, "geometry": { "type": "Point", "coordinates": [ 8.4236223, 49.0206335 ] } },
{ "type": "Feature", "properties": { "id": "way/356388269", "city": "karlsruhe", "uni": "hochschule", "category": "wohnheime", "name": "K3", "adress": "Klosterweg 34", "sportart": null, "lon": 8.4230334, "lat": 49.0204099 }, "geometry": { "type": "Point", "coordinates": [ 8.4230334, 49.0204099 ] } },
{ "type": "Feature", "properties": { "id": "way/364702819", "city": "karlsruhe", "uni": "hochschule", "category": "wohnheime", "name": "Wohnheim", "adress": null, "sportart": null, "lon": 8.3813415, "lat": 49.0005312 }, "geometry": { "type": "Point", "coordinates": [ 8.3813415, 49.0005312 ] } },
{ "type": "Feature", "properties": { "id": "way/429723335", "city": "karlsruhe", "uni": "hochschule", "category": "wohnheime", "name": "Wohnheim", "adress": "Rintheimer Querallee 2c", "sportart": null, "lon": 8.4325192, "lat": 49.0211392 }, "geometry": { "type": "Point", "coordinates": [ 8.4325192, 49.0211392 ] } },
{ "type": "Feature", "properties": { "id": "way/510400087", "city": "karlsruhe", "uni": "hochschule", "category": "wohnheime", "name": "Wohnheim", "adress": "Werderstraße 82a", "sportart": null, "lon": 8.4112581, "lat": 49.001477 }, "geometry": { "type": "Point", "coordinates": [ 8.4112581, 49.001477 ] } },
{ "type": "Feature", "properties": { "id": "way/579034033", "city": "karlsruhe", "uni": "hochschule", "category": "wohnheime", "name": "Wohnheim", "adress": "Zähringerstraße 4", "sportart": null, "lon": 8.4147511, "lat": 49.0085636 }, "geometry": { "type": "Point", "coordinates": [ 8.4147511, 49.0085636 ] } },
{ "type": "Feature", "properties": { "id": "way/579053001", "city": "karlsruhe", "uni": "hochschule", "category": "wohnheime", "name": "Wohnheim", "adress": null, "sportart": null, "lon": 8.4165785, "lat": 49.0932923 }, "geometry": { "type": "Point", "coordinates": [ 8.4165785, 49.0932923 ] } },
{ "type": "Feature", "properties": { "id": "way/579053002", "city": "karlsruhe", "uni": "hochschule", "category": "wohnheime", "name": "Wohnheim", "adress": null, "sportart": null, "lon": 8.4161113, "lat": 49.0935224 }, "geometry": { "type": "Point", "coordinates": [ 8.4161113, 49.0935224 ] } },
{ "type": "Feature", "properties": { "id": "way/579053003", "city": "karlsruhe", "uni": "hochschule", "category": "wohnheime", "name": "Wohnheim", "adress": null, "sportart": null, "lon": 8.4158617, "lat": 49.0930997 }, "geometry": { "type": "Point", "coordinates": [ 8.4158617, 49.0930997 ] } },
{ "type": "Feature", "properties": { "id": "way/579053004", "city": "karlsruhe", "uni": "hochschule", "category": "wohnheime", "name": "Wohnheim", "adress": null, "sportart": null, "lon": 8.4160868, "lat": 49.0929725 }, "geometry": { "type": "Point", "coordinates": [ 8.4160868, 49.0929725 ] } },
{ "type": "Feature", "properties": { "id": "way/669440367", "city": "karlsruhe", "uni": "hochschule", "category": "wohnheime", "name": "Wohnheim Beuthener Straße 6", "adress": "Beuthener Straße 6", "sportart": null, "lon": 8.4458496, "lat": 49.0346536 }, "geometry": { "type": "Point", "coordinates": [ 8.4458496, 49.0346536 ] } },
{ "type": "Feature", "properties": { "id": "way/759415978", "city": "karlsruhe", "uni": "hochschule", "category": "wohnheime", "name": "Wohnheim", "adress": "Henriette-Obermüller-Straße 27", "sportart": null, "lon": 8.4146867, "lat": 49.0020227 }, "geometry": { "type": "Point", "coordinates": [ 8.4146867, 49.0020227 ] } },
{ "type": "Feature", "properties": { "id": "way/1037821346", "city": "karlsruhe", "uni": "hochschule", "category": "wohnheime", "name": "K6", "adress": "Hagsfelder Allee 25", "sportart": null, "lon": 8.4253031, "lat": 49.0188948 }, "geometry": { "type": "Point", "coordinates": [ 8.4253031, 49.0188948 ] } },
{ "type": "Feature", "properties": { "id": "node/25242218", "city": "karlsruhe", "uni": "kit", "category": "bahnhoefe", "name": "Karlsruhe West", "adress": null, "sportart": null, "lon": 8.3628863, "lat": 49.0023942 }, "geometry": { "type": "Point", "coordinates": [ 8.3628863, 49.0023942 ] } },
{ "type": "Feature", "properties": { "id": "node/75655504", "city": "karlsruhe", "uni": "kit", "category": "bahnhoefe", "name": "Forchheim (b Karlsruhe)", "adress": null, "sportart": null, "lon": 8.3387483, "lat": 48.964715 }, "geometry": { "type": "Point", "coordinates": [ 8.3387483, 48.964715 ] } },
{ "type": "Feature", "properties": { "id": "node/269735124", "city": "karlsruhe", "uni": "kit", "category": "bahnhoefe", "name": "Karlsruhe-Knielingen", "adress": null, "sportart": null, "lon": 8.3411955, "lat": 49.0266524 }, "geometry": { "type": "Point", "coordinates": [ 8.3411955, 49.0266524 ] } },
{ "type": "Feature", "properties": { "id": "node/2417382807", "city": "karlsruhe", "uni": "kit", "category": "bahnhoefe", "name": "Ettlingen West", "adress": null, "sportart": null, "lon": 8.3878674, "lat": 48.9471361 }, "geometry": { "type": "Point", "coordinates": [ 8.3878674, 48.9471361 ] } },
{ "type": "Feature", "properties": { "id": "node/2574283615", "city": "karlsruhe", "uni": "kit", "category": "bahnhoefe", "name": "Karlsruhe Hauptbahnhof", "adress": null, "sportart": null, "lon": 8.4020518, "lat": 48.9936164 }, "geometry": { "type": "Point", "coordinates": [ 8.4020518, 48.9936164 ] } },
{ "type": "Feature", "properties": { "id": "node/2827402189", "city": "karlsruhe", "uni": "kit", "category": "bahnhoefe", "name": "Karlsruhe Hagsfeld", "adress": null, "sportart": null, "lon": 8.4537121, "lat": 49.0262453 }, "geometry": { "type": "Point", "coordinates": [ 8.4537121, 49.0262453 ] } },
{ "type": "Feature", "properties": { "id": "node/2827470327", "city": "karlsruhe", "uni": "kit", "category": "bahnhoefe", "name": "Blankenloch", "adress": null, "sportart": null, "lon": 8.4647709, "lat": 49.0668996 }, "geometry": { "type": "Point", "coordinates": [ 8.4647709, 49.0668996 ] } },
{ "type": "Feature", "properties": { "id": "node/2958859136", "city": "karlsruhe", "uni": "kit", "category": "bahnhoefe", "name": "Karlsruhe-Durlach", "adress": null, "sportart": null, "lon": 8.4622543, "lat": 49.0020956 }, "geometry": { "type": "Point", "coordinates": [ 8.4622543, 49.0020956 ] } },
{ "type": "Feature", "properties": { "id": "node/3069962207", "city": "karlsruhe", "uni": "kit", "category": "bahnhoefe", "name": "Bruchhausen (bei Ettlingen)", "adress": null, "sportart": null, "lon": 8.3739571, "lat": 48.9239869 }, "geometry": { "type": "Point", "coordinates": [ 8.3739571, 48.9239869 ] } },
{ "type": "Feature", "properties": { "id": "node/3321341099", "city": "karlsruhe", "uni": "kit", "category": "bahnhoefe", "name": "Karlsruhe-Mühlburg", "adress": null, "sportart": null, "lon": 8.3511104, "lat": 49.0145576 }, "geometry": { "type": "Point", "coordinates": [ 8.3511104, 49.0145576 ] } },
{ "type": "Feature", "properties": { "id": "relation/1922186", "city": "karlsruhe", "uni": "kit", "category": "sporteinrichtungen", "name": "Sporteinrichtung", "adress": "Tennesseeallee 101", "sportart": null, "lon": 8.3894596, "lat": 49.0258451 }, "geometry": { "type": "Point", "coordinates": [ 8.3894596, 49.0258451 ] } },
{ "type": "Feature", "properties": { "id": "way/22926893", "city": "karlsruhe", "uni": "kit", "category": "sporteinrichtungen", "name": "Weiherhofhalle", "adress": "Weiherhof 1", "sportart": null, "lon": 8.4729911, "lat": 48.9970547 }, "geometry": { "type": "Point", "coordinates": [ 8.4729911, 48.9970547 ] } },
{ "type": "Feature", "properties": { "id": "way/23020027", "city": "karlsruhe", "uni": "kit", "category": "sporteinrichtungen", "name": "Sporteinrichtung", "adress": null, "sportart": null, "lon": 8.3505628, "lat": 49.0183068 }, "geometry": { "type": "Point", "coordinates": [ 8.3505628, 49.0183068 ] } },
{ "type": "Feature", "properties": { "id": "way/23022913", "city": "karlsruhe", "uni": "kit", "category": "sporteinrichtungen", "name": "TuS Neureut 1892 e.V.", "adress": null, "sportart": null, "lon": 8.3653717, "lat": 49.0419014 }, "geometry": { "type": "Point", "coordinates": [ 8.3653717, 49.0419014 ] } },
{ "type": "Feature", "properties": { "id": "way/23063225", "city": "karlsruhe", "uni": "kit", "category": "sporteinrichtungen", "name": "ASV Durlach 1902", "adress": null, "sportart": null, "lon": 8.4803121, "lat": 49.0025526 }, "geometry": { "type": "Point", "coordinates": [ 8.4803121, 49.0025526 ] } },
{ "type": "Feature", "properties": { "id": "way/23627638", "city": "karlsruhe", "uni": "kit", "category": "sporteinrichtungen", "name": "Sportzentrum Neureut", "adress": null, "sportart": null, "lon": 8.3766341, "lat": 49.0441573 }, "geometry": { "type": "Point", "coordinates": [ 8.3766341, 49.0441573 ] } },
{ "type": "Feature", "properties": { "id": "way/23914215", "city": "karlsruhe", "uni": "kit", "category": "sporteinrichtungen", "name": "Sporteinrichtung", "adress": null, "sportart": null, "lon": 8.3723149, "lat": 49.032804 }, "geometry": { "type": "Point", "coordinates": [ 8.3723149, 49.032804 ] } },
{ "type": "Feature", "properties": { "id": "way/23986482", "city": "karlsruhe", "uni": "kit", "category": "sporteinrichtungen", "name": "Turngemeinde Aue 1895 e.V.", "adress": null, "sportart": null, "lon": 8.4644275, "lat": 48.9868769 }, "geometry": { "type": "Point", "coordinates": [ 8.4644275, 48.9868769 ] } },
{ "type": "Feature", "properties": { "id": "way/24870436", "city": "karlsruhe", "uni": "kit", "category": "sporteinrichtungen", "name": "Werner-Stegmaier-Halle", "adress": "Untere Hub 1", "sportart": null, "lon": 8.4693223, "lat": 49.0092396 }, "geometry": { "type": "Point", "coordinates": [ 8.4693223, 49.0092396 ] } },
{ "type": "Feature", "properties": { "id": "way/24940909", "city": "karlsruhe", "uni": "kit", "category": "sporteinrichtungen", "name": "Cougars Ballpark", "adress": "Erzbergerstraße 131", "sportart": null, "lon": 8.3837464, "lat": 49.025857 }, "geometry": { "type": "Point", "coordinates": [ 8.3837464, 49.025857 ] } },
{ "type": "Feature", "properties": { "id": "node/27133301", "city": "karlsruhe", "uni": "kit", "category": "sporteinrichtungen", "name": "The Rock", "adress": "Ziegelstraße 1", "sportart": null, "lon": 8.3610895, "lat": 49.0068452 }, "geometry": { "type": "Point", "coordinates": [ 8.3610895, 49.0068452 ] } },
{ "type": "Feature", "properties": { "id": "way/30428050", "city": "karlsruhe", "uni": "kit", "category": "sporteinrichtungen", "name": "ASV Hagsfeld", "adress": null, "sportart": null, "lon": 8.4647105, "lat": 49.0263518 }, "geometry": { "type": "Point", "coordinates": [ 8.4647105, 49.0263518 ] } },
{ "type": "Feature", "properties": { "id": "way/32686429", "city": "karlsruhe", "uni": "kit", "category": "sporteinrichtungen", "name": "Werner von Siemens Schule", "adress": null, "sportart": null, "lon": 8.371067, "lat": 49.0317867 }, "geometry": { "type": "Point", "coordinates": [ 8.371067, 49.0317867 ] } },
{ "type": "Feature", "properties": { "id": "way/32686430", "city": "karlsruhe", "uni": "kit", "category": "sporteinrichtungen", "name": "Sporteinrichtung", "adress": null, "sportart": null, "lon": 8.3723588, "lat": 49.033001 }, "geometry": { "type": "Point", "coordinates": [ 8.3723588, 49.033001 ] } },
{ "type": "Feature", "properties": { "id": "way/32686431", "city": "karlsruhe", "uni": "kit", "category": "sporteinrichtungen", "name": "Sporteinrichtung", "adress": null, "sportart": null, "lon": 8.3723767, "lat": 49.03317 }, "geometry": { "type": "Point", "coordinates": [ 8.3723767, 49.03317 ] } },
{ "type": "Feature", "properties": { "id": "way/52917072", "city": "karlsruhe", "uni": "kit", "category": "sporteinrichtungen", "name": "Sporteinrichtung", "adress": null, "sportart": null, "lon": 8.3618621, "lat": 49.0252864 }, "geometry": { "type": "Point", "coordinates": [ 8.3618621, 49.0252864 ] } },
{ "type": "Feature", "properties": { "id": "way/58977556", "city": "karlsruhe", "uni": "kit", "category": "sporteinrichtungen", "name": "Oberwaldbad", "adress": "Erlenweg 2", "sportart": null, "lon": 8.4107237, "lat": 48.9820546 }, "geometry": { "type": "Point", "coordinates": [ 8.4107237, 48.9820546 ] } },
{ "type": "Feature", "properties": { "id": "way/86503816", "city": "karlsruhe", "uni": "kit", "category": "sporteinrichtungen", "name": "Europa Arena", "adress": "Daimlerstraße 13", "sportart": null, "lon": 8.355201, "lat": 49.0273047 }, "geometry": { "type": "Point", "coordinates": [ 8.355201, 49.0273047 ] } },
{ "type": "Feature", "properties": { "id": "way/87244956", "city": "karlsruhe", "uni": "kit", "category": "sporteinrichtungen", "name": "Carl-Benz-Halle", "adress": "Sternstraße 3", "sportart": null, "lon": 8.3547484, "lat": 49.0115868 }, "geometry": { "type": "Point", "coordinates": [ 8.3547484, 49.0115868 ] } },
{ "type": "Feature", "properties": { "id": "way/89019779", "city": "karlsruhe", "uni": "kit", "category": "sporteinrichtungen", "name": "amena LADYFITNESS", "adress": "Hertzstraße 12", "sportart": null, "lon": 8.3659723, "lat": 49.0205975 }, "geometry": { "type": "Point", "coordinates": [ 8.3659723, 49.0205975 ] } },
{ "type": "Feature", "properties": { "id": "way/89279799", "city": "karlsruhe", "uni": "kit", "category": "sporteinrichtungen", "name": "Sporthalle Rintheim", "adress": "Mannheimer Straße 2", "sportart": null, "lon": 8.4401778, "lat": 49.0110476 }, "geometry": { "type": "Point", "coordinates": [ 8.4401778, 49.0110476 ] } },
{ "type": "Feature", "properties": { "id": "way/89970935", "city": "karlsruhe", "uni": "kit", "category": "sporteinrichtungen", "name": "Sport- und Freizeitzentrum „Kwak-Sport“", "adress": null, "sportart": null, "lon": 8.4311155, "lat": 49.0103843 }, "geometry": { "type": "Point", "coordinates": [ 8.4311155, 49.0103843 ] } },
{ "type": "Feature", "properties": { "id": "way/90057556", "city": "karlsruhe", "uni": "kit", "category": "sporteinrichtungen", "name": "Beach 21", "adress": null, "sportart": null, "lon": 8.4406264, "lat": 49.0269217 }, "geometry": { "type": "Point", "coordinates": [ 8.4406264, 49.0269217 ] } },
{ "type": "Feature", "properties": { "id": "way/90565151", "city": "karlsruhe", "uni": "kit", "category": "sporteinrichtungen", "name": "Sporthalle Heinrich-Köhler-Schule", "adress": null, "sportart": null, "lon": 8.4389609, "lat": 49.0138271 }, "geometry": { "type": "Point", "coordinates": [ 8.4389609, 49.0138271 ] } },
{ "type": "Feature", "properties": { "id": "way/93709788", "city": "karlsruhe", "uni": "kit", "category": "sporteinrichtungen", "name": "TuS Neureut", "adress": "Rechts der langen Richtstatt 4", "sportart": null, "lon": 8.3660613, "lat": 49.0421428 }, "geometry": { "type": "Point", "coordinates": [ 8.3660613, 49.0421428 ] } },
{ "type": "Feature", "properties": { "id": "way/96796208", "city": "karlsruhe", "uni": "kit", "category": "sporteinrichtungen", "name": "MTV Karlsruhe", "adress": "Kanalweg 1", "sportart": null, "lon": 8.4166645, "lat": 49.0226756 }, "geometry": { "type": "Point", "coordinates": [ 8.4166645, 49.0226756 ] } },
{ "type": "Feature", "properties": { "id": "way/96796217", "city": "karlsruhe", "uni": "kit", "category": "sporteinrichtungen", "name": "Männerturnverein Karlsruhe 1881 e.V.", "adress": null, "sportart": null, "lon": 8.4179729, "lat": 49.0226773 }, "geometry": { "type": "Point", "coordinates": [ 8.4179729, 49.0226773 ] } },
{ "type": "Feature", "properties": { "id": "way/96822596", "city": "karlsruhe", "uni": "kit", "category": "sporteinrichtungen", "name": "Sporthalle der PH Karlsruhe", "adress": "Moltkestraße 10", "sportart": null, "lon": 8.3948733, "lat": 49.0147391 }, "geometry": { "type": "Point", "coordinates": [ 8.3948733, 49.0147391 ] } },
{ "type": "Feature", "properties": { "id": "way/96822602", "city": "karlsruhe", "uni": "kit", "category": "sporteinrichtungen", "name": "Hebel-Halle", "adress": null, "sportart": null, "lon": 8.3950989, "lat": 49.0153809 }, "geometry": { "type": "Point", "coordinates": [ 8.3950989, 49.0153809 ] } },
{ "type": "Feature", "properties": { "id": "way/97892079", "city": "karlsruhe", "uni": "kit", "category": "sporteinrichtungen", "name": "Friedrich-List-Schule", "adress": null, "sportart": null, "lon": 8.4143779, "lat": 49.0060852 }, "geometry": { "type": "Point", "coordinates": [ 8.4143779, 49.0060852 ] } },
{ "type": "Feature", "properties": { "id": "way/98910689", "city": "karlsruhe", "uni": "kit", "category": "sporteinrichtungen", "name": "Tennishalle Turnerschaft Mühlburg", "adress": null, "sportart": null, "lon": 8.3506162, "lat": 49.0165634 }, "geometry": { "type": "Point", "coordinates": [ 8.3506162, 49.0165634 ] } },
{ "type": "Feature", "properties": { "id": "way/99863073", "city": "karlsruhe", "uni": "kit", "category": "sporteinrichtungen", "name": "Eichelgartenhalle", "adress": "Rosenweg 1", "sportart": null, "lon": 8.4154906, "lat": 48.9758802 }, "geometry": { "type": "Point", "coordinates": [ 8.4154906, 48.9758802 ] } },
{ "type": "Feature", "properties": { "id": "way/100769225", "city": "karlsruhe", "uni": "kit", "category": "sporteinrichtungen", "name": "SG Karlsruhe", "adress": "Hertzstraße 23", "sportart": null, "lon": 8.3647345, "lat": 49.0258112 }, "geometry": { "type": "Point", "coordinates": [ 8.3647345, 49.0258112 ] } },
{ "type": "Feature", "properties": { "id": "way/100951418", "city": "karlsruhe", "uni": "kit", "category": "sporteinrichtungen", "name": "FC West", "adress": null, "sportart": null, "lon": 8.3648382, "lat": 49.0227925 }, "geometry": { "type": "Point", "coordinates": [ 8.3648382, 49.0227925 ] } },
{ "type": "Feature", "properties": { "id": "way/100951421", "city": "karlsruhe", "uni": "kit", "category": "sporteinrichtungen", "name": "TC Karlsruhe-West", "adress": null, "sportart": null, "lon": 8.3640988, "lat": 49.0224563 }, "geometry": { "type": "Point", "coordinates": [ 8.3640988, 49.0224563 ] } },
{ "type": "Feature", "properties": { "id": "way/101152006", "city": "karlsruhe", "uni": "kit", "category": "sporteinrichtungen", "name": "Sporthalle 1", "adress": "Unterfeldstraße", "sportart": null, "lon": 8.3762273, "lat": 49.0447346 }, "geometry": { "type": "Point", "coordinates": [ 8.3762273, 49.0447346 ] } },
{ "type": "Feature", "properties": { "id": "way/101152016", "city": "karlsruhe", "uni": "kit", "category": "sporteinrichtungen", "name": "Sporthalle 2", "adress": "Unterfeldstraße", "sportart": null, "lon": 8.3768828, "lat": 49.0449963 }, "geometry": { "type": "Point", "coordinates": [ 8.3768828, 49.0449963 ] } },
{ "type": "Feature", "properties": { "id": "way/104842139", "city": "karlsruhe", "uni": "kit", "category": "sporteinrichtungen", "name": "Sporteinrichtung", "adress": null, "sportart": null, "lon": 8.3662981, "lat": 48.9883601 }, "geometry": { "type": "Point", "coordinates": [ 8.3662981, 48.9883601 ] } },
{ "type": "Feature", "properties": { "id": "way/104990099", "city": "karlsruhe", "uni": "kit", "category": "sporteinrichtungen", "name": "The Rock Boulderhalle", "adress": "Erlachseeweg 1", "sportart": null, "lon": 8.4381693, "lat": 48.9852451 }, "geometry": { "type": "Point", "coordinates": [ 8.4381693, 48.9852451 ] } },
{ "type": "Feature", "properties": { "id": "way/109962386", "city": "karlsruhe", "uni": "kit", "category": "sporteinrichtungen", "name": "GRENKE aKAdemie", "adress": null, "sportart": null, "lon": 8.4109857, "lat": 49.0194413 }, "geometry": { "type": "Point", "coordinates": [ 8.4109857, 49.0194413 ] } },
{ "type": "Feature", "properties": { "id": "way/110537695", "city": "karlsruhe", "uni": "kit", "category": "sporteinrichtungen", "name": "Sporthalle Wildpark", "adress": "Adenauerring 19", "sportart": null, "lon": 8.4100148, "lat": 49.0192634 }, "geometry": { "type": "Point", "coordinates": [ 8.4100148, 49.0192634 ] } },
{ "type": "Feature", "properties": { "id": "way/110881024", "city": "karlsruhe", "uni": "kit", "category": "sporteinrichtungen", "name": "Sporteinrichtung", "adress": null, "sportart": null, "lon": 8.446802, "lat": 49.0471347 }, "geometry": { "type": "Point", "coordinates": [ 8.446802, 49.0471347 ] } },
{ "type": "Feature", "properties": { "id": "way/111138651", "city": "karlsruhe", "uni": "kit", "category": "sporteinrichtungen", "name": "Weinbrennerhalle", "adress": null, "sportart": null, "lon": 8.3771246, "lat": 49.0045962 }, "geometry": { "type": "Point", "coordinates": [ 8.3771246, 49.0045962 ] } },
{ "type": "Feature", "properties": { "id": "way/111787745", "city": "karlsruhe", "uni": "kit", "category": "sporteinrichtungen", "name": "Sporteinrichtung", "adress": null, "sportart": null, "lon": 8.4409755, "lat": 49.0259674 }, "geometry": { "type": "Point", "coordinates": [ 8.4409755, 49.0259674 ] } },
{ "type": "Feature", "properties": { "id": "way/111787767", "city": "karlsruhe", "uni": "kit", "category": "sporteinrichtungen", "name": "Sporteinrichtung", "adress": null, "sportart": null, "lon": 8.4393185, "lat": 49.0249584 }, "geometry": { "type": "Point", "coordinates": [ 8.4393185, 49.0249584 ] } },
{ "type": "Feature", "properties": { "id": "way/116488025", "city": "karlsruhe", "uni": "kit", "category": "sporteinrichtungen", "name": "Friedrich-Ebert-Halle", "adress": null, "sportart": null, "lon": 8.3633159, "lat": 49.0087161 }, "geometry": { "type": "Point", "coordinates": [ 8.3633159, 49.0087161 ] } },
{ "type": "Feature", "properties": { "id": "way/118703950", "city": "karlsruhe", "uni": "kit", "category": "sporteinrichtungen", "name": "ESG Frankonia Karlsruhe", "adress": null, "sportart": null, "lon": 8.4433971, "lat": 49.0032998 }, "geometry": { "type": "Point", "coordinates": [ 8.4433971, 49.0032998 ] } },
{ "type": "Feature", "properties": { "id": "way/119240484", "city": "karlsruhe", "uni": "kit", "category": "sporteinrichtungen", "name": "Sporteinrichtung", "adress": "Tristanstraße 1", "sportart": null, "lon": 8.3684114, "lat": 49.0149268 }, "geometry": { "type": "Point", "coordinates": [ 8.3684114, 49.0149268 ] } },
{ "type": "Feature", "properties": { "id": "way/122164530", "city": "karlsruhe", "uni": "kit", "category": "sporteinrichtungen", "name": "Clever fit", "adress": "Zeppelinstraße 14", "sportart": null, "lon": 8.3610803, "lat": 49.0027456 }, "geometry": { "type": "Point", "coordinates": [ 8.3610803, 49.0027456 ] } },
{ "type": "Feature", "properties": { "id": "way/122164583", "city": "karlsruhe", "uni": "kit", "category": "sporteinrichtungen", "name": "Boulderhalle Steil", "adress": null, "sportart": null, "lon": 8.361457, "lat": 48.9988873 }, "geometry": { "type": "Point", "coordinates": [ 8.361457, 48.9988873 ] } },
{ "type": "Feature", "properties": { "id": "way/123349545", "city": "karlsruhe", "uni": "kit", "category": "sporteinrichtungen", "name": "Bulldog Gym", "adress": "Daxlander Straße 70a", "sportart": null, "lon": 8.3445162, "lat": 49.0072485 }, "geometry": { "type": "Point", "coordinates": [ 8.3445162, 49.0072485 ] } },
{ "type": "Feature", "properties": { "id": "way/123816096", "city": "karlsruhe", "uni": "kit", "category": "sporteinrichtungen", "name": "Turnhalle Beiertheim-Grundschule", "adress": "Marie-Alexandra-Straße 53", "sportart": null, "lon": 8.3861257, "lat": 48.9927652 }, "geometry": { "type": "Point", "coordinates": [ 8.3861257, 48.9927652 ] } },
{ "type": "Feature", "properties": { "id": "way/126063177", "city": "karlsruhe", "uni": "kit", "category": "sporteinrichtungen", "name": "Paintball Ranch Karlsruhe", "adress": "Untere Hub 1", "sportart": null, "lon": 8.4690539, "lat": 49.0102599 }, "geometry": { "type": "Point", "coordinates": [ 8.4690539, 49.0102599 ] } },
{ "type": "Feature", "properties": { "id": "way/128380623", "city": "karlsruhe", "uni": "kit", "category": "sporteinrichtungen", "name": "Schützenabteilung der ESG Frankonia Karlsruhe", "adress": null, "sportart": null, "lon": 8.3863896, "lat": 48.984077 }, "geometry": { "type": "Point", "coordinates": [ 8.3863896, 48.984077 ] } },
{ "type": "Feature", "properties": { "id": "way/129198162", "city": "karlsruhe", "uni": "kit", "category": "sporteinrichtungen", "name": "Waldsportplatz Neureut", "adress": null, "sportart": null, "lon": 8.4006405, "lat": 49.0461586 }, "geometry": { "type": "Point", "coordinates": [ 8.4006405, 49.0461586 ] } },
{ "type": "Feature", "properties": { "id": "way/130170651", "city": "karlsruhe", "uni": "kit", "category": "sporteinrichtungen", "name": "Eichendorfschule", "adress": null, "sportart": null, "lon": 8.4471309, "lat": 49.0377867 }, "geometry": { "type": "Point", "coordinates": [ 8.4471309, 49.0377867 ] } },
{ "type": "Feature", "properties": { "id": "way/131508942", "city": "karlsruhe", "uni": "kit", "category": "sporteinrichtungen", "name": "Halle 1", "adress": null, "sportart": null, "lon": 8.4047333, "lat": 48.9843751 }, "geometry": { "type": "Point", "coordinates": [ 8.4047333, 48.9843751 ] } },
{ "type": "Feature", "properties": { "id": "way/131508944", "city": "karlsruhe", "uni": "kit", "category": "sporteinrichtungen", "name": "PSD Bank-Halle", "adress": null, "sportart": null, "lon": 8.4044701, "lat": 48.9845204 }, "geometry": { "type": "Point", "coordinates": [ 8.4044701, 48.9845204 ] } },
{ "type": "Feature", "properties": { "id": "way/132161233", "city": "karlsruhe", "uni": "kit", "category": "sporteinrichtungen", "name": "Adolf-Ehrmann-Bad Neureut", "adress": "Unterfeldstraße 46", "sportart": null, "lon": 8.3859599, "lat": 49.0506138 }, "geometry": { "type": "Point", "coordinates": [ 8.3859599, 49.0506138 ] } },
{ "type": "Feature", "properties": { "id": "way/133023870", "city": "karlsruhe", "uni": "kit", "category": "sporteinrichtungen", "name": "Spielvereinigung 1910 Durlach-Aue e.V.", "adress": "Erlachseeweg 1", "sportart": null, "lon": 8.4391861, "lat": 48.9859172 }, "geometry": { "type": "Point", "coordinates": [ 8.4391861, 48.9859172 ] } },
{ "type": "Feature", "properties": { "id": "way/133880313", "city": "karlsruhe", "uni": "kit", "category": "sporteinrichtungen", "name": "Sporteinrichtung", "adress": null, "sportart": null, "lon": 8.4329912, "lat": 48.9938687 }, "geometry": { "type": "Point", "coordinates": [ 8.4329912, 48.9938687 ] } },
{ "type": "Feature", "properties": { "id": "way/134898031", "city": "karlsruhe", "uni": "kit", "category": "sporteinrichtungen", "name": "Budo-Club Karlsruhe e.V.", "adress": "Blücherstraße 15", "sportart": null, "lon": 8.3768227, "lat": 49.0129718 }, "geometry": { "type": "Point", "coordinates": [ 8.3768227, 49.0129718 ] } },
{ "type": "Feature", "properties": { "id": "way/150903836", "city": "karlsruhe", "uni": "kit", "category": "sporteinrichtungen", "name": "Sporthalle Otto-Hahn-Gymnasium", "adress": "Im Eichbäumle 1", "sportart": null, "lon": 8.4444631, "lat": 49.0332019 }, "geometry": { "type": "Point", "coordinates": [ 8.4444631, 49.0332019 ] } },
{ "type": "Feature", "properties": { "id": "way/151214449", "city": "karlsruhe", "uni": "kit", "category": "sporteinrichtungen", "name": "ASV Wolfartsweier", "adress": null, "sportart": null, "lon": 8.4435236, "lat": 48.9701918 }, "geometry": { "type": "Point", "coordinates": [ 8.4435236, 48.9701918 ] } },
{ "type": "Feature", "properties": { "id": "way/152087227", "city": "karlsruhe", "uni": "kit", "category": "sporteinrichtungen", "name": "Schießhalle BSC Karlsruhe", "adress": "Am Storrenacker 25", "sportart": null, "lon": 8.4690947, "lat": 49.023785 }, "geometry": { "type": "Point", "coordinates": [ 8.4690947, 49.023785 ] } },
{ "type": "Feature", "properties": { "id": "way/156201254", "city": "karlsruhe", "uni": "kit", "category": "sporteinrichtungen", "name": "Fritz-Meier-Halle", "adress": "Lenzenhubweg 14", "sportart": null, "lon": 8.4702476, "lat": 49.0070128 }, "geometry": { "type": "Point", "coordinates": [ 8.4702476, 49.0070128 ] } },
{ "type": "Feature", "properties": { "id": "way/157558736", "city": "karlsruhe", "uni": "kit", "category": "sporteinrichtungen", "name": "Bulacher SC", "adress": null, "sportart": null, "lon": 8.3783596, "lat": 48.9804469 }, "geometry": { "type": "Point", "coordinates": [ 8.3783596, 48.9804469 ] } },
{ "type": "Feature", "properties": { "id": "way/160483642", "city": "karlsruhe", "uni": "kit", "category": "sporteinrichtungen", "name": "Reitsportanlage Durlach", "adress": null, "sportart": null, "lon": 8.4660221, "lat": 49.0077031 }, "geometry": { "type": "Point", "coordinates": [ 8.4660221, 49.0077031 ] } },
{ "type": "Feature", "properties": { "id": "way/160483667", "city": "karlsruhe", "uni": "kit", "category": "sporteinrichtungen", "name": "Ballspiel-Anlage Pfarrer-Blink-Straße", "adress": null, "sportart": null, "lon": 8.459129, "lat": 49.0060766 }, "geometry": { "type": "Point", "coordinates": [ 8.459129, 49.0060766 ] } },
{ "type": "Feature", "properties": { "id": "way/219077517", "city": "karlsruhe", "uni": "kit", "category": "sporteinrichtungen", "name": "Karlsruher Turnverein 1846", "adress": null, "sportart": null, "lon": 8.4080252, "lat": 49.0269743 }, "geometry": { "type": "Point", "coordinates": [ 8.4080252, 49.0269743 ] } },
{ "type": "Feature", "properties": { "id": "way/226214880", "city": "karlsruhe", "uni": "kit", "category": "sporteinrichtungen", "name": "Post Südstadt Karlsruhe", "adress": null, "sportart": null, "lon": 8.4061929, "lat": 48.9891473 }, "geometry": { "type": "Point", "coordinates": [ 8.4061929, 48.9891473 ] } },
{ "type": "Feature", "properties": { "id": "way/226214881", "city": "karlsruhe", "uni": "kit", "category": "sporteinrichtungen", "name": "Post Südstadt Karlsruhe", "adress": null, "sportart": null, "lon": 8.4060604, "lat": 48.9835936 }, "geometry": { "type": "Point", "coordinates": [ 8.4060604, 48.9835936 ] } },
{ "type": "Feature", "properties": { "id": "way/226214882", "city": "karlsruhe", "uni": "kit", "category": "sporteinrichtungen", "name": "FC Südstern 06 Karlsruhe", "adress": null, "sportart": null, "lon": 8.4054481, "lat": 48.985932 }, "geometry": { "type": "Point", "coordinates": [ 8.4054481, 48.985932 ] } },
{ "type": "Feature", "properties": { "id": "way/243328406", "city": "karlsruhe", "uni": "kit", "category": "sporteinrichtungen", "name": "TC Grün-Weiß", "adress": null, "sportart": null, "lon": 8.4229152, "lat": 49.0023642 }, "geometry": { "type": "Point", "coordinates": [ 8.4229152, 49.0023642 ] } },
{ "type": "Feature", "properties": { "id": "way/250840722", "city": "karlsruhe", "uni": "kit", "category": "sporteinrichtungen", "name": "Sport 21", "adress": "Am Fächerbad 4", "sportart": null, "lon": 8.4453166, "lat": 49.0260861 }, "geometry": { "type": "Point", "coordinates": [ 8.4453166, 49.0260861 ] } },
{ "type": "Feature", "properties": { "id": "node/277985603", "city": "karlsruhe", "uni": "kit", "category": "sporteinrichtungen", "name": "Kieser Training", "adress": "Herrenstraße 23", "sportart": null, "lon": 8.3989156, "lat": 49.0091957 }, "geometry": { "type": "Point", "coordinates": [ 8.3989156, 49.0091957 ] } },
{ "type": "Feature", "properties": { "id": "way/289726070", "city": "karlsruhe", "uni": "kit", "category": "sporteinrichtungen", "name": "Rudi Seiter Turnzentrum", "adress": "Am Fächerbad 9", "sportart": null, "lon": 8.4466697, "lat": 49.0248467 }, "geometry": { "type": "Point", "coordinates": [ 8.4466697, 49.0248467 ] } },
{ "type": "Feature", "properties": { "id": "way/305683616", "city": "karlsruhe", "uni": "kit", "category": "sporteinrichtungen", "name": "Fit-in", "adress": "Ebertstraße 52", "sportart": null, "lon": 8.3865243, "lat": 48.9955575 }, "geometry": { "type": "Point", "coordinates": [ 8.3865243, 48.9955575 ] } },
{ "type": "Feature", "properties": { "id": "node/312916741", "city": "karlsruhe", "uni": "kit", "category": "sporteinrichtungen", "name": "mae Studio", "adress": null, "sportart": null, "lon": 8.3799432, "lat": 49.0105014 }, "geometry": { "type": "Point", "coordinates": [ 8.3799432, 49.0105014 ] } },
{ "type": "Feature", "properties": { "id": "way/313852850", "city": "karlsruhe", "uni": "kit", "category": "sporteinrichtungen", "name": "KETV", "adress": null, "sportart": null, "lon": 8.3649913, "lat": 49.0066192 }, "geometry": { "type": "Point", "coordinates": [ 8.3649913, 49.0066192 ] } },
{ "type": "Feature", "properties": { "id": "node/315379535", "city": "karlsruhe", "uni": "kit", "category": "sporteinrichtungen", "name": "Karlsruher Bridge-Sport-Club", "adress": "Durmersheimer Straße 53", "sportart": null, "lon": 8.3552866, "lat": 49.0024659 }, "geometry": { "type": "Point", "coordinates": [ 8.3552866, 49.0024659 ] } },
{ "type": "Feature", "properties": { "id": "way/323229550", "city": "karlsruhe", "uni": "kit", "category": "sporteinrichtungen", "name": "FSSV Karlsruhe", "adress": null, "sportart": null, "lon": 8.3940241, "lat": 49.0235525 }, "geometry": { "type": "Point", "coordinates": [ 8.3940241, 49.0235525 ] } },
{ "type": "Feature", "properties": { "id": "way/326258463", "city": "karlsruhe", "uni": "kit", "category": "sporteinrichtungen", "name": "SV Karlsruhe-Beiertheim", "adress": null, "sportart": null, "lon": 8.3782446, "lat": 48.9951767 }, "geometry": { "type": "Point", "coordinates": [ 8.3782446, 48.9951767 ] } },
{ "type": "Feature", "properties": { "id": "way/329896438", "city": "karlsruhe", "uni": "kit", "category": "sporteinrichtungen", "name": "TSV Rintheim", "adress": null, "sportart": null, "lon": 8.4417058, "lat": 49.0105415 }, "geometry": { "type": "Point", "coordinates": [ 8.4417058, 49.0105415 ] } },
{ "type": "Feature", "properties": { "id": "way/332530846", "city": "karlsruhe", "uni": "kit", "category": "sporteinrichtungen", "name": "Traugott-Bender-Sportpark", "adress": null, "sportart": null, "lon": 8.4419511, "lat": 49.0256925 }, "geometry": { "type": "Point", "coordinates": [ 8.4419511, 49.0256925 ] } },
{ "type": "Feature", "properties": { "id": "way/371774193", "city": "karlsruhe", "uni": "kit", "category": "sporteinrichtungen", "name": "Karlsruher Sport-Club", "adress": "Adenauerring 17", "sportart": null, "lon": 8.4120842, "lat": 49.0193374 }, "geometry": { "type": "Point", "coordinates": [ 8.4120842, 49.0193374 ] } },
{ "type": "Feature", "properties": { "id": "way/372219216", "city": "karlsruhe", "uni": "kit", "category": "sporteinrichtungen", "name": "SpVgg Olympia Hertha", "adress": null, "sportart": null, "lon": 8.4104136, "lat": 49.025956 }, "geometry": { "type": "Point", "coordinates": [ 8.4104136, 49.025956 ] } },
{ "type": "Feature", "properties": { "id": "way/372874680", "city": "karlsruhe", "uni": "kit", "category": "sporteinrichtungen", "name": "Tennisclub Grünwinkel", "adress": "Mittelschmallen", "sportart": null, "lon": 8.3692337, "lat": 48.9904945 }, "geometry": { "type": "Point", "coordinates": [ 8.3692337, 48.9904945 ] } },
{ "type": "Feature", "properties": { "id": "way/383412214", "city": "karlsruhe", "uni": "kit", "category": "sporteinrichtungen", "name": "Grundschule am Wasserturm", "adress": null, "sportart": null, "lon": 8.417402, "lat": 49.0028626 }, "geometry": { "type": "Point", "coordinates": [ 8.417402, 49.0028626 ] } },
{ "type": "Feature", "properties": { "id": "way/411102449", "city": "karlsruhe", "uni": "kit", "category": "sporteinrichtungen", "name": "Weiherhofbad", "adress": "Weiherhof 13", "sportart": null, "lon": 8.4715634, "lat": 48.99712 }, "geometry": { "type": "Point", "coordinates": [ 8.4715634, 48.99712 ] } },
{ "type": "Feature", "properties": { "id": "node/424210867", "city": "karlsruhe", "uni": "kit", "category": "sporteinrichtungen", "name": "KampfKunstCenter Karlsruhe", "adress": "Waldstraße 23", "sportart": null, "lon": 8.3989905, "lat": 49.0104377 }, "geometry": { "type": "Point", "coordinates": [ 8.3989905, 49.0104377 ] } },
{ "type": "Feature", "properties": { "id": "way/435026679", "city": "karlsruhe", "uni": "kit", "category": "sporteinrichtungen", "name": "DAV Kletter Boulder Zentrum Karlsruhe", "adress": "Am Fächerbad 2", "sportart": null, "lon": 8.4458634, "lat": 49.0259931 }, "geometry": { "type": "Point", "coordinates": [ 8.4458634, 49.0259931 ] } },
{ "type": "Feature", "properties": { "id": "way/439951618", "city": "karlsruhe", "uni": "kit", "category": "sporteinrichtungen", "name": "SG Rüppurr", "adress": "Brunnenstückweg 2", "sportart": null, "lon": 8.3896849, "lat": 48.9690095 }, "geometry": { "type": "Point", "coordinates": [ 8.3896849, 48.9690095 ] } },
{ "type": "Feature", "properties": { "id": "way/444942434", "city": "karlsruhe", "uni": "kit", "category": "sporteinrichtungen", "name": "Pfitzenmeier Premium Resort", "adress": "Rudolf-Freytag-Straße 6", "sportart": null, "lon": 8.3457278, "lat": 49.0000624 }, "geometry": { "type": "Point", "coordinates": [ 8.3457278, 49.0000624 ] } },
{ "type": "Feature", "properties": { "id": "node/540131050", "city": "karlsruhe", "uni": "kit", "category": "sporteinrichtungen", "name": "our.class", "adress": "Ebertstraße 44", "sportart": null, "lon": 8.3875975, "lat": 48.9954243 }, "geometry": { "type": "Point", "coordinates": [ 8.3875975, 48.9954243 ] } },
{ "type": "Feature", "properties": { "id": "way/556355341", "city": "karlsruhe", "uni": "kit", "category": "sporteinrichtungen", "name": "FC Karlsruhe", "adress": "Kanalweg 2", "sportart": null, "lon": 8.4185888, "lat": 49.0244519 }, "geometry": { "type": "Point", "coordinates": [ 8.4185888, 49.0244519 ] } },
{ "type": "Feature", "properties": { "id": "way/556359238", "city": "karlsruhe", "uni": "kit", "category": "sporteinrichtungen", "name": "VdH Karlsruhe", "adress": "Theodor-Heuss-Allee 2", "sportart": null, "lon": 8.420268, "lat": 49.0255785 }, "geometry": { "type": "Point", "coordinates": [ 8.420268, 49.0255785 ] } },
{ "type": "Feature", "properties": { "id": "way/575970094", "city": "karlsruhe", "uni": "kit", "category": "sporteinrichtungen", "name": "Reformers", "adress": "Durlacher Allee 111", "sportart": null, "lon": 8.450154, "lat": 49.0043903 }, "geometry": { "type": "Point", "coordinates": [ 8.450154, 49.0043903 ] } },
{ "type": "Feature", "properties": { "id": "way/614023491", "city": "karlsruhe", "uni": "kit", "category": "sporteinrichtungen", "name": "Trimedic Centrum für Gesundheitsförderung", "adress": "Ohiostraße 4", "sportart": null, "lon": 8.3947774, "lat": 49.030702 }, "geometry": { "type": "Point", "coordinates": [ 8.3947774, 49.030702 ] } },
{ "type": "Feature", "properties": { "id": "way/699102186", "city": "karlsruhe", "uni": "kit", "category": "sporteinrichtungen", "name": "Bismarck-Halle", "adress": null, "sportart": null, "lon": 8.3950093, "lat": 49.0151095 }, "geometry": { "type": "Point", "coordinates": [ 8.3950093, 49.0151095 ] } },
{ "type": "Feature", "properties": { "id": "way/743274098", "city": "karlsruhe", "uni": "kit", "category": "sporteinrichtungen", "name": "Nebeniusschule", "adress": null, "sportart": null, "lon": 8.4075973, "lat": 48.9968921 }, "geometry": { "type": "Point", "coordinates": [ 8.4075973, 48.9968921 ] } },
{ "type": "Feature", "properties": { "id": "way/743571968", "city": "karlsruhe", "uni": "kit", "category": "sporteinrichtungen", "name": "Unibad", "adress": null, "sportart": null, "lon": 8.4162751, "lat": 49.0156538 }, "geometry": { "type": "Point", "coordinates": [ 8.4162751, 49.0156538 ] } },
{ "type": "Feature", "properties": { "id": "way/771874346", "city": "karlsruhe", "uni": "kit", "category": "sporteinrichtungen", "name": "Multifunktionshalle", "adress": null, "sportart": null, "lon": 8.415242, "lat": 49.0169047 }, "geometry": { "type": "Point", "coordinates": [ 8.415242, 49.0169047 ] } },
{ "type": "Feature", "properties": { "id": "way/863358785", "city": "karlsruhe", "uni": "kit", "category": "sporteinrichtungen", "name": "Sparda Sportpark", "adress": null, "sportart": null, "lon": 8.415399, "lat": 49.0173614 }, "geometry": { "type": "Point", "coordinates": [ 8.415399, 49.0173614 ] } },
{ "type": "Feature", "properties": { "id": "node/879626370", "city": "karlsruhe", "uni": "kit", "category": "sporteinrichtungen", "name": "Mrs. Sporty", "adress": null, "sportart": null, "lon": 8.3813569, "lat": 49.0080405 }, "geometry": { "type": "Point", "coordinates": [ 8.3813569, 49.0080405 ] } },
{ "type": "Feature", "properties": { "id": "way/884363717", "city": "karlsruhe", "uni": "kit", "category": "sporteinrichtungen", "name": "Lina-Radke-Halle", "adress": "Steinhäuserstraße 29", "sportart": null, "lon": 8.3818305, "lat": 48.9966093 }, "geometry": { "type": "Point", "coordinates": [ 8.3818305, 48.9966093 ] } },
{ "type": "Feature", "properties": { "id": "node/996110456", "city": "karlsruhe", "uni": "kit", "category": "sporteinrichtungen", "name": "Jonny M.", "adress": "Kaiserstraße 146", "sportart": null, "lon": 8.3947038, "lat": 49.010201 }, "geometry": { "type": "Point", "coordinates": [ 8.3947038, 49.010201 ] } },
{ "type": "Feature", "properties": { "id": "way/999697602", "city": "karlsruhe", "uni": "kit", "category": "sporteinrichtungen", "name": "Tennisclub Rüppurr 1929 e.V.", "adress": null, "sportart": null, "lon": 8.4121852, "lat": 48.968019 }, "geometry": { "type": "Point", "coordinates": [ 8.4121852, 48.968019 ] } },
{ "type": "Feature", "properties": { "id": "way/1018802226", "city": "karlsruhe", "uni": "kit", "category": "sporteinrichtungen", "name": "Sporteinrichtung", "adress": null, "sportart": null, "lon": 8.423495, "lat": 49.0025184 }, "geometry": { "type": "Point", "coordinates": [ 8.423495, 49.0025184 ] } },
{ "type": "Feature", "properties": { "id": "way/1046189304", "city": "karlsruhe", "uni": "kit", "category": "sporteinrichtungen", "name": "Turn- und Sportverein 1874 Rüppurr", "adress": "Steinmannstraße 1", "sportart": null, "lon": 8.417102, "lat": 48.9736257 }, "geometry": { "type": "Point", "coordinates": [ 8.417102, 48.9736257 ] } },
{ "type": "Feature", "properties": { "id": "node/1053693926", "city": "karlsruhe", "uni": "kit", "category": "sporteinrichtungen", "name": "VeniceBeach Fitness", "adress": "Rüppurrer Straße 1", "sportart": null, "lon": 8.4112896, "lat": 49.0056528 }, "geometry": { "type": "Point", "coordinates": [ 8.4112896, 49.0056528 ] } },
{ "type": "Feature", "properties": { "id": "way/1053763605", "city": "karlsruhe", "uni": "kit", "category": "sporteinrichtungen", "name": "Sporteinrichtung", "adress": null, "sportart": null, "lon": 8.3780733, "lat": 48.9958854 }, "geometry": { "type": "Point", "coordinates": [ 8.3780733, 48.9958854 ] } },
{ "type": "Feature", "properties": { "id": "way/1084409389", "city": "karlsruhe", "uni": "kit", "category": "sporteinrichtungen", "name": "TSV Bulach", "adress": "Sankt-Florian-Straße 12-14", "sportart": null, "lon": 8.3862376, "lat": 48.9904206 }, "geometry": { "type": "Point", "coordinates": [ 8.3862376, 48.9904206 ] } },
{ "type": "Feature", "properties": { "id": "way/1110749965", "city": "karlsruhe", "uni": "kit", "category": "sporteinrichtungen", "name": "Sporteinrichtung", "adress": null, "sportart": null, "lon": 8.3524433, "lat": 49.0001264 }, "geometry": { "type": "Point", "coordinates": [ 8.3524433, 49.0001264 ] } },
{ "type": "Feature", "properties": { "id": "way/1167377598", "city": "karlsruhe", "uni": "kit", "category": "sporteinrichtungen", "name": "Vereinigte Turnerschaft Karlsruhe-Hagsfeld 1895 e.V.", "adress": null, "sportart": null, "lon": 8.4594152, "lat": 49.0276375 }, "geometry": { "type": "Point", "coordinates": [ 8.4594152, 49.0276375 ] } },
{ "type": "Feature", "properties": { "id": "way/1188409336", "city": "karlsruhe", "uni": "kit", "category": "sporteinrichtungen", "name": "TC Neureut", "adress": null, "sportart": null, "lon": 8.3667538, "lat": 49.0414339 }, "geometry": { "type": "Point", "coordinates": [ 8.3667538, 49.0414339 ] } },
{ "type": "Feature", "properties": { "id": "way/1230262881", "city": "karlsruhe", "uni": "kit", "category": "sporteinrichtungen", "name": "Dragoner Sporthalle", "adress": null, "sportart": null, "lon": 8.3753258, "lat": 49.0120925 }, "geometry": { "type": "Point", "coordinates": [ 8.3753258, 49.0120925 ] } },
{ "type": "Feature", "properties": { "id": "way/1287641862", "city": "karlsruhe", "uni": "kit", "category": "sporteinrichtungen", "name": "DJK Karlsruhe-Ost", "adress": null, "sportart": null, "lon": 8.4116399, "lat": 49.0264442 }, "geometry": { "type": "Point", "coordinates": [ 8.4116399, 49.0264442 ] } },
{ "type": "Feature", "properties": { "id": "node/1305923030", "city": "karlsruhe", "uni": "kit", "category": "sporteinrichtungen", "name": "Fit-in", "adress": "Kaiserstraße 94a", "sportart": null, "lon": 8.4006878, "lat": 49.0098765 }, "geometry": { "type": "Point", "coordinates": [ 8.4006878, 49.0098765 ] } },
{ "type": "Feature", "properties": { "id": "way/1352759563", "city": "karlsruhe", "uni": "kit", "category": "sporteinrichtungen", "name": "Sporteinrichtung", "adress": null, "sportart": null, "lon": 8.3713688, "lat": 49.0325911 }, "geometry": { "type": "Point", "coordinates": [ 8.3713688, 49.0325911 ] } },
{ "type": "Feature", "properties": { "id": "way/1416191211", "city": "karlsruhe", "uni": "kit", "category": "sporteinrichtungen", "name": "BFS Karlsruhe", "adress": null, "sportart": null, "lon": 8.4046382, "lat": 48.9885243 }, "geometry": { "type": "Point", "coordinates": [ 8.4046382, 48.9885243 ] } },
{ "type": "Feature", "properties": { "id": "way/1431816898", "city": "karlsruhe", "uni": "kit", "category": "sporteinrichtungen", "name": "SG Rüppurr", "adress": null, "sportart": null, "lon": 8.4071392, "lat": 48.9818681 }, "geometry": { "type": "Point", "coordinates": [ 8.4071392, 48.9818681 ] } },
{ "type": "Feature", "properties": { "id": "way/1435071878", "city": "karlsruhe", "uni": "kit", "category": "sporteinrichtungen", "name": "Schützengesellschaft Karlsruhe 1721", "adress": "Adenauerring 32", "sportart": null, "lon": 8.3977348, "lat": 49.0256771 }, "geometry": { "type": "Point", "coordinates": [ 8.3977348, 49.0256771 ] } },
{ "type": "Feature", "properties": { "id": "way/1449451854", "city": "karlsruhe", "uni": "kit", "category": "sporteinrichtungen", "name": "Verein für deutsche Schäferhunde - OG Karlsruhe 02", "adress": "Adenauerring 30", "sportart": null, "lon": 8.398395, "lat": 49.0248458 }, "geometry": { "type": "Point", "coordinates": [ 8.398395, 49.0248458 ] } },
{ "type": "Feature", "properties": { "id": "way/1484736032", "city": "karlsruhe", "uni": "kit", "category": "sporteinrichtungen", "name": "TC Heidenstücker e.V.", "adress": "Joachim-Kurzaj-Weg 1", "sportart": null, "lon": 8.3598782, "lat": 48.9942617 }, "geometry": { "type": "Point", "coordinates": [ 8.3598782, 48.9942617 ] } },
{ "type": "Feature", "properties": { "id": "way/1484744549", "city": "karlsruhe", "uni": "kit", "category": "sporteinrichtungen", "name": "Karlsruher FV", "adress": "Joachim-Kurzaj-Weg 5", "sportart": null, "lon": 8.3612886, "lat": 48.9944924 }, "geometry": { "type": "Point", "coordinates": [ 8.3612886, 48.9944924 ] } },
{ "type": "Feature", "properties": { "id": "node/1637566058", "city": "karlsruhe", "uni": "kit", "category": "sporteinrichtungen", "name": "Sporthalle Grundschule Bulach", "adress": null, "sportart": null, "lon": 8.379434, "lat": 48.9887664 }, "geometry": { "type": "Point", "coordinates": [ 8.379434, 48.9887664 ] } },
{ "type": "Feature", "properties": { "id": "node/1638000087", "city": "karlsruhe", "uni": "kit", "category": "sporteinrichtungen", "name": "Halle 1", "adress": null, "sportart": null, "lon": 8.4163651, "lat": 49.0160882 }, "geometry": { "type": "Point", "coordinates": [ 8.4163651, 49.0160882 ] } },
{ "type": "Feature", "properties": { "id": "node/2147671203", "city": "karlsruhe", "uni": "kit", "category": "sporteinrichtungen", "name": "Snap-Fit", "adress": "Karlstraße 67", "sportart": null, "lon": 8.3946206, "lat": 49.0014669 }, "geometry": { "type": "Point", "coordinates": [ 8.3946206, 49.0014669 ] } },
{ "type": "Feature", "properties": { "id": "node/2311562112", "city": "karlsruhe", "uni": "kit", "category": "sporteinrichtungen", "name": "Walk-In", "adress": null, "sportart": null, "lon": 8.4152052, "lat": 49.0158532 }, "geometry": { "type": "Point", "coordinates": [ 8.4152052, 49.0158532 ] } },
{ "type": "Feature", "properties": { "id": "node/2578360871", "city": "karlsruhe", "uni": "kit", "category": "sporteinrichtungen", "name": "Basis Karlsruhe", "adress": null, "sportart": null, "lon": 8.4052159, "lat": 48.9956075 }, "geometry": { "type": "Point", "coordinates": [ 8.4052159, 48.9956075 ] } },
{ "type": "Feature", "properties": { "id": "node/2670646323", "city": "karlsruhe", "uni": "kit", "category": "sporteinrichtungen", "name": "Fit-in", "adress": "An der RaumFabrik 32", "sportart": null, "lon": 8.4642447, "lat": 48.997585 }, "geometry": { "type": "Point", "coordinates": [ 8.4642447, 48.997585 ] } },
{ "type": "Feature", "properties": { "id": "node/2828997348", "city": "karlsruhe", "uni": "kit", "category": "sporteinrichtungen", "name": "Bogenraum", "adress": "Steinstraße 23", "sportart": null, "lon": 8.4071024, "lat": 49.0068415 }, "geometry": { "type": "Point", "coordinates": [ 8.4071024, 49.0068415 ] } },
{ "type": "Feature", "properties": { "id": "node/2997742699", "city": "karlsruhe", "uni": "kit", "category": "sporteinrichtungen", "name": "Fitnessstudio Turnerschaft Mühlburg", "adress": null, "sportart": null, "lon": 8.3504772, "lat": 49.0168221 }, "geometry": { "type": "Point", "coordinates": [ 8.3504772, 49.0168221 ] } },
{ "type": "Feature", "properties": { "id": "node/3054647382", "city": "karlsruhe", "uni": "kit", "category": "sporteinrichtungen", "name": "GetFitness", "adress": "Heinrich-Wittmann-Straße 23", "sportart": null, "lon": 8.4426837, "lat": 49.0090954 }, "geometry": { "type": "Point", "coordinates": [ 8.4426837, 49.0090954 ] } },
{ "type": "Feature", "properties": { "id": "node/3054650630", "city": "karlsruhe", "uni": "kit", "category": "sporteinrichtungen", "name": "Sportprinz", "adress": "Unterweingartenfeld 6", "sportart": null, "lon": 8.3742043, "lat": 48.9922851 }, "geometry": { "type": "Point", "coordinates": [ 8.3742043, 48.9922851 ] } },
{ "type": "Feature", "properties": { "id": "node/3056460450", "city": "karlsruhe", "uni": "kit", "category": "sporteinrichtungen", "name": "ralf AMON aktiv und gesund", "adress": null, "sportart": null, "lon": 8.3854537, "lat": 49.0257828 }, "geometry": { "type": "Point", "coordinates": [ 8.3854537, 49.0257828 ] } },
{ "type": "Feature", "properties": { "id": "node/3366160577", "city": "karlsruhe", "uni": "kit", "category": "sporteinrichtungen", "name": "Körperformen", "adress": "Kaiserpassage", "sportart": null, "lon": 8.3969556, "lat": 49.0103615 }, "geometry": { "type": "Point", "coordinates": [ 8.3969556, 49.0103615 ] } },
{ "type": "Feature", "properties": { "id": "node/3470507013", "city": "karlsruhe", "uni": "kit", "category": "sporteinrichtungen", "name": "Sportprinz", "adress": "Daimlerstraße 15", "sportart": null, "lon": 8.3562812, "lat": 49.027886 }, "geometry": { "type": "Point", "coordinates": [ 8.3562812, 49.027886 ] } },
{ "type": "Feature", "properties": { "id": "node/4109525434", "city": "karlsruhe", "uni": "kit", "category": "sporteinrichtungen", "name": "Qi Gong Tai Chi Schule Karlsruhe Bruchsal", "adress": "Kaiserstraße 34a", "sportart": null, "lon": 8.4085144, "lat": 49.0095137 }, "geometry": { "type": "Point", "coordinates": [ 8.4085144, 49.0095137 ] } },
{ "type": "Feature", "properties": { "id": "node/4117663249", "city": "karlsruhe", "uni": "kit", "category": "sporteinrichtungen", "name": "Black Belt Center Karlsruhe", "adress": "Daimlerstraße 5a", "sportart": null, "lon": 8.3557393, "lat": 49.0254994 }, "geometry": { "type": "Point", "coordinates": [ 8.3557393, 49.0254994 ] } },
{ "type": "Feature", "properties": { "id": "node/4169796469", "city": "karlsruhe", "uni": "kit", "category": "sporteinrichtungen", "name": "VeniceBeach", "adress": "Kaiserstraße 217", "sportart": null, "lon": 8.3937887, "lat": 49.0090927 }, "geometry": { "type": "Point", "coordinates": [ 8.3937887, 49.0090927 ] } },
{ "type": "Feature", "properties": { "id": "node/4358025695", "city": "karlsruhe", "uni": "kit", "category": "sporteinrichtungen", "name": "Whin Chun Akademie", "adress": "Haid-und-Neu-Straße 6", "sportart": null, "lon": 8.4242277, "lat": 49.0114879 }, "geometry": { "type": "Point", "coordinates": [ 8.4242277, 49.0114879 ] } },
{ "type": "Feature", "properties": { "id": "node/5212850421", "city": "karlsruhe", "uni": "kit", "category": "sporteinrichtungen", "name": "SSC Fitness- und Gesundheitsstudio", "adress": "Am Sportpark 5", "sportart": null, "lon": 8.4416628, "lat": 49.0260232 }, "geometry": { "type": "Point", "coordinates": [ 8.4416628, 49.0260232 ] } },
{ "type": "Feature", "properties": { "id": "node/5637295633", "city": "karlsruhe", "uni": "kit", "category": "sporteinrichtungen", "name": "e-training Fitnessclub", "adress": "Borsigstraße 3", "sportart": null, "lon": 8.3526609, "lat": 49.0192691 }, "geometry": { "type": "Point", "coordinates": [ 8.3526609, 49.0192691 ] } },
{ "type": "Feature", "properties": { "id": "node/5656328339", "city": "karlsruhe", "uni": "kit", "category": "sporteinrichtungen", "name": "Gym10", "adress": "Waldstraße 24-28", "sportart": null, "lon": 8.3974338, "lat": 49.0108215 }, "geometry": { "type": "Point", "coordinates": [ 8.3974338, 49.0108215 ] } },
{ "type": "Feature", "properties": { "id": "node/5968855546", "city": "karlsruhe", "uni": "kit", "category": "sporteinrichtungen", "name": "BodyJam", "adress": null, "sportart": null, "lon": 8.4692962, "lat": 49.0041389 }, "geometry": { "type": "Point", "coordinates": [ 8.4692962, 49.0041389 ] } },
{ "type": "Feature", "properties": { "id": "node/6003206244", "city": "karlsruhe", "uni": "kit", "category": "sporteinrichtungen", "name": "Snap-Fit", "adress": "Greschbachstraße 3", "sportart": null, "lon": 8.4712688, "lat": 49.026522 }, "geometry": { "type": "Point", "coordinates": [ 8.4712688, 49.026522 ] } },
{ "type": "Feature", "properties": { "id": "node/7205896851", "city": "karlsruhe", "uni": "kit", "category": "sporteinrichtungen", "name": "Halle 2 A - Kletterwand", "adress": "Engler-Bunte-Ring 13", "sportart": null, "lon": 8.4147699, "lat": 49.0159372 }, "geometry": { "type": "Point", "coordinates": [ 8.4147699, 49.0159372 ] } },
{ "type": "Feature", "properties": { "id": "node/7205896852", "city": "karlsruhe", "uni": "kit", "category": "sporteinrichtungen", "name": "Halle 2", "adress": "Engler-Bunte-Ring 13", "sportart": null, "lon": 8.414987, "lat": 49.0159121 }, "geometry": { "type": "Point", "coordinates": [ 8.414987, 49.0159121 ] } },
{ "type": "Feature", "properties": { "id": "node/8012932345", "city": "karlsruhe", "uni": "kit", "category": "sporteinrichtungen", "name": "Sascha Schorb", "adress": null, "sportart": null, "lon": 8.3798092, "lat": 49.0147585 }, "geometry": { "type": "Point", "coordinates": [ 8.3798092, 49.0147585 ] } },
{ "type": "Feature", "properties": { "id": "node/9484024876", "city": "karlsruhe", "uni": "kit", "category": "sporteinrichtungen", "name": "inform Frauenfitness", "adress": null, "sportart": null, "lon": 8.3751043, "lat": 48.9832712 }, "geometry": { "type": "Point", "coordinates": [ 8.3751043, 48.9832712 ] } },
{ "type": "Feature", "properties": { "id": "node/9609241256", "city": "karlsruhe", "uni": "kit", "category": "sporteinrichtungen", "name": "Die Matte", "adress": null, "sportart": null, "lon": 8.3856665, "lat": 49.0098251 }, "geometry": { "type": "Point", "coordinates": [ 8.3856665, 49.0098251 ] } },
{ "type": "Feature", "properties": { "id": "node/9792344427", "city": "karlsruhe", "uni": "kit", "category": "sporteinrichtungen", "name": "CVJM Waldheim", "adress": null, "sportart": null, "lon": 8.4095809, "lat": 49.0244543 }, "geometry": { "type": "Point", "coordinates": [ 8.4095809, 49.0244543 ] } },
{ "type": "Feature", "properties": { "id": "node/9792344428", "city": "karlsruhe", "uni": "kit", "category": "sporteinrichtungen", "name": "CVJM Outdoorpark", "adress": null, "sportart": null, "lon": 8.4092161, "lat": 49.0238097 }, "geometry": { "type": "Point", "coordinates": [ 8.4092161, 49.0238097 ] } },
{ "type": "Feature", "properties": { "id": "node/10163881134", "city": "karlsruhe", "uni": "kit", "category": "sporteinrichtungen", "name": "MY GYM PRIME", "adress": "Kaiserstraße 154", "sportart": null, "lon": 8.3940318, "lat": 49.0101836 }, "geometry": { "type": "Point", "coordinates": [ 8.3940318, 49.0101836 ] } },
{ "type": "Feature", "properties": { "id": "node/10174204936", "city": "karlsruhe", "uni": "kit", "category": "sporteinrichtungen", "name": "Jumping Fitness Karlsruhe", "adress": "Badener Straße 64", "sportart": null, "lon": 8.4721334, "lat": 48.9905872 }, "geometry": { "type": "Point", "coordinates": [ 8.4721334, 48.9905872 ] } },
{ "type": "Feature", "properties": { "id": "node/10201637508", "city": "karlsruhe", "uni": "kit", "category": "sporteinrichtungen", "name": "Boulderwelt Karlsruhe", "adress": "Karlstraße 14", "sportart": null, "lon": 8.3947847, "lat": 49.0104397 }, "geometry": { "type": "Point", "coordinates": [ 8.3947847, 49.0104397 ] } },
{ "type": "Feature", "properties": { "id": "node/10208328896", "city": "karlsruhe", "uni": "kit", "category": "sporteinrichtungen", "name": "Activio Sport", "adress": null, "sportart": null, "lon": 8.405536, "lat": 48.9821632 }, "geometry": { "type": "Point", "coordinates": [ 8.405536, 48.9821632 ] } },
{ "type": "Feature", "properties": { "id": "node/10702576826", "city": "karlsruhe", "uni": "kit", "category": "sporteinrichtungen", "name": "TeamXtreme", "adress": "Steinstraße 19", "sportart": null, "lon": 8.4078121, "lat": 49.0068885 }, "geometry": { "type": "Point", "coordinates": [ 8.4078121, 49.0068885 ] } },
{ "type": "Feature", "properties": { "id": "node/11045406601", "city": "karlsruhe", "uni": "kit", "category": "sporteinrichtungen", "name": "MACH1", "adress": "Pfannkuchstraße 3a", "sportart": null, "lon": 8.345345, "lat": 49.0097595 }, "geometry": { "type": "Point", "coordinates": [ 8.345345, 49.0097595 ] } },
{ "type": "Feature", "properties": { "id": "node/11352553251", "city": "karlsruhe", "uni": "kit", "category": "sporteinrichtungen", "name": "CrossFit Chlkd", "adress": "An der Tagweide 14", "sportart": null, "lon": 8.4614474, "lat": 49.0234863 }, "geometry": { "type": "Point", "coordinates": [ 8.4614474, 49.0234863 ] } },
{ "type": "Feature", "properties": { "id": "node/11353702614", "city": "karlsruhe", "uni": "kit", "category": "sporteinrichtungen", "name": "CrossFit", "adress": "Daimlerstraße 16", "sportart": null, "lon": 8.3567934, "lat": 49.0278518 }, "geometry": { "type": "Point", "coordinates": [ 8.3567934, 49.0278518 ] } },
{ "type": "Feature", "properties": { "id": "node/11811835969", "city": "karlsruhe", "uni": "kit", "category": "sporteinrichtungen", "name": "Pilates for me", "adress": "Gartenstraße 10", "sportart": null, "lon": 8.3969019, "lat": 49.0046959 }, "geometry": { "type": "Point", "coordinates": [ 8.3969019, 49.0046959 ] } },
{ "type": "Feature", "properties": { "id": "node/11811835970", "city": "karlsruhe", "uni": "kit", "category": "sporteinrichtungen", "name": "YOGAetage", "adress": "Gartenstraße 10", "sportart": null, "lon": 8.3969002, "lat": 49.004739 }, "geometry": { "type": "Point", "coordinates": [ 8.3969002, 49.004739 ] } },
{ "type": "Feature", "properties": { "id": "node/12004041450", "city": "karlsruhe", "uni": "kit", "category": "sporteinrichtungen", "name": "Bau 61", "adress": "Amalienbadstraße 41", "sportart": null, "lon": 8.4638593, "lat": 48.9957834 }, "geometry": { "type": "Point", "coordinates": [ 8.4638593, 48.9957834 ] } },
{ "type": "Feature", "properties": { "id": "node/12078800812", "city": "karlsruhe", "uni": "kit", "category": "sporteinrichtungen", "name": "Move Light Fitness Club", "adress": null, "sportart": null, "lon": 8.444234, "lat": 49.0280341 }, "geometry": { "type": "Point", "coordinates": [ 8.444234, 49.0280341 ] } },
{ "type": "Feature", "properties": { "id": "node/12287976576", "city": "karlsruhe", "uni": "kit", "category": "sporteinrichtungen", "name": "FitX", "adress": "Striederstraße 34", "sportart": null, "lon": 8.4381948, "lat": 49.0103907 }, "geometry": { "type": "Point", "coordinates": [ 8.4381948, 49.0103907 ] } },
{ "type": "Feature", "properties": { "id": "node/12492267441", "city": "karlsruhe", "uni": "kit", "category": "sporteinrichtungen", "name": "Mae Studio", "adress": "Ebertstraße 17a", "sportart": null, "lon": 8.3926473, "lat": 48.9943312 }, "geometry": { "type": "Point", "coordinates": [ 8.3926473, 48.9943312 ] } },
{ "type": "Feature", "properties": { "id": "node/13328224002", "city": "karlsruhe", "uni": "kit", "category": "sporteinrichtungen", "name": "Gym10", "adress": "Waldstraße 24-28", "sportart": null, "lon": 8.3979422, "lat": 49.010449 }, "geometry": { "type": "Point", "coordinates": [ 8.3979422, 49.010449 ] } },
{ "type": "Feature", "properties": { "id": "node/13332649600", "city": "karlsruhe", "uni": "kit", "category": "sporteinrichtungen", "name": "Fit-in", "adress": "Daimlerstraße 1-5", "sportart": null, "lon": 8.3563141, "lat": 49.0251346 }, "geometry": { "type": "Point", "coordinates": [ 8.3563141, 49.0251346 ] } },
{ "type": "Feature", "properties": { "id": "node/13841455122", "city": "karlsruhe", "uni": "kit", "category": "sporteinrichtungen", "name": "GYM10", "adress": "Gerwigstraße 69", "sportart": null, "lon": 8.4383746, "lat": 49.0070297 }, "geometry": { "type": "Point", "coordinates": [ 8.4383746, 49.0070297 ] } },
{ "type": "Feature", "properties": { "id": "relation/3251879", "city": "karlsruhe", "uni": "kit", "category": "wohnheime", "name": "Theodor Steinmann Haus", "adress": "Gartenstraße", "sportart": null, "lon": 8.3927109, "lat": 49.0045444 }, "geometry": { "type": "Point", "coordinates": [ 8.3927109, 49.0045444 ] } },
{ "type": "Feature", "properties": { "id": "relation/4099290", "city": "karlsruhe", "uni": "kit", "category": "wohnheime", "name": "Internationales Wohnheim Europahaus", "adress": null, "sportart": null, "lon": 8.3931432, "lat": 49.0168177 }, "geometry": { "type": "Point", "coordinates": [ 8.3931432, 49.0168177 ] } },
{ "type": "Feature", "properties": { "id": "relation/13194260", "city": "karlsruhe", "uni": "kit", "category": "wohnheime", "name": "Wohnheim", "adress": null, "sportart": null, "lon": 8.4087828, "lat": 48.9382564 }, "geometry": { "type": "Point", "coordinates": [ 8.4087828, 48.9382564 ] } },
{ "type": "Feature", "properties": { "id": "way/19782878", "city": "karlsruhe", "uni": "kit", "category": "wohnheime", "name": "Hermann-Ehlers-Kolleg", "adress": "Willy-Andreas-Allee 1", "sportart": null, "lon": 8.3970449, "lat": 49.0156628 }, "geometry": { "type": "Point", "coordinates": [ 8.3970449, 49.0156628 ] } },
{ "type": "Feature", "properties": { "id": "way/20909486", "city": "karlsruhe", "uni": "kit", "category": "wohnheime", "name": "Augustin-Bea-Haus", "adress": "Willy-Andreas-Allee 5", "sportart": null, "lon": 8.3958129, "lat": 49.0162548 }, "geometry": { "type": "Point", "coordinates": [ 8.3958129, 49.0162548 ] } },
{ "type": "Feature", "properties": { "id": "way/20911412", "city": "karlsruhe", "uni": "kit", "category": "wohnheime", "name": "Reinhold-Schneider-Haus", "adress": "Willy-Andreas-Allee 3", "sportart": null, "lon": 8.3964719, "lat": 49.016049 }, "geometry": { "type": "Point", "coordinates": [ 8.3964719, 49.016049 ] } },
{ "type": "Feature", "properties": { "id": "way/23138236", "city": "karlsruhe", "uni": "kit", "category": "wohnheime", "name": "Domus 7", "adress": "Willy-Andreas-Allee 7", "sportart": null, "lon": 8.3952409, "lat": 49.0159913 }, "geometry": { "type": "Point", "coordinates": [ 8.3952409, 49.0159913 ] } },
{ "type": "Feature", "properties": { "id": "way/24212752", "city": "karlsruhe", "uni": "kit", "category": "wohnheime", "name": "Wohnheim", "adress": "Nancystraße 20 W-X", "sportart": null, "lon": 8.3704859, "lat": 49.0211173 }, "geometry": { "type": "Point", "coordinates": [ 8.3704859, 49.0211173 ] } },
{ "type": "Feature", "properties": { "id": "way/24212753", "city": "karlsruhe", "uni": "kit", "category": "wohnheime", "name": "Wohnheim", "adress": "Nancystraße 20 S-T", "sportart": null, "lon": 8.3708967, "lat": 49.0209232 }, "geometry": { "type": "Point", "coordinates": [ 8.3708967, 49.0209232 ] } },
{ "type": "Feature", "properties": { "id": "way/24212754", "city": "karlsruhe", "uni": "kit", "category": "wohnheime", "name": "Wohnheim", "adress": "Nancystraße 24a", "sportart": null, "lon": 8.3695316, "lat": 49.0215451 }, "geometry": { "type": "Point", "coordinates": [ 8.3695316, 49.0215451 ] } },
{ "type": "Feature", "properties": { "id": "way/24212761", "city": "karlsruhe", "uni": "kit", "category": "wohnheime", "name": "Wohnheim", "adress": "Nancystraße 24b", "sportart": null, "lon": 8.3696815, "lat": 49.0216729 }, "geometry": { "type": "Point", "coordinates": [ 8.3696815, 49.0216729 ] } },
{ "type": "Feature", "properties": { "id": "way/24212762", "city": "karlsruhe", "uni": "kit", "category": "wohnheime", "name": "Wohnheim", "adress": "Nancystraße 24c", "sportart": null, "lon": 8.3698255, "lat": 49.0217977 }, "geometry": { "type": "Point", "coordinates": [ 8.3698255, 49.0217977 ] } },
{ "type": "Feature", "properties": { "id": "way/24212763", "city": "karlsruhe", "uni": "kit", "category": "wohnheime", "name": "Wohnheim", "adress": "Nancystraße 24e", "sportart": null, "lon": 8.3692809, "lat": 49.0218846 }, "geometry": { "type": "Point", "coordinates": [ 8.3692809, 49.0218846 ] } },
{ "type": "Feature", "properties": { "id": "way/24212765", "city": "karlsruhe", "uni": "kit", "category": "wohnheime", "name": "Wohnheim", "adress": "Nancystraße 24d", "sportart": null, "lon": 8.3691275, "lat": 49.0217537 }, "geometry": { "type": "Point", "coordinates": [ 8.3691275, 49.0217537 ] } },
{ "type": "Feature", "properties": { "id": "way/24212766", "city": "karlsruhe", "uni": "kit", "category": "wohnheime", "name": "Wohnheim", "adress": "Nancystraße 24f", "sportart": null, "lon": 8.3694224, "lat": 49.0220043 }, "geometry": { "type": "Point", "coordinates": [ 8.3694224, 49.0220043 ] } },
{ "type": "Feature", "properties": { "id": "way/26383762", "city": "karlsruhe", "uni": "kit", "category": "wohnheime", "name": "Wohnheim", "adress": "Berliner Ring 3", "sportart": null, "lon": 8.4040405, "lat": 49.0878881 }, "geometry": { "type": "Point", "coordinates": [ 8.4040405, 49.0878881 ] } },
{ "type": "Feature", "properties": { "id": "way/26793925", "city": "karlsruhe", "uni": "kit", "category": "wohnheime", "name": "Wohnheim", "adress": "Nancystraße 20 U-V", "sportart": null, "lon": 8.3711192, "lat": 49.021129 }, "geometry": { "type": "Point", "coordinates": [ 8.3711192, 49.021129 ] } },
{ "type": "Feature", "properties": { "id": "way/26793926", "city": "karlsruhe", "uni": "kit", "category": "wohnheime", "name": "Wohnheim", "adress": "Nancystraße 20 Y-Z", "sportart": null, "lon": 8.3707067, "lat": 49.0213225 }, "geometry": { "type": "Point", "coordinates": [ 8.3707067, 49.0213225 ] } },
{ "type": "Feature", "properties": { "id": "way/27080858", "city": "karlsruhe", "uni": "kit", "category": "wohnheime", "name": "Neues Christophorus-Haus", "adress": "Thomas-Mann-Straße 3", "sportart": null, "lon": 8.3423874, "lat": 48.9983213 }, "geometry": { "type": "Point", "coordinates": [ 8.3423874, 48.9983213 ] } },
{ "type": "Feature", "properties": { "id": "way/36448591", "city": "karlsruhe", "uni": "kit", "category": "wohnheime", "name": "Wohnheim", "adress": "Nancystraße 18 N-P", "sportart": null, "lon": 8.3712727, "lat": 49.0207469 }, "geometry": { "type": "Point", "coordinates": [ 8.3712727, 49.0207469 ] } },
{ "type": "Feature", "properties": { "id": "way/36448594", "city": "karlsruhe", "uni": "kit", "category": "wohnheime", "name": "Wohnheim", "adress": "Nancystraße 18 J-K", "sportart": null, "lon": 8.3716728, "lat": 49.0205595 }, "geometry": { "type": "Point", "coordinates": [ 8.3716728, 49.0205595 ] } },
{ "type": "Feature", "properties": { "id": "way/36448595", "city": "karlsruhe", "uni": "kit", "category": "wohnheime", "name": "Wohnheim", "adress": "Nancystraße 18 Q-R", "sportart": null, "lon": 8.3714935, "lat": 49.0209517 }, "geometry": { "type": "Point", "coordinates": [ 8.3714935, 49.0209517 ] } },
{ "type": "Feature", "properties": { "id": "way/36448597", "city": "karlsruhe", "uni": "kit", "category": "wohnheime", "name": "Wohnheim", "adress": "Nancystraße 18 L-M", "sportart": null, "lon": 8.3718934, "lat": 49.0207644 }, "geometry": { "type": "Point", "coordinates": [ 8.3718934, 49.0207644 ] } },
{ "type": "Feature", "properties": { "id": "way/43599388", "city": "karlsruhe", "uni": "kit", "category": "wohnheime", "name": "Kolleg am Ring", "adress": "Adenauerring 6", "sportart": null, "lon": 8.4195482, "lat": 49.0108495 }, "geometry": { "type": "Point", "coordinates": [ 8.4195482, 49.0108495 ] } },
{ "type": "Feature", "properties": { "id": "way/90048653", "city": "karlsruhe", "uni": "kit", "category": "wohnheime", "name": "Hans-Wolfgang-Heidland-Haus", "adress": null, "sportart": null, "lon": 8.4328259, "lat": 49.0117696 }, "geometry": { "type": "Point", "coordinates": [ 8.4328259, 49.0117696 ] } },
{ "type": "Feature", "properties": { "id": "way/90420278", "city": "karlsruhe", "uni": "kit", "category": "wohnheime", "name": "Wohnheim Am Schloss Gottesaue 1", "adress": "Am Schloss Gottesaue 1", "sportart": null, "lon": 8.4247031, "lat": 49.0040406 }, "geometry": { "type": "Point", "coordinates": [ 8.4247031, 49.0040406 ] } },
{ "type": "Feature", "properties": { "id": "way/96291252", "city": "karlsruhe", "uni": "kit", "category": "wohnheime", "name": "Wohnheim", "adress": null, "sportart": null, "lon": 8.431461, "lat": 49.0214293 }, "geometry": { "type": "Point", "coordinates": [ 8.431461, 49.0214293 ] } },
{ "type": "Feature", "properties": { "id": "way/108777113", "city": "karlsruhe", "uni": "kit", "category": "wohnheime", "name": "Studentenwohnheim WH36", "adress": "Waldhornstraße 36", "sportart": null, "lon": 8.4114622, "lat": 49.0083234 }, "geometry": { "type": "Point", "coordinates": [ 8.4114622, 49.0083234 ] } },
{ "type": "Feature", "properties": { "id": "way/108777161", "city": "karlsruhe", "uni": "kit", "category": "wohnheime", "name": "Wohnheim", "adress": null, "sportart": null, "lon": 8.4107066, "lat": 49.0082674 }, "geometry": { "type": "Point", "coordinates": [ 8.4107066, 49.0082674 ] } },
{ "type": "Feature", "properties": { "id": "way/108777163", "city": "karlsruhe", "uni": "kit", "category": "wohnheime", "name": "Wohnheim", "adress": "Fasanenstraße 11", "sportart": null, "lon": 8.41329, "lat": 49.0081894 }, "geometry": { "type": "Point", "coordinates": [ 8.41329, 49.0081894 ] } },
{ "type": "Feature", "properties": { "id": "way/108777167", "city": "karlsruhe", "uni": "kit", "category": "wohnheime", "name": "Wohnheim", "adress": "Zähringerstraße 13", "sportart": null, "lon": 8.4134306, "lat": 49.0084078 }, "geometry": { "type": "Point", "coordinates": [ 8.4134306, 49.0084078 ] } },
{ "type": "Feature", "properties": { "id": "way/108832338", "city": "karlsruhe", "uni": "kit", "category": "wohnheime", "name": "Wohnheim", "adress": "Gottesauer Straße 37", "sportart": null, "lon": 8.421194, "lat": 49.0066214 }, "geometry": { "type": "Point", "coordinates": [ 8.421194, 49.0066214 ] } },
{ "type": "Feature", "properties": { "id": "way/108953176", "city": "karlsruhe", "uni": "kit", "category": "wohnheime", "name": "Wohnheim", "adress": "Klosterweg 7", "sportart": null, "lon": 8.4217819, "lat": 49.016017 }, "geometry": { "type": "Point", "coordinates": [ 8.4217819, 49.016017 ] } },
{ "type": "Feature", "properties": { "id": "way/118078065", "city": "karlsruhe", "uni": "kit", "category": "wohnheime", "name": "Wohnheim", "adress": "Albtalstraße 2", "sportart": null, "lon": 8.394388, "lat": 48.9968661 }, "geometry": { "type": "Point", "coordinates": [ 8.394388, 48.9968661 ] } },
{ "type": "Feature", "properties": { "id": "way/125079093", "city": "karlsruhe", "uni": "kit", "category": "wohnheime", "name": "Wohnheim", "adress": "Graf-Eberstein-Straße 4", "sportart": null, "lon": 8.4105407, "lat": 48.9707473 }, "geometry": { "type": "Point", "coordinates": [ 8.4105407, 48.9707473 ] } },
{ "type": "Feature", "properties": { "id": "way/141502344", "city": "karlsruhe", "uni": "kit", "category": "wohnheime", "name": "Max-Kade-Haus", "adress": "Tennesseeallee 14", "sportart": null, "lon": 8.3890731, "lat": 49.020285 }, "geometry": { "type": "Point", "coordinates": [ 8.3890731, 49.020285 ] } },
{ "type": "Feature", "properties": { "id": "way/173717518", "city": "karlsruhe", "uni": "kit", "category": "wohnheime", "name": "Karlsruher Burschenschaft Arminia", "adress": "Sebastian-Kneipp-Straße 4", "sportart": null, "lon": 8.4232611, "lat": 49.0148587 }, "geometry": { "type": "Point", "coordinates": [ 8.4232611, 49.0148587 ] } },
{ "type": "Feature", "properties": { "id": "way/173717521", "city": "karlsruhe", "uni": "kit", "category": "wohnheime", "name": "Karlsruher Burschenschaft Teutonia", "adress": "Parkstraße 1", "sportart": null, "lon": 8.4227196, "lat": 49.0145228 }, "geometry": { "type": "Point", "coordinates": [ 8.4227196, 49.0145228 ] } },
{ "type": "Feature", "properties": { "id": "way/193681264", "city": "karlsruhe", "uni": "kit", "category": "wohnheime", "name": "Wohnheim", "adress": "Gottesauer Straße", "sportart": null, "lon": 8.4214519, "lat": 49.0067376 }, "geometry": { "type": "Point", "coordinates": [ 8.4214519, 49.0067376 ] } },
{ "type": "Feature", "properties": { "id": "way/193681265", "city": "karlsruhe", "uni": "kit", "category": "wohnheime", "name": "Wohnheim", "adress": "Gottesauer Straße", "sportart": null, "lon": 8.4214206, "lat": 49.0069025 }, "geometry": { "type": "Point", "coordinates": [ 8.4214206, 49.0069025 ] } },
{ "type": "Feature", "properties": { "id": "way/193681266", "city": "karlsruhe", "uni": "kit", "category": "wohnheime", "name": "2.2", "adress": "Gottesauer Straße", "sportart": null, "lon": 8.4216443, "lat": 49.0071285 }, "geometry": { "type": "Point", "coordinates": [ 8.4216443, 49.0071285 ] } },
{ "type": "Feature", "properties": { "id": "way/193681267", "city": "karlsruhe", "uni": "kit", "category": "wohnheime", "name": "Wohnheim", "adress": "Gottesauer Straße G2.2", "sportart": null, "lon": 8.4216589, "lat": 49.0069647 }, "geometry": { "type": "Point", "coordinates": [ 8.4216589, 49.0069647 ] } },
{ "type": "Feature", "properties": { "id": "way/220257054", "city": "karlsruhe", "uni": "kit", "category": "wohnheime", "name": "D3.1", "adress": "Degenfeldstraße 9", "sportart": null, "lon": 8.4219389, "lat": 49.0073342 }, "geometry": { "type": "Point", "coordinates": [ 8.4219389, 49.0073342 ] } },
{ "type": "Feature", "properties": { "id": "way/220257055", "city": "karlsruhe", "uni": "kit", "category": "wohnheime", "name": "D4.0", "adress": "Degenfeldstraße 5", "sportart": null, "lon": 8.4210577, "lat": 49.0074946 }, "geometry": { "type": "Point", "coordinates": [ 8.4210577, 49.0074946 ] } },
{ "type": "Feature", "properties": { "id": "way/220257056", "city": "karlsruhe", "uni": "kit", "category": "wohnheime", "name": "D3.2", "adress": "Degenfeldstraße 7", "sportart": null, "lon": 8.4214502, "lat": 49.0074238 }, "geometry": { "type": "Point", "coordinates": [ 8.4214502, 49.0074238 ] } },
{ "type": "Feature", "properties": { "id": "way/321000431", "city": "karlsruhe", "uni": "kit", "category": "wohnheime", "name": "Wohnheim", "adress": null, "sportart": null, "lon": 8.409205, "lat": 48.9966754 }, "geometry": { "type": "Point", "coordinates": [ 8.409205, 48.9966754 ] } },
{ "type": "Feature", "properties": { "id": "way/349661324", "city": "karlsruhe", "uni": "kit", "category": "wohnheime", "name": "Wohnheim", "adress": null, "sportart": null, "lon": 8.2983164, "lat": 49.044084 }, "geometry": { "type": "Point", "coordinates": [ 8.2983164, 49.044084 ] } },
{ "type": "Feature", "properties": { "id": "way/356386053", "city": "karlsruhe", "uni": "kit", "category": "wohnheime", "name": "K2", "adress": "Klosterweg 30", "sportart": null, "lon": 8.4222577, "lat": 49.0201005 }, "geometry": { "type": "Point", "coordinates": [ 8.4222577, 49.0201005 ] } },
{ "type": "Feature", "properties": { "id": "way/356388252", "city": "karlsruhe", "uni": "kit", "category": "wohnheime", "name": "K5", "adress": "Klosterweg 38", "sportart": null, "lon": 8.4238692, "lat": 49.0199343 }, "geometry": { "type": "Point", "coordinates": [ 8.4238692, 49.0199343 ] } },
{ "type": "Feature", "properties": { "id": "way/356388258", "city": "karlsruhe", "uni": "kit", "category": "wohnheime", "name": "K1", "adress": "Klosterweg 28", "sportart": null, "lon": 8.4225256, "lat": 49.0194929 }, "geometry": { "type": "Point", "coordinates": [ 8.4225256, 49.0194929 ] } },
{ "type": "Feature", "properties": { "id": "way/356388264", "city": "karlsruhe", "uni": "kit", "category": "wohnheime", "name": "K4", "adress": "Klosterweg 36", "sportart": null, "lon": 8.4236223, "lat": 49.0206335 }, "geometry": { "type": "Point", "coordinates": [ 8.4236223, 49.0206335 ] } },
{ "type": "Feature", "properties": { "id": "way/356388269", "city": "karlsruhe", "uni": "kit", "category": "wohnheime", "name": "K3", "adress": "Klosterweg 34", "sportart": null, "lon": 8.4230334, "lat": 49.0204099 }, "geometry": { "type": "Point", "coordinates": [ 8.4230334, 49.0204099 ] } },
{ "type": "Feature", "properties": { "id": "way/364702819", "city": "karlsruhe", "uni": "kit", "category": "wohnheime", "name": "Wohnheim", "adress": null, "sportart": null, "lon": 8.3813415, "lat": 49.0005312 }, "geometry": { "type": "Point", "coordinates": [ 8.3813415, 49.0005312 ] } },
{ "type": "Feature", "properties": { "id": "way/378054069", "city": "karlsruhe", "uni": "kit", "category": "wohnheime", "name": "Wohnheim", "adress": "Jöhlinger Straße 61", "sportart": null, "lon": 8.5319726, "lat": 49.0105066 }, "geometry": { "type": "Point", "coordinates": [ 8.5319726, 49.0105066 ] } },
{ "type": "Feature", "properties": { "id": "way/429723335", "city": "karlsruhe", "uni": "kit", "category": "wohnheime", "name": "Wohnheim", "adress": "Rintheimer Querallee 2c", "sportart": null, "lon": 8.4325192, "lat": 49.0211392 }, "geometry": { "type": "Point", "coordinates": [ 8.4325192, 49.0211392 ] } },
{ "type": "Feature", "properties": { "id": "way/510400087", "city": "karlsruhe", "uni": "kit", "category": "wohnheime", "name": "Wohnheim", "adress": "Werderstraße 82a", "sportart": null, "lon": 8.4112581, "lat": 49.001477 }, "geometry": { "type": "Point", "coordinates": [ 8.4112581, 49.001477 ] } },
{ "type": "Feature", "properties": { "id": "way/579034033", "city": "karlsruhe", "uni": "kit", "category": "wohnheime", "name": "Wohnheim", "adress": "Zähringerstraße 4", "sportart": null, "lon": 8.4147511, "lat": 49.0085636 }, "geometry": { "type": "Point", "coordinates": [ 8.4147511, 49.0085636 ] } },
{ "type": "Feature", "properties": { "id": "way/579053001", "city": "karlsruhe", "uni": "kit", "category": "wohnheime", "name": "Wohnheim", "adress": null, "sportart": null, "lon": 8.4165785, "lat": 49.0932923 }, "geometry": { "type": "Point", "coordinates": [ 8.4165785, 49.0932923 ] } },
{ "type": "Feature", "properties": { "id": "way/579053002", "city": "karlsruhe", "uni": "kit", "category": "wohnheime", "name": "Wohnheim", "adress": null, "sportart": null, "lon": 8.4161113, "lat": 49.0935224 }, "geometry": { "type": "Point", "coordinates": [ 8.4161113, 49.0935224 ] } },
{ "type": "Feature", "properties": { "id": "way/579053003", "city": "karlsruhe", "uni": "kit", "category": "wohnheime", "name": "Wohnheim", "adress": null, "sportart": null, "lon": 8.4158617, "lat": 49.0930997 }, "geometry": { "type": "Point", "coordinates": [ 8.4158617, 49.0930997 ] } },
{ "type": "Feature", "properties": { "id": "way/579053004", "city": "karlsruhe", "uni": "kit", "category": "wohnheime", "name": "Wohnheim", "adress": null, "sportart": null, "lon": 8.4160868, "lat": 49.0929725 }, "geometry": { "type": "Point", "coordinates": [ 8.4160868, 49.0929725 ] } },
{ "type": "Feature", "properties": { "id": "way/669440367", "city": "karlsruhe", "uni": "kit", "category": "wohnheime", "name": "Wohnheim Beuthener Straße 6", "adress": "Beuthener Straße 6", "sportart": null, "lon": 8.4458496, "lat": 49.0346536 }, "geometry": { "type": "Point", "coordinates": [ 8.4458496, 49.0346536 ] } },
{ "type": "Feature", "properties": { "id": "way/759415978", "city": "karlsruhe", "uni": "kit", "category": "wohnheime", "name": "Wohnheim", "adress": "Henriette-Obermüller-Straße 27", "sportart": null, "lon": 8.4146867, "lat": 49.0020227 }, "geometry": { "type": "Point", "coordinates": [ 8.4146867, 49.0020227 ] } },
{ "type": "Feature", "properties": { "id": "way/1037821346", "city": "karlsruhe", "uni": "kit", "category": "wohnheime", "name": "K6", "adress": "Hagsfelder Allee 25", "sportart": null, "lon": 8.4253031, "lat": 49.0188948 }, "geometry": { "type": "Point", "coordinates": [ 8.4253031, 49.0188948 ] } },
{ "type": "Feature", "properties": { "id": "node/25242218", "city": "karlsruhe", "uni": "paedagogischeHochschule", "category": "bahnhoefe", "name": "Karlsruhe West", "adress": null, "sportart": null, "lon": 8.3628863, "lat": 49.0023942 }, "geometry": { "type": "Point", "coordinates": [ 8.3628863, 49.0023942 ] } },
{ "type": "Feature", "properties": { "id": "node/29542815", "city": "karlsruhe", "uni": "paedagogischeHochschule", "category": "bahnhoefe", "name": "Maximiliansau Im Rüsten", "adress": null, "sportart": null, "lon": 8.2795954, "lat": 49.0349146 }, "geometry": { "type": "Point", "coordinates": [ 8.2795954, 49.0349146 ] } },
{ "type": "Feature", "properties": { "id": "node/75655504", "city": "karlsruhe", "uni": "paedagogischeHochschule", "category": "bahnhoefe", "name": "Forchheim (b Karlsruhe)", "adress": null, "sportart": null, "lon": 8.3387483, "lat": 48.964715 }, "geometry": { "type": "Point", "coordinates": [ 8.3387483, 48.964715 ] } },
{ "type": "Feature", "properties": { "id": "node/117367378", "city": "karlsruhe", "uni": "paedagogischeHochschule", "category": "bahnhoefe", "name": "Wörth (Rhein)", "adress": null, "sportart": null, "lon": 8.2731506, "lat": 49.0456919 }, "geometry": { "type": "Point", "coordinates": [ 8.2731506, 49.0456919 ] } },
{ "type": "Feature", "properties": { "id": "node/269735124", "city": "karlsruhe", "uni": "paedagogischeHochschule", "category": "bahnhoefe", "name": "Karlsruhe-Knielingen", "adress": null, "sportart": null, "lon": 8.3411955, "lat": 49.0266524 }, "geometry": { "type": "Point", "coordinates": [ 8.3411955, 49.0266524 ] } },
{ "type": "Feature", "properties": { "id": "node/2417382807", "city": "karlsruhe", "uni": "paedagogischeHochschule", "category": "bahnhoefe", "name": "Ettlingen West", "adress": null, "sportart": null, "lon": 8.3878674, "lat": 48.9471361 }, "geometry": { "type": "Point", "coordinates": [ 8.3878674, 48.9471361 ] } },
{ "type": "Feature", "properties": { "id": "node/2574283615", "city": "karlsruhe", "uni": "paedagogischeHochschule", "category": "bahnhoefe", "name": "Karlsruhe Hauptbahnhof", "adress": null, "sportart": null, "lon": 8.4020518, "lat": 48.9936164 }, "geometry": { "type": "Point", "coordinates": [ 8.4020518, 48.9936164 ] } },
{ "type": "Feature", "properties": { "id": "node/2827402189", "city": "karlsruhe", "uni": "paedagogischeHochschule", "category": "bahnhoefe", "name": "Karlsruhe Hagsfeld", "adress": null, "sportart": null, "lon": 8.4537121, "lat": 49.0262453 }, "geometry": { "type": "Point", "coordinates": [ 8.4537121, 49.0262453 ] } },
{ "type": "Feature", "properties": { "id": "node/2827470327", "city": "karlsruhe", "uni": "paedagogischeHochschule", "category": "bahnhoefe", "name": "Blankenloch", "adress": null, "sportart": null, "lon": 8.4647709, "lat": 49.0668996 }, "geometry": { "type": "Point", "coordinates": [ 8.4647709, 49.0668996 ] } },
{ "type": "Feature", "properties": { "id": "node/2958859136", "city": "karlsruhe", "uni": "paedagogischeHochschule", "category": "bahnhoefe", "name": "Karlsruhe-Durlach", "adress": null, "sportart": null, "lon": 8.4622543, "lat": 49.0020956 }, "geometry": { "type": "Point", "coordinates": [ 8.4622543, 49.0020956 ] } },
{ "type": "Feature", "properties": { "id": "node/3321341099", "city": "karlsruhe", "uni": "paedagogischeHochschule", "category": "bahnhoefe", "name": "Karlsruhe-Mühlburg", "adress": null, "sportart": null, "lon": 8.3511104, "lat": 49.0145576 }, "geometry": { "type": "Point", "coordinates": [ 8.3511104, 49.0145576 ] } },
{ "type": "Feature", "properties": { "id": "relation/1922186", "city": "karlsruhe", "uni": "paedagogischeHochschule", "category": "sporteinrichtungen", "name": "Sporteinrichtung", "adress": "Tennesseeallee 101", "sportart": null, "lon": 8.3894596, "lat": 49.0258451 }, "geometry": { "type": "Point", "coordinates": [ 8.3894596, 49.0258451 ] } },
{ "type": "Feature", "properties": { "id": "way/23020027", "city": "karlsruhe", "uni": "paedagogischeHochschule", "category": "sporteinrichtungen", "name": "Sporteinrichtung", "adress": null, "sportart": null, "lon": 8.3505628, "lat": 49.0183068 }, "geometry": { "type": "Point", "coordinates": [ 8.3505628, 49.0183068 ] } },
{ "type": "Feature", "properties": { "id": "way/23022913", "city": "karlsruhe", "uni": "paedagogischeHochschule", "category": "sporteinrichtungen", "name": "TuS Neureut 1892 e.V.", "adress": null, "sportart": null, "lon": 8.3653717, "lat": 49.0419014 }, "geometry": { "type": "Point", "coordinates": [ 8.3653717, 49.0419014 ] } },
{ "type": "Feature", "properties": { "id": "way/23627638", "city": "karlsruhe", "uni": "paedagogischeHochschule", "category": "sporteinrichtungen", "name": "Sportzentrum Neureut", "adress": null, "sportart": null, "lon": 8.3766341, "lat": 49.0441573 }, "geometry": { "type": "Point", "coordinates": [ 8.3766341, 49.0441573 ] } },
{ "type": "Feature", "properties": { "id": "way/23914215", "city": "karlsruhe", "uni": "paedagogischeHochschule", "category": "sporteinrichtungen", "name": "Sporteinrichtung", "adress": null, "sportart": null, "lon": 8.3723149, "lat": 49.032804 }, "geometry": { "type": "Point", "coordinates": [ 8.3723149, 49.032804 ] } },
{ "type": "Feature", "properties": { "id": "way/24940909", "city": "karlsruhe", "uni": "paedagogischeHochschule", "category": "sporteinrichtungen", "name": "Cougars Ballpark", "adress": "Erzbergerstraße 131", "sportart": null, "lon": 8.3837464, "lat": 49.025857 }, "geometry": { "type": "Point", "coordinates": [ 8.3837464, 49.025857 ] } },
{ "type": "Feature", "properties": { "id": "node/27133301", "city": "karlsruhe", "uni": "paedagogischeHochschule", "category": "sporteinrichtungen", "name": "The Rock", "adress": "Ziegelstraße 1", "sportart": null, "lon": 8.3610895, "lat": 49.0068452 }, "geometry": { "type": "Point", "coordinates": [ 8.3610895, 49.0068452 ] } },
{ "type": "Feature", "properties": { "id": "way/32686429", "city": "karlsruhe", "uni": "paedagogischeHochschule", "category": "sporteinrichtungen", "name": "Werner von Siemens Schule", "adress": null, "sportart": null, "lon": 8.371067, "lat": 49.0317867 }, "geometry": { "type": "Point", "coordinates": [ 8.371067, 49.0317867 ] } },
{ "type": "Feature", "properties": { "id": "way/32686430", "city": "karlsruhe", "uni": "paedagogischeHochschule", "category": "sporteinrichtungen", "name": "Sporteinrichtung", "adress": null, "sportart": null, "lon": 8.3723588, "lat": 49.033001 }, "geometry": { "type": "Point", "coordinates": [ 8.3723588, 49.033001 ] } },
{ "type": "Feature", "properties": { "id": "way/32686431", "city": "karlsruhe", "uni": "paedagogischeHochschule", "category": "sporteinrichtungen", "name": "Sporteinrichtung", "adress": null, "sportart": null, "lon": 8.3723767, "lat": 49.03317 }, "geometry": { "type": "Point", "coordinates": [ 8.3723767, 49.03317 ] } },
{ "type": "Feature", "properties": { "id": "way/42090470", "city": "karlsruhe", "uni": "paedagogischeHochschule", "category": "sporteinrichtungen", "name": "Budo-Club Karlsruhe e.V.", "adress": "Wißmannstraße 1", "sportart": null, "lon": 8.3401588, "lat": 49.0044183 }, "geometry": { "type": "Point", "coordinates": [ 8.3401588, 49.0044183 ] } },
{ "type": "Feature", "properties": { "id": "way/52917072", "city": "karlsruhe", "uni": "paedagogischeHochschule", "category": "sporteinrichtungen", "name": "Sporteinrichtung", "adress": null, "sportart": null, "lon": 8.3618621, "lat": 49.0252864 }, "geometry": { "type": "Point", "coordinates": [ 8.3618621, 49.0252864 ] } },
{ "type": "Feature", "properties": { "id": "way/58977556", "city": "karlsruhe", "uni": "paedagogischeHochschule", "category": "sporteinrichtungen", "name": "Oberwaldbad", "adress": "Erlenweg 2", "sportart": null, "lon": 8.4107237, "lat": 48.9820546 }, "geometry": { "type": "Point", "coordinates": [ 8.4107237, 48.9820546 ] } },
{ "type": "Feature", "properties": { "id": "way/61183835", "city": "karlsruhe", "uni": "paedagogischeHochschule", "category": "sporteinrichtungen", "name": "Karlsruher Rheinklub Alemannia e.V.", "adress": null, "sportart": null, "lon": 8.3420275, "lat": 49.0174492 }, "geometry": { "type": "Point", "coordinates": [ 8.3420275, 49.0174492 ] } },
{ "type": "Feature", "properties": { "id": "way/86503816", "city": "karlsruhe", "uni": "paedagogischeHochschule", "category": "sporteinrichtungen", "name": "Europa Arena", "adress": "Daimlerstraße 13", "sportart": null, "lon": 8.355201, "lat": 49.0273047 }, "geometry": { "type": "Point", "coordinates": [ 8.355201, 49.0273047 ] } },
{ "type": "Feature", "properties": { "id": "way/87244956", "city": "karlsruhe", "uni": "paedagogischeHochschule", "category": "sporteinrichtungen", "name": "Carl-Benz-Halle", "adress": "Sternstraße 3", "sportart": null, "lon": 8.3547484, "lat": 49.0115868 }, "geometry": { "type": "Point", "coordinates": [ 8.3547484, 49.0115868 ] } },
{ "type": "Feature", "properties": { "id": "way/89019779", "city": "karlsruhe", "uni": "paedagogischeHochschule", "category": "sporteinrichtungen", "name": "amena LADYFITNESS", "adress": "Hertzstraße 12", "sportart": null, "lon": 8.3659723, "lat": 49.0205975 }, "geometry": { "type": "Point", "coordinates": [ 8.3659723, 49.0205975 ] } },
{ "type": "Feature", "properties": { "id": "way/89279799", "city": "karlsruhe", "uni": "paedagogischeHochschule", "category": "sporteinrichtungen", "name": "Sporthalle Rintheim", "adress": "Mannheimer Straße 2", "sportart": null, "lon": 8.4401778, "lat": 49.0110476 }, "geometry": { "type": "Point", "coordinates": [ 8.4401778, 49.0110476 ] } },
{ "type": "Feature", "properties": { "id": "way/89970935", "city": "karlsruhe", "uni": "paedagogischeHochschule", "category": "sporteinrichtungen", "name": "Sport- und Freizeitzentrum „Kwak-Sport“", "adress": null, "sportart": null, "lon": 8.4311155, "lat": 49.0103843 }, "geometry": { "type": "Point", "coordinates": [ 8.4311155, 49.0103843 ] } },
{ "type": "Feature", "properties": { "id": "way/90057556", "city": "karlsruhe", "uni": "paedagogischeHochschule", "category": "sporteinrichtungen", "name": "Beach 21", "adress": null, "sportart": null, "lon": 8.4406264, "lat": 49.0269217 }, "geometry": { "type": "Point", "coordinates": [ 8.4406264, 49.0269217 ] } },
{ "type": "Feature", "properties": { "id": "way/90565151", "city": "karlsruhe", "uni": "paedagogischeHochschule", "category": "sporteinrichtungen", "name": "Sporthalle Heinrich-Köhler-Schule", "adress": null, "sportart": null, "lon": 8.4389609, "lat": 49.0138271 }, "geometry": { "type": "Point", "coordinates": [ 8.4389609, 49.0138271 ] } },
{ "type": "Feature", "properties": { "id": "way/93709788", "city": "karlsruhe", "uni": "paedagogischeHochschule", "category": "sporteinrichtungen", "name": "TuS Neureut", "adress": "Rechts der langen Richtstatt 4", "sportart": null, "lon": 8.3660613, "lat": 49.0421428 }, "geometry": { "type": "Point", "coordinates": [ 8.3660613, 49.0421428 ] } },
{ "type": "Feature", "properties": { "id": "way/96796208", "city": "karlsruhe", "uni": "paedagogischeHochschule", "category": "sporteinrichtungen", "name": "MTV Karlsruhe", "adress": "Kanalweg 1", "sportart": null, "lon": 8.4166645, "lat": 49.0226756 }, "geometry": { "type": "Point", "coordinates": [ 8.4166645, 49.0226756 ] } },
{ "type": "Feature", "properties": { "id": "way/96796217", "city": "karlsruhe", "uni": "paedagogischeHochschule", "category": "sporteinrichtungen", "name": "Männerturnverein Karlsruhe 1881 e.V.", "adress": null, "sportart": null, "lon": 8.4179729, "lat": 49.0226773 }, "geometry": { "type": "Point", "coordinates": [ 8.4179729, 49.0226773 ] } },
{ "type": "Feature", "properties": { "id": "way/96822596", "city": "karlsruhe", "uni": "paedagogischeHochschule", "category": "sporteinrichtungen", "name": "Sporthalle der PH Karlsruhe", "adress": "Moltkestraße 10", "sportart": null, "lon": 8.3948733, "lat": 49.0147391 }, "geometry": { "type": "Point", "coordinates": [ 8.3948733, 49.0147391 ] } },
{ "type": "Feature", "properties": { "id": "way/96822602", "city": "karlsruhe", "uni": "paedagogischeHochschule", "category": "sporteinrichtungen", "name": "Hebel-Halle", "adress": null, "sportart": null, "lon": 8.3950989, "lat": 49.0153809 }, "geometry": { "type": "Point", "coordinates": [ 8.3950989, 49.0153809 ] } },
{ "type": "Feature", "properties": { "id": "way/97892079", "city": "karlsruhe", "uni": "paedagogischeHochschule", "category": "sporteinrichtungen", "name": "Friedrich-List-Schule", "adress": null, "sportart": null, "lon": 8.4143779, "lat": 49.0060852 }, "geometry": { "type": "Point", "coordinates": [ 8.4143779, 49.0060852 ] } },
{ "type": "Feature", "properties": { "id": "way/98910689", "city": "karlsruhe", "uni": "paedagogischeHochschule", "category": "sporteinrichtungen", "name": "Tennishalle Turnerschaft Mühlburg", "adress": null, "sportart": null, "lon": 8.3506162, "lat": 49.0165634 }, "geometry": { "type": "Point", "coordinates": [ 8.3506162, 49.0165634 ] } },
{ "type": "Feature", "properties": { "id": "way/99863073", "city": "karlsruhe", "uni": "paedagogischeHochschule", "category": "sporteinrichtungen", "name": "Eichelgartenhalle", "adress": "Rosenweg 1", "sportart": null, "lon": 8.4154906, "lat": 48.9758802 }, "geometry": { "type": "Point", "coordinates": [ 8.4154906, 48.9758802 ] } },
{ "type": "Feature", "properties": { "id": "way/100769225", "city": "karlsruhe", "uni": "paedagogischeHochschule", "category": "sporteinrichtungen", "name": "SG Karlsruhe", "adress": "Hertzstraße 23", "sportart": null, "lon": 8.3647345, "lat": 49.0258112 }, "geometry": { "type": "Point", "coordinates": [ 8.3647345, 49.0258112 ] } },
{ "type": "Feature", "properties": { "id": "way/100951418", "city": "karlsruhe", "uni": "paedagogischeHochschule", "category": "sporteinrichtungen", "name": "FC West", "adress": null, "sportart": null, "lon": 8.3648382, "lat": 49.0227925 }, "geometry": { "type": "Point", "coordinates": [ 8.3648382, 49.0227925 ] } },
{ "type": "Feature", "properties": { "id": "way/100951421", "city": "karlsruhe", "uni": "paedagogischeHochschule", "category": "sporteinrichtungen", "name": "TC Karlsruhe-West", "adress": null, "sportart": null, "lon": 8.3640988, "lat": 49.0224563 }, "geometry": { "type": "Point", "coordinates": [ 8.3640988, 49.0224563 ] } },
{ "type": "Feature", "properties": { "id": "way/101152006", "city": "karlsruhe", "uni": "paedagogischeHochschule", "category": "sporteinrichtungen", "name": "Sporthalle 1", "adress": "Unterfeldstraße", "sportart": null, "lon": 8.3762273, "lat": 49.0447346 }, "geometry": { "type": "Point", "coordinates": [ 8.3762273, 49.0447346 ] } },
{ "type": "Feature", "properties": { "id": "way/101152016", "city": "karlsruhe", "uni": "paedagogischeHochschule", "category": "sporteinrichtungen", "name": "Sporthalle 2", "adress": "Unterfeldstraße", "sportart": null, "lon": 8.3768828, "lat": 49.0449963 }, "geometry": { "type": "Point", "coordinates": [ 8.3768828, 49.0449963 ] } },
{ "type": "Feature", "properties": { "id": "way/104842139", "city": "karlsruhe", "uni": "paedagogischeHochschule", "category": "sporteinrichtungen", "name": "Sporteinrichtung", "adress": null, "sportart": null, "lon": 8.3662981, "lat": 48.9883601 }, "geometry": { "type": "Point", "coordinates": [ 8.3662981, 48.9883601 ] } },
{ "type": "Feature", "properties": { "id": "way/104990099", "city": "karlsruhe", "uni": "paedagogischeHochschule", "category": "sporteinrichtungen", "name": "The Rock Boulderhalle", "adress": "Erlachseeweg 1", "sportart": null, "lon": 8.4381693, "lat": 48.9852451 }, "geometry": { "type": "Point", "coordinates": [ 8.4381693, 48.9852451 ] } },
{ "type": "Feature", "properties": { "id": "way/109962386", "city": "karlsruhe", "uni": "paedagogischeHochschule", "category": "sporteinrichtungen", "name": "GRENKE aKAdemie", "adress": null, "sportart": null, "lon": 8.4109857, "lat": 49.0194413 }, "geometry": { "type": "Point", "coordinates": [ 8.4109857, 49.0194413 ] } },
{ "type": "Feature", "properties": { "id": "way/110537695", "city": "karlsruhe", "uni": "paedagogischeHochschule", "category": "sporteinrichtungen", "name": "Sporthalle Wildpark", "adress": "Adenauerring 19", "sportart": null, "lon": 8.4100148, "lat": 49.0192634 }, "geometry": { "type": "Point", "coordinates": [ 8.4100148, 49.0192634 ] } },
{ "type": "Feature", "properties": { "id": "way/110644863", "city": "karlsruhe", "uni": "paedagogischeHochschule", "category": "sporteinrichtungen", "name": "Karlsruher Ruder-Verein Wiking v. 1879 e.V.", "adress": "Hansastraße 18b", "sportart": null, "lon": 8.3349848, "lat": 49.0101272 }, "geometry": { "type": "Point", "coordinates": [ 8.3349848, 49.0101272 ] } },
{ "type": "Feature", "properties": { "id": "way/110644864", "city": "karlsruhe", "uni": "paedagogischeHochschule", "category": "sporteinrichtungen", "name": "Rheinbrüder", "adress": "Hansastraße 18", "sportart": null, "lon": 8.3354846, "lat": 49.0100824 }, "geometry": { "type": "Point", "coordinates": [ 8.3354846, 49.0100824 ] } },
{ "type": "Feature", "properties": { "id": "way/111138651", "city": "karlsruhe", "uni": "paedagogischeHochschule", "category": "sporteinrichtungen", "name": "Weinbrennerhalle", "adress": null, "sportart": null, "lon": 8.3771246, "lat": 49.0045962 }, "geometry": { "type": "Point", "coordinates": [ 8.3771246, 49.0045962 ] } },
{ "type": "Feature", "properties": { "id": "way/111641963", "city": "karlsruhe", "uni": "paedagogischeHochschule", "category": "sporteinrichtungen", "name": "Rheinstrandhalle", "adress": "Lindenallee 12", "sportart": null, "lon": 8.3391495, "lat": 48.9984596 }, "geometry": { "type": "Point", "coordinates": [ 8.3391495, 48.9984596 ] } },
{ "type": "Feature", "properties": { "id": "way/111787745", "city": "karlsruhe", "uni": "paedagogischeHochschule", "category": "sporteinrichtungen", "name": "Sporteinrichtung", "adress": null, "sportart": null, "lon": 8.4409755, "lat": 49.0259674 }, "geometry": { "type": "Point", "coordinates": [ 8.4409755, 49.0259674 ] } },
{ "type": "Feature", "properties": { "id": "way/111787767", "city": "karlsruhe", "uni": "paedagogischeHochschule", "category": "sporteinrichtungen", "name": "Sporteinrichtung", "adress": null, "sportart": null, "lon": 8.4393185, "lat": 49.0249584 }, "geometry": { "type": "Point", "coordinates": [ 8.4393185, 49.0249584 ] } },
{ "type": "Feature", "properties": { "id": "way/116488025", "city": "karlsruhe", "uni": "paedagogischeHochschule", "category": "sporteinrichtungen", "name": "Friedrich-Ebert-Halle", "adress": null, "sportart": null, "lon": 8.3633159, "lat": 49.0087161 }, "geometry": { "type": "Point", "coordinates": [ 8.3633159, 49.0087161 ] } },
{ "type": "Feature", "properties": { "id": "way/118703950", "city": "karlsruhe", "uni": "paedagogischeHochschule", "category": "sporteinrichtungen", "name": "ESG Frankonia Karlsruhe", "adress": null, "sportart": null, "lon": 8.4433971, "lat": 49.0032998 }, "geometry": { "type": "Point", "coordinates": [ 8.4433971, 49.0032998 ] } },
{ "type": "Feature", "properties": { "id": "way/119240484", "city": "karlsruhe", "uni": "paedagogischeHochschule", "category": "sporteinrichtungen", "name": "Sporteinrichtung", "adress": "Tristanstraße 1", "sportart": null, "lon": 8.3684114, "lat": 49.0149268 }, "geometry": { "type": "Point", "coordinates": [ 8.3684114, 49.0149268 ] } },
{ "type": "Feature", "properties": { "id": "way/122164530", "city": "karlsruhe", "uni": "paedagogischeHochschule", "category": "sporteinrichtungen", "name": "Clever fit", "adress": "Zeppelinstraße 14", "sportart": null, "lon": 8.3610803, "lat": 49.0027456 }, "geometry": { "type": "Point", "coordinates": [ 8.3610803, 49.0027456 ] } },
{ "type": "Feature", "properties": { "id": "way/122164583", "city": "karlsruhe", "uni": "paedagogischeHochschule", "category": "sporteinrichtungen", "name": "Boulderhalle Steil", "adress": null, "sportart": null, "lon": 8.361457, "lat": 48.9988873 }, "geometry": { "type": "Point", "coordinates": [ 8.361457, 48.9988873 ] } },
{ "type": "Feature", "properties": { "id": "way/123349545", "city": "karlsruhe", "uni": "paedagogischeHochschule", "category": "sporteinrichtungen", "name": "Bulldog Gym", "adress": "Daxlander Straße 70a", "sportart": null, "lon": 8.3445162, "lat": 49.0072485 }, "geometry": { "type": "Point", "coordinates": [ 8.3445162, 49.0072485 ] } },
{ "type": "Feature", "properties": { "id": "way/123816096", "city": "karlsruhe", "uni": "paedagogischeHochschule", "category": "sporteinrichtungen", "name": "Turnhalle Beiertheim-Grundschule", "adress": "Marie-Alexandra-Straße 53", "sportart": null, "lon": 8.3861257, "lat": 48.9927652 }, "geometry": { "type": "Point", "coordinates": [ 8.3861257, 48.9927652 ] } },
{ "type": "Feature", "properties": { "id": "way/128380623", "city": "karlsruhe", "uni": "paedagogischeHochschule", "category": "sporteinrichtungen", "name": "Schützenabteilung der ESG Frankonia Karlsruhe", "adress": null, "sportart": null, "lon": 8.3863896, "lat": 48.984077 }, "geometry": { "type": "Point", "coordinates": [ 8.3863896, 48.984077 ] } },
{ "type": "Feature", "properties": { "id": "way/128910821", "city": "karlsruhe", "uni": "paedagogischeHochschule", "category": "sporteinrichtungen", "name": "Reinhold-Crocoll-Halle", "adress": "Am Brurain 6", "sportart": null, "lon": 8.3418024, "lat": 49.0375714 }, "geometry": { "type": "Point", "coordinates": [ 8.3418024, 49.0375714 ] } },
{ "type": "Feature", "properties": { "id": "way/129198162", "city": "karlsruhe", "uni": "paedagogischeHochschule", "category": "sporteinrichtungen", "name": "Waldsportplatz Neureut", "adress": null, "sportart": null, "lon": 8.4006405, "lat": 49.0461586 }, "geometry": { "type": "Point", "coordinates": [ 8.4006405, 49.0461586 ] } },
{ "type": "Feature", "properties": { "id": "way/130170651", "city": "karlsruhe", "uni": "paedagogischeHochschule", "category": "sporteinrichtungen", "name": "Eichendorfschule", "adress": null, "sportart": null, "lon": 8.4471309, "lat": 49.0377867 }, "geometry": { "type": "Point", "coordinates": [ 8.4471309, 49.0377867 ] } },
{ "type": "Feature", "properties": { "id": "way/131508942", "city": "karlsruhe", "uni": "paedagogischeHochschule", "category": "sporteinrichtungen", "name": "Halle 1", "adress": null, "sportart": null, "lon": 8.4047333, "lat": 48.9843751 }, "geometry": { "type": "Point", "coordinates": [ 8.4047333, 48.9843751 ] } },
{ "type": "Feature", "properties": { "id": "way/131508944", "city": "karlsruhe", "uni": "paedagogischeHochschule", "category": "sporteinrichtungen", "name": "PSD Bank-Halle", "adress": null, "sportart": null, "lon": 8.4044701, "lat": 48.9845204 }, "geometry": { "type": "Point", "coordinates": [ 8.4044701, 48.9845204 ] } },
{ "type": "Feature", "properties": { "id": "way/132161233", "city": "karlsruhe", "uni": "paedagogischeHochschule", "category": "sporteinrichtungen", "name": "Adolf-Ehrmann-Bad Neureut", "adress": "Unterfeldstraße 46", "sportart": null, "lon": 8.3859599, "lat": 49.0506138 }, "geometry": { "type": "Point", "coordinates": [ 8.3859599, 49.0506138 ] } },
{ "type": "Feature", "properties": { "id": "way/133023870", "city": "karlsruhe", "uni": "paedagogischeHochschule", "category": "sporteinrichtungen", "name": "Spielvereinigung 1910 Durlach-Aue e.V.", "adress": "Erlachseeweg 1", "sportart": null, "lon": 8.4391861, "lat": 48.9859172 }, "geometry": { "type": "Point", "coordinates": [ 8.4391861, 48.9859172 ] } },
{ "type": "Feature", "properties": { "id": "way/133880313", "city": "karlsruhe", "uni": "paedagogischeHochschule", "category": "sporteinrichtungen", "name": "Sporteinrichtung", "adress": null, "sportart": null, "lon": 8.4329912, "lat": 48.9938687 }, "geometry": { "type": "Point", "coordinates": [ 8.4329912, 48.9938687 ] } },
{ "type": "Feature", "properties": { "id": "way/134898031", "city": "karlsruhe", "uni": "paedagogischeHochschule", "category": "sporteinrichtungen", "name": "Budo-Club Karlsruhe e.V.", "adress": "Blücherstraße 15", "sportart": null, "lon": 8.3768227, "lat": 49.0129718 }, "geometry": { "type": "Point", "coordinates": [ 8.3768227, 49.0129718 ] } },
{ "type": "Feature", "properties": { "id": "way/150903836", "city": "karlsruhe", "uni": "paedagogischeHochschule", "category": "sporteinrichtungen", "name": "Sporthalle Otto-Hahn-Gymnasium", "adress": "Im Eichbäumle 1", "sportart": null, "lon": 8.4444631, "lat": 49.0332019 }, "geometry": { "type": "Point", "coordinates": [ 8.4444631, 49.0332019 ] } },
{ "type": "Feature", "properties": { "id": "way/157558736", "city": "karlsruhe", "uni": "paedagogischeHochschule", "category": "sporteinrichtungen", "name": "Bulacher SC", "adress": null, "sportart": null, "lon": 8.3783596, "lat": 48.9804469 }, "geometry": { "type": "Point", "coordinates": [ 8.3783596, 48.9804469 ] } },
{ "type": "Feature", "properties": { "id": "way/160218815", "city": "karlsruhe", "uni": "paedagogischeHochschule", "category": "sporteinrichtungen", "name": "Gehörlosenzentrum", "adress": "Im Jagdgrund 8", "sportart": null, "lon": 8.3263563, "lat": 49.0018689 }, "geometry": { "type": "Point", "coordinates": [ 8.3263563, 49.0018689 ] } },
{ "type": "Feature", "properties": { "id": "way/160483667", "city": "karlsruhe", "uni": "paedagogischeHochschule", "category": "sporteinrichtungen", "name": "Ballspiel-Anlage Pfarrer-Blink-Straße", "adress": null, "sportart": null, "lon": 8.459129, "lat": 49.0060766 }, "geometry": { "type": "Point", "coordinates": [ 8.459129, 49.0060766 ] } },
{ "type": "Feature", "properties": { "id": "way/219077517", "city": "karlsruhe", "uni": "paedagogischeHochschule", "category": "sporteinrichtungen", "name": "Karlsruher Turnverein 1846", "adress": null, "sportart": null, "lon": 8.4080252, "lat": 49.0269743 }, "geometry": { "type": "Point", "coordinates": [ 8.4080252, 49.0269743 ] } },
{ "type": "Feature", "properties": { "id": "way/226214880", "city": "karlsruhe", "uni": "paedagogischeHochschule", "category": "sporteinrichtungen", "name": "Post Südstadt Karlsruhe", "adress": null, "sportart": null, "lon": 8.4061929, "lat": 48.9891473 }, "geometry": { "type": "Point", "coordinates": [ 8.4061929, 48.9891473 ] } },
{ "type": "Feature", "properties": { "id": "way/226214881", "city": "karlsruhe", "uni": "paedagogischeHochschule", "category": "sporteinrichtungen", "name": "Post Südstadt Karlsruhe", "adress": null, "sportart": null, "lon": 8.4060604, "lat": 48.9835936 }, "geometry": { "type": "Point", "coordinates": [ 8.4060604, 48.9835936 ] } },
{ "type": "Feature", "properties": { "id": "way/226214882", "city": "karlsruhe", "uni": "paedagogischeHochschule", "category": "sporteinrichtungen", "name": "FC Südstern 06 Karlsruhe", "adress": null, "sportart": null, "lon": 8.4054481, "lat": 48.985932 }, "geometry": { "type": "Point", "coordinates": [ 8.4054481, 48.985932 ] } },
{ "type": "Feature", "properties": { "id": "way/243328406", "city": "karlsruhe", "uni": "paedagogischeHochschule", "category": "sporteinrichtungen", "name": "TC Grün-Weiß", "adress": null, "sportart": null, "lon": 8.4229152, "lat": 49.0023642 }, "geometry": { "type": "Point", "coordinates": [ 8.4229152, 49.0023642 ] } },
{ "type": "Feature", "properties": { "id": "way/250840722", "city": "karlsruhe", "uni": "paedagogischeHochschule", "category": "sporteinrichtungen", "name": "Sport 21", "adress": "Am Fächerbad 4", "sportart": null, "lon": 8.4453166, "lat": 49.0260861 }, "geometry": { "type": "Point", "coordinates": [ 8.4453166, 49.0260861 ] } },
{ "type": "Feature", "properties": { "id": "node/277985603", "city": "karlsruhe", "uni": "paedagogischeHochschule", "category": "sporteinrichtungen", "name": "Kieser Training", "adress": "Herrenstraße 23", "sportart": null, "lon": 8.3989156, "lat": 49.0091957 }, "geometry": { "type": "Point", "coordinates": [ 8.3989156, 49.0091957 ] } },
{ "type": "Feature", "properties": { "id": "way/287339994", "city": "karlsruhe", "uni": "paedagogischeHochschule", "category": "sporteinrichtungen", "name": "Zucht- und Rennverein Karlsruhe-Knielingen e.V.", "adress": null, "sportart": null, "lon": 8.3362806, "lat": 49.0276013 }, "geometry": { "type": "Point", "coordinates": [ 8.3362806, 49.0276013 ] } },
{ "type": "Feature", "properties": { "id": "way/289726070", "city": "karlsruhe", "uni": "paedagogischeHochschule", "category": "sporteinrichtungen", "name": "Rudi Seiter Turnzentrum", "adress": "Am Fächerbad 9", "sportart": null, "lon": 8.4466697, "lat": 49.0248467 }, "geometry": { "type": "Point", "coordinates": [ 8.4466697, 49.0248467 ] } },
{ "type": "Feature", "properties": { "id": "way/305683616", "city": "karlsruhe", "uni": "paedagogischeHochschule", "category": "sporteinrichtungen", "name": "Fit-in", "adress": "Ebertstraße 52", "sportart": null, "lon": 8.3865243, "lat": 48.9955575 }, "geometry": { "type": "Point", "coordinates": [ 8.3865243, 48.9955575 ] } },
{ "type": "Feature", "properties": { "id": "node/312916741", "city": "karlsruhe", "uni": "paedagogischeHochschule", "category": "sporteinrichtungen", "name": "mae Studio", "adress": null, "sportart": null, "lon": 8.3799432, "lat": 49.0105014 }, "geometry": { "type": "Point", "coordinates": [ 8.3799432, 49.0105014 ] } },
{ "type": "Feature", "properties": { "id": "way/313852850", "city": "karlsruhe", "uni": "paedagogischeHochschule", "category": "sporteinrichtungen", "name": "KETV", "adress": null, "sportart": null, "lon": 8.3649913, "lat": 49.0066192 }, "geometry": { "type": "Point", "coordinates": [ 8.3649913, 49.0066192 ] } },
{ "type": "Feature", "properties": { "id": "node/315379535", "city": "karlsruhe", "uni": "paedagogischeHochschule", "category": "sporteinrichtungen", "name": "Karlsruher Bridge-Sport-Club", "adress": "Durmersheimer Straße 53", "sportart": null, "lon": 8.3552866, "lat": 49.0024659 }, "geometry": { "type": "Point", "coordinates": [ 8.3552866, 49.0024659 ] } },
{ "type": "Feature", "properties": { "id": "way/322670534", "city": "karlsruhe", "uni": "paedagogischeHochschule", "category": "sporteinrichtungen", "name": "Sporteinrichtung", "adress": "Hansastraße 20b", "sportart": null, "lon": 8.3356045, "lat": 49.0098506 }, "geometry": { "type": "Point", "coordinates": [ 8.3356045, 49.0098506 ] } },
{ "type": "Feature", "properties": { "id": "way/323229550", "city": "karlsruhe", "uni": "paedagogischeHochschule", "category": "sporteinrichtungen", "name": "FSSV Karlsruhe", "adress": null, "sportart": null, "lon": 8.3940241, "lat": 49.0235525 }, "geometry": { "type": "Point", "coordinates": [ 8.3940241, 49.0235525 ] } },
{ "type": "Feature", "properties": { "id": "way/326258463", "city": "karlsruhe", "uni": "paedagogischeHochschule", "category": "sporteinrichtungen", "name": "SV Karlsruhe-Beiertheim", "adress": null, "sportart": null, "lon": 8.3782446, "lat": 48.9951767 }, "geometry": { "type": "Point", "coordinates": [ 8.3782446, 48.9951767 ] } },
{ "type": "Feature", "properties": { "id": "way/329896438", "city": "karlsruhe", "uni": "paedagogischeHochschule", "category": "sporteinrichtungen", "name": "TSV Rintheim", "adress": null, "sportart": null, "lon": 8.4417058, "lat": 49.0105415 }, "geometry": { "type": "Point", "coordinates": [ 8.4417058, 49.0105415 ] } },
{ "type": "Feature", "properties": { "id": "way/331118324", "city": "karlsruhe", "uni": "paedagogischeHochschule", "category": "sporteinrichtungen", "name": "Pell Rich Stadion", "adress": null, "sportart": null, "lon": 8.398033, "lat": 49.055601 }, "geometry": { "type": "Point", "coordinates": [ 8.398033, 49.055601 ] } },
{ "type": "Feature", "properties": { "id": "way/332530846", "city": "karlsruhe", "uni": "paedagogischeHochschule", "category": "sporteinrichtungen", "name": "Traugott-Bender-Sportpark", "adress": null, "sportart": null, "lon": 8.4419511, "lat": 49.0256925 }, "geometry": { "type": "Point", "coordinates": [ 8.4419511, 49.0256925 ] } },
{ "type": "Feature", "properties": { "id": "way/334936706", "city": "karlsruhe", "uni": "paedagogischeHochschule", "category": "sporteinrichtungen", "name": "FC Germania Neureut 07", "adress": null, "sportart": null, "lon": 8.367647, "lat": 49.0473455 }, "geometry": { "type": "Point", "coordinates": [ 8.367647, 49.0473455 ] } },
{ "type": "Feature", "properties": { "id": "way/371774193", "city": "karlsruhe", "uni": "paedagogischeHochschule", "category": "sporteinrichtungen", "name": "Karlsruher Sport-Club", "adress": "Adenauerring 17", "sportart": null, "lon": 8.4120842, "lat": 49.0193374 }, "geometry": { "type": "Point", "coordinates": [ 8.4120842, 49.0193374 ] } },
{ "type": "Feature", "properties": { "id": "way/372219216", "city": "karlsruhe", "uni": "paedagogischeHochschule", "category": "sporteinrichtungen", "name": "SpVgg Olympia Hertha", "adress": null, "sportart": null, "lon": 8.4104136, "lat": 49.025956 }, "geometry": { "type": "Point", "coordinates": [ 8.4104136, 49.025956 ] } },
{ "type": "Feature", "properties": { "id": "way/372874680", "city": "karlsruhe", "uni": "paedagogischeHochschule", "category": "sporteinrichtungen", "name": "Tennisclub Grünwinkel", "adress": "Mittelschmallen", "sportart": null, "lon": 8.3692337, "lat": 48.9904945 }, "geometry": { "type": "Point", "coordinates": [ 8.3692337, 48.9904945 ] } },
{ "type": "Feature", "properties": { "id": "way/383412214", "city": "karlsruhe", "uni": "paedagogischeHochschule", "category": "sporteinrichtungen", "name": "Grundschule am Wasserturm", "adress": null, "sportart": null, "lon": 8.417402, "lat": 49.0028626 }, "geometry": { "type": "Point", "coordinates": [ 8.417402, 49.0028626 ] } },
{ "type": "Feature", "properties": { "id": "node/424210867", "city": "karlsruhe", "uni": "paedagogischeHochschule", "category": "sporteinrichtungen", "name": "KampfKunstCenter Karlsruhe", "adress": "Waldstraße 23", "sportart": null, "lon": 8.3989905, "lat": 49.0104377 }, "geometry": { "type": "Point", "coordinates": [ 8.3989905, 49.0104377 ] } },
{ "type": "Feature", "properties": { "id": "way/435026679", "city": "karlsruhe", "uni": "paedagogischeHochschule", "category": "sporteinrichtungen", "name": "DAV Kletter Boulder Zentrum Karlsruhe", "adress": "Am Fächerbad 2", "sportart": null, "lon": 8.4458634, "lat": 49.0259931 }, "geometry": { "type": "Point", "coordinates": [ 8.4458634, 49.0259931 ] } },
{ "type": "Feature", "properties": { "id": "way/439951618", "city": "karlsruhe", "uni": "paedagogischeHochschule", "category": "sporteinrichtungen", "name": "SG Rüppurr", "adress": "Brunnenstückweg 2", "sportart": null, "lon": 8.3896849, "lat": 48.9690095 }, "geometry": { "type": "Point", "coordinates": [ 8.3896849, 48.9690095 ] } },
{ "type": "Feature", "properties": { "id": "way/444942434", "city": "karlsruhe", "uni": "paedagogischeHochschule", "category": "sporteinrichtungen", "name": "Pfitzenmeier Premium Resort", "adress": "Rudolf-Freytag-Straße 6", "sportart": null, "lon": 8.3457278, "lat": 49.0000624 }, "geometry": { "type": "Point", "coordinates": [ 8.3457278, 49.0000624 ] } },
{ "type": "Feature", "properties": { "id": "node/540131050", "city": "karlsruhe", "uni": "paedagogischeHochschule", "category": "sporteinrichtungen", "name": "our.class", "adress": "Ebertstraße 44", "sportart": null, "lon": 8.3875975, "lat": 48.9954243 }, "geometry": { "type": "Point", "coordinates": [ 8.3875975, 48.9954243 ] } },
{ "type": "Feature", "properties": { "id": "way/556355341", "city": "karlsruhe", "uni": "paedagogischeHochschule", "category": "sporteinrichtungen", "name": "FC Karlsruhe", "adress": "Kanalweg 2", "sportart": null, "lon": 8.4185888, "lat": 49.0244519 }, "geometry": { "type": "Point", "coordinates": [ 8.4185888, 49.0244519 ] } },
{ "type": "Feature", "properties": { "id": "way/556359238", "city": "karlsruhe", "uni": "paedagogischeHochschule", "category": "sporteinrichtungen", "name": "VdH Karlsruhe", "adress": "Theodor-Heuss-Allee 2", "sportart": null, "lon": 8.420268, "lat": 49.0255785 }, "geometry": { "type": "Point", "coordinates": [ 8.420268, 49.0255785 ] } },
{ "type": "Feature", "properties": { "id": "way/575970094", "city": "karlsruhe", "uni": "paedagogischeHochschule", "category": "sporteinrichtungen", "name": "Reformers", "adress": "Durlacher Allee 111", "sportart": null, "lon": 8.450154, "lat": 49.0043903 }, "geometry": { "type": "Point", "coordinates": [ 8.450154, 49.0043903 ] } },
{ "type": "Feature", "properties": { "id": "way/614023491", "city": "karlsruhe", "uni": "paedagogischeHochschule", "category": "sporteinrichtungen", "name": "Trimedic Centrum für Gesundheitsförderung", "adress": "Ohiostraße 4", "sportart": null, "lon": 8.3947774, "lat": 49.030702 }, "geometry": { "type": "Point", "coordinates": [ 8.3947774, 49.030702 ] } },
{ "type": "Feature", "properties": { "id": "way/699102186", "city": "karlsruhe", "uni": "paedagogischeHochschule", "category": "sporteinrichtungen", "name": "Bismarck-Halle", "adress": null, "sportart": null, "lon": 8.3950093, "lat": 49.0151095 }, "geometry": { "type": "Point", "coordinates": [ 8.3950093, 49.0151095 ] } },
{ "type": "Feature", "properties": { "id": "way/743274098", "city": "karlsruhe", "uni": "paedagogischeHochschule", "category": "sporteinrichtungen", "name": "Nebeniusschule", "adress": null, "sportart": null, "lon": 8.4075973, "lat": 48.9968921 }, "geometry": { "type": "Point", "coordinates": [ 8.4075973, 48.9968921 ] } },
{ "type": "Feature", "properties": { "id": "way/743571968", "city": "karlsruhe", "uni": "paedagogischeHochschule", "category": "sporteinrichtungen", "name": "Unibad", "adress": null, "sportart": null, "lon": 8.4162751, "lat": 49.0156538 }, "geometry": { "type": "Point", "coordinates": [ 8.4162751, 49.0156538 ] } },
{ "type": "Feature", "properties": { "id": "way/771874346", "city": "karlsruhe", "uni": "paedagogischeHochschule", "category": "sporteinrichtungen", "name": "Multifunktionshalle", "adress": null, "sportart": null, "lon": 8.415242, "lat": 49.0169047 }, "geometry": { "type": "Point", "coordinates": [ 8.415242, 49.0169047 ] } },
{ "type": "Feature", "properties": { "id": "way/863358785", "city": "karlsruhe", "uni": "paedagogischeHochschule", "category": "sporteinrichtungen", "name": "Sparda Sportpark", "adress": null, "sportart": null, "lon": 8.415399, "lat": 49.0173614 }, "geometry": { "type": "Point", "coordinates": [ 8.415399, 49.0173614 ] } },
{ "type": "Feature", "properties": { "id": "node/879626370", "city": "karlsruhe", "uni": "paedagogischeHochschule", "category": "sporteinrichtungen", "name": "Mrs. Sporty", "adress": null, "sportart": null, "lon": 8.3813569, "lat": 49.0080405 }, "geometry": { "type": "Point", "coordinates": [ 8.3813569, 49.0080405 ] } },
{ "type": "Feature", "properties": { "id": "way/884363717", "city": "karlsruhe", "uni": "paedagogischeHochschule", "category": "sporteinrichtungen", "name": "Lina-Radke-Halle", "adress": "Steinhäuserstraße 29", "sportart": null, "lon": 8.3818305, "lat": 48.9966093 }, "geometry": { "type": "Point", "coordinates": [ 8.3818305, 48.9966093 ] } },
{ "type": "Feature", "properties": { "id": "node/996110456", "city": "karlsruhe", "uni": "paedagogischeHochschule", "category": "sporteinrichtungen", "name": "Jonny M.", "adress": "Kaiserstraße 146", "sportart": null, "lon": 8.3947038, "lat": 49.010201 }, "geometry": { "type": "Point", "coordinates": [ 8.3947038, 49.010201 ] } },
{ "type": "Feature", "properties": { "id": "way/1018802226", "city": "karlsruhe", "uni": "paedagogischeHochschule", "category": "sporteinrichtungen", "name": "Sporteinrichtung", "adress": null, "sportart": null, "lon": 8.423495, "lat": 49.0025184 }, "geometry": { "type": "Point", "coordinates": [ 8.423495, 49.0025184 ] } },
{ "type": "Feature", "properties": { "id": "way/1046189304", "city": "karlsruhe", "uni": "paedagogischeHochschule", "category": "sporteinrichtungen", "name": "Turn- und Sportverein 1874 Rüppurr", "adress": "Steinmannstraße 1", "sportart": null, "lon": 8.417102, "lat": 48.9736257 }, "geometry": { "type": "Point", "coordinates": [ 8.417102, 48.9736257 ] } },
{ "type": "Feature", "properties": { "id": "way/1050553716", "city": "karlsruhe", "uni": "paedagogischeHochschule", "category": "sporteinrichtungen", "name": "DJK Daxlanden", "adress": null, "sportart": null, "lon": 8.3279898, "lat": 48.9998314 }, "geometry": { "type": "Point", "coordinates": [ 8.3279898, 48.9998314 ] } },
{ "type": "Feature", "properties": { "id": "node/1053693926", "city": "karlsruhe", "uni": "paedagogischeHochschule", "category": "sporteinrichtungen", "name": "VeniceBeach Fitness", "adress": "Rüppurrer Straße 1", "sportart": null, "lon": 8.4112896, "lat": 49.0056528 }, "geometry": { "type": "Point", "coordinates": [ 8.4112896, 49.0056528 ] } },
{ "type": "Feature", "properties": { "id": "way/1053763605", "city": "karlsruhe", "uni": "paedagogischeHochschule", "category": "sporteinrichtungen", "name": "Sporteinrichtung", "adress": null, "sportart": null, "lon": 8.3780733, "lat": 48.9958854 }, "geometry": { "type": "Point", "coordinates": [ 8.3780733, 48.9958854 ] } },
{ "type": "Feature", "properties": { "id": "way/1084409389", "city": "karlsruhe", "uni": "paedagogischeHochschule", "category": "sporteinrichtungen", "name": "TSV Bulach", "adress": "Sankt-Florian-Straße 12-14", "sportart": null, "lon": 8.3862376, "lat": 48.9904206 }, "geometry": { "type": "Point", "coordinates": [ 8.3862376, 48.9904206 ] } },
{ "type": "Feature", "properties": { "id": "way/1110749965", "city": "karlsruhe", "uni": "paedagogischeHochschule", "category": "sporteinrichtungen", "name": "Sporteinrichtung", "adress": null, "sportart": null, "lon": 8.3524433, "lat": 49.0001264 }, "geometry": { "type": "Point", "coordinates": [ 8.3524433, 49.0001264 ] } },
{ "type": "Feature", "properties": { "id": "way/1188409336", "city": "karlsruhe", "uni": "paedagogischeHochschule", "category": "sporteinrichtungen", "name": "TC Neureut", "adress": null, "sportart": null, "lon": 8.3667538, "lat": 49.0414339 }, "geometry": { "type": "Point", "coordinates": [ 8.3667538, 49.0414339 ] } },
{ "type": "Feature", "properties": { "id": "way/1230262881", "city": "karlsruhe", "uni": "paedagogischeHochschule", "category": "sporteinrichtungen", "name": "Dragoner Sporthalle", "adress": null, "sportart": null, "lon": 8.3753258, "lat": 49.0120925 }, "geometry": { "type": "Point", "coordinates": [ 8.3753258, 49.0120925 ] } },
{ "type": "Feature", "properties": { "id": "way/1238502605", "city": "karlsruhe", "uni": "paedagogischeHochschule", "category": "sporteinrichtungen", "name": "Bundesstützpunkt Kanurennsport", "adress": null, "sportart": null, "lon": 8.3356139, "lat": 49.0098365 }, "geometry": { "type": "Point", "coordinates": [ 8.3356139, 49.0098365 ] } },
{ "type": "Feature", "properties": { "id": "way/1238502606", "city": "karlsruhe", "uni": "paedagogischeHochschule", "category": "sporteinrichtungen", "name": "Sporteinrichtung", "adress": null, "sportart": null, "lon": 8.3351083, "lat": 49.0101731 }, "geometry": { "type": "Point", "coordinates": [ 8.3351083, 49.0101731 ] } },
{ "type": "Feature", "properties": { "id": "way/1287641862", "city": "karlsruhe", "uni": "paedagogischeHochschule", "category": "sporteinrichtungen", "name": "DJK Karlsruhe-Ost", "adress": null, "sportart": null, "lon": 8.4116399, "lat": 49.0264442 }, "geometry": { "type": "Point", "coordinates": [ 8.4116399, 49.0264442 ] } },
{ "type": "Feature", "properties": { "id": "node/1305923030", "city": "karlsruhe", "uni": "paedagogischeHochschule", "category": "sporteinrichtungen", "name": "Fit-in", "adress": "Kaiserstraße 94a", "sportart": null, "lon": 8.4006878, "lat": 49.0098765 }, "geometry": { "type": "Point", "coordinates": [ 8.4006878, 49.0098765 ] } },
{ "type": "Feature", "properties": { "id": "way/1352759563", "city": "karlsruhe", "uni": "paedagogischeHochschule", "category": "sporteinrichtungen", "name": "Sporteinrichtung", "adress": null, "sportart": null, "lon": 8.3713688, "lat": 49.0325911 }, "geometry": { "type": "Point", "coordinates": [ 8.3713688, 49.0325911 ] } },
{ "type": "Feature", "properties": { "id": "way/1416191211", "city": "karlsruhe", "uni": "paedagogischeHochschule", "category": "sporteinrichtungen", "name": "BFS Karlsruhe", "adress": null, "sportart": null, "lon": 8.4046382, "lat": 48.9885243 }, "geometry": { "type": "Point", "coordinates": [ 8.4046382, 48.9885243 ] } },
{ "type": "Feature", "properties": { "id": "way/1431816898", "city": "karlsruhe", "uni": "paedagogischeHochschule", "category": "sporteinrichtungen", "name": "SG Rüppurr", "adress": null, "sportart": null, "lon": 8.4071392, "lat": 48.9818681 }, "geometry": { "type": "Point", "coordinates": [ 8.4071392, 48.9818681 ] } },
{ "type": "Feature", "properties": { "id": "way/1435071878", "city": "karlsruhe", "uni": "paedagogischeHochschule", "category": "sporteinrichtungen", "name": "Schützengesellschaft Karlsruhe 1721", "adress": "Adenauerring 32", "sportart": null, "lon": 8.3977348, "lat": 49.0256771 }, "geometry": { "type": "Point", "coordinates": [ 8.3977348, 49.0256771 ] } },
{ "type": "Feature", "properties": { "id": "way/1449451854", "city": "karlsruhe", "uni": "paedagogischeHochschule", "category": "sporteinrichtungen", "name": "Verein für deutsche Schäferhunde - OG Karlsruhe 02", "adress": "Adenauerring 30", "sportart": null, "lon": 8.398395, "lat": 49.0248458 }, "geometry": { "type": "Point", "coordinates": [ 8.398395, 49.0248458 ] } },
{ "type": "Feature", "properties": { "id": "way/1484736032", "city": "karlsruhe", "uni": "paedagogischeHochschule", "category": "sporteinrichtungen", "name": "TC Heidenstücker e.V.", "adress": "Joachim-Kurzaj-Weg 1", "sportart": null, "lon": 8.3598782, "lat": 48.9942617 }, "geometry": { "type": "Point", "coordinates": [ 8.3598782, 48.9942617 ] } },
{ "type": "Feature", "properties": { "id": "way/1484744549", "city": "karlsruhe", "uni": "paedagogischeHochschule", "category": "sporteinrichtungen", "name": "Karlsruher FV", "adress": "Joachim-Kurzaj-Weg 5", "sportart": null, "lon": 8.3612886, "lat": 48.9944924 }, "geometry": { "type": "Point", "coordinates": [ 8.3612886, 48.9944924 ] } },
{ "type": "Feature", "properties": { "id": "node/1637566058", "city": "karlsruhe", "uni": "paedagogischeHochschule", "category": "sporteinrichtungen", "name": "Sporthalle Grundschule Bulach", "adress": null, "sportart": null, "lon": 8.379434, "lat": 48.9887664 }, "geometry": { "type": "Point", "coordinates": [ 8.379434, 48.9887664 ] } },
{ "type": "Feature", "properties": { "id": "node/1638000087", "city": "karlsruhe", "uni": "paedagogischeHochschule", "category": "sporteinrichtungen", "name": "Halle 1", "adress": null, "sportart": null, "lon": 8.4163651, "lat": 49.0160882 }, "geometry": { "type": "Point", "coordinates": [ 8.4163651, 49.0160882 ] } },
{ "type": "Feature", "properties": { "id": "node/2147671203", "city": "karlsruhe", "uni": "paedagogischeHochschule", "category": "sporteinrichtungen", "name": "Snap-Fit", "adress": "Karlstraße 67", "sportart": null, "lon": 8.3946206, "lat": 49.0014669 }, "geometry": { "type": "Point", "coordinates": [ 8.3946206, 49.0014669 ] } },
{ "type": "Feature", "properties": { "id": "node/2311562112", "city": "karlsruhe", "uni": "paedagogischeHochschule", "category": "sporteinrichtungen", "name": "Walk-In", "adress": null, "sportart": null, "lon": 8.4152052, "lat": 49.0158532 }, "geometry": { "type": "Point", "coordinates": [ 8.4152052, 49.0158532 ] } },
{ "type": "Feature", "properties": { "id": "node/2578360871", "city": "karlsruhe", "uni": "paedagogischeHochschule", "category": "sporteinrichtungen", "name": "Basis Karlsruhe", "adress": null, "sportart": null, "lon": 8.4052159, "lat": 48.9956075 }, "geometry": { "type": "Point", "coordinates": [ 8.4052159, 48.9956075 ] } },
{ "type": "Feature", "properties": { "id": "node/2828997348", "city": "karlsruhe", "uni": "paedagogischeHochschule", "category": "sporteinrichtungen", "name": "Bogenraum", "adress": "Steinstraße 23", "sportart": null, "lon": 8.4071024, "lat": 49.0068415 }, "geometry": { "type": "Point", "coordinates": [ 8.4071024, 49.0068415 ] } },
{ "type": "Feature", "properties": { "id": "node/2997742699", "city": "karlsruhe", "uni": "paedagogischeHochschule", "category": "sporteinrichtungen", "name": "Fitnessstudio Turnerschaft Mühlburg", "adress": null, "sportart": null, "lon": 8.3504772, "lat": 49.0168221 }, "geometry": { "type": "Point", "coordinates": [ 8.3504772, 49.0168221 ] } },
{ "type": "Feature", "properties": { "id": "node/3054647382", "city": "karlsruhe", "uni": "paedagogischeHochschule", "category": "sporteinrichtungen", "name": "GetFitness", "adress": "Heinrich-Wittmann-Straße 23", "sportart": null, "lon": 8.4426837, "lat": 49.0090954 }, "geometry": { "type": "Point", "coordinates": [ 8.4426837, 49.0090954 ] } },
{ "type": "Feature", "properties": { "id": "node/3054650630", "city": "karlsruhe", "uni": "paedagogischeHochschule", "category": "sporteinrichtungen", "name": "Sportprinz", "adress": "Unterweingartenfeld 6", "sportart": null, "lon": 8.3742043, "lat": 48.9922851 }, "geometry": { "type": "Point", "coordinates": [ 8.3742043, 48.9922851 ] } },
{ "type": "Feature", "properties": { "id": "node/3056460450", "city": "karlsruhe", "uni": "paedagogischeHochschule", "category": "sporteinrichtungen", "name": "ralf AMON aktiv und gesund", "adress": null, "sportart": null, "lon": 8.3854537, "lat": 49.0257828 }, "geometry": { "type": "Point", "coordinates": [ 8.3854537, 49.0257828 ] } },
{ "type": "Feature", "properties": { "id": "node/3366160577", "city": "karlsruhe", "uni": "paedagogischeHochschule", "category": "sporteinrichtungen", "name": "Körperformen", "adress": "Kaiserpassage", "sportart": null, "lon": 8.3969556, "lat": 49.0103615 }, "geometry": { "type": "Point", "coordinates": [ 8.3969556, 49.0103615 ] } },
{ "type": "Feature", "properties": { "id": "node/3470507013", "city": "karlsruhe", "uni": "paedagogischeHochschule", "category": "sporteinrichtungen", "name": "Sportprinz", "adress": "Daimlerstraße 15", "sportart": null, "lon": 8.3562812, "lat": 49.027886 }, "geometry": { "type": "Point", "coordinates": [ 8.3562812, 49.027886 ] } },
{ "type": "Feature", "properties": { "id": "node/4109525434", "city": "karlsruhe", "uni": "paedagogischeHochschule", "category": "sporteinrichtungen", "name": "Qi Gong Tai Chi Schule Karlsruhe Bruchsal", "adress": "Kaiserstraße 34a", "sportart": null, "lon": 8.4085144, "lat": 49.0095137 }, "geometry": { "type": "Point", "coordinates": [ 8.4085144, 49.0095137 ] } },
{ "type": "Feature", "properties": { "id": "node/4117663249", "city": "karlsruhe", "uni": "paedagogischeHochschule", "category": "sporteinrichtungen", "name": "Black Belt Center Karlsruhe", "adress": "Daimlerstraße 5a", "sportart": null, "lon": 8.3557393, "lat": 49.0254994 }, "geometry": { "type": "Point", "coordinates": [ 8.3557393, 49.0254994 ] } },
{ "type": "Feature", "properties": { "id": "node/4169796469", "city": "karlsruhe", "uni": "paedagogischeHochschule", "category": "sporteinrichtungen", "name": "VeniceBeach", "adress": "Kaiserstraße 217", "sportart": null, "lon": 8.3937887, "lat": 49.0090927 }, "geometry": { "type": "Point", "coordinates": [ 8.3937887, 49.0090927 ] } },
{ "type": "Feature", "properties": { "id": "node/4358025695", "city": "karlsruhe", "uni": "paedagogischeHochschule", "category": "sporteinrichtungen", "name": "Whin Chun Akademie", "adress": "Haid-und-Neu-Straße 6", "sportart": null, "lon": 8.4242277, "lat": 49.0114879 }, "geometry": { "type": "Point", "coordinates": [ 8.4242277, 49.0114879 ] } },
{ "type": "Feature", "properties": { "id": "node/4411516842", "city": "karlsruhe", "uni": "paedagogischeHochschule", "category": "sporteinrichtungen", "name": "Boxring46", "adress": "Saarlandstraße 20", "sportart": null, "lon": 8.3337822, "lat": 49.0332229 }, "geometry": { "type": "Point", "coordinates": [ 8.3337822, 49.0332229 ] } },
{ "type": "Feature", "properties": { "id": "node/4709822681", "city": "karlsruhe", "uni": "paedagogischeHochschule", "category": "sporteinrichtungen", "name": "Fitnessclub Miral", "adress": "Saarlandstraße 93", "sportart": null, "lon": 8.3412894, "lat": 49.030003 }, "geometry": { "type": "Point", "coordinates": [ 8.3412894, 49.030003 ] } },
{ "type": "Feature", "properties": { "id": "node/5212850421", "city": "karlsruhe", "uni": "paedagogischeHochschule", "category": "sporteinrichtungen", "name": "SSC Fitness- und Gesundheitsstudio", "adress": "Am Sportpark 5", "sportart": null, "lon": 8.4416628, "lat": 49.0260232 }, "geometry": { "type": "Point", "coordinates": [ 8.4416628, 49.0260232 ] } },
{ "type": "Feature", "properties": { "id": "node/5637295633", "city": "karlsruhe", "uni": "paedagogischeHochschule", "category": "sporteinrichtungen", "name": "e-training Fitnessclub", "adress": "Borsigstraße 3", "sportart": null, "lon": 8.3526609, "lat": 49.0192691 }, "geometry": { "type": "Point", "coordinates": [ 8.3526609, 49.0192691 ] } },
{ "type": "Feature", "properties": { "id": "node/5656328339", "city": "karlsruhe", "uni": "paedagogischeHochschule", "category": "sporteinrichtungen", "name": "Gym10", "adress": "Waldstraße 24-28", "sportart": null, "lon": 8.3974338, "lat": 49.0108215 }, "geometry": { "type": "Point", "coordinates": [ 8.3974338, 49.0108215 ] } },
{ "type": "Feature", "properties": { "id": "node/7205896851", "city": "karlsruhe", "uni": "paedagogischeHochschule", "category": "sporteinrichtungen", "name": "Halle 2 A - Kletterwand", "adress": "Engler-Bunte-Ring 13", "sportart": null, "lon": 8.4147699, "lat": 49.0159372 }, "geometry": { "type": "Point", "coordinates": [ 8.4147699, 49.0159372 ] } },
{ "type": "Feature", "properties": { "id": "node/7205896852", "city": "karlsruhe", "uni": "paedagogischeHochschule", "category": "sporteinrichtungen", "name": "Halle 2", "adress": "Engler-Bunte-Ring 13", "sportart": null, "lon": 8.414987, "lat": 49.0159121 }, "geometry": { "type": "Point", "coordinates": [ 8.414987, 49.0159121 ] } },
{ "type": "Feature", "properties": { "id": "node/8012932345", "city": "karlsruhe", "uni": "paedagogischeHochschule", "category": "sporteinrichtungen", "name": "Sascha Schorb", "adress": null, "sportart": null, "lon": 8.3798092, "lat": 49.0147585 }, "geometry": { "type": "Point", "coordinates": [ 8.3798092, 49.0147585 ] } },
{ "type": "Feature", "properties": { "id": "node/9484024876", "city": "karlsruhe", "uni": "paedagogischeHochschule", "category": "sporteinrichtungen", "name": "inform Frauenfitness", "adress": null, "sportart": null, "lon": 8.3751043, "lat": 48.9832712 }, "geometry": { "type": "Point", "coordinates": [ 8.3751043, 48.9832712 ] } },
{ "type": "Feature", "properties": { "id": "node/9609241256", "city": "karlsruhe", "uni": "paedagogischeHochschule", "category": "sporteinrichtungen", "name": "Die Matte", "adress": null, "sportart": null, "lon": 8.3856665, "lat": 49.0098251 }, "geometry": { "type": "Point", "coordinates": [ 8.3856665, 49.0098251 ] } },
{ "type": "Feature", "properties": { "id": "node/9792344427", "city": "karlsruhe", "uni": "paedagogischeHochschule", "category": "sporteinrichtungen", "name": "CVJM Waldheim", "adress": null, "sportart": null, "lon": 8.4095809, "lat": 49.0244543 }, "geometry": { "type": "Point", "coordinates": [ 8.4095809, 49.0244543 ] } },
{ "type": "Feature", "properties": { "id": "node/9792344428", "city": "karlsruhe", "uni": "paedagogischeHochschule", "category": "sporteinrichtungen", "name": "CVJM Outdoorpark", "adress": null, "sportart": null, "lon": 8.4092161, "lat": 49.0238097 }, "geometry": { "type": "Point", "coordinates": [ 8.4092161, 49.0238097 ] } },
{ "type": "Feature", "properties": { "id": "node/10163881134", "city": "karlsruhe", "uni": "paedagogischeHochschule", "category": "sporteinrichtungen", "name": "MY GYM PRIME", "adress": "Kaiserstraße 154", "sportart": null, "lon": 8.3940318, "lat": 49.0101836 }, "geometry": { "type": "Point", "coordinates": [ 8.3940318, 49.0101836 ] } },
{ "type": "Feature", "properties": { "id": "node/10201637508", "city": "karlsruhe", "uni": "paedagogischeHochschule", "category": "sporteinrichtungen", "name": "Boulderwelt Karlsruhe", "adress": "Karlstraße 14", "sportart": null, "lon": 8.3947847, "lat": 49.0104397 }, "geometry": { "type": "Point", "coordinates": [ 8.3947847, 49.0104397 ] } },
{ "type": "Feature", "properties": { "id": "node/10208328896", "city": "karlsruhe", "uni": "paedagogischeHochschule", "category": "sporteinrichtungen", "name": "Activio Sport", "adress": null, "sportart": null, "lon": 8.405536, "lat": 48.9821632 }, "geometry": { "type": "Point", "coordinates": [ 8.405536, 48.9821632 ] } },
{ "type": "Feature", "properties": { "id": "node/10702576826", "city": "karlsruhe", "uni": "paedagogischeHochschule", "category": "sporteinrichtungen", "name": "TeamXtreme", "adress": "Steinstraße 19", "sportart": null, "lon": 8.4078121, "lat": 49.0068885 }, "geometry": { "type": "Point", "coordinates": [ 8.4078121, 49.0068885 ] } },
{ "type": "Feature", "properties": { "id": "node/11045406601", "city": "karlsruhe", "uni": "paedagogischeHochschule", "category": "sporteinrichtungen", "name": "MACH1", "adress": "Pfannkuchstraße 3a", "sportart": null, "lon": 8.345345, "lat": 49.0097595 }, "geometry": { "type": "Point", "coordinates": [ 8.345345, 49.0097595 ] } },
{ "type": "Feature", "properties": { "id": "node/11353702614", "city": "karlsruhe", "uni": "paedagogischeHochschule", "category": "sporteinrichtungen", "name": "CrossFit", "adress": "Daimlerstraße 16", "sportart": null, "lon": 8.3567934, "lat": 49.0278518 }, "geometry": { "type": "Point", "coordinates": [ 8.3567934, 49.0278518 ] } },
{ "type": "Feature", "properties": { "id": "node/11811835969", "city": "karlsruhe", "uni": "paedagogischeHochschule", "category": "sporteinrichtungen", "name": "Pilates for me", "adress": "Gartenstraße 10", "sportart": null, "lon": 8.3969019, "lat": 49.0046959 }, "geometry": { "type": "Point", "coordinates": [ 8.3969019, 49.0046959 ] } },
{ "type": "Feature", "properties": { "id": "node/11811835970", "city": "karlsruhe", "uni": "paedagogischeHochschule", "category": "sporteinrichtungen", "name": "YOGAetage", "adress": "Gartenstraße 10", "sportart": null, "lon": 8.3969002, "lat": 49.004739 }, "geometry": { "type": "Point", "coordinates": [ 8.3969002, 49.004739 ] } },
{ "type": "Feature", "properties": { "id": "node/12078800812", "city": "karlsruhe", "uni": "paedagogischeHochschule", "category": "sporteinrichtungen", "name": "Move Light Fitness Club", "adress": null, "sportart": null, "lon": 8.444234, "lat": 49.0280341 }, "geometry": { "type": "Point", "coordinates": [ 8.444234, 49.0280341 ] } },
{ "type": "Feature", "properties": { "id": "node/12287976576", "city": "karlsruhe", "uni": "paedagogischeHochschule", "category": "sporteinrichtungen", "name": "FitX", "adress": "Striederstraße 34", "sportart": null, "lon": 8.4381948, "lat": 49.0103907 }, "geometry": { "type": "Point", "coordinates": [ 8.4381948, 49.0103907 ] } },
{ "type": "Feature", "properties": { "id": "node/12492267441", "city": "karlsruhe", "uni": "paedagogischeHochschule", "category": "sporteinrichtungen", "name": "Mae Studio", "adress": "Ebertstraße 17a", "sportart": null, "lon": 8.3926473, "lat": 48.9943312 }, "geometry": { "type": "Point", "coordinates": [ 8.3926473, 48.9943312 ] } },
{ "type": "Feature", "properties": { "id": "node/13328224002", "city": "karlsruhe", "uni": "paedagogischeHochschule", "category": "sporteinrichtungen", "name": "Gym10", "adress": "Waldstraße 24-28", "sportart": null, "lon": 8.3979422, "lat": 49.010449 }, "geometry": { "type": "Point", "coordinates": [ 8.3979422, 49.010449 ] } },
{ "type": "Feature", "properties": { "id": "node/13332649600", "city": "karlsruhe", "uni": "paedagogischeHochschule", "category": "sporteinrichtungen", "name": "Fit-in", "adress": "Daimlerstraße 1-5", "sportart": null, "lon": 8.3563141, "lat": 49.0251346 }, "geometry": { "type": "Point", "coordinates": [ 8.3563141, 49.0251346 ] } },
{ "type": "Feature", "properties": { "id": "node/13841455122", "city": "karlsruhe", "uni": "paedagogischeHochschule", "category": "sporteinrichtungen", "name": "GYM10", "adress": "Gerwigstraße 69", "sportart": null, "lon": 8.4383746, "lat": 49.0070297 }, "geometry": { "type": "Point", "coordinates": [ 8.4383746, 49.0070297 ] } },
{ "type": "Feature", "properties": { "id": "relation/3251879", "city": "karlsruhe", "uni": "paedagogischeHochschule", "category": "wohnheime", "name": "Theodor Steinmann Haus", "adress": "Gartenstraße", "sportart": null, "lon": 8.3927109, "lat": 49.0045444 }, "geometry": { "type": "Point", "coordinates": [ 8.3927109, 49.0045444 ] } },
{ "type": "Feature", "properties": { "id": "relation/4099290", "city": "karlsruhe", "uni": "paedagogischeHochschule", "category": "wohnheime", "name": "Internationales Wohnheim Europahaus", "adress": null, "sportart": null, "lon": 8.3931432, "lat": 49.0168177 }, "geometry": { "type": "Point", "coordinates": [ 8.3931432, 49.0168177 ] } },
{ "type": "Feature", "properties": { "id": "relation/13194260", "city": "karlsruhe", "uni": "paedagogischeHochschule", "category": "wohnheime", "name": "Wohnheim", "adress": null, "sportart": null, "lon": 8.4087828, "lat": 48.9382564 }, "geometry": { "type": "Point", "coordinates": [ 8.4087828, 48.9382564 ] } },
{ "type": "Feature", "properties": { "id": "way/19782878", "city": "karlsruhe", "uni": "paedagogischeHochschule", "category": "wohnheime", "name": "Hermann-Ehlers-Kolleg", "adress": "Willy-Andreas-Allee 1", "sportart": null, "lon": 8.3970449, "lat": 49.0156628 }, "geometry": { "type": "Point", "coordinates": [ 8.3970449, 49.0156628 ] } },
{ "type": "Feature", "properties": { "id": "way/20909486", "city": "karlsruhe", "uni": "paedagogischeHochschule", "category": "wohnheime", "name": "Augustin-Bea-Haus", "adress": "Willy-Andreas-Allee 5", "sportart": null, "lon": 8.3958129, "lat": 49.0162548 }, "geometry": { "type": "Point", "coordinates": [ 8.3958129, 49.0162548 ] } },
{ "type": "Feature", "properties": { "id": "way/20911412", "city": "karlsruhe", "uni": "paedagogischeHochschule", "category": "wohnheime", "name": "Reinhold-Schneider-Haus", "adress": "Willy-Andreas-Allee 3", "sportart": null, "lon": 8.3964719, "lat": 49.016049 }, "geometry": { "type": "Point", "coordinates": [ 8.3964719, 49.016049 ] } },
{ "type": "Feature", "properties": { "id": "way/23138236", "city": "karlsruhe", "uni": "paedagogischeHochschule", "category": "wohnheime", "name": "Domus 7", "adress": "Willy-Andreas-Allee 7", "sportart": null, "lon": 8.3952409, "lat": 49.0159913 }, "geometry": { "type": "Point", "coordinates": [ 8.3952409, 49.0159913 ] } },
{ "type": "Feature", "properties": { "id": "way/24212752", "city": "karlsruhe", "uni": "paedagogischeHochschule", "category": "wohnheime", "name": "Wohnheim", "adress": "Nancystraße 20 W-X", "sportart": null, "lon": 8.3704859, "lat": 49.0211173 }, "geometry": { "type": "Point", "coordinates": [ 8.3704859, 49.0211173 ] } },
{ "type": "Feature", "properties": { "id": "way/24212753", "city": "karlsruhe", "uni": "paedagogischeHochschule", "category": "wohnheime", "name": "Wohnheim", "adress": "Nancystraße 20 S-T", "sportart": null, "lon": 8.3708967, "lat": 49.0209232 }, "geometry": { "type": "Point", "coordinates": [ 8.3708967, 49.0209232 ] } },
{ "type": "Feature", "properties": { "id": "way/24212754", "city": "karlsruhe", "uni": "paedagogischeHochschule", "category": "wohnheime", "name": "Wohnheim", "adress": "Nancystraße 24a", "sportart": null, "lon": 8.3695316, "lat": 49.0215451 }, "geometry": { "type": "Point", "coordinates": [ 8.3695316, 49.0215451 ] } },
{ "type": "Feature", "properties": { "id": "way/24212761", "city": "karlsruhe", "uni": "paedagogischeHochschule", "category": "wohnheime", "name": "Wohnheim", "adress": "Nancystraße 24b", "sportart": null, "lon": 8.3696815, "lat": 49.0216729 }, "geometry": { "type": "Point", "coordinates": [ 8.3696815, 49.0216729 ] } },
{ "type": "Feature", "properties": { "id": "way/24212762", "city": "karlsruhe", "uni": "paedagogischeHochschule", "category": "wohnheime", "name": "Wohnheim", "adress": "Nancystraße 24c", "sportart": null, "lon": 8.3698255, "lat": 49.0217977 }, "geometry": { "type": "Point", "coordinates": [ 8.3698255, 49.0217977 ] } },
{ "type": "Feature", "properties": { "id": "way/24212763", "city": "karlsruhe", "uni": "paedagogischeHochschule", "category": "wohnheime", "name": "Wohnheim", "adress": "Nancystraße 24e", "sportart": null, "lon": 8.3692809, "lat": 49.0218846 }, "geometry": { "type": "Point", "coordinates": [ 8.3692809, 49.0218846 ] } },
{ "type": "Feature", "properties": { "id": "way/24212765", "city": "karlsruhe", "uni": "paedagogischeHochschule", "category": "wohnheime", "name": "Wohnheim", "adress": "Nancystraße 24d", "sportart": null, "lon": 8.3691275, "lat": 49.0217537 }, "geometry": { "type": "Point", "coordinates": [ 8.3691275, 49.0217537 ] } },
{ "type": "Feature", "properties": { "id": "way/24212766", "city": "karlsruhe", "uni": "paedagogischeHochschule", "category": "wohnheime", "name": "Wohnheim", "adress": "Nancystraße 24f", "sportart": null, "lon": 8.3694224, "lat": 49.0220043 }, "geometry": { "type": "Point", "coordinates": [ 8.3694224, 49.0220043 ] } },
{ "type": "Feature", "properties": { "id": "way/26383762", "city": "karlsruhe", "uni": "paedagogischeHochschule", "category": "wohnheime", "name": "Wohnheim", "adress": "Berliner Ring 3", "sportart": null, "lon": 8.4040405, "lat": 49.0878881 }, "geometry": { "type": "Point", "coordinates": [ 8.4040405, 49.0878881 ] } },
{ "type": "Feature", "properties": { "id": "way/26793925", "city": "karlsruhe", "uni": "paedagogischeHochschule", "category": "wohnheime", "name": "Wohnheim", "adress": "Nancystraße 20 U-V", "sportart": null, "lon": 8.3711192, "lat": 49.021129 }, "geometry": { "type": "Point", "coordinates": [ 8.3711192, 49.021129 ] } },
{ "type": "Feature", "properties": { "id": "way/26793926", "city": "karlsruhe", "uni": "paedagogischeHochschule", "category": "wohnheime", "name": "Wohnheim", "adress": "Nancystraße 20 Y-Z", "sportart": null, "lon": 8.3707067, "lat": 49.0213225 }, "geometry": { "type": "Point", "coordinates": [ 8.3707067, 49.0213225 ] } },
{ "type": "Feature", "properties": { "id": "way/27080858", "city": "karlsruhe", "uni": "paedagogischeHochschule", "category": "wohnheime", "name": "Neues Christophorus-Haus", "adress": "Thomas-Mann-Straße 3", "sportart": null, "lon": 8.3423874, "lat": 48.9983213 }, "geometry": { "type": "Point", "coordinates": [ 8.3423874, 48.9983213 ] } },
{ "type": "Feature", "properties": { "id": "way/36448591", "city": "karlsruhe", "uni": "paedagogischeHochschule", "category": "wohnheime", "name": "Wohnheim", "adress": "Nancystraße 18 N-P", "sportart": null, "lon": 8.3712727, "lat": 49.0207469 }, "geometry": { "type": "Point", "coordinates": [ 8.3712727, 49.0207469 ] } },
{ "type": "Feature", "properties": { "id": "way/36448594", "city": "karlsruhe", "uni": "paedagogischeHochschule", "category": "wohnheime", "name": "Wohnheim", "adress": "Nancystraße 18 J-K", "sportart": null, "lon": 8.3716728, "lat": 49.0205595 }, "geometry": { "type": "Point", "coordinates": [ 8.3716728, 49.0205595 ] } },
{ "type": "Feature", "properties": { "id": "way/36448595", "city": "karlsruhe", "uni": "paedagogischeHochschule", "category": "wohnheime", "name": "Wohnheim", "adress": "Nancystraße 18 Q-R", "sportart": null, "lon": 8.3714935, "lat": 49.0209517 }, "geometry": { "type": "Point", "coordinates": [ 8.3714935, 49.0209517 ] } },
{ "type": "Feature", "properties": { "id": "way/36448597", "city": "karlsruhe", "uni": "paedagogischeHochschule", "category": "wohnheime", "name": "Wohnheim", "adress": "Nancystraße 18 L-M", "sportart": null, "lon": 8.3718934, "lat": 49.0207644 }, "geometry": { "type": "Point", "coordinates": [ 8.3718934, 49.0207644 ] } },
{ "type": "Feature", "properties": { "id": "way/43599388", "city": "karlsruhe", "uni": "paedagogischeHochschule", "category": "wohnheime", "name": "Kolleg am Ring", "adress": "Adenauerring 6", "sportart": null, "lon": 8.4195482, "lat": 49.0108495 }, "geometry": { "type": "Point", "coordinates": [ 8.4195482, 49.0108495 ] } },
{ "type": "Feature", "properties": { "id": "way/90048653", "city": "karlsruhe", "uni": "paedagogischeHochschule", "category": "wohnheime", "name": "Hans-Wolfgang-Heidland-Haus", "adress": null, "sportart": null, "lon": 8.4328259, "lat": 49.0117696 }, "geometry": { "type": "Point", "coordinates": [ 8.4328259, 49.0117696 ] } },
{ "type": "Feature", "properties": { "id": "way/90420278", "city": "karlsruhe", "uni": "paedagogischeHochschule", "category": "wohnheime", "name": "Wohnheim Am Schloss Gottesaue 1", "adress": "Am Schloss Gottesaue 1", "sportart": null, "lon": 8.4247031, "lat": 49.0040406 }, "geometry": { "type": "Point", "coordinates": [ 8.4247031, 49.0040406 ] } },
{ "type": "Feature", "properties": { "id": "way/96291252", "city": "karlsruhe", "uni": "paedagogischeHochschule", "category": "wohnheime", "name": "Wohnheim", "adress": null, "sportart": null, "lon": 8.431461, "lat": 49.0214293 }, "geometry": { "type": "Point", "coordinates": [ 8.431461, 49.0214293 ] } },
{ "type": "Feature", "properties": { "id": "way/108777113", "city": "karlsruhe", "uni": "paedagogischeHochschule", "category": "wohnheime", "name": "Studentenwohnheim WH36", "adress": "Waldhornstraße 36", "sportart": null, "lon": 8.4114622, "lat": 49.0083234 }, "geometry": { "type": "Point", "coordinates": [ 8.4114622, 49.0083234 ] } },
{ "type": "Feature", "properties": { "id": "way/108777161", "city": "karlsruhe", "uni": "paedagogischeHochschule", "category": "wohnheime", "name": "Wohnheim", "adress": null, "sportart": null, "lon": 8.4107066, "lat": 49.0082674 }, "geometry": { "type": "Point", "coordinates": [ 8.4107066, 49.0082674 ] } },
{ "type": "Feature", "properties": { "id": "way/108777163", "city": "karlsruhe", "uni": "paedagogischeHochschule", "category": "wohnheime", "name": "Wohnheim", "adress": "Fasanenstraße 11", "sportart": null, "lon": 8.41329, "lat": 49.0081894 }, "geometry": { "type": "Point", "coordinates": [ 8.41329, 49.0081894 ] } },
{ "type": "Feature", "properties": { "id": "way/108777167", "city": "karlsruhe", "uni": "paedagogischeHochschule", "category": "wohnheime", "name": "Wohnheim", "adress": "Zähringerstraße 13", "sportart": null, "lon": 8.4134306, "lat": 49.0084078 }, "geometry": { "type": "Point", "coordinates": [ 8.4134306, 49.0084078 ] } },
{ "type": "Feature", "properties": { "id": "way/108832338", "city": "karlsruhe", "uni": "paedagogischeHochschule", "category": "wohnheime", "name": "Wohnheim", "adress": "Gottesauer Straße 37", "sportart": null, "lon": 8.421194, "lat": 49.0066214 }, "geometry": { "type": "Point", "coordinates": [ 8.421194, 49.0066214 ] } },
{ "type": "Feature", "properties": { "id": "way/108953176", "city": "karlsruhe", "uni": "paedagogischeHochschule", "category": "wohnheime", "name": "Wohnheim", "adress": "Klosterweg 7", "sportart": null, "lon": 8.4217819, "lat": 49.016017 }, "geometry": { "type": "Point", "coordinates": [ 8.4217819, 49.016017 ] } },
{ "type": "Feature", "properties": { "id": "way/118078065", "city": "karlsruhe", "uni": "paedagogischeHochschule", "category": "wohnheime", "name": "Wohnheim", "adress": "Albtalstraße 2", "sportart": null, "lon": 8.394388, "lat": 48.9968661 }, "geometry": { "type": "Point", "coordinates": [ 8.394388, 48.9968661 ] } },
{ "type": "Feature", "properties": { "id": "way/125079093", "city": "karlsruhe", "uni": "paedagogischeHochschule", "category": "wohnheime", "name": "Wohnheim", "adress": "Graf-Eberstein-Straße 4", "sportart": null, "lon": 8.4105407, "lat": 48.9707473 }, "geometry": { "type": "Point", "coordinates": [ 8.4105407, 48.9707473 ] } },
{ "type": "Feature", "properties": { "id": "way/141502344", "city": "karlsruhe", "uni": "paedagogischeHochschule", "category": "wohnheime", "name": "Max-Kade-Haus", "adress": "Tennesseeallee 14", "sportart": null, "lon": 8.3890731, "lat": 49.020285 }, "geometry": { "type": "Point", "coordinates": [ 8.3890731, 49.020285 ] } },
{ "type": "Feature", "properties": { "id": "way/173717518", "city": "karlsruhe", "uni": "paedagogischeHochschule", "category": "wohnheime", "name": "Karlsruher Burschenschaft Arminia", "adress": "Sebastian-Kneipp-Straße 4", "sportart": null, "lon": 8.4232611, "lat": 49.0148587 }, "geometry": { "type": "Point", "coordinates": [ 8.4232611, 49.0148587 ] } },
{ "type": "Feature", "properties": { "id": "way/173717521", "city": "karlsruhe", "uni": "paedagogischeHochschule", "category": "wohnheime", "name": "Karlsruher Burschenschaft Teutonia", "adress": "Parkstraße 1", "sportart": null, "lon": 8.4227196, "lat": 49.0145228 }, "geometry": { "type": "Point", "coordinates": [ 8.4227196, 49.0145228 ] } },
{ "type": "Feature", "properties": { "id": "way/193681264", "city": "karlsruhe", "uni": "paedagogischeHochschule", "category": "wohnheime", "name": "Wohnheim", "adress": "Gottesauer Straße", "sportart": null, "lon": 8.4214519, "lat": 49.0067376 }, "geometry": { "type": "Point", "coordinates": [ 8.4214519, 49.0067376 ] } },
{ "type": "Feature", "properties": { "id": "way/193681265", "city": "karlsruhe", "uni": "paedagogischeHochschule", "category": "wohnheime", "name": "Wohnheim", "adress": "Gottesauer Straße", "sportart": null, "lon": 8.4214206, "lat": 49.0069025 }, "geometry": { "type": "Point", "coordinates": [ 8.4214206, 49.0069025 ] } },
{ "type": "Feature", "properties": { "id": "way/193681266", "city": "karlsruhe", "uni": "paedagogischeHochschule", "category": "wohnheime", "name": "2.2", "adress": "Gottesauer Straße", "sportart": null, "lon": 8.4216443, "lat": 49.0071285 }, "geometry": { "type": "Point", "coordinates": [ 8.4216443, 49.0071285 ] } },
{ "type": "Feature", "properties": { "id": "way/193681267", "city": "karlsruhe", "uni": "paedagogischeHochschule", "category": "wohnheime", "name": "Wohnheim", "adress": "Gottesauer Straße G2.2", "sportart": null, "lon": 8.4216589, "lat": 49.0069647 }, "geometry": { "type": "Point", "coordinates": [ 8.4216589, 49.0069647 ] } },
{ "type": "Feature", "properties": { "id": "way/220257054", "city": "karlsruhe", "uni": "paedagogischeHochschule", "category": "wohnheime", "name": "D3.1", "adress": "Degenfeldstraße 9", "sportart": null, "lon": 8.4219389, "lat": 49.0073342 }, "geometry": { "type": "Point", "coordinates": [ 8.4219389, 49.0073342 ] } },
{ "type": "Feature", "properties": { "id": "way/220257055", "city": "karlsruhe", "uni": "paedagogischeHochschule", "category": "wohnheime", "name": "D4.0", "adress": "Degenfeldstraße 5", "sportart": null, "lon": 8.4210577, "lat": 49.0074946 }, "geometry": { "type": "Point", "coordinates": [ 8.4210577, 49.0074946 ] } },
{ "type": "Feature", "properties": { "id": "way/220257056", "city": "karlsruhe", "uni": "paedagogischeHochschule", "category": "wohnheime", "name": "D3.2", "adress": "Degenfeldstraße 7", "sportart": null, "lon": 8.4214502, "lat": 49.0074238 }, "geometry": { "type": "Point", "coordinates": [ 8.4214502, 49.0074238 ] } },
{ "type": "Feature", "properties": { "id": "way/321000431", "city": "karlsruhe", "uni": "paedagogischeHochschule", "category": "wohnheime", "name": "Wohnheim", "adress": null, "sportart": null, "lon": 8.409205, "lat": 48.9966754 }, "geometry": { "type": "Point", "coordinates": [ 8.409205, 48.9966754 ] } },
{ "type": "Feature", "properties": { "id": "way/349661324", "city": "karlsruhe", "uni": "paedagogischeHochschule", "category": "wohnheime", "name": "Wohnheim", "adress": null, "sportart": null, "lon": 8.2983164, "lat": 49.044084 }, "geometry": { "type": "Point", "coordinates": [ 8.2983164, 49.044084 ] } },
{ "type": "Feature", "properties": { "id": "way/356386053", "city": "karlsruhe", "uni": "paedagogischeHochschule", "category": "wohnheime", "name": "K2", "adress": "Klosterweg 30", "sportart": null, "lon": 8.4222577, "lat": 49.0201005 }, "geometry": { "type": "Point", "coordinates": [ 8.4222577, 49.0201005 ] } },
{ "type": "Feature", "properties": { "id": "way/356388252", "city": "karlsruhe", "uni": "paedagogischeHochschule", "category": "wohnheime", "name": "K5", "adress": "Klosterweg 38", "sportart": null, "lon": 8.4238692, "lat": 49.0199343 }, "geometry": { "type": "Point", "coordinates": [ 8.4238692, 49.0199343 ] } },
{ "type": "Feature", "properties": { "id": "way/356388258", "city": "karlsruhe", "uni": "paedagogischeHochschule", "category": "wohnheime", "name": "K1", "adress": "Klosterweg 28", "sportart": null, "lon": 8.4225256, "lat": 49.0194929 }, "geometry": { "type": "Point", "coordinates": [ 8.4225256, 49.0194929 ] } },
{ "type": "Feature", "properties": { "id": "way/356388264", "city": "karlsruhe", "uni": "paedagogischeHochschule", "category": "wohnheime", "name": "K4", "adress": "Klosterweg 36", "sportart": null, "lon": 8.4236223, "lat": 49.0206335 }, "geometry": { "type": "Point", "coordinates": [ 8.4236223, 49.0206335 ] } },
{ "type": "Feature", "properties": { "id": "way/356388269", "city": "karlsruhe", "uni": "paedagogischeHochschule", "category": "wohnheime", "name": "K3", "adress": "Klosterweg 34", "sportart": null, "lon": 8.4230334, "lat": 49.0204099 }, "geometry": { "type": "Point", "coordinates": [ 8.4230334, 49.0204099 ] } },
{ "type": "Feature", "properties": { "id": "way/364702819", "city": "karlsruhe", "uni": "paedagogischeHochschule", "category": "wohnheime", "name": "Wohnheim", "adress": null, "sportart": null, "lon": 8.3813415, "lat": 49.0005312 }, "geometry": { "type": "Point", "coordinates": [ 8.3813415, 49.0005312 ] } },
{ "type": "Feature", "properties": { "id": "way/429723335", "city": "karlsruhe", "uni": "paedagogischeHochschule", "category": "wohnheime", "name": "Wohnheim", "adress": "Rintheimer Querallee 2c", "sportart": null, "lon": 8.4325192, "lat": 49.0211392 }, "geometry": { "type": "Point", "coordinates": [ 8.4325192, 49.0211392 ] } },
{ "type": "Feature", "properties": { "id": "way/510400087", "city": "karlsruhe", "uni": "paedagogischeHochschule", "category": "wohnheime", "name": "Wohnheim", "adress": "Werderstraße 82a", "sportart": null, "lon": 8.4112581, "lat": 49.001477 }, "geometry": { "type": "Point", "coordinates": [ 8.4112581, 49.001477 ] } },
{ "type": "Feature", "properties": { "id": "way/579034033", "city": "karlsruhe", "uni": "paedagogischeHochschule", "category": "wohnheime", "name": "Wohnheim", "adress": "Zähringerstraße 4", "sportart": null, "lon": 8.4147511, "lat": 49.0085636 }, "geometry": { "type": "Point", "coordinates": [ 8.4147511, 49.0085636 ] } },
{ "type": "Feature", "properties": { "id": "way/579053001", "city": "karlsruhe", "uni": "paedagogischeHochschule", "category": "wohnheime", "name": "Wohnheim", "adress": null, "sportart": null, "lon": 8.4165785, "lat": 49.0932923 }, "geometry": { "type": "Point", "coordinates": [ 8.4165785, 49.0932923 ] } },
{ "type": "Feature", "properties": { "id": "way/579053002", "city": "karlsruhe", "uni": "paedagogischeHochschule", "category": "wohnheime", "name": "Wohnheim", "adress": null, "sportart": null, "lon": 8.4161113, "lat": 49.0935224 }, "geometry": { "type": "Point", "coordinates": [ 8.4161113, 49.0935224 ] } },
{ "type": "Feature", "properties": { "id": "way/579053003", "city": "karlsruhe", "uni": "paedagogischeHochschule", "category": "wohnheime", "name": "Wohnheim", "adress": null, "sportart": null, "lon": 8.4158617, "lat": 49.0930997 }, "geometry": { "type": "Point", "coordinates": [ 8.4158617, 49.0930997 ] } },
{ "type": "Feature", "properties": { "id": "way/579053004", "city": "karlsruhe", "uni": "paedagogischeHochschule", "category": "wohnheime", "name": "Wohnheim", "adress": null, "sportart": null, "lon": 8.4160868, "lat": 49.0929725 }, "geometry": { "type": "Point", "coordinates": [ 8.4160868, 49.0929725 ] } },
{ "type": "Feature", "properties": { "id": "way/669440367", "city": "karlsruhe", "uni": "paedagogischeHochschule", "category": "wohnheime", "name": "Wohnheim Beuthener Straße 6", "adress": "Beuthener Straße 6", "sportart": null, "lon": 8.4458496, "lat": 49.0346536 }, "geometry": { "type": "Point", "coordinates": [ 8.4458496, 49.0346536 ] } },
{ "type": "Feature", "properties": { "id": "way/759415978", "city": "karlsruhe", "uni": "paedagogischeHochschule", "category": "wohnheime", "name": "Wohnheim", "adress": "Henriette-Obermüller-Straße 27", "sportart": null, "lon": 8.4146867, "lat": 49.0020227 }, "geometry": { "type": "Point", "coordinates": [ 8.4146867, 49.0020227 ] } },
{ "type": "Feature", "properties": { "id": "way/1037821346", "city": "karlsruhe", "uni": "paedagogischeHochschule", "category": "wohnheime", "name": "K6", "adress": "Hagsfelder Allee 25", "sportart": null, "lon": 8.4253031, "lat": 49.0188948 }, "geometry": { "type": "Point", "coordinates": [ 8.4253031, 49.0188948 ] } },
{ "type": "Feature", "properties": { "id": "node/21412509", "city": "mannheim", "uni": "dhbw", "category": "bahnhoefe", "name": "Ladenburg", "adress": null, "sportart": null, "lon": 8.6030889, "lat": 49.4745688 }, "geometry": { "type": "Point", "coordinates": [ 8.6030889, 49.4745688 ] } },
{ "type": "Feature", "properties": { "id": "node/25439439", "city": "mannheim", "uni": "dhbw", "category": "bahnhoefe", "name": "Mannheim Hauptbahnhof", "adress": null, "sportart": null, "lon": 8.4694107, "lat": 49.4792363 }, "geometry": { "type": "Point", "coordinates": [ 8.4694107, 49.4792363 ] } },
{ "type": "Feature", "properties": { "id": "node/60459785", "city": "mannheim", "uni": "dhbw", "category": "bahnhoefe", "name": "Mannheim-Waldhof", "adress": null, "sportart": null, "lon": 8.4825676, "lat": 49.5261774 }, "geometry": { "type": "Point", "coordinates": [ 8.4825676, 49.5261774 ] } },
{ "type": "Feature", "properties": { "id": "node/259132917", "city": "mannheim", "uni": "dhbw", "category": "bahnhoefe", "name": "Ludwigshafen-Mundenheim", "adress": null, "sportart": null, "lon": 8.4208339, "lat": 49.4612724 }, "geometry": { "type": "Point", "coordinates": [ 8.4208339, 49.4612724 ] } },
{ "type": "Feature", "properties": { "id": "node/2950551727", "city": "mannheim", "uni": "dhbw", "category": "bahnhoefe", "name": "Mannheim-Neckarau", "adress": null, "sportart": null, "lon": 8.4946502, "lat": 49.4557572 }, "geometry": { "type": "Point", "coordinates": [ 8.4946502, 49.4557572 ] } },
{ "type": "Feature", "properties": { "id": "node/3154068055", "city": "mannheim", "uni": "dhbw", "category": "bahnhoefe", "name": "Schwetzingen-Hirschacker", "adress": null, "sportart": null, "lon": 8.5568833, "lat": 49.4063513 }, "geometry": { "type": "Point", "coordinates": [ 8.5568833, 49.4063513 ] } },
{ "type": "Feature", "properties": { "id": "node/3265807466", "city": "mannheim", "uni": "dhbw", "category": "bahnhoefe", "name": "Ludwigshafen-Rheingönheim", "adress": null, "sportart": null, "lon": 8.4092521, "lat": 49.4471747 }, "geometry": { "type": "Point", "coordinates": [ 8.4092521, 49.4471747 ] } },
{ "type": "Feature", "properties": { "id": "node/3419993110", "city": "mannheim", "uni": "dhbw", "category": "bahnhoefe", "name": "Mannheim-Käfertal", "adress": null, "sportart": null, "lon": 8.5038114, "lat": 49.5014671 }, "geometry": { "type": "Point", "coordinates": [ 8.5038114, 49.5014671 ] } },
{ "type": "Feature", "properties": { "id": "node/3657001833", "city": "mannheim", "uni": "dhbw", "category": "bahnhoefe", "name": "Mannheim Handelshafen/Jungbusch", "adress": null, "sportart": null, "lon": 8.4539425, "lat": 49.4927322 }, "geometry": { "type": "Point", "coordinates": [ 8.4539425, 49.4927322 ] } },
{ "type": "Feature", "properties": { "id": "node/3822913060", "city": "mannheim", "uni": "dhbw", "category": "bahnhoefe", "name": "Mannheim-Neckarstadt", "adress": null, "sportart": null, "lon": 8.4606257, "lat": 49.5046094 }, "geometry": { "type": "Point", "coordinates": [ 8.4606257, 49.5046094 ] } },
{ "type": "Feature", "properties": { "id": "node/3823497763", "city": "mannheim", "uni": "dhbw", "category": "bahnhoefe", "name": "Mannheim-Luzenberg", "adress": null, "sportart": null, "lon": 8.4783424, "lat": 49.5176596 }, "geometry": { "type": "Point", "coordinates": [ 8.4783424, 49.5176596 ] } },
{ "type": "Feature", "properties": { "id": "node/5108659830", "city": "mannheim", "uni": "dhbw", "category": "bahnhoefe", "name": "Ludwigshafen (Rhein) Mitte", "adress": null, "sportart": null, "lon": 8.4528731, "lat": 49.4792999 }, "geometry": { "type": "Point", "coordinates": [ 8.4528731, 49.4792999 ] } },
{ "type": "Feature", "properties": { "id": "way/28300387", "city": "mannheim", "uni": "dhbw", "category": "sporteinrichtungen", "name": "Sportpark Pfeifferswörth", "adress": null, "sportart": null, "lon": 8.5059573, "lat": 49.4877656 }, "geometry": { "type": "Point", "coordinates": [ 8.5059573, 49.4877656 ] } },
{ "type": "Feature", "properties": { "id": "way/28441422", "city": "mannheim", "uni": "dhbw", "category": "sporteinrichtungen", "name": "Sportpark Neckarplatt", "adress": null, "sportart": null, "lon": 8.51598, "lat": 49.4853584 }, "geometry": { "type": "Point", "coordinates": [ 8.51598, 49.4853584 ] } },
{ "type": "Feature", "properties": { "id": "way/28442113", "city": "mannheim", "uni": "dhbw", "category": "sporteinrichtungen", "name": "Schützengesellschaft 1744 Mannheim", "adress": null, "sportart": null, "lon": 8.5111199, "lat": 49.4904648 }, "geometry": { "type": "Point", "coordinates": [ 8.5111199, 49.4904648 ] } },
{ "type": "Feature", "properties": { "id": "way/28442249", "city": "mannheim", "uni": "dhbw", "category": "sporteinrichtungen", "name": "Feldbogen- und Blasrohrschützen Mannheim 2014", "adress": "Auf den Ried 7", "sportart": null, "lon": 8.5391352, "lat": 49.5015951 }, "geometry": { "type": "Point", "coordinates": [ 8.5391352, 49.5015951 ] } },
{ "type": "Feature", "properties": { "id": "way/32800881", "city": "mannheim", "uni": "dhbw", "category": "sporteinrichtungen", "name": "Tennisclub Kurpfalz Seckenheim", "adress": null, "sportart": null, "lon": 8.5558695, "lat": 49.4485945 }, "geometry": { "type": "Point", "coordinates": [ 8.5558695, 49.4485945 ] } },
{ "type": "Feature", "properties": { "id": "way/35148670", "city": "mannheim", "uni": "dhbw", "category": "sporteinrichtungen", "name": "Rhein-Neckar-Sporthalle", "adress": "Theodor-Heuss-Anlage 17", "sportart": null, "lon": 8.4999382, "lat": 49.4785092 }, "geometry": { "type": "Point", "coordinates": [ 8.4999382, 49.4785092 ] } },
{ "type": "Feature", "properties": { "id": "way/35148682", "city": "mannheim", "uni": "dhbw", "category": "sporteinrichtungen", "name": "Sporteinrichtung", "adress": null, "sportart": null, "lon": 8.5036147, "lat": 49.4786042 }, "geometry": { "type": "Point", "coordinates": [ 8.5036147, 49.4786042 ] } },
{ "type": "Feature", "properties": { "id": "way/35200336", "city": "mannheim", "uni": "dhbw", "category": "sporteinrichtungen", "name": "Sporteinrichtung", "adress": null, "sportart": null, "lon": 8.5020714, "lat": 49.4783941 }, "geometry": { "type": "Point", "coordinates": [ 8.5020714, 49.4783941 ] } },
{ "type": "Feature", "properties": { "id": "way/36508837", "city": "mannheim", "uni": "dhbw", "category": "sporteinrichtungen", "name": "Sporthalle Konrad-Duden-Schule", "adress": "Kronenburgstraße 55", "sportart": null, "lon": 8.5250416, "lat": 49.4418123 }, "geometry": { "type": "Point", "coordinates": [ 8.5250416, 49.4418123 ] } },
{ "type": "Feature", "properties": { "id": "way/38444448", "city": "mannheim", "uni": "dhbw", "category": "sporteinrichtungen", "name": "Maimarktgelände Turnierplatz", "adress": null, "sportart": null, "lon": 8.5272461, "lat": 49.4667089 }, "geometry": { "type": "Point", "coordinates": [ 8.5272461, 49.4667089 ] } },
{ "type": "Feature", "properties": { "id": "way/41837036", "city": "mannheim", "uni": "dhbw", "category": "sporteinrichtungen", "name": "VeniceBeach Mannheim Neckarau", "adress": "Pfingstweidstraße 18", "sportart": null, "lon": 8.5005283, "lat": 49.4605517 }, "geometry": { "type": "Point", "coordinates": [ 8.5005283, 49.4605517 ] } },
{ "type": "Feature", "properties": { "id": "way/42383519", "city": "mannheim", "uni": "dhbw", "category": "sporteinrichtungen", "name": "GBG Halle am Herzogenried", "adress": "August-Kuhn-Straße 35", "sportart": null, "lon": 8.4808766, "lat": 49.5016307 }, "geometry": { "type": "Point", "coordinates": [ 8.4808766, 49.5016307 ] } },
{ "type": "Feature", "properties": { "id": "way/42469210", "city": "mannheim", "uni": "dhbw", "category": "sporteinrichtungen", "name": "Gartenhallenbad Neckarau", "adress": "Marguerrestraße 11", "sportart": null, "lon": 8.4895095, "lat": 49.4474046 }, "geometry": { "type": "Point", "coordinates": [ 8.4895095, 49.4474046 ] } },
{ "type": "Feature", "properties": { "id": "way/44289427", "city": "mannheim", "uni": "dhbw", "category": "sporteinrichtungen", "name": "Pferderennbahn Mannheim-Seckenheim", "adress": "Turfweg", "sportart": null, "lon": 8.5574132, "lat": 49.4491763 }, "geometry": { "type": "Point", "coordinates": [ 8.5574132, 49.4491763 ] } },
{ "type": "Feature", "properties": { "id": "way/48803769", "city": "mannheim", "uni": "dhbw", "category": "sporteinrichtungen", "name": "DJK Sportzentrum", "adress": "Wormser Straße 14", "sportart": null, "lon": 8.5172707, "lat": 49.5138758 }, "geometry": { "type": "Point", "coordinates": [ 8.5172707, 49.5138758 ] } },
{ "type": "Feature", "properties": { "id": "way/50283557", "city": "mannheim", "uni": "dhbw", "category": "sporteinrichtungen", "name": "Lilli-Gräber-Halle", "adress": "Saarburger Ring 49", "sportart": null, "lon": 8.5703902, "lat": 49.4415724 }, "geometry": { "type": "Point", "coordinates": [ 8.5703902, 49.4415724 ] } },
{ "type": "Feature", "properties": { "id": "way/61691778", "city": "mannheim", "uni": "dhbw", "category": "sporteinrichtungen", "name": "FitBase Mannheim Käfertal", "adress": "Heppenheimer Straße 27-29", "sportart": null, "lon": 8.5208919, "lat": 49.5088707 }, "geometry": { "type": "Point", "coordinates": [ 8.5208919, 49.5088707 ] } },
{ "type": "Feature", "properties": { "id": "way/88307389", "city": "mannheim", "uni": "dhbw", "category": "sporteinrichtungen", "name": "TSV Badenia Feudenheim 1889", "adress": null, "sportart": null, "lon": 8.5166968, "lat": 49.4850468 }, "geometry": { "type": "Point", "coordinates": [ 8.5166968, 49.4850468 ] } },
{ "type": "Feature", "properties": { "id": "way/89042169", "city": "mannheim", "uni": "dhbw", "category": "sporteinrichtungen", "name": "Valentin-Gremm-Halle", "adress": null, "sportart": null, "lon": 8.5342666, "lat": 49.4319395 }, "geometry": { "type": "Point", "coordinates": [ 8.5342666, 49.4319395 ] } },
{ "type": "Feature", "properties": { "id": "way/89042173", "city": "mannheim", "uni": "dhbw", "category": "sporteinrichtungen", "name": "Sporteinrichtung", "adress": null, "sportart": null, "lon": 8.5383698, "lat": 49.4345204 }, "geometry": { "type": "Point", "coordinates": [ 8.5383698, 49.4345204 ] } },
{ "type": "Feature", "properties": { "id": "way/96055366", "city": "mannheim", "uni": "dhbw", "category": "sporteinrichtungen", "name": "Krîfon - Schule für Historische Fechtkunst", "adress": "Flößerstraße 12", "sportart": null, "lon": 8.594304, "lat": 49.453852 }, "geometry": { "type": "Point", "coordinates": [ 8.594304, 49.453852 ] } },
{ "type": "Feature", "properties": { "id": "way/96562068", "city": "mannheim", "uni": "dhbw", "category": "sporteinrichtungen", "name": "Tennishalle", "adress": "Pfalzburger Straße 17", "sportart": null, "lon": 8.5716653, "lat": 49.4417422 }, "geometry": { "type": "Point", "coordinates": [ 8.5716653, 49.4417422 ] } },
{ "type": "Feature", "properties": { "id": "way/96752375", "city": "mannheim", "uni": "dhbw", "category": "sporteinrichtungen", "name": "McFit", "adress": "Neckarauer Straße 90", "sportart": null, "lon": 8.4900069, "lat": 49.4623032 }, "geometry": { "type": "Point", "coordinates": [ 8.4900069, 49.4623032 ] } },
{ "type": "Feature", "properties": { "id": "way/118842174", "city": "mannheim", "uni": "dhbw", "category": "sporteinrichtungen", "name": "SSV Mannheim-Vogelstang", "adress": "Auf den Ried", "sportart": null, "lon": 8.5378345, "lat": 49.5000405 }, "geometry": { "type": "Point", "coordinates": [ 8.5378345, 49.5000405 ] } },
{ "type": "Feature", "properties": { "id": "way/120165904", "city": "mannheim", "uni": "dhbw", "category": "sporteinrichtungen", "name": "Sporthalle Vogelstang Geschwister-Scholl-Gymnasium", "adress": "Mecklenburger Straße 62", "sportart": null, "lon": 8.5393773, "lat": 49.5065714 }, "geometry": { "type": "Point", "coordinates": [ 8.5393773, 49.5065714 ] } },
{ "type": "Feature", "properties": { "id": "way/122352744", "city": "mannheim", "uni": "dhbw", "category": "sporteinrichtungen", "name": "SC 1910 Mannheim Käfertal", "adress": null, "sportart": null, "lon": 8.5055387, "lat": 49.5158244 }, "geometry": { "type": "Point", "coordinates": [ 8.5055387, 49.5158244 ] } },
{ "type": "Feature", "properties": { "id": "way/131186564", "city": "mannheim", "uni": "dhbw", "category": "sporteinrichtungen", "name": "Franklin-Sportanlage", "adress": null, "sportart": null, "lon": 8.5329443, "lat": 49.5183375 }, "geometry": { "type": "Point", "coordinates": [ 8.5329443, 49.5183375 ] } },
{ "type": "Feature", "properties": { "id": "way/136853616", "city": "mannheim", "uni": "dhbw", "category": "sporteinrichtungen", "name": "Tennisgemeinschaft Vogelstang", "adress": "Römerstraße 136", "sportart": null, "lon": 8.5358623, "lat": 49.5036391 }, "geometry": { "type": "Point", "coordinates": [ 8.5358623, 49.5036391 ] } },
{ "type": "Feature", "properties": { "id": "way/144988276", "city": "mannheim", "uni": "dhbw", "category": "sporteinrichtungen", "name": "SV 98/07 Seckenheim", "adress": "Zähringer Straße 80", "sportart": null, "lon": 8.5569344, "lat": 49.467985 }, "geometry": { "type": "Point", "coordinates": [ 8.5569344, 49.467985 ] } },
{ "type": "Feature", "properties": { "id": "way/149758120", "city": "mannheim", "uni": "dhbw", "category": "sporteinrichtungen", "name": "Sporteinrichtung", "adress": null, "sportart": null, "lon": 8.4791564, "lat": 49.4856642 }, "geometry": { "type": "Point", "coordinates": [ 8.4791564, 49.4856642 ] } },
{ "type": "Feature", "properties": { "id": "way/150893557", "city": "mannheim", "uni": "dhbw", "category": "sporteinrichtungen", "name": "Sporthalle", "adress": null, "sportart": null, "lon": 8.470722, "lat": 49.4614464 }, "geometry": { "type": "Point", "coordinates": [ 8.470722, 49.4614464 ] } },
{ "type": "Feature", "properties": { "id": "way/151894729", "city": "mannheim", "uni": "dhbw", "category": "sporteinrichtungen", "name": "TV 1880 Käfertal e. V.", "adress": null, "sportart": null, "lon": 8.5153404, "lat": 49.5038825 }, "geometry": { "type": "Point", "coordinates": [ 8.5153404, 49.5038825 ] } },
{ "type": "Feature", "properties": { "id": "way/151895138", "city": "mannheim", "uni": "dhbw", "category": "sporteinrichtungen", "name": "Sportanlage Käfertal-Süd", "adress": null, "sportart": null, "lon": 8.5141039, "lat": 49.5039516 }, "geometry": { "type": "Point", "coordinates": [ 8.5141039, 49.5039516 ] } },
{ "type": "Feature", "properties": { "id": "way/154663740", "city": "mannheim", "uni": "dhbw", "category": "sporteinrichtungen", "name": "Sporthalle Schwetzingerstadt", "adress": "Keplerstraße 21-25", "sportart": null, "lon": 8.4743822, "lat": 49.4797671 }, "geometry": { "type": "Point", "coordinates": [ 8.4743822, 49.4797671 ] } },
{ "type": "Feature", "properties": { "id": "way/154982889", "city": "mannheim", "uni": "dhbw", "category": "sporteinrichtungen", "name": "Studio Bloc GmbH Mannheim", "adress": "Christian-Friedrich-Schwan-Straße 14", "sportart": null, "lon": 8.503239, "lat": 49.4963858 }, "geometry": { "type": "Point", "coordinates": [ 8.503239, 49.4963858 ] } },
{ "type": "Feature", "properties": { "id": "way/156921286", "city": "mannheim", "uni": "dhbw", "category": "sporteinrichtungen", "name": "Turnverein 1898 e.V", "adress": "Seckenheimer Hauptstraße 33", "sportart": null, "lon": 8.5687415, "lat": 49.4621236 }, "geometry": { "type": "Point", "coordinates": [ 8.5687415, 49.4621236 ] } },
{ "type": "Feature", "properties": { "id": "way/157204276", "city": "mannheim", "uni": "dhbw", "category": "sporteinrichtungen", "name": "TSG Seckenheim e.V.", "adress": "Offenburger Straße 33", "sportart": null, "lon": 8.5632541, "lat": 49.4632055 }, "geometry": { "type": "Point", "coordinates": [ 8.5632541, 49.4632055 ] } },
{ "type": "Feature", "properties": { "id": "way/157911372", "city": "mannheim", "uni": "dhbw", "category": "sporteinrichtungen", "name": "Richard-Möll-Halle", "adress": "Innerer Heckweg 5", "sportart": null, "lon": 8.5637707, "lat": 49.4593376 }, "geometry": { "type": "Point", "coordinates": [ 8.5637707, 49.4593376 ] } },
{ "type": "Feature", "properties": { "id": "way/159547430", "city": "mannheim", "uni": "dhbw", "category": "sporteinrichtungen", "name": "Sporthalle", "adress": "Dresdener Straße", "sportart": null, "lon": 8.5420814, "lat": 49.5110076 }, "geometry": { "type": "Point", "coordinates": [ 8.5420814, 49.5110076 ] } },
{ "type": "Feature", "properties": { "id": "way/160071355", "city": "mannheim", "uni": "dhbw", "category": "sporteinrichtungen", "name": "Fitness Champ Mannheim", "adress": "Weinheimer Straße 56", "sportart": null, "lon": 8.5205522, "lat": 49.5070669 }, "geometry": { "type": "Point", "coordinates": [ 8.5205522, 49.5070669 ] } },
{ "type": "Feature", "properties": { "id": "way/160679227", "city": "mannheim", "uni": "dhbw", "category": "sporteinrichtungen", "name": "Sporthalle", "adress": null, "sportart": null, "lon": 8.5412965, "lat": 49.5133797 }, "geometry": { "type": "Point", "coordinates": [ 8.5412965, 49.5133797 ] } },
{ "type": "Feature", "properties": { "id": "way/161297533", "city": "mannheim", "uni": "dhbw", "category": "sporteinrichtungen", "name": "ASV Feudenheim e.V.", "adress": "Lauffener Straße", "sportart": null, "lon": 8.5359245, "lat": 49.4804923 }, "geometry": { "type": "Point", "coordinates": [ 8.5359245, 49.4804923 ] } },
{ "type": "Feature", "properties": { "id": "way/161631374", "city": "mannheim", "uni": "dhbw", "category": "sporteinrichtungen", "name": "Sporthalle der Universität", "adress": "Theodor-Heuss-Anlage 15", "sportart": null, "lon": 8.4992394, "lat": 49.4785265 }, "geometry": { "type": "Point", "coordinates": [ 8.4992394, 49.4785265 ] } },
{ "type": "Feature", "properties": { "id": "way/161939441", "city": "mannheim", "uni": "dhbw", "category": "sporteinrichtungen", "name": "ESC Blau-Weiß Mannheim 1928", "adress": null, "sportart": null, "lon": 8.5147226, "lat": 49.4879375 }, "geometry": { "type": "Point", "coordinates": [ 8.5147226, 49.4879375 ] } },
{ "type": "Feature", "properties": { "id": "way/161939463", "city": "mannheim", "uni": "dhbw", "category": "sporteinrichtungen", "name": "Verein für Deutsche Schäferhunde SV OG Feudenheim", "adress": null, "sportart": null, "lon": 8.5148603, "lat": 49.486605 }, "geometry": { "type": "Point", "coordinates": [ 8.5148603, 49.486605 ] } },
{ "type": "Feature", "properties": { "id": "way/162053856", "city": "mannheim", "uni": "dhbw", "category": "sporteinrichtungen", "name": "PSV Schützenabteilung Pistolenstand", "adress": null, "sportart": null, "lon": 8.5063971, "lat": 49.4872651 }, "geometry": { "type": "Point", "coordinates": [ 8.5063971, 49.4872651 ] } },
{ "type": "Feature", "properties": { "id": "way/163979325", "city": "mannheim", "uni": "dhbw", "category": "sporteinrichtungen", "name": "Pfitzenmeier Wellness & Fitness Park Mannheim City Airport", "adress": "Seckenheimer Landstraße 166", "sportart": null, "lon": 8.5214752, "lat": 49.4770854 }, "geometry": { "type": "Point", "coordinates": [ 8.5214752, 49.4770854 ] } },
{ "type": "Feature", "properties": { "id": "way/164296282", "city": "mannheim", "uni": "dhbw", "category": "sporteinrichtungen", "name": "Sporthalle", "adress": "Spessartstraße 26", "sportart": null, "lon": 8.5290181, "lat": 49.4850014 }, "geometry": { "type": "Point", "coordinates": [ 8.5290181, 49.4850014 ] } },
{ "type": "Feature", "properties": { "id": "way/164312296", "city": "mannheim", "uni": "dhbw", "category": "sporteinrichtungen", "name": "Sporthalle", "adress": "Römerstraße", "sportart": null, "lon": 8.5487839, "lat": 49.4977921 }, "geometry": { "type": "Point", "coordinates": [ 8.5487839, 49.4977921 ] } },
{ "type": "Feature", "properties": { "id": "way/164425052", "city": "mannheim", "uni": "dhbw", "category": "sporteinrichtungen", "name": "Badminton-Center Neckarau", "adress": "Siegmund-Schuckert-Straße 14", "sportart": null, "lon": 8.5059353, "lat": 49.4582781 }, "geometry": { "type": "Point", "coordinates": [ 8.5059353, 49.4582781 ] } },
{ "type": "Feature", "properties": { "id": "way/165075501", "city": "mannheim", "uni": "dhbw", "category": "sporteinrichtungen", "name": "Sporteinrichtung", "adress": "Spinelliplatz 1", "sportart": null, "lon": 8.521782, "lat": 49.4961538 }, "geometry": { "type": "Point", "coordinates": [ 8.521782, 49.4961538 ] } },
{ "type": "Feature", "properties": { "id": "way/165281028", "city": "mannheim", "uni": "dhbw", "category": "sporteinrichtungen", "name": "Hallenbad Vogelstang", "adress": "Freiberger Ring 8", "sportart": null, "lon": 8.5409979, "lat": 49.5108675 }, "geometry": { "type": "Point", "coordinates": [ 8.5409979, 49.5108675 ] } },
{ "type": "Feature", "properties": { "id": "way/166580361", "city": "mannheim", "uni": "dhbw", "category": "sporteinrichtungen", "name": "Sporthalle-Bertha-Hirsch-Schule", "adress": "Elisabeth-Altmann-Gottheiner-Straße 26", "sportart": null, "lon": 8.5247756, "lat": 49.5036644 }, "geometry": { "type": "Point", "coordinates": [ 8.5247756, 49.5036644 ] } },
{ "type": "Feature", "properties": { "id": "way/166806803", "city": "mannheim", "uni": "dhbw", "category": "sporteinrichtungen", "name": "MCL-Modellflugplatz", "adress": "Modellflugplatz an der L597 1", "sportart": null, "lon": 8.577381, "lat": 49.4906853 }, "geometry": { "type": "Point", "coordinates": [ 8.577381, 49.4906853 ] } },
{ "type": "Feature", "properties": { "id": "way/172427040", "city": "mannheim", "uni": "dhbw", "category": "sporteinrichtungen", "name": "vital activ Fitness", "adress": "Freiherr-von-Drais-Straße 50", "sportart": null, "lon": 8.5908714, "lat": 49.4715693 }, "geometry": { "type": "Point", "coordinates": [ 8.5908714, 49.4715693 ] } },
{ "type": "Feature", "properties": { "id": "way/173608593", "city": "mannheim", "uni": "dhbw", "category": "sporteinrichtungen", "name": "Turnverein 1992 Friedrichsfeld", "adress": null, "sportart": null, "lon": 8.5746987, "lat": 49.4403736 }, "geometry": { "type": "Point", "coordinates": [ 8.5746987, 49.4403736 ] } },
{ "type": "Feature", "properties": { "id": "way/178382945", "city": "mannheim", "uni": "dhbw", "category": "sporteinrichtungen", "name": "Sporteinrichtung", "adress": null, "sportart": null, "lon": 8.5241457, "lat": 49.5180568 }, "geometry": { "type": "Point", "coordinates": [ 8.5241457, 49.5180568 ] } },
{ "type": "Feature", "properties": { "id": "way/178383881", "city": "mannheim", "uni": "dhbw", "category": "sporteinrichtungen", "name": "Sporteinrichtung", "adress": "Wasserwerkstraße 70", "sportart": null, "lon": 8.5238504, "lat": 49.518084 }, "geometry": { "type": "Point", "coordinates": [ 8.5238504, 49.518084 ] } },
{ "type": "Feature", "properties": { "id": "way/213373274", "city": "mannheim", "uni": "dhbw", "category": "sporteinrichtungen", "name": "TC SW Neckarau", "adress": null, "sportart": null, "lon": 8.4827783, "lat": 49.4511596 }, "geometry": { "type": "Point", "coordinates": [ 8.4827783, 49.4511596 ] } },
{ "type": "Feature", "properties": { "id": "way/218000242", "city": "mannheim", "uni": "dhbw", "category": "sporteinrichtungen", "name": "Mannheimer Hockeyclub", "adress": "Am Neckarkanal 4, 6, 8", "sportart": null, "lon": 8.5162806, "lat": 49.4837598 }, "geometry": { "type": "Point", "coordinates": [ 8.5162806, 49.4837598 ] } },
{ "type": "Feature", "properties": { "id": "way/234813885", "city": "mannheim", "uni": "dhbw", "category": "sporteinrichtungen", "name": "Tennisklub Grün-Weiß Mannheim", "adress": null, "sportart": null, "lon": 8.5137814, "lat": 49.4861957 }, "geometry": { "type": "Point", "coordinates": [ 8.5137814, 49.4861957 ] } },
{ "type": "Feature", "properties": { "id": "way/278779564", "city": "mannheim", "uni": "dhbw", "category": "sporteinrichtungen", "name": "MTG Mannheim", "adress": null, "sportart": null, "lon": 8.5087911, "lat": 49.4876108 }, "geometry": { "type": "Point", "coordinates": [ 8.5087911, 49.4876108 ] } },
{ "type": "Feature", "properties": { "id": "way/292292731", "city": "mannheim", "uni": "dhbw", "category": "sporteinrichtungen", "name": "DJK Sportanlage", "adress": "Lochgärtenweg 6", "sportart": null, "lon": 8.5041062, "lat": 49.4708327 }, "geometry": { "type": "Point", "coordinates": [ 8.5041062, 49.4708327 ] } },
{ "type": "Feature", "properties": { "id": "way/292292732", "city": "mannheim", "uni": "dhbw", "category": "sporteinrichtungen", "name": "Sporteinrichtung", "adress": null, "sportart": null, "lon": 8.5038034, "lat": 49.4707982 }, "geometry": { "type": "Point", "coordinates": [ 8.5038034, 49.4707982 ] } },
{ "type": "Feature", "properties": { "id": "way/292292733", "city": "mannheim", "uni": "dhbw", "category": "sporteinrichtungen", "name": "Sporteinrichtung", "adress": null, "sportart": null, "lon": 8.5038953, "lat": 49.470706 }, "geometry": { "type": "Point", "coordinates": [ 8.5038953, 49.470706 ] } },
{ "type": "Feature", "properties": { "id": "way/304209817", "city": "mannheim", "uni": "dhbw", "category": "sporteinrichtungen", "name": "Sporthallen", "adress": "Warnemünder Weg", "sportart": null, "lon": 8.5370064, "lat": 49.5090807 }, "geometry": { "type": "Point", "coordinates": [ 8.5370064, 49.5090807 ] } },
{ "type": "Feature", "properties": { "id": "way/320512368", "city": "mannheim", "uni": "dhbw", "category": "sporteinrichtungen", "name": "DJK Feudenheim", "adress": null, "sportart": null, "lon": 8.5160307, "lat": 49.4869657 }, "geometry": { "type": "Point", "coordinates": [ 8.5160307, 49.4869657 ] } },
{ "type": "Feature", "properties": { "id": "way/330229198", "city": "mannheim", "uni": "dhbw", "category": "sporteinrichtungen", "name": "Sportplatz Moll-Gymnasium", "adress": null, "sportart": null, "lon": 8.4713279, "lat": 49.4618072 }, "geometry": { "type": "Point", "coordinates": [ 8.4713279, 49.4618072 ] } },
{ "type": "Feature", "properties": { "id": "way/334126583", "city": "mannheim", "uni": "dhbw", "category": "sporteinrichtungen", "name": "Turnhalle Tulla-Realschule", "adress": null, "sportart": null, "lon": 8.4796672, "lat": 49.485849 }, "geometry": { "type": "Point", "coordinates": [ 8.4796672, 49.485849 ] } },
{ "type": "Feature", "properties": { "id": "way/343399432", "city": "mannheim", "uni": "dhbw", "category": "sporteinrichtungen", "name": "Sporteinrichtung", "adress": null, "sportart": null, "lon": 8.496543, "lat": 49.4845521 }, "geometry": { "type": "Point", "coordinates": [ 8.496543, 49.4845521 ] } },
{ "type": "Feature", "properties": { "id": "way/351143412", "city": "mannheim", "uni": "dhbw", "category": "sporteinrichtungen", "name": "TSV Mannheim", "adress": "Hans-Reschke-Ufer 4a", "sportart": null, "lon": 8.4949208, "lat": 49.4858172 }, "geometry": { "type": "Point", "coordinates": [ 8.4949208, 49.4858172 ] } },
{ "type": "Feature", "properties": { "id": "node/378701493", "city": "mannheim", "uni": "dhbw", "category": "sporteinrichtungen", "name": "VeniceBeach", "adress": null, "sportart": null, "lon": 8.4991556, "lat": 49.4737013 }, "geometry": { "type": "Point", "coordinates": [ 8.4991556, 49.4737013 ] } },
{ "type": "Feature", "properties": { "id": "way/389868143", "city": "mannheim", "uni": "dhbw", "category": "sporteinrichtungen", "name": "Kanu-Club Rheinau e.V.", "adress": null, "sportart": null, "lon": 8.5202005, "lat": 49.4346788 }, "geometry": { "type": "Point", "coordinates": [ 8.5202005, 49.4346788 ] } },
{ "type": "Feature", "properties": { "id": "way/411935479", "city": "mannheim", "uni": "dhbw", "category": "sporteinrichtungen", "name": "Verein der Hundefreunde Feudenheim", "adress": "Am Neckarkanal 5", "sportart": null, "lon": 8.5159408, "lat": 49.4848729 }, "geometry": { "type": "Point", "coordinates": [ 8.5159408, 49.4848729 ] } },
{ "type": "Feature", "properties": { "id": "way/417929708", "city": "mannheim", "uni": "dhbw", "category": "sporteinrichtungen", "name": "Schützengesellschaft 1896 Seckenheim", "adress": "Riedweg 10", "sportart": null, "lon": 8.5582723, "lat": 49.4561559 }, "geometry": { "type": "Point", "coordinates": [ 8.5582723, 49.4561559 ] } },
{ "type": "Feature", "properties": { "id": "way/940178567", "city": "mannheim", "uni": "dhbw", "category": "sporteinrichtungen", "name": "Otto-Bauder-Sportanlage", "adress": "Wildbader Straße 23-27", "sportart": null, "lon": 8.5486743, "lat": 49.467476 }, "geometry": { "type": "Point", "coordinates": [ 8.5486743, 49.467476 ] } },
{ "type": "Feature", "properties": { "id": "way/959685097", "city": "mannheim", "uni": "dhbw", "category": "sporteinrichtungen", "name": "DAV-Kletteranlage und -Vereinsheim", "adress": null, "sportart": null, "lon": 8.534994, "lat": 49.5189618 }, "geometry": { "type": "Point", "coordinates": [ 8.534994, 49.5189618 ] } },
{ "type": "Feature", "properties": { "id": "node/993698455", "city": "mannheim", "uni": "dhbw", "category": "sporteinrichtungen", "name": "Venice Beach Mannheim Neckarau", "adress": null, "sportart": null, "lon": 8.4960968, "lat": 49.4519505 }, "geometry": { "type": "Point", "coordinates": [ 8.4960968, 49.4519505 ] } },
{ "type": "Feature", "properties": { "id": "node/1014676019", "city": "mannheim", "uni": "dhbw", "category": "sporteinrichtungen", "name": "Fußballplatz \"FC Germania 03 Friedrichsfeld\"", "adress": null, "sportart": null, "lon": 8.5676479, "lat": 49.4390993 }, "geometry": { "type": "Point", "coordinates": [ 8.5676479, 49.4390993 ] } },
{ "type": "Feature", "properties": { "id": "way/1066356023", "city": "mannheim", "uni": "dhbw", "category": "sporteinrichtungen", "name": "Sportplatz TV 1892 Friedrichsfeld", "adress": null, "sportart": null, "lon": 8.5648279, "lat": 49.4397045 }, "geometry": { "type": "Point", "coordinates": [ 8.5648279, 49.4397045 ] } },
{ "type": "Feature", "properties": { "id": "way/1067282530", "city": "mannheim", "uni": "dhbw", "category": "sporteinrichtungen", "name": "Sporteinrichtung", "adress": null, "sportart": null, "lon": 8.5918033, "lat": 49.4719596 }, "geometry": { "type": "Point", "coordinates": [ 8.5918033, 49.4719596 ] } },
{ "type": "Feature", "properties": { "id": "way/1093723694", "city": "mannheim", "uni": "dhbw", "category": "sporteinrichtungen", "name": "Kanu-Club Altrip", "adress": null, "sportart": null, "lon": 8.5002075, "lat": 49.4406032 }, "geometry": { "type": "Point", "coordinates": [ 8.5002075, 49.4406032 ] } },
{ "type": "Feature", "properties": { "id": "way/1112291967", "city": "mannheim", "uni": "dhbw", "category": "sporteinrichtungen", "name": "Friedrichsfelder Ski-Club e.V. Tennisabteilung", "adress": null, "sportart": null, "lon": 8.5692903, "lat": 49.4381324 }, "geometry": { "type": "Point", "coordinates": [ 8.5692903, 49.4381324 ] } },
{ "type": "Feature", "properties": { "id": "way/1161685765", "city": "mannheim", "uni": "dhbw", "category": "sporteinrichtungen", "name": "Herschelbad", "adress": null, "sportart": null, "lon": 8.4721042, "lat": 49.4909442 }, "geometry": { "type": "Point", "coordinates": [ 8.4721042, 49.4909442 ] } },
{ "type": "Feature", "properties": { "id": "way/1164128137", "city": "mannheim", "uni": "dhbw", "category": "sporteinrichtungen", "name": "Sporthalle LFG", "adress": "Käfertaler Straße 117-127", "sportart": null, "lon": 8.4864346, "lat": 49.4947991 }, "geometry": { "type": "Point", "coordinates": [ 8.4864346, 49.4947991 ] } },
{ "type": "Feature", "properties": { "id": "way/1168602585", "city": "mannheim", "uni": "dhbw", "category": "sporteinrichtungen", "name": "Sports Arena", "adress": "Abraham-Lincoln-Allee 3", "sportart": null, "lon": 8.5349071, "lat": 49.5183246 }, "geometry": { "type": "Point", "coordinates": [ 8.5349071, 49.5183246 ] } },
{ "type": "Feature", "properties": { "id": "way/1193290300", "city": "mannheim", "uni": "dhbw", "category": "sporteinrichtungen", "name": "Sporteinrichtung", "adress": null, "sportart": null, "lon": 8.5668263, "lat": 49.4389327 }, "geometry": { "type": "Point", "coordinates": [ 8.5668263, 49.4389327 ] } },
{ "type": "Feature", "properties": { "id": "node/1271759177", "city": "mannheim", "uni": "dhbw", "category": "sporteinrichtungen", "name": "Rehazentrum Auf dem Sand", "adress": "Auf dem Sand 75-77", "sportart": null, "lon": 8.5080344, "lat": 49.5147582 }, "geometry": { "type": "Point", "coordinates": [ 8.5080344, 49.5147582 ] } },
{ "type": "Feature", "properties": { "id": "way/1387622950", "city": "mannheim", "uni": "dhbw", "category": "sporteinrichtungen", "name": "Bezirkssportanlage Seckenheim", "adress": null, "sportart": null, "lon": 8.5528711, "lat": 49.4731972 }, "geometry": { "type": "Point", "coordinates": [ 8.5528711, 49.4731972 ] } },
{ "type": "Feature", "properties": { "id": "way/1456980618", "city": "mannheim", "uni": "dhbw", "category": "sporteinrichtungen", "name": "SpVgg 07 Mannheim", "adress": "Hermsheimer Straße 23", "sportart": null, "lon": 8.5028993, "lat": 49.4714971 }, "geometry": { "type": "Point", "coordinates": [ 8.5028993, 49.4714971 ] } },
{ "type": "Feature", "properties": { "id": "node/1566905831", "city": "mannheim", "uni": "dhbw", "category": "sporteinrichtungen", "name": "Bodystreet", "adress": null, "sportart": null, "lon": 8.4739715, "lat": 49.4832956 }, "geometry": { "type": "Point", "coordinates": [ 8.4739715, 49.4832956 ] } },
{ "type": "Feature", "properties": { "id": "node/1566905838", "city": "mannheim", "uni": "dhbw", "category": "sporteinrichtungen", "name": "Backfit EMS", "adress": null, "sportart": null, "lon": 8.4739254, "lat": 49.483246 }, "geometry": { "type": "Point", "coordinates": [ 8.4739254, 49.483246 ] } },
{ "type": "Feature", "properties": { "id": "node/1607853403", "city": "mannheim", "uni": "dhbw", "category": "sporteinrichtungen", "name": "Ki und Aikido Dojo Mannheim", "adress": null, "sportart": null, "lon": 8.4760327, "lat": 49.4975497 }, "geometry": { "type": "Point", "coordinates": [ 8.4760327, 49.4975497 ] } },
{ "type": "Feature", "properties": { "id": "node/1621222762", "city": "mannheim", "uni": "dhbw", "category": "sporteinrichtungen", "name": "Qi Gong Institut", "adress": null, "sportart": null, "lon": 8.48164, "lat": 49.4771498 }, "geometry": { "type": "Point", "coordinates": [ 8.48164, 49.4771498 ] } },
{ "type": "Feature", "properties": { "id": "node/1631644425", "city": "mannheim", "uni": "dhbw", "category": "sporteinrichtungen", "name": "Mannheimer Billardcafe", "adress": null, "sportart": null, "lon": 8.4729187, "lat": 49.4822743 }, "geometry": { "type": "Point", "coordinates": [ 8.4729187, 49.4822743 ] } },
{ "type": "Feature", "properties": { "id": "node/1632759599", "city": "mannheim", "uni": "dhbw", "category": "sporteinrichtungen", "name": "Moksha Yoga Center", "adress": null, "sportart": null, "lon": 8.4742593, "lat": 49.4865712 }, "geometry": { "type": "Point", "coordinates": [ 8.4742593, 49.4865712 ] } },
{ "type": "Feature", "properties": { "id": "node/1732653930", "city": "mannheim", "uni": "dhbw", "category": "sporteinrichtungen", "name": "Power Planet Mannheim", "adress": null, "sportart": null, "lon": 8.505553, "lat": 49.4474897 }, "geometry": { "type": "Point", "coordinates": [ 8.505553, 49.4474897 ] } },
{ "type": "Feature", "properties": { "id": "node/1736051918", "city": "mannheim", "uni": "dhbw", "category": "sporteinrichtungen", "name": "KSV 1884 Mannheim e.V.", "adress": null, "sportart": null, "lon": 8.4996382, "lat": 49.4784035 }, "geometry": { "type": "Point", "coordinates": [ 8.4996382, 49.4784035 ] } },
{ "type": "Feature", "properties": { "id": "node/1739991802", "city": "mannheim", "uni": "dhbw", "category": "sporteinrichtungen", "name": "BewegungsLOUNGE – Gyrotonic®", "adress": null, "sportart": null, "lon": 8.498399, "lat": 49.4886899 }, "geometry": { "type": "Point", "coordinates": [ 8.498399, 49.4886899 ] } },
{ "type": "Feature", "properties": { "id": "node/1867743554", "city": "mannheim", "uni": "dhbw", "category": "sporteinrichtungen", "name": "Tanzwerk Ladenburg", "adress": null, "sportart": null, "lon": 8.5969085, "lat": 49.4762858 }, "geometry": { "type": "Point", "coordinates": [ 8.5969085, 49.4762858 ] } },
{ "type": "Feature", "properties": { "id": "node/1924864493", "city": "mannheim", "uni": "dhbw", "category": "sporteinrichtungen", "name": "YogaRaum", "adress": null, "sportart": null, "lon": 8.5494149, "lat": 49.4665448 }, "geometry": { "type": "Point", "coordinates": [ 8.5494149, 49.4665448 ] } },
{ "type": "Feature", "properties": { "id": "node/1963465094", "city": "mannheim", "uni": "dhbw", "category": "sporteinrichtungen", "name": "VeniceBeach Mannheim Glückstein", "adress": "John-Deere-Straße 77", "sportart": null, "lon": 8.4776325, "lat": 49.4731651 }, "geometry": { "type": "Point", "coordinates": [ 8.4776325, 49.4731651 ] } },
{ "type": "Feature", "properties": { "id": "node/2165966560", "city": "mannheim", "uni": "dhbw", "category": "sporteinrichtungen", "name": "VAYOGA Yoga & Pilates Studio", "adress": null, "sportart": null, "lon": 8.4705429, "lat": 49.4701152 }, "geometry": { "type": "Point", "coordinates": [ 8.4705429, 49.4701152 ] } },
{ "type": "Feature", "properties": { "id": "node/2203731082", "city": "mannheim", "uni": "dhbw", "category": "sporteinrichtungen", "name": "TSG Seckenheim e.V.", "adress": null, "sportart": null, "lon": 8.5666075, "lat": 49.4649902 }, "geometry": { "type": "Point", "coordinates": [ 8.5666075, 49.4649902 ] } },
{ "type": "Feature", "properties": { "id": "node/2282127869", "city": "mannheim", "uni": "dhbw", "category": "sporteinrichtungen", "name": "Body street", "adress": null, "sportart": null, "lon": 8.4677546, "lat": 49.4761308 }, "geometry": { "type": "Point", "coordinates": [ 8.4677546, 49.4761308 ] } },
{ "type": "Feature", "properties": { "id": "node/2327342620", "city": "mannheim", "uni": "dhbw", "category": "sporteinrichtungen", "name": "Yoga Institut Mannheim", "adress": null, "sportart": null, "lon": 8.5357429, "lat": 49.4863349 }, "geometry": { "type": "Point", "coordinates": [ 8.5357429, 49.4863349 ] } },
{ "type": "Feature", "properties": { "id": "node/2371534058", "city": "mannheim", "uni": "dhbw", "category": "sporteinrichtungen", "name": "Gymnastikstudio", "adress": null, "sportart": null, "lon": 8.4942955, "lat": 49.453479 }, "geometry": { "type": "Point", "coordinates": [ 8.4942955, 49.453479 ] } },
{ "type": "Feature", "properties": { "id": "node/2735766839", "city": "mannheim", "uni": "dhbw", "category": "sporteinrichtungen", "name": "Rolling Fun", "adress": "Mosbacher Straße 2", "sportart": null, "lon": 8.5525442, "lat": 49.4960436 }, "geometry": { "type": "Point", "coordinates": [ 8.5525442, 49.4960436 ] } },
{ "type": "Feature", "properties": { "id": "node/2778350270", "city": "mannheim", "uni": "dhbw", "category": "sporteinrichtungen", "name": "Olympiastützpunkt Rhein-Neckar", "adress": null, "sportart": null, "lon": 8.50978, "lat": 49.48777 }, "geometry": { "type": "Point", "coordinates": [ 8.50978, 49.48777 ] } },
{ "type": "Feature", "properties": { "id": "node/2778867773", "city": "mannheim", "uni": "dhbw", "category": "sporteinrichtungen", "name": "Einhundert Prozent Fitness Mannheim", "adress": "Bad Kreuznacher Straße 36", "sportart": null, "lon": 8.5249082, "lat": 49.5067631 }, "geometry": { "type": "Point", "coordinates": [ 8.5249082, 49.5067631 ] } },
{ "type": "Feature", "properties": { "id": "node/2778867788", "city": "mannheim", "uni": "dhbw", "category": "sporteinrichtungen", "name": "Çalhanoğlu Fussballzentrum", "adress": null, "sportart": null, "lon": 8.5245843, "lat": 49.5055042 }, "geometry": { "type": "Point", "coordinates": [ 8.5245843, 49.5055042 ] } },
{ "type": "Feature", "properties": { "id": "node/2780946642", "city": "mannheim", "uni": "dhbw", "category": "sporteinrichtungen", "name": "American Fitness Club GmbH", "adress": "Trierer Straße 13", "sportart": null, "lon": 8.520412, "lat": 49.5067695 }, "geometry": { "type": "Point", "coordinates": [ 8.520412, 49.5067695 ] } },
{ "type": "Feature", "properties": { "id": "node/2780946680", "city": "mannheim", "uni": "dhbw", "category": "sporteinrichtungen", "name": "McFit", "adress": "Weinheimer Straße 62b", "sportart": null, "lon": 8.5226446, "lat": 49.5077011 }, "geometry": { "type": "Point", "coordinates": [ 8.5226446, 49.5077011 ] } },
{ "type": "Feature", "properties": { "id": "node/2794121258", "city": "mannheim", "uni": "dhbw", "category": "sporteinrichtungen", "name": "Billard-Sport-Centrum Effet", "adress": null, "sportart": null, "lon": 8.4987114, "lat": 49.5065585 }, "geometry": { "type": "Point", "coordinates": [ 8.4987114, 49.5065585 ] } },
{ "type": "Feature", "properties": { "id": "node/2797998027", "city": "mannheim", "uni": "dhbw", "category": "sporteinrichtungen", "name": "Fit-Fabrik Mannheim", "adress": "Käfertaler Straße 189", "sportart": null, "lon": 8.492222, "lat": 49.4976756 }, "geometry": { "type": "Point", "coordinates": [ 8.492222, 49.4976756 ] } },
{ "type": "Feature", "properties": { "id": "node/2802948042", "city": "mannheim", "uni": "dhbw", "category": "sporteinrichtungen", "name": "Tao-Zentrum", "adress": null, "sportart": null, "lon": 8.4890102, "lat": 49.4949872 }, "geometry": { "type": "Point", "coordinates": [ 8.4890102, 49.4949872 ] } },
{ "type": "Feature", "properties": { "id": "node/2802948044", "city": "mannheim", "uni": "dhbw", "category": "sporteinrichtungen", "name": "Wing Chun Akademie Mannheim", "adress": null, "sportart": null, "lon": 8.4887213, "lat": 49.4950197 }, "geometry": { "type": "Point", "coordinates": [ 8.4887213, 49.4950197 ] } },
{ "type": "Feature", "properties": { "id": "node/2810443107", "city": "mannheim", "uni": "dhbw", "category": "sporteinrichtungen", "name": "JBO Personal Training - Jürgen Bock", "adress": null, "sportart": null, "lon": 8.488684, "lat": 49.4556223 }, "geometry": { "type": "Point", "coordinates": [ 8.488684, 49.4556223 ] } },
{ "type": "Feature", "properties": { "id": "node/2868007955", "city": "mannheim", "uni": "dhbw", "category": "sporteinrichtungen", "name": "Rhein-Neckar Fussballcenter", "adress": null, "sportart": null, "lon": 8.4998456, "lat": 49.4783973 }, "geometry": { "type": "Point", "coordinates": [ 8.4998456, 49.4783973 ] } },
{ "type": "Feature", "properties": { "id": "node/3257799974", "city": "mannheim", "uni": "dhbw", "category": "sporteinrichtungen", "name": "Wing Chun Akademie Mannheim", "adress": null, "sportart": null, "lon": 8.4740233, "lat": 49.4885648 }, "geometry": { "type": "Point", "coordinates": [ 8.4740233, 49.4885648 ] } },
{ "type": "Feature", "properties": { "id": "node/3257811961", "city": "mannheim", "uni": "dhbw", "category": "sporteinrichtungen", "name": "Sportschule Hanuman Mannheim", "adress": null, "sportart": null, "lon": 8.4735168, "lat": 49.488468 }, "geometry": { "type": "Point", "coordinates": [ 8.4735168, 49.488468 ] } },
{ "type": "Feature", "properties": { "id": "node/3336777679", "city": "mannheim", "uni": "dhbw", "category": "sporteinrichtungen", "name": "VIVA - Fitness für Frauen", "adress": null, "sportart": null, "lon": 8.5470667, "lat": 49.5148361 }, "geometry": { "type": "Point", "coordinates": [ 8.5470667, 49.5148361 ] } },
{ "type": "Feature", "properties": { "id": "node/3417789778", "city": "mannheim", "uni": "dhbw", "category": "sporteinrichtungen", "name": "Dance & Health Academy", "adress": null, "sportart": null, "lon": 8.5267018, "lat": 49.4874514 }, "geometry": { "type": "Point", "coordinates": [ 8.5267018, 49.4874514 ] } },
{ "type": "Feature", "properties": { "id": "node/3421149701", "city": "mannheim", "uni": "dhbw", "category": "sporteinrichtungen", "name": "HelliFit & Dance", "adress": null, "sportart": null, "lon": 8.4944274, "lat": 49.4534498 }, "geometry": { "type": "Point", "coordinates": [ 8.4944274, 49.4534498 ] } },
{ "type": "Feature", "properties": { "id": "node/3453474577", "city": "mannheim", "uni": "dhbw", "category": "sporteinrichtungen", "name": "WingTsun Mannheim-Neckarau", "adress": null, "sportart": null, "lon": 8.4826946, "lat": 49.4536031 }, "geometry": { "type": "Point", "coordinates": [ 8.4826946, 49.4536031 ] } },
{ "type": "Feature", "properties": { "id": "node/3458719675", "city": "mannheim", "uni": "dhbw", "category": "sporteinrichtungen", "name": "Flamenco-Studio Renate Wagner", "adress": null, "sportart": null, "lon": 8.5107021, "lat": 49.4472061 }, "geometry": { "type": "Point", "coordinates": [ 8.5107021, 49.4472061 ] } },
{ "type": "Feature", "properties": { "id": "node/3499135874", "city": "mannheim", "uni": "dhbw", "category": "sporteinrichtungen", "name": "VeniceBeach", "adress": null, "sportart": null, "lon": 8.4734824, "lat": 49.4850887 }, "geometry": { "type": "Point", "coordinates": [ 8.4734824, 49.4850887 ] } },
{ "type": "Feature", "properties": { "id": "node/3504399595", "city": "mannheim", "uni": "dhbw", "category": "sporteinrichtungen", "name": "DEIN SPORT mal anders", "adress": "Melchiorstraße 1-7", "sportart": null, "lon": 8.4767343, "lat": 49.4977747 }, "geometry": { "type": "Point", "coordinates": [ 8.4767343, 49.4977747 ] } },
{ "type": "Feature", "properties": { "id": "node/3869214911", "city": "mannheim", "uni": "dhbw", "category": "sporteinrichtungen", "name": "TSOM TSOM Gym", "adress": "Käfertaler Straße 189", "sportart": null, "lon": 8.4922056, "lat": 49.4977992 }, "geometry": { "type": "Point", "coordinates": [ 8.4922056, 49.4977992 ] } },
{ "type": "Feature", "properties": { "id": "node/4107058185", "city": "mannheim", "uni": "dhbw", "category": "sporteinrichtungen", "name": "Bala-Shanti Yoga Zentrum", "adress": null, "sportart": null, "lon": 8.4760793, "lat": 49.4785501 }, "geometry": { "type": "Point", "coordinates": [ 8.4760793, 49.4785501 ] } },
{ "type": "Feature", "properties": { "id": "node/4110427460", "city": "mannheim", "uni": "dhbw", "category": "sporteinrichtungen", "name": "Sportomed Fitness & Prävention", "adress": null, "sportart": null, "lon": 8.498599, "lat": 49.4887779 }, "geometry": { "type": "Point", "coordinates": [ 8.498599, 49.4887779 ] } },
{ "type": "Feature", "properties": { "id": "node/4231250105", "city": "mannheim", "uni": "dhbw", "category": "sporteinrichtungen", "name": "Sport Zentrum Mannheim e.V.", "adress": null, "sportart": null, "lon": 8.4732184, "lat": 49.4915145 }, "geometry": { "type": "Point", "coordinates": [ 8.4732184, 49.4915145 ] } },
{ "type": "Feature", "properties": { "id": "node/4367450433", "city": "mannheim", "uni": "dhbw", "category": "sporteinrichtungen", "name": "Vita Balance", "adress": null, "sportart": null, "lon": 8.4700165, "lat": 49.4717451 }, "geometry": { "type": "Point", "coordinates": [ 8.4700165, 49.4717451 ] } },
{ "type": "Feature", "properties": { "id": "node/4406847541", "city": "mannheim", "uni": "dhbw", "category": "sporteinrichtungen", "name": "Fitness First", "adress": null, "sportart": null, "lon": 8.4717815, "lat": 49.4872618 }, "geometry": { "type": "Point", "coordinates": [ 8.4717815, 49.4872618 ] } },
{ "type": "Feature", "properties": { "id": "node/4547207757", "city": "mannheim", "uni": "dhbw", "category": "sporteinrichtungen", "name": "Lasertag One", "adress": "Fabrikstationstraße 22-26", "sportart": null, "lon": 8.4886765, "lat": 49.4669032 }, "geometry": { "type": "Point", "coordinates": [ 8.4886765, 49.4669032 ] } },
{ "type": "Feature", "properties": { "id": "node/4964537680", "city": "mannheim", "uni": "dhbw", "category": "sporteinrichtungen", "name": "Körperformen", "adress": null, "sportart": null, "lon": 8.4802031, "lat": 49.4799092 }, "geometry": { "type": "Point", "coordinates": [ 8.4802031, 49.4799092 ] } },
{ "type": "Feature", "properties": { "id": "node/5565813422", "city": "mannheim", "uni": "dhbw", "category": "sporteinrichtungen", "name": "Taekwon-Do Center Mannheim", "adress": null, "sportart": null, "lon": 8.4800995, "lat": 49.4826178 }, "geometry": { "type": "Point", "coordinates": [ 8.4800995, 49.4826178 ] } },
{ "type": "Feature", "properties": { "id": "node/5678981025", "city": "mannheim", "uni": "dhbw", "category": "sporteinrichtungen", "name": "Wing Chun Akademie", "adress": "Wattstraße 27", "sportart": null, "lon": 8.4970925, "lat": 49.4641223 }, "geometry": { "type": "Point", "coordinates": [ 8.4970925, 49.4641223 ] } },
{ "type": "Feature", "properties": { "id": "node/5693836615", "city": "mannheim", "uni": "dhbw", "category": "sporteinrichtungen", "name": "Boulderhaus", "adress": null, "sportart": null, "lon": 8.5350574, "lat": 49.5182161 }, "geometry": { "type": "Point", "coordinates": [ 8.5350574, 49.5182161 ] } },
{ "type": "Feature", "properties": { "id": "node/5867152701", "city": "mannheim", "uni": "dhbw", "category": "sporteinrichtungen", "name": "CrossFit Kur-Pals", "adress": null, "sportart": null, "lon": 8.5279441, "lat": 49.4743708 }, "geometry": { "type": "Point", "coordinates": [ 8.5279441, 49.4743708 ] } },
{ "type": "Feature", "properties": { "id": "node/7788513506", "city": "mannheim", "uni": "dhbw", "category": "sporteinrichtungen", "name": "Clever fit", "adress": null, "sportart": null, "lon": 8.5084709, "lat": 49.4461908 }, "geometry": { "type": "Point", "coordinates": [ 8.5084709, 49.4461908 ] } },
{ "type": "Feature", "properties": { "id": "node/7944973791", "city": "mannheim", "uni": "dhbw", "category": "sporteinrichtungen", "name": "Sporteinrichtung", "adress": null, "sportart": null, "lon": 8.4933867, "lat": 49.5078796 }, "geometry": { "type": "Point", "coordinates": [ 8.4933867, 49.5078796 ] } },
{ "type": "Feature", "properties": { "id": "node/8199041870", "city": "mannheim", "uni": "dhbw", "category": "sporteinrichtungen", "name": "Franklin Fitness", "adress": null, "sportart": null, "lon": 8.5224563, "lat": 49.5158022 }, "geometry": { "type": "Point", "coordinates": [ 8.5224563, 49.5158022 ] } },
{ "type": "Feature", "properties": { "id": "node/8610267505", "city": "mannheim", "uni": "dhbw", "category": "sporteinrichtungen", "name": "vital-activ Fitness", "adress": "Freiherr-von-Drais-Straße 50", "sportart": null, "lon": 8.5908099, "lat": 49.4716857 }, "geometry": { "type": "Point", "coordinates": [ 8.5908099, 49.4716857 ] } },
{ "type": "Feature", "properties": { "id": "node/8849814442", "city": "mannheim", "uni": "dhbw", "category": "sporteinrichtungen", "name": "Sporteinrichtung", "adress": null, "sportart": null, "lon": 8.5034842, "lat": 49.4874189 }, "geometry": { "type": "Point", "coordinates": [ 8.5034842, 49.4874189 ] } },
{ "type": "Feature", "properties": { "id": "node/9775370097", "city": "mannheim", "uni": "dhbw", "category": "sporteinrichtungen", "name": "Casana", "adress": "Meerfeldstraße 69", "sportart": null, "lon": 8.469919, "lat": 49.4720437 }, "geometry": { "type": "Point", "coordinates": [ 8.469919, 49.4720437 ] } },
{ "type": "Feature", "properties": { "id": "node/9972348162", "city": "mannheim", "uni": "dhbw", "category": "sporteinrichtungen", "name": "Venice Beach MA-Käfertal", "adress": "Auf dem Sand 79", "sportart": null, "lon": 8.5087726, "lat": 49.5154405 }, "geometry": { "type": "Point", "coordinates": [ 8.5087726, 49.5154405 ] } },
{ "type": "Feature", "properties": { "id": "node/10435617366", "city": "mannheim", "uni": "dhbw", "category": "sporteinrichtungen", "name": "Smart Climb", "adress": null, "sportart": null, "lon": 8.5027716, "lat": 49.497036 }, "geometry": { "type": "Point", "coordinates": [ 8.5027716, 49.497036 ] } },
{ "type": "Feature", "properties": { "id": "node/11801691135", "city": "mannheim", "uni": "dhbw", "category": "sporteinrichtungen", "name": "House of Pilates", "adress": null, "sportart": null, "lon": 8.5188215, "lat": 49.5031286 }, "geometry": { "type": "Point", "coordinates": [ 8.5188215, 49.5031286 ] } },
{ "type": "Feature", "properties": { "id": "node/13031534380", "city": "mannheim", "uni": "dhbw", "category": "sporteinrichtungen", "name": "FitX", "adress": null, "sportart": null, "lon": 8.4871165, "lat": 49.4655244 }, "geometry": { "type": "Point", "coordinates": [ 8.4871165, 49.4655244 ] } },
{ "type": "Feature", "properties": { "id": "node/13483980201", "city": "mannheim", "uni": "dhbw", "category": "sporteinrichtungen", "name": "maba! Padel Mannheim", "adress": "Wattstraße 23", "sportart": null, "lon": 8.4955792, "lat": 49.4647162 }, "geometry": { "type": "Point", "coordinates": [ 8.4955792, 49.4647162 ] } },
{ "type": "Feature", "properties": { "id": "node/13859591850", "city": "mannheim", "uni": "dhbw", "category": "sporteinrichtungen", "name": "K360 Sports", "adress": null, "sportart": null, "lon": 8.4879169, "lat": 49.4783798 }, "geometry": { "type": "Point", "coordinates": [ 8.4879169, 49.4783798 ] } },
{ "type": "Feature", "properties": { "id": "relation/8010088", "city": "mannheim", "uni": "dhbw", "category": "wohnheime", "name": "Wohnheim", "adress": null, "sportart": null, "lon": 8.4846154, "lat": 49.5247058 }, "geometry": { "type": "Point", "coordinates": [ 8.4846154, 49.5247058 ] } },
{ "type": "Feature", "properties": { "id": "way/110948488", "city": "mannheim", "uni": "dhbw", "category": "wohnheime", "name": "C", "adress": null, "sportart": null, "lon": 8.5128817, "lat": 49.4760989 }, "geometry": { "type": "Point", "coordinates": [ 8.5128817, 49.4760989 ] } },
{ "type": "Feature", "properties": { "id": "way/110948489", "city": "mannheim", "uni": "dhbw", "category": "wohnheime", "name": "B", "adress": null, "sportart": null, "lon": 8.5128634, "lat": 49.4756539 }, "geometry": { "type": "Point", "coordinates": [ 8.5128634, 49.4756539 ] } },
{ "type": "Feature", "properties": { "id": "way/119323314", "city": "mannheim", "uni": "dhbw", "category": "wohnheime", "name": "Studierendenwohnheim N6", "adress": "N6 8", "sportart": null, "lon": 8.4694879, "lat": 49.4844057 }, "geometry": { "type": "Point", "coordinates": [ 8.4694879, 49.4844057 ] } },
{ "type": "Feature", "properties": { "id": "way/142592444", "city": "mannheim", "uni": "dhbw", "category": "wohnheime", "name": "Wohnheim", "adress": null, "sportart": null, "lon": 8.4616466, "lat": 49.4900405 }, "geometry": { "type": "Point", "coordinates": [ 8.4616466, 49.4900405 ] } },
{ "type": "Feature", "properties": { "id": "way/142592445", "city": "mannheim", "uni": "dhbw", "category": "wohnheime", "name": "Wohnheim", "adress": null, "sportart": null, "lon": 8.4612952, "lat": 49.4898153 }, "geometry": { "type": "Point", "coordinates": [ 8.4612952, 49.4898153 ] } },
{ "type": "Feature", "properties": { "id": "way/148515473", "city": "mannheim", "uni": "dhbw", "category": "wohnheime", "name": "Studentenwohnhaus Augartenstraße", "adress": "Augartenstraße 112-114", "sportart": null, "lon": 8.4855653, "lat": 49.4744441 }, "geometry": { "type": "Point", "coordinates": [ 8.4855653, 49.4744441 ] } },
{ "type": "Feature", "properties": { "id": "way/150384643", "city": "mannheim", "uni": "dhbw", "category": "wohnheime", "name": "Studierendenwohnheim", "adress": "Hafenstraße 35", "sportart": null, "lon": 8.4572953, "lat": 49.4966955 }, "geometry": { "type": "Point", "coordinates": [ 8.4572953, 49.4966955 ] } },
{ "type": "Feature", "properties": { "id": "way/150384645", "city": "mannheim", "uni": "dhbw", "category": "wohnheime", "name": "Studierendenwohnheim", "adress": "Hafenstraße 37", "sportart": null, "lon": 8.457326, "lat": 49.4968668 }, "geometry": { "type": "Point", "coordinates": [ 8.457326, 49.4968668 ] } },
{ "type": "Feature", "properties": { "id": "way/150384649", "city": "mannheim", "uni": "dhbw", "category": "wohnheime", "name": "Studierendenwohnheim", "adress": "Hafenstraße 39", "sportart": null, "lon": 8.4573685, "lat": 49.4970806 }, "geometry": { "type": "Point", "coordinates": [ 8.4573685, 49.4970806 ] } },
{ "type": "Feature", "properties": { "id": "way/150384651", "city": "mannheim", "uni": "dhbw", "category": "wohnheime", "name": "Studierendenwohnheim", "adress": "Hafenstraße 41", "sportart": null, "lon": 8.4574, "lat": 49.4972497 }, "geometry": { "type": "Point", "coordinates": [ 8.4574, 49.4972497 ] } },
{ "type": "Feature", "properties": { "id": "way/150384652", "city": "mannheim", "uni": "dhbw", "category": "wohnheime", "name": "Studierendenwohnheim", "adress": "Hafenstraße 43", "sportart": null, "lon": 8.4574749, "lat": 49.4974587 }, "geometry": { "type": "Point", "coordinates": [ 8.4574749, 49.4974587 ] } },
{ "type": "Feature", "properties": { "id": "way/150384653", "city": "mannheim", "uni": "dhbw", "category": "wohnheime", "name": "Studierendenwohnheim", "adress": "Hafenstraße 45", "sportart": null, "lon": 8.4575073, "lat": 49.4976274 }, "geometry": { "type": "Point", "coordinates": [ 8.4575073, 49.4976274 ] } },
{ "type": "Feature", "properties": { "id": "way/150817460", "city": "mannheim", "uni": "dhbw", "category": "wohnheime", "name": "Wohnheim", "adress": "Neckarauer Straße 167", "sportart": null, "lon": 8.4876786, "lat": 49.4637407 }, "geometry": { "type": "Point", "coordinates": [ 8.4876786, 49.4637407 ] } },
{ "type": "Feature", "properties": { "id": "way/150817461", "city": "mannheim", "uni": "dhbw", "category": "wohnheime", "name": "Wohnheim", "adress": "Neckarauer Straße 169", "sportart": null, "lon": 8.4875642, "lat": 49.4638863 }, "geometry": { "type": "Point", "coordinates": [ 8.4875642, 49.4638863 ] } },
{ "type": "Feature", "properties": { "id": "way/150817462", "city": "mannheim", "uni": "dhbw", "category": "wohnheime", "name": "Wohnheim", "adress": "Neckarauer Straße 171", "sportart": null, "lon": 8.4874399, "lat": 49.4640399 }, "geometry": { "type": "Point", "coordinates": [ 8.4874399, 49.4640399 ] } },
{ "type": "Feature", "properties": { "id": "way/150817463", "city": "mannheim", "uni": "dhbw", "category": "wohnheime", "name": "Wohnheim", "adress": "Neckarauer Straße 173", "sportart": null, "lon": 8.4873352, "lat": 49.4641872 }, "geometry": { "type": "Point", "coordinates": [ 8.4873352, 49.4641872 ] } },
{ "type": "Feature", "properties": { "id": "way/151651652", "city": "mannheim", "uni": "dhbw", "category": "wohnheime", "name": "Wohnheim", "adress": null, "sportart": null, "lon": 8.4619753, "lat": 49.4900573 }, "geometry": { "type": "Point", "coordinates": [ 8.4619753, 49.4900573 ] } },
{ "type": "Feature", "properties": { "id": "way/152595728", "city": "mannheim", "uni": "dhbw", "category": "wohnheime", "name": "Wohnheim", "adress": "Hans-Sachs-Ring 1", "sportart": null, "lon": 8.4809443, "lat": 49.4565666 }, "geometry": { "type": "Point", "coordinates": [ 8.4809443, 49.4565666 ] } },
{ "type": "Feature", "properties": { "id": "way/152595729", "city": "mannheim", "uni": "dhbw", "category": "wohnheime", "name": "Wohnheim", "adress": "Hans-Sachs-Ring 3", "sportart": null, "lon": 8.4806969, "lat": 49.4564923 }, "geometry": { "type": "Point", "coordinates": [ 8.4806969, 49.4564923 ] } },
{ "type": "Feature", "properties": { "id": "way/152595730", "city": "mannheim", "uni": "dhbw", "category": "wohnheime", "name": "Wohnheim", "adress": "Hans-Sachs-Ring 5", "sportart": null, "lon": 8.4804574, "lat": 49.4564185 }, "geometry": { "type": "Point", "coordinates": [ 8.4804574, 49.4564185 ] } },
{ "type": "Feature", "properties": { "id": "way/152595731", "city": "mannheim", "uni": "dhbw", "category": "wohnheime", "name": "Wohnheim", "adress": "Steubenstraße 80", "sportart": null, "lon": 8.4810809, "lat": 49.4564671 }, "geometry": { "type": "Point", "coordinates": [ 8.4810809, 49.4564671 ] } },
{ "type": "Feature", "properties": { "id": "way/155275789", "city": "mannheim", "uni": "dhbw", "category": "wohnheime", "name": "Wohnheim", "adress": "Heidelberger Straße 32a", "sportart": null, "lon": 8.6642987, "lat": 49.4740905 }, "geometry": { "type": "Point", "coordinates": [ 8.6642987, 49.4740905 ] } },
{ "type": "Feature", "properties": { "id": "way/155275791", "city": "mannheim", "uni": "dhbw", "category": "wohnheime", "name": "Wohnheim", "adress": "Heidelberger Straße 32a", "sportart": null, "lon": 8.664453, "lat": 49.4742098 }, "geometry": { "type": "Point", "coordinates": [ 8.664453, 49.4742098 ] } },
{ "type": "Feature", "properties": { "id": "way/155275792", "city": "mannheim", "uni": "dhbw", "category": "wohnheime", "name": "Friedrich-Hauss-Studienzentrum", "adress": "Heidelberger Straße 32a", "sportart": null, "lon": 8.66445, "lat": 49.4741049 }, "geometry": { "type": "Point", "coordinates": [ 8.66445, 49.4741049 ] } },
{ "type": "Feature", "properties": { "id": "way/162151442", "city": "mannheim", "uni": "dhbw", "category": "wohnheime", "name": "Studentenwohnheim Eastsite", "adress": "Seckenheimer Landstraße 4a", "sportart": null, "lon": 8.5068655, "lat": 49.4769544 }, "geometry": { "type": "Point", "coordinates": [ 8.5068655, 49.4769544 ] } },
{ "type": "Feature", "properties": { "id": "way/162152460", "city": "mannheim", "uni": "dhbw", "category": "wohnheime", "name": "A", "adress": null, "sportart": null, "lon": 8.5121875, "lat": 49.4756151 }, "geometry": { "type": "Point", "coordinates": [ 8.5121875, 49.4756151 ] } },
{ "type": "Feature", "properties": { "id": "way/162614773", "city": "mannheim", "uni": "dhbw", "category": "wohnheime", "name": "Wohnheim", "adress": null, "sportart": null, "lon": 8.492639, "lat": 49.5326511 }, "geometry": { "type": "Point", "coordinates": [ 8.492639, 49.5326511 ] } },
{ "type": "Feature", "properties": { "id": "way/163630158", "city": "mannheim", "uni": "dhbw", "category": "wohnheime", "name": "4242", "adress": null, "sportart": null, "lon": 8.5643466, "lat": 49.4030691 }, "geometry": { "type": "Point", "coordinates": [ 8.5643466, 49.4030691 ] } },
{ "type": "Feature", "properties": { "id": "way/163630166", "city": "mannheim", "uni": "dhbw", "category": "wohnheime", "name": "Wohnheim", "adress": null, "sportart": null, "lon": 8.5644864, "lat": 49.4021209 }, "geometry": { "type": "Point", "coordinates": [ 8.5644864, 49.4021209 ] } },
{ "type": "Feature", "properties": { "id": "way/166051776", "city": "mannheim", "uni": "dhbw", "category": "wohnheime", "name": "Wohnheim", "adress": null, "sportart": null, "lon": 8.4565392, "lat": 49.4888461 }, "geometry": { "type": "Point", "coordinates": [ 8.4565392, 49.4888461 ] } },
{ "type": "Feature", "properties": { "id": "way/166051782", "city": "mannheim", "uni": "dhbw", "category": "wohnheime", "name": "Wohnheim", "adress": null, "sportart": null, "lon": 8.4566011, "lat": 49.4889723 }, "geometry": { "type": "Point", "coordinates": [ 8.4566011, 49.4889723 ] } },
{ "type": "Feature", "properties": { "id": "way/166336017", "city": "mannheim", "uni": "dhbw", "category": "wohnheime", "name": "CAMPUS68", "adress": "Käthe-Kollwitz-Straße 15", "sportart": null, "lon": 8.4728281, "lat": 49.5063202 }, "geometry": { "type": "Point", "coordinates": [ 8.4728281, 49.5063202 ] } },
{ "type": "Feature", "properties": { "id": "way/171677979", "city": "mannheim", "uni": "dhbw", "category": "wohnheime", "name": "Wohnheim", "adress": "Heinigstraße 13", "sportart": null, "lon": 8.44419, "lat": 49.4773286 }, "geometry": { "type": "Point", "coordinates": [ 8.44419, 49.4773286 ] } },
{ "type": "Feature", "properties": { "id": "way/192987585", "city": "mannheim", "uni": "dhbw", "category": "wohnheime", "name": "Studentenwohnhaus G7, 28", "adress": null, "sportart": null, "lon": 8.4600395, "lat": 49.4922217 }, "geometry": { "type": "Point", "coordinates": [ 8.4600395, 49.4922217 ] } },
{ "type": "Feature", "properties": { "id": "way/196468492", "city": "mannheim", "uni": "dhbw", "category": "wohnheime", "name": "Wohnheim", "adress": "Heidelberger Straße 32a", "sportart": null, "lon": 8.6641338, "lat": 49.4741535 }, "geometry": { "type": "Point", "coordinates": [ 8.6641338, 49.4741535 ] } },
{ "type": "Feature", "properties": { "id": "way/197559085", "city": "mannheim", "uni": "dhbw", "category": "wohnheime", "name": "Alfred-Delp-Haus", "adress": null, "sportart": null, "lon": 8.4608487, "lat": 49.4893579 }, "geometry": { "type": "Point", "coordinates": [ 8.4608487, 49.4893579 ] } },
{ "type": "Feature", "properties": { "id": "way/197559107", "city": "mannheim", "uni": "dhbw", "category": "wohnheime", "name": "Katholische Hochschulgemeinde", "adress": null, "sportart": null, "lon": 8.4607416, "lat": 49.4891695 }, "geometry": { "type": "Point", "coordinates": [ 8.4607416, 49.4891695 ] } },
{ "type": "Feature", "properties": { "id": "way/217619054", "city": "mannheim", "uni": "dhbw", "category": "wohnheime", "name": "TDB Bildungsverein e.V. Wohnheim", "adress": "Schulstraße 105", "sportart": null, "lon": 8.4917788, "lat": 49.4606667 }, "geometry": { "type": "Point", "coordinates": [ 8.4917788, 49.4606667 ] } },
{ "type": "Feature", "properties": { "id": "way/218557265", "city": "mannheim", "uni": "dhbw", "category": "wohnheime", "name": "Wohnheim", "adress": "Speyerer Straße 39", "sportart": null, "lon": 8.4795721, "lat": 49.4661524 }, "geometry": { "type": "Point", "coordinates": [ 8.4795721, 49.4661524 ] } },
{ "type": "Feature", "properties": { "id": "way/218557267", "city": "mannheim", "uni": "dhbw", "category": "wohnheime", "name": "Wohnheim", "adress": "Speyerer Straße 41", "sportart": null, "lon": 8.4793734, "lat": 49.4660615 }, "geometry": { "type": "Point", "coordinates": [ 8.4793734, 49.4660615 ] } },
{ "type": "Feature", "properties": { "id": "way/218557274", "city": "mannheim", "uni": "dhbw", "category": "wohnheime", "name": "Wohnheim", "adress": "Speyerer Straße 55", "sportart": null, "lon": 8.4777078, "lat": 49.4653988 }, "geometry": { "type": "Point", "coordinates": [ 8.4777078, 49.4653988 ] } },
{ "type": "Feature", "properties": { "id": "way/218557275", "city": "mannheim", "uni": "dhbw", "category": "wohnheime", "name": "Wohnheim", "adress": "Speyerer Straße 57", "sportart": null, "lon": 8.4774923, "lat": 49.4653268 }, "geometry": { "type": "Point", "coordinates": [ 8.4774923, 49.4653268 ] } },
{ "type": "Feature", "properties": { "id": "way/223921899", "city": "mannheim", "uni": "dhbw", "category": "wohnheime", "name": "Studentenwohnheim", "adress": "Pettenkoferstraße 19", "sportart": null, "lon": 8.4713024, "lat": 49.5041487 }, "geometry": { "type": "Point", "coordinates": [ 8.4713024, 49.5041487 ] } },
{ "type": "Feature", "properties": { "id": "way/225720685", "city": "mannheim", "uni": "dhbw", "category": "wohnheime", "name": "Wohnheim", "adress": "Heidelberger Straße 32c", "sportart": null, "lon": 8.6643064, "lat": 49.4742317 }, "geometry": { "type": "Point", "coordinates": [ 8.6643064, 49.4742317 ] } },
{ "type": "Feature", "properties": { "id": "way/226746496", "city": "mannheim", "uni": "dhbw", "category": "wohnheime", "name": "Wohnheim", "adress": null, "sportart": null, "lon": 8.5090235, "lat": 49.5304083 }, "geometry": { "type": "Point", "coordinates": [ 8.5090235, 49.5304083 ] } },
{ "type": "Feature", "properties": { "id": "way/226746544", "city": "mannheim", "uni": "dhbw", "category": "wohnheime", "name": "Wohnheim", "adress": null, "sportart": null, "lon": 8.5077149, "lat": 49.5300721 }, "geometry": { "type": "Point", "coordinates": [ 8.5077149, 49.5300721 ] } },
{ "type": "Feature", "properties": { "id": "way/226746590", "city": "mannheim", "uni": "dhbw", "category": "wohnheime", "name": "Wohnheim", "adress": "Rottannenweg 70", "sportart": null, "lon": 8.5078805, "lat": 49.5303129 }, "geometry": { "type": "Point", "coordinates": [ 8.5078805, 49.5303129 ] } },
{ "type": "Feature", "properties": { "id": "way/226746591", "city": "mannheim", "uni": "dhbw", "category": "wohnheime", "name": "Wohnheim", "adress": null, "sportart": null, "lon": 8.5078286, "lat": 49.5303417 }, "geometry": { "type": "Point", "coordinates": [ 8.5078286, 49.5303417 ] } },
{ "type": "Feature", "properties": { "id": "way/270847418", "city": "mannheim", "uni": "dhbw", "category": "wohnheime", "name": "Wohnheim", "adress": "Wetzlarer Winkel 10", "sportart": null, "lon": 8.4921816, "lat": 49.5231262 }, "geometry": { "type": "Point", "coordinates": [ 8.4921816, 49.5231262 ] } },
{ "type": "Feature", "properties": { "id": "way/290258034", "city": "mannheim", "uni": "dhbw", "category": "wohnheime", "name": "Wohnheim", "adress": "Planetenweg 19", "sportart": null, "lon": 8.508373, "lat": 49.524172 }, "geometry": { "type": "Point", "coordinates": [ 8.508373, 49.524172 ] } },
{ "type": "Feature", "properties": { "id": "way/300642718", "city": "mannheim", "uni": "dhbw", "category": "wohnheime", "name": "Wohnheim", "adress": null, "sportart": null, "lon": 8.5079019, "lat": 49.5254898 }, "geometry": { "type": "Point", "coordinates": [ 8.5079019, 49.5254898 ] } },
{ "type": "Feature", "properties": { "id": "way/304769189", "city": "mannheim", "uni": "dhbw", "category": "wohnheime", "name": "Wohnheim", "adress": null, "sportart": null, "lon": 8.5986359, "lat": 49.4947516 }, "geometry": { "type": "Point", "coordinates": [ 8.5986359, 49.4947516 ] } },
{ "type": "Feature", "properties": { "id": "way/317827300", "city": "mannheim", "uni": "dhbw", "category": "wohnheime", "name": "Wohnheim", "adress": null, "sportart": null, "lon": 8.4567881, "lat": 49.48883 }, "geometry": { "type": "Point", "coordinates": [ 8.4567881, 49.48883 ] } },
{ "type": "Feature", "properties": { "id": "way/322078678", "city": "mannheim", "uni": "dhbw", "category": "wohnheime", "name": "Wohnheim", "adress": null, "sportart": null, "lon": 8.4599366, "lat": 49.4925343 }, "geometry": { "type": "Point", "coordinates": [ 8.4599366, 49.4925343 ] } },
{ "type": "Feature", "properties": { "id": "way/322435762", "city": "mannheim", "uni": "dhbw", "category": "wohnheime", "name": "Christliches Studentenwohnheim Haus Friede", "adress": null, "sportart": null, "lon": 8.4676964, "lat": 49.4934119 }, "geometry": { "type": "Point", "coordinates": [ 8.4676964, 49.4934119 ] } },
{ "type": "Feature", "properties": { "id": "way/332372124", "city": "mannheim", "uni": "dhbw", "category": "wohnheime", "name": "Wohnheim", "adress": "Speyerer Straße 43", "sportart": null, "lon": 8.4790898, "lat": 49.4658872 }, "geometry": { "type": "Point", "coordinates": [ 8.4790898, 49.4658872 ] } },
{ "type": "Feature", "properties": { "id": "way/332372126", "city": "mannheim", "uni": "dhbw", "category": "wohnheime", "name": "Wohnheim", "adress": "Speyerer Straße 45", "sportart": null, "lon": 8.4788863, "lat": 49.4658068 }, "geometry": { "type": "Point", "coordinates": [ 8.4788863, 49.4658068 ] } },
{ "type": "Feature", "properties": { "id": "way/332372128", "city": "mannheim", "uni": "dhbw", "category": "wohnheime", "name": "Wohnheim", "adress": "Speyerer Straße 47", "sportart": null, "lon": 8.4786828, "lat": 49.4657264 }, "geometry": { "type": "Point", "coordinates": [ 8.4786828, 49.4657264 ] } },
{ "type": "Feature", "properties": { "id": "way/332372130", "city": "mannheim", "uni": "dhbw", "category": "wohnheime", "name": "Wohnheim", "adress": "Speyerer Straße 49", "sportart": null, "lon": 8.4784794, "lat": 49.4656459 }, "geometry": { "type": "Point", "coordinates": [ 8.4784794, 49.4656459 ] } },
{ "type": "Feature", "properties": { "id": "way/332372132", "city": "mannheim", "uni": "dhbw", "category": "wohnheime", "name": "Wohnheim", "adress": "Speyerer Straße 51", "sportart": null, "lon": 8.4782759, "lat": 49.4655655 }, "geometry": { "type": "Point", "coordinates": [ 8.4782759, 49.4655655 ] } },
{ "type": "Feature", "properties": { "id": "way/332372134", "city": "mannheim", "uni": "dhbw", "category": "wohnheime", "name": "Wohnheim", "adress": "Speyerer Straße 53", "sportart": null, "lon": 8.4780724, "lat": 49.4654851 }, "geometry": { "type": "Point", "coordinates": [ 8.4780724, 49.4654851 ] } },
{ "type": "Feature", "properties": { "id": "way/512317063", "city": "mannheim", "uni": "dhbw", "category": "wohnheime", "name": "Studentenwohnheim", "adress": "Oskar-Meixner-Straße 8", "sportart": null, "lon": 8.4860487, "lat": 49.4694647 }, "geometry": { "type": "Point", "coordinates": [ 8.4860487, 49.4694647 ] } },
{ "type": "Feature", "properties": { "id": "way/871673939", "city": "mannheim", "uni": "dhbw", "category": "wohnheime", "name": "Wohnheim", "adress": null, "sportart": null, "lon": 8.4613562, "lat": 49.4899039 }, "geometry": { "type": "Point", "coordinates": [ 8.4613562, 49.4899039 ] } },
{ "type": "Feature", "properties": { "id": "way/943852731", "city": "mannheim", "uni": "dhbw", "category": "wohnheime", "name": "Wohnheim", "adress": null, "sportart": null, "lon": 8.5096935, "lat": 49.4759399 }, "geometry": { "type": "Point", "coordinates": [ 8.5096935, 49.4759399 ] } },
{ "type": "Feature", "properties": { "id": "way/943852732", "city": "mannheim", "uni": "dhbw", "category": "wohnheime", "name": "Wohnheim", "adress": null, "sportart": null, "lon": 8.5094553, "lat": 49.4757463 }, "geometry": { "type": "Point", "coordinates": [ 8.5094553, 49.4757463 ] } },
{ "type": "Feature", "properties": { "id": "way/943852733", "city": "mannheim", "uni": "dhbw", "category": "wohnheime", "name": "Wohnheim", "adress": null, "sportart": null, "lon": 8.5093329, "lat": 49.4761991 }, "geometry": { "type": "Point", "coordinates": [ 8.5093329, 49.4761991 ] } },
{ "type": "Feature", "properties": { "id": "way/943852734", "city": "mannheim", "uni": "dhbw", "category": "wohnheime", "name": "Wohnheim", "adress": null, "sportart": null, "lon": 8.509031, "lat": 49.4760692 }, "geometry": { "type": "Point", "coordinates": [ 8.509031, 49.4760692 ] } },
{ "type": "Feature", "properties": { "id": "way/943852735", "city": "mannheim", "uni": "dhbw", "category": "wohnheime", "name": "Wohnheim", "adress": null, "sportart": null, "lon": 8.5086345, "lat": 49.4761156 }, "geometry": { "type": "Point", "coordinates": [ 8.5086345, 49.4761156 ] } },
{ "type": "Feature", "properties": { "id": "way/943852736", "city": "mannheim", "uni": "dhbw", "category": "wohnheime", "name": "Wohnheim", "adress": null, "sportart": null, "lon": 8.5084393, "lat": 49.4763429 }, "geometry": { "type": "Point", "coordinates": [ 8.5084393, 49.4763429 ] } },
{ "type": "Feature", "properties": { "id": "way/943852737", "city": "mannheim", "uni": "dhbw", "category": "wohnheime", "name": "Wohnheim", "adress": null, "sportart": null, "lon": 8.5080744, "lat": 49.4759359 }, "geometry": { "type": "Point", "coordinates": [ 8.5080744, 49.4759359 ] } },
{ "type": "Feature", "properties": { "id": "way/943852738", "city": "mannheim", "uni": "dhbw", "category": "wohnheime", "name": "Wohnheim", "adress": null, "sportart": null, "lon": 8.5079031, "lat": 49.4761587 }, "geometry": { "type": "Point", "coordinates": [ 8.5079031, 49.4761587 ] } },
{ "type": "Feature", "properties": { "id": "way/1011261436", "city": "mannheim", "uni": "dhbw", "category": "wohnheime", "name": "Roman-Nitsch-Haus", "adress": null, "sportart": null, "lon": 8.4839517, "lat": 49.5240734 }, "geometry": { "type": "Point", "coordinates": [ 8.4839517, 49.5240734 ] } },
{ "type": "Feature", "properties": { "id": "way/1223583462", "city": "mannheim", "uni": "dhbw", "category": "wohnheime", "name": "Wohnheim", "adress": null, "sportart": null, "lon": 8.4618239, "lat": 49.4896302 }, "geometry": { "type": "Point", "coordinates": [ 8.4618239, 49.4896302 ] } },
{ "type": "Feature", "properties": { "id": "way/1274046141", "city": "mannheim", "uni": "dhbw", "category": "wohnheime", "name": "Wohnheim", "adress": null, "sportart": null, "lon": 8.5383658, "lat": 49.4108441 }, "geometry": { "type": "Point", "coordinates": [ 8.5383658, 49.4108441 ] } },
{ "type": "Feature", "properties": { "id": "way/1443816546", "city": "mannheim", "uni": "dhbw", "category": "wohnheime", "name": "Wohnheim", "adress": null, "sportart": null, "lon": 8.4589776, "lat": 49.4880807 }, "geometry": { "type": "Point", "coordinates": [ 8.4589776, 49.4880807 ] } },
{ "type": "Feature", "properties": { "id": "way/1462146751", "city": "mannheim", "uni": "dhbw", "category": "wohnheime", "name": "Wohnheim", "adress": null, "sportart": null, "lon": 8.4572239, "lat": 49.4886944 }, "geometry": { "type": "Point", "coordinates": [ 8.4572239, 49.4886944 ] } },
{ "type": "Feature", "properties": { "id": "way/1462146752", "city": "mannheim", "uni": "dhbw", "category": "wohnheime", "name": "Wohnheim", "adress": null, "sportart": null, "lon": 8.4569145, "lat": 49.4886449 }, "geometry": { "type": "Point", "coordinates": [ 8.4569145, 49.4886449 ] } },
{ "type": "Feature", "properties": { "id": "node/21412509", "city": "mannheim", "uni": "hochschule", "category": "bahnhoefe", "name": "Ladenburg", "adress": null, "sportart": null, "lon": 8.6030889, "lat": 49.4745688 }, "geometry": { "type": "Point", "coordinates": [ 8.6030889, 49.4745688 ] } },
{ "type": "Feature", "properties": { "id": "node/25439439", "city": "mannheim", "uni": "hochschule", "category": "bahnhoefe", "name": "Mannheim Hauptbahnhof", "adress": null, "sportart": null, "lon": 8.4694107, "lat": 49.4792363 }, "geometry": { "type": "Point", "coordinates": [ 8.4694107, 49.4792363 ] } },
{ "type": "Feature", "properties": { "id": "node/60459785", "city": "mannheim", "uni": "hochschule", "category": "bahnhoefe", "name": "Mannheim-Waldhof", "adress": null, "sportart": null, "lon": 8.4825676, "lat": 49.5261774 }, "geometry": { "type": "Point", "coordinates": [ 8.4825676, 49.5261774 ] } },
{ "type": "Feature", "properties": { "id": "node/259132917", "city": "mannheim", "uni": "hochschule", "category": "bahnhoefe", "name": "Ludwigshafen-Mundenheim", "adress": null, "sportart": null, "lon": 8.4208339, "lat": 49.4612724 }, "geometry": { "type": "Point", "coordinates": [ 8.4208339, 49.4612724 ] } },
{ "type": "Feature", "properties": { "id": "node/2950551727", "city": "mannheim", "uni": "hochschule", "category": "bahnhoefe", "name": "Mannheim-Neckarau", "adress": null, "sportart": null, "lon": 8.4946502, "lat": 49.4557572 }, "geometry": { "type": "Point", "coordinates": [ 8.4946502, 49.4557572 ] } },
{ "type": "Feature", "properties": { "id": "node/3154068055", "city": "mannheim", "uni": "hochschule", "category": "bahnhoefe", "name": "Schwetzingen-Hirschacker", "adress": null, "sportart": null, "lon": 8.5568833, "lat": 49.4063513 }, "geometry": { "type": "Point", "coordinates": [ 8.5568833, 49.4063513 ] } },
{ "type": "Feature", "properties": { "id": "node/3265807466", "city": "mannheim", "uni": "hochschule", "category": "bahnhoefe", "name": "Ludwigshafen-Rheingönheim", "adress": null, "sportart": null, "lon": 8.4092521, "lat": 49.4471747 }, "geometry": { "type": "Point", "coordinates": [ 8.4092521, 49.4471747 ] } },
{ "type": "Feature", "properties": { "id": "node/3419993110", "city": "mannheim", "uni": "hochschule", "category": "bahnhoefe", "name": "Mannheim-Käfertal", "adress": null, "sportart": null, "lon": 8.5038114, "lat": 49.5014671 }, "geometry": { "type": "Point", "coordinates": [ 8.5038114, 49.5014671 ] } },
{ "type": "Feature", "properties": { "id": "node/3657001833", "city": "mannheim", "uni": "hochschule", "category": "bahnhoefe", "name": "Mannheim Handelshafen/Jungbusch", "adress": null, "sportart": null, "lon": 8.4539425, "lat": 49.4927322 }, "geometry": { "type": "Point", "coordinates": [ 8.4539425, 49.4927322 ] } },
{ "type": "Feature", "properties": { "id": "node/3822913060", "city": "mannheim", "uni": "hochschule", "category": "bahnhoefe", "name": "Mannheim-Neckarstadt", "adress": null, "sportart": null, "lon": 8.4606257, "lat": 49.5046094 }, "geometry": { "type": "Point", "coordinates": [ 8.4606257, 49.5046094 ] } },
{ "type": "Feature", "properties": { "id": "node/3823497763", "city": "mannheim", "uni": "hochschule", "category": "bahnhoefe", "name": "Mannheim-Luzenberg", "adress": null, "sportart": null, "lon": 8.4783424, "lat": 49.5176596 }, "geometry": { "type": "Point", "coordinates": [ 8.4783424, 49.5176596 ] } },
{ "type": "Feature", "properties": { "id": "node/4831509038", "city": "mannheim", "uni": "hochschule", "category": "bahnhoefe", "name": "Limburgerhof", "adress": null, "sportart": null, "lon": 8.390697, "lat": 49.4241965 }, "geometry": { "type": "Point", "coordinates": [ 8.390697, 49.4241965 ] } },
{ "type": "Feature", "properties": { "id": "node/5108659830", "city": "mannheim", "uni": "hochschule", "category": "bahnhoefe", "name": "Ludwigshafen (Rhein) Mitte", "adress": null, "sportart": null, "lon": 8.4528731, "lat": 49.4792999 }, "geometry": { "type": "Point", "coordinates": [ 8.4528731, 49.4792999 ] } },
{ "type": "Feature", "properties": { "id": "way/28300387", "city": "mannheim", "uni": "hochschule", "category": "sporteinrichtungen", "name": "Sportpark Pfeifferswörth", "adress": null, "sportart": null, "lon": 8.5059573, "lat": 49.4877656 }, "geometry": { "type": "Point", "coordinates": [ 8.5059573, 49.4877656 ] } },
{ "type": "Feature", "properties": { "id": "way/28441422", "city": "mannheim", "uni": "hochschule", "category": "sporteinrichtungen", "name": "Sportpark Neckarplatt", "adress": null, "sportart": null, "lon": 8.51598, "lat": 49.4853584 }, "geometry": { "type": "Point", "coordinates": [ 8.51598, 49.4853584 ] } },
{ "type": "Feature", "properties": { "id": "way/28442113", "city": "mannheim", "uni": "hochschule", "category": "sporteinrichtungen", "name": "Schützengesellschaft 1744 Mannheim", "adress": null, "sportart": null, "lon": 8.5111199, "lat": 49.4904648 }, "geometry": { "type": "Point", "coordinates": [ 8.5111199, 49.4904648 ] } },
{ "type": "Feature", "properties": { "id": "way/35148670", "city": "mannheim", "uni": "hochschule", "category": "sporteinrichtungen", "name": "Rhein-Neckar-Sporthalle", "adress": "Theodor-Heuss-Anlage 17", "sportart": null, "lon": 8.4999382, "lat": 49.4785092 }, "geometry": { "type": "Point", "coordinates": [ 8.4999382, 49.4785092 ] } },
{ "type": "Feature", "properties": { "id": "way/35148682", "city": "mannheim", "uni": "hochschule", "category": "sporteinrichtungen", "name": "Sporteinrichtung", "adress": null, "sportart": null, "lon": 8.5036147, "lat": 49.4786042 }, "geometry": { "type": "Point", "coordinates": [ 8.5036147, 49.4786042 ] } },
{ "type": "Feature", "properties": { "id": "way/35200336", "city": "mannheim", "uni": "hochschule", "category": "sporteinrichtungen", "name": "Sporteinrichtung", "adress": null, "sportart": null, "lon": 8.5020714, "lat": 49.4783941 }, "geometry": { "type": "Point", "coordinates": [ 8.5020714, 49.4783941 ] } },
{ "type": "Feature", "properties": { "id": "way/38444448", "city": "mannheim", "uni": "hochschule", "category": "sporteinrichtungen", "name": "Maimarktgelände Turnierplatz", "adress": null, "sportart": null, "lon": 8.5272461, "lat": 49.4667089 }, "geometry": { "type": "Point", "coordinates": [ 8.5272461, 49.4667089 ] } },
{ "type": "Feature", "properties": { "id": "way/41837036", "city": "mannheim", "uni": "hochschule", "category": "sporteinrichtungen", "name": "VeniceBeach Mannheim Neckarau", "adress": "Pfingstweidstraße 18", "sportart": null, "lon": 8.5005283, "lat": 49.4605517 }, "geometry": { "type": "Point", "coordinates": [ 8.5005283, 49.4605517 ] } },
{ "type": "Feature", "properties": { "id": "way/42383519", "city": "mannheim", "uni": "hochschule", "category": "sporteinrichtungen", "name": "GBG Halle am Herzogenried", "adress": "August-Kuhn-Straße 35", "sportart": null, "lon": 8.4808766, "lat": 49.5016307 }, "geometry": { "type": "Point", "coordinates": [ 8.4808766, 49.5016307 ] } },
{ "type": "Feature", "properties": { "id": "way/42469210", "city": "mannheim", "uni": "hochschule", "category": "sporteinrichtungen", "name": "Gartenhallenbad Neckarau", "adress": "Marguerrestraße 11", "sportart": null, "lon": 8.4895095, "lat": 49.4474046 }, "geometry": { "type": "Point", "coordinates": [ 8.4895095, 49.4474046 ] } },
{ "type": "Feature", "properties": { "id": "way/48426343", "city": "mannheim", "uni": "hochschule", "category": "sporteinrichtungen", "name": "Leichtathletikhalle", "adress": "Erich-Reimann-Straße 90", "sportart": null, "lon": 8.4398545, "lat": 49.466885 }, "geometry": { "type": "Point", "coordinates": [ 8.4398545, 49.466885 ] } },
{ "type": "Feature", "properties": { "id": "way/49214620", "city": "mannheim", "uni": "hochschule", "category": "sporteinrichtungen", "name": "Ludwigshafener Ruderverein - Hugo-Rothstein-Gelände", "adress": null, "sportart": null, "lon": 8.4620413, "lat": 49.4384327 }, "geometry": { "type": "Point", "coordinates": [ 8.4620413, 49.4384327 ] } },
{ "type": "Feature", "properties": { "id": "way/49214621", "city": "mannheim", "uni": "hochschule", "category": "sporteinrichtungen", "name": "Wasserskiclub Kurpfalz", "adress": null, "sportart": null, "lon": 8.4630388, "lat": 49.4384912 }, "geometry": { "type": "Point", "coordinates": [ 8.4630388, 49.4384912 ] } },
{ "type": "Feature", "properties": { "id": "way/51854390", "city": "mannheim", "uni": "hochschule", "category": "sporteinrichtungen", "name": "Paddler-Gilde Ludwigshafen", "adress": null, "sportart": null, "lon": 8.4632686, "lat": 49.4415252 }, "geometry": { "type": "Point", "coordinates": [ 8.4632686, 49.4415252 ] } },
{ "type": "Feature", "properties": { "id": "way/51854391", "city": "mannheim", "uni": "hochschule", "category": "sporteinrichtungen", "name": "Eisenbahnersportverein von 1927, Abteilung Kanu", "adress": null, "sportart": null, "lon": 8.464448, "lat": 49.44143 }, "geometry": { "type": "Point", "coordinates": [ 8.464448, 49.44143 ] } },
{ "type": "Feature", "properties": { "id": "way/52562773", "city": "mannheim", "uni": "hochschule", "category": "sporteinrichtungen", "name": "Friedrich-Ebert-Halle", "adress": "Erzbergerstraße 89", "sportart": null, "lon": 8.4129977, "lat": 49.4913611 }, "geometry": { "type": "Point", "coordinates": [ 8.4129977, 49.4913611 ] } },
{ "type": "Feature", "properties": { "id": "way/61691778", "city": "mannheim", "uni": "hochschule", "category": "sporteinrichtungen", "name": "FitBase Mannheim Käfertal", "adress": "Heppenheimer Straße 27-29", "sportart": null, "lon": 8.5208919, "lat": 49.5088707 }, "geometry": { "type": "Point", "coordinates": [ 8.5208919, 49.5088707 ] } },
{ "type": "Feature", "properties": { "id": "way/88307389", "city": "mannheim", "uni": "hochschule", "category": "sporteinrichtungen", "name": "TSV Badenia Feudenheim 1889", "adress": null, "sportart": null, "lon": 8.5166968, "lat": 49.4850468 }, "geometry": { "type": "Point", "coordinates": [ 8.5166968, 49.4850468 ] } },
{ "type": "Feature", "properties": { "id": "way/96752375", "city": "mannheim", "uni": "hochschule", "category": "sporteinrichtungen", "name": "McFit", "adress": "Neckarauer Straße 90", "sportart": null, "lon": 8.4900069, "lat": 49.4623032 }, "geometry": { "type": "Point", "coordinates": [ 8.4900069, 49.4623032 ] } },
{ "type": "Feature", "properties": { "id": "way/101984648", "city": "mannheim", "uni": "hochschule", "category": "sporteinrichtungen", "name": "TFC - 1861 e.V. Ludwigshafen", "adress": "Parkstraße 43", "sportart": null, "lon": 8.4598745, "lat": 49.469031 }, "geometry": { "type": "Point", "coordinates": [ 8.4598745, 49.469031 ] } },
{ "type": "Feature", "properties": { "id": "way/103639720", "city": "mannheim", "uni": "hochschule", "category": "sporteinrichtungen", "name": "Städt. Sportanlage Speckweg", "adress": null, "sportart": null, "lon": 8.4981542, "lat": 49.5213972 }, "geometry": { "type": "Point", "coordinates": [ 8.4981542, 49.5213972 ] } },
{ "type": "Feature", "properties": { "id": "way/122352744", "city": "mannheim", "uni": "hochschule", "category": "sporteinrichtungen", "name": "SC 1910 Mannheim Käfertal", "adress": null, "sportart": null, "lon": 8.5055387, "lat": 49.5158244 }, "geometry": { "type": "Point", "coordinates": [ 8.5055387, 49.5158244 ] } },
{ "type": "Feature", "properties": { "id": "way/133355532", "city": "mannheim", "uni": "hochschule", "category": "sporteinrichtungen", "name": "Günter-Braun-Sporthalle", "adress": "Eschenbachstraße 85", "sportart": null, "lon": 8.4128914, "lat": 49.5023384 }, "geometry": { "type": "Point", "coordinates": [ 8.4128914, 49.5023384 ] } },
{ "type": "Feature", "properties": { "id": "way/135267388", "city": "mannheim", "uni": "hochschule", "category": "sporteinrichtungen", "name": "Tennisclub Gelb-Weiß Ludwigshafen e.V.", "adress": null, "sportart": null, "lon": 8.4178049, "lat": 49.4774831 }, "geometry": { "type": "Point", "coordinates": [ 8.4178049, 49.4774831 ] } },
{ "type": "Feature", "properties": { "id": "way/143374851", "city": "mannheim", "uni": "hochschule", "category": "sporteinrichtungen", "name": "Sporteinrichtung", "adress": null, "sportart": null, "lon": 8.4653991, "lat": 49.4935867 }, "geometry": { "type": "Point", "coordinates": [ 8.4653991, 49.4935867 ] } },
{ "type": "Feature", "properties": { "id": "way/149758120", "city": "mannheim", "uni": "hochschule", "category": "sporteinrichtungen", "name": "Sporteinrichtung", "adress": null, "sportart": null, "lon": 8.4791564, "lat": 49.4856642 }, "geometry": { "type": "Point", "coordinates": [ 8.4791564, 49.4856642 ] } },
{ "type": "Feature", "properties": { "id": "way/150893557", "city": "mannheim", "uni": "hochschule", "category": "sporteinrichtungen", "name": "Sporthalle", "adress": null, "sportart": null, "lon": 8.470722, "lat": 49.4614464 }, "geometry": { "type": "Point", "coordinates": [ 8.470722, 49.4614464 ] } },
{ "type": "Feature", "properties": { "id": "way/151894729", "city": "mannheim", "uni": "hochschule", "category": "sporteinrichtungen", "name": "TV 1880 Käfertal e. V.", "adress": null, "sportart": null, "lon": 8.5153404, "lat": 49.5038825 }, "geometry": { "type": "Point", "coordinates": [ 8.5153404, 49.5038825 ] } },
{ "type": "Feature", "properties": { "id": "way/151895138", "city": "mannheim", "uni": "hochschule", "category": "sporteinrichtungen", "name": "Sportanlage Käfertal-Süd", "adress": null, "sportart": null, "lon": 8.5141039, "lat": 49.5039516 }, "geometry": { "type": "Point", "coordinates": [ 8.5141039, 49.5039516 ] } },
{ "type": "Feature", "properties": { "id": "way/154663740", "city": "mannheim", "uni": "hochschule", "category": "sporteinrichtungen", "name": "Sporthalle Schwetzingerstadt", "adress": "Keplerstraße 21-25", "sportart": null, "lon": 8.4743822, "lat": 49.4797671 }, "geometry": { "type": "Point", "coordinates": [ 8.4743822, 49.4797671 ] } },
{ "type": "Feature", "properties": { "id": "way/154982889", "city": "mannheim", "uni": "hochschule", "category": "sporteinrichtungen", "name": "Studio Bloc GmbH Mannheim", "adress": "Christian-Friedrich-Schwan-Straße 14", "sportart": null, "lon": 8.503239, "lat": 49.4963858 }, "geometry": { "type": "Point", "coordinates": [ 8.503239, 49.4963858 ] } },
{ "type": "Feature", "properties": { "id": "way/160071355", "city": "mannheim", "uni": "hochschule", "category": "sporteinrichtungen", "name": "Fitness Champ Mannheim", "adress": "Weinheimer Straße 56", "sportart": null, "lon": 8.5205522, "lat": 49.5070669 }, "geometry": { "type": "Point", "coordinates": [ 8.5205522, 49.5070669 ] } },
{ "type": "Feature", "properties": { "id": "way/160092536", "city": "mannheim", "uni": "hochschule", "category": "sporteinrichtungen", "name": "Sporthalle IGMH", "adress": "Herzogenriedstraße 50", "sportart": null, "lon": 8.4782094, "lat": 49.5062894 }, "geometry": { "type": "Point", "coordinates": [ 8.4782094, 49.5062894 ] } },
{ "type": "Feature", "properties": { "id": "way/161631374", "city": "mannheim", "uni": "hochschule", "category": "sporteinrichtungen", "name": "Sporthalle der Universität", "adress": "Theodor-Heuss-Anlage 15", "sportart": null, "lon": 8.4992394, "lat": 49.4785265 }, "geometry": { "type": "Point", "coordinates": [ 8.4992394, 49.4785265 ] } },
{ "type": "Feature", "properties": { "id": "way/161939441", "city": "mannheim", "uni": "hochschule", "category": "sporteinrichtungen", "name": "ESC Blau-Weiß Mannheim 1928", "adress": null, "sportart": null, "lon": 8.5147226, "lat": 49.4879375 }, "geometry": { "type": "Point", "coordinates": [ 8.5147226, 49.4879375 ] } },
{ "type": "Feature", "properties": { "id": "way/161939463", "city": "mannheim", "uni": "hochschule", "category": "sporteinrichtungen", "name": "Verein für Deutsche Schäferhunde SV OG Feudenheim", "adress": null, "sportart": null, "lon": 8.5148603, "lat": 49.486605 }, "geometry": { "type": "Point", "coordinates": [ 8.5148603, 49.486605 ] } },
{ "type": "Feature", "properties": { "id": "way/162053856", "city": "mannheim", "uni": "hochschule", "category": "sporteinrichtungen", "name": "PSV Schützenabteilung Pistolenstand", "adress": null, "sportart": null, "lon": 8.5063971, "lat": 49.4872651 }, "geometry": { "type": "Point", "coordinates": [ 8.5063971, 49.4872651 ] } },
{ "type": "Feature", "properties": { "id": "way/162359068", "city": "mannheim", "uni": "hochschule", "category": "sporteinrichtungen", "name": "Boulder Island", "adress": "Industriestraße 39", "sportart": null, "lon": 8.4693874, "lat": 49.5135724 }, "geometry": { "type": "Point", "coordinates": [ 8.4693874, 49.5135724 ] } },
{ "type": "Feature", "properties": { "id": "way/163099656", "city": "mannheim", "uni": "hochschule", "category": "sporteinrichtungen", "name": "Radsportzentrum Ludwigshafen am Rhein e.V.", "adress": null, "sportart": null, "lon": 8.4037526, "lat": 49.4976823 }, "geometry": { "type": "Point", "coordinates": [ 8.4037526, 49.4976823 ] } },
{ "type": "Feature", "properties": { "id": "way/163099657", "city": "mannheim", "uni": "hochschule", "category": "sporteinrichtungen", "name": "Sporteinrichtung", "adress": null, "sportart": null, "lon": 8.4047162, "lat": 49.4992193 }, "geometry": { "type": "Point", "coordinates": [ 8.4047162, 49.4992193 ] } },
{ "type": "Feature", "properties": { "id": "way/163099679", "city": "mannheim", "uni": "hochschule", "category": "sporteinrichtungen", "name": "Eulenpark-Stadion", "adress": null, "sportart": null, "lon": 8.4057011, "lat": 49.5007539 }, "geometry": { "type": "Point", "coordinates": [ 8.4057011, 49.5007539 ] } },
{ "type": "Feature", "properties": { "id": "way/163099681", "city": "mannheim", "uni": "hochschule", "category": "sporteinrichtungen", "name": "BASF Tennisclub", "adress": null, "sportart": null, "lon": 8.3999587, "lat": 49.4974018 }, "geometry": { "type": "Point", "coordinates": [ 8.3999587, 49.4974018 ] } },
{ "type": "Feature", "properties": { "id": "way/163979325", "city": "mannheim", "uni": "hochschule", "category": "sporteinrichtungen", "name": "Pfitzenmeier Wellness & Fitness Park Mannheim City Airport", "adress": "Seckenheimer Landstraße 166", "sportart": null, "lon": 8.5214752, "lat": 49.4770854 }, "geometry": { "type": "Point", "coordinates": [ 8.5214752, 49.4770854 ] } },
{ "type": "Feature", "properties": { "id": "way/164296282", "city": "mannheim", "uni": "hochschule", "category": "sporteinrichtungen", "name": "Sporthalle", "adress": "Spessartstraße 26", "sportart": null, "lon": 8.5290181, "lat": 49.4850014 }, "geometry": { "type": "Point", "coordinates": [ 8.5290181, 49.4850014 ] } },
{ "type": "Feature", "properties": { "id": "way/164425052", "city": "mannheim", "uni": "hochschule", "category": "sporteinrichtungen", "name": "Badminton-Center Neckarau", "adress": "Siegmund-Schuckert-Straße 14", "sportart": null, "lon": 8.5059353, "lat": 49.4582781 }, "geometry": { "type": "Point", "coordinates": [ 8.5059353, 49.4582781 ] } },
{ "type": "Feature", "properties": { "id": "way/165051866", "city": "mannheim", "uni": "hochschule", "category": "sporteinrichtungen", "name": "EXTREM Kletterzentrum Ludwigshafen", "adress": "Saarburger Straße 25", "sportart": null, "lon": 8.4073615, "lat": 49.486471 }, "geometry": { "type": "Point", "coordinates": [ 8.4073615, 49.486471 ] } },
{ "type": "Feature", "properties": { "id": "way/165051878", "city": "mannheim", "uni": "hochschule", "category": "sporteinrichtungen", "name": "LuFUN. Soccer und Indoorspielplatz", "adress": "Saarburger Straße 21", "sportart": null, "lon": 8.409199, "lat": 49.4861507 }, "geometry": { "type": "Point", "coordinates": [ 8.409199, 49.4861507 ] } },
{ "type": "Feature", "properties": { "id": "way/165075501", "city": "mannheim", "uni": "hochschule", "category": "sporteinrichtungen", "name": "Sporteinrichtung", "adress": "Spinelliplatz 1", "sportart": null, "lon": 8.521782, "lat": 49.4961538 }, "geometry": { "type": "Point", "coordinates": [ 8.521782, 49.4961538 ] } },
{ "type": "Feature", "properties": { "id": "way/166580361", "city": "mannheim", "uni": "hochschule", "category": "sporteinrichtungen", "name": "Sporthalle-Bertha-Hirsch-Schule", "adress": "Elisabeth-Altmann-Gottheiner-Straße 26", "sportart": null, "lon": 8.5247756, "lat": 49.5036644 }, "geometry": { "type": "Point", "coordinates": [ 8.5247756, 49.5036644 ] } },
{ "type": "Feature", "properties": { "id": "way/168562625", "city": "mannheim", "uni": "hochschule", "category": "sporteinrichtungen", "name": "Sporteinrichtung", "adress": null, "sportart": null, "lon": 8.4709674, "lat": 49.5056811 }, "geometry": { "type": "Point", "coordinates": [ 8.4709674, 49.5056811 ] } },
{ "type": "Feature", "properties": { "id": "way/169202791", "city": "mannheim", "uni": "hochschule", "category": "sporteinrichtungen", "name": "Eisstadion Ludwigshafen", "adress": "Saarlandstraße 70", "sportart": null, "lon": 8.4365441, "lat": 49.4690382 }, "geometry": { "type": "Point", "coordinates": [ 8.4365441, 49.4690382 ] } },
{ "type": "Feature", "properties": { "id": "way/169202815", "city": "mannheim", "uni": "hochschule", "category": "sporteinrichtungen", "name": "Polizeisportverein Grün-Weiß Ludwigshafen eV", "adress": null, "sportart": null, "lon": 8.4351234, "lat": 49.4665307 }, "geometry": { "type": "Point", "coordinates": [ 8.4351234, 49.4665307 ] } },
{ "type": "Feature", "properties": { "id": "way/170065453", "city": "mannheim", "uni": "hochschule", "category": "sporteinrichtungen", "name": "Franz-Zang-Halle", "adress": "Franz-Zang-Straße 38", "sportart": null, "lon": 8.4236147, "lat": 49.4699741 }, "geometry": { "type": "Point", "coordinates": [ 8.4236147, 49.4699741 ] } },
{ "type": "Feature", "properties": { "id": "way/170309166", "city": "mannheim", "uni": "hochschule", "category": "sporteinrichtungen", "name": "Tennis-Club Rot-Weiß", "adress": null, "sportart": null, "lon": 8.4192008, "lat": 49.4679055 }, "geometry": { "type": "Point", "coordinates": [ 8.4192008, 49.4679055 ] } },
{ "type": "Feature", "properties": { "id": "way/172002159", "city": "mannheim", "uni": "hochschule", "category": "sporteinrichtungen", "name": "VWM Mannheim e.V. Bootshaus", "adress": "Sandhofer Straße 51-53", "sportart": null, "lon": 8.4718871, "lat": 49.5198138 }, "geometry": { "type": "Point", "coordinates": [ 8.4718871, 49.5198138 ] } },
{ "type": "Feature", "properties": { "id": "way/213373274", "city": "mannheim", "uni": "hochschule", "category": "sporteinrichtungen", "name": "TC SW Neckarau", "adress": null, "sportart": null, "lon": 8.4827783, "lat": 49.4511596 }, "geometry": { "type": "Point", "coordinates": [ 8.4827783, 49.4511596 ] } },
{ "type": "Feature", "properties": { "id": "way/213373276", "city": "mannheim", "uni": "hochschule", "category": "sporteinrichtungen", "name": "VfL Kurpfalz Mannheim-Neckarau", "adress": null, "sportart": null, "lon": 8.4777154, "lat": 49.4470098 }, "geometry": { "type": "Point", "coordinates": [ 8.4777154, 49.4470098 ] } },
{ "type": "Feature", "properties": { "id": "way/218000242", "city": "mannheim", "uni": "hochschule", "category": "sporteinrichtungen", "name": "Mannheimer Hockeyclub", "adress": "Am Neckarkanal 4, 6, 8", "sportart": null, "lon": 8.5162806, "lat": 49.4837598 }, "geometry": { "type": "Point", "coordinates": [ 8.5162806, 49.4837598 ] } },
{ "type": "Feature", "properties": { "id": "way/218431732", "city": "mannheim", "uni": "hochschule", "category": "sporteinrichtungen", "name": "Bertha-Benz-Halle", "adress": "Waldhofstraße 68-70", "sportart": null, "lon": 8.4708197, "lat": 49.5030022 }, "geometry": { "type": "Point", "coordinates": [ 8.4708197, 49.5030022 ] } },
{ "type": "Feature", "properties": { "id": "way/224523774", "city": "mannheim", "uni": "hochschule", "category": "sporteinrichtungen", "name": "MFC 08 Lindenhof eV.", "adress": null, "sportart": null, "lon": 8.4659095, "lat": 49.4572291 }, "geometry": { "type": "Point", "coordinates": [ 8.4659095, 49.4572291 ] } },
{ "type": "Feature", "properties": { "id": "way/234813885", "city": "mannheim", "uni": "hochschule", "category": "sporteinrichtungen", "name": "Tennisklub Grün-Weiß Mannheim", "adress": null, "sportart": null, "lon": 8.5137814, "lat": 49.4861957 }, "geometry": { "type": "Point", "coordinates": [ 8.5137814, 49.4861957 ] } },
{ "type": "Feature", "properties": { "id": "way/236700957", "city": "mannheim", "uni": "hochschule", "category": "sporteinrichtungen", "name": "McFit", "adress": "Industriestraße 1-5", "sportart": null, "lon": 8.4229183, "lat": 49.4850653 }, "geometry": { "type": "Point", "coordinates": [ 8.4229183, 49.4850653 ] } },
{ "type": "Feature", "properties": { "id": "way/246009384", "city": "mannheim", "uni": "hochschule", "category": "sporteinrichtungen", "name": "Schulzentrum Mundenheim", "adress": "Erich-Reimann-Straße 24", "sportart": null, "lon": 8.4356004, "lat": 49.4651793 }, "geometry": { "type": "Point", "coordinates": [ 8.4356004, 49.4651793 ] } },
{ "type": "Feature", "properties": { "id": "way/246009386", "city": "mannheim", "uni": "hochschule", "category": "sporteinrichtungen", "name": "Sporthalle Schulzentrum Ludwigshafen-Mundenheim mT", "adress": "Erich-Reimann-Straße 24", "sportart": null, "lon": 8.4361634, "lat": 49.4648636 }, "geometry": { "type": "Point", "coordinates": [ 8.4361634, 49.4648636 ] } },
{ "type": "Feature", "properties": { "id": "way/273997208", "city": "mannheim", "uni": "hochschule", "category": "sporteinrichtungen", "name": "Post Sport Halle", "adress": null, "sportart": null, "lon": 8.4221816, "lat": 49.4752918 }, "geometry": { "type": "Point", "coordinates": [ 8.4221816, 49.4752918 ] } },
{ "type": "Feature", "properties": { "id": "way/278779564", "city": "mannheim", "uni": "hochschule", "category": "sporteinrichtungen", "name": "MTG Mannheim", "adress": null, "sportart": null, "lon": 8.5087911, "lat": 49.4876108 }, "geometry": { "type": "Point", "coordinates": [ 8.5087911, 49.4876108 ] } },
{ "type": "Feature", "properties": { "id": "way/291743236", "city": "mannheim", "uni": "hochschule", "category": "sporteinrichtungen", "name": "Sportanlage Sandgewann", "adress": null, "sportart": null, "lon": 8.487703, "lat": 49.5100517 }, "geometry": { "type": "Point", "coordinates": [ 8.487703, 49.5100517 ] } },
{ "type": "Feature", "properties": { "id": "way/292292731", "city": "mannheim", "uni": "hochschule", "category": "sporteinrichtungen", "name": "DJK Sportanlage", "adress": "Lochgärtenweg 6", "sportart": null, "lon": 8.5041062, "lat": 49.4708327 }, "geometry": { "type": "Point", "coordinates": [ 8.5041062, 49.4708327 ] } },
{ "type": "Feature", "properties": { "id": "way/292292732", "city": "mannheim", "uni": "hochschule", "category": "sporteinrichtungen", "name": "Sporteinrichtung", "adress": null, "sportart": null, "lon": 8.5038034, "lat": 49.4707982 }, "geometry": { "type": "Point", "coordinates": [ 8.5038034, 49.4707982 ] } },
{ "type": "Feature", "properties": { "id": "way/292292733", "city": "mannheim", "uni": "hochschule", "category": "sporteinrichtungen", "name": "Sporteinrichtung", "adress": null, "sportart": null, "lon": 8.5038953, "lat": 49.470706 }, "geometry": { "type": "Point", "coordinates": [ 8.5038953, 49.470706 ] } },
{ "type": "Feature", "properties": { "id": "way/296310823", "city": "mannheim", "uni": "hochschule", "category": "sporteinrichtungen", "name": "Heinrich-Ries-Halle", "adress": "Pettenkoferstraße 7A", "sportart": null, "lon": 8.4265076, "lat": 49.4872426 }, "geometry": { "type": "Point", "coordinates": [ 8.4265076, 49.4872426 ] } },
{ "type": "Feature", "properties": { "id": "way/298342890", "city": "mannheim", "uni": "hochschule", "category": "sporteinrichtungen", "name": "Women Vital", "adress": "Bürgermeister-Grünzweig-Straße 4", "sportart": null, "lon": 8.4363959, "lat": 49.4847374 }, "geometry": { "type": "Point", "coordinates": [ 8.4363959, 49.4847374 ] } },
{ "type": "Feature", "properties": { "id": "way/299677072", "city": "mannheim", "uni": "hochschule", "category": "sporteinrichtungen", "name": "Vegla Sportpark Schlammloch - SV Harmonia Waldhof", "adress": null, "sportart": null, "lon": 8.4766399, "lat": 49.5260589 }, "geometry": { "type": "Point", "coordinates": [ 8.4766399, 49.5260589 ] } },
{ "type": "Feature", "properties": { "id": "way/310735901", "city": "mannheim", "uni": "hochschule", "category": "sporteinrichtungen", "name": "Sporteinrichtung", "adress": null, "sportart": null, "lon": 8.4796046, "lat": 49.5116143 }, "geometry": { "type": "Point", "coordinates": [ 8.4796046, 49.5116143 ] } },
{ "type": "Feature", "properties": { "id": "way/320512368", "city": "mannheim", "uni": "hochschule", "category": "sporteinrichtungen", "name": "DJK Feudenheim", "adress": null, "sportart": null, "lon": 8.5160307, "lat": 49.4869657 }, "geometry": { "type": "Point", "coordinates": [ 8.5160307, 49.4869657 ] } },
{ "type": "Feature", "properties": { "id": "way/330229198", "city": "mannheim", "uni": "hochschule", "category": "sporteinrichtungen", "name": "Sportplatz Moll-Gymnasium", "adress": null, "sportart": null, "lon": 8.4713279, "lat": 49.4618072 }, "geometry": { "type": "Point", "coordinates": [ 8.4713279, 49.4618072 ] } },
{ "type": "Feature", "properties": { "id": "way/332856361", "city": "mannheim", "uni": "hochschule", "category": "sporteinrichtungen", "name": "Sporteinrichtung", "adress": null, "sportart": null, "lon": 8.4380008, "lat": 49.4685047 }, "geometry": { "type": "Point", "coordinates": [ 8.4380008, 49.4685047 ] } },
{ "type": "Feature", "properties": { "id": "way/334126583", "city": "mannheim", "uni": "hochschule", "category": "sporteinrichtungen", "name": "Turnhalle Tulla-Realschule", "adress": null, "sportart": null, "lon": 8.4796672, "lat": 49.485849 }, "geometry": { "type": "Point", "coordinates": [ 8.4796672, 49.485849 ] } },
{ "type": "Feature", "properties": { "id": "way/341190575", "city": "mannheim", "uni": "hochschule", "category": "sporteinrichtungen", "name": "Sporteinrichtung", "adress": null, "sportart": null, "lon": 8.4192725, "lat": 49.4674043 }, "geometry": { "type": "Point", "coordinates": [ 8.4192725, 49.4674043 ] } },
{ "type": "Feature", "properties": { "id": "way/343399432", "city": "mannheim", "uni": "hochschule", "category": "sporteinrichtungen", "name": "Sporteinrichtung", "adress": null, "sportart": null, "lon": 8.496543, "lat": 49.4845521 }, "geometry": { "type": "Point", "coordinates": [ 8.496543, 49.4845521 ] } },
{ "type": "Feature", "properties": { "id": "way/351143412", "city": "mannheim", "uni": "hochschule", "category": "sporteinrichtungen", "name": "TSV Mannheim", "adress": "Hans-Reschke-Ufer 4a", "sportart": null, "lon": 8.4949208, "lat": 49.4858172 }, "geometry": { "type": "Point", "coordinates": [ 8.4949208, 49.4858172 ] } },
{ "type": "Feature", "properties": { "id": "way/352366184", "city": "mannheim", "uni": "hochschule", "category": "sporteinrichtungen", "name": "KSC-Sporthalle", "adress": "Teichgartenweg 2", "sportart": null, "lon": 8.4100087, "lat": 49.4992185 }, "geometry": { "type": "Point", "coordinates": [ 8.4100087, 49.4992185 ] } },
{ "type": "Feature", "properties": { "id": "way/352373253", "city": "mannheim", "uni": "hochschule", "category": "sporteinrichtungen", "name": "Sporthalle Carl Bosch Gymnasium", "adress": null, "sportart": null, "lon": 8.4411828, "lat": 49.4831992 }, "geometry": { "type": "Point", "coordinates": [ 8.4411828, 49.4831992 ] } },
{ "type": "Feature", "properties": { "id": "way/353288143", "city": "mannheim", "uni": "hochschule", "category": "sporteinrichtungen", "name": "Alfred-Delp-Sportanlage", "adress": "Bismarckstraße 6", "sportart": null, "lon": 8.4570205, "lat": 49.4862475 }, "geometry": { "type": "Point", "coordinates": [ 8.4570205, 49.4862475 ] } },
{ "type": "Feature", "properties": { "id": "way/355081646", "city": "mannheim", "uni": "hochschule", "category": "sporteinrichtungen", "name": "Anpfiff ins Leben Förderzentrum Ludwigshafen", "adress": "Abteistraße 8", "sportart": null, "lon": 8.4078745, "lat": 49.4690523 }, "geometry": { "type": "Point", "coordinates": [ 8.4078745, 49.4690523 ] } },
{ "type": "Feature", "properties": { "id": "node/378701493", "city": "mannheim", "uni": "hochschule", "category": "sporteinrichtungen", "name": "VeniceBeach", "adress": null, "sportart": null, "lon": 8.4991556, "lat": 49.4737013 }, "geometry": { "type": "Point", "coordinates": [ 8.4991556, 49.4737013 ] } },
{ "type": "Feature", "properties": { "id": "way/385104896", "city": "mannheim", "uni": "hochschule", "category": "sporteinrichtungen", "name": "Sporteinrichtung", "adress": null, "sportart": null, "lon": 8.4280435, "lat": 49.4781251 }, "geometry": { "type": "Point", "coordinates": [ 8.4280435, 49.4781251 ] } },
{ "type": "Feature", "properties": { "id": "way/394606371", "city": "mannheim", "uni": "hochschule", "category": "sporteinrichtungen", "name": "Bezirkssportanlage Gartenstadt", "adress": "Niederfeldstraße 2", "sportart": null, "lon": 8.4094861, "lat": 49.4703356 }, "geometry": { "type": "Point", "coordinates": [ 8.4094861, 49.4703356 ] } },
{ "type": "Feature", "properties": { "id": "way/404432578", "city": "mannheim", "uni": "hochschule", "category": "sporteinrichtungen", "name": "muskeltiere", "adress": "Böckstraße 21", "sportart": null, "lon": 8.457724, "lat": 49.4946932 }, "geometry": { "type": "Point", "coordinates": [ 8.457724, 49.4946932 ] } },
{ "type": "Feature", "properties": { "id": "way/411935479", "city": "mannheim", "uni": "hochschule", "category": "sporteinrichtungen", "name": "Verein der Hundefreunde Feudenheim", "adress": "Am Neckarkanal 5", "sportart": null, "lon": 8.5159408, "lat": 49.4848729 }, "geometry": { "type": "Point", "coordinates": [ 8.5159408, 49.4848729 ] } },
{ "type": "Feature", "properties": { "id": "way/982838259", "city": "mannheim", "uni": "hochschule", "category": "sporteinrichtungen", "name": "Ludwigshafener Kanu Club", "adress": null, "sportart": null, "lon": 8.4489017, "lat": 49.4638811 }, "geometry": { "type": "Point", "coordinates": [ 8.4489017, 49.4638811 ] } },
{ "type": "Feature", "properties": { "id": "node/993698455", "city": "mannheim", "uni": "hochschule", "category": "sporteinrichtungen", "name": "Venice Beach Mannheim Neckarau", "adress": null, "sportart": null, "lon": 8.4960968, "lat": 49.4519505 }, "geometry": { "type": "Point", "coordinates": [ 8.4960968, 49.4519505 ] } },
{ "type": "Feature", "properties": { "id": "way/1079361830", "city": "mannheim", "uni": "hochschule", "category": "sporteinrichtungen", "name": "Bezirkssportanlage Mundenheim", "adress": null, "sportart": null, "lon": 8.4227358, "lat": 49.4546161 }, "geometry": { "type": "Point", "coordinates": [ 8.4227358, 49.4546161 ] } },
{ "type": "Feature", "properties": { "id": "way/1085518491", "city": "mannheim", "uni": "hochschule", "category": "sporteinrichtungen", "name": "MSV 1903 e.V.", "adress": null, "sportart": null, "lon": 8.4205399, "lat": 49.4591303 }, "geometry": { "type": "Point", "coordinates": [ 8.4205399, 49.4591303 ] } },
{ "type": "Feature", "properties": { "id": "way/1115418213", "city": "mannheim", "uni": "hochschule", "category": "sporteinrichtungen", "name": "Sporteinrichtung", "adress": null, "sportart": null, "lon": 8.4604053, "lat": 49.4691491 }, "geometry": { "type": "Point", "coordinates": [ 8.4604053, 49.4691491 ] } },
{ "type": "Feature", "properties": { "id": "way/1124341621", "city": "mannheim", "uni": "hochschule", "category": "sporteinrichtungen", "name": "Skiclub Ludwigshafen", "adress": null, "sportart": null, "lon": 8.414943, "lat": 49.469093 }, "geometry": { "type": "Point", "coordinates": [ 8.414943, 49.469093 ] } },
{ "type": "Feature", "properties": { "id": "way/1142121167", "city": "mannheim", "uni": "hochschule", "category": "sporteinrichtungen", "name": "Sporteinrichtung", "adress": null, "sportart": null, "lon": 8.4785849, "lat": 49.5060063 }, "geometry": { "type": "Point", "coordinates": [ 8.4785849, 49.5060063 ] } },
{ "type": "Feature", "properties": { "id": "way/1161685765", "city": "mannheim", "uni": "hochschule", "category": "sporteinrichtungen", "name": "Herschelbad", "adress": null, "sportart": null, "lon": 8.4721042, "lat": 49.4909442 }, "geometry": { "type": "Point", "coordinates": [ 8.4721042, 49.4909442 ] } },
{ "type": "Feature", "properties": { "id": "way/1164128137", "city": "mannheim", "uni": "hochschule", "category": "sporteinrichtungen", "name": "Sporthalle LFG", "adress": "Käfertaler Straße 117-127", "sportart": null, "lon": 8.4864346, "lat": 49.4947991 }, "geometry": { "type": "Point", "coordinates": [ 8.4864346, 49.4947991 ] } },
{ "type": "Feature", "properties": { "id": "way/1215011788", "city": "mannheim", "uni": "hochschule", "category": "sporteinrichtungen", "name": "Sporteinrichtung", "adress": null, "sportart": null, "lon": 8.4317747, "lat": 49.4729413 }, "geometry": { "type": "Point", "coordinates": [ 8.4317747, 49.4729413 ] } },
{ "type": "Feature", "properties": { "id": "way/1223906254", "city": "mannheim", "uni": "hochschule", "category": "sporteinrichtungen", "name": "Gesundheitszentrum E7", "adress": null, "sportart": null, "lon": 8.4607286, "lat": 49.4902152 }, "geometry": { "type": "Point", "coordinates": [ 8.4607286, 49.4902152 ] } },
{ "type": "Feature", "properties": { "id": "way/1256080738", "city": "mannheim", "uni": "hochschule", "category": "sporteinrichtungen", "name": "TV 1884 Mannheim-Neckarau", "adress": null, "sportart": null, "lon": 8.4754541, "lat": 49.4463205 }, "geometry": { "type": "Point", "coordinates": [ 8.4754541, 49.4463205 ] } },
{ "type": "Feature", "properties": { "id": "way/1256101057", "city": "mannheim", "uni": "hochschule", "category": "sporteinrichtungen", "name": "Sport-Schützenvereinigung Neckarau 1900/09/51", "adress": null, "sportart": null, "lon": 8.4748061, "lat": 49.4462815 }, "geometry": { "type": "Point", "coordinates": [ 8.4748061, 49.4462815 ] } },
{ "type": "Feature", "properties": { "id": "node/1271759177", "city": "mannheim", "uni": "hochschule", "category": "sporteinrichtungen", "name": "Rehazentrum Auf dem Sand", "adress": "Auf dem Sand 75-77", "sportart": null, "lon": 8.5080344, "lat": 49.5147582 }, "geometry": { "type": "Point", "coordinates": [ 8.5080344, 49.5147582 ] } },
{ "type": "Feature", "properties": { "id": "way/1297362571", "city": "mannheim", "uni": "hochschule", "category": "sporteinrichtungen", "name": "Sportanlage »Erlenhof«", "adress": "Erlenstraße", "sportart": null, "lon": 8.4669669, "lat": 49.506674 }, "geometry": { "type": "Point", "coordinates": [ 8.4669669, 49.506674 ] } },
{ "type": "Feature", "properties": { "id": "way/1456980618", "city": "mannheim", "uni": "hochschule", "category": "sporteinrichtungen", "name": "SpVgg 07 Mannheim", "adress": "Hermsheimer Straße 23", "sportart": null, "lon": 8.5028993, "lat": 49.4714971 }, "geometry": { "type": "Point", "coordinates": [ 8.5028993, 49.4714971 ] } },
{ "type": "Feature", "properties": { "id": "way/1458155606", "city": "mannheim", "uni": "hochschule", "category": "sporteinrichtungen", "name": "TC Rot-Weiß Waldpark", "adress": null, "sportart": null, "lon": 8.4694518, "lat": 49.4461101 }, "geometry": { "type": "Point", "coordinates": [ 8.4694518, 49.4461101 ] } },
{ "type": "Feature", "properties": { "id": "way/1480586423", "city": "mannheim", "uni": "hochschule", "category": "sporteinrichtungen", "name": "Sporteinrichtung", "adress": null, "sportart": null, "lon": 8.4794187, "lat": 49.446006 }, "geometry": { "type": "Point", "coordinates": [ 8.4794187, 49.446006 ] } },
{ "type": "Feature", "properties": { "id": "way/1480692317", "city": "mannheim", "uni": "hochschule", "category": "sporteinrichtungen", "name": "Tennisanlage im Schlossgarten", "adress": null, "sportart": null, "lon": 8.464678, "lat": 49.4793468 }, "geometry": { "type": "Point", "coordinates": [ 8.464678, 49.4793468 ] } },
{ "type": "Feature", "properties": { "id": "node/1546009525", "city": "mannheim", "uni": "hochschule", "category": "sporteinrichtungen", "name": "Budokan Karate", "adress": null, "sportart": null, "lon": 8.4591372, "lat": 49.4892125 }, "geometry": { "type": "Point", "coordinates": [ 8.4591372, 49.4892125 ] } },
{ "type": "Feature", "properties": { "id": "node/1566905831", "city": "mannheim", "uni": "hochschule", "category": "sporteinrichtungen", "name": "Bodystreet", "adress": null, "sportart": null, "lon": 8.4739715, "lat": 49.4832956 }, "geometry": { "type": "Point", "coordinates": [ 8.4739715, 49.4832956 ] } },
{ "type": "Feature", "properties": { "id": "node/1566905838", "city": "mannheim", "uni": "hochschule", "category": "sporteinrichtungen", "name": "Backfit EMS", "adress": null, "sportart": null, "lon": 8.4739254, "lat": 49.483246 }, "geometry": { "type": "Point", "coordinates": [ 8.4739254, 49.483246 ] } },
{ "type": "Feature", "properties": { "id": "node/1607853403", "city": "mannheim", "uni": "hochschule", "category": "sporteinrichtungen", "name": "Ki und Aikido Dojo Mannheim", "adress": null, "sportart": null, "lon": 8.4760327, "lat": 49.4975497 }, "geometry": { "type": "Point", "coordinates": [ 8.4760327, 49.4975497 ] } },
{ "type": "Feature", "properties": { "id": "node/1621222762", "city": "mannheim", "uni": "hochschule", "category": "sporteinrichtungen", "name": "Qi Gong Institut", "adress": null, "sportart": null, "lon": 8.48164, "lat": 49.4771498 }, "geometry": { "type": "Point", "coordinates": [ 8.48164, 49.4771498 ] } },
{ "type": "Feature", "properties": { "id": "node/1631644425", "city": "mannheim", "uni": "hochschule", "category": "sporteinrichtungen", "name": "Mannheimer Billardcafe", "adress": null, "sportart": null, "lon": 8.4729187, "lat": 49.4822743 }, "geometry": { "type": "Point", "coordinates": [ 8.4729187, 49.4822743 ] } },
{ "type": "Feature", "properties": { "id": "node/1632759599", "city": "mannheim", "uni": "hochschule", "category": "sporteinrichtungen", "name": "Moksha Yoga Center", "adress": null, "sportart": null, "lon": 8.4742593, "lat": 49.4865712 }, "geometry": { "type": "Point", "coordinates": [ 8.4742593, 49.4865712 ] } },
{ "type": "Feature", "properties": { "id": "node/1643932796", "city": "mannheim", "uni": "hochschule", "category": "sporteinrichtungen", "name": "Fit Base Mannheim City E1", "adress": null, "sportart": null, "lon": 8.4662477, "lat": 49.4881794 }, "geometry": { "type": "Point", "coordinates": [ 8.4662477, 49.4881794 ] } },
{ "type": "Feature", "properties": { "id": "node/1732653930", "city": "mannheim", "uni": "hochschule", "category": "sporteinrichtungen", "name": "Power Planet Mannheim", "adress": null, "sportart": null, "lon": 8.505553, "lat": 49.4474897 }, "geometry": { "type": "Point", "coordinates": [ 8.505553, 49.4474897 ] } },
{ "type": "Feature", "properties": { "id": "node/1736051918", "city": "mannheim", "uni": "hochschule", "category": "sporteinrichtungen", "name": "KSV 1884 Mannheim e.V.", "adress": null, "sportart": null, "lon": 8.4996382, "lat": 49.4784035 }, "geometry": { "type": "Point", "coordinates": [ 8.4996382, 49.4784035 ] } },
{ "type": "Feature", "properties": { "id": "node/1739991802", "city": "mannheim", "uni": "hochschule", "category": "sporteinrichtungen", "name": "BewegungsLOUNGE – Gyrotonic®", "adress": null, "sportart": null, "lon": 8.498399, "lat": 49.4886899 }, "geometry": { "type": "Point", "coordinates": [ 8.498399, 49.4886899 ] } },
{ "type": "Feature", "properties": { "id": "node/1795367375", "city": "mannheim", "uni": "hochschule", "category": "sporteinrichtungen", "name": "Mannerz Sport", "adress": null, "sportart": null, "lon": 8.4479339, "lat": 49.4762392 }, "geometry": { "type": "Point", "coordinates": [ 8.4479339, 49.4762392 ] } },
{ "type": "Feature", "properties": { "id": "node/1836365220", "city": "mannheim", "uni": "hochschule", "category": "sporteinrichtungen", "name": "SV Südwest Ludwigshafen - Hauptverein", "adress": "Mundenheimer Straße 101", "sportart": null, "lon": 8.4377182, "lat": 49.4651483 }, "geometry": { "type": "Point", "coordinates": [ 8.4377182, 49.4651483 ] } },
{ "type": "Feature", "properties": { "id": "node/1836366039", "city": "mannheim", "uni": "hochschule", "category": "sporteinrichtungen", "name": "SV Südwest Ludwigshafen - Jugendfußball", "adress": "Erich-Reimann-Straße", "sportart": null, "lon": 8.4383057, "lat": 49.4670034 }, "geometry": { "type": "Point", "coordinates": [ 8.4383057, 49.4670034 ] } },
{ "type": "Feature", "properties": { "id": "node/1963465094", "city": "mannheim", "uni": "hochschule", "category": "sporteinrichtungen", "name": "VeniceBeach Mannheim Glückstein", "adress": "John-Deere-Straße 77", "sportart": null, "lon": 8.4776325, "lat": 49.4731651 }, "geometry": { "type": "Point", "coordinates": [ 8.4776325, 49.4731651 ] } },
{ "type": "Feature", "properties": { "id": "node/2165966560", "city": "mannheim", "uni": "hochschule", "category": "sporteinrichtungen", "name": "VAYOGA Yoga & Pilates Studio", "adress": null, "sportart": null, "lon": 8.4705429, "lat": 49.4701152 }, "geometry": { "type": "Point", "coordinates": [ 8.4705429, 49.4701152 ] } },
{ "type": "Feature", "properties": { "id": "node/2282127869", "city": "mannheim", "uni": "hochschule", "category": "sporteinrichtungen", "name": "Body street", "adress": null, "sportart": null, "lon": 8.4677546, "lat": 49.4761308 }, "geometry": { "type": "Point", "coordinates": [ 8.4677546, 49.4761308 ] } },
{ "type": "Feature", "properties": { "id": "node/2371534058", "city": "mannheim", "uni": "hochschule", "category": "sporteinrichtungen", "name": "Gymnastikstudio", "adress": null, "sportart": null, "lon": 8.4942955, "lat": 49.453479 }, "geometry": { "type": "Point", "coordinates": [ 8.4942955, 49.453479 ] } },
{ "type": "Feature", "properties": { "id": "node/2534717126", "city": "mannheim", "uni": "hochschule", "category": "sporteinrichtungen", "name": "ABC Ludwigshafen (Kraftraum)", "adress": null, "sportart": null, "lon": 8.438419, "lat": 49.4670572 }, "geometry": { "type": "Point", "coordinates": [ 8.438419, 49.4670572 ] } },
{ "type": "Feature", "properties": { "id": "node/2537571094", "city": "mannheim", "uni": "hochschule", "category": "sporteinrichtungen", "name": "Kieser Training", "adress": null, "sportart": null, "lon": 8.4652422, "lat": 49.4888924 }, "geometry": { "type": "Point", "coordinates": [ 8.4652422, 49.4888924 ] } },
{ "type": "Feature", "properties": { "id": "node/2716767471", "city": "mannheim", "uni": "hochschule", "category": "sporteinrichtungen", "name": "Martial Arts Academy Mannheim", "adress": null, "sportart": null, "lon": 8.457905, "lat": 49.4948645 }, "geometry": { "type": "Point", "coordinates": [ 8.457905, 49.4948645 ] } },
{ "type": "Feature", "properties": { "id": "node/2778350270", "city": "mannheim", "uni": "hochschule", "category": "sporteinrichtungen", "name": "Olympiastützpunkt Rhein-Neckar", "adress": null, "sportart": null, "lon": 8.50978, "lat": 49.48777 }, "geometry": { "type": "Point", "coordinates": [ 8.50978, 49.48777 ] } },
{ "type": "Feature", "properties": { "id": "node/2778867788", "city": "mannheim", "uni": "hochschule", "category": "sporteinrichtungen", "name": "Çalhanoğlu Fussballzentrum", "adress": null, "sportart": null, "lon": 8.5245843, "lat": 49.5055042 }, "geometry": { "type": "Point", "coordinates": [ 8.5245843, 49.5055042 ] } },
{ "type": "Feature", "properties": { "id": "node/2780946642", "city": "mannheim", "uni": "hochschule", "category": "sporteinrichtungen", "name": "American Fitness Club GmbH", "adress": "Trierer Straße 13", "sportart": null, "lon": 8.520412, "lat": 49.5067695 }, "geometry": { "type": "Point", "coordinates": [ 8.520412, 49.5067695 ] } },
{ "type": "Feature", "properties": { "id": "node/2780946680", "city": "mannheim", "uni": "hochschule", "category": "sporteinrichtungen", "name": "McFit", "adress": "Weinheimer Straße 62b", "sportart": null, "lon": 8.5226446, "lat": 49.5077011 }, "geometry": { "type": "Point", "coordinates": [ 8.5226446, 49.5077011 ] } },
{ "type": "Feature", "properties": { "id": "node/2788564448", "city": "mannheim", "uni": "hochschule", "category": "sporteinrichtungen", "name": "TSV Mannheim-Neckarau", "adress": null, "sportart": null, "lon": 8.4713555, "lat": 49.447113 }, "geometry": { "type": "Point", "coordinates": [ 8.4713555, 49.447113 ] } },
{ "type": "Feature", "properties": { "id": "node/2794121258", "city": "mannheim", "uni": "hochschule", "category": "sporteinrichtungen", "name": "Billard-Sport-Centrum Effet", "adress": null, "sportart": null, "lon": 8.4987114, "lat": 49.5065585 }, "geometry": { "type": "Point", "coordinates": [ 8.4987114, 49.5065585 ] } },
{ "type": "Feature", "properties": { "id": "node/2797998027", "city": "mannheim", "uni": "hochschule", "category": "sporteinrichtungen", "name": "Fit-Fabrik Mannheim", "adress": "Käfertaler Straße 189", "sportart": null, "lon": 8.492222, "lat": 49.4976756 }, "geometry": { "type": "Point", "coordinates": [ 8.492222, 49.4976756 ] } },
{ "type": "Feature", "properties": { "id": "node/2802948042", "city": "mannheim", "uni": "hochschule", "category": "sporteinrichtungen", "name": "Tao-Zentrum", "adress": null, "sportart": null, "lon": 8.4890102, "lat": 49.4949872 }, "geometry": { "type": "Point", "coordinates": [ 8.4890102, 49.4949872 ] } },
{ "type": "Feature", "properties": { "id": "node/2802948044", "city": "mannheim", "uni": "hochschule", "category": "sporteinrichtungen", "name": "Wing Chun Akademie Mannheim", "adress": null, "sportart": null, "lon": 8.4887213, "lat": 49.4950197 }, "geometry": { "type": "Point", "coordinates": [ 8.4887213, 49.4950197 ] } },
{ "type": "Feature", "properties": { "id": "node/2810443107", "city": "mannheim", "uni": "hochschule", "category": "sporteinrichtungen", "name": "JBO Personal Training - Jürgen Bock", "adress": null, "sportart": null, "lon": 8.488684, "lat": 49.4556223 }, "geometry": { "type": "Point", "coordinates": [ 8.488684, 49.4556223 ] } },
{ "type": "Feature", "properties": { "id": "node/2868007955", "city": "mannheim", "uni": "hochschule", "category": "sporteinrichtungen", "name": "Rhein-Neckar Fussballcenter", "adress": null, "sportart": null, "lon": 8.4998456, "lat": 49.4783973 }, "geometry": { "type": "Point", "coordinates": [ 8.4998456, 49.4783973 ] } },
{ "type": "Feature", "properties": { "id": "node/2982136503", "city": "mannheim", "uni": "hochschule", "category": "sporteinrichtungen", "name": "American Fitness", "adress": null, "sportart": null, "lon": 8.4519862, "lat": 49.4768466 }, "geometry": { "type": "Point", "coordinates": [ 8.4519862, 49.4768466 ] } },
{ "type": "Feature", "properties": { "id": "node/2982138357", "city": "mannheim", "uni": "hochschule", "category": "sporteinrichtungen", "name": "Kung Fu To'a Schule", "adress": null, "sportart": null, "lon": 8.4526304, "lat": 49.4770542 }, "geometry": { "type": "Point", "coordinates": [ 8.4526304, 49.4770542 ] } },
{ "type": "Feature", "properties": { "id": "node/3248853267", "city": "mannheim", "uni": "hochschule", "category": "sporteinrichtungen", "name": "Yoga Zentrum C7 - Universitaet Mannheim", "adress": "C7 12", "sportart": null, "lon": 8.4586897, "lat": 49.4890723 }, "geometry": { "type": "Point", "coordinates": [ 8.4586897, 49.4890723 ] } },
{ "type": "Feature", "properties": { "id": "node/3248878393", "city": "mannheim", "uni": "hochschule", "category": "sporteinrichtungen", "name": "Aikido Dojo Mannheim", "adress": null, "sportart": null, "lon": 8.4591637, "lat": 49.4892419 }, "geometry": { "type": "Point", "coordinates": [ 8.4591637, 49.4892419 ] } },
{ "type": "Feature", "properties": { "id": "node/3257799974", "city": "mannheim", "uni": "hochschule", "category": "sporteinrichtungen", "name": "Wing Chun Akademie Mannheim", "adress": null, "sportart": null, "lon": 8.4740233, "lat": 49.4885648 }, "geometry": { "type": "Point", "coordinates": [ 8.4740233, 49.4885648 ] } },
{ "type": "Feature", "properties": { "id": "node/3257811961", "city": "mannheim", "uni": "hochschule", "category": "sporteinrichtungen", "name": "Sportschule Hanuman Mannheim", "adress": null, "sportart": null, "lon": 8.4735168, "lat": 49.488468 }, "geometry": { "type": "Point", "coordinates": [ 8.4735168, 49.488468 ] } },
{ "type": "Feature", "properties": { "id": "node/3417789778", "city": "mannheim", "uni": "hochschule", "category": "sporteinrichtungen", "name": "Dance & Health Academy", "adress": null, "sportart": null, "lon": 8.5267018, "lat": 49.4874514 }, "geometry": { "type": "Point", "coordinates": [ 8.5267018, 49.4874514 ] } },
{ "type": "Feature", "properties": { "id": "node/3421149701", "city": "mannheim", "uni": "hochschule", "category": "sporteinrichtungen", "name": "HelliFit & Dance", "adress": null, "sportart": null, "lon": 8.4944274, "lat": 49.4534498 }, "geometry": { "type": "Point", "coordinates": [ 8.4944274, 49.4534498 ] } },
{ "type": "Feature", "properties": { "id": "node/3453474577", "city": "mannheim", "uni": "hochschule", "category": "sporteinrichtungen", "name": "WingTsun Mannheim-Neckarau", "adress": null, "sportart": null, "lon": 8.4826946, "lat": 49.4536031 }, "geometry": { "type": "Point", "coordinates": [ 8.4826946, 49.4536031 ] } },
{ "type": "Feature", "properties": { "id": "node/3499135874", "city": "mannheim", "uni": "hochschule", "category": "sporteinrichtungen", "name": "VeniceBeach", "adress": null, "sportart": null, "lon": 8.4734824, "lat": 49.4850887 }, "geometry": { "type": "Point", "coordinates": [ 8.4734824, 49.4850887 ] } },
{ "type": "Feature", "properties": { "id": "node/3504399595", "city": "mannheim", "uni": "hochschule", "category": "sporteinrichtungen", "name": "DEIN SPORT mal anders", "adress": "Melchiorstraße 1-7", "sportart": null, "lon": 8.4767343, "lat": 49.4977747 }, "geometry": { "type": "Point", "coordinates": [ 8.4767343, 49.4977747 ] } },
{ "type": "Feature", "properties": { "id": "node/3869214911", "city": "mannheim", "uni": "hochschule", "category": "sporteinrichtungen", "name": "TSOM TSOM Gym", "adress": "Käfertaler Straße 189", "sportart": null, "lon": 8.4922056, "lat": 49.4977992 }, "geometry": { "type": "Point", "coordinates": [ 8.4922056, 49.4977992 ] } },
{ "type": "Feature", "properties": { "id": "node/3964382341", "city": "mannheim", "uni": "hochschule", "category": "sporteinrichtungen", "name": "Santosha Yoga Studio - Yoga Vidya Mannheim", "adress": null, "sportart": null, "lon": 8.4638865, "lat": 49.4909883 }, "geometry": { "type": "Point", "coordinates": [ 8.4638865, 49.4909883 ] } },
{ "type": "Feature", "properties": { "id": "node/4107058185", "city": "mannheim", "uni": "hochschule", "category": "sporteinrichtungen", "name": "Bala-Shanti Yoga Zentrum", "adress": null, "sportart": null, "lon": 8.4760793, "lat": 49.4785501 }, "geometry": { "type": "Point", "coordinates": [ 8.4760793, 49.4785501 ] } },
{ "type": "Feature", "properties": { "id": "node/4110427460", "city": "mannheim", "uni": "hochschule", "category": "sporteinrichtungen", "name": "Sportomed Fitness & Prävention", "adress": null, "sportart": null, "lon": 8.498599, "lat": 49.4887779 }, "geometry": { "type": "Point", "coordinates": [ 8.498599, 49.4887779 ] } },
{ "type": "Feature", "properties": { "id": "node/4231250105", "city": "mannheim", "uni": "hochschule", "category": "sporteinrichtungen", "name": "Sport Zentrum Mannheim e.V.", "adress": null, "sportart": null, "lon": 8.4732184, "lat": 49.4915145 }, "geometry": { "type": "Point", "coordinates": [ 8.4732184, 49.4915145 ] } },
{ "type": "Feature", "properties": { "id": "node/4367450433", "city": "mannheim", "uni": "hochschule", "category": "sporteinrichtungen", "name": "Vita Balance", "adress": null, "sportart": null, "lon": 8.4700165, "lat": 49.4717451 }, "geometry": { "type": "Point", "coordinates": [ 8.4700165, 49.4717451 ] } },
{ "type": "Feature", "properties": { "id": "node/4406847541", "city": "mannheim", "uni": "hochschule", "category": "sporteinrichtungen", "name": "Fitness First", "adress": null, "sportart": null, "lon": 8.4717815, "lat": 49.4872618 }, "geometry": { "type": "Point", "coordinates": [ 8.4717815, 49.4872618 ] } },
{ "type": "Feature", "properties": { "id": "node/4481178389", "city": "mannheim", "uni": "hochschule", "category": "sporteinrichtungen", "name": "FitX", "adress": "Dessauer Straße 59", "sportart": null, "lon": 8.4375092, "lat": 49.4912782 }, "geometry": { "type": "Point", "coordinates": [ 8.4375092, 49.4912782 ] } },
{ "type": "Feature", "properties": { "id": "node/4547207757", "city": "mannheim", "uni": "hochschule", "category": "sporteinrichtungen", "name": "Lasertag One", "adress": "Fabrikstationstraße 22-26", "sportart": null, "lon": 8.4886765, "lat": 49.4669032 }, "geometry": { "type": "Point", "coordinates": [ 8.4886765, 49.4669032 ] } },
{ "type": "Feature", "properties": { "id": "node/4855635621", "city": "mannheim", "uni": "hochschule", "category": "sporteinrichtungen", "name": "YogaSpirits", "adress": null, "sportart": null, "lon": 8.4537611, "lat": 49.4718325 }, "geometry": { "type": "Point", "coordinates": [ 8.4537611, 49.4718325 ] } },
{ "type": "Feature", "properties": { "id": "node/4855635825", "city": "mannheim", "uni": "hochschule", "category": "sporteinrichtungen", "name": "Tanzschule MOHL", "adress": null, "sportart": null, "lon": 8.4538631, "lat": 49.471917 }, "geometry": { "type": "Point", "coordinates": [ 8.4538631, 49.471917 ] } },
{ "type": "Feature", "properties": { "id": "node/4964537680", "city": "mannheim", "uni": "hochschule", "category": "sporteinrichtungen", "name": "Körperformen", "adress": null, "sportart": null, "lon": 8.4802031, "lat": 49.4799092 }, "geometry": { "type": "Point", "coordinates": [ 8.4802031, 49.4799092 ] } },
{ "type": "Feature", "properties": { "id": "node/5565813422", "city": "mannheim", "uni": "hochschule", "category": "sporteinrichtungen", "name": "Taekwon-Do Center Mannheim", "adress": null, "sportart": null, "lon": 8.4800995, "lat": 49.4826178 }, "geometry": { "type": "Point", "coordinates": [ 8.4800995, 49.4826178 ] } },
{ "type": "Feature", "properties": { "id": "node/5678981025", "city": "mannheim", "uni": "hochschule", "category": "sporteinrichtungen", "name": "Wing Chun Akademie", "adress": "Wattstraße 27", "sportart": null, "lon": 8.4970925, "lat": 49.4641223 }, "geometry": { "type": "Point", "coordinates": [ 8.4970925, 49.4641223 ] } },
{ "type": "Feature", "properties": { "id": "node/5867152701", "city": "mannheim", "uni": "hochschule", "category": "sporteinrichtungen", "name": "CrossFit Kur-Pals", "adress": null, "sportart": null, "lon": 8.5279441, "lat": 49.4743708 }, "geometry": { "type": "Point", "coordinates": [ 8.5279441, 49.4743708 ] } },
{ "type": "Feature", "properties": { "id": "node/6813858776", "city": "mannheim", "uni": "hochschule", "category": "sporteinrichtungen", "name": "JOHN REED Fitness", "adress": null, "sportart": null, "lon": 8.4699102, "lat": 49.491991 }, "geometry": { "type": "Point", "coordinates": [ 8.4699102, 49.491991 ] } },
{ "type": "Feature", "properties": { "id": "node/7944973791", "city": "mannheim", "uni": "hochschule", "category": "sporteinrichtungen", "name": "Sporteinrichtung", "adress": null, "sportart": null, "lon": 8.4933867, "lat": 49.5078796 }, "geometry": { "type": "Point", "coordinates": [ 8.4933867, 49.5078796 ] } },
{ "type": "Feature", "properties": { "id": "node/8840934659", "city": "mannheim", "uni": "hochschule", "category": "sporteinrichtungen", "name": "Fight und Fitness Fabrik Mannheim", "adress": null, "sportart": null, "lon": 8.4622879, "lat": 49.5177647 }, "geometry": { "type": "Point", "coordinates": [ 8.4622879, 49.5177647 ] } },
{ "type": "Feature", "properties": { "id": "node/8849814442", "city": "mannheim", "uni": "hochschule", "category": "sporteinrichtungen", "name": "Sporteinrichtung", "adress": null, "sportart": null, "lon": 8.5034842, "lat": 49.4874189 }, "geometry": { "type": "Point", "coordinates": [ 8.5034842, 49.4874189 ] } },
{ "type": "Feature", "properties": { "id": "node/9165685741", "city": "mannheim", "uni": "hochschule", "category": "sporteinrichtungen", "name": "Kanu-Gesellschaft Neckarau e.V.", "adress": "Mühlweg 11", "sportart": null, "lon": 8.471212, "lat": 49.4454753 }, "geometry": { "type": "Point", "coordinates": [ 8.471212, 49.4454753 ] } },
{ "type": "Feature", "properties": { "id": "node/9391022252", "city": "mannheim", "uni": "hochschule", "category": "sporteinrichtungen", "name": "XGYM", "adress": null, "sportart": null, "lon": 8.4453196, "lat": 49.4830497 }, "geometry": { "type": "Point", "coordinates": [ 8.4453196, 49.4830497 ] } },
{ "type": "Feature", "properties": { "id": "node/9775370097", "city": "mannheim", "uni": "hochschule", "category": "sporteinrichtungen", "name": "Casana", "adress": "Meerfeldstraße 69", "sportart": null, "lon": 8.469919, "lat": 49.4720437 }, "geometry": { "type": "Point", "coordinates": [ 8.469919, 49.4720437 ] } },
{ "type": "Feature", "properties": { "id": "node/9929410671", "city": "mannheim", "uni": "hochschule", "category": "sporteinrichtungen", "name": "Tanz Zentrum C7 - Universitaet Mannheim", "adress": "C7 12", "sportart": null, "lon": 8.4587091, "lat": 49.4890667 }, "geometry": { "type": "Point", "coordinates": [ 8.4587091, 49.4890667 ] } },
{ "type": "Feature", "properties": { "id": "node/9946500204", "city": "mannheim", "uni": "hochschule", "category": "sporteinrichtungen", "name": "ADTV Tanzschule Weile", "adress": "Kalmitstraße 25", "sportart": null, "lon": 8.420812, "lat": 49.4596975 }, "geometry": { "type": "Point", "coordinates": [ 8.420812, 49.4596975 ] } },
{ "type": "Feature", "properties": { "id": "node/9972348162", "city": "mannheim", "uni": "hochschule", "category": "sporteinrichtungen", "name": "Venice Beach MA-Käfertal", "adress": "Auf dem Sand 79", "sportart": null, "lon": 8.5087726, "lat": 49.5154405 }, "geometry": { "type": "Point", "coordinates": [ 8.5087726, 49.5154405 ] } },
{ "type": "Feature", "properties": { "id": "node/10120123403", "city": "mannheim", "uni": "hochschule", "category": "sporteinrichtungen", "name": "BASF LuFit", "adress": "Geibelstraße 3", "sportart": null, "lon": 8.4270949, "lat": 49.4936684 }, "geometry": { "type": "Point", "coordinates": [ 8.4270949, 49.4936684 ] } },
{ "type": "Feature", "properties": { "id": "node/10435617366", "city": "mannheim", "uni": "hochschule", "category": "sporteinrichtungen", "name": "Smart Climb", "adress": null, "sportart": null, "lon": 8.5027716, "lat": 49.497036 }, "geometry": { "type": "Point", "coordinates": [ 8.5027716, 49.497036 ] } },
{ "type": "Feature", "properties": { "id": "node/11459178869", "city": "mannheim", "uni": "hochschule", "category": "sporteinrichtungen", "name": "Reformé Reformer Studio", "adress": "H7 1", "sportart": null, "lon": 8.4632938, "lat": 49.4919979 }, "geometry": { "type": "Point", "coordinates": [ 8.4632938, 49.4919979 ] } },
{ "type": "Feature", "properties": { "id": "node/11465182369", "city": "mannheim", "uni": "hochschule", "category": "sporteinrichtungen", "name": "flow - yoga and more", "adress": "G7 30", "sportart": null, "lon": 8.4604639, "lat": 49.4922409 }, "geometry": { "type": "Point", "coordinates": [ 8.4604639, 49.4922409 ] } },
{ "type": "Feature", "properties": { "id": "node/11801691135", "city": "mannheim", "uni": "hochschule", "category": "sporteinrichtungen", "name": "House of Pilates", "adress": null, "sportart": null, "lon": 8.5188215, "lat": 49.5031286 }, "geometry": { "type": "Point", "coordinates": [ 8.5188215, 49.5031286 ] } },
{ "type": "Feature", "properties": { "id": "node/12383133135", "city": "mannheim", "uni": "hochschule", "category": "sporteinrichtungen", "name": "Soma Yoga", "adress": "Langstraße 7", "sportart": null, "lon": 8.4712291, "lat": 49.4966556 }, "geometry": { "type": "Point", "coordinates": [ 8.4712291, 49.4966556 ] } },
{ "type": "Feature", "properties": { "id": "node/13031534380", "city": "mannheim", "uni": "hochschule", "category": "sporteinrichtungen", "name": "FitX", "adress": null, "sportart": null, "lon": 8.4871165, "lat": 49.4655244 }, "geometry": { "type": "Point", "coordinates": [ 8.4871165, 49.4655244 ] } },
{ "type": "Feature", "properties": { "id": "node/13483980201", "city": "mannheim", "uni": "hochschule", "category": "sporteinrichtungen", "name": "maba! Padel Mannheim", "adress": "Wattstraße 23", "sportart": null, "lon": 8.4955792, "lat": 49.4647162 }, "geometry": { "type": "Point", "coordinates": [ 8.4955792, 49.4647162 ] } },
{ "type": "Feature", "properties": { "id": "node/13859591850", "city": "mannheim", "uni": "hochschule", "category": "sporteinrichtungen", "name": "K360 Sports", "adress": null, "sportart": null, "lon": 8.4879169, "lat": 49.4783798 }, "geometry": { "type": "Point", "coordinates": [ 8.4879169, 49.4783798 ] } },
{ "type": "Feature", "properties": { "id": "relation/8010088", "city": "mannheim", "uni": "hochschule", "category": "wohnheime", "name": "Wohnheim", "adress": null, "sportart": null, "lon": 8.4846154, "lat": 49.5247058 }, "geometry": { "type": "Point", "coordinates": [ 8.4846154, 49.5247058 ] } },
{ "type": "Feature", "properties": { "id": "way/110948488", "city": "mannheim", "uni": "hochschule", "category": "wohnheime", "name": "C", "adress": null, "sportart": null, "lon": 8.5128817, "lat": 49.4760989 }, "geometry": { "type": "Point", "coordinates": [ 8.5128817, 49.4760989 ] } },
{ "type": "Feature", "properties": { "id": "way/110948489", "city": "mannheim", "uni": "hochschule", "category": "wohnheime", "name": "B", "adress": null, "sportart": null, "lon": 8.5128634, "lat": 49.4756539 }, "geometry": { "type": "Point", "coordinates": [ 8.5128634, 49.4756539 ] } },
{ "type": "Feature", "properties": { "id": "way/119323314", "city": "mannheim", "uni": "hochschule", "category": "wohnheime", "name": "Studierendenwohnheim N6", "adress": "N6 8", "sportart": null, "lon": 8.4694879, "lat": 49.4844057 }, "geometry": { "type": "Point", "coordinates": [ 8.4694879, 49.4844057 ] } },
{ "type": "Feature", "properties": { "id": "way/142592444", "city": "mannheim", "uni": "hochschule", "category": "wohnheime", "name": "Wohnheim", "adress": null, "sportart": null, "lon": 8.4616466, "lat": 49.4900405 }, "geometry": { "type": "Point", "coordinates": [ 8.4616466, 49.4900405 ] } },
{ "type": "Feature", "properties": { "id": "way/142592445", "city": "mannheim", "uni": "hochschule", "category": "wohnheime", "name": "Wohnheim", "adress": null, "sportart": null, "lon": 8.4612952, "lat": 49.4898153 }, "geometry": { "type": "Point", "coordinates": [ 8.4612952, 49.4898153 ] } },
{ "type": "Feature", "properties": { "id": "way/148515473", "city": "mannheim", "uni": "hochschule", "category": "wohnheime", "name": "Studentenwohnhaus Augartenstraße", "adress": "Augartenstraße 112-114", "sportart": null, "lon": 8.4855653, "lat": 49.4744441 }, "geometry": { "type": "Point", "coordinates": [ 8.4855653, 49.4744441 ] } },
{ "type": "Feature", "properties": { "id": "way/150384643", "city": "mannheim", "uni": "hochschule", "category": "wohnheime", "name": "Studierendenwohnheim", "adress": "Hafenstraße 35", "sportart": null, "lon": 8.4572953, "lat": 49.4966955 }, "geometry": { "type": "Point", "coordinates": [ 8.4572953, 49.4966955 ] } },
{ "type": "Feature", "properties": { "id": "way/150384645", "city": "mannheim", "uni": "hochschule", "category": "wohnheime", "name": "Studierendenwohnheim", "adress": "Hafenstraße 37", "sportart": null, "lon": 8.457326, "lat": 49.4968668 }, "geometry": { "type": "Point", "coordinates": [ 8.457326, 49.4968668 ] } },
{ "type": "Feature", "properties": { "id": "way/150384649", "city": "mannheim", "uni": "hochschule", "category": "wohnheime", "name": "Studierendenwohnheim", "adress": "Hafenstraße 39", "sportart": null, "lon": 8.4573685, "lat": 49.4970806 }, "geometry": { "type": "Point", "coordinates": [ 8.4573685, 49.4970806 ] } },
{ "type": "Feature", "properties": { "id": "way/150384651", "city": "mannheim", "uni": "hochschule", "category": "wohnheime", "name": "Studierendenwohnheim", "adress": "Hafenstraße 41", "sportart": null, "lon": 8.4574, "lat": 49.4972497 }, "geometry": { "type": "Point", "coordinates": [ 8.4574, 49.4972497 ] } },
{ "type": "Feature", "properties": { "id": "way/150384652", "city": "mannheim", "uni": "hochschule", "category": "wohnheime", "name": "Studierendenwohnheim", "adress": "Hafenstraße 43", "sportart": null, "lon": 8.4574749, "lat": 49.4974587 }, "geometry": { "type": "Point", "coordinates": [ 8.4574749, 49.4974587 ] } },
{ "type": "Feature", "properties": { "id": "way/150384653", "city": "mannheim", "uni": "hochschule", "category": "wohnheime", "name": "Studierendenwohnheim", "adress": "Hafenstraße 45", "sportart": null, "lon": 8.4575073, "lat": 49.4976274 }, "geometry": { "type": "Point", "coordinates": [ 8.4575073, 49.4976274 ] } },
{ "type": "Feature", "properties": { "id": "way/150817460", "city": "mannheim", "uni": "hochschule", "category": "wohnheime", "name": "Wohnheim", "adress": "Neckarauer Straße 167", "sportart": null, "lon": 8.4876786, "lat": 49.4637407 }, "geometry": { "type": "Point", "coordinates": [ 8.4876786, 49.4637407 ] } },
{ "type": "Feature", "properties": { "id": "way/150817461", "city": "mannheim", "uni": "hochschule", "category": "wohnheime", "name": "Wohnheim", "adress": "Neckarauer Straße 169", "sportart": null, "lon": 8.4875642, "lat": 49.4638863 }, "geometry": { "type": "Point", "coordinates": [ 8.4875642, 49.4638863 ] } },
{ "type": "Feature", "properties": { "id": "way/150817462", "city": "mannheim", "uni": "hochschule", "category": "wohnheime", "name": "Wohnheim", "adress": "Neckarauer Straße 171", "sportart": null, "lon": 8.4874399, "lat": 49.4640399 }, "geometry": { "type": "Point", "coordinates": [ 8.4874399, 49.4640399 ] } },
{ "type": "Feature", "properties": { "id": "way/150817463", "city": "mannheim", "uni": "hochschule", "category": "wohnheime", "name": "Wohnheim", "adress": "Neckarauer Straße 173", "sportart": null, "lon": 8.4873352, "lat": 49.4641872 }, "geometry": { "type": "Point", "coordinates": [ 8.4873352, 49.4641872 ] } },
{ "type": "Feature", "properties": { "id": "way/151651652", "city": "mannheim", "uni": "hochschule", "category": "wohnheime", "name": "Wohnheim", "adress": null, "sportart": null, "lon": 8.4619753, "lat": 49.4900573 }, "geometry": { "type": "Point", "coordinates": [ 8.4619753, 49.4900573 ] } },
{ "type": "Feature", "properties": { "id": "way/152595728", "city": "mannheim", "uni": "hochschule", "category": "wohnheime", "name": "Wohnheim", "adress": "Hans-Sachs-Ring 1", "sportart": null, "lon": 8.4809443, "lat": 49.4565666 }, "geometry": { "type": "Point", "coordinates": [ 8.4809443, 49.4565666 ] } },
{ "type": "Feature", "properties": { "id": "way/152595729", "city": "mannheim", "uni": "hochschule", "category": "wohnheime", "name": "Wohnheim", "adress": "Hans-Sachs-Ring 3", "sportart": null, "lon": 8.4806969, "lat": 49.4564923 }, "geometry": { "type": "Point", "coordinates": [ 8.4806969, 49.4564923 ] } },
{ "type": "Feature", "properties": { "id": "way/152595730", "city": "mannheim", "uni": "hochschule", "category": "wohnheime", "name": "Wohnheim", "adress": "Hans-Sachs-Ring 5", "sportart": null, "lon": 8.4804574, "lat": 49.4564185 }, "geometry": { "type": "Point", "coordinates": [ 8.4804574, 49.4564185 ] } },
{ "type": "Feature", "properties": { "id": "way/152595731", "city": "mannheim", "uni": "hochschule", "category": "wohnheime", "name": "Wohnheim", "adress": "Steubenstraße 80", "sportart": null, "lon": 8.4810809, "lat": 49.4564671 }, "geometry": { "type": "Point", "coordinates": [ 8.4810809, 49.4564671 ] } },
{ "type": "Feature", "properties": { "id": "way/162151442", "city": "mannheim", "uni": "hochschule", "category": "wohnheime", "name": "Studentenwohnheim Eastsite", "adress": "Seckenheimer Landstraße 4a", "sportart": null, "lon": 8.5068655, "lat": 49.4769544 }, "geometry": { "type": "Point", "coordinates": [ 8.5068655, 49.4769544 ] } },
{ "type": "Feature", "properties": { "id": "way/162152460", "city": "mannheim", "uni": "hochschule", "category": "wohnheime", "name": "A", "adress": null, "sportart": null, "lon": 8.5121875, "lat": 49.4756151 }, "geometry": { "type": "Point", "coordinates": [ 8.5121875, 49.4756151 ] } },
{ "type": "Feature", "properties": { "id": "way/162614773", "city": "mannheim", "uni": "hochschule", "category": "wohnheime", "name": "Wohnheim", "adress": null, "sportart": null, "lon": 8.492639, "lat": 49.5326511 }, "geometry": { "type": "Point", "coordinates": [ 8.492639, 49.5326511 ] } },
{ "type": "Feature", "properties": { "id": "way/163630158", "city": "mannheim", "uni": "hochschule", "category": "wohnheime", "name": "4242", "adress": null, "sportart": null, "lon": 8.5643466, "lat": 49.4030691 }, "geometry": { "type": "Point", "coordinates": [ 8.5643466, 49.4030691 ] } },
{ "type": "Feature", "properties": { "id": "way/163630166", "city": "mannheim", "uni": "hochschule", "category": "wohnheime", "name": "Wohnheim", "adress": null, "sportart": null, "lon": 8.5644864, "lat": 49.4021209 }, "geometry": { "type": "Point", "coordinates": [ 8.5644864, 49.4021209 ] } },
{ "type": "Feature", "properties": { "id": "way/166051776", "city": "mannheim", "uni": "hochschule", "category": "wohnheime", "name": "Wohnheim", "adress": null, "sportart": null, "lon": 8.4565392, "lat": 49.4888461 }, "geometry": { "type": "Point", "coordinates": [ 8.4565392, 49.4888461 ] } },
{ "type": "Feature", "properties": { "id": "way/166051782", "city": "mannheim", "uni": "hochschule", "category": "wohnheime", "name": "Wohnheim", "adress": null, "sportart": null, "lon": 8.4566011, "lat": 49.4889723 }, "geometry": { "type": "Point", "coordinates": [ 8.4566011, 49.4889723 ] } },
{ "type": "Feature", "properties": { "id": "way/166336017", "city": "mannheim", "uni": "hochschule", "category": "wohnheime", "name": "CAMPUS68", "adress": "Käthe-Kollwitz-Straße 15", "sportart": null, "lon": 8.4728281, "lat": 49.5063202 }, "geometry": { "type": "Point", "coordinates": [ 8.4728281, 49.5063202 ] } },
{ "type": "Feature", "properties": { "id": "way/171677979", "city": "mannheim", "uni": "hochschule", "category": "wohnheime", "name": "Wohnheim", "adress": "Heinigstraße 13", "sportart": null, "lon": 8.44419, "lat": 49.4773286 }, "geometry": { "type": "Point", "coordinates": [ 8.44419, 49.4773286 ] } },
{ "type": "Feature", "properties": { "id": "way/192987585", "city": "mannheim", "uni": "hochschule", "category": "wohnheime", "name": "Studentenwohnhaus G7, 28", "adress": null, "sportart": null, "lon": 8.4600395, "lat": 49.4922217 }, "geometry": { "type": "Point", "coordinates": [ 8.4600395, 49.4922217 ] } },
{ "type": "Feature", "properties": { "id": "way/197559085", "city": "mannheim", "uni": "hochschule", "category": "wohnheime", "name": "Alfred-Delp-Haus", "adress": null, "sportart": null, "lon": 8.4608487, "lat": 49.4893579 }, "geometry": { "type": "Point", "coordinates": [ 8.4608487, 49.4893579 ] } },
{ "type": "Feature", "properties": { "id": "way/197559107", "city": "mannheim", "uni": "hochschule", "category": "wohnheime", "name": "Katholische Hochschulgemeinde", "adress": null, "sportart": null, "lon": 8.4607416, "lat": 49.4891695 }, "geometry": { "type": "Point", "coordinates": [ 8.4607416, 49.4891695 ] } },
{ "type": "Feature", "properties": { "id": "way/217619054", "city": "mannheim", "uni": "hochschule", "category": "wohnheime", "name": "TDB Bildungsverein e.V. Wohnheim", "adress": "Schulstraße 105", "sportart": null, "lon": 8.4917788, "lat": 49.4606667 }, "geometry": { "type": "Point", "coordinates": [ 8.4917788, 49.4606667 ] } },
{ "type": "Feature", "properties": { "id": "way/218557265", "city": "mannheim", "uni": "hochschule", "category": "wohnheime", "name": "Wohnheim", "adress": "Speyerer Straße 39", "sportart": null, "lon": 8.4795721, "lat": 49.4661524 }, "geometry": { "type": "Point", "coordinates": [ 8.4795721, 49.4661524 ] } },
{ "type": "Feature", "properties": { "id": "way/218557267", "city": "mannheim", "uni": "hochschule", "category": "wohnheime", "name": "Wohnheim", "adress": "Speyerer Straße 41", "sportart": null, "lon": 8.4793734, "lat": 49.4660615 }, "geometry": { "type": "Point", "coordinates": [ 8.4793734, 49.4660615 ] } },
{ "type": "Feature", "properties": { "id": "way/218557274", "city": "mannheim", "uni": "hochschule", "category": "wohnheime", "name": "Wohnheim", "adress": "Speyerer Straße 55", "sportart": null, "lon": 8.4777078, "lat": 49.4653988 }, "geometry": { "type": "Point", "coordinates": [ 8.4777078, 49.4653988 ] } },
{ "type": "Feature", "properties": { "id": "way/218557275", "city": "mannheim", "uni": "hochschule", "category": "wohnheime", "name": "Wohnheim", "adress": "Speyerer Straße 57", "sportart": null, "lon": 8.4774923, "lat": 49.4653268 }, "geometry": { "type": "Point", "coordinates": [ 8.4774923, 49.4653268 ] } },
{ "type": "Feature", "properties": { "id": "way/223921899", "city": "mannheim", "uni": "hochschule", "category": "wohnheime", "name": "Studentenwohnheim", "adress": "Pettenkoferstraße 19", "sportart": null, "lon": 8.4713024, "lat": 49.5041487 }, "geometry": { "type": "Point", "coordinates": [ 8.4713024, 49.5041487 ] } },
{ "type": "Feature", "properties": { "id": "way/226746496", "city": "mannheim", "uni": "hochschule", "category": "wohnheime", "name": "Wohnheim", "adress": null, "sportart": null, "lon": 8.5090235, "lat": 49.5304083 }, "geometry": { "type": "Point", "coordinates": [ 8.5090235, 49.5304083 ] } },
{ "type": "Feature", "properties": { "id": "way/226746544", "city": "mannheim", "uni": "hochschule", "category": "wohnheime", "name": "Wohnheim", "adress": null, "sportart": null, "lon": 8.5077149, "lat": 49.5300721 }, "geometry": { "type": "Point", "coordinates": [ 8.5077149, 49.5300721 ] } },
{ "type": "Feature", "properties": { "id": "way/226746590", "city": "mannheim", "uni": "hochschule", "category": "wohnheime", "name": "Wohnheim", "adress": "Rottannenweg 70", "sportart": null, "lon": 8.5078805, "lat": 49.5303129 }, "geometry": { "type": "Point", "coordinates": [ 8.5078805, 49.5303129 ] } },
{ "type": "Feature", "properties": { "id": "way/226746591", "city": "mannheim", "uni": "hochschule", "category": "wohnheime", "name": "Wohnheim", "adress": null, "sportart": null, "lon": 8.5078286, "lat": 49.5303417 }, "geometry": { "type": "Point", "coordinates": [ 8.5078286, 49.5303417 ] } },
{ "type": "Feature", "properties": { "id": "way/270847418", "city": "mannheim", "uni": "hochschule", "category": "wohnheime", "name": "Wohnheim", "adress": "Wetzlarer Winkel 10", "sportart": null, "lon": 8.4921816, "lat": 49.5231262 }, "geometry": { "type": "Point", "coordinates": [ 8.4921816, 49.5231262 ] } },
{ "type": "Feature", "properties": { "id": "way/290258034", "city": "mannheim", "uni": "hochschule", "category": "wohnheime", "name": "Wohnheim", "adress": "Planetenweg 19", "sportart": null, "lon": 8.508373, "lat": 49.524172 }, "geometry": { "type": "Point", "coordinates": [ 8.508373, 49.524172 ] } },
{ "type": "Feature", "properties": { "id": "way/300642718", "city": "mannheim", "uni": "hochschule", "category": "wohnheime", "name": "Wohnheim", "adress": null, "sportart": null, "lon": 8.5079019, "lat": 49.5254898 }, "geometry": { "type": "Point", "coordinates": [ 8.5079019, 49.5254898 ] } },
{ "type": "Feature", "properties": { "id": "way/304769189", "city": "mannheim", "uni": "hochschule", "category": "wohnheime", "name": "Wohnheim", "adress": null, "sportart": null, "lon": 8.5986359, "lat": 49.4947516 }, "geometry": { "type": "Point", "coordinates": [ 8.5986359, 49.4947516 ] } },
{ "type": "Feature", "properties": { "id": "way/317827300", "city": "mannheim", "uni": "hochschule", "category": "wohnheime", "name": "Wohnheim", "adress": null, "sportart": null, "lon": 8.4567881, "lat": 49.48883 }, "geometry": { "type": "Point", "coordinates": [ 8.4567881, 49.48883 ] } },
{ "type": "Feature", "properties": { "id": "way/322078678", "city": "mannheim", "uni": "hochschule", "category": "wohnheime", "name": "Wohnheim", "adress": null, "sportart": null, "lon": 8.4599366, "lat": 49.4925343 }, "geometry": { "type": "Point", "coordinates": [ 8.4599366, 49.4925343 ] } },
{ "type": "Feature", "properties": { "id": "way/322435762", "city": "mannheim", "uni": "hochschule", "category": "wohnheime", "name": "Christliches Studentenwohnheim Haus Friede", "adress": null, "sportart": null, "lon": 8.4676964, "lat": 49.4934119 }, "geometry": { "type": "Point", "coordinates": [ 8.4676964, 49.4934119 ] } },
{ "type": "Feature", "properties": { "id": "way/326051227", "city": "mannheim", "uni": "hochschule", "category": "wohnheime", "name": "Wohnheim", "adress": "Mörikestraße 18", "sportart": null, "lon": 8.3654134, "lat": 49.4881016 }, "geometry": { "type": "Point", "coordinates": [ 8.3654134, 49.4881016 ] } },
{ "type": "Feature", "properties": { "id": "way/326051248", "city": "mannheim", "uni": "hochschule", "category": "wohnheime", "name": "Wohnheim", "adress": "Mörikestraße 20", "sportart": null, "lon": 8.3653271, "lat": 49.4882768 }, "geometry": { "type": "Point", "coordinates": [ 8.3653271, 49.4882768 ] } },
{ "type": "Feature", "properties": { "id": "way/326051263", "city": "mannheim", "uni": "hochschule", "category": "wohnheime", "name": "Wohnheim", "adress": "Mörikestraße 22", "sportart": null, "lon": 8.3652168, "lat": 49.4885194 }, "geometry": { "type": "Point", "coordinates": [ 8.3652168, 49.4885194 ] } },
{ "type": "Feature", "properties": { "id": "way/332372124", "city": "mannheim", "uni": "hochschule", "category": "wohnheime", "name": "Wohnheim", "adress": "Speyerer Straße 43", "sportart": null, "lon": 8.4790898, "lat": 49.4658872 }, "geometry": { "type": "Point", "coordinates": [ 8.4790898, 49.4658872 ] } },
{ "type": "Feature", "properties": { "id": "way/332372126", "city": "mannheim", "uni": "hochschule", "category": "wohnheime", "name": "Wohnheim", "adress": "Speyerer Straße 45", "sportart": null, "lon": 8.4788863, "lat": 49.4658068 }, "geometry": { "type": "Point", "coordinates": [ 8.4788863, 49.4658068 ] } },
{ "type": "Feature", "properties": { "id": "way/332372128", "city": "mannheim", "uni": "hochschule", "category": "wohnheime", "name": "Wohnheim", "adress": "Speyerer Straße 47", "sportart": null, "lon": 8.4786828, "lat": 49.4657264 }, "geometry": { "type": "Point", "coordinates": [ 8.4786828, 49.4657264 ] } },
{ "type": "Feature", "properties": { "id": "way/332372130", "city": "mannheim", "uni": "hochschule", "category": "wohnheime", "name": "Wohnheim", "adress": "Speyerer Straße 49", "sportart": null, "lon": 8.4784794, "lat": 49.4656459 }, "geometry": { "type": "Point", "coordinates": [ 8.4784794, 49.4656459 ] } },
{ "type": "Feature", "properties": { "id": "way/332372132", "city": "mannheim", "uni": "hochschule", "category": "wohnheime", "name": "Wohnheim", "adress": "Speyerer Straße 51", "sportart": null, "lon": 8.4782759, "lat": 49.4655655 }, "geometry": { "type": "Point", "coordinates": [ 8.4782759, 49.4655655 ] } },
{ "type": "Feature", "properties": { "id": "way/332372134", "city": "mannheim", "uni": "hochschule", "category": "wohnheime", "name": "Wohnheim", "adress": "Speyerer Straße 53", "sportart": null, "lon": 8.4780724, "lat": 49.4654851 }, "geometry": { "type": "Point", "coordinates": [ 8.4780724, 49.4654851 ] } },
{ "type": "Feature", "properties": { "id": "way/512317063", "city": "mannheim", "uni": "hochschule", "category": "wohnheime", "name": "Studentenwohnheim", "adress": "Oskar-Meixner-Straße 8", "sportart": null, "lon": 8.4860487, "lat": 49.4694647 }, "geometry": { "type": "Point", "coordinates": [ 8.4860487, 49.4694647 ] } },
{ "type": "Feature", "properties": { "id": "way/871673939", "city": "mannheim", "uni": "hochschule", "category": "wohnheime", "name": "Wohnheim", "adress": null, "sportart": null, "lon": 8.4613562, "lat": 49.4899039 }, "geometry": { "type": "Point", "coordinates": [ 8.4613562, 49.4899039 ] } },
{ "type": "Feature", "properties": { "id": "way/943852731", "city": "mannheim", "uni": "hochschule", "category": "wohnheime", "name": "Wohnheim", "adress": null, "sportart": null, "lon": 8.5096935, "lat": 49.4759399 }, "geometry": { "type": "Point", "coordinates": [ 8.5096935, 49.4759399 ] } },
{ "type": "Feature", "properties": { "id": "way/943852732", "city": "mannheim", "uni": "hochschule", "category": "wohnheime", "name": "Wohnheim", "adress": null, "sportart": null, "lon": 8.5094553, "lat": 49.4757463 }, "geometry": { "type": "Point", "coordinates": [ 8.5094553, 49.4757463 ] } },
{ "type": "Feature", "properties": { "id": "way/943852733", "city": "mannheim", "uni": "hochschule", "category": "wohnheime", "name": "Wohnheim", "adress": null, "sportart": null, "lon": 8.5093329, "lat": 49.4761991 }, "geometry": { "type": "Point", "coordinates": [ 8.5093329, 49.4761991 ] } },
{ "type": "Feature", "properties": { "id": "way/943852734", "city": "mannheim", "uni": "hochschule", "category": "wohnheime", "name": "Wohnheim", "adress": null, "sportart": null, "lon": 8.509031, "lat": 49.4760692 }, "geometry": { "type": "Point", "coordinates": [ 8.509031, 49.4760692 ] } },
{ "type": "Feature", "properties": { "id": "way/943852735", "city": "mannheim", "uni": "hochschule", "category": "wohnheime", "name": "Wohnheim", "adress": null, "sportart": null, "lon": 8.5086345, "lat": 49.4761156 }, "geometry": { "type": "Point", "coordinates": [ 8.5086345, 49.4761156 ] } },
{ "type": "Feature", "properties": { "id": "way/943852736", "city": "mannheim", "uni": "hochschule", "category": "wohnheime", "name": "Wohnheim", "adress": null, "sportart": null, "lon": 8.5084393, "lat": 49.4763429 }, "geometry": { "type": "Point", "coordinates": [ 8.5084393, 49.4763429 ] } },
{ "type": "Feature", "properties": { "id": "way/943852737", "city": "mannheim", "uni": "hochschule", "category": "wohnheime", "name": "Wohnheim", "adress": null, "sportart": null, "lon": 8.5080744, "lat": 49.4759359 }, "geometry": { "type": "Point", "coordinates": [ 8.5080744, 49.4759359 ] } },
{ "type": "Feature", "properties": { "id": "way/943852738", "city": "mannheim", "uni": "hochschule", "category": "wohnheime", "name": "Wohnheim", "adress": null, "sportart": null, "lon": 8.5079031, "lat": 49.4761587 }, "geometry": { "type": "Point", "coordinates": [ 8.5079031, 49.4761587 ] } },
{ "type": "Feature", "properties": { "id": "way/1011261436", "city": "mannheim", "uni": "hochschule", "category": "wohnheime", "name": "Roman-Nitsch-Haus", "adress": null, "sportart": null, "lon": 8.4839517, "lat": 49.5240734 }, "geometry": { "type": "Point", "coordinates": [ 8.4839517, 49.5240734 ] } },
{ "type": "Feature", "properties": { "id": "way/1223583462", "city": "mannheim", "uni": "hochschule", "category": "wohnheime", "name": "Wohnheim", "adress": null, "sportart": null, "lon": 8.4618239, "lat": 49.4896302 }, "geometry": { "type": "Point", "coordinates": [ 8.4618239, 49.4896302 ] } },
{ "type": "Feature", "properties": { "id": "way/1274046141", "city": "mannheim", "uni": "hochschule", "category": "wohnheime", "name": "Wohnheim", "adress": null, "sportart": null, "lon": 8.5383658, "lat": 49.4108441 }, "geometry": { "type": "Point", "coordinates": [ 8.5383658, 49.4108441 ] } },
{ "type": "Feature", "properties": { "id": "way/1443816546", "city": "mannheim", "uni": "hochschule", "category": "wohnheime", "name": "Wohnheim", "adress": null, "sportart": null, "lon": 8.4589776, "lat": 49.4880807 }, "geometry": { "type": "Point", "coordinates": [ 8.4589776, 49.4880807 ] } },
{ "type": "Feature", "properties": { "id": "way/1462146751", "city": "mannheim", "uni": "hochschule", "category": "wohnheime", "name": "Wohnheim", "adress": null, "sportart": null, "lon": 8.4572239, "lat": 49.4886944 }, "geometry": { "type": "Point", "coordinates": [ 8.4572239, 49.4886944 ] } },
{ "type": "Feature", "properties": { "id": "way/1462146752", "city": "mannheim", "uni": "hochschule", "category": "wohnheime", "name": "Wohnheim", "adress": null, "sportart": null, "lon": 8.4569145, "lat": 49.4886449 }, "geometry": { "type": "Point", "coordinates": [ 8.4569145, 49.4886449 ] } },
{ "type": "Feature", "properties": { "id": "node/25439439", "city": "mannheim", "uni": "uni", "category": "bahnhoefe", "name": "Mannheim Hauptbahnhof", "adress": null, "sportart": null, "lon": 8.4694107, "lat": 49.4792363 }, "geometry": { "type": "Point", "coordinates": [ 8.4694107, 49.4792363 ] } },
{ "type": "Feature", "properties": { "id": "node/60459785", "city": "mannheim", "uni": "uni", "category": "bahnhoefe", "name": "Mannheim-Waldhof", "adress": null, "sportart": null, "lon": 8.4825676, "lat": 49.5261774 }, "geometry": { "type": "Point", "coordinates": [ 8.4825676, 49.5261774 ] } },
{ "type": "Feature", "properties": { "id": "node/259132917", "city": "mannheim", "uni": "uni", "category": "bahnhoefe", "name": "Ludwigshafen-Mundenheim", "adress": null, "sportart": null, "lon": 8.4208339, "lat": 49.4612724 }, "geometry": { "type": "Point", "coordinates": [ 8.4208339, 49.4612724 ] } },
{ "type": "Feature", "properties": { "id": "node/2950551727", "city": "mannheim", "uni": "uni", "category": "bahnhoefe", "name": "Mannheim-Neckarau", "adress": null, "sportart": null, "lon": 8.4946502, "lat": 49.4557572 }, "geometry": { "type": "Point", "coordinates": [ 8.4946502, 49.4557572 ] } },
{ "type": "Feature", "properties": { "id": "node/3265807466", "city": "mannheim", "uni": "uni", "category": "bahnhoefe", "name": "Ludwigshafen-Rheingönheim", "adress": null, "sportart": null, "lon": 8.4092521, "lat": 49.4471747 }, "geometry": { "type": "Point", "coordinates": [ 8.4092521, 49.4471747 ] } },
{ "type": "Feature", "properties": { "id": "node/3419993110", "city": "mannheim", "uni": "uni", "category": "bahnhoefe", "name": "Mannheim-Käfertal", "adress": null, "sportart": null, "lon": 8.5038114, "lat": 49.5014671 }, "geometry": { "type": "Point", "coordinates": [ 8.5038114, 49.5014671 ] } },
{ "type": "Feature", "properties": { "id": "node/3657001833", "city": "mannheim", "uni": "uni", "category": "bahnhoefe", "name": "Mannheim Handelshafen/Jungbusch", "adress": null, "sportart": null, "lon": 8.4539425, "lat": 49.4927322 }, "geometry": { "type": "Point", "coordinates": [ 8.4539425, 49.4927322 ] } },
{ "type": "Feature", "properties": { "id": "node/3822913060", "city": "mannheim", "uni": "uni", "category": "bahnhoefe", "name": "Mannheim-Neckarstadt", "adress": null, "sportart": null, "lon": 8.4606257, "lat": 49.5046094 }, "geometry": { "type": "Point", "coordinates": [ 8.4606257, 49.5046094 ] } },
{ "type": "Feature", "properties": { "id": "node/3823497763", "city": "mannheim", "uni": "uni", "category": "bahnhoefe", "name": "Mannheim-Luzenberg", "adress": null, "sportart": null, "lon": 8.4783424, "lat": 49.5176596 }, "geometry": { "type": "Point", "coordinates": [ 8.4783424, 49.5176596 ] } },
{ "type": "Feature", "properties": { "id": "node/4831509038", "city": "mannheim", "uni": "uni", "category": "bahnhoefe", "name": "Limburgerhof", "adress": null, "sportart": null, "lon": 8.390697, "lat": 49.4241965 }, "geometry": { "type": "Point", "coordinates": [ 8.390697, 49.4241965 ] } },
{ "type": "Feature", "properties": { "id": "node/5108659830", "city": "mannheim", "uni": "uni", "category": "bahnhoefe", "name": "Ludwigshafen (Rhein) Mitte", "adress": null, "sportart": null, "lon": 8.4528731, "lat": 49.4792999 }, "geometry": { "type": "Point", "coordinates": [ 8.4528731, 49.4792999 ] } },
{ "type": "Feature", "properties": { "id": "way/28300387", "city": "mannheim", "uni": "uni", "category": "sporteinrichtungen", "name": "Sportpark Pfeifferswörth", "adress": null, "sportart": null, "lon": 8.5059573, "lat": 49.4877656 }, "geometry": { "type": "Point", "coordinates": [ 8.5059573, 49.4877656 ] } },
{ "type": "Feature", "properties": { "id": "way/28441422", "city": "mannheim", "uni": "uni", "category": "sporteinrichtungen", "name": "Sportpark Neckarplatt", "adress": null, "sportart": null, "lon": 8.51598, "lat": 49.4853584 }, "geometry": { "type": "Point", "coordinates": [ 8.51598, 49.4853584 ] } },
{ "type": "Feature", "properties": { "id": "way/28442113", "city": "mannheim", "uni": "uni", "category": "sporteinrichtungen", "name": "Schützengesellschaft 1744 Mannheim", "adress": null, "sportart": null, "lon": 8.5111199, "lat": 49.4904648 }, "geometry": { "type": "Point", "coordinates": [ 8.5111199, 49.4904648 ] } },
{ "type": "Feature", "properties": { "id": "way/35148670", "city": "mannheim", "uni": "uni", "category": "sporteinrichtungen", "name": "Rhein-Neckar-Sporthalle", "adress": "Theodor-Heuss-Anlage 17", "sportart": null, "lon": 8.4999382, "lat": 49.4785092 }, "geometry": { "type": "Point", "coordinates": [ 8.4999382, 49.4785092 ] } },
{ "type": "Feature", "properties": { "id": "way/35148682", "city": "mannheim", "uni": "uni", "category": "sporteinrichtungen", "name": "Sporteinrichtung", "adress": null, "sportart": null, "lon": 8.5036147, "lat": 49.4786042 }, "geometry": { "type": "Point", "coordinates": [ 8.5036147, 49.4786042 ] } },
{ "type": "Feature", "properties": { "id": "way/35200336", "city": "mannheim", "uni": "uni", "category": "sporteinrichtungen", "name": "Sporteinrichtung", "adress": null, "sportart": null, "lon": 8.5020714, "lat": 49.4783941 }, "geometry": { "type": "Point", "coordinates": [ 8.5020714, 49.4783941 ] } },
{ "type": "Feature", "properties": { "id": "way/38444448", "city": "mannheim", "uni": "uni", "category": "sporteinrichtungen", "name": "Maimarktgelände Turnierplatz", "adress": null, "sportart": null, "lon": 8.5272461, "lat": 49.4667089 }, "geometry": { "type": "Point", "coordinates": [ 8.5272461, 49.4667089 ] } },
{ "type": "Feature", "properties": { "id": "way/41837036", "city": "mannheim", "uni": "uni", "category": "sporteinrichtungen", "name": "VeniceBeach Mannheim Neckarau", "adress": "Pfingstweidstraße 18", "sportart": null, "lon": 8.5005283, "lat": 49.4605517 }, "geometry": { "type": "Point", "coordinates": [ 8.5005283, 49.4605517 ] } },
{ "type": "Feature", "properties": { "id": "way/42383519", "city": "mannheim", "uni": "uni", "category": "sporteinrichtungen", "name": "GBG Halle am Herzogenried", "adress": "August-Kuhn-Straße 35", "sportart": null, "lon": 8.4808766, "lat": 49.5016307 }, "geometry": { "type": "Point", "coordinates": [ 8.4808766, 49.5016307 ] } },
{ "type": "Feature", "properties": { "id": "way/42469210", "city": "mannheim", "uni": "uni", "category": "sporteinrichtungen", "name": "Gartenhallenbad Neckarau", "adress": "Marguerrestraße 11", "sportart": null, "lon": 8.4895095, "lat": 49.4474046 }, "geometry": { "type": "Point", "coordinates": [ 8.4895095, 49.4474046 ] } },
{ "type": "Feature", "properties": { "id": "way/48426343", "city": "mannheim", "uni": "uni", "category": "sporteinrichtungen", "name": "Leichtathletikhalle", "adress": "Erich-Reimann-Straße 90", "sportart": null, "lon": 8.4398545, "lat": 49.466885 }, "geometry": { "type": "Point", "coordinates": [ 8.4398545, 49.466885 ] } },
{ "type": "Feature", "properties": { "id": "way/49214620", "city": "mannheim", "uni": "uni", "category": "sporteinrichtungen", "name": "Ludwigshafener Ruderverein - Hugo-Rothstein-Gelände", "adress": null, "sportart": null, "lon": 8.4620413, "lat": 49.4384327 }, "geometry": { "type": "Point", "coordinates": [ 8.4620413, 49.4384327 ] } },
{ "type": "Feature", "properties": { "id": "way/49214621", "city": "mannheim", "uni": "uni", "category": "sporteinrichtungen", "name": "Wasserskiclub Kurpfalz", "adress": null, "sportart": null, "lon": 8.4630388, "lat": 49.4384912 }, "geometry": { "type": "Point", "coordinates": [ 8.4630388, 49.4384912 ] } },
{ "type": "Feature", "properties": { "id": "way/51854390", "city": "mannheim", "uni": "uni", "category": "sporteinrichtungen", "name": "Paddler-Gilde Ludwigshafen", "adress": null, "sportart": null, "lon": 8.4632686, "lat": 49.4415252 }, "geometry": { "type": "Point", "coordinates": [ 8.4632686, 49.4415252 ] } },
{ "type": "Feature", "properties": { "id": "way/51854391", "city": "mannheim", "uni": "uni", "category": "sporteinrichtungen", "name": "Eisenbahnersportverein von 1927, Abteilung Kanu", "adress": null, "sportart": null, "lon": 8.464448, "lat": 49.44143 }, "geometry": { "type": "Point", "coordinates": [ 8.464448, 49.44143 ] } },
{ "type": "Feature", "properties": { "id": "way/52562773", "city": "mannheim", "uni": "uni", "category": "sporteinrichtungen", "name": "Friedrich-Ebert-Halle", "adress": "Erzbergerstraße 89", "sportart": null, "lon": 8.4129977, "lat": 49.4913611 }, "geometry": { "type": "Point", "coordinates": [ 8.4129977, 49.4913611 ] } },
{ "type": "Feature", "properties": { "id": "way/61691778", "city": "mannheim", "uni": "uni", "category": "sporteinrichtungen", "name": "FitBase Mannheim Käfertal", "adress": "Heppenheimer Straße 27-29", "sportart": null, "lon": 8.5208919, "lat": 49.5088707 }, "geometry": { "type": "Point", "coordinates": [ 8.5208919, 49.5088707 ] } },
{ "type": "Feature", "properties": { "id": "way/88307389", "city": "mannheim", "uni": "uni", "category": "sporteinrichtungen", "name": "TSV Badenia Feudenheim 1889", "adress": null, "sportart": null, "lon": 8.5166968, "lat": 49.4850468 }, "geometry": { "type": "Point", "coordinates": [ 8.5166968, 49.4850468 ] } },
{ "type": "Feature", "properties": { "id": "way/96752375", "city": "mannheim", "uni": "uni", "category": "sporteinrichtungen", "name": "McFit", "adress": "Neckarauer Straße 90", "sportart": null, "lon": 8.4900069, "lat": 49.4623032 }, "geometry": { "type": "Point", "coordinates": [ 8.4900069, 49.4623032 ] } },
{ "type": "Feature", "properties": { "id": "way/101984648", "city": "mannheim", "uni": "uni", "category": "sporteinrichtungen", "name": "TFC - 1861 e.V. Ludwigshafen", "adress": "Parkstraße 43", "sportart": null, "lon": 8.4598745, "lat": 49.469031 }, "geometry": { "type": "Point", "coordinates": [ 8.4598745, 49.469031 ] } },
{ "type": "Feature", "properties": { "id": "way/103639720", "city": "mannheim", "uni": "uni", "category": "sporteinrichtungen", "name": "Städt. Sportanlage Speckweg", "adress": null, "sportart": null, "lon": 8.4981542, "lat": 49.5213972 }, "geometry": { "type": "Point", "coordinates": [ 8.4981542, 49.5213972 ] } },
{ "type": "Feature", "properties": { "id": "way/122352744", "city": "mannheim", "uni": "uni", "category": "sporteinrichtungen", "name": "SC 1910 Mannheim Käfertal", "adress": null, "sportart": null, "lon": 8.5055387, "lat": 49.5158244 }, "geometry": { "type": "Point", "coordinates": [ 8.5055387, 49.5158244 ] } },
{ "type": "Feature", "properties": { "id": "way/133355532", "city": "mannheim", "uni": "uni", "category": "sporteinrichtungen", "name": "Günter-Braun-Sporthalle", "adress": "Eschenbachstraße 85", "sportart": null, "lon": 8.4128914, "lat": 49.5023384 }, "geometry": { "type": "Point", "coordinates": [ 8.4128914, 49.5023384 ] } },
{ "type": "Feature", "properties": { "id": "way/135267388", "city": "mannheim", "uni": "uni", "category": "sporteinrichtungen", "name": "Tennisclub Gelb-Weiß Ludwigshafen e.V.", "adress": null, "sportart": null, "lon": 8.4178049, "lat": 49.4774831 }, "geometry": { "type": "Point", "coordinates": [ 8.4178049, 49.4774831 ] } },
{ "type": "Feature", "properties": { "id": "way/143374851", "city": "mannheim", "uni": "uni", "category": "sporteinrichtungen", "name": "Sporteinrichtung", "adress": null, "sportart": null, "lon": 8.4653991, "lat": 49.4935867 }, "geometry": { "type": "Point", "coordinates": [ 8.4653991, 49.4935867 ] } },
{ "type": "Feature", "properties": { "id": "way/149758120", "city": "mannheim", "uni": "uni", "category": "sporteinrichtungen", "name": "Sporteinrichtung", "adress": null, "sportart": null, "lon": 8.4791564, "lat": 49.4856642 }, "geometry": { "type": "Point", "coordinates": [ 8.4791564, 49.4856642 ] } },
{ "type": "Feature", "properties": { "id": "way/150893557", "city": "mannheim", "uni": "uni", "category": "sporteinrichtungen", "name": "Sporthalle", "adress": null, "sportart": null, "lon": 8.470722, "lat": 49.4614464 }, "geometry": { "type": "Point", "coordinates": [ 8.470722, 49.4614464 ] } },
{ "type": "Feature", "properties": { "id": "way/151894729", "city": "mannheim", "uni": "uni", "category": "sporteinrichtungen", "name": "TV 1880 Käfertal e. V.", "adress": null, "sportart": null, "lon": 8.5153404, "lat": 49.5038825 }, "geometry": { "type": "Point", "coordinates": [ 8.5153404, 49.5038825 ] } },
{ "type": "Feature", "properties": { "id": "way/151895138", "city": "mannheim", "uni": "uni", "category": "sporteinrichtungen", "name": "Sportanlage Käfertal-Süd", "adress": null, "sportart": null, "lon": 8.5141039, "lat": 49.5039516 }, "geometry": { "type": "Point", "coordinates": [ 8.5141039, 49.5039516 ] } },
{ "type": "Feature", "properties": { "id": "way/154663740", "city": "mannheim", "uni": "uni", "category": "sporteinrichtungen", "name": "Sporthalle Schwetzingerstadt", "adress": "Keplerstraße 21-25", "sportart": null, "lon": 8.4743822, "lat": 49.4797671 }, "geometry": { "type": "Point", "coordinates": [ 8.4743822, 49.4797671 ] } },
{ "type": "Feature", "properties": { "id": "way/154982889", "city": "mannheim", "uni": "uni", "category": "sporteinrichtungen", "name": "Studio Bloc GmbH Mannheim", "adress": "Christian-Friedrich-Schwan-Straße 14", "sportart": null, "lon": 8.503239, "lat": 49.4963858 }, "geometry": { "type": "Point", "coordinates": [ 8.503239, 49.4963858 ] } },
{ "type": "Feature", "properties": { "id": "way/160071355", "city": "mannheim", "uni": "uni", "category": "sporteinrichtungen", "name": "Fitness Champ Mannheim", "adress": "Weinheimer Straße 56", "sportart": null, "lon": 8.5205522, "lat": 49.5070669 }, "geometry": { "type": "Point", "coordinates": [ 8.5205522, 49.5070669 ] } },
{ "type": "Feature", "properties": { "id": "way/160092536", "city": "mannheim", "uni": "uni", "category": "sporteinrichtungen", "name": "Sporthalle IGMH", "adress": "Herzogenriedstraße 50", "sportart": null, "lon": 8.4782094, "lat": 49.5062894 }, "geometry": { "type": "Point", "coordinates": [ 8.4782094, 49.5062894 ] } },
{ "type": "Feature", "properties": { "id": "way/161631374", "city": "mannheim", "uni": "uni", "category": "sporteinrichtungen", "name": "Sporthalle der Universität", "adress": "Theodor-Heuss-Anlage 15", "sportart": null, "lon": 8.4992394, "lat": 49.4785265 }, "geometry": { "type": "Point", "coordinates": [ 8.4992394, 49.4785265 ] } },
{ "type": "Feature", "properties": { "id": "way/161939441", "city": "mannheim", "uni": "uni", "category": "sporteinrichtungen", "name": "ESC Blau-Weiß Mannheim 1928", "adress": null, "sportart": null, "lon": 8.5147226, "lat": 49.4879375 }, "geometry": { "type": "Point", "coordinates": [ 8.5147226, 49.4879375 ] } },
{ "type": "Feature", "properties": { "id": "way/161939463", "city": "mannheim", "uni": "uni", "category": "sporteinrichtungen", "name": "Verein für Deutsche Schäferhunde SV OG Feudenheim", "adress": null, "sportart": null, "lon": 8.5148603, "lat": 49.486605 }, "geometry": { "type": "Point", "coordinates": [ 8.5148603, 49.486605 ] } },
{ "type": "Feature", "properties": { "id": "way/162053856", "city": "mannheim", "uni": "uni", "category": "sporteinrichtungen", "name": "PSV Schützenabteilung Pistolenstand", "adress": null, "sportart": null, "lon": 8.5063971, "lat": 49.4872651 }, "geometry": { "type": "Point", "coordinates": [ 8.5063971, 49.4872651 ] } },
{ "type": "Feature", "properties": { "id": "way/162359068", "city": "mannheim", "uni": "uni", "category": "sporteinrichtungen", "name": "Boulder Island", "adress": "Industriestraße 39", "sportart": null, "lon": 8.4693874, "lat": 49.5135724 }, "geometry": { "type": "Point", "coordinates": [ 8.4693874, 49.5135724 ] } },
{ "type": "Feature", "properties": { "id": "way/163099656", "city": "mannheim", "uni": "uni", "category": "sporteinrichtungen", "name": "Radsportzentrum Ludwigshafen am Rhein e.V.", "adress": null, "sportart": null, "lon": 8.4037526, "lat": 49.4976823 }, "geometry": { "type": "Point", "coordinates": [ 8.4037526, 49.4976823 ] } },
{ "type": "Feature", "properties": { "id": "way/163099657", "city": "mannheim", "uni": "uni", "category": "sporteinrichtungen", "name": "Sporteinrichtung", "adress": null, "sportart": null, "lon": 8.4047162, "lat": 49.4992193 }, "geometry": { "type": "Point", "coordinates": [ 8.4047162, 49.4992193 ] } },
{ "type": "Feature", "properties": { "id": "way/163099679", "city": "mannheim", "uni": "uni", "category": "sporteinrichtungen", "name": "Eulenpark-Stadion", "adress": null, "sportart": null, "lon": 8.4057011, "lat": 49.5007539 }, "geometry": { "type": "Point", "coordinates": [ 8.4057011, 49.5007539 ] } },
{ "type": "Feature", "properties": { "id": "way/163099681", "city": "mannheim", "uni": "uni", "category": "sporteinrichtungen", "name": "BASF Tennisclub", "adress": null, "sportart": null, "lon": 8.3999587, "lat": 49.4974018 }, "geometry": { "type": "Point", "coordinates": [ 8.3999587, 49.4974018 ] } },
{ "type": "Feature", "properties": { "id": "way/163979325", "city": "mannheim", "uni": "uni", "category": "sporteinrichtungen", "name": "Pfitzenmeier Wellness & Fitness Park Mannheim City Airport", "adress": "Seckenheimer Landstraße 166", "sportart": null, "lon": 8.5214752, "lat": 49.4770854 }, "geometry": { "type": "Point", "coordinates": [ 8.5214752, 49.4770854 ] } },
{ "type": "Feature", "properties": { "id": "way/164296282", "city": "mannheim", "uni": "uni", "category": "sporteinrichtungen", "name": "Sporthalle", "adress": "Spessartstraße 26", "sportart": null, "lon": 8.5290181, "lat": 49.4850014 }, "geometry": { "type": "Point", "coordinates": [ 8.5290181, 49.4850014 ] } },
{ "type": "Feature", "properties": { "id": "way/164425052", "city": "mannheim", "uni": "uni", "category": "sporteinrichtungen", "name": "Badminton-Center Neckarau", "adress": "Siegmund-Schuckert-Straße 14", "sportart": null, "lon": 8.5059353, "lat": 49.4582781 }, "geometry": { "type": "Point", "coordinates": [ 8.5059353, 49.4582781 ] } },
{ "type": "Feature", "properties": { "id": "way/165051866", "city": "mannheim", "uni": "uni", "category": "sporteinrichtungen", "name": "EXTREM Kletterzentrum Ludwigshafen", "adress": "Saarburger Straße 25", "sportart": null, "lon": 8.4073615, "lat": 49.486471 }, "geometry": { "type": "Point", "coordinates": [ 8.4073615, 49.486471 ] } },
{ "type": "Feature", "properties": { "id": "way/165051878", "city": "mannheim", "uni": "uni", "category": "sporteinrichtungen", "name": "LuFUN. Soccer und Indoorspielplatz", "adress": "Saarburger Straße 21", "sportart": null, "lon": 8.409199, "lat": 49.4861507 }, "geometry": { "type": "Point", "coordinates": [ 8.409199, 49.4861507 ] } },
{ "type": "Feature", "properties": { "id": "way/165075501", "city": "mannheim", "uni": "uni", "category": "sporteinrichtungen", "name": "Sporteinrichtung", "adress": "Spinelliplatz 1", "sportart": null, "lon": 8.521782, "lat": 49.4961538 }, "geometry": { "type": "Point", "coordinates": [ 8.521782, 49.4961538 ] } },
{ "type": "Feature", "properties": { "id": "way/166580361", "city": "mannheim", "uni": "uni", "category": "sporteinrichtungen", "name": "Sporthalle-Bertha-Hirsch-Schule", "adress": "Elisabeth-Altmann-Gottheiner-Straße 26", "sportart": null, "lon": 8.5247756, "lat": 49.5036644 }, "geometry": { "type": "Point", "coordinates": [ 8.5247756, 49.5036644 ] } },
{ "type": "Feature", "properties": { "id": "way/168562625", "city": "mannheim", "uni": "uni", "category": "sporteinrichtungen", "name": "Sporteinrichtung", "adress": null, "sportart": null, "lon": 8.4709674, "lat": 49.5056811 }, "geometry": { "type": "Point", "coordinates": [ 8.4709674, 49.5056811 ] } },
{ "type": "Feature", "properties": { "id": "way/169202791", "city": "mannheim", "uni": "uni", "category": "sporteinrichtungen", "name": "Eisstadion Ludwigshafen", "adress": "Saarlandstraße 70", "sportart": null, "lon": 8.4365441, "lat": 49.4690382 }, "geometry": { "type": "Point", "coordinates": [ 8.4365441, 49.4690382 ] } },
{ "type": "Feature", "properties": { "id": "way/169202815", "city": "mannheim", "uni": "uni", "category": "sporteinrichtungen", "name": "Polizeisportverein Grün-Weiß Ludwigshafen eV", "adress": null, "sportart": null, "lon": 8.4351234, "lat": 49.4665307 }, "geometry": { "type": "Point", "coordinates": [ 8.4351234, 49.4665307 ] } },
{ "type": "Feature", "properties": { "id": "way/170065453", "city": "mannheim", "uni": "uni", "category": "sporteinrichtungen", "name": "Franz-Zang-Halle", "adress": "Franz-Zang-Straße 38", "sportart": null, "lon": 8.4236147, "lat": 49.4699741 }, "geometry": { "type": "Point", "coordinates": [ 8.4236147, 49.4699741 ] } },
{ "type": "Feature", "properties": { "id": "way/170309166", "city": "mannheim", "uni": "uni", "category": "sporteinrichtungen", "name": "Tennis-Club Rot-Weiß", "adress": null, "sportart": null, "lon": 8.4192008, "lat": 49.4679055 }, "geometry": { "type": "Point", "coordinates": [ 8.4192008, 49.4679055 ] } },
{ "type": "Feature", "properties": { "id": "way/172002159", "city": "mannheim", "uni": "uni", "category": "sporteinrichtungen", "name": "VWM Mannheim e.V. Bootshaus", "adress": "Sandhofer Straße 51-53", "sportart": null, "lon": 8.4718871, "lat": 49.5198138 }, "geometry": { "type": "Point", "coordinates": [ 8.4718871, 49.5198138 ] } },
{ "type": "Feature", "properties": { "id": "way/213373274", "city": "mannheim", "uni": "uni", "category": "sporteinrichtungen", "name": "TC SW Neckarau", "adress": null, "sportart": null, "lon": 8.4827783, "lat": 49.4511596 }, "geometry": { "type": "Point", "coordinates": [ 8.4827783, 49.4511596 ] } },
{ "type": "Feature", "properties": { "id": "way/213373276", "city": "mannheim", "uni": "uni", "category": "sporteinrichtungen", "name": "VfL Kurpfalz Mannheim-Neckarau", "adress": null, "sportart": null, "lon": 8.4777154, "lat": 49.4470098 }, "geometry": { "type": "Point", "coordinates": [ 8.4777154, 49.4470098 ] } },
{ "type": "Feature", "properties": { "id": "way/218000242", "city": "mannheim", "uni": "uni", "category": "sporteinrichtungen", "name": "Mannheimer Hockeyclub", "adress": "Am Neckarkanal 4, 6, 8", "sportart": null, "lon": 8.5162806, "lat": 49.4837598 }, "geometry": { "type": "Point", "coordinates": [ 8.5162806, 49.4837598 ] } },
{ "type": "Feature", "properties": { "id": "way/218431732", "city": "mannheim", "uni": "uni", "category": "sporteinrichtungen", "name": "Bertha-Benz-Halle", "adress": "Waldhofstraße 68-70", "sportart": null, "lon": 8.4708197, "lat": 49.5030022 }, "geometry": { "type": "Point", "coordinates": [ 8.4708197, 49.5030022 ] } },
{ "type": "Feature", "properties": { "id": "way/224523774", "city": "mannheim", "uni": "uni", "category": "sporteinrichtungen", "name": "MFC 08 Lindenhof eV.", "adress": null, "sportart": null, "lon": 8.4659095, "lat": 49.4572291 }, "geometry": { "type": "Point", "coordinates": [ 8.4659095, 49.4572291 ] } },
{ "type": "Feature", "properties": { "id": "way/234813885", "city": "mannheim", "uni": "uni", "category": "sporteinrichtungen", "name": "Tennisklub Grün-Weiß Mannheim", "adress": null, "sportart": null, "lon": 8.5137814, "lat": 49.4861957 }, "geometry": { "type": "Point", "coordinates": [ 8.5137814, 49.4861957 ] } },
{ "type": "Feature", "properties": { "id": "way/236700957", "city": "mannheim", "uni": "uni", "category": "sporteinrichtungen", "name": "McFit", "adress": "Industriestraße 1-5", "sportart": null, "lon": 8.4229183, "lat": 49.4850653 }, "geometry": { "type": "Point", "coordinates": [ 8.4229183, 49.4850653 ] } },
{ "type": "Feature", "properties": { "id": "way/246009384", "city": "mannheim", "uni": "uni", "category": "sporteinrichtungen", "name": "Schulzentrum Mundenheim", "adress": "Erich-Reimann-Straße 24", "sportart": null, "lon": 8.4356004, "lat": 49.4651793 }, "geometry": { "type": "Point", "coordinates": [ 8.4356004, 49.4651793 ] } },
{ "type": "Feature", "properties": { "id": "way/246009386", "city": "mannheim", "uni": "uni", "category": "sporteinrichtungen", "name": "Sporthalle Schulzentrum Ludwigshafen-Mundenheim mT", "adress": "Erich-Reimann-Straße 24", "sportart": null, "lon": 8.4361634, "lat": 49.4648636 }, "geometry": { "type": "Point", "coordinates": [ 8.4361634, 49.4648636 ] } },
{ "type": "Feature", "properties": { "id": "way/273997208", "city": "mannheim", "uni": "uni", "category": "sporteinrichtungen", "name": "Post Sport Halle", "adress": null, "sportart": null, "lon": 8.4221816, "lat": 49.4752918 }, "geometry": { "type": "Point", "coordinates": [ 8.4221816, 49.4752918 ] } },
{ "type": "Feature", "properties": { "id": "way/278779564", "city": "mannheim", "uni": "uni", "category": "sporteinrichtungen", "name": "MTG Mannheim", "adress": null, "sportart": null, "lon": 8.5087911, "lat": 49.4876108 }, "geometry": { "type": "Point", "coordinates": [ 8.5087911, 49.4876108 ] } },
{ "type": "Feature", "properties": { "id": "way/291743236", "city": "mannheim", "uni": "uni", "category": "sporteinrichtungen", "name": "Sportanlage Sandgewann", "adress": null, "sportart": null, "lon": 8.487703, "lat": 49.5100517 }, "geometry": { "type": "Point", "coordinates": [ 8.487703, 49.5100517 ] } },
{ "type": "Feature", "properties": { "id": "way/292292731", "city": "mannheim", "uni": "uni", "category": "sporteinrichtungen", "name": "DJK Sportanlage", "adress": "Lochgärtenweg 6", "sportart": null, "lon": 8.5041062, "lat": 49.4708327 }, "geometry": { "type": "Point", "coordinates": [ 8.5041062, 49.4708327 ] } },
{ "type": "Feature", "properties": { "id": "way/292292732", "city": "mannheim", "uni": "uni", "category": "sporteinrichtungen", "name": "Sporteinrichtung", "adress": null, "sportart": null, "lon": 8.5038034, "lat": 49.4707982 }, "geometry": { "type": "Point", "coordinates": [ 8.5038034, 49.4707982 ] } },
{ "type": "Feature", "properties": { "id": "way/292292733", "city": "mannheim", "uni": "uni", "category": "sporteinrichtungen", "name": "Sporteinrichtung", "adress": null, "sportart": null, "lon": 8.5038953, "lat": 49.470706 }, "geometry": { "type": "Point", "coordinates": [ 8.5038953, 49.470706 ] } },
{ "type": "Feature", "properties": { "id": "way/296310823", "city": "mannheim", "uni": "uni", "category": "sporteinrichtungen", "name": "Heinrich-Ries-Halle", "adress": "Pettenkoferstraße 7A", "sportart": null, "lon": 8.4265076, "lat": 49.4872426 }, "geometry": { "type": "Point", "coordinates": [ 8.4265076, 49.4872426 ] } },
{ "type": "Feature", "properties": { "id": "way/298342890", "city": "mannheim", "uni": "uni", "category": "sporteinrichtungen", "name": "Women Vital", "adress": "Bürgermeister-Grünzweig-Straße 4", "sportart": null, "lon": 8.4363959, "lat": 49.4847374 }, "geometry": { "type": "Point", "coordinates": [ 8.4363959, 49.4847374 ] } },
{ "type": "Feature", "properties": { "id": "way/299677072", "city": "mannheim", "uni": "uni", "category": "sporteinrichtungen", "name": "Vegla Sportpark Schlammloch - SV Harmonia Waldhof", "adress": null, "sportart": null, "lon": 8.4766399, "lat": 49.5260589 }, "geometry": { "type": "Point", "coordinates": [ 8.4766399, 49.5260589 ] } },
{ "type": "Feature", "properties": { "id": "way/310735901", "city": "mannheim", "uni": "uni", "category": "sporteinrichtungen", "name": "Sporteinrichtung", "adress": null, "sportart": null, "lon": 8.4796046, "lat": 49.5116143 }, "geometry": { "type": "Point", "coordinates": [ 8.4796046, 49.5116143 ] } },
{ "type": "Feature", "properties": { "id": "way/320512368", "city": "mannheim", "uni": "uni", "category": "sporteinrichtungen", "name": "DJK Feudenheim", "adress": null, "sportart": null, "lon": 8.5160307, "lat": 49.4869657 }, "geometry": { "type": "Point", "coordinates": [ 8.5160307, 49.4869657 ] } },
{ "type": "Feature", "properties": { "id": "way/330229198", "city": "mannheim", "uni": "uni", "category": "sporteinrichtungen", "name": "Sportplatz Moll-Gymnasium", "adress": null, "sportart": null, "lon": 8.4713279, "lat": 49.4618072 }, "geometry": { "type": "Point", "coordinates": [ 8.4713279, 49.4618072 ] } },
{ "type": "Feature", "properties": { "id": "way/332856361", "city": "mannheim", "uni": "uni", "category": "sporteinrichtungen", "name": "Sporteinrichtung", "adress": null, "sportart": null, "lon": 8.4380008, "lat": 49.4685047 }, "geometry": { "type": "Point", "coordinates": [ 8.4380008, 49.4685047 ] } },
{ "type": "Feature", "properties": { "id": "way/334126583", "city": "mannheim", "uni": "uni", "category": "sporteinrichtungen", "name": "Turnhalle Tulla-Realschule", "adress": null, "sportart": null, "lon": 8.4796672, "lat": 49.485849 }, "geometry": { "type": "Point", "coordinates": [ 8.4796672, 49.485849 ] } },
{ "type": "Feature", "properties": { "id": "way/341190575", "city": "mannheim", "uni": "uni", "category": "sporteinrichtungen", "name": "Sporteinrichtung", "adress": null, "sportart": null, "lon": 8.4192725, "lat": 49.4674043 }, "geometry": { "type": "Point", "coordinates": [ 8.4192725, 49.4674043 ] } },
{ "type": "Feature", "properties": { "id": "way/343399432", "city": "mannheim", "uni": "uni", "category": "sporteinrichtungen", "name": "Sporteinrichtung", "adress": null, "sportart": null, "lon": 8.496543, "lat": 49.4845521 }, "geometry": { "type": "Point", "coordinates": [ 8.496543, 49.4845521 ] } },
{ "type": "Feature", "properties": { "id": "way/351143412", "city": "mannheim", "uni": "uni", "category": "sporteinrichtungen", "name": "TSV Mannheim", "adress": "Hans-Reschke-Ufer 4a", "sportart": null, "lon": 8.4949208, "lat": 49.4858172 }, "geometry": { "type": "Point", "coordinates": [ 8.4949208, 49.4858172 ] } },
{ "type": "Feature", "properties": { "id": "way/352366184", "city": "mannheim", "uni": "uni", "category": "sporteinrichtungen", "name": "KSC-Sporthalle", "adress": "Teichgartenweg 2", "sportart": null, "lon": 8.4100087, "lat": 49.4992185 }, "geometry": { "type": "Point", "coordinates": [ 8.4100087, 49.4992185 ] } },
{ "type": "Feature", "properties": { "id": "way/352373253", "city": "mannheim", "uni": "uni", "category": "sporteinrichtungen", "name": "Sporthalle Carl Bosch Gymnasium", "adress": null, "sportart": null, "lon": 8.4411828, "lat": 49.4831992 }, "geometry": { "type": "Point", "coordinates": [ 8.4411828, 49.4831992 ] } },
{ "type": "Feature", "properties": { "id": "way/353288143", "city": "mannheim", "uni": "uni", "category": "sporteinrichtungen", "name": "Alfred-Delp-Sportanlage", "adress": "Bismarckstraße 6", "sportart": null, "lon": 8.4570205, "lat": 49.4862475 }, "geometry": { "type": "Point", "coordinates": [ 8.4570205, 49.4862475 ] } },
{ "type": "Feature", "properties": { "id": "way/355081646", "city": "mannheim", "uni": "uni", "category": "sporteinrichtungen", "name": "Anpfiff ins Leben Förderzentrum Ludwigshafen", "adress": "Abteistraße 8", "sportart": null, "lon": 8.4078745, "lat": 49.4690523 }, "geometry": { "type": "Point", "coordinates": [ 8.4078745, 49.4690523 ] } },
{ "type": "Feature", "properties": { "id": "node/378701493", "city": "mannheim", "uni": "uni", "category": "sporteinrichtungen", "name": "VeniceBeach", "adress": null, "sportart": null, "lon": 8.4991556, "lat": 49.4737013 }, "geometry": { "type": "Point", "coordinates": [ 8.4991556, 49.4737013 ] } },
{ "type": "Feature", "properties": { "id": "way/385104896", "city": "mannheim", "uni": "uni", "category": "sporteinrichtungen", "name": "Sporteinrichtung", "adress": null, "sportart": null, "lon": 8.4280435, "lat": 49.4781251 }, "geometry": { "type": "Point", "coordinates": [ 8.4280435, 49.4781251 ] } },
{ "type": "Feature", "properties": { "id": "way/394606371", "city": "mannheim", "uni": "uni", "category": "sporteinrichtungen", "name": "Bezirkssportanlage Gartenstadt", "adress": "Niederfeldstraße 2", "sportart": null, "lon": 8.4094861, "lat": 49.4703356 }, "geometry": { "type": "Point", "coordinates": [ 8.4094861, 49.4703356 ] } },
{ "type": "Feature", "properties": { "id": "way/404432578", "city": "mannheim", "uni": "uni", "category": "sporteinrichtungen", "name": "muskeltiere", "adress": "Böckstraße 21", "sportart": null, "lon": 8.457724, "lat": 49.4946932 }, "geometry": { "type": "Point", "coordinates": [ 8.457724, 49.4946932 ] } },
{ "type": "Feature", "properties": { "id": "way/411935479", "city": "mannheim", "uni": "uni", "category": "sporteinrichtungen", "name": "Verein der Hundefreunde Feudenheim", "adress": "Am Neckarkanal 5", "sportart": null, "lon": 8.5159408, "lat": 49.4848729 }, "geometry": { "type": "Point", "coordinates": [ 8.5159408, 49.4848729 ] } },
{ "type": "Feature", "properties": { "id": "way/982838259", "city": "mannheim", "uni": "uni", "category": "sporteinrichtungen", "name": "Ludwigshafener Kanu Club", "adress": null, "sportart": null, "lon": 8.4489017, "lat": 49.4638811 }, "geometry": { "type": "Point", "coordinates": [ 8.4489017, 49.4638811 ] } },
{ "type": "Feature", "properties": { "id": "node/993698455", "city": "mannheim", "uni": "uni", "category": "sporteinrichtungen", "name": "Venice Beach Mannheim Neckarau", "adress": null, "sportart": null, "lon": 8.4960968, "lat": 49.4519505 }, "geometry": { "type": "Point", "coordinates": [ 8.4960968, 49.4519505 ] } },
{ "type": "Feature", "properties": { "id": "way/1079361830", "city": "mannheim", "uni": "uni", "category": "sporteinrichtungen", "name": "Bezirkssportanlage Mundenheim", "adress": null, "sportart": null, "lon": 8.4227358, "lat": 49.4546161 }, "geometry": { "type": "Point", "coordinates": [ 8.4227358, 49.4546161 ] } },
{ "type": "Feature", "properties": { "id": "way/1085518491", "city": "mannheim", "uni": "uni", "category": "sporteinrichtungen", "name": "MSV 1903 e.V.", "adress": null, "sportart": null, "lon": 8.4205399, "lat": 49.4591303 }, "geometry": { "type": "Point", "coordinates": [ 8.4205399, 49.4591303 ] } },
{ "type": "Feature", "properties": { "id": "way/1115418213", "city": "mannheim", "uni": "uni", "category": "sporteinrichtungen", "name": "Sporteinrichtung", "adress": null, "sportart": null, "lon": 8.4604053, "lat": 49.4691491 }, "geometry": { "type": "Point", "coordinates": [ 8.4604053, 49.4691491 ] } },
{ "type": "Feature", "properties": { "id": "way/1124341621", "city": "mannheim", "uni": "uni", "category": "sporteinrichtungen", "name": "Skiclub Ludwigshafen", "adress": null, "sportart": null, "lon": 8.414943, "lat": 49.469093 }, "geometry": { "type": "Point", "coordinates": [ 8.414943, 49.469093 ] } },
{ "type": "Feature", "properties": { "id": "way/1142121167", "city": "mannheim", "uni": "uni", "category": "sporteinrichtungen", "name": "Sporteinrichtung", "adress": null, "sportart": null, "lon": 8.4785849, "lat": 49.5060063 }, "geometry": { "type": "Point", "coordinates": [ 8.4785849, 49.5060063 ] } },
{ "type": "Feature", "properties": { "id": "way/1161685765", "city": "mannheim", "uni": "uni", "category": "sporteinrichtungen", "name": "Herschelbad", "adress": null, "sportart": null, "lon": 8.4721042, "lat": 49.4909442 }, "geometry": { "type": "Point", "coordinates": [ 8.4721042, 49.4909442 ] } },
{ "type": "Feature", "properties": { "id": "way/1164128137", "city": "mannheim", "uni": "uni", "category": "sporteinrichtungen", "name": "Sporthalle LFG", "adress": "Käfertaler Straße 117-127", "sportart": null, "lon": 8.4864346, "lat": 49.4947991 }, "geometry": { "type": "Point", "coordinates": [ 8.4864346, 49.4947991 ] } },
{ "type": "Feature", "properties": { "id": "way/1215011788", "city": "mannheim", "uni": "uni", "category": "sporteinrichtungen", "name": "Sporteinrichtung", "adress": null, "sportart": null, "lon": 8.4317747, "lat": 49.4729413 }, "geometry": { "type": "Point", "coordinates": [ 8.4317747, 49.4729413 ] } },
{ "type": "Feature", "properties": { "id": "way/1223906254", "city": "mannheim", "uni": "uni", "category": "sporteinrichtungen", "name": "Gesundheitszentrum E7", "adress": null, "sportart": null, "lon": 8.4607286, "lat": 49.4902152 }, "geometry": { "type": "Point", "coordinates": [ 8.4607286, 49.4902152 ] } },
{ "type": "Feature", "properties": { "id": "way/1256080738", "city": "mannheim", "uni": "uni", "category": "sporteinrichtungen", "name": "TV 1884 Mannheim-Neckarau", "adress": null, "sportart": null, "lon": 8.4754541, "lat": 49.4463205 }, "geometry": { "type": "Point", "coordinates": [ 8.4754541, 49.4463205 ] } },
{ "type": "Feature", "properties": { "id": "way/1256101057", "city": "mannheim", "uni": "uni", "category": "sporteinrichtungen", "name": "Sport-Schützenvereinigung Neckarau 1900/09/51", "adress": null, "sportart": null, "lon": 8.4748061, "lat": 49.4462815 }, "geometry": { "type": "Point", "coordinates": [ 8.4748061, 49.4462815 ] } },
{ "type": "Feature", "properties": { "id": "node/1271759177", "city": "mannheim", "uni": "uni", "category": "sporteinrichtungen", "name": "Rehazentrum Auf dem Sand", "adress": "Auf dem Sand 75-77", "sportart": null, "lon": 8.5080344, "lat": 49.5147582 }, "geometry": { "type": "Point", "coordinates": [ 8.5080344, 49.5147582 ] } },
{ "type": "Feature", "properties": { "id": "way/1297362571", "city": "mannheim", "uni": "uni", "category": "sporteinrichtungen", "name": "Sportanlage »Erlenhof«", "adress": "Erlenstraße", "sportart": null, "lon": 8.4669669, "lat": 49.506674 }, "geometry": { "type": "Point", "coordinates": [ 8.4669669, 49.506674 ] } },
{ "type": "Feature", "properties": { "id": "way/1456980618", "city": "mannheim", "uni": "uni", "category": "sporteinrichtungen", "name": "SpVgg 07 Mannheim", "adress": "Hermsheimer Straße 23", "sportart": null, "lon": 8.5028993, "lat": 49.4714971 }, "geometry": { "type": "Point", "coordinates": [ 8.5028993, 49.4714971 ] } },
{ "type": "Feature", "properties": { "id": "way/1458155606", "city": "mannheim", "uni": "uni", "category": "sporteinrichtungen", "name": "TC Rot-Weiß Waldpark", "adress": null, "sportart": null, "lon": 8.4694518, "lat": 49.4461101 }, "geometry": { "type": "Point", "coordinates": [ 8.4694518, 49.4461101 ] } },
{ "type": "Feature", "properties": { "id": "way/1480586423", "city": "mannheim", "uni": "uni", "category": "sporteinrichtungen", "name": "Sporteinrichtung", "adress": null, "sportart": null, "lon": 8.4794187, "lat": 49.446006 }, "geometry": { "type": "Point", "coordinates": [ 8.4794187, 49.446006 ] } },
{ "type": "Feature", "properties": { "id": "way/1480692317", "city": "mannheim", "uni": "uni", "category": "sporteinrichtungen", "name": "Tennisanlage im Schlossgarten", "adress": null, "sportart": null, "lon": 8.464678, "lat": 49.4793468 }, "geometry": { "type": "Point", "coordinates": [ 8.464678, 49.4793468 ] } },
{ "type": "Feature", "properties": { "id": "node/1546009525", "city": "mannheim", "uni": "uni", "category": "sporteinrichtungen", "name": "Budokan Karate", "adress": null, "sportart": null, "lon": 8.4591372, "lat": 49.4892125 }, "geometry": { "type": "Point", "coordinates": [ 8.4591372, 49.4892125 ] } },
{ "type": "Feature", "properties": { "id": "node/1566905831", "city": "mannheim", "uni": "uni", "category": "sporteinrichtungen", "name": "Bodystreet", "adress": null, "sportart": null, "lon": 8.4739715, "lat": 49.4832956 }, "geometry": { "type": "Point", "coordinates": [ 8.4739715, 49.4832956 ] } },
{ "type": "Feature", "properties": { "id": "node/1566905838", "city": "mannheim", "uni": "uni", "category": "sporteinrichtungen", "name": "Backfit EMS", "adress": null, "sportart": null, "lon": 8.4739254, "lat": 49.483246 }, "geometry": { "type": "Point", "coordinates": [ 8.4739254, 49.483246 ] } },
{ "type": "Feature", "properties": { "id": "node/1607853403", "city": "mannheim", "uni": "uni", "category": "sporteinrichtungen", "name": "Ki und Aikido Dojo Mannheim", "adress": null, "sportart": null, "lon": 8.4760327, "lat": 49.4975497 }, "geometry": { "type": "Point", "coordinates": [ 8.4760327, 49.4975497 ] } },
{ "type": "Feature", "properties": { "id": "node/1621222762", "city": "mannheim", "uni": "uni", "category": "sporteinrichtungen", "name": "Qi Gong Institut", "adress": null, "sportart": null, "lon": 8.48164, "lat": 49.4771498 }, "geometry": { "type": "Point", "coordinates": [ 8.48164, 49.4771498 ] } },
{ "type": "Feature", "properties": { "id": "node/1631644425", "city": "mannheim", "uni": "uni", "category": "sporteinrichtungen", "name": "Mannheimer Billardcafe", "adress": null, "sportart": null, "lon": 8.4729187, "lat": 49.4822743 }, "geometry": { "type": "Point", "coordinates": [ 8.4729187, 49.4822743 ] } },
{ "type": "Feature", "properties": { "id": "node/1632759599", "city": "mannheim", "uni": "uni", "category": "sporteinrichtungen", "name": "Moksha Yoga Center", "adress": null, "sportart": null, "lon": 8.4742593, "lat": 49.4865712 }, "geometry": { "type": "Point", "coordinates": [ 8.4742593, 49.4865712 ] } },
{ "type": "Feature", "properties": { "id": "node/1643932796", "city": "mannheim", "uni": "uni", "category": "sporteinrichtungen", "name": "Fit Base Mannheim City E1", "adress": null, "sportart": null, "lon": 8.4662477, "lat": 49.4881794 }, "geometry": { "type": "Point", "coordinates": [ 8.4662477, 49.4881794 ] } },
{ "type": "Feature", "properties": { "id": "node/1732653930", "city": "mannheim", "uni": "uni", "category": "sporteinrichtungen", "name": "Power Planet Mannheim", "adress": null, "sportart": null, "lon": 8.505553, "lat": 49.4474897 }, "geometry": { "type": "Point", "coordinates": [ 8.505553, 49.4474897 ] } },
{ "type": "Feature", "properties": { "id": "node/1736051918", "city": "mannheim", "uni": "uni", "category": "sporteinrichtungen", "name": "KSV 1884 Mannheim e.V.", "adress": null, "sportart": null, "lon": 8.4996382, "lat": 49.4784035 }, "geometry": { "type": "Point", "coordinates": [ 8.4996382, 49.4784035 ] } },
{ "type": "Feature", "properties": { "id": "node/1739991802", "city": "mannheim", "uni": "uni", "category": "sporteinrichtungen", "name": "BewegungsLOUNGE – Gyrotonic®", "adress": null, "sportart": null, "lon": 8.498399, "lat": 49.4886899 }, "geometry": { "type": "Point", "coordinates": [ 8.498399, 49.4886899 ] } },
{ "type": "Feature", "properties": { "id": "node/1795367375", "city": "mannheim", "uni": "uni", "category": "sporteinrichtungen", "name": "Mannerz Sport", "adress": null, "sportart": null, "lon": 8.4479339, "lat": 49.4762392 }, "geometry": { "type": "Point", "coordinates": [ 8.4479339, 49.4762392 ] } },
{ "type": "Feature", "properties": { "id": "node/1836365220", "city": "mannheim", "uni": "uni", "category": "sporteinrichtungen", "name": "SV Südwest Ludwigshafen - Hauptverein", "adress": "Mundenheimer Straße 101", "sportart": null, "lon": 8.4377182, "lat": 49.4651483 }, "geometry": { "type": "Point", "coordinates": [ 8.4377182, 49.4651483 ] } },
{ "type": "Feature", "properties": { "id": "node/1836366039", "city": "mannheim", "uni": "uni", "category": "sporteinrichtungen", "name": "SV Südwest Ludwigshafen - Jugendfußball", "adress": "Erich-Reimann-Straße", "sportart": null, "lon": 8.4383057, "lat": 49.4670034 }, "geometry": { "type": "Point", "coordinates": [ 8.4383057, 49.4670034 ] } },
{ "type": "Feature", "properties": { "id": "node/1963465094", "city": "mannheim", "uni": "uni", "category": "sporteinrichtungen", "name": "VeniceBeach Mannheim Glückstein", "adress": "John-Deere-Straße 77", "sportart": null, "lon": 8.4776325, "lat": 49.4731651 }, "geometry": { "type": "Point", "coordinates": [ 8.4776325, 49.4731651 ] } },
{ "type": "Feature", "properties": { "id": "node/2165966560", "city": "mannheim", "uni": "uni", "category": "sporteinrichtungen", "name": "VAYOGA Yoga & Pilates Studio", "adress": null, "sportart": null, "lon": 8.4705429, "lat": 49.4701152 }, "geometry": { "type": "Point", "coordinates": [ 8.4705429, 49.4701152 ] } },
{ "type": "Feature", "properties": { "id": "node/2282127869", "city": "mannheim", "uni": "uni", "category": "sporteinrichtungen", "name": "Body street", "adress": null, "sportart": null, "lon": 8.4677546, "lat": 49.4761308 }, "geometry": { "type": "Point", "coordinates": [ 8.4677546, 49.4761308 ] } },
{ "type": "Feature", "properties": { "id": "node/2371534058", "city": "mannheim", "uni": "uni", "category": "sporteinrichtungen", "name": "Gymnastikstudio", "adress": null, "sportart": null, "lon": 8.4942955, "lat": 49.453479 }, "geometry": { "type": "Point", "coordinates": [ 8.4942955, 49.453479 ] } },
{ "type": "Feature", "properties": { "id": "node/2534717126", "city": "mannheim", "uni": "uni", "category": "sporteinrichtungen", "name": "ABC Ludwigshafen (Kraftraum)", "adress": null, "sportart": null, "lon": 8.438419, "lat": 49.4670572 }, "geometry": { "type": "Point", "coordinates": [ 8.438419, 49.4670572 ] } },
{ "type": "Feature", "properties": { "id": "node/2537571094", "city": "mannheim", "uni": "uni", "category": "sporteinrichtungen", "name": "Kieser Training", "adress": null, "sportart": null, "lon": 8.4652422, "lat": 49.4888924 }, "geometry": { "type": "Point", "coordinates": [ 8.4652422, 49.4888924 ] } },
{ "type": "Feature", "properties": { "id": "node/2716767471", "city": "mannheim", "uni": "uni", "category": "sporteinrichtungen", "name": "Martial Arts Academy Mannheim", "adress": null, "sportart": null, "lon": 8.457905, "lat": 49.4948645 }, "geometry": { "type": "Point", "coordinates": [ 8.457905, 49.4948645 ] } },
{ "type": "Feature", "properties": { "id": "node/2778350270", "city": "mannheim", "uni": "uni", "category": "sporteinrichtungen", "name": "Olympiastützpunkt Rhein-Neckar", "adress": null, "sportart": null, "lon": 8.50978, "lat": 49.48777 }, "geometry": { "type": "Point", "coordinates": [ 8.50978, 49.48777 ] } },
{ "type": "Feature", "properties": { "id": "node/2778867788", "city": "mannheim", "uni": "uni", "category": "sporteinrichtungen", "name": "Çalhanoğlu Fussballzentrum", "adress": null, "sportart": null, "lon": 8.5245843, "lat": 49.5055042 }, "geometry": { "type": "Point", "coordinates": [ 8.5245843, 49.5055042 ] } },
{ "type": "Feature", "properties": { "id": "node/2780946642", "city": "mannheim", "uni": "uni", "category": "sporteinrichtungen", "name": "American Fitness Club GmbH", "adress": "Trierer Straße 13", "sportart": null, "lon": 8.520412, "lat": 49.5067695 }, "geometry": { "type": "Point", "coordinates": [ 8.520412, 49.5067695 ] } },
{ "type": "Feature", "properties": { "id": "node/2780946680", "city": "mannheim", "uni": "uni", "category": "sporteinrichtungen", "name": "McFit", "adress": "Weinheimer Straße 62b", "sportart": null, "lon": 8.5226446, "lat": 49.5077011 }, "geometry": { "type": "Point", "coordinates": [ 8.5226446, 49.5077011 ] } },
{ "type": "Feature", "properties": { "id": "node/2788564448", "city": "mannheim", "uni": "uni", "category": "sporteinrichtungen", "name": "TSV Mannheim-Neckarau", "adress": null, "sportart": null, "lon": 8.4713555, "lat": 49.447113 }, "geometry": { "type": "Point", "coordinates": [ 8.4713555, 49.447113 ] } },
{ "type": "Feature", "properties": { "id": "node/2794121258", "city": "mannheim", "uni": "uni", "category": "sporteinrichtungen", "name": "Billard-Sport-Centrum Effet", "adress": null, "sportart": null, "lon": 8.4987114, "lat": 49.5065585 }, "geometry": { "type": "Point", "coordinates": [ 8.4987114, 49.5065585 ] } },
{ "type": "Feature", "properties": { "id": "node/2797998027", "city": "mannheim", "uni": "uni", "category": "sporteinrichtungen", "name": "Fit-Fabrik Mannheim", "adress": "Käfertaler Straße 189", "sportart": null, "lon": 8.492222, "lat": 49.4976756 }, "geometry": { "type": "Point", "coordinates": [ 8.492222, 49.4976756 ] } },
{ "type": "Feature", "properties": { "id": "node/2802948042", "city": "mannheim", "uni": "uni", "category": "sporteinrichtungen", "name": "Tao-Zentrum", "adress": null, "sportart": null, "lon": 8.4890102, "lat": 49.4949872 }, "geometry": { "type": "Point", "coordinates": [ 8.4890102, 49.4949872 ] } },
{ "type": "Feature", "properties": { "id": "node/2802948044", "city": "mannheim", "uni": "uni", "category": "sporteinrichtungen", "name": "Wing Chun Akademie Mannheim", "adress": null, "sportart": null, "lon": 8.4887213, "lat": 49.4950197 }, "geometry": { "type": "Point", "coordinates": [ 8.4887213, 49.4950197 ] } },
{ "type": "Feature", "properties": { "id": "node/2810443107", "city": "mannheim", "uni": "uni", "category": "sporteinrichtungen", "name": "JBO Personal Training - Jürgen Bock", "adress": null, "sportart": null, "lon": 8.488684, "lat": 49.4556223 }, "geometry": { "type": "Point", "coordinates": [ 8.488684, 49.4556223 ] } },
{ "type": "Feature", "properties": { "id": "node/2868007955", "city": "mannheim", "uni": "uni", "category": "sporteinrichtungen", "name": "Rhein-Neckar Fussballcenter", "adress": null, "sportart": null, "lon": 8.4998456, "lat": 49.4783973 }, "geometry": { "type": "Point", "coordinates": [ 8.4998456, 49.4783973 ] } },
{ "type": "Feature", "properties": { "id": "node/2982136503", "city": "mannheim", "uni": "uni", "category": "sporteinrichtungen", "name": "American Fitness", "adress": null, "sportart": null, "lon": 8.4519862, "lat": 49.4768466 }, "geometry": { "type": "Point", "coordinates": [ 8.4519862, 49.4768466 ] } },
{ "type": "Feature", "properties": { "id": "node/2982138357", "city": "mannheim", "uni": "uni", "category": "sporteinrichtungen", "name": "Kung Fu To'a Schule", "adress": null, "sportart": null, "lon": 8.4526304, "lat": 49.4770542 }, "geometry": { "type": "Point", "coordinates": [ 8.4526304, 49.4770542 ] } },
{ "type": "Feature", "properties": { "id": "node/3248853267", "city": "mannheim", "uni": "uni", "category": "sporteinrichtungen", "name": "Yoga Zentrum C7 - Universitaet Mannheim", "adress": "C7 12", "sportart": null, "lon": 8.4586897, "lat": 49.4890723 }, "geometry": { "type": "Point", "coordinates": [ 8.4586897, 49.4890723 ] } },
{ "type": "Feature", "properties": { "id": "node/3248878393", "city": "mannheim", "uni": "uni", "category": "sporteinrichtungen", "name": "Aikido Dojo Mannheim", "adress": null, "sportart": null, "lon": 8.4591637, "lat": 49.4892419 }, "geometry": { "type": "Point", "coordinates": [ 8.4591637, 49.4892419 ] } },
{ "type": "Feature", "properties": { "id": "node/3257799974", "city": "mannheim", "uni": "uni", "category": "sporteinrichtungen", "name": "Wing Chun Akademie Mannheim", "adress": null, "sportart": null, "lon": 8.4740233, "lat": 49.4885648 }, "geometry": { "type": "Point", "coordinates": [ 8.4740233, 49.4885648 ] } },
{ "type": "Feature", "properties": { "id": "node/3257811961", "city": "mannheim", "uni": "uni", "category": "sporteinrichtungen", "name": "Sportschule Hanuman Mannheim", "adress": null, "sportart": null, "lon": 8.4735168, "lat": 49.488468 }, "geometry": { "type": "Point", "coordinates": [ 8.4735168, 49.488468 ] } },
{ "type": "Feature", "properties": { "id": "node/3417789778", "city": "mannheim", "uni": "uni", "category": "sporteinrichtungen", "name": "Dance & Health Academy", "adress": null, "sportart": null, "lon": 8.5267018, "lat": 49.4874514 }, "geometry": { "type": "Point", "coordinates": [ 8.5267018, 49.4874514 ] } },
{ "type": "Feature", "properties": { "id": "node/3421149701", "city": "mannheim", "uni": "uni", "category": "sporteinrichtungen", "name": "HelliFit & Dance", "adress": null, "sportart": null, "lon": 8.4944274, "lat": 49.4534498 }, "geometry": { "type": "Point", "coordinates": [ 8.4944274, 49.4534498 ] } },
{ "type": "Feature", "properties": { "id": "node/3453474577", "city": "mannheim", "uni": "uni", "category": "sporteinrichtungen", "name": "WingTsun Mannheim-Neckarau", "adress": null, "sportart": null, "lon": 8.4826946, "lat": 49.4536031 }, "geometry": { "type": "Point", "coordinates": [ 8.4826946, 49.4536031 ] } },
{ "type": "Feature", "properties": { "id": "node/3499135874", "city": "mannheim", "uni": "uni", "category": "sporteinrichtungen", "name": "VeniceBeach", "adress": null, "sportart": null, "lon": 8.4734824, "lat": 49.4850887 }, "geometry": { "type": "Point", "coordinates": [ 8.4734824, 49.4850887 ] } },
{ "type": "Feature", "properties": { "id": "node/3504399595", "city": "mannheim", "uni": "uni", "category": "sporteinrichtungen", "name": "DEIN SPORT mal anders", "adress": "Melchiorstraße 1-7", "sportart": null, "lon": 8.4767343, "lat": 49.4977747 }, "geometry": { "type": "Point", "coordinates": [ 8.4767343, 49.4977747 ] } },
{ "type": "Feature", "properties": { "id": "node/3869214911", "city": "mannheim", "uni": "uni", "category": "sporteinrichtungen", "name": "TSOM TSOM Gym", "adress": "Käfertaler Straße 189", "sportart": null, "lon": 8.4922056, "lat": 49.4977992 }, "geometry": { "type": "Point", "coordinates": [ 8.4922056, 49.4977992 ] } },
{ "type": "Feature", "properties": { "id": "node/3964382341", "city": "mannheim", "uni": "uni", "category": "sporteinrichtungen", "name": "Santosha Yoga Studio - Yoga Vidya Mannheim", "adress": null, "sportart": null, "lon": 8.4638865, "lat": 49.4909883 }, "geometry": { "type": "Point", "coordinates": [ 8.4638865, 49.4909883 ] } },
{ "type": "Feature", "properties": { "id": "node/4107058185", "city": "mannheim", "uni": "uni", "category": "sporteinrichtungen", "name": "Bala-Shanti Yoga Zentrum", "adress": null, "sportart": null, "lon": 8.4760793, "lat": 49.4785501 }, "geometry": { "type": "Point", "coordinates": [ 8.4760793, 49.4785501 ] } },
{ "type": "Feature", "properties": { "id": "node/4110427460", "city": "mannheim", "uni": "uni", "category": "sporteinrichtungen", "name": "Sportomed Fitness & Prävention", "adress": null, "sportart": null, "lon": 8.498599, "lat": 49.4887779 }, "geometry": { "type": "Point", "coordinates": [ 8.498599, 49.4887779 ] } },
{ "type": "Feature", "properties": { "id": "node/4231250105", "city": "mannheim", "uni": "uni", "category": "sporteinrichtungen", "name": "Sport Zentrum Mannheim e.V.", "adress": null, "sportart": null, "lon": 8.4732184, "lat": 49.4915145 }, "geometry": { "type": "Point", "coordinates": [ 8.4732184, 49.4915145 ] } },
{ "type": "Feature", "properties": { "id": "node/4367450433", "city": "mannheim", "uni": "uni", "category": "sporteinrichtungen", "name": "Vita Balance", "adress": null, "sportart": null, "lon": 8.4700165, "lat": 49.4717451 }, "geometry": { "type": "Point", "coordinates": [ 8.4700165, 49.4717451 ] } },
{ "type": "Feature", "properties": { "id": "node/4406847541", "city": "mannheim", "uni": "uni", "category": "sporteinrichtungen", "name": "Fitness First", "adress": null, "sportart": null, "lon": 8.4717815, "lat": 49.4872618 }, "geometry": { "type": "Point", "coordinates": [ 8.4717815, 49.4872618 ] } },
{ "type": "Feature", "properties": { "id": "node/4481178389", "city": "mannheim", "uni": "uni", "category": "sporteinrichtungen", "name": "FitX", "adress": "Dessauer Straße 59", "sportart": null, "lon": 8.4375092, "lat": 49.4912782 }, "geometry": { "type": "Point", "coordinates": [ 8.4375092, 49.4912782 ] } },
{ "type": "Feature", "properties": { "id": "node/4547207757", "city": "mannheim", "uni": "uni", "category": "sporteinrichtungen", "name": "Lasertag One", "adress": "Fabrikstationstraße 22-26", "sportart": null, "lon": 8.4886765, "lat": 49.4669032 }, "geometry": { "type": "Point", "coordinates": [ 8.4886765, 49.4669032 ] } },
{ "type": "Feature", "properties": { "id": "node/4855635621", "city": "mannheim", "uni": "uni", "category": "sporteinrichtungen", "name": "YogaSpirits", "adress": null, "sportart": null, "lon": 8.4537611, "lat": 49.4718325 }, "geometry": { "type": "Point", "coordinates": [ 8.4537611, 49.4718325 ] } },
{ "type": "Feature", "properties": { "id": "node/4855635825", "city": "mannheim", "uni": "uni", "category": "sporteinrichtungen", "name": "Tanzschule MOHL", "adress": null, "sportart": null, "lon": 8.4538631, "lat": 49.471917 }, "geometry": { "type": "Point", "coordinates": [ 8.4538631, 49.471917 ] } },
{ "type": "Feature", "properties": { "id": "node/4964537680", "city": "mannheim", "uni": "uni", "category": "sporteinrichtungen", "name": "Körperformen", "adress": null, "sportart": null, "lon": 8.4802031, "lat": 49.4799092 }, "geometry": { "type": "Point", "coordinates": [ 8.4802031, 49.4799092 ] } },
{ "type": "Feature", "properties": { "id": "node/5565813422", "city": "mannheim", "uni": "uni", "category": "sporteinrichtungen", "name": "Taekwon-Do Center Mannheim", "adress": null, "sportart": null, "lon": 8.4800995, "lat": 49.4826178 }, "geometry": { "type": "Point", "coordinates": [ 8.4800995, 49.4826178 ] } },
{ "type": "Feature", "properties": { "id": "node/5678981025", "city": "mannheim", "uni": "uni", "category": "sporteinrichtungen", "name": "Wing Chun Akademie", "adress": "Wattstraße 27", "sportart": null, "lon": 8.4970925, "lat": 49.4641223 }, "geometry": { "type": "Point", "coordinates": [ 8.4970925, 49.4641223 ] } },
{ "type": "Feature", "properties": { "id": "node/5867152701", "city": "mannheim", "uni": "uni", "category": "sporteinrichtungen", "name": "CrossFit Kur-Pals", "adress": null, "sportart": null, "lon": 8.5279441, "lat": 49.4743708 }, "geometry": { "type": "Point", "coordinates": [ 8.5279441, 49.4743708 ] } },
{ "type": "Feature", "properties": { "id": "node/6813858776", "city": "mannheim", "uni": "uni", "category": "sporteinrichtungen", "name": "JOHN REED Fitness", "adress": null, "sportart": null, "lon": 8.4699102, "lat": 49.491991 }, "geometry": { "type": "Point", "coordinates": [ 8.4699102, 49.491991 ] } },
{ "type": "Feature", "properties": { "id": "node/7944973791", "city": "mannheim", "uni": "uni", "category": "sporteinrichtungen", "name": "Sporteinrichtung", "adress": null, "sportart": null, "lon": 8.4933867, "lat": 49.5078796 }, "geometry": { "type": "Point", "coordinates": [ 8.4933867, 49.5078796 ] } },
{ "type": "Feature", "properties": { "id": "node/8840934659", "city": "mannheim", "uni": "uni", "category": "sporteinrichtungen", "name": "Fight und Fitness Fabrik Mannheim", "adress": null, "sportart": null, "lon": 8.4622879, "lat": 49.5177647 }, "geometry": { "type": "Point", "coordinates": [ 8.4622879, 49.5177647 ] } },
{ "type": "Feature", "properties": { "id": "node/8849814442", "city": "mannheim", "uni": "uni", "category": "sporteinrichtungen", "name": "Sporteinrichtung", "adress": null, "sportart": null, "lon": 8.5034842, "lat": 49.4874189 }, "geometry": { "type": "Point", "coordinates": [ 8.5034842, 49.4874189 ] } },
{ "type": "Feature", "properties": { "id": "node/9165685741", "city": "mannheim", "uni": "uni", "category": "sporteinrichtungen", "name": "Kanu-Gesellschaft Neckarau e.V.", "adress": "Mühlweg 11", "sportart": null, "lon": 8.471212, "lat": 49.4454753 }, "geometry": { "type": "Point", "coordinates": [ 8.471212, 49.4454753 ] } },
{ "type": "Feature", "properties": { "id": "node/9391022252", "city": "mannheim", "uni": "uni", "category": "sporteinrichtungen", "name": "XGYM", "adress": null, "sportart": null, "lon": 8.4453196, "lat": 49.4830497 }, "geometry": { "type": "Point", "coordinates": [ 8.4453196, 49.4830497 ] } },
{ "type": "Feature", "properties": { "id": "node/9775370097", "city": "mannheim", "uni": "uni", "category": "sporteinrichtungen", "name": "Casana", "adress": "Meerfeldstraße 69", "sportart": null, "lon": 8.469919, "lat": 49.4720437 }, "geometry": { "type": "Point", "coordinates": [ 8.469919, 49.4720437 ] } },
{ "type": "Feature", "properties": { "id": "node/9929410671", "city": "mannheim", "uni": "uni", "category": "sporteinrichtungen", "name": "Tanz Zentrum C7 - Universitaet Mannheim", "adress": "C7 12", "sportart": null, "lon": 8.4587091, "lat": 49.4890667 }, "geometry": { "type": "Point", "coordinates": [ 8.4587091, 49.4890667 ] } },
{ "type": "Feature", "properties": { "id": "node/9946500204", "city": "mannheim", "uni": "uni", "category": "sporteinrichtungen", "name": "ADTV Tanzschule Weile", "adress": "Kalmitstraße 25", "sportart": null, "lon": 8.420812, "lat": 49.4596975 }, "geometry": { "type": "Point", "coordinates": [ 8.420812, 49.4596975 ] } },
{ "type": "Feature", "properties": { "id": "node/9972348162", "city": "mannheim", "uni": "uni", "category": "sporteinrichtungen", "name": "Venice Beach MA-Käfertal", "adress": "Auf dem Sand 79", "sportart": null, "lon": 8.5087726, "lat": 49.5154405 }, "geometry": { "type": "Point", "coordinates": [ 8.5087726, 49.5154405 ] } },
{ "type": "Feature", "properties": { "id": "node/10120123403", "city": "mannheim", "uni": "uni", "category": "sporteinrichtungen", "name": "BASF LuFit", "adress": "Geibelstraße 3", "sportart": null, "lon": 8.4270949, "lat": 49.4936684 }, "geometry": { "type": "Point", "coordinates": [ 8.4270949, 49.4936684 ] } },
{ "type": "Feature", "properties": { "id": "node/10435617366", "city": "mannheim", "uni": "uni", "category": "sporteinrichtungen", "name": "Smart Climb", "adress": null, "sportart": null, "lon": 8.5027716, "lat": 49.497036 }, "geometry": { "type": "Point", "coordinates": [ 8.5027716, 49.497036 ] } },
{ "type": "Feature", "properties": { "id": "node/11459178869", "city": "mannheim", "uni": "uni", "category": "sporteinrichtungen", "name": "Reformé Reformer Studio", "adress": "H7 1", "sportart": null, "lon": 8.4632938, "lat": 49.4919979 }, "geometry": { "type": "Point", "coordinates": [ 8.4632938, 49.4919979 ] } },
{ "type": "Feature", "properties": { "id": "node/11465182369", "city": "mannheim", "uni": "uni", "category": "sporteinrichtungen", "name": "flow - yoga and more", "adress": "G7 30", "sportart": null, "lon": 8.4604639, "lat": 49.4922409 }, "geometry": { "type": "Point", "coordinates": [ 8.4604639, 49.4922409 ] } },
{ "type": "Feature", "properties": { "id": "node/11801691135", "city": "mannheim", "uni": "uni", "category": "sporteinrichtungen", "name": "House of Pilates", "adress": null, "sportart": null, "lon": 8.5188215, "lat": 49.5031286 }, "geometry": { "type": "Point", "coordinates": [ 8.5188215, 49.5031286 ] } },
{ "type": "Feature", "properties": { "id": "node/12383133135", "city": "mannheim", "uni": "uni", "category": "sporteinrichtungen", "name": "Soma Yoga", "adress": "Langstraße 7", "sportart": null, "lon": 8.4712291, "lat": 49.4966556 }, "geometry": { "type": "Point", "coordinates": [ 8.4712291, 49.4966556 ] } },
{ "type": "Feature", "properties": { "id": "node/13031534380", "city": "mannheim", "uni": "uni", "category": "sporteinrichtungen", "name": "FitX", "adress": null, "sportart": null, "lon": 8.4871165, "lat": 49.4655244 }, "geometry": { "type": "Point", "coordinates": [ 8.4871165, 49.4655244 ] } },
{ "type": "Feature", "properties": { "id": "node/13483980201", "city": "mannheim", "uni": "uni", "category": "sporteinrichtungen", "name": "maba! Padel Mannheim", "adress": "Wattstraße 23", "sportart": null, "lon": 8.4955792, "lat": 49.4647162 }, "geometry": { "type": "Point", "coordinates": [ 8.4955792, 49.4647162 ] } },
{ "type": "Feature", "properties": { "id": "node/13859591850", "city": "mannheim", "uni": "uni", "category": "sporteinrichtungen", "name": "K360 Sports", "adress": null, "sportart": null, "lon": 8.4879169, "lat": 49.4783798 }, "geometry": { "type": "Point", "coordinates": [ 8.4879169, 49.4783798 ] } },
{ "type": "Feature", "properties": { "id": "relation/8010088", "city": "mannheim", "uni": "uni", "category": "wohnheime", "name": "Wohnheim", "adress": null, "sportart": null, "lon": 8.4846154, "lat": 49.5247058 }, "geometry": { "type": "Point", "coordinates": [ 8.4846154, 49.5247058 ] } },
{ "type": "Feature", "properties": { "id": "way/110948488", "city": "mannheim", "uni": "uni", "category": "wohnheime", "name": "C", "adress": null, "sportart": null, "lon": 8.5128817, "lat": 49.4760989 }, "geometry": { "type": "Point", "coordinates": [ 8.5128817, 49.4760989 ] } },
{ "type": "Feature", "properties": { "id": "way/110948489", "city": "mannheim", "uni": "uni", "category": "wohnheime", "name": "B", "adress": null, "sportart": null, "lon": 8.5128634, "lat": 49.4756539 }, "geometry": { "type": "Point", "coordinates": [ 8.5128634, 49.4756539 ] } },
{ "type": "Feature", "properties": { "id": "way/119323314", "city": "mannheim", "uni": "uni", "category": "wohnheime", "name": "Studierendenwohnheim N6", "adress": "N6 8", "sportart": null, "lon": 8.4694879, "lat": 49.4844057 }, "geometry": { "type": "Point", "coordinates": [ 8.4694879, 49.4844057 ] } },
{ "type": "Feature", "properties": { "id": "way/142592444", "city": "mannheim", "uni": "uni", "category": "wohnheime", "name": "Wohnheim", "adress": null, "sportart": null, "lon": 8.4616466, "lat": 49.4900405 }, "geometry": { "type": "Point", "coordinates": [ 8.4616466, 49.4900405 ] } },
{ "type": "Feature", "properties": { "id": "way/142592445", "city": "mannheim", "uni": "uni", "category": "wohnheime", "name": "Wohnheim", "adress": null, "sportart": null, "lon": 8.4612952, "lat": 49.4898153 }, "geometry": { "type": "Point", "coordinates": [ 8.4612952, 49.4898153 ] } },
{ "type": "Feature", "properties": { "id": "way/148515473", "city": "mannheim", "uni": "uni", "category": "wohnheime", "name": "Studentenwohnhaus Augartenstraße", "adress": "Augartenstraße 112-114", "sportart": null, "lon": 8.4855653, "lat": 49.4744441 }, "geometry": { "type": "Point", "coordinates": [ 8.4855653, 49.4744441 ] } },
{ "type": "Feature", "properties": { "id": "way/150384643", "city": "mannheim", "uni": "uni", "category": "wohnheime", "name": "Studierendenwohnheim", "adress": "Hafenstraße 35", "sportart": null, "lon": 8.4572953, "lat": 49.4966955 }, "geometry": { "type": "Point", "coordinates": [ 8.4572953, 49.4966955 ] } },
{ "type": "Feature", "properties": { "id": "way/150384645", "city": "mannheim", "uni": "uni", "category": "wohnheime", "name": "Studierendenwohnheim", "adress": "Hafenstraße 37", "sportart": null, "lon": 8.457326, "lat": 49.4968668 }, "geometry": { "type": "Point", "coordinates": [ 8.457326, 49.4968668 ] } },
{ "type": "Feature", "properties": { "id": "way/150384649", "city": "mannheim", "uni": "uni", "category": "wohnheime", "name": "Studierendenwohnheim", "adress": "Hafenstraße 39", "sportart": null, "lon": 8.4573685, "lat": 49.4970806 }, "geometry": { "type": "Point", "coordinates": [ 8.4573685, 49.4970806 ] } },
{ "type": "Feature", "properties": { "id": "way/150384651", "city": "mannheim", "uni": "uni", "category": "wohnheime", "name": "Studierendenwohnheim", "adress": "Hafenstraße 41", "sportart": null, "lon": 8.4574, "lat": 49.4972497 }, "geometry": { "type": "Point", "coordinates": [ 8.4574, 49.4972497 ] } },
{ "type": "Feature", "properties": { "id": "way/150384652", "city": "mannheim", "uni": "uni", "category": "wohnheime", "name": "Studierendenwohnheim", "adress": "Hafenstraße 43", "sportart": null, "lon": 8.4574749, "lat": 49.4974587 }, "geometry": { "type": "Point", "coordinates": [ 8.4574749, 49.4974587 ] } },
{ "type": "Feature", "properties": { "id": "way/150384653", "city": "mannheim", "uni": "uni", "category": "wohnheime", "name": "Studierendenwohnheim", "adress": "Hafenstraße 45", "sportart": null, "lon": 8.4575073, "lat": 49.4976274 }, "geometry": { "type": "Point", "coordinates": [ 8.4575073, 49.4976274 ] } },
{ "type": "Feature", "properties": { "id": "way/150817460", "city": "mannheim", "uni": "uni", "category": "wohnheime", "name": "Wohnheim", "adress": "Neckarauer Straße 167", "sportart": null, "lon": 8.4876786, "lat": 49.4637407 }, "geometry": { "type": "Point", "coordinates": [ 8.4876786, 49.4637407 ] } },
{ "type": "Feature", "properties": { "id": "way/150817461", "city": "mannheim", "uni": "uni", "category": "wohnheime", "name": "Wohnheim", "adress": "Neckarauer Straße 169", "sportart": null, "lon": 8.4875642, "lat": 49.4638863 }, "geometry": { "type": "Point", "coordinates": [ 8.4875642, 49.4638863 ] } },
{ "type": "Feature", "properties": { "id": "way/150817462", "city": "mannheim", "uni": "uni", "category": "wohnheime", "name": "Wohnheim", "adress": "Neckarauer Straße 171", "sportart": null, "lon": 8.4874399, "lat": 49.4640399 }, "geometry": { "type": "Point", "coordinates": [ 8.4874399, 49.4640399 ] } },
{ "type": "Feature", "properties": { "id": "way/150817463", "city": "mannheim", "uni": "uni", "category": "wohnheime", "name": "Wohnheim", "adress": "Neckarauer Straße 173", "sportart": null, "lon": 8.4873352, "lat": 49.4641872 }, "geometry": { "type": "Point", "coordinates": [ 8.4873352, 49.4641872 ] } },
{ "type": "Feature", "properties": { "id": "way/151651652", "city": "mannheim", "uni": "uni", "category": "wohnheime", "name": "Wohnheim", "adress": null, "sportart": null, "lon": 8.4619753, "lat": 49.4900573 }, "geometry": { "type": "Point", "coordinates": [ 8.4619753, 49.4900573 ] } },
{ "type": "Feature", "properties": { "id": "way/152595728", "city": "mannheim", "uni": "uni", "category": "wohnheime", "name": "Wohnheim", "adress": "Hans-Sachs-Ring 1", "sportart": null, "lon": 8.4809443, "lat": 49.4565666 }, "geometry": { "type": "Point", "coordinates": [ 8.4809443, 49.4565666 ] } },
{ "type": "Feature", "properties": { "id": "way/152595729", "city": "mannheim", "uni": "uni", "category": "wohnheime", "name": "Wohnheim", "adress": "Hans-Sachs-Ring 3", "sportart": null, "lon": 8.4806969, "lat": 49.4564923 }, "geometry": { "type": "Point", "coordinates": [ 8.4806969, 49.4564923 ] } },
{ "type": "Feature", "properties": { "id": "way/152595730", "city": "mannheim", "uni": "uni", "category": "wohnheime", "name": "Wohnheim", "adress": "Hans-Sachs-Ring 5", "sportart": null, "lon": 8.4804574, "lat": 49.4564185 }, "geometry": { "type": "Point", "coordinates": [ 8.4804574, 49.4564185 ] } },
{ "type": "Feature", "properties": { "id": "way/152595731", "city": "mannheim", "uni": "uni", "category": "wohnheime", "name": "Wohnheim", "adress": "Steubenstraße 80", "sportart": null, "lon": 8.4810809, "lat": 49.4564671 }, "geometry": { "type": "Point", "coordinates": [ 8.4810809, 49.4564671 ] } },
{ "type": "Feature", "properties": { "id": "way/162151442", "city": "mannheim", "uni": "uni", "category": "wohnheime", "name": "Studentenwohnheim Eastsite", "adress": "Seckenheimer Landstraße 4a", "sportart": null, "lon": 8.5068655, "lat": 49.4769544 }, "geometry": { "type": "Point", "coordinates": [ 8.5068655, 49.4769544 ] } },
{ "type": "Feature", "properties": { "id": "way/162152460", "city": "mannheim", "uni": "uni", "category": "wohnheime", "name": "A", "adress": null, "sportart": null, "lon": 8.5121875, "lat": 49.4756151 }, "geometry": { "type": "Point", "coordinates": [ 8.5121875, 49.4756151 ] } },
{ "type": "Feature", "properties": { "id": "way/162614773", "city": "mannheim", "uni": "uni", "category": "wohnheime", "name": "Wohnheim", "adress": null, "sportart": null, "lon": 8.492639, "lat": 49.5326511 }, "geometry": { "type": "Point", "coordinates": [ 8.492639, 49.5326511 ] } },
{ "type": "Feature", "properties": { "id": "way/166051776", "city": "mannheim", "uni": "uni", "category": "wohnheime", "name": "Wohnheim", "adress": null, "sportart": null, "lon": 8.4565392, "lat": 49.4888461 }, "geometry": { "type": "Point", "coordinates": [ 8.4565392, 49.4888461 ] } },
{ "type": "Feature", "properties": { "id": "way/166051782", "city": "mannheim", "uni": "uni", "category": "wohnheime", "name": "Wohnheim", "adress": null, "sportart": null, "lon": 8.4566011, "lat": 49.4889723 }, "geometry": { "type": "Point", "coordinates": [ 8.4566011, 49.4889723 ] } },
{ "type": "Feature", "properties": { "id": "way/166336017", "city": "mannheim", "uni": "uni", "category": "wohnheime", "name": "CAMPUS68", "adress": "Käthe-Kollwitz-Straße 15", "sportart": null, "lon": 8.4728281, "lat": 49.5063202 }, "geometry": { "type": "Point", "coordinates": [ 8.4728281, 49.5063202 ] } },
{ "type": "Feature", "properties": { "id": "way/171677979", "city": "mannheim", "uni": "uni", "category": "wohnheime", "name": "Wohnheim", "adress": "Heinigstraße 13", "sportart": null, "lon": 8.44419, "lat": 49.4773286 }, "geometry": { "type": "Point", "coordinates": [ 8.44419, 49.4773286 ] } },
{ "type": "Feature", "properties": { "id": "way/192987585", "city": "mannheim", "uni": "uni", "category": "wohnheime", "name": "Studentenwohnhaus G7, 28", "adress": null, "sportart": null, "lon": 8.4600395, "lat": 49.4922217 }, "geometry": { "type": "Point", "coordinates": [ 8.4600395, 49.4922217 ] } },
{ "type": "Feature", "properties": { "id": "way/197559085", "city": "mannheim", "uni": "uni", "category": "wohnheime", "name": "Alfred-Delp-Haus", "adress": null, "sportart": null, "lon": 8.4608487, "lat": 49.4893579 }, "geometry": { "type": "Point", "coordinates": [ 8.4608487, 49.4893579 ] } },
{ "type": "Feature", "properties": { "id": "way/197559107", "city": "mannheim", "uni": "uni", "category": "wohnheime", "name": "Katholische Hochschulgemeinde", "adress": null, "sportart": null, "lon": 8.4607416, "lat": 49.4891695 }, "geometry": { "type": "Point", "coordinates": [ 8.4607416, 49.4891695 ] } },
{ "type": "Feature", "properties": { "id": "way/217619054", "city": "mannheim", "uni": "uni", "category": "wohnheime", "name": "TDB Bildungsverein e.V. Wohnheim", "adress": "Schulstraße 105", "sportart": null, "lon": 8.4917788, "lat": 49.4606667 }, "geometry": { "type": "Point", "coordinates": [ 8.4917788, 49.4606667 ] } },
{ "type": "Feature", "properties": { "id": "way/218557265", "city": "mannheim", "uni": "uni", "category": "wohnheime", "name": "Wohnheim", "adress": "Speyerer Straße 39", "sportart": null, "lon": 8.4795721, "lat": 49.4661524 }, "geometry": { "type": "Point", "coordinates": [ 8.4795721, 49.4661524 ] } },
{ "type": "Feature", "properties": { "id": "way/218557267", "city": "mannheim", "uni": "uni", "category": "wohnheime", "name": "Wohnheim", "adress": "Speyerer Straße 41", "sportart": null, "lon": 8.4793734, "lat": 49.4660615 }, "geometry": { "type": "Point", "coordinates": [ 8.4793734, 49.4660615 ] } },
{ "type": "Feature", "properties": { "id": "way/218557274", "city": "mannheim", "uni": "uni", "category": "wohnheime", "name": "Wohnheim", "adress": "Speyerer Straße 55", "sportart": null, "lon": 8.4777078, "lat": 49.4653988 }, "geometry": { "type": "Point", "coordinates": [ 8.4777078, 49.4653988 ] } },
{ "type": "Feature", "properties": { "id": "way/218557275", "city": "mannheim", "uni": "uni", "category": "wohnheime", "name": "Wohnheim", "adress": "Speyerer Straße 57", "sportart": null, "lon": 8.4774923, "lat": 49.4653268 }, "geometry": { "type": "Point", "coordinates": [ 8.4774923, 49.4653268 ] } },
{ "type": "Feature", "properties": { "id": "way/223921899", "city": "mannheim", "uni": "uni", "category": "wohnheime", "name": "Studentenwohnheim", "adress": "Pettenkoferstraße 19", "sportart": null, "lon": 8.4713024, "lat": 49.5041487 }, "geometry": { "type": "Point", "coordinates": [ 8.4713024, 49.5041487 ] } },
{ "type": "Feature", "properties": { "id": "way/226746496", "city": "mannheim", "uni": "uni", "category": "wohnheime", "name": "Wohnheim", "adress": null, "sportart": null, "lon": 8.5090235, "lat": 49.5304083 }, "geometry": { "type": "Point", "coordinates": [ 8.5090235, 49.5304083 ] } },
{ "type": "Feature", "properties": { "id": "way/226746544", "city": "mannheim", "uni": "uni", "category": "wohnheime", "name": "Wohnheim", "adress": null, "sportart": null, "lon": 8.5077149, "lat": 49.5300721 }, "geometry": { "type": "Point", "coordinates": [ 8.5077149, 49.5300721 ] } },
{ "type": "Feature", "properties": { "id": "way/226746590", "city": "mannheim", "uni": "uni", "category": "wohnheime", "name": "Wohnheim", "adress": "Rottannenweg 70", "sportart": null, "lon": 8.5078805, "lat": 49.5303129 }, "geometry": { "type": "Point", "coordinates": [ 8.5078805, 49.5303129 ] } },
{ "type": "Feature", "properties": { "id": "way/226746591", "city": "mannheim", "uni": "uni", "category": "wohnheime", "name": "Wohnheim", "adress": null, "sportart": null, "lon": 8.5078286, "lat": 49.5303417 }, "geometry": { "type": "Point", "coordinates": [ 8.5078286, 49.5303417 ] } },
{ "type": "Feature", "properties": { "id": "way/270847418", "city": "mannheim", "uni": "uni", "category": "wohnheime", "name": "Wohnheim", "adress": "Wetzlarer Winkel 10", "sportart": null, "lon": 8.4921816, "lat": 49.5231262 }, "geometry": { "type": "Point", "coordinates": [ 8.4921816, 49.5231262 ] } },
{ "type": "Feature", "properties": { "id": "way/290258034", "city": "mannheim", "uni": "uni", "category": "wohnheime", "name": "Wohnheim", "adress": "Planetenweg 19", "sportart": null, "lon": 8.508373, "lat": 49.524172 }, "geometry": { "type": "Point", "coordinates": [ 8.508373, 49.524172 ] } },
{ "type": "Feature", "properties": { "id": "way/300642718", "city": "mannheim", "uni": "uni", "category": "wohnheime", "name": "Wohnheim", "adress": null, "sportart": null, "lon": 8.5079019, "lat": 49.5254898 }, "geometry": { "type": "Point", "coordinates": [ 8.5079019, 49.5254898 ] } },
{ "type": "Feature", "properties": { "id": "way/304769189", "city": "mannheim", "uni": "uni", "category": "wohnheime", "name": "Wohnheim", "adress": null, "sportart": null, "lon": 8.5986359, "lat": 49.4947516 }, "geometry": { "type": "Point", "coordinates": [ 8.5986359, 49.4947516 ] } },
{ "type": "Feature", "properties": { "id": "way/317827300", "city": "mannheim", "uni": "uni", "category": "wohnheime", "name": "Wohnheim", "adress": null, "sportart": null, "lon": 8.4567881, "lat": 49.48883 }, "geometry": { "type": "Point", "coordinates": [ 8.4567881, 49.48883 ] } },
{ "type": "Feature", "properties": { "id": "way/322078678", "city": "mannheim", "uni": "uni", "category": "wohnheime", "name": "Wohnheim", "adress": null, "sportart": null, "lon": 8.4599366, "lat": 49.4925343 }, "geometry": { "type": "Point", "coordinates": [ 8.4599366, 49.4925343 ] } },
{ "type": "Feature", "properties": { "id": "way/322435762", "city": "mannheim", "uni": "uni", "category": "wohnheime", "name": "Christliches Studentenwohnheim Haus Friede", "adress": null, "sportart": null, "lon": 8.4676964, "lat": 49.4934119 }, "geometry": { "type": "Point", "coordinates": [ 8.4676964, 49.4934119 ] } },
{ "type": "Feature", "properties": { "id": "way/326051227", "city": "mannheim", "uni": "uni", "category": "wohnheime", "name": "Wohnheim", "adress": "Mörikestraße 18", "sportart": null, "lon": 8.3654134, "lat": 49.4881016 }, "geometry": { "type": "Point", "coordinates": [ 8.3654134, 49.4881016 ] } },
{ "type": "Feature", "properties": { "id": "way/326051248", "city": "mannheim", "uni": "uni", "category": "wohnheime", "name": "Wohnheim", "adress": "Mörikestraße 20", "sportart": null, "lon": 8.3653271, "lat": 49.4882768 }, "geometry": { "type": "Point", "coordinates": [ 8.3653271, 49.4882768 ] } },
{ "type": "Feature", "properties": { "id": "way/326051263", "city": "mannheim", "uni": "uni", "category": "wohnheime", "name": "Wohnheim", "adress": "Mörikestraße 22", "sportart": null, "lon": 8.3652168, "lat": 49.4885194 }, "geometry": { "type": "Point", "coordinates": [ 8.3652168, 49.4885194 ] } },
{ "type": "Feature", "properties": { "id": "way/332372124", "city": "mannheim", "uni": "uni", "category": "wohnheime", "name": "Wohnheim", "adress": "Speyerer Straße 43", "sportart": null, "lon": 8.4790898, "lat": 49.4658872 }, "geometry": { "type": "Point", "coordinates": [ 8.4790898, 49.4658872 ] } },
{ "type": "Feature", "properties": { "id": "way/332372126", "city": "mannheim", "uni": "uni", "category": "wohnheime", "name": "Wohnheim", "adress": "Speyerer Straße 45", "sportart": null, "lon": 8.4788863, "lat": 49.4658068 }, "geometry": { "type": "Point", "coordinates": [ 8.4788863, 49.4658068 ] } },
{ "type": "Feature", "properties": { "id": "way/332372128", "city": "mannheim", "uni": "uni", "category": "wohnheime", "name": "Wohnheim", "adress": "Speyerer Straße 47", "sportart": null, "lon": 8.4786828, "lat": 49.4657264 }, "geometry": { "type": "Point", "coordinates": [ 8.4786828, 49.4657264 ] } },
{ "type": "Feature", "properties": { "id": "way/332372130", "city": "mannheim", "uni": "uni", "category": "wohnheime", "name": "Wohnheim", "adress": "Speyerer Straße 49", "sportart": null, "lon": 8.4784794, "lat": 49.4656459 }, "geometry": { "type": "Point", "coordinates": [ 8.4784794, 49.4656459 ] } },
{ "type": "Feature", "properties": { "id": "way/332372132", "city": "mannheim", "uni": "uni", "category": "wohnheime", "name": "Wohnheim", "adress": "Speyerer Straße 51", "sportart": null, "lon": 8.4782759, "lat": 49.4655655 }, "geometry": { "type": "Point", "coordinates": [ 8.4782759, 49.4655655 ] } },
{ "type": "Feature", "properties": { "id": "way/332372134", "city": "mannheim", "uni": "uni", "category": "wohnheime", "name": "Wohnheim", "adress": "Speyerer Straße 53", "sportart": null, "lon": 8.4780724, "lat": 49.4654851 }, "geometry": { "type": "Point", "coordinates": [ 8.4780724, 49.4654851 ] } },
{ "type": "Feature", "properties": { "id": "way/512317063", "city": "mannheim", "uni": "uni", "category": "wohnheime", "name": "Studentenwohnheim", "adress": "Oskar-Meixner-Straße 8", "sportart": null, "lon": 8.4860487, "lat": 49.4694647 }, "geometry": { "type": "Point", "coordinates": [ 8.4860487, 49.4694647 ] } },
{ "type": "Feature", "properties": { "id": "way/871673939", "city": "mannheim", "uni": "uni", "category": "wohnheime", "name": "Wohnheim", "adress": null, "sportart": null, "lon": 8.4613562, "lat": 49.4899039 }, "geometry": { "type": "Point", "coordinates": [ 8.4613562, 49.4899039 ] } },
{ "type": "Feature", "properties": { "id": "way/943852731", "city": "mannheim", "uni": "uni", "category": "wohnheime", "name": "Wohnheim", "adress": null, "sportart": null, "lon": 8.5096935, "lat": 49.4759399 }, "geometry": { "type": "Point", "coordinates": [ 8.5096935, 49.4759399 ] } },
{ "type": "Feature", "properties": { "id": "way/943852732", "city": "mannheim", "uni": "uni", "category": "wohnheime", "name": "Wohnheim", "adress": null, "sportart": null, "lon": 8.5094553, "lat": 49.4757463 }, "geometry": { "type": "Point", "coordinates": [ 8.5094553, 49.4757463 ] } },
{ "type": "Feature", "properties": { "id": "way/943852733", "city": "mannheim", "uni": "uni", "category": "wohnheime", "name": "Wohnheim", "adress": null, "sportart": null, "lon": 8.5093329, "lat": 49.4761991 }, "geometry": { "type": "Point", "coordinates": [ 8.5093329, 49.4761991 ] } },
{ "type": "Feature", "properties": { "id": "way/943852734", "city": "mannheim", "uni": "uni", "category": "wohnheime", "name": "Wohnheim", "adress": null, "sportart": null, "lon": 8.509031, "lat": 49.4760692 }, "geometry": { "type": "Point", "coordinates": [ 8.509031, 49.4760692 ] } },
{ "type": "Feature", "properties": { "id": "way/943852735", "city": "mannheim", "uni": "uni", "category": "wohnheime", "name": "Wohnheim", "adress": null, "sportart": null, "lon": 8.5086345, "lat": 49.4761156 }, "geometry": { "type": "Point", "coordinates": [ 8.5086345, 49.4761156 ] } },
{ "type": "Feature", "properties": { "id": "way/943852736", "city": "mannheim", "uni": "uni", "category": "wohnheime", "name": "Wohnheim", "adress": null, "sportart": null, "lon": 8.5084393, "lat": 49.4763429 }, "geometry": { "type": "Point", "coordinates": [ 8.5084393, 49.4763429 ] } },
{ "type": "Feature", "properties": { "id": "way/943852737", "city": "mannheim", "uni": "uni", "category": "wohnheime", "name": "Wohnheim", "adress": null, "sportart": null, "lon": 8.5080744, "lat": 49.4759359 }, "geometry": { "type": "Point", "coordinates": [ 8.5080744, 49.4759359 ] } },
{ "type": "Feature", "properties": { "id": "way/943852738", "city": "mannheim", "uni": "uni", "category": "wohnheime", "name": "Wohnheim", "adress": null, "sportart": null, "lon": 8.5079031, "lat": 49.4761587 }, "geometry": { "type": "Point", "coordinates": [ 8.5079031, 49.4761587 ] } },
{ "type": "Feature", "properties": { "id": "way/1011261436", "city": "mannheim", "uni": "uni", "category": "wohnheime", "name": "Roman-Nitsch-Haus", "adress": null, "sportart": null, "lon": 8.4839517, "lat": 49.5240734 }, "geometry": { "type": "Point", "coordinates": [ 8.4839517, 49.5240734 ] } },
{ "type": "Feature", "properties": { "id": "way/1223583462", "city": "mannheim", "uni": "uni", "category": "wohnheime", "name": "Wohnheim", "adress": null, "sportart": null, "lon": 8.4618239, "lat": 49.4896302 }, "geometry": { "type": "Point", "coordinates": [ 8.4618239, 49.4896302 ] } },
{ "type": "Feature", "properties": { "id": "way/1274046141", "city": "mannheim", "uni": "uni", "category": "wohnheime", "name": "Wohnheim", "adress": null, "sportart": null, "lon": 8.5383658, "lat": 49.4108441 }, "geometry": { "type": "Point", "coordinates": [ 8.5383658, 49.4108441 ] } },
{ "type": "Feature", "properties": { "id": "way/1443816546", "city": "mannheim", "uni": "uni", "category": "wohnheime", "name": "Wohnheim", "adress": null, "sportart": null, "lon": 8.4589776, "lat": 49.4880807 }, "geometry": { "type": "Point", "coordinates": [ 8.4589776, 49.4880807 ] } },
{ "type": "Feature", "properties": { "id": "way/1462146751", "city": "mannheim", "uni": "uni", "category": "wohnheime", "name": "Wohnheim", "adress": null, "sportart": null, "lon": 8.4572239, "lat": 49.4886944 }, "geometry": { "type": "Point", "coordinates": [ 8.4572239, 49.4886944 ] } },
{ "type": "Feature", "properties": { "id": "way/1462146752", "city": "mannheim", "uni": "uni", "category": "wohnheime", "name": "Wohnheim", "adress": null, "sportart": null, "lon": 8.4569145, "lat": 49.4886449 }, "geometry": { "type": "Point", "coordinates": [ 8.4569145, 49.4886449 ] } },
{ "type": "Feature", "properties": { "id": "node/103011354", "city": "stuttgart", "uni": "dhbw", "category": "bahnhoefe", "name": "Leinfelden", "adress": null, "sportart": null, "lon": 9.1427508, "lat": 48.6966965 }, "geometry": { "type": "Point", "coordinates": [ 9.1427508, 48.6966965 ] } },
{ "type": "Feature", "properties": { "id": "node/248909838", "city": "stuttgart", "uni": "dhbw", "category": "bahnhoefe", "name": "Stuttgart-Untertürkheim", "adress": null, "sportart": null, "lon": 9.2504725, "lat": 48.7798209 }, "geometry": { "type": "Point", "coordinates": [ 9.2504725, 48.7798209 ] } },
{ "type": "Feature", "properties": { "id": "node/263259559", "city": "stuttgart", "uni": "dhbw", "category": "bahnhoefe", "name": "Stuttgart-Obertürkheim", "adress": null, "sportart": null, "lon": 9.2681173, "lat": 48.7617575 }, "geometry": { "type": "Point", "coordinates": [ 9.2681173, 48.7617575 ] } },
{ "type": "Feature", "properties": { "id": "node/263346985", "city": "stuttgart", "uni": "dhbw", "category": "bahnhoefe", "name": "Stuttgart Nordbahnhof", "adress": null, "sportart": null, "lon": 9.188064, "lat": 48.80373 }, "geometry": { "type": "Point", "coordinates": [ 9.188064, 48.80373 ] } },
{ "type": "Feature", "properties": { "id": "node/278553741", "city": "stuttgart", "uni": "dhbw", "category": "bahnhoefe", "name": "Stuttgart Hauptbahnhof (tief)", "adress": null, "sportart": null, "lon": 9.1799271, "lat": 48.7830723 }, "geometry": { "type": "Point", "coordinates": [ 9.1799271, 48.7830723 ] } },
{ "type": "Feature", "properties": { "id": "node/279987129", "city": "stuttgart", "uni": "dhbw", "category": "bahnhoefe", "name": "Stuttgart-Zazenhausen", "adress": null, "sportart": null, "lon": 9.1995088, "lat": 48.8360504 }, "geometry": { "type": "Point", "coordinates": [ 9.1995088, 48.8360504 ] } },
{ "type": "Feature", "properties": { "id": "node/303467028", "city": "stuttgart", "uni": "dhbw", "category": "bahnhoefe", "name": "Stuttgart-Feuerbach", "adress": null, "sportart": null, "lon": 9.1693064, "lat": 48.813504 }, "geometry": { "type": "Point", "coordinates": [ 9.1693064, 48.813504 ] } },
{ "type": "Feature", "properties": { "id": "node/304359311", "city": "stuttgart", "uni": "dhbw", "category": "bahnhoefe", "name": "Weilimdorf", "adress": null, "sportart": null, "lon": 9.0944331, "lat": 48.822086 }, "geometry": { "type": "Point", "coordinates": [ 9.0944331, 48.822086 ] } },
{ "type": "Feature", "properties": { "id": "node/304367932", "city": "stuttgart", "uni": "dhbw", "category": "bahnhoefe", "name": "Korntal", "adress": null, "sportart": null, "lon": 9.1214162, "lat": 48.8265137 }, "geometry": { "type": "Point", "coordinates": [ 9.1214162, 48.8265137 ] } },
{ "type": "Feature", "properties": { "id": "node/997756196", "city": "stuttgart", "uni": "dhbw", "category": "bahnhoefe", "name": "Esslingen-Mettingen", "adress": null, "sportart": null, "lon": 9.2756947, "lat": 48.7472159 }, "geometry": { "type": "Point", "coordinates": [ 9.2756947, 48.7472159 ] } },
{ "type": "Feature", "properties": { "id": "node/1635698272", "city": "stuttgart", "uni": "dhbw", "category": "bahnhoefe", "name": "Stuttgart Hauptbahnhof", "adress": null, "sportart": null, "lon": 9.1833959, "lat": 48.7856099 }, "geometry": { "type": "Point", "coordinates": [ 9.1833959, 48.7856099 ] } },
{ "type": "Feature", "properties": { "id": "node/2432321160", "city": "stuttgart", "uni": "dhbw", "category": "bahnhoefe", "name": "Stuttgart Schwabstraße", "adress": null, "sportart": null, "lon": 9.1569698, "lat": 48.7702483 }, "geometry": { "type": "Point", "coordinates": [ 9.1569698, 48.7702483 ] } },
{ "type": "Feature", "properties": { "id": "node/2521443817", "city": "stuttgart", "uni": "dhbw", "category": "bahnhoefe", "name": "Stuttgart-Vaihingen", "adress": null, "sportart": null, "lon": 9.1131764, "lat": 48.7264626 }, "geometry": { "type": "Point", "coordinates": [ 9.1131764, 48.7264626 ] } },
{ "type": "Feature", "properties": { "id": "node/2661524407", "city": "stuttgart", "uni": "dhbw", "category": "bahnhoefe", "name": "Stuttgart-Zuffenhausen", "adress": null, "sportart": null, "lon": 9.16721, "lat": 48.8295258 }, "geometry": { "type": "Point", "coordinates": [ 9.16721, 48.8295258 ] } },
{ "type": "Feature", "properties": { "id": "node/3027565242", "city": "stuttgart", "uni": "dhbw", "category": "bahnhoefe", "name": "Stuttgart Feuersee", "adress": null, "sportart": null, "lon": 9.1659138, "lat": 48.7726044 }, "geometry": { "type": "Point", "coordinates": [ 9.1659138, 48.7726044 ] } },
{ "type": "Feature", "properties": { "id": "node/3034741424", "city": "stuttgart", "uni": "dhbw", "category": "bahnhoefe", "name": "Stuttgart Universität", "adress": null, "sportart": null, "lon": 9.105765, "lat": 48.7452713 }, "geometry": { "type": "Point", "coordinates": [ 9.105765, 48.7452713 ] } },
{ "type": "Feature", "properties": { "id": "node/3034811520", "city": "stuttgart", "uni": "dhbw", "category": "bahnhoefe", "name": "Stuttgart Österfeld", "adress": null, "sportart": null, "lon": 9.1167264, "lat": 48.7375038 }, "geometry": { "type": "Point", "coordinates": [ 9.1167264, 48.7375038 ] } },
{ "type": "Feature", "properties": { "id": "node/3043128922", "city": "stuttgart", "uni": "dhbw", "category": "bahnhoefe", "name": "Stuttgart Neuwirtshaus (Porscheplatz)", "adress": null, "sportart": null, "lon": 9.1522098, "lat": 48.8338388 }, "geometry": { "type": "Point", "coordinates": [ 9.1522098, 48.8338388 ] } },
{ "type": "Feature", "properties": { "id": "node/3043348659", "city": "stuttgart", "uni": "dhbw", "category": "bahnhoefe", "name": "Stuttgart-Rohr", "adress": null, "sportart": null, "lon": 9.1084072, "lat": 48.7177263 }, "geometry": { "type": "Point", "coordinates": [ 9.1084072, 48.7177263 ] } },
{ "type": "Feature", "properties": { "id": "node/3043366695", "city": "stuttgart", "uni": "dhbw", "category": "bahnhoefe", "name": "Oberaichen", "adress": null, "sportart": null, "lon": 9.1272836, "lat": 48.7052607 }, "geometry": { "type": "Point", "coordinates": [ 9.1272836, 48.7052607 ] } },
{ "type": "Feature", "properties": { "id": "node/3043452988", "city": "stuttgart", "uni": "dhbw", "category": "bahnhoefe", "name": "Bad Cannstatt", "adress": null, "sportart": null, "lon": 9.2168515, "lat": 48.8014069 }, "geometry": { "type": "Point", "coordinates": [ 9.2168515, 48.8014069 ] } },
{ "type": "Feature", "properties": { "id": "node/3045280857", "city": "stuttgart", "uni": "dhbw", "category": "bahnhoefe", "name": "Nürnberger Straße", "adress": null, "sportart": null, "lon": 9.2348625, "lat": 48.806375 }, "geometry": { "type": "Point", "coordinates": [ 9.2348625, 48.806375 ] } },
{ "type": "Feature", "properties": { "id": "node/3045304520", "city": "stuttgart", "uni": "dhbw", "category": "bahnhoefe", "name": "Sommerrain", "adress": null, "sportart": null, "lon": 9.248517, "lat": 48.8152317 }, "geometry": { "type": "Point", "coordinates": [ 9.248517, 48.8152317 ] } },
{ "type": "Feature", "properties": { "id": "node/3045348184", "city": "stuttgart", "uni": "dhbw", "category": "bahnhoefe", "name": "Fellbach", "adress": null, "sportart": null, "lon": 9.2707765, "lat": 48.820297 }, "geometry": { "type": "Point", "coordinates": [ 9.2707765, 48.820297 ] } },
{ "type": "Feature", "properties": { "id": "node/3045595163", "city": "stuttgart", "uni": "dhbw", "category": "bahnhoefe", "name": "Ditzingen", "adress": null, "sportart": null, "lon": 9.0674255, "lat": 48.8235995 }, "geometry": { "type": "Point", "coordinates": [ 9.0674255, 48.8235995 ] } },
{ "type": "Feature", "properties": { "id": "node/3055341381", "city": "stuttgart", "uni": "dhbw", "category": "bahnhoefe", "name": "Kornwestheim Personenbahnhof", "adress": null, "sportart": null, "lon": 9.1800732, "lat": 48.8621538 }, "geometry": { "type": "Point", "coordinates": [ 9.1800732, 48.8621538 ] } },
{ "type": "Feature", "properties": { "id": "node/3068189388", "city": "stuttgart", "uni": "dhbw", "category": "bahnhoefe", "name": "Stuttgart Neckarpark", "adress": null, "sportart": null, "lon": 9.2411731, "lat": 48.7918161 }, "geometry": { "type": "Point", "coordinates": [ 9.2411731, 48.7918161 ] } },
{ "type": "Feature", "properties": { "id": "node/6298426136", "city": "stuttgart", "uni": "dhbw", "category": "bahnhoefe", "name": "Stuttgart-Münster", "adress": null, "sportart": null, "lon": 9.2161743, "lat": 48.8207118 }, "geometry": { "type": "Point", "coordinates": [ 9.2161743, 48.8207118 ] } },
{ "type": "Feature", "properties": { "id": "node/6298426137", "city": "stuttgart", "uni": "dhbw", "category": "bahnhoefe", "name": "Stuttgart-Ebitzweg", "adress": null, "sportart": null, "lon": 9.2318241, "lat": 48.8037427 }, "geometry": { "type": "Point", "coordinates": [ 9.2318241, 48.8037427 ] } },
{ "type": "Feature", "properties": { "id": "relation/1585528", "city": "stuttgart", "uni": "dhbw", "category": "sporteinrichtungen", "name": "VfL Stuttgart-Kaltental 1886 e.V.", "adress": null, "sportart": null, "lon": 9.1415601, "lat": 48.7440283 }, "geometry": { "type": "Point", "coordinates": [ 9.1415601, 48.7440283 ] } },
{ "type": "Feature", "properties": { "id": "way/13872593", "city": "stuttgart", "uni": "dhbw", "category": "sporteinrichtungen", "name": "Spitalwaldhalle", "adress": "Spitalwald 1", "sportart": null, "lon": 9.2036489, "lat": 48.7466477 }, "geometry": { "type": "Point", "coordinates": [ 9.2036489, 48.7466477 ] } },
{ "type": "Feature", "properties": { "id": "way/22734562", "city": "stuttgart", "uni": "dhbw", "category": "sporteinrichtungen", "name": "SV Heslach", "adress": null, "sportart": null, "lon": 9.1260963, "lat": 48.763617 }, "geometry": { "type": "Point", "coordinates": [ 9.1260963, 48.763617 ] } },
{ "type": "Feature", "properties": { "id": "way/23425734", "city": "stuttgart", "uni": "dhbw", "category": "sporteinrichtungen", "name": "Kunstrasen Turnerbund Bad Cannstatt e.V.", "adress": null, "sportart": null, "lon": 9.2020291, "lat": 48.8158831 }, "geometry": { "type": "Point", "coordinates": [ 9.2020291, 48.8158831 ] } },
{ "type": "Feature", "properties": { "id": "way/24019333", "city": "stuttgart", "uni": "dhbw", "category": "sporteinrichtungen", "name": "Sportpark Himmerreich", "adress": "Vaihinger Landstraße 150", "sportart": null, "lon": 9.1193286, "lat": 48.7706553 }, "geometry": { "type": "Point", "coordinates": [ 9.1193286, 48.7706553 ] } },
{ "type": "Feature", "properties": { "id": "way/24019686", "city": "stuttgart", "uni": "dhbw", "category": "sporteinrichtungen", "name": "Turn- und Versammlungshalle", "adress": "Schumannstraße 10a", "sportart": null, "lon": 9.1297598, "lat": 48.778824 }, "geometry": { "type": "Point", "coordinates": [ 9.1297598, 48.778824 ] } },
{ "type": "Feature", "properties": { "id": "way/24035178", "city": "stuttgart", "uni": "dhbw", "category": "sporteinrichtungen", "name": "Wilhelm-Braun-Sportpark", "adress": null, "sportart": null, "lon": 9.1391689, "lat": 48.8098039 }, "geometry": { "type": "Point", "coordinates": [ 9.1391689, 48.8098039 ] } },
{ "type": "Feature", "properties": { "id": "way/24550128", "city": "stuttgart", "uni": "dhbw", "category": "sporteinrichtungen", "name": "Sporteinrichtung", "adress": null, "sportart": null, "lon": 9.151528, "lat": 48.7971427 }, "geometry": { "type": "Point", "coordinates": [ 9.151528, 48.7971427 ] } },
{ "type": "Feature", "properties": { "id": "way/24585993", "city": "stuttgart", "uni": "dhbw", "category": "sporteinrichtungen", "name": "VfR Cannstatt 1954 e.V.", "adress": "Burgholzstraße 45", "sportart": null, "lon": 9.2054442, "lat": 48.8206788 }, "geometry": { "type": "Point", "coordinates": [ 9.2054442, 48.8206788 ] } },
{ "type": "Feature", "properties": { "id": "way/24586097", "city": "stuttgart", "uni": "dhbw", "category": "sporteinrichtungen", "name": "FC Stuttgart", "adress": null, "sportart": null, "lon": 9.2022772, "lat": 48.8155928 }, "geometry": { "type": "Point", "coordinates": [ 9.2022772, 48.8155928 ] } },
{ "type": "Feature", "properties": { "id": "way/24590751", "city": "stuttgart", "uni": "dhbw", "category": "sporteinrichtungen", "name": "Tennishalle TB Cansstatt e.V.", "adress": null, "sportart": null, "lon": 9.2008222, "lat": 48.815364 }, "geometry": { "type": "Point", "coordinates": [ 9.2008222, 48.815364 ] } },
{ "type": "Feature", "properties": { "id": "way/24604837", "city": "stuttgart", "uni": "dhbw", "category": "sporteinrichtungen", "name": "Jahn-Sporthalle", "adress": "Wiener Straße 76A", "sportart": null, "lon": 9.1572162, "lat": 48.8117596 }, "geometry": { "type": "Point", "coordinates": [ 9.1572162, 48.8117596 ] } },
{ "type": "Feature", "properties": { "id": "way/25216374", "city": "stuttgart", "uni": "dhbw", "category": "sporteinrichtungen", "name": "Kunst-Turn-Forum", "adress": "Fritz-Walter-Weg 15", "sportart": null, "lon": 9.2343924, "lat": 48.7928064 }, "geometry": { "type": "Point", "coordinates": [ 9.2343924, 48.7928064 ] } },
{ "type": "Feature", "properties": { "id": "way/25855872", "city": "stuttgart", "uni": "dhbw", "category": "sporteinrichtungen", "name": "TC Doggenburg", "adress": "Feuerbacher Heide 19/3", "sportart": null, "lon": 9.1523546, "lat": 48.7898362 }, "geometry": { "type": "Point", "coordinates": [ 9.1523546, 48.7898362 ] } },
{ "type": "Feature", "properties": { "id": "way/26737370", "city": "stuttgart", "uni": "dhbw", "category": "sporteinrichtungen", "name": "Powerhouse Gym", "adress": "Unter dem Birkenkopf 49", "sportart": null, "lon": 9.1381707, "lat": 48.7678313 }, "geometry": { "type": "Point", "coordinates": [ 9.1381707, 48.7678313 ] } },
{ "type": "Feature", "properties": { "id": "way/27291109", "city": "stuttgart", "uni": "dhbw", "category": "sporteinrichtungen", "name": "Fitness First", "adress": "Hauptstätter Straße 107", "sportart": null, "lon": 9.1726492, "lat": 48.767703 }, "geometry": { "type": "Point", "coordinates": [ 9.1726492, 48.767703 ] } },
{ "type": "Feature", "properties": { "id": "way/27951647", "city": "stuttgart", "uni": "dhbw", "category": "sporteinrichtungen", "name": "Stadtbad Heslach", "adress": "Mörikestraße 62", "sportart": null, "lon": 9.1611384, "lat": 48.7645821 }, "geometry": { "type": "Point", "coordinates": [ 9.1611384, 48.7645821 ] } },
{ "type": "Feature", "properties": { "id": "way/27951704", "city": "stuttgart", "uni": "dhbw", "category": "sporteinrichtungen", "name": "Sporthalle Süd", "adress": "Mörikestraße 66", "sportart": null, "lon": 9.1595965, "lat": 48.7643455 }, "geometry": { "type": "Point", "coordinates": [ 9.1595965, 48.7643455 ] } },
{ "type": "Feature", "properties": { "id": "way/29841988", "city": "stuttgart", "uni": "dhbw", "category": "sporteinrichtungen", "name": "TC Weissenhof", "adress": "Parlerstraße 102-110", "sportart": null, "lon": 9.1694411, "lat": 48.7965044 }, "geometry": { "type": "Point", "coordinates": [ 9.1694411, 48.7965044 ] } },
{ "type": "Feature", "properties": { "id": "way/30114644", "city": "stuttgart", "uni": "dhbw", "category": "sporteinrichtungen", "name": "Sporteinrichtung", "adress": null, "sportart": null, "lon": 9.1710211, "lat": 48.7688211 }, "geometry": { "type": "Point", "coordinates": [ 9.1710211, 48.7688211 ] } },
{ "type": "Feature", "properties": { "id": "way/30138044", "city": "stuttgart", "uni": "dhbw", "category": "sporteinrichtungen", "name": "Hallenbad Feuerbach", "adress": "Wiener Straße 53", "sportart": null, "lon": 9.1624375, "lat": 48.8122192 }, "geometry": { "type": "Point", "coordinates": [ 9.1624375, 48.8122192 ] } },
{ "type": "Feature", "properties": { "id": "way/30170841", "city": "stuttgart", "uni": "dhbw", "category": "sporteinrichtungen", "name": "Gymnastikhalle", "adress": "Vaihinger Landstraße 150/3", "sportart": null, "lon": 9.1184075, "lat": 48.770429 }, "geometry": { "type": "Point", "coordinates": [ 9.1184075, 48.770429 ] } },
{ "type": "Feature", "properties": { "id": "way/30899552", "city": "stuttgart", "uni": "dhbw", "category": "sporteinrichtungen", "name": "Vereinsgelände Kraftsportverein Stuttgart", "adress": null, "sportart": null, "lon": 9.1292277, "lat": 48.7501119 }, "geometry": { "type": "Point", "coordinates": [ 9.1292277, 48.7501119 ] } },
{ "type": "Feature", "properties": { "id": "way/32908214", "city": "stuttgart", "uni": "dhbw", "category": "sporteinrichtungen", "name": "Leo-Vetter-Bad", "adress": "Landhausstraße 192", "sportart": null, "lon": 9.2105313, "lat": 48.7844161 }, "geometry": { "type": "Point", "coordinates": [ 9.2105313, 48.7844161 ] } },
{ "type": "Feature", "properties": { "id": "way/32910160", "city": "stuttgart", "uni": "dhbw", "category": "sporteinrichtungen", "name": "Sporteinrichtung", "adress": null, "sportart": null, "lon": 9.2018368, "lat": 48.7656724 }, "geometry": { "type": "Point", "coordinates": [ 9.2018368, 48.7656724 ] } },
{ "type": "Feature", "properties": { "id": "way/32910182", "city": "stuttgart", "uni": "dhbw", "category": "sporteinrichtungen", "name": "Stuttgarter Tennisgesellschaft Geroksruhe", "adress": "Albrecht-Leo-Merz-Weg 1", "sportart": null, "lon": 9.2026902, "lat": 48.7658349 }, "geometry": { "type": "Point", "coordinates": [ 9.2026902, 48.7658349 ] } },
{ "type": "Feature", "properties": { "id": "way/33823700", "city": "stuttgart", "uni": "dhbw", "category": "sporteinrichtungen", "name": "moveorespiro | studio west", "adress": "Leuschnerstraße 36", "sportart": null, "lon": 9.165223, "lat": 48.7766066 }, "geometry": { "type": "Point", "coordinates": [ 9.165223, 48.7766066 ] } },
{ "type": "Feature", "properties": { "id": "way/34112894", "city": "stuttgart", "uni": "dhbw", "category": "sporteinrichtungen", "name": "Turnhalle Dillmann-Gymnasium", "adress": "Falkertstraße 20", "sportart": null, "lon": 9.1645868, "lat": 48.7794629 }, "geometry": { "type": "Point", "coordinates": [ 9.1645868, 48.7794629 ] } },
{ "type": "Feature", "properties": { "id": "way/35400951", "city": "stuttgart", "uni": "dhbw", "category": "sporteinrichtungen", "name": "Tivoli-Sporthalle", "adress": "Forststraße 15", "sportart": null, "lon": 9.165011, "lat": 48.7799018 }, "geometry": { "type": "Point", "coordinates": [ 9.165011, 48.7799018 ] } },
{ "type": "Feature", "properties": { "id": "way/36832717", "city": "stuttgart", "uni": "dhbw", "category": "sporteinrichtungen", "name": "ADM-Sportpark", "adress": null, "sportart": null, "lon": 9.1867547, "lat": 48.7470723 }, "geometry": { "type": "Point", "coordinates": [ 9.1867547, 48.7470723 ] } },
{ "type": "Feature", "properties": { "id": "way/37112133", "city": "stuttgart", "uni": "dhbw", "category": "sporteinrichtungen", "name": "Sporteinrichtung", "adress": "Schloßstraße 53B", "sportart": null, "lon": 9.1669186, "lat": 48.7776119 }, "geometry": { "type": "Point", "coordinates": [ 9.1669186, 48.7776119 ] } },
{ "type": "Feature", "properties": { "id": "way/37932312", "city": "stuttgart", "uni": "dhbw", "category": "sporteinrichtungen", "name": "Idogohaus Stuttgart", "adress": "Böheimstraße 47/1", "sportart": null, "lon": 9.1616447, "lat": 48.7606971 }, "geometry": { "type": "Point", "coordinates": [ 9.1616447, 48.7606971 ] } },
{ "type": "Feature", "properties": { "id": "way/38880649", "city": "stuttgart", "uni": "dhbw", "category": "sporteinrichtungen", "name": "Sporthalle Degerloch", "adress": null, "sportart": null, "lon": 9.1635525, "lat": 48.7414586 }, "geometry": { "type": "Point", "coordinates": [ 9.1635525, 48.7414586 ] } },
{ "type": "Feature", "properties": { "id": "way/58379516", "city": "stuttgart", "uni": "dhbw", "category": "sporteinrichtungen", "name": "DAV-Kletterzentrum Stuttgart", "adress": null, "sportart": null, "lon": 9.1874814, "lat": 48.7493359 }, "geometry": { "type": "Point", "coordinates": [ 9.1874814, 48.7493359 ] } },
{ "type": "Feature", "properties": { "id": "way/94170470", "city": "stuttgart", "uni": "dhbw", "category": "sporteinrichtungen", "name": "Sporteinrichtung", "adress": "Friedrich-Strobel-Weg 3", "sportart": null, "lon": 9.1878915, "lat": 48.7494391 }, "geometry": { "type": "Point", "coordinates": [ 9.1878915, 48.7494391 ] } },
{ "type": "Feature", "properties": { "id": "way/94170624", "city": "stuttgart", "uni": "dhbw", "category": "sporteinrichtungen", "name": "Ruth-Endress-Halle, tus 3", "adress": "Königsträßle 37", "sportart": null, "lon": 9.1841244, "lat": 48.7518045 }, "geometry": { "type": "Point", "coordinates": [ 9.1841244, 48.7518045 ] } },
{ "type": "Feature", "properties": { "id": "way/94170645", "city": "stuttgart", "uni": "dhbw", "category": "sporteinrichtungen", "name": "Sporteinrichtung", "adress": null, "sportart": null, "lon": 9.188829, "lat": 48.751092 }, "geometry": { "type": "Point", "coordinates": [ 9.188829, 48.751092 ] } },
{ "type": "Feature", "properties": { "id": "way/95740036", "city": "stuttgart", "uni": "dhbw", "category": "sporteinrichtungen", "name": "Turn- und Versammlungshalle", "adress": "Albstraße 70", "sportart": null, "lon": 9.1647862, "lat": 48.7426378 }, "geometry": { "type": "Point", "coordinates": [ 9.1647862, 48.7426378 ] } },
{ "type": "Feature", "properties": { "id": "way/99751743", "city": "stuttgart", "uni": "dhbw", "category": "sporteinrichtungen", "name": "Yoga & Pilates in der Galerie", "adress": "Friedenstraße 12", "sportart": null, "lon": 9.1929064, "lat": 48.7855685 }, "geometry": { "type": "Point", "coordinates": [ 9.1929064, 48.7855685 ] } },
{ "type": "Feature", "properties": { "id": "way/100549485", "city": "stuttgart", "uni": "dhbw", "category": "sporteinrichtungen", "name": "Zeppelin-Sporthalle", "adress": "Neckarstraße 149/1", "sportart": null, "lon": 9.1947345, "lat": 48.7898095 }, "geometry": { "type": "Point", "coordinates": [ 9.1947345, 48.7898095 ] } },
{ "type": "Feature", "properties": { "id": "way/102016763", "city": "stuttgart", "uni": "dhbw", "category": "sporteinrichtungen", "name": "Bowling Arena Sport", "adress": "Am Sportpark 9", "sportart": null, "lon": 9.1405, "lat": 48.8102785 }, "geometry": { "type": "Point", "coordinates": [ 9.1405, 48.8102785 ] } },
{ "type": "Feature", "properties": { "id": "way/103058929", "city": "stuttgart", "uni": "dhbw", "category": "sporteinrichtungen", "name": "Hugo-Kunzi-Sporthalle", "adress": "Am Sportpark 4", "sportart": null, "lon": 9.13514, "lat": 48.8091627 }, "geometry": { "type": "Point", "coordinates": [ 9.13514, 48.8091627 ] } },
{ "type": "Feature", "properties": { "id": "way/107477983", "city": "stuttgart", "uni": "dhbw", "category": "sporteinrichtungen", "name": "Stuttgarter Reit- und Fahrverein e.V.", "adress": null, "sportart": null, "lon": 9.1510416, "lat": 48.7913105 }, "geometry": { "type": "Point", "coordinates": [ 9.1510416, 48.7913105 ] } },
{ "type": "Feature", "properties": { "id": "way/107477989", "city": "stuttgart", "uni": "dhbw", "category": "sporteinrichtungen", "name": "Reitanlage Stuttgarter Reit- und Fahrverein e. V.", "adress": null, "sportart": null, "lon": 9.1501159, "lat": 48.7910411 }, "geometry": { "type": "Point", "coordinates": [ 9.1501159, 48.7910411 ] } },
{ "type": "Feature", "properties": { "id": "way/107735146", "city": "stuttgart", "uni": "dhbw", "category": "sporteinrichtungen", "name": "Sporteinrichtung", "adress": null, "sportart": null, "lon": 9.1613919, "lat": 48.7858238 }, "geometry": { "type": "Point", "coordinates": [ 9.1613919, 48.7858238 ] } },
{ "type": "Feature", "properties": { "id": "way/109849916", "city": "stuttgart", "uni": "dhbw", "category": "sporteinrichtungen", "name": "Woman Sports Stuttgart", "adress": "Silberburgstraße 119A", "sportart": null, "lon": 9.1649529, "lat": 48.7765756 }, "geometry": { "type": "Point", "coordinates": [ 9.1649529, 48.7765756 ] } },
{ "type": "Feature", "properties": { "id": "way/117467059", "city": "stuttgart", "uni": "dhbw", "category": "sporteinrichtungen", "name": "Sporteinrichtung", "adress": null, "sportart": null, "lon": 9.2240344, "lat": 48.7764864 }, "geometry": { "type": "Point", "coordinates": [ 9.2240344, 48.7764864 ] } },
{ "type": "Feature", "properties": { "id": "way/122387058", "city": "stuttgart", "uni": "dhbw", "category": "sporteinrichtungen", "name": "SV Cannstatt - Mombachbad", "adress": "Krefelder Straße 24", "sportart": null, "lon": 9.2142821, "lat": 48.8113496 }, "geometry": { "type": "Point", "coordinates": [ 9.2142821, 48.8113496 ] } },
{ "type": "Feature", "properties": { "id": "way/123318961", "city": "stuttgart", "uni": "dhbw", "category": "sporteinrichtungen", "name": "Turnhalle", "adress": null, "sportart": null, "lon": 9.1939789, "lat": 48.7815392 }, "geometry": { "type": "Point", "coordinates": [ 9.1939789, 48.7815392 ] } },
{ "type": "Feature", "properties": { "id": "way/123435372", "city": "stuttgart", "uni": "dhbw", "category": "sporteinrichtungen", "name": "SKG Gablenberg, Vereinsheim", "adress": "Albert-Schäffle-Straße 6", "sportart": null, "lon": 9.2032684, "lat": 48.7717238 }, "geometry": { "type": "Point", "coordinates": [ 9.2032684, 48.7717238 ] } },
{ "type": "Feature", "properties": { "id": "way/135863397", "city": "stuttgart", "uni": "dhbw", "category": "sporteinrichtungen", "name": "Kepler-Sporthalle", "adress": "Wilhelmstraße 30", "sportart": null, "lon": 9.2177242, "lat": 48.8065408 }, "geometry": { "type": "Point", "coordinates": [ 9.2177242, 48.8065408 ] } },
{ "type": "Feature", "properties": { "id": "way/136729363", "city": "stuttgart", "uni": "dhbw", "category": "sporteinrichtungen", "name": "Eiswelt Stuttgart", "adress": "Keßlerweg 8", "sportart": null, "lon": 9.1851778, "lat": 48.7512564 }, "geometry": { "type": "Point", "coordinates": [ 9.1851778, 48.7512564 ] } },
{ "type": "Feature", "properties": { "id": "way/145435261", "city": "stuttgart", "uni": "dhbw", "category": "sporteinrichtungen", "name": "Sporteinrichtung", "adress": null, "sportart": null, "lon": 9.1858584, "lat": 48.7810795 }, "geometry": { "type": "Point", "coordinates": [ 9.1858584, 48.7810795 ] } },
{ "type": "Feature", "properties": { "id": "way/163282619", "city": "stuttgart", "uni": "dhbw", "category": "sporteinrichtungen", "name": "Sporthalle", "adress": "Guts-Muths-Weg 8", "sportart": null, "lon": 9.1900435, "lat": 48.752927 }, "geometry": { "type": "Point", "coordinates": [ 9.1900435, 48.752927 ] } },
{ "type": "Feature", "properties": { "id": "way/239912470", "city": "stuttgart", "uni": "dhbw", "category": "sporteinrichtungen", "name": "Cannstatter Tennisclub", "adress": "Dennerstraße 36", "sportart": null, "lon": 9.2275092, "lat": 48.8077099 }, "geometry": { "type": "Point", "coordinates": [ 9.2275092, 48.8077099 ] } },
{ "type": "Feature", "properties": { "id": "way/240800729", "city": "stuttgart", "uni": "dhbw", "category": "sporteinrichtungen", "name": "SanoGym", "adress": "Johannesstraße 58A", "sportart": null, "lon": 9.1610967, "lat": 48.779589 }, "geometry": { "type": "Point", "coordinates": [ 9.1610967, 48.779589 ] } },
{ "type": "Feature", "properties": { "id": "way/252435072", "city": "stuttgart", "uni": "dhbw", "category": "sporteinrichtungen", "name": "Molly-Schauffele-Sporthalle", "adress": "Mercedesstraße 85", "sportart": null, "lon": 9.2332919, "lat": 48.793241 }, "geometry": { "type": "Point", "coordinates": [ 9.2332919, 48.793241 ] } },
{ "type": "Feature", "properties": { "id": "node/277837554", "city": "stuttgart", "uni": "dhbw", "category": "sporteinrichtungen", "name": "puls fit & wellnessclub", "adress": "Seidenstraße 20", "sportart": null, "lon": 9.1668525, "lat": 48.7797635 }, "geometry": { "type": "Point", "coordinates": [ 9.1668525, 48.7797635 ] } },
{ "type": "Feature", "properties": { "id": "node/277984340", "city": "stuttgart", "uni": "dhbw", "category": "sporteinrichtungen", "name": "Kieser Training", "adress": null, "sportart": null, "lon": 9.1652051, "lat": 48.8106026 }, "geometry": { "type": "Point", "coordinates": [ 9.1652051, 48.8106026 ] } },
{ "type": "Feature", "properties": { "id": "way/279108576", "city": "stuttgart", "uni": "dhbw", "category": "sporteinrichtungen", "name": "Großturnhalle Friedrich-Eugens-Gymnasium", "adress": null, "sportart": null, "lon": 9.1612375, "lat": 48.7785649 }, "geometry": { "type": "Point", "coordinates": [ 9.1612375, 48.7785649 ] } },
{ "type": "Feature", "properties": { "id": "way/295565089", "city": "stuttgart", "uni": "dhbw", "category": "sporteinrichtungen", "name": "Sporteinrichtung", "adress": null, "sportart": null, "lon": 9.1634012, "lat": 48.7591508 }, "geometry": { "type": "Point", "coordinates": [ 9.1634012, 48.7591508 ] } },
{ "type": "Feature", "properties": { "id": "node/309743957", "city": "stuttgart", "uni": "dhbw", "category": "sporteinrichtungen", "name": "Taekwon-Do Center Stuttgart", "adress": "Silberburgstraße 164", "sportart": null, "lon": 9.1679502, "lat": 48.7719503 }, "geometry": { "type": "Point", "coordinates": [ 9.1679502, 48.7719503 ] } },
{ "type": "Feature", "properties": { "id": "way/325138141", "city": "stuttgart", "uni": "dhbw", "category": "sporteinrichtungen", "name": "Kieser Training", "adress": "Christophstraße 6", "sportart": null, "lon": 9.1751646, "lat": 48.7718564 }, "geometry": { "type": "Point", "coordinates": [ 9.1751646, 48.7718564 ] } },
{ "type": "Feature", "properties": { "id": "way/372414547", "city": "stuttgart", "uni": "dhbw", "category": "sporteinrichtungen", "name": "Stuttpark", "adress": "Kegelenstraße 10", "sportart": null, "lon": 9.218032, "lat": 48.8006544 }, "geometry": { "type": "Point", "coordinates": [ 9.218032, 48.8006544 ] } },
{ "type": "Feature", "properties": { "id": "way/410838189", "city": "stuttgart", "uni": "dhbw", "category": "sporteinrichtungen", "name": "Tennis-Club Ameisenberg", "adress": null, "sportart": null, "lon": 9.1981491, "lat": 48.7851529 }, "geometry": { "type": "Point", "coordinates": [ 9.1981491, 48.7851529 ] } },
{ "type": "Feature", "properties": { "id": "node/412871459", "city": "stuttgart", "uni": "dhbw", "category": "sporteinrichtungen", "name": "Cityrock", "adress": null, "sportart": null, "lon": 9.1693628, "lat": 48.7768626 }, "geometry": { "type": "Point", "coordinates": [ 9.1693628, 48.7768626 ] } },
{ "type": "Feature", "properties": { "id": "way/436473206", "city": "stuttgart", "uni": "dhbw", "category": "sporteinrichtungen", "name": "Sportpark Schnarrenberg", "adress": null, "sportart": null, "lon": 9.1974735, "lat": 48.8262084 }, "geometry": { "type": "Point", "coordinates": [ 9.1974735, 48.8262084 ] } },
{ "type": "Feature", "properties": { "id": "way/436543421", "city": "stuttgart", "uni": "dhbw", "category": "sporteinrichtungen", "name": "Fitness First", "adress": "Daimlerstraße 67", "sportart": null, "lon": 9.2202853, "lat": 48.8019541 }, "geometry": { "type": "Point", "coordinates": [ 9.2202853, 48.8019541 ] } },
{ "type": "Feature", "properties": { "id": "way/438908085", "city": "stuttgart", "uni": "dhbw", "category": "sporteinrichtungen", "name": "Carl Benz Arena", "adress": null, "sportart": null, "lon": 9.2304188, "lat": 48.7931363 }, "geometry": { "type": "Point", "coordinates": [ 9.2304188, 48.7931363 ] } },
{ "type": "Feature", "properties": { "id": "way/527937253", "city": "stuttgart", "uni": "dhbw", "category": "sporteinrichtungen", "name": "Sporteinrichtung", "adress": "Nordbahnhofstraße 120/4", "sportart": null, "lon": 9.1921926, "lat": 48.8009261 }, "geometry": { "type": "Point", "coordinates": [ 9.1921926, 48.8009261 ] } },
{ "type": "Feature", "properties": { "id": "way/798961691", "city": "stuttgart", "uni": "dhbw", "category": "sporteinrichtungen", "name": "Sportbad NeckarPark", "adress": "Lenore-Volz-Straße 2", "sportart": null, "lon": 9.2230683, "lat": 48.7957411 }, "geometry": { "type": "Point", "coordinates": [ 9.2230683, 48.7957411 ] } },
{ "type": "Feature", "properties": { "id": "way/1070601468", "city": "stuttgart", "uni": "dhbw", "category": "sporteinrichtungen", "name": "SCHARRena", "adress": "Fritz-Walter-Weg 5", "sportart": null, "lon": 9.233298, "lat": 48.7915974 }, "geometry": { "type": "Point", "coordinates": [ 9.233298, 48.7915974 ] } },
{ "type": "Feature", "properties": { "id": "way/1332439413", "city": "stuttgart", "uni": "dhbw", "category": "sporteinrichtungen", "name": "Tennisschule Stuttgart Botnang", "adress": "Beethovenstraße 41", "sportart": null, "lon": 9.1341755, "lat": 48.775267 }, "geometry": { "type": "Point", "coordinates": [ 9.1341755, 48.775267 ] } },
{ "type": "Feature", "properties": { "id": "way/1388797518", "city": "stuttgart", "uni": "dhbw", "category": "sporteinrichtungen", "name": "Turnerbund Bad Cannstatt e.V.", "adress": "Emil-Kiemlen-Weg 51", "sportart": null, "lon": 9.2019016, "lat": 48.8152929 }, "geometry": { "type": "Point", "coordinates": [ 9.2019016, 48.8152929 ] } },
{ "type": "Feature", "properties": { "id": "node/1512905732", "city": "stuttgart", "uni": "dhbw", "category": "sporteinrichtungen", "name": "Johnny M", "adress": null, "sportart": null, "lon": 9.1739742, "lat": 48.8151051 }, "geometry": { "type": "Point", "coordinates": [ 9.1739742, 48.8151051 ] } },
{ "type": "Feature", "properties": { "id": "node/1725447951", "city": "stuttgart", "uni": "dhbw", "category": "sporteinrichtungen", "name": "ReHa Med", "adress": null, "sportart": null, "lon": 9.1641912, "lat": 48.8103132 }, "geometry": { "type": "Point", "coordinates": [ 9.1641912, 48.8103132 ] } },
{ "type": "Feature", "properties": { "id": "node/1793332438", "city": "stuttgart", "uni": "dhbw", "category": "sporteinrichtungen", "name": "Budo-Sportschule Stuttgart e.V.", "adress": "Hackstraße 13", "sportart": null, "lon": 9.1998546, "lat": 48.7894093 }, "geometry": { "type": "Point", "coordinates": [ 9.1998546, 48.7894093 ] } },
{ "type": "Feature", "properties": { "id": "node/1836685803", "city": "stuttgart", "uni": "dhbw", "category": "sporteinrichtungen", "name": "TSG Stuttgart e. V.", "adress": null, "sportart": null, "lon": 9.1891315, "lat": 48.7520892 }, "geometry": { "type": "Point", "coordinates": [ 9.1891315, 48.7520892 ] } },
{ "type": "Feature", "properties": { "id": "node/2181274498", "city": "stuttgart", "uni": "dhbw", "category": "sporteinrichtungen", "name": "Sporteinrichtung", "adress": "Heilbronner Straße 20", "sportart": null, "lon": 9.1808889, "lat": 48.7873243 }, "geometry": { "type": "Point", "coordinates": [ 9.1808889, 48.7873243 ] } },
{ "type": "Feature", "properties": { "id": "node/2914002803", "city": "stuttgart", "uni": "dhbw", "category": "sporteinrichtungen", "name": "Sportschule West", "adress": "Gutenbergstraße 16A", "sportart": null, "lon": 9.1649356, "lat": 48.7744096 }, "geometry": { "type": "Point", "coordinates": [ 9.1649356, 48.7744096 ] } },
{ "type": "Feature", "properties": { "id": "node/2977518144", "city": "stuttgart", "uni": "dhbw", "category": "sporteinrichtungen", "name": "City Fitness Stuttgart", "adress": "Pfarrstraße 1", "sportart": null, "lon": 9.1815208, "lat": 48.7735928 }, "geometry": { "type": "Point", "coordinates": [ 9.1815208, 48.7735928 ] } },
{ "type": "Feature", "properties": { "id": "node/3150752898", "city": "stuttgart", "uni": "dhbw", "category": "sporteinrichtungen", "name": "Woman Pur", "adress": "Kronenstraße 3", "sportart": null, "lon": 9.1804761, "lat": 48.781676 }, "geometry": { "type": "Point", "coordinates": [ 9.1804761, 48.781676 ] } },
{ "type": "Feature", "properties": { "id": "node/3154663158", "city": "stuttgart", "uni": "dhbw", "category": "sporteinrichtungen", "name": "Mrs. Sporty", "adress": "Johannesstraße 33", "sportart": null, "lon": 9.1617069, "lat": 48.7769319 }, "geometry": { "type": "Point", "coordinates": [ 9.1617069, 48.7769319 ] } },
{ "type": "Feature", "properties": { "id": "node/3211616575", "city": "stuttgart", "uni": "dhbw", "category": "sporteinrichtungen", "name": "Sporteinrichtung", "adress": "Hospitalstraße", "sportart": null, "lon": 9.1729971, "lat": 48.7772915 }, "geometry": { "type": "Point", "coordinates": [ 9.1729971, 48.7772915 ] } },
{ "type": "Feature", "properties": { "id": "node/3301190091", "city": "stuttgart", "uni": "dhbw", "category": "sporteinrichtungen", "name": "Pilates New York", "adress": null, "sportart": null, "lon": 9.2076119, "lat": 48.7849863 }, "geometry": { "type": "Point", "coordinates": [ 9.2076119, 48.7849863 ] } },
{ "type": "Feature", "properties": { "id": "node/3302627647", "city": "stuttgart", "uni": "dhbw", "category": "sporteinrichtungen", "name": "Jumpers", "adress": null, "sportart": null, "lon": 9.1660208, "lat": 48.7397235 }, "geometry": { "type": "Point", "coordinates": [ 9.1660208, 48.7397235 ] } },
{ "type": "Feature", "properties": { "id": "node/3306240068", "city": "stuttgart", "uni": "dhbw", "category": "sporteinrichtungen", "name": "Elements Paulinenbrücke", "adress": "Feinstraße 4", "sportart": null, "lon": 9.173303, "lat": 48.7696907 }, "geometry": { "type": "Point", "coordinates": [ 9.173303, 48.7696907 ] } },
{ "type": "Feature", "properties": { "id": "node/3341904098", "city": "stuttgart", "uni": "dhbw", "category": "sporteinrichtungen", "name": "Jonny M. Club S33", "adress": null, "sportart": null, "lon": 9.1743336, "lat": 48.8141889 }, "geometry": { "type": "Point", "coordinates": [ 9.1743336, 48.8141889 ] } },
{ "type": "Feature", "properties": { "id": "node/3625886625", "city": "stuttgart", "uni": "dhbw", "category": "sporteinrichtungen", "name": "P9 Pilates Studio", "adress": null, "sportart": null, "lon": 9.2085309, "lat": 48.7965275 }, "geometry": { "type": "Point", "coordinates": [ 9.2085309, 48.7965275 ] } },
{ "type": "Feature", "properties": { "id": "node/3712873192", "city": "stuttgart", "uni": "dhbw", "category": "sporteinrichtungen", "name": "Turn- & Versammlungshalle Hallschlag", "adress": null, "sportart": null, "lon": 9.2103582, "lat": 48.8129958 }, "geometry": { "type": "Point", "coordinates": [ 9.2103582, 48.8129958 ] } },
{ "type": "Feature", "properties": { "id": "node/3732624914", "city": "stuttgart", "uni": "dhbw", "category": "sporteinrichtungen", "name": "McFit", "adress": "Heilbronner Straße 391", "sportart": null, "lon": 9.1722824, "lat": 48.8214724 }, "geometry": { "type": "Point", "coordinates": [ 9.1722824, 48.8214724 ] } },
{ "type": "Feature", "properties": { "id": "node/3772234741", "city": "stuttgart", "uni": "dhbw", "category": "sporteinrichtungen", "name": "Bodystreet", "adress": "Rotebühlstraße 118", "sportart": null, "lon": 9.156485, "lat": 48.7703047 }, "geometry": { "type": "Point", "coordinates": [ 9.156485, 48.7703047 ] } },
{ "type": "Feature", "properties": { "id": "node/3784336071", "city": "stuttgart", "uni": "dhbw", "category": "sporteinrichtungen", "name": "zeitstark", "adress": null, "sportart": null, "lon": 9.1679365, "lat": 48.8118266 }, "geometry": { "type": "Point", "coordinates": [ 9.1679365, 48.8118266 ] } },
{ "type": "Feature", "properties": { "id": "node/3837225962", "city": "stuttgart", "uni": "dhbw", "category": "sporteinrichtungen", "name": "Yoga West", "adress": "Schwabstraße 12A", "sportart": null, "lon": 9.1594735, "lat": 48.768966 }, "geometry": { "type": "Point", "coordinates": [ 9.1594735, 48.768966 ] } },
{ "type": "Feature", "properties": { "id": "node/3896463893", "city": "stuttgart", "uni": "dhbw", "category": "sporteinrichtungen", "name": "Fitbox", "adress": "Bebelstraße 10", "sportart": null, "lon": 9.1582989, "lat": 48.7752574 }, "geometry": { "type": "Point", "coordinates": [ 9.1582989, 48.7752574 ] } },
{ "type": "Feature", "properties": { "id": "node/4153239378", "city": "stuttgart", "uni": "dhbw", "category": "sporteinrichtungen", "name": "Ayris", "adress": "Rotebühlstraße 121", "sportart": null, "lon": 9.1591955, "lat": 48.7707158 }, "geometry": { "type": "Point", "coordinates": [ 9.1591955, 48.7707158 ] } },
{ "type": "Feature", "properties": { "id": "node/4711988401", "city": "stuttgart", "uni": "dhbw", "category": "sporteinrichtungen", "name": "puls fit & wellnessclub", "adress": "Am Kochenhof 12", "sportart": null, "lon": 9.171823, "lat": 48.7996732 }, "geometry": { "type": "Point", "coordinates": [ 9.171823, 48.7996732 ] } },
{ "type": "Feature", "properties": { "id": "node/4718955180", "city": "stuttgart", "uni": "dhbw", "category": "sporteinrichtungen", "name": "McFit", "adress": "Wilhelmsplatz 11", "sportart": null, "lon": 9.1779325, "lat": 48.7711908 }, "geometry": { "type": "Point", "coordinates": [ 9.1779325, 48.7711908 ] } },
{ "type": "Feature", "properties": { "id": "node/4793613226", "city": "stuttgart", "uni": "dhbw", "category": "sporteinrichtungen", "name": "Stallion Fit", "adress": "Grenzstraße 3", "sportart": null, "lon": 9.168503, "lat": 48.8251696 }, "geometry": { "type": "Point", "coordinates": [ 9.168503, 48.8251696 ] } },
{ "type": "Feature", "properties": { "id": "node/5207433462", "city": "stuttgart", "uni": "dhbw", "category": "sporteinrichtungen", "name": "Kart-o-Mania", "adress": null, "sportart": null, "lon": 9.2339853, "lat": 48.7822711 }, "geometry": { "type": "Point", "coordinates": [ 9.2339853, 48.7822711 ] } },
{ "type": "Feature", "properties": { "id": "node/5209623390", "city": "stuttgart", "uni": "dhbw", "category": "sporteinrichtungen", "name": "Yoginzky", "adress": null, "sportart": null, "lon": 9.1773232, "lat": 48.784888 }, "geometry": { "type": "Point", "coordinates": [ 9.1773232, 48.784888 ] } },
{ "type": "Feature", "properties": { "id": "node/5704043278", "city": "stuttgart", "uni": "dhbw", "category": "sporteinrichtungen", "name": "Vertical Arts - Pole & Hoop", "adress": "Olgastraße 48", "sportart": null, "lon": 9.1845556, "lat": 48.7737156 }, "geometry": { "type": "Point", "coordinates": [ 9.1845556, 48.7737156 ] } },
{ "type": "Feature", "properties": { "id": "node/5747511537", "city": "stuttgart", "uni": "dhbw", "category": "sporteinrichtungen", "name": "SportCodex.de", "adress": "Siemensstraße 96", "sportart": null, "lon": 9.1692093, "lat": 48.8152651 }, "geometry": { "type": "Point", "coordinates": [ 9.1692093, 48.8152651 ] } },
{ "type": "Feature", "properties": { "id": "node/5902511487", "city": "stuttgart", "uni": "dhbw", "category": "sporteinrichtungen", "name": "Sporthalle Ostheimer Realschule", "adress": null, "sportart": null, "lon": 9.2033732, "lat": 48.7882512 }, "geometry": { "type": "Point", "coordinates": [ 9.2033732, 48.7882512 ] } },
{ "type": "Feature", "properties": { "id": "node/5967028017", "city": "stuttgart", "uni": "dhbw", "category": "sporteinrichtungen", "name": "Yoga Vidya", "adress": null, "sportart": null, "lon": 9.1628686, "lat": 48.7693586 }, "geometry": { "type": "Point", "coordinates": [ 9.1628686, 48.7693586 ] } },
{ "type": "Feature", "properties": { "id": "node/6131112885", "city": "stuttgart", "uni": "dhbw", "category": "sporteinrichtungen", "name": "JONNY M. Club Women West", "adress": null, "sportart": null, "lon": 9.1559527, "lat": 48.7795091 }, "geometry": { "type": "Point", "coordinates": [ 9.1559527, 48.7795091 ] } },
{ "type": "Feature", "properties": { "id": "node/6344554811", "city": "stuttgart", "uni": "dhbw", "category": "sporteinrichtungen", "name": "Gym10", "adress": null, "sportart": null, "lon": 9.2144869, "lat": 48.8011733 }, "geometry": { "type": "Point", "coordinates": [ 9.2144869, 48.8011733 ] } },
{ "type": "Feature", "properties": { "id": "node/6501851157", "city": "stuttgart", "uni": "dhbw", "category": "sporteinrichtungen", "name": "Aurum", "adress": null, "sportart": null, "lon": 9.1632215, "lat": 48.7717765 }, "geometry": { "type": "Point", "coordinates": [ 9.1632215, 48.7717765 ] } },
{ "type": "Feature", "properties": { "id": "node/7004159631", "city": "stuttgart", "uni": "dhbw", "category": "sporteinrichtungen", "name": "Vitacampus", "adress": null, "sportart": null, "lon": 9.1251235, "lat": 48.7772387 }, "geometry": { "type": "Point", "coordinates": [ 9.1251235, 48.7772387 ] } },
{ "type": "Feature", "properties": { "id": "node/7154575591", "city": "stuttgart", "uni": "dhbw", "category": "sporteinrichtungen", "name": "AikiStuttgart", "adress": "Eisenbahnstraße 22", "sportart": null, "lon": 9.2144385, "lat": 48.8028124 }, "geometry": { "type": "Point", "coordinates": [ 9.2144385, 48.8028124 ] } },
{ "type": "Feature", "properties": { "id": "node/8986504714", "city": "stuttgart", "uni": "dhbw", "category": "sporteinrichtungen", "name": "Fitbox", "adress": null, "sportart": null, "lon": 9.1665842, "lat": 48.7726401 }, "geometry": { "type": "Point", "coordinates": [ 9.1665842, 48.7726401 ] } },
{ "type": "Feature", "properties": { "id": "node/9844421874", "city": "stuttgart", "uni": "dhbw", "category": "sporteinrichtungen", "name": "Move Factory Gym", "adress": "Kornbergstraße 11", "sportart": null, "lon": 9.1622383, "lat": 48.7836734 }, "geometry": { "type": "Point", "coordinates": [ 9.1622383, 48.7836734 ] } },
{ "type": "Feature", "properties": { "id": "node/9956593435", "city": "stuttgart", "uni": "dhbw", "category": "sporteinrichtungen", "name": "SoleBad Bad Cannstatt", "adress": "Sulzerrainstraße 2", "sportart": null, "lon": 9.2228372, "lat": 48.8093392 }, "geometry": { "type": "Point", "coordinates": [ 9.2228372, 48.8093392 ] } },
{ "type": "Feature", "properties": { "id": "node/10080599773", "city": "stuttgart", "uni": "dhbw", "category": "sporteinrichtungen", "name": "Sporteinrichtung", "adress": null, "sportart": null, "lon": 9.140849, "lat": 48.7439392 }, "geometry": { "type": "Point", "coordinates": [ 9.140849, 48.7439392 ] } },
{ "type": "Feature", "properties": { "id": "node/10697136213", "city": "stuttgart", "uni": "dhbw", "category": "sporteinrichtungen", "name": "Personal Trainer Dimitri Rutansky", "adress": "Fuchseckstraße 21b", "sportart": null, "lon": 9.2072436, "lat": 48.7816438 }, "geometry": { "type": "Point", "coordinates": [ 9.2072436, 48.7816438 ] } },
{ "type": "Feature", "properties": { "id": "node/11070676839", "city": "stuttgart", "uni": "dhbw", "category": "sporteinrichtungen", "name": "Unique Fitnessclub Stuttgart", "adress": "Rotenwaldstraße 140", "sportart": null, "lon": 9.1467364, "lat": 48.7680638 }, "geometry": { "type": "Point", "coordinates": [ 9.1467364, 48.7680638 ] } },
{ "type": "Feature", "properties": { "id": "node/11329535769", "city": "stuttgart", "uni": "dhbw", "category": "sporteinrichtungen", "name": "JONNY M. Club Königstraße", "adress": "Königstraße 32", "sportart": null, "lon": 9.1771519, "lat": 48.7780158 }, "geometry": { "type": "Point", "coordinates": [ 9.1771519, 48.7780158 ] } },
{ "type": "Feature", "properties": { "id": "node/11497948115", "city": "stuttgart", "uni": "dhbw", "category": "sporteinrichtungen", "name": "Bodystreet", "adress": "Olgastraße 48", "sportart": null, "lon": 9.1844799, "lat": 48.7736412 }, "geometry": { "type": "Point", "coordinates": [ 9.1844799, 48.7736412 ] } },
{ "type": "Feature", "properties": { "id": "node/11531745393", "city": "stuttgart", "uni": "dhbw", "category": "sporteinrichtungen", "name": "Jonny M.", "adress": null, "sportart": null, "lon": 9.1801759, "lat": 48.7873981 }, "geometry": { "type": "Point", "coordinates": [ 9.1801759, 48.7873981 ] } },
{ "type": "Feature", "properties": { "id": "node/11540722896", "city": "stuttgart", "uni": "dhbw", "category": "sporteinrichtungen", "name": "Olympiastützpunkt Stuttgart", "adress": null, "sportart": null, "lon": 9.23222, "lat": 48.7937332 }, "geometry": { "type": "Point", "coordinates": [ 9.23222, 48.7937332 ] } },
{ "type": "Feature", "properties": { "id": "node/11848282449", "city": "stuttgart", "uni": "dhbw", "category": "sporteinrichtungen", "name": "PandActive", "adress": null, "sportart": null, "lon": 9.1814296, "lat": 48.7737612 }, "geometry": { "type": "Point", "coordinates": [ 9.1814296, 48.7737612 ] } },
{ "type": "Feature", "properties": { "id": "node/12475948919", "city": "stuttgart", "uni": "dhbw", "category": "sporteinrichtungen", "name": "Bewegungswelt Waldau", "adress": "Georgiiweg 7", "sportart": null, "lon": 9.1875129, "lat": 48.7514001 }, "geometry": { "type": "Point", "coordinates": [ 9.1875129, 48.7514001 ] } },
{ "type": "Feature", "properties": { "id": "node/12618556280", "city": "stuttgart", "uni": "dhbw", "category": "sporteinrichtungen", "name": "Marimeckfit", "adress": "Bebelstraße 80", "sportart": null, "lon": 9.1469227, "lat": 48.774852 }, "geometry": { "type": "Point", "coordinates": [ 9.1469227, 48.774852 ] } },
{ "type": "Feature", "properties": { "id": "node/12941932839", "city": "stuttgart", "uni": "dhbw", "category": "sporteinrichtungen", "name": "MG fitness", "adress": null, "sportart": null, "lon": 9.1588143, "lat": 48.7722953 }, "geometry": { "type": "Point", "coordinates": [ 9.1588143, 48.7722953 ] } },
{ "type": "Feature", "properties": { "id": "node/13022691031", "city": "stuttgart", "uni": "dhbw", "category": "sporteinrichtungen", "name": "top sports", "adress": null, "sportart": null, "lon": 9.1632858, "lat": 48.7477222 }, "geometry": { "type": "Point", "coordinates": [ 9.1632858, 48.7477222 ] } },
{ "type": "Feature", "properties": { "id": "node/13048226401", "city": "stuttgart", "uni": "dhbw", "category": "sporteinrichtungen", "name": "East-Side-Gym", "adress": "Ostendstraße 106", "sportart": null, "lon": 9.20759, "lat": 48.7821667 }, "geometry": { "type": "Point", "coordinates": [ 9.20759, 48.7821667 ] } },
{ "type": "Feature", "properties": { "id": "node/13100231201", "city": "stuttgart", "uni": "dhbw", "category": "sporteinrichtungen", "name": "East-Side-Gym", "adress": "Ostendstraße 106", "sportart": null, "lon": 9.2076032, "lat": 48.7821869 }, "geometry": { "type": "Point", "coordinates": [ 9.2076032, 48.7821869 ] } },
{ "type": "Feature", "properties": { "id": "node/13134050901", "city": "stuttgart", "uni": "dhbw", "category": "sporteinrichtungen", "name": "Yoga Loft Süd", "adress": null, "sportart": null, "lon": 9.1742614, "lat": 48.7679169 }, "geometry": { "type": "Point", "coordinates": [ 9.1742614, 48.7679169 ] } },
{ "type": "Feature", "properties": { "id": "node/13251693581", "city": "stuttgart", "uni": "dhbw", "category": "sporteinrichtungen", "name": "Yogastudio Hanna Heinen", "adress": "Brählesgasse 15", "sportart": null, "lon": 9.2130203, "lat": 48.8049316 }, "geometry": { "type": "Point", "coordinates": [ 9.2130203, 48.8049316 ] } },
{ "type": "Feature", "properties": { "id": "node/13252482546", "city": "stuttgart", "uni": "dhbw", "category": "sporteinrichtungen", "name": "FT-Club", "adress": null, "sportart": null, "lon": 9.1752458, "lat": 48.7746125 }, "geometry": { "type": "Point", "coordinates": [ 9.1752458, 48.7746125 ] } },
{ "type": "Feature", "properties": { "id": "node/13345614001", "city": "stuttgart", "uni": "dhbw", "category": "sporteinrichtungen", "name": "MTV Motiv", "adress": "Furtwänglerstraße 147", "sportart": null, "lon": 9.1314232, "lat": 48.7860696 }, "geometry": { "type": "Point", "coordinates": [ 9.1314232, 48.7860696 ] } },
{ "type": "Feature", "properties": { "id": "node/13483783890", "city": "stuttgart", "uni": "dhbw", "category": "sporteinrichtungen", "name": "Mamagold", "adress": "Senefelderstraße 99B", "sportart": null, "lon": 9.1570738, "lat": 48.7794168 }, "geometry": { "type": "Point", "coordinates": [ 9.1570738, 48.7794168 ] } },
{ "type": "Feature", "properties": { "id": "relation/1533949", "city": "stuttgart", "uni": "dhbw", "category": "wohnheime", "name": "Wohnheim", "adress": "Zamenhofstraße 32", "sportart": null, "lon": 9.1387099, "lat": 48.7706387 }, "geometry": { "type": "Point", "coordinates": [ 9.1387099, 48.7706387 ] } },
{ "type": "Feature", "properties": { "id": "way/23691226", "city": "stuttgart", "uni": "dhbw", "category": "wohnheime", "name": "Wohnheim", "adress": "Pfaffenwaldring 50A", "sportart": null, "lon": 9.1019302, "lat": 48.7462609 }, "geometry": { "type": "Point", "coordinates": [ 9.1019302, 48.7462609 ] } },
{ "type": "Feature", "properties": { "id": "way/23691228", "city": "stuttgart", "uni": "dhbw", "category": "wohnheime", "name": "Wohnheim", "adress": "Pfaffenwaldring 48C", "sportart": null, "lon": 9.1001129, "lat": 48.7463985 }, "geometry": { "type": "Point", "coordinates": [ 9.1001129, 48.7463985 ] } },
{ "type": "Feature", "properties": { "id": "way/23691229", "city": "stuttgart", "uni": "dhbw", "category": "wohnheime", "name": "Wohnheim", "adress": "Pfaffenwaldring 46A", "sportart": null, "lon": 9.1006658, "lat": 48.747016 }, "geometry": { "type": "Point", "coordinates": [ 9.1006658, 48.747016 ] } },
{ "type": "Feature", "properties": { "id": "way/23691230", "city": "stuttgart", "uni": "dhbw", "category": "wohnheime", "name": "Wohnheim", "adress": "Pfaffenwaldring 44E", "sportart": null, "lon": 9.1012168, "lat": 48.7468097 }, "geometry": { "type": "Point", "coordinates": [ 9.1012168, 48.7468097 ] } },
{ "type": "Feature", "properties": { "id": "way/23691231", "city": "stuttgart", "uni": "dhbw", "category": "wohnheime", "name": "Wohnheim", "adress": "Pfaffenwaldring 42B", "sportart": null, "lon": 9.1022037, "lat": 48.7469961 }, "geometry": { "type": "Point", "coordinates": [ 9.1022037, 48.7469961 ] } },
{ "type": "Feature", "properties": { "id": "way/23691959", "city": "stuttgart", "uni": "dhbw", "category": "wohnheime", "name": "Wohnheim", "adress": "Allmandring 26A", "sportart": null, "lon": 9.0964397, "lat": 48.7440261 }, "geometry": { "type": "Point", "coordinates": [ 9.0964397, 48.7440261 ] } },
{ "type": "Feature", "properties": { "id": "way/23712182", "city": "stuttgart", "uni": "dhbw", "category": "wohnheime", "name": "Wohnheim", "adress": "Allmandring 22C", "sportart": null, "lon": 9.097874, "lat": 48.7447087 }, "geometry": { "type": "Point", "coordinates": [ 9.097874, 48.7447087 ] } },
{ "type": "Feature", "properties": { "id": "way/23712183", "city": "stuttgart", "uni": "dhbw", "category": "wohnheime", "name": "Wohnheim", "adress": "Allmandring 22D", "sportart": null, "lon": 9.0979366, "lat": 48.744501 }, "geometry": { "type": "Point", "coordinates": [ 9.0979366, 48.744501 ] } },
{ "type": "Feature", "properties": { "id": "way/23712184", "city": "stuttgart", "uni": "dhbw", "category": "wohnheime", "name": "Wohnheim", "adress": "Allmandring 22A", "sportart": null, "lon": 9.0982394, "lat": 48.7447832 }, "geometry": { "type": "Point", "coordinates": [ 9.0982394, 48.7447832 ] } },
{ "type": "Feature", "properties": { "id": "way/23712185", "city": "stuttgart", "uni": "dhbw", "category": "wohnheime", "name": "Wohnheim", "adress": "Allmandring 18D", "sportart": null, "lon": 9.0983463, "lat": 48.7445472 }, "geometry": { "type": "Point", "coordinates": [ 9.0983463, 48.7445472 ] } },
{ "type": "Feature", "properties": { "id": "way/23712186", "city": "stuttgart", "uni": "dhbw", "category": "wohnheime", "name": "Wohnheim", "adress": "Allmandring 20D", "sportart": null, "lon": 9.0986073, "lat": 48.7449079 }, "geometry": { "type": "Point", "coordinates": [ 9.0986073, 48.7449079 ] } },
{ "type": "Feature", "properties": { "id": "way/23712187", "city": "stuttgart", "uni": "dhbw", "category": "wohnheime", "name": "Wohnheim", "adress": "Allmandring 20C", "sportart": null, "lon": 9.0985435, "lat": 48.7451147 }, "geometry": { "type": "Point", "coordinates": [ 9.0985435, 48.7451147 ] } },
{ "type": "Feature", "properties": { "id": "way/23712188", "city": "stuttgart", "uni": "dhbw", "category": "wohnheime", "name": "Wohnheim", "adress": "Allmandring 20A", "sportart": null, "lon": 9.0989094, "lat": 48.7451897 }, "geometry": { "type": "Point", "coordinates": [ 9.0989094, 48.7451897 ] } },
{ "type": "Feature", "properties": { "id": "way/23712189", "city": "stuttgart", "uni": "dhbw", "category": "wohnheime", "name": "Wohnheim", "adress": "Allmandring 16B", "sportart": null, "lon": 9.0992732, "lat": 48.7452376 }, "geometry": { "type": "Point", "coordinates": [ 9.0992732, 48.7452376 ] } },
{ "type": "Feature", "properties": { "id": "way/23712190", "city": "stuttgart", "uni": "dhbw", "category": "wohnheime", "name": "Wohnheim", "adress": "Allmandring 16A", "sportart": null, "lon": 9.0993366, "lat": 48.745021 }, "geometry": { "type": "Point", "coordinates": [ 9.0993366, 48.745021 ] } },
{ "type": "Feature", "properties": { "id": "way/23712191", "city": "stuttgart", "uni": "dhbw", "category": "wohnheime", "name": "Wohnheim", "adress": "Allmandring 16C", "sportart": null, "lon": 9.0990183, "lat": 48.7449697 }, "geometry": { "type": "Point", "coordinates": [ 9.0990183, 48.7449697 ] } },
{ "type": "Feature", "properties": { "id": "way/23712192", "city": "stuttgart", "uni": "dhbw", "category": "wohnheime", "name": "Wohnheim", "adress": "Allmandring 18C", "sportart": null, "lon": 9.0986628, "lat": 48.7446094 }, "geometry": { "type": "Point", "coordinates": [ 9.0986628, 48.7446094 ] } },
{ "type": "Feature", "properties": { "id": "way/23712193", "city": "stuttgart", "uni": "dhbw", "category": "wohnheime", "name": "Wohnheim", "adress": "Allmandring 18A", "sportart": null, "lon": 9.0990317, "lat": 48.7446662 }, "geometry": { "type": "Point", "coordinates": [ 9.0990317, 48.7446662 ] } },
{ "type": "Feature", "properties": { "id": "way/23712194", "city": "stuttgart", "uni": "dhbw", "category": "wohnheime", "name": "Wohnheim", "adress": "Allmandring 14C", "sportart": null, "lon": 9.0993971, "lat": 48.7447803 }, "geometry": { "type": "Point", "coordinates": [ 9.0993971, 48.7447803 ] } },
{ "type": "Feature", "properties": { "id": "way/23712195", "city": "stuttgart", "uni": "dhbw", "category": "wohnheime", "name": "Wohnheim", "adress": "Allmandring 14A", "sportart": null, "lon": 9.0997633, "lat": 48.744809 }, "geometry": { "type": "Point", "coordinates": [ 9.0997633, 48.744809 ] } },
{ "type": "Feature", "properties": { "id": "way/23712197", "city": "stuttgart", "uni": "dhbw", "category": "wohnheime", "name": "Wohnheim", "adress": "Allmandring 8E", "sportart": null, "lon": 9.1002248, "lat": 48.744886 }, "geometry": { "type": "Point", "coordinates": [ 9.1002248, 48.744886 ] } },
{ "type": "Feature", "properties": { "id": "way/23712198", "city": "stuttgart", "uni": "dhbw", "category": "wohnheime", "name": "Wohnheim", "adress": "Allmandring 8D", "sportart": null, "lon": 9.1005354, "lat": 48.7449149 }, "geometry": { "type": "Point", "coordinates": [ 9.1005354, 48.7449149 ] } },
{ "type": "Feature", "properties": { "id": "way/23712199", "city": "stuttgart", "uni": "dhbw", "category": "wohnheime", "name": "Wohnheim", "adress": "Allmandring 8B", "sportart": null, "lon": 9.1009005, "lat": 48.7449481 }, "geometry": { "type": "Point", "coordinates": [ 9.1009005, 48.7449481 ] } },
{ "type": "Feature", "properties": { "id": "way/23712200", "city": "stuttgart", "uni": "dhbw", "category": "wohnheime", "name": "Wohnheim", "adress": "Allmandring 12A", "sportart": null, "lon": 9.1006624, "lat": 48.7452104 }, "geometry": { "type": "Point", "coordinates": [ 9.1006624, 48.7452104 ] } },
{ "type": "Feature", "properties": { "id": "way/23712201", "city": "stuttgart", "uni": "dhbw", "category": "wohnheime", "name": "Wohnheim", "adress": "Allmandring 12B", "sportart": null, "lon": 9.100346, "lat": 48.7451851 }, "geometry": { "type": "Point", "coordinates": [ 9.100346, 48.7451851 ] } },
{ "type": "Feature", "properties": { "id": "way/23712202", "city": "stuttgart", "uni": "dhbw", "category": "wohnheime", "name": "Wohnheim", "adress": "Allmandring 12C", "sportart": null, "lon": 9.1002836, "lat": 48.7453919 }, "geometry": { "type": "Point", "coordinates": [ 9.1002836, 48.7453919 ] } },
{ "type": "Feature", "properties": { "id": "way/23712203", "city": "stuttgart", "uni": "dhbw", "category": "wohnheime", "name": "Wohnheim", "adress": "Allmandring 12E", "sportart": null, "lon": 9.0999179, "lat": 48.7453244 }, "geometry": { "type": "Point", "coordinates": [ 9.0999179, 48.7453244 ] } },
{ "type": "Feature", "properties": { "id": "way/23712204", "city": "stuttgart", "uni": "dhbw", "category": "wohnheime", "name": "Wohnheim", "adress": "Allmandring 10D", "sportart": null, "lon": 9.1006427, "lat": 48.7454479 }, "geometry": { "type": "Point", "coordinates": [ 9.1006427, 48.7454479 ] } },
{ "type": "Feature", "properties": { "id": "way/23712205", "city": "stuttgart", "uni": "dhbw", "category": "wohnheime", "name": "Wohnheim", "adress": "Allmandring 10B", "sportart": null, "lon": 9.1010115, "lat": 48.7454957 }, "geometry": { "type": "Point", "coordinates": [ 9.1010115, 48.7454957 ] } },
{ "type": "Feature", "properties": { "id": "way/23712206", "city": "stuttgart", "uni": "dhbw", "category": "wohnheime", "name": "Wohnheim", "adress": "Allmandring 10A", "sportart": null, "lon": 9.1010729, "lat": 48.7452887 }, "geometry": { "type": "Point", "coordinates": [ 9.1010729, 48.7452887 ] } },
{ "type": "Feature", "properties": { "id": "way/23838844", "city": "stuttgart", "uni": "dhbw", "category": "wohnheime", "name": "Wohnheim", "adress": "Allmandring 3E", "sportart": null, "lon": 9.1007411, "lat": 48.7431088 }, "geometry": { "type": "Point", "coordinates": [ 9.1007411, 48.7431088 ] } },
{ "type": "Feature", "properties": { "id": "way/24019384", "city": "stuttgart", "uni": "dhbw", "category": "wohnheime", "name": "Karl-Wacker-Heim", "adress": "Vaihinger Landstraße 123", "sportart": null, "lon": 9.1235309, "lat": 48.7718398 }, "geometry": { "type": "Point", "coordinates": [ 9.1235309, 48.7718398 ] } },
{ "type": "Feature", "properties": { "id": "way/25595955", "city": "stuttgart", "uni": "dhbw", "category": "wohnheime", "name": "Max-Kade-Haus", "adress": "Holzgartenstraße 9A", "sportart": null, "lon": 9.1698232, "lat": 48.7804584 }, "geometry": { "type": "Point", "coordinates": [ 9.1698232, 48.7804584 ] } },
{ "type": "Feature", "properties": { "id": "way/28080175", "city": "stuttgart", "uni": "dhbw", "category": "wohnheime", "name": "Wohnheim", "adress": "Ludwigstraße 17", "sportart": null, "lon": 9.1641378, "lat": 48.7747273 }, "geometry": { "type": "Point", "coordinates": [ 9.1641378, 48.7747273 ] } },
{ "type": "Feature", "properties": { "id": "way/32594602", "city": "stuttgart", "uni": "dhbw", "category": "wohnheime", "name": "Wohnheim", "adress": "Universitätsstraße 80", "sportart": null, "lon": 9.1021878, "lat": 48.7422619 }, "geometry": { "type": "Point", "coordinates": [ 9.1021878, 48.7422619 ] } },
{ "type": "Feature", "properties": { "id": "way/32594608", "city": "stuttgart", "uni": "dhbw", "category": "wohnheime", "name": "Wohnheim", "adress": "Universitätsstraße 104A", "sportart": null, "lon": 9.1028693, "lat": 48.742114 }, "geometry": { "type": "Point", "coordinates": [ 9.1028693, 48.742114 ] } },
{ "type": "Feature", "properties": { "id": "way/32594673", "city": "stuttgart", "uni": "dhbw", "category": "wohnheime", "name": "Wohnheim", "adress": "Pfaffenwaldring 76C", "sportart": null, "lon": 9.1022907, "lat": 48.7432134 }, "geometry": { "type": "Point", "coordinates": [ 9.1022907, 48.7432134 ] } },
{ "type": "Feature", "properties": { "id": "way/32594687", "city": "stuttgart", "uni": "dhbw", "category": "wohnheime", "name": "Wohnheim", "adress": "Pfaffenwaldring 64A", "sportart": null, "lon": 9.102479, "lat": 48.7434298 }, "geometry": { "type": "Point", "coordinates": [ 9.102479, 48.7434298 ] } },
{ "type": "Feature", "properties": { "id": "way/33514107", "city": "stuttgart", "uni": "dhbw", "category": "wohnheime", "name": "Studierendenwohnheim Bauhäusle", "adress": "Allmandring 15", "sportart": null, "lon": 9.0973266, "lat": 48.7436218 }, "geometry": { "type": "Point", "coordinates": [ 9.0973266, 48.7436218 ] } },
{ "type": "Feature", "properties": { "id": "way/35678086", "city": "stuttgart", "uni": "dhbw", "category": "wohnheime", "name": "Wohnheim", "adress": "Paracelsusweg 8", "sportart": null, "lon": 9.2558906, "lat": 48.7403668 }, "geometry": { "type": "Point", "coordinates": [ 9.2558906, 48.7403668 ] } },
{ "type": "Feature", "properties": { "id": "way/43121906", "city": "stuttgart", "uni": "dhbw", "category": "wohnheime", "name": "Wohnheim", "adress": "Allmandring 3G", "sportart": null, "lon": 9.1009162, "lat": 48.7426325 }, "geometry": { "type": "Point", "coordinates": [ 9.1009162, 48.7426325 ] } },
{ "type": "Feature", "properties": { "id": "way/43121908", "city": "stuttgart", "uni": "dhbw", "category": "wohnheime", "name": "Wohnheim", "adress": "Allmandring 3I", "sportart": null, "lon": 9.1001524, "lat": 48.7426689 }, "geometry": { "type": "Point", "coordinates": [ 9.1001524, 48.7426689 ] } },
{ "type": "Feature", "properties": { "id": "way/43121909", "city": "stuttgart", "uni": "dhbw", "category": "wohnheime", "name": "Wohnheim", "adress": "Allmandring 3I", "sportart": null, "lon": 9.1003762, "lat": 48.7426571 }, "geometry": { "type": "Point", "coordinates": [ 9.1003762, 48.7426571 ] } },
{ "type": "Feature", "properties": { "id": "way/43121911", "city": "stuttgart", "uni": "dhbw", "category": "wohnheime", "name": "Wohnheim", "adress": "Allmandring 3D", "sportart": null, "lon": 9.1012577, "lat": 48.7428513 }, "geometry": { "type": "Point", "coordinates": [ 9.1012577, 48.7428513 ] } },
{ "type": "Feature", "properties": { "id": "way/43121912", "city": "stuttgart", "uni": "dhbw", "category": "wohnheime", "name": "Wohnheim", "adress": "Allmandring 3D", "sportart": null, "lon": 9.1014809, "lat": 48.7428394 }, "geometry": { "type": "Point", "coordinates": [ 9.1014809, 48.7428394 ] } },
{ "type": "Feature", "properties": { "id": "way/45768259", "city": "stuttgart", "uni": "dhbw", "category": "wohnheime", "name": "Wohnheim", "adress": "Türlenstraße 34", "sportart": null, "lon": 9.1769346, "lat": 48.7920642 }, "geometry": { "type": "Point", "coordinates": [ 9.1769346, 48.7920642 ] } },
{ "type": "Feature", "properties": { "id": "way/51858129", "city": "stuttgart", "uni": "dhbw", "category": "wohnheime", "name": "Wohnheim", "adress": "Egilolfstraße 57", "sportart": null, "lon": 9.2066548, "lat": 48.7150921 }, "geometry": { "type": "Point", "coordinates": [ 9.2066548, 48.7150921 ] } },
{ "type": "Feature", "properties": { "id": "way/53020553", "city": "stuttgart", "uni": "dhbw", "category": "wohnheime", "name": "Wohnheim", "adress": "Welfenstraße 80", "sportart": null, "lon": 9.2058357, "lat": 48.7154907 }, "geometry": { "type": "Point", "coordinates": [ 9.2058357, 48.7154907 ] } },
{ "type": "Feature", "properties": { "id": "way/54512075", "city": "stuttgart", "uni": "dhbw", "category": "wohnheime", "name": "Wohnheim", "adress": "Allmandring 8A", "sportart": null, "lon": 9.1012426, "lat": 48.7450082 }, "geometry": { "type": "Point", "coordinates": [ 9.1012426, 48.7450082 ] } },
{ "type": "Feature", "properties": { "id": "way/54512078", "city": "stuttgart", "uni": "dhbw", "category": "wohnheime", "name": "Wohnheim", "adress": "Allmandring 8C", "sportart": null, "lon": 9.1007176, "lat": 48.7449285 }, "geometry": { "type": "Point", "coordinates": [ 9.1007176, 48.7449285 ] } },
{ "type": "Feature", "properties": { "id": "way/54512079", "city": "stuttgart", "uni": "dhbw", "category": "wohnheime", "name": "Wohnheim", "adress": "Allmandring 10C", "sportart": null, "lon": 9.1008272, "lat": 48.7454917 }, "geometry": { "type": "Point", "coordinates": [ 9.1008272, 48.7454917 ] } },
{ "type": "Feature", "properties": { "id": "way/54513184", "city": "stuttgart", "uni": "dhbw", "category": "wohnheime", "name": "Wohnheim", "adress": "Allmandring 12D", "sportart": null, "lon": 9.1000994, "lat": 48.7453759 }, "geometry": { "type": "Point", "coordinates": [ 9.1000994, 48.7453759 ] } },
{ "type": "Feature", "properties": { "id": "way/54513657", "city": "stuttgart", "uni": "dhbw", "category": "wohnheime", "name": "Wohnheim", "adress": "Allmandring 14B", "sportart": null, "lon": 9.0995804, "lat": 48.7447895 }, "geometry": { "type": "Point", "coordinates": [ 9.0995804, 48.7447895 ] } },
{ "type": "Feature", "properties": { "id": "way/54514928", "city": "stuttgart", "uni": "dhbw", "category": "wohnheime", "name": "Wohnheim", "adress": "Allmandring 18B", "sportart": null, "lon": 9.0988476, "lat": 48.7446229 }, "geometry": { "type": "Point", "coordinates": [ 9.0988476, 48.7446229 ] } },
{ "type": "Feature", "properties": { "id": "way/54515924", "city": "stuttgart", "uni": "dhbw", "category": "wohnheime", "name": "Wohnheim", "adress": "Allmandring 20B", "sportart": null, "lon": 9.0987275, "lat": 48.7451681 }, "geometry": { "type": "Point", "coordinates": [ 9.0987275, 48.7451681 ] } },
{ "type": "Feature", "properties": { "id": "way/54516956", "city": "stuttgart", "uni": "dhbw", "category": "wohnheime", "name": "Wohnheim", "adress": "Allmandring 22B", "sportart": null, "lon": 9.0980576, "lat": 48.7447583 }, "geometry": { "type": "Point", "coordinates": [ 9.0980576, 48.7447583 ] } },
{ "type": "Feature", "properties": { "id": "way/54518732", "city": "stuttgart", "uni": "dhbw", "category": "wohnheime", "name": "Wohnheim", "adress": "Allmandring 26C", "sportart": null, "lon": 9.0958046, "lat": 48.7440889 }, "geometry": { "type": "Point", "coordinates": [ 9.0958046, 48.7440889 ] } },
{ "type": "Feature", "properties": { "id": "way/54518733", "city": "stuttgart", "uni": "dhbw", "category": "wohnheime", "name": "Wohnheim", "adress": "Allmandring 26D", "sportart": null, "lon": 9.0959399, "lat": 48.7437738 }, "geometry": { "type": "Point", "coordinates": [ 9.0959399, 48.7437738 ] } },
{ "type": "Feature", "properties": { "id": "way/54518734", "city": "stuttgart", "uni": "dhbw", "category": "wohnheime", "name": "Wohnheim", "adress": "Allmandring 26B", "sportart": null, "lon": 9.0961891, "lat": 48.74435 }, "geometry": { "type": "Point", "coordinates": [ 9.0961891, 48.74435 ] } },
{ "type": "Feature", "properties": { "id": "way/56400774", "city": "stuttgart", "uni": "dhbw", "category": "wohnheime", "name": "Wohnheim", "adress": "Vaihinger Landstraße 127", "sportart": null, "lon": 9.1231077, "lat": 48.7714416 }, "geometry": { "type": "Point", "coordinates": [ 9.1231077, 48.7714416 ] } },
{ "type": "Feature", "properties": { "id": "way/69843468", "city": "stuttgart", "uni": "dhbw", "category": "wohnheime", "name": "Wohnen für Studierende", "adress": null, "sportart": null, "lon": 9.167345, "lat": 48.7854515 }, "geometry": { "type": "Point", "coordinates": [ 9.167345, 48.7854515 ] } },
{ "type": "Feature", "properties": { "id": "way/91293409", "city": "stuttgart", "uni": "dhbw", "category": "wohnheime", "name": "Wohnheim", "adress": "Pfaffenwaldring 42F", "sportart": null, "lon": 9.1019812, "lat": 48.7470089 }, "geometry": { "type": "Point", "coordinates": [ 9.1019812, 48.7470089 ] } },
{ "type": "Feature", "properties": { "id": "way/97301677", "city": "stuttgart", "uni": "dhbw", "category": "wohnheime", "name": "Wohnheim", "adress": "Böblinger Straße 224", "sportart": null, "lon": 9.1453328, "lat": 48.7572001 }, "geometry": { "type": "Point", "coordinates": [ 9.1453328, 48.7572001 ] } },
{ "type": "Feature", "properties": { "id": "way/97301767", "city": "stuttgart", "uni": "dhbw", "category": "wohnheime", "name": "Wohnheim", "adress": "Böblinger Straße 226", "sportart": null, "lon": 9.1450336, "lat": 48.7571686 }, "geometry": { "type": "Point", "coordinates": [ 9.1450336, 48.7571686 ] } },
{ "type": "Feature", "properties": { "id": "way/97301810", "city": "stuttgart", "uni": "dhbw", "category": "wohnheime", "name": "Wohnheim", "adress": "Böblinger Straße 222", "sportart": null, "lon": 9.1456295, "lat": 48.7572306 }, "geometry": { "type": "Point", "coordinates": [ 9.1456295, 48.7572306 ] } },
{ "type": "Feature", "properties": { "id": "way/99368077", "city": "stuttgart", "uni": "dhbw", "category": "wohnheime", "name": "Wohnheim", "adress": "Landhausstraße 14", "sportart": null, "lon": 9.1911329, "lat": 48.7838659 }, "geometry": { "type": "Point", "coordinates": [ 9.1911329, 48.7838659 ] } },
{ "type": "Feature", "properties": { "id": "way/104892786", "city": "stuttgart", "uni": "dhbw", "category": "wohnheime", "name": "Wohnheim", "adress": "Mörikestraße 64", "sportart": null, "lon": 9.1603357, "lat": 48.7644667 }, "geometry": { "type": "Point", "coordinates": [ 9.1603357, 48.7644667 ] } },
{ "type": "Feature", "properties": { "id": "way/106693472", "city": "stuttgart", "uni": "dhbw", "category": "wohnheime", "name": "Wohnheim", "adress": "Alexanderstraße 146", "sportart": null, "lon": 9.1796457, "lat": 48.7672924 }, "geometry": { "type": "Point", "coordinates": [ 9.1796457, 48.7672924 ] } },
{ "type": "Feature", "properties": { "id": "way/106952031", "city": "stuttgart", "uni": "dhbw", "category": "wohnheime", "name": "Wohnheim", "adress": "Pfaffenwaldring 50A", "sportart": null, "lon": 9.1019484, "lat": 48.7464403 }, "geometry": { "type": "Point", "coordinates": [ 9.1019484, 48.7464403 ] } },
{ "type": "Feature", "properties": { "id": "way/108256826", "city": "stuttgart", "uni": "dhbw", "category": "wohnheime", "name": "Ghibellinenhaus", "adress": "Birkenwaldstraße 40", "sportart": null, "lon": 9.1773132, "lat": 48.7883932 }, "geometry": { "type": "Point", "coordinates": [ 9.1773132, 48.7883932 ] } },
{ "type": "Feature", "properties": { "id": "way/109187743", "city": "stuttgart", "uni": "dhbw", "category": "wohnheime", "name": "Joseph-von-Egle-Studentenwohnheim", "adress": "Panoramastraße 5", "sportart": null, "lon": 9.171845, "lat": 48.7850797 }, "geometry": { "type": "Point", "coordinates": [ 9.171845, 48.7850797 ] } },
{ "type": "Feature", "properties": { "id": "way/111800134", "city": "stuttgart", "uni": "dhbw", "category": "wohnheime", "name": "Studentenwohnheim", "adress": "Brückenstraße 23", "sportart": null, "lon": 9.2105236, "lat": 48.8075301 }, "geometry": { "type": "Point", "coordinates": [ 9.2105236, 48.8075301 ] } },
{ "type": "Feature", "properties": { "id": "way/116352165", "city": "stuttgart", "uni": "dhbw", "category": "wohnheime", "name": "Wohnheim", "adress": "Pfaffenwaldring 48D", "sportart": null, "lon": 9.1000954, "lat": 48.7462375 }, "geometry": { "type": "Point", "coordinates": [ 9.1000954, 48.7462375 ] } },
{ "type": "Feature", "properties": { "id": "way/130409751", "city": "stuttgart", "uni": "dhbw", "category": "wohnheime", "name": "Wohnheim", "adress": "Hunklinge 115", "sportart": null, "lon": 9.18824, "lat": 48.8084528 }, "geometry": { "type": "Point", "coordinates": [ 9.18824, 48.8084528 ] } },
{ "type": "Feature", "properties": { "id": "way/130409753", "city": "stuttgart", "uni": "dhbw", "category": "wohnheime", "name": "Wohnheim", "adress": "Hunklinge 117", "sportart": null, "lon": 9.187959, "lat": 48.8084839 }, "geometry": { "type": "Point", "coordinates": [ 9.187959, 48.8084839 ] } },
{ "type": "Feature", "properties": { "id": "way/132160804", "city": "stuttgart", "uni": "dhbw", "category": "wohnheime", "name": "Wohnheim", "adress": "Körschstraße 14", "sportart": null, "lon": 9.2095256, "lat": 48.7037452 }, "geometry": { "type": "Point", "coordinates": [ 9.2095256, 48.7037452 ] } },
{ "type": "Feature", "properties": { "id": "way/142704827", "city": "stuttgart", "uni": "dhbw", "category": "wohnheime", "name": "Wohnheim", "adress": "In den Wannenäckern 22", "sportart": null, "lon": 9.2368383, "lat": 48.8114456 }, "geometry": { "type": "Point", "coordinates": [ 9.2368383, 48.8114456 ] } },
{ "type": "Feature", "properties": { "id": "way/142704828", "city": "stuttgart", "uni": "dhbw", "category": "wohnheime", "name": "Wohnheim", "adress": "In den Wannenäckern 24", "sportart": null, "lon": 9.2369754, "lat": 48.8116799 }, "geometry": { "type": "Point", "coordinates": [ 9.2369754, 48.8116799 ] } },
{ "type": "Feature", "properties": { "id": "way/142704831", "city": "stuttgart", "uni": "dhbw", "category": "wohnheime", "name": "Wohnheim", "adress": "In den Wannenäckern 26", "sportart": null, "lon": 9.2372308, "lat": 48.8115278 }, "geometry": { "type": "Point", "coordinates": [ 9.2372308, 48.8115278 ] } },
{ "type": "Feature", "properties": { "id": "way/144217141", "city": "stuttgart", "uni": "dhbw", "category": "wohnheime", "name": "Wohnheim", "adress": "Egilolfstraße 51", "sportart": null, "lon": 9.207675, "lat": 48.7157986 }, "geometry": { "type": "Point", "coordinates": [ 9.207675, 48.7157986 ] } },
{ "type": "Feature", "properties": { "id": "way/146902898", "city": "stuttgart", "uni": "dhbw", "category": "wohnheime", "name": "Christoph-Ulrich-Hahn-Haus (Altbau)", "adress": "Himmelsleiter 64", "sportart": null, "lon": 9.2008463, "lat": 48.8375315 }, "geometry": { "type": "Point", "coordinates": [ 9.2008463, 48.8375315 ] } },
{ "type": "Feature", "properties": { "id": "way/146902900", "city": "stuttgart", "uni": "dhbw", "category": "wohnheime", "name": "Wohnheim", "adress": null, "sportart": null, "lon": 9.2005102, "lat": 48.8372695 }, "geometry": { "type": "Point", "coordinates": [ 9.2005102, 48.8372695 ] } },
{ "type": "Feature", "properties": { "id": "way/146902904", "city": "stuttgart", "uni": "dhbw", "category": "wohnheime", "name": "Wohnheim", "adress": null, "sportart": null, "lon": 9.2002772, "lat": 48.8374925 }, "geometry": { "type": "Point", "coordinates": [ 9.2002772, 48.8374925 ] } },
{ "type": "Feature", "properties": { "id": "way/156089396", "city": "stuttgart", "uni": "dhbw", "category": "wohnheime", "name": "Wohnheim", "adress": "Allmandring 24A", "sportart": null, "lon": 9.0973631, "lat": 48.7443088 }, "geometry": { "type": "Point", "coordinates": [ 9.0973631, 48.7443088 ] } },
{ "type": "Feature", "properties": { "id": "way/156089407", "city": "stuttgart", "uni": "dhbw", "category": "wohnheime", "name": "Wohnheim", "adress": "Allmandring 24D", "sportart": null, "lon": 9.0971265, "lat": 48.7445766 }, "geometry": { "type": "Point", "coordinates": [ 9.0971265, 48.7445766 ] } },
{ "type": "Feature", "properties": { "id": "way/156089413", "city": "stuttgart", "uni": "dhbw", "category": "wohnheime", "name": "Wohnheim", "adress": "Allmandring 24B", "sportart": null, "lon": 9.0969597, "lat": 48.7441775 }, "geometry": { "type": "Point", "coordinates": [ 9.0969597, 48.7441775 ] } },
{ "type": "Feature", "properties": { "id": "way/156089418", "city": "stuttgart", "uni": "dhbw", "category": "wohnheime", "name": "Wohnheim", "adress": "Allmandring 24C", "sportart": null, "lon": 9.0967225, "lat": 48.7444465 }, "geometry": { "type": "Point", "coordinates": [ 9.0967225, 48.7444465 ] } },
{ "type": "Feature", "properties": { "id": "way/167875847", "city": "stuttgart", "uni": "dhbw", "category": "wohnheime", "name": "Wohnen für Studierende", "adress": null, "sportart": null, "lon": 9.1486314, "lat": 48.7309235 }, "geometry": { "type": "Point", "coordinates": [ 9.1486314, 48.7309235 ] } },
{ "type": "Feature", "properties": { "id": "way/167875848", "city": "stuttgart", "uni": "dhbw", "category": "wohnheime", "name": "Wohnen für Studierende", "adress": "Filderbahnplatz 35", "sportart": null, "lon": 9.14916, "lat": 48.7308156 }, "geometry": { "type": "Point", "coordinates": [ 9.14916, 48.7308156 ] } },
{ "type": "Feature", "properties": { "id": "way/167875849", "city": "stuttgart", "uni": "dhbw", "category": "wohnheime", "name": "Wohnen für Studierende", "adress": "Filderbahnplatz 37", "sportart": null, "lon": 9.1493062, "lat": 48.7310574 }, "geometry": { "type": "Point", "coordinates": [ 9.1493062, 48.7310574 ] } },
{ "type": "Feature", "properties": { "id": "way/233902595", "city": "stuttgart", "uni": "dhbw", "category": "wohnheime", "name": "Wohnheim", "adress": "Jahnstraße 68", "sportart": null, "lon": 9.1801912, "lat": 48.7527732 }, "geometry": { "type": "Point", "coordinates": [ 9.1801912, 48.7527732 ] } },
{ "type": "Feature", "properties": { "id": "way/251044139", "city": "stuttgart", "uni": "dhbw", "category": "wohnheime", "name": "Wohnheim", "adress": "Steinhaldenstraße 71", "sportart": null, "lon": 9.2327925, "lat": 48.8198094 }, "geometry": { "type": "Point", "coordinates": [ 9.2327925, 48.8198094 ] } },
{ "type": "Feature", "properties": { "id": "way/252555819", "city": "stuttgart", "uni": "dhbw", "category": "wohnheime", "name": "Wohnheim", "adress": "Pfaffenwaldring 68A", "sportart": null, "lon": 9.1019448, "lat": 48.7432335 }, "geometry": { "type": "Point", "coordinates": [ 9.1019448, 48.7432335 ] } },
{ "type": "Feature", "properties": { "id": "way/252555820", "city": "stuttgart", "uni": "dhbw", "category": "wohnheime", "name": "Wohnheim", "adress": "Pfaffenwaldring 68B", "sportart": null, "lon": 9.1019327, "lat": 48.7431167 }, "geometry": { "type": "Point", "coordinates": [ 9.1019327, 48.7431167 ] } },
{ "type": "Feature", "properties": { "id": "way/252555821", "city": "stuttgart", "uni": "dhbw", "category": "wohnheime", "name": "Wohnheim", "adress": "Pfaffenwaldring 70", "sportart": null, "lon": 9.10192, "lat": 48.7430009 }, "geometry": { "type": "Point", "coordinates": [ 9.10192, 48.7430009 ] } },
{ "type": "Feature", "properties": { "id": "way/252555822", "city": "stuttgart", "uni": "dhbw", "category": "wohnheime", "name": "Wohnheim", "adress": "Pfaffenwaldring 66B", "sportart": null, "lon": 9.1019759, "lat": 48.7434557 }, "geometry": { "type": "Point", "coordinates": [ 9.1019759, 48.7434557 ] } },
{ "type": "Feature", "properties": { "id": "way/252555823", "city": "stuttgart", "uni": "dhbw", "category": "wohnheime", "name": "Wohnheim", "adress": "Pfaffenwaldring 66A", "sportart": null, "lon": 9.1021388, "lat": 48.7434523 }, "geometry": { "type": "Point", "coordinates": [ 9.1021388, 48.7434523 ] } },
{ "type": "Feature", "properties": { "id": "way/252555824", "city": "stuttgart", "uni": "dhbw", "category": "wohnheime", "name": "Wohnheim", "adress": "Pfaffenwaldring 66C", "sportart": null, "lon": 9.1019568, "lat": 48.7433494 }, "geometry": { "type": "Point", "coordinates": [ 9.1019568, 48.7433494 ] } },
{ "type": "Feature", "properties": { "id": "way/252555825", "city": "stuttgart", "uni": "dhbw", "category": "wohnheime", "name": "Wohnheim", "adress": "Pfaffenwaldring 64B", "sportart": null, "lon": 9.1023159, "lat": 48.7434448 }, "geometry": { "type": "Point", "coordinates": [ 9.1023159, 48.7434448 ] } },
{ "type": "Feature", "properties": { "id": "way/288763715", "city": "stuttgart", "uni": "dhbw", "category": "wohnheime", "name": "Wohnheim", "adress": "Rosenbergstraße 16", "sportart": null, "lon": 9.1666028, "lat": 48.7821025 }, "geometry": { "type": "Point", "coordinates": [ 9.1666028, 48.7821025 ] } },
{ "type": "Feature", "properties": { "id": "way/304172873", "city": "stuttgart", "uni": "dhbw", "category": "wohnheime", "name": "Wohnheim", "adress": "Pfaffenwaldring 50B", "sportart": null, "lon": 9.101543, "lat": 48.7462774 }, "geometry": { "type": "Point", "coordinates": [ 9.101543, 48.7462774 ] } },
{ "type": "Feature", "properties": { "id": "way/304172874", "city": "stuttgart", "uni": "dhbw", "category": "wohnheime", "name": "Wohnheim", "adress": "Pfaffenwaldring 50A", "sportart": null, "lon": 9.1021433, "lat": 48.7462537 }, "geometry": { "type": "Point", "coordinates": [ 9.1021433, 48.7462537 ] } },
{ "type": "Feature", "properties": { "id": "way/306808153", "city": "stuttgart", "uni": "dhbw", "category": "wohnheime", "name": "Wohnheim", "adress": "Egilolfstraße 53", "sportart": null, "lon": 9.2068876, "lat": 48.715394 }, "geometry": { "type": "Point", "coordinates": [ 9.2068876, 48.715394 ] } },
{ "type": "Feature", "properties": { "id": "way/306808155", "city": "stuttgart", "uni": "dhbw", "category": "wohnheime", "name": "Wohnheim", "adress": "Egilolfstraße 55", "sportart": null, "lon": 9.2066849, "lat": 48.7152833 }, "geometry": { "type": "Point", "coordinates": [ 9.2066849, 48.7152833 ] } },
{ "type": "Feature", "properties": { "id": "way/306808157", "city": "stuttgart", "uni": "dhbw", "category": "wohnheime", "name": "Wohnheim", "adress": "Egilolfstraße 59", "sportart": null, "lon": 9.2068751, "lat": 48.7150111 }, "geometry": { "type": "Point", "coordinates": [ 9.2068751, 48.7150111 ] } },
{ "type": "Feature", "properties": { "id": "way/320857499", "city": "stuttgart", "uni": "dhbw", "category": "wohnheime", "name": "Wohnheim", "adress": "Im Chausseefeld 1", "sportart": null, "lon": 9.1985036, "lat": 48.7140948 }, "geometry": { "type": "Point", "coordinates": [ 9.1985036, 48.7140948 ] } },
{ "type": "Feature", "properties": { "id": "way/320857562", "city": "stuttgart", "uni": "dhbw", "category": "wohnheime", "name": "Wohnheim", "adress": "Im Chausseefeld 5", "sportart": null, "lon": 9.1979267, "lat": 48.7139366 }, "geometry": { "type": "Point", "coordinates": [ 9.1979267, 48.7139366 ] } },
{ "type": "Feature", "properties": { "id": "way/320857570", "city": "stuttgart", "uni": "dhbw", "category": "wohnheime", "name": "Wohnheim", "adress": "Im Chausseefeld 7", "sportart": null, "lon": 9.1976694, "lat": 48.7138917 }, "geometry": { "type": "Point", "coordinates": [ 9.1976694, 48.7138917 ] } },
{ "type": "Feature", "properties": { "id": "way/320857579", "city": "stuttgart", "uni": "dhbw", "category": "wohnheime", "name": "Wohnheim", "adress": "Im Chausseefeld 9", "sportart": null, "lon": 9.1973985, "lat": 48.7139331 }, "geometry": { "type": "Point", "coordinates": [ 9.1973985, 48.7139331 ] } },
{ "type": "Feature", "properties": { "id": "way/326455175", "city": "stuttgart", "uni": "dhbw", "category": "wohnheime", "name": "Rupert-Mayer-Haus", "adress": "Hospitalstraße 26", "sportart": null, "lon": 9.1718009, "lat": 48.7769691 }, "geometry": { "type": "Point", "coordinates": [ 9.1718009, 48.7769691 ] } },
{ "type": "Feature", "properties": { "id": "way/363049300", "city": "stuttgart", "uni": "dhbw", "category": "wohnheime", "name": "Wohnheim", "adress": "Wagrainstraße 80", "sportart": null, "lon": 9.2153818, "lat": 48.8295973 }, "geometry": { "type": "Point", "coordinates": [ 9.2153818, 48.8295973 ] } },
{ "type": "Feature", "properties": { "id": "way/363049301", "city": "stuttgart", "uni": "dhbw", "category": "wohnheime", "name": "Wohnheim", "adress": "Wagrainstraße 80a", "sportart": null, "lon": 9.2152709, "lat": 48.829416 }, "geometry": { "type": "Point", "coordinates": [ 9.2152709, 48.829416 ] } },
{ "type": "Feature", "properties": { "id": "way/363049302", "city": "stuttgart", "uni": "dhbw", "category": "wohnheime", "name": "Wohnheim", "adress": "Wagrainstraße 80b", "sportart": null, "lon": 9.215134, "lat": 48.8292102 }, "geometry": { "type": "Point", "coordinates": [ 9.215134, 48.8292102 ] } },
{ "type": "Feature", "properties": { "id": "way/367653721", "city": "stuttgart", "uni": "dhbw", "category": "wohnheime", "name": "Wohnheim", "adress": "Mercedesstraße 51", "sportart": null, "lon": 9.225569, "lat": 48.795235 }, "geometry": { "type": "Point", "coordinates": [ 9.225569, 48.795235 ] } },
{ "type": "Feature", "properties": { "id": "way/367653722", "city": "stuttgart", "uni": "dhbw", "category": "wohnheime", "name": "Wohnheim", "adress": "Mercedesstraße 51a", "sportart": null, "lon": 9.2259728, "lat": 48.7951867 }, "geometry": { "type": "Point", "coordinates": [ 9.2259728, 48.7951867 ] } },
{ "type": "Feature", "properties": { "id": "way/367653723", "city": "stuttgart", "uni": "dhbw", "category": "wohnheime", "name": "Wohnheim", "adress": "Mercedesstraße 51b", "sportart": null, "lon": 9.2262809, "lat": 48.7951491 }, "geometry": { "type": "Point", "coordinates": [ 9.2262809, 48.7951491 ] } },
{ "type": "Feature", "properties": { "id": "way/372414548", "city": "stuttgart", "uni": "dhbw", "category": "wohnheime", "name": "Studentisches Wohnen Campus Stuttgart II", "adress": null, "sportart": null, "lon": 9.1072811, "lat": 48.7230277 }, "geometry": { "type": "Point", "coordinates": [ 9.1072811, 48.7230277 ] } },
{ "type": "Feature", "properties": { "id": "way/372414550", "city": "stuttgart", "uni": "dhbw", "category": "wohnheime", "name": "Studentisches Wohnen Campus Stuttgart", "adress": "Vischerstraße 2/1", "sportart": null, "lon": 9.1077161, "lat": 48.7238003 }, "geometry": { "type": "Point", "coordinates": [ 9.1077161, 48.7238003 ] } },
{ "type": "Feature", "properties": { "id": "way/376609765", "city": "stuttgart", "uni": "dhbw", "category": "wohnheime", "name": "Wohnheim Im sonnigen Winkel", "adress": "Am Kräherwald 147", "sportart": null, "lon": 9.1504502, "lat": 48.7865027 }, "geometry": { "type": "Point", "coordinates": [ 9.1504502, 48.7865027 ] } },
{ "type": "Feature", "properties": { "id": "way/376770414", "city": "stuttgart", "uni": "dhbw", "category": "wohnheime", "name": "Wohnheim", "adress": "Burgholzstraße 33B", "sportart": null, "lon": 9.207093, "lat": 48.8219622 }, "geometry": { "type": "Point", "coordinates": [ 9.207093, 48.8219622 ] } },
{ "type": "Feature", "properties": { "id": "way/376770415", "city": "stuttgart", "uni": "dhbw", "category": "wohnheime", "name": "Wohnheim", "adress": "Burgholzstraße 33D", "sportart": null, "lon": 9.2063827, "lat": 48.821843 }, "geometry": { "type": "Point", "coordinates": [ 9.2063827, 48.821843 ] } },
{ "type": "Feature", "properties": { "id": "way/376770418", "city": "stuttgart", "uni": "dhbw", "category": "wohnheime", "name": "Wohnheim", "adress": "Burgholzstraße 33A", "sportart": null, "lon": 9.207094, "lat": 48.8217816 }, "geometry": { "type": "Point", "coordinates": [ 9.207094, 48.8217816 ] } },
{ "type": "Feature", "properties": { "id": "way/376770423", "city": "stuttgart", "uni": "dhbw", "category": "wohnheime", "name": "Wohnheim", "adress": "Burgholzstraße 33C", "sportart": null, "lon": 9.2066565, "lat": 48.8218437 }, "geometry": { "type": "Point", "coordinates": [ 9.2066565, 48.8218437 ] } },
{ "type": "Feature", "properties": { "id": "way/376770492", "city": "stuttgart", "uni": "dhbw", "category": "wohnheime", "name": "Wohnhaus Rosensteinstraße", "adress": "Rosensteinstraße 1-5", "sportart": null, "lon": 9.190773, "lat": 48.7934562 }, "geometry": { "type": "Point", "coordinates": [ 9.190773, 48.7934562 ] } },
{ "type": "Feature", "properties": { "id": "way/378237375", "city": "stuttgart", "uni": "dhbw", "category": "wohnheime", "name": "Wohnanlage Am Rossneckar", "adress": "Mettinger Straße 115-117", "sportart": null, "lon": 9.2903861, "lat": 48.7417151 }, "geometry": { "type": "Point", "coordinates": [ 9.2903861, 48.7417151 ] } },
{ "type": "Feature", "properties": { "id": "way/378237386", "city": "stuttgart", "uni": "dhbw", "category": "wohnheime", "name": "Wohnheim", "adress": "Mettinger Straße 129", "sportart": null, "lon": 9.2890231, "lat": 48.7415551 }, "geometry": { "type": "Point", "coordinates": [ 9.2890231, 48.7415551 ] } },
{ "type": "Feature", "properties": { "id": "way/383184360", "city": "stuttgart", "uni": "dhbw", "category": "wohnheime", "name": "Wohnheim", "adress": "Solitudestraße 121A", "sportart": null, "lon": 9.1043424, "lat": 48.8071713 }, "geometry": { "type": "Point", "coordinates": [ 9.1043424, 48.8071713 ] } },
{ "type": "Feature", "properties": { "id": "way/383184361", "city": "stuttgart", "uni": "dhbw", "category": "wohnheime", "name": "Wohnheim", "adress": "Solitudestraße 121", "sportart": null, "lon": 9.1047035, "lat": 48.8073607 }, "geometry": { "type": "Point", "coordinates": [ 9.1047035, 48.8073607 ] } },
{ "type": "Feature", "properties": { "id": "way/389820854", "city": "stuttgart", "uni": "dhbw", "category": "wohnheime", "name": "Wohnheim", "adress": "Quellenstraße 36", "sportart": null, "lon": 9.1991699, "lat": 48.8093531 }, "geometry": { "type": "Point", "coordinates": [ 9.1991699, 48.8093531 ] } },
{ "type": "Feature", "properties": { "id": "way/389820855", "city": "stuttgart", "uni": "dhbw", "category": "wohnheime", "name": "Wohnheim", "adress": "Quellenstraße 36a", "sportart": null, "lon": 9.1988844, "lat": 48.8093066 }, "geometry": { "type": "Point", "coordinates": [ 9.1988844, 48.8093066 ] } },
{ "type": "Feature", "properties": { "id": "way/390925644", "city": "stuttgart", "uni": "dhbw", "category": "wohnheime", "name": "Wohnheim", "adress": "Heilmannstraße 4", "sportart": null, "lon": 9.1916679, "lat": 48.7879168 }, "geometry": { "type": "Point", "coordinates": [ 9.1916679, 48.7879168 ] } },
{ "type": "Feature", "properties": { "id": "way/409563522", "city": "stuttgart", "uni": "dhbw", "category": "wohnheime", "name": "Wohnheim", "adress": "Sturmvogelweg 12", "sportart": null, "lon": 9.2377309, "lat": 48.8317448 }, "geometry": { "type": "Point", "coordinates": [ 9.2377309, 48.8317448 ] } },
{ "type": "Feature", "properties": { "id": "way/409563524", "city": "stuttgart", "uni": "dhbw", "category": "wohnheime", "name": "Wohnheim", "adress": "Sturmvogelweg 12a", "sportart": null, "lon": 9.2380234, "lat": 48.8317499 }, "geometry": { "type": "Point", "coordinates": [ 9.2380234, 48.8317499 ] } },
{ "type": "Feature", "properties": { "id": "way/409616747", "city": "stuttgart", "uni": "dhbw", "category": "wohnheime", "name": "Wohnheim", "adress": "Breitscheidstraße 2D", "sportart": null, "lon": 9.1709418, "lat": 48.7803989 }, "geometry": { "type": "Point", "coordinates": [ 9.1709418, 48.7803989 ] } },
{ "type": "Feature", "properties": { "id": "way/409616752", "city": "stuttgart", "uni": "dhbw", "category": "wohnheime", "name": "Wohnheim", "adress": "Breitscheidstraße 2E", "sportart": null, "lon": 9.1709317, "lat": 48.7805714 }, "geometry": { "type": "Point", "coordinates": [ 9.1709317, 48.7805714 ] } },
{ "type": "Feature", "properties": { "id": "way/409852549", "city": "stuttgart", "uni": "dhbw", "category": "wohnheime", "name": "Campo IV", "adress": null, "sportart": null, "lon": 9.2043405, "lat": 48.703729 }, "geometry": { "type": "Point", "coordinates": [ 9.2043405, 48.703729 ] } },
{ "type": "Feature", "properties": { "id": "way/429388851", "city": "stuttgart", "uni": "dhbw", "category": "wohnheime", "name": "Wohnheim", "adress": "Am Klingenbach 24", "sportart": null, "lon": 9.2116208, "lat": 48.7820776 }, "geometry": { "type": "Point", "coordinates": [ 9.2116208, 48.7820776 ] } },
{ "type": "Feature", "properties": { "id": "way/436386726", "city": "stuttgart", "uni": "dhbw", "category": "wohnheime", "name": "Wohnheim", "adress": "Steinröhre 1A", "sportart": null, "lon": 9.080684, "lat": 48.8174602 }, "geometry": { "type": "Point", "coordinates": [ 9.080684, 48.8174602 ] } },
{ "type": "Feature", "properties": { "id": "way/436386730", "city": "stuttgart", "uni": "dhbw", "category": "wohnheime", "name": "Wohnheim", "adress": "Steinröhre 1B", "sportart": null, "lon": 9.0810492, "lat": 48.8175404 }, "geometry": { "type": "Point", "coordinates": [ 9.0810492, 48.8175404 ] } },
{ "type": "Feature", "properties": { "id": "way/436386739", "city": "stuttgart", "uni": "dhbw", "category": "wohnheime", "name": "Wohnheim", "adress": "Steinröhre 1C", "sportart": null, "lon": 9.0814899, "lat": 48.8175219 }, "geometry": { "type": "Point", "coordinates": [ 9.0814899, 48.8175219 ] } },
{ "type": "Feature", "properties": { "id": "way/436386746", "city": "stuttgart", "uni": "dhbw", "category": "wohnheime", "name": "Wohnheim", "adress": "Steinröhre 1D", "sportart": null, "lon": 9.0818057, "lat": 48.8175885 }, "geometry": { "type": "Point", "coordinates": [ 9.0818057, 48.8175885 ] } },
{ "type": "Feature", "properties": { "id": "way/436386751", "city": "stuttgart", "uni": "dhbw", "category": "wohnheime", "name": "Wohnheim", "adress": "Steinröhre 1E", "sportart": null, "lon": 9.0820761, "lat": 48.8176447 }, "geometry": { "type": "Point", "coordinates": [ 9.0820761, 48.8176447 ] } },
{ "type": "Feature", "properties": { "id": "way/438040072", "city": "stuttgart", "uni": "dhbw", "category": "wohnheime", "name": "Wohnheim", "adress": "Krailenshaldenstraße 49", "sportart": null, "lon": 9.1792396, "lat": 48.8162336 }, "geometry": { "type": "Point", "coordinates": [ 9.1792396, 48.8162336 ] } },
{ "type": "Feature", "properties": { "id": "way/438040073", "city": "stuttgart", "uni": "dhbw", "category": "wohnheime", "name": "Wohnheim", "adress": "Krailenshaldenstraße 49A", "sportart": null, "lon": 9.1794648, "lat": 48.8164973 }, "geometry": { "type": "Point", "coordinates": [ 9.1794648, 48.8164973 ] } },
{ "type": "Feature", "properties": { "id": "way/438040074", "city": "stuttgart", "uni": "dhbw", "category": "wohnheime", "name": "Wohnheim", "adress": "Krailenshaldenstraße 49B", "sportart": null, "lon": 9.1795586, "lat": 48.8160881 }, "geometry": { "type": "Point", "coordinates": [ 9.1795586, 48.8160881 ] } },
{ "type": "Feature", "properties": { "id": "way/438040075", "city": "stuttgart", "uni": "dhbw", "category": "wohnheime", "name": "Wohnheim", "adress": "Krailenshaldenstraße 49C", "sportart": null, "lon": 9.1794657, "lat": 48.8156829 }, "geometry": { "type": "Point", "coordinates": [ 9.1794657, 48.8156829 ] } },
{ "type": "Feature", "properties": { "id": "way/503179753", "city": "stuttgart", "uni": "dhbw", "category": "wohnheime", "name": "Wohnheim", "adress": "Allmandring 3F", "sportart": null, "lon": 9.1007176, "lat": 48.7428823 }, "geometry": { "type": "Point", "coordinates": [ 9.1007176, 48.7428823 ] } },
{ "type": "Feature", "properties": { "id": "way/503179754", "city": "stuttgart", "uni": "dhbw", "category": "wohnheime", "name": "Wohnheim", "adress": "Allmandring 3H", "sportart": null, "lon": 9.1004002, "lat": 48.7428895 }, "geometry": { "type": "Point", "coordinates": [ 9.1004002, 48.7428895 ] } },
{ "type": "Feature", "properties": { "id": "way/503179755", "city": "stuttgart", "uni": "dhbw", "category": "wohnheime", "name": "Wohnheim", "adress": "Allmandring 3H", "sportart": null, "lon": 9.1001784, "lat": 48.7429012 }, "geometry": { "type": "Point", "coordinates": [ 9.1001784, 48.7429012 ] } },
{ "type": "Feature", "properties": { "id": "way/503179756", "city": "stuttgart", "uni": "dhbw", "category": "wohnheime", "name": "Wohnheim", "adress": "Allmandring 3G", "sportart": null, "lon": 9.1006921, "lat": 48.7426442 }, "geometry": { "type": "Point", "coordinates": [ 9.1006921, 48.7426442 ] } },
{ "type": "Feature", "properties": { "id": "way/503179757", "city": "stuttgart", "uni": "dhbw", "category": "wohnheime", "name": "Wohnheim", "adress": "Allmandring 3F", "sportart": null, "lon": 9.1009411, "lat": 48.7428708 }, "geometry": { "type": "Point", "coordinates": [ 9.1009411, 48.7428708 ] } },
{ "type": "Feature", "properties": { "id": "way/503179759", "city": "stuttgart", "uni": "dhbw", "category": "wohnheime", "name": "Wohnheim", "adress": "Allmandring 3E", "sportart": null, "lon": 9.1009649, "lat": 48.7430968 }, "geometry": { "type": "Point", "coordinates": [ 9.1009649, 48.7430968 ] } },
{ "type": "Feature", "properties": { "id": "way/503179760", "city": "stuttgart", "uni": "dhbw", "category": "wohnheime", "name": "Wohnheim", "adress": "Allmandring 3C", "sportart": null, "lon": 9.1012823, "lat": 48.7430836 }, "geometry": { "type": "Point", "coordinates": [ 9.1012823, 48.7430836 ] } },
{ "type": "Feature", "properties": { "id": "way/503179761", "city": "stuttgart", "uni": "dhbw", "category": "wohnheime", "name": "Wohnheim", "adress": "Allmandring 3C", "sportart": null, "lon": 9.1015043, "lat": 48.7430719 }, "geometry": { "type": "Point", "coordinates": [ 9.1015043, 48.7430719 ] } },
{ "type": "Feature", "properties": { "id": "way/503191295", "city": "stuttgart", "uni": "dhbw", "category": "wohnheime", "name": "Wohnheim", "adress": "Universitätsstraße 104B", "sportart": null, "lon": 9.1028703, "lat": 48.7422221 }, "geometry": { "type": "Point", "coordinates": [ 9.1028703, 48.7422221 ] } },
{ "type": "Feature", "properties": { "id": "way/503191296", "city": "stuttgart", "uni": "dhbw", "category": "wohnheime", "name": "Wohnheim", "adress": "Universitätsstraße 102C", "sportart": null, "lon": 9.1028576, "lat": 48.7419984 }, "geometry": { "type": "Point", "coordinates": [ 9.1028576, 48.7419984 ] } },
{ "type": "Feature", "properties": { "id": "way/503191297", "city": "stuttgart", "uni": "dhbw", "category": "wohnheime", "name": "Wohnheim", "adress": "Universitätsstraße 102B", "sportart": null, "lon": 9.1028359, "lat": 48.7418914 }, "geometry": { "type": "Point", "coordinates": [ 9.1028359, 48.7418914 ] } },
{ "type": "Feature", "properties": { "id": "way/503191298", "city": "stuttgart", "uni": "dhbw", "category": "wohnheime", "name": "Wohnheim", "adress": "Universitätsstraße 102A", "sportart": null, "lon": 9.1026726, "lat": 48.741894 }, "geometry": { "type": "Point", "coordinates": [ 9.1026726, 48.741894 ] } },
{ "type": "Feature", "properties": { "id": "way/503191300", "city": "stuttgart", "uni": "dhbw", "category": "wohnheime", "name": "Wohnheim", "adress": "Universitätsstraße 100", "sportart": null, "lon": 9.1024993, "lat": 48.7419022 }, "geometry": { "type": "Point", "coordinates": [ 9.1024993, 48.7419022 ] } },
{ "type": "Feature", "properties": { "id": "way/503191301", "city": "stuttgart", "uni": "dhbw", "category": "wohnheime", "name": "Wohnheim", "adress": "Universitätsstraße 98B", "sportart": null, "lon": 9.1023261, "lat": 48.7419099 }, "geometry": { "type": "Point", "coordinates": [ 9.1023261, 48.7419099 ] } },
{ "type": "Feature", "properties": { "id": "way/503191302", "city": "stuttgart", "uni": "dhbw", "category": "wohnheime", "name": "Wohnheim", "adress": "Universitätsstraße 98A", "sportart": null, "lon": 9.1021509, "lat": 48.741918 }, "geometry": { "type": "Point", "coordinates": [ 9.1021509, 48.741918 ] } },
{ "type": "Feature", "properties": { "id": "way/503191303", "city": "stuttgart", "uni": "dhbw", "category": "wohnheime", "name": "Wohnheim", "adress": "Universitätsstraße 96C", "sportart": null, "lon": 9.1019771, "lat": 48.7419258 }, "geometry": { "type": "Point", "coordinates": [ 9.1019771, 48.7419258 ] } },
{ "type": "Feature", "properties": { "id": "way/503191304", "city": "stuttgart", "uni": "dhbw", "category": "wohnheime", "name": "Wohnheim", "adress": "Universitätsstraße 96B", "sportart": null, "lon": 9.1018153, "lat": 48.74194 }, "geometry": { "type": "Point", "coordinates": [ 9.1018153, 48.74194 ] } },
{ "type": "Feature", "properties": { "id": "way/503191305", "city": "stuttgart", "uni": "dhbw", "category": "wohnheime", "name": "Wohnheim", "adress": "Universitätsstraße 96A", "sportart": null, "lon": 9.1018174, "lat": 48.7420483 }, "geometry": { "type": "Point", "coordinates": [ 9.1018174, 48.7420483 ] } },
{ "type": "Feature", "properties": { "id": "way/503191306", "city": "stuttgart", "uni": "dhbw", "category": "wohnheime", "name": "Wohnheim", "adress": "Universitätsstraße 94", "sportart": null, "lon": 9.1018309, "lat": 48.7421627 }, "geometry": { "type": "Point", "coordinates": [ 9.1018309, 48.7421627 ] } },
{ "type": "Feature", "properties": { "id": "way/503191307", "city": "stuttgart", "uni": "dhbw", "category": "wohnheime", "name": "Wohnheim", "adress": "Universitätsstraße 92B", "sportart": null, "lon": 9.1018427, "lat": 48.7422767 }, "geometry": { "type": "Point", "coordinates": [ 9.1018427, 48.7422767 ] } },
{ "type": "Feature", "properties": { "id": "way/503191308", "city": "stuttgart", "uni": "dhbw", "category": "wohnheime", "name": "Wohnheim", "adress": "Universitätsstraße 92A", "sportart": null, "lon": 9.1018545, "lat": 48.7423932 }, "geometry": { "type": "Point", "coordinates": [ 9.1018545, 48.7423932 ] } },
{ "type": "Feature", "properties": { "id": "way/503191309", "city": "stuttgart", "uni": "dhbw", "category": "wohnheime", "name": "Wohnheim", "adress": "Universitätsstraße 90", "sportart": null, "lon": 9.1018658, "lat": 48.7425085 }, "geometry": { "type": "Point", "coordinates": [ 9.1018658, 48.7425085 ] } },
{ "type": "Feature", "properties": { "id": "way/503191310", "city": "stuttgart", "uni": "dhbw", "category": "wohnheime", "name": "Wohnheim", "adress": "Universitätsstraße 82A", "sportart": null, "lon": 9.1023625, "lat": 48.7422537 }, "geometry": { "type": "Point", "coordinates": [ 9.1023625, 48.7422537 ] } },
{ "type": "Feature", "properties": { "id": "way/503191311", "city": "stuttgart", "uni": "dhbw", "category": "wohnheime", "name": "Wohnheim", "adress": "Universitätsstraße 82B", "sportart": null, "lon": 9.1025257, "lat": 48.7422516 }, "geometry": { "type": "Point", "coordinates": [ 9.1025257, 48.7422516 ] } },
{ "type": "Feature", "properties": { "id": "way/503191312", "city": "stuttgart", "uni": "dhbw", "category": "wohnheime", "name": "Wohnheim", "adress": "Universitätsstraße 82C", "sportart": null, "lon": 9.1025466, "lat": 48.7423589 }, "geometry": { "type": "Point", "coordinates": [ 9.1025466, 48.7423589 ] } },
{ "type": "Feature", "properties": { "id": "way/503191313", "city": "stuttgart", "uni": "dhbw", "category": "wohnheime", "name": "Wohnheim", "adress": "Universitätsstraße 84A", "sportart": null, "lon": 9.1025587, "lat": 48.7424744 }, "geometry": { "type": "Point", "coordinates": [ 9.1025587, 48.7424744 ] } },
{ "type": "Feature", "properties": { "id": "way/503191314", "city": "stuttgart", "uni": "dhbw", "category": "wohnheime", "name": "Wohnheim", "adress": "Universitätsstraße 84B", "sportart": null, "lon": 9.1025629, "lat": 48.7425827 }, "geometry": { "type": "Point", "coordinates": [ 9.1025629, 48.7425827 ] } },
{ "type": "Feature", "properties": { "id": "way/503191317", "city": "stuttgart", "uni": "dhbw", "category": "wohnheime", "name": "Wohnheim", "adress": "Universitätsstraße 84C", "sportart": null, "lon": 9.1024018, "lat": 48.7425963 }, "geometry": { "type": "Point", "coordinates": [ 9.1024018, 48.7425963 ] } },
{ "type": "Feature", "properties": { "id": "way/503191318", "city": "stuttgart", "uni": "dhbw", "category": "wohnheime", "name": "Wohnheim", "adress": "Universitätsstraße 86", "sportart": null, "lon": 9.1022263, "lat": 48.7426041 }, "geometry": { "type": "Point", "coordinates": [ 9.1022263, 48.7426041 ] } },
{ "type": "Feature", "properties": { "id": "way/503191319", "city": "stuttgart", "uni": "dhbw", "category": "wohnheime", "name": "Wohnheim", "adress": "Universitätsstraße 88", "sportart": null, "lon": 9.1020511, "lat": 48.7426119 }, "geometry": { "type": "Point", "coordinates": [ 9.1020511, 48.7426119 ] } },
{ "type": "Feature", "properties": { "id": "way/503337647", "city": "stuttgart", "uni": "dhbw", "category": "wohnheime", "name": "Wohnheim", "adress": "Pfaffenwaldring 76B", "sportart": null, "lon": 9.1024549, "lat": 48.7432002 }, "geometry": { "type": "Point", "coordinates": [ 9.1024549, 48.7432002 ] } },
{ "type": "Feature", "properties": { "id": "way/503337648", "city": "stuttgart", "uni": "dhbw", "category": "wohnheime", "name": "Wohnheim", "adress": "Pfaffenwaldring 76A", "sportart": null, "lon": 9.1024512, "lat": 48.7430913 }, "geometry": { "type": "Point", "coordinates": [ 9.1024512, 48.7430913 ] } },
{ "type": "Feature", "properties": { "id": "way/503337649", "city": "stuttgart", "uni": "dhbw", "category": "wohnheime", "name": "Wohnheim", "adress": "Pfaffenwaldring 74C", "sportart": null, "lon": 9.1024384, "lat": 48.7429738 }, "geometry": { "type": "Point", "coordinates": [ 9.1024384, 48.7429738 ] } },
{ "type": "Feature", "properties": { "id": "way/503337650", "city": "stuttgart", "uni": "dhbw", "category": "wohnheime", "name": "Wohnheim", "adress": "Pfaffenwaldring 72", "sportart": null, "lon": 9.1020782, "lat": 48.742879 }, "geometry": { "type": "Point", "coordinates": [ 9.1020782, 48.742879 ] } },
{ "type": "Feature", "properties": { "id": "way/503337651", "city": "stuttgart", "uni": "dhbw", "category": "wohnheime", "name": "Wohnheim", "adress": "Pfaffenwaldring 74A", "sportart": null, "lon": 9.1022546, "lat": 48.7428704 }, "geometry": { "type": "Point", "coordinates": [ 9.1022546, 48.7428704 ] } },
{ "type": "Feature", "properties": { "id": "way/503337652", "city": "stuttgart", "uni": "dhbw", "category": "wohnheime", "name": "Wohnheim", "adress": "Pfaffenwaldring 74B", "sportart": null, "lon": 9.1024194, "lat": 48.7428673 }, "geometry": { "type": "Point", "coordinates": [ 9.1024194, 48.7428673 ] } },
{ "type": "Feature", "properties": { "id": "way/504380075", "city": "stuttgart", "uni": "dhbw", "category": "wohnheime", "name": "Wohnheim", "adress": "Pfaffenwaldring 50B", "sportart": null, "lon": 9.1017529, "lat": 48.7462703 }, "geometry": { "type": "Point", "coordinates": [ 9.1017529, 48.7462703 ] } },
{ "type": "Feature", "properties": { "id": "way/504380080", "city": "stuttgart", "uni": "dhbw", "category": "wohnheime", "name": "Wohnheim", "adress": "Pfaffenwaldring 50A", "sportart": null, "lon": 9.102161, "lat": 48.7464326 }, "geometry": { "type": "Point", "coordinates": [ 9.102161, 48.7464326 ] } },
{ "type": "Feature", "properties": { "id": "way/504380081", "city": "stuttgart", "uni": "dhbw", "category": "wohnheime", "name": "Wohnheim", "adress": "Pfaffenwaldring 50B", "sportart": null, "lon": 9.1017711, "lat": 48.7464506 }, "geometry": { "type": "Point", "coordinates": [ 9.1017711, 48.7464506 ] } },
{ "type": "Feature", "properties": { "id": "way/504380082", "city": "stuttgart", "uni": "dhbw", "category": "wohnheime", "name": "Wohnheim", "adress": "Pfaffenwaldring 50B", "sportart": null, "lon": 9.1015624, "lat": 48.746458 }, "geometry": { "type": "Point", "coordinates": [ 9.1015624, 48.746458 ] } },
{ "type": "Feature", "properties": { "id": "way/504380083", "city": "stuttgart", "uni": "dhbw", "category": "wohnheime", "name": "Wohnheim", "adress": "Pfaffenwaldring 50C", "sportart": null, "lon": 9.1013861, "lat": 48.7464679 }, "geometry": { "type": "Point", "coordinates": [ 9.1013861, 48.7464679 ] } },
{ "type": "Feature", "properties": { "id": "way/504380086", "city": "stuttgart", "uni": "dhbw", "category": "wohnheime", "name": "Wohnheim", "adress": "Pfaffenwaldring 50C", "sportart": null, "lon": 9.1011754, "lat": 48.7464739 }, "geometry": { "type": "Point", "coordinates": [ 9.1011754, 48.7464739 ] } },
{ "type": "Feature", "properties": { "id": "way/504380089", "city": "stuttgart", "uni": "dhbw", "category": "wohnheime", "name": "Wohnheim", "adress": "Pfaffenwaldring 50C", "sportart": null, "lon": 9.1013669, "lat": 48.7462882 }, "geometry": { "type": "Point", "coordinates": [ 9.1013669, 48.7462882 ] } },
{ "type": "Feature", "properties": { "id": "way/504380091", "city": "stuttgart", "uni": "dhbw", "category": "wohnheime", "name": "Wohnheim", "adress": "Pfaffenwaldring 50C", "sportart": null, "lon": 9.1011567, "lat": 48.7462952 }, "geometry": { "type": "Point", "coordinates": [ 9.1011567, 48.7462952 ] } },
{ "type": "Feature", "properties": { "id": "way/504522314", "city": "stuttgart", "uni": "dhbw", "category": "wohnheime", "name": "Wohnheim", "adress": "Pfaffenwaldring 48B", "sportart": null, "lon": 9.1001308, "lat": 48.7465579 }, "geometry": { "type": "Point", "coordinates": [ 9.1001308, 48.7465579 ] } },
{ "type": "Feature", "properties": { "id": "way/504522315", "city": "stuttgart", "uni": "dhbw", "category": "wohnheime", "name": "Wohnheim", "adress": "Pfaffenwaldring 48A", "sportart": null, "lon": 9.1003343, "lat": 48.7463846 }, "geometry": { "type": "Point", "coordinates": [ 9.1003343, 48.7463846 ] } },
{ "type": "Feature", "properties": { "id": "way/504522316", "city": "stuttgart", "uni": "dhbw", "category": "wohnheime", "name": "Wohnheim", "adress": "Pfaffenwaldring 48E", "sportart": null, "lon": 9.100335, "lat": 48.7462256 }, "geometry": { "type": "Point", "coordinates": [ 9.100335, 48.7462256 ] } },
{ "type": "Feature", "properties": { "id": "way/504522317", "city": "stuttgart", "uni": "dhbw", "category": "wohnheime", "name": "Wohnheim", "adress": "Pfaffenwaldring 48F", "sportart": null, "lon": 9.1005775, "lat": 48.7462148 }, "geometry": { "type": "Point", "coordinates": [ 9.1005775, 48.7462148 ] } },
{ "type": "Feature", "properties": { "id": "way/504522318", "city": "stuttgart", "uni": "dhbw", "category": "wohnheime", "name": "Wohnheim", "adress": "Pfaffenwaldring 48G", "sportart": null, "lon": 9.1008184, "lat": 48.7462041 }, "geometry": { "type": "Point", "coordinates": [ 9.1008184, 48.7462041 ] } },
{ "type": "Feature", "properties": { "id": "way/504526727", "city": "stuttgart", "uni": "dhbw", "category": "wohnheime", "name": "Wohnheim", "adress": "Pfaffenwaldring 46F", "sportart": null, "lon": 9.1008761, "lat": 48.7466859 }, "geometry": { "type": "Point", "coordinates": [ 9.1008761, 48.7466859 ] } },
{ "type": "Feature", "properties": { "id": "way/504526728", "city": "stuttgart", "uni": "dhbw", "category": "wohnheime", "name": "Wohnheim", "adress": "Pfaffenwaldring 46B", "sportart": null, "lon": 9.1004272, "lat": 48.747027 }, "geometry": { "type": "Point", "coordinates": [ 9.1004272, 48.747027 ] } },
{ "type": "Feature", "properties": { "id": "way/504526729", "city": "stuttgart", "uni": "dhbw", "category": "wohnheime", "name": "Wohnheim", "adress": "Pfaffenwaldring 46C", "sportart": null, "lon": 9.100411, "lat": 48.7468666 }, "geometry": { "type": "Point", "coordinates": [ 9.100411, 48.7468666 ] } },
{ "type": "Feature", "properties": { "id": "way/504526730", "city": "stuttgart", "uni": "dhbw", "category": "wohnheime", "name": "Wohnheim", "adress": "Pfaffenwaldring 46D", "sportart": null, "lon": 9.1003936, "lat": 48.7467068 }, "geometry": { "type": "Point", "coordinates": [ 9.1003936, 48.7467068 ] } },
{ "type": "Feature", "properties": { "id": "way/504526731", "city": "stuttgart", "uni": "dhbw", "category": "wohnheime", "name": "Wohnheim", "adress": "Pfaffenwaldring 46E", "sportart": null, "lon": 9.1006332, "lat": 48.7466978 }, "geometry": { "type": "Point", "coordinates": [ 9.1006332, 48.7466978 ] } },
{ "type": "Feature", "properties": { "id": "way/504534822", "city": "stuttgart", "uni": "dhbw", "category": "wohnheime", "name": "Wohnheim", "adress": "Pfaffenwaldring 42G", "sportart": null, "lon": 9.1019611, "lat": 48.7468206 }, "geometry": { "type": "Point", "coordinates": [ 9.1019611, 48.7468206 ] } },
{ "type": "Feature", "properties": { "id": "way/504534827", "city": "stuttgart", "uni": "dhbw", "category": "wohnheime", "name": "Wohnheim", "adress": "Pfaffenwaldring 42E", "sportart": null, "lon": 9.1020005, "lat": 48.7471841 }, "geometry": { "type": "Point", "coordinates": [ 9.1020005, 48.7471841 ] } },
{ "type": "Feature", "properties": { "id": "way/504534832", "city": "stuttgart", "uni": "dhbw", "category": "wohnheime", "name": "Wohnheim", "adress": "Pfaffenwaldring 42A", "sportart": null, "lon": 9.1022219, "lat": 48.7471718 }, "geometry": { "type": "Point", "coordinates": [ 9.1022219, 48.7471718 ] } },
{ "type": "Feature", "properties": { "id": "way/504534836", "city": "stuttgart", "uni": "dhbw", "category": "wohnheime", "name": "Wohnheim", "adress": "Pfaffenwaldring 42C", "sportart": null, "lon": 9.1021842, "lat": 48.7468087 }, "geometry": { "type": "Point", "coordinates": [ 9.1021842, 48.7468087 ] } },
{ "type": "Feature", "properties": { "id": "way/504534838", "city": "stuttgart", "uni": "dhbw", "category": "wohnheime", "name": "Wohnheim", "adress": "Pfaffenwaldring 42D", "sportart": null, "lon": 9.1021653, "lat": 48.746636 }, "geometry": { "type": "Point", "coordinates": [ 9.1021653, 48.746636 ] } },
{ "type": "Feature", "properties": { "id": "way/504534862", "city": "stuttgart", "uni": "dhbw", "category": "wohnheime", "name": "Wohnheim", "adress": "Pfaffenwaldring 44D", "sportart": null, "lon": 9.1012346, "lat": 48.7469708 }, "geometry": { "type": "Point", "coordinates": [ 9.1012346, 48.7469708 ] } },
{ "type": "Feature", "properties": { "id": "way/504534864", "city": "stuttgart", "uni": "dhbw", "category": "wohnheime", "name": "Wohnheim", "adress": "Pfaffenwaldring 44C", "sportart": null, "lon": 9.1012515, "lat": 48.7471317 }, "geometry": { "type": "Point", "coordinates": [ 9.1012515, 48.7471317 ] } },
{ "type": "Feature", "properties": { "id": "way/504534865", "city": "stuttgart", "uni": "dhbw", "category": "wohnheime", "name": "Wohnheim", "adress": "Pfaffenwaldring 44B", "sportart": null, "lon": 9.1014343, "lat": 48.7467464 }, "geometry": { "type": "Point", "coordinates": [ 9.1014343, 48.7467464 ] } },
{ "type": "Feature", "properties": { "id": "way/504534866", "city": "stuttgart", "uni": "dhbw", "category": "wohnheime", "name": "Wohnheim", "adress": "Pfaffenwaldring 44A", "sportart": null, "lon": 9.1014904, "lat": 48.7471187 }, "geometry": { "type": "Point", "coordinates": [ 9.1014904, 48.7471187 ] } },
{ "type": "Feature", "properties": { "id": "way/533569216", "city": "stuttgart", "uni": "dhbw", "category": "wohnheime", "name": "campo III", "adress": "Vaihinger Straße 57", "sportart": null, "lon": 9.1451346, "lat": 48.7277368 }, "geometry": { "type": "Point", "coordinates": [ 9.1451346, 48.7277368 ] } },
{ "type": "Feature", "properties": { "id": "way/642602835", "city": "stuttgart", "uni": "dhbw", "category": "wohnheime", "name": "campo V", "adress": "Seerosenstraße 1", "sportart": null, "lon": 9.1066374, "lat": 48.7301755 }, "geometry": { "type": "Point", "coordinates": [ 9.1066374, 48.7301755 ] } },
{ "type": "Feature", "properties": { "id": "way/650737550", "city": "stuttgart", "uni": "dhbw", "category": "wohnheime", "name": "Wohnheim", "adress": "Balinger Straße 35C", "sportart": null, "lon": 9.1414508, "lat": 48.7302321 }, "geometry": { "type": "Point", "coordinates": [ 9.1414508, 48.7302321 ] } },
{ "type": "Feature", "properties": { "id": "way/741630373", "city": "stuttgart", "uni": "dhbw", "category": "wohnheime", "name": "Wohnheim", "adress": "Allmandring 26K", "sportart": null, "lon": 9.0946756, "lat": 48.7441325 }, "geometry": { "type": "Point", "coordinates": [ 9.0946756, 48.7441325 ] } },
{ "type": "Feature", "properties": { "id": "way/741630374", "city": "stuttgart", "uni": "dhbw", "category": "wohnheime", "name": "Wohnheim", "adress": "Allmandring 26I", "sportart": null, "lon": 9.0952568, "lat": 48.7440908 }, "geometry": { "type": "Point", "coordinates": [ 9.0952568, 48.7440908 ] } },
{ "type": "Feature", "properties": { "id": "way/741630375", "city": "stuttgart", "uni": "dhbw", "category": "wohnheime", "name": "Wohnheim", "adress": "Allmandring 26H", "sportart": null, "lon": 9.0947988, "lat": 48.7438392 }, "geometry": { "type": "Point", "coordinates": [ 9.0947988, 48.7438392 ] } },
{ "type": "Feature", "properties": { "id": "way/741630376", "city": "stuttgart", "uni": "dhbw", "category": "wohnheime", "name": "Wohnheim", "adress": "Allmandring 26G", "sportart": null, "lon": 9.0953151, "lat": 48.7437846 }, "geometry": { "type": "Point", "coordinates": [ 9.0953151, 48.7437846 ] } },
{ "type": "Feature", "properties": { "id": "way/741630377", "city": "stuttgart", "uni": "dhbw", "category": "wohnheime", "name": "Wohnheim", "adress": "Allmandring 26E", "sportart": null, "lon": 9.095377, "lat": 48.7434788 }, "geometry": { "type": "Point", "coordinates": [ 9.095377, 48.7434788 ] } },
{ "type": "Feature", "properties": { "id": "way/741630378", "city": "stuttgart", "uni": "dhbw", "category": "wohnheime", "name": "Wohnheim", "adress": "Allmandring 26F", "sportart": null, "lon": 9.0949187, "lat": 48.7435427 }, "geometry": { "type": "Point", "coordinates": [ 9.0949187, 48.7435427 ] } },
{ "type": "Feature", "properties": { "id": "way/741631270", "city": "stuttgart", "uni": "dhbw", "category": "wohnheime", "name": "Wohnheim", "adress": "Allmandring 26L", "sportart": null, "lon": 9.0952016, "lat": 48.7443958 }, "geometry": { "type": "Point", "coordinates": [ 9.0952016, 48.7443958 ] } },
{ "type": "Feature", "properties": { "id": "way/782309192", "city": "stuttgart", "uni": "dhbw", "category": "wohnheime", "name": "Wohnheim", "adress": null, "sportart": null, "lon": 9.2098615, "lat": 48.716762 }, "geometry": { "type": "Point", "coordinates": [ 9.2098615, 48.716762 ] } },
{ "type": "Feature", "properties": { "id": "way/782309193", "city": "stuttgart", "uni": "dhbw", "category": "wohnheime", "name": "Wohnheim", "adress": "Egilolfstraße 45", "sportart": null, "lon": 9.2096576, "lat": 48.7165361 }, "geometry": { "type": "Point", "coordinates": [ 9.2096576, 48.7165361 ] } },
{ "type": "Feature", "properties": { "id": "way/782309194", "city": "stuttgart", "uni": "dhbw", "category": "wohnheime", "name": "Wohnheim", "adress": "Egilolfstraße 41", "sportart": null, "lon": 9.2100856, "lat": 48.7169281 }, "geometry": { "type": "Point", "coordinates": [ 9.2100856, 48.7169281 ] } },
{ "type": "Feature", "properties": { "id": "way/782309195", "city": "stuttgart", "uni": "dhbw", "category": "wohnheime", "name": "Wohnheim", "adress": "Egilolfstraße 43", "sportart": null, "lon": 9.2101375, "lat": 48.7164827 }, "geometry": { "type": "Point", "coordinates": [ 9.2101375, 48.7164827 ] } },
{ "type": "Feature", "properties": { "id": "way/1004702682", "city": "stuttgart", "uni": "dhbw", "category": "wohnheime", "name": "Wohnheim", "adress": null, "sportart": null, "lon": 9.1720357, "lat": 48.7850596 }, "geometry": { "type": "Point", "coordinates": [ 9.1720357, 48.7850596 ] } },
{ "type": "Feature", "properties": { "id": "way/1077499005", "city": "stuttgart", "uni": "dhbw", "category": "wohnheime", "name": "Christoph-Ulrich-Hahn-Haus (Neubau)", "adress": "Himmelsleiter 68", "sportart": null, "lon": 9.2013814, "lat": 48.8376478 }, "geometry": { "type": "Point", "coordinates": [ 9.2013814, 48.8376478 ] } },
{ "type": "Feature", "properties": { "id": "way/1112536621", "city": "stuttgart", "uni": "dhbw", "category": "wohnheime", "name": "Wohnheim", "adress": "Steckfeldstraße 53", "sportart": null, "lon": 9.1996747, "lat": 48.7154211 }, "geometry": { "type": "Point", "coordinates": [ 9.1996747, 48.7154211 ] } },
{ "type": "Feature", "properties": { "id": "way/1215467976", "city": "stuttgart", "uni": "dhbw", "category": "wohnheime", "name": "Wohnheim", "adress": "Stuttgarter Straße 210/1", "sportart": null, "lon": 9.1820478, "lat": 48.8494258 }, "geometry": { "type": "Point", "coordinates": [ 9.1820478, 48.8494258 ] } },
{ "type": "Feature", "properties": { "id": "way/1215467977", "city": "stuttgart", "uni": "dhbw", "category": "wohnheime", "name": "Wohnheim", "adress": "Stuttgarter Straße 210", "sportart": null, "lon": 9.1824086, "lat": 48.8493178 }, "geometry": { "type": "Point", "coordinates": [ 9.1824086, 48.8493178 ] } },
{ "type": "Feature", "properties": { "id": "node/103011354", "city": "stuttgart", "uni": "uni", "category": "bahnhoefe", "name": "Leinfelden", "adress": null, "sportart": null, "lon": 9.1427508, "lat": 48.6966965 }, "geometry": { "type": "Point", "coordinates": [ 9.1427508, 48.6966965 ] } },
{ "type": "Feature", "properties": { "id": "node/243771569", "city": "stuttgart", "uni": "uni", "category": "bahnhoefe", "name": "Echterdingen", "adress": null, "sportart": null, "lon": 9.1693145, "lat": 48.6921433 }, "geometry": { "type": "Point", "coordinates": [ 9.1693145, 48.6921433 ] } },
{ "type": "Feature", "properties": { "id": "node/248909838", "city": "stuttgart", "uni": "uni", "category": "bahnhoefe", "name": "Stuttgart-Untertürkheim", "adress": null, "sportart": null, "lon": 9.2504725, "lat": 48.7798209 }, "geometry": { "type": "Point", "coordinates": [ 9.2504725, 48.7798209 ] } },
{ "type": "Feature", "properties": { "id": "node/263259559", "city": "stuttgart", "uni": "uni", "category": "bahnhoefe", "name": "Stuttgart-Obertürkheim", "adress": null, "sportart": null, "lon": 9.2681173, "lat": 48.7617575 }, "geometry": { "type": "Point", "coordinates": [ 9.2681173, 48.7617575 ] } },
{ "type": "Feature", "properties": { "id": "node/263346985", "city": "stuttgart", "uni": "uni", "category": "bahnhoefe", "name": "Stuttgart Nordbahnhof", "adress": null, "sportart": null, "lon": 9.188064, "lat": 48.80373 }, "geometry": { "type": "Point", "coordinates": [ 9.188064, 48.80373 ] } },
{ "type": "Feature", "properties": { "id": "node/278553741", "city": "stuttgart", "uni": "uni", "category": "bahnhoefe", "name": "Stuttgart Hauptbahnhof (tief)", "adress": null, "sportart": null, "lon": 9.1799271, "lat": 48.7830723 }, "geometry": { "type": "Point", "coordinates": [ 9.1799271, 48.7830723 ] } },
{ "type": "Feature", "properties": { "id": "node/279987129", "city": "stuttgart", "uni": "uni", "category": "bahnhoefe", "name": "Stuttgart-Zazenhausen", "adress": null, "sportart": null, "lon": 9.1995088, "lat": 48.8360504 }, "geometry": { "type": "Point", "coordinates": [ 9.1995088, 48.8360504 ] } },
{ "type": "Feature", "properties": { "id": "node/303467028", "city": "stuttgart", "uni": "uni", "category": "bahnhoefe", "name": "Stuttgart-Feuerbach", "adress": null, "sportart": null, "lon": 9.1693064, "lat": 48.813504 }, "geometry": { "type": "Point", "coordinates": [ 9.1693064, 48.813504 ] } },
{ "type": "Feature", "properties": { "id": "node/304359311", "city": "stuttgart", "uni": "uni", "category": "bahnhoefe", "name": "Weilimdorf", "adress": null, "sportart": null, "lon": 9.0944331, "lat": 48.822086 }, "geometry": { "type": "Point", "coordinates": [ 9.0944331, 48.822086 ] } },
{ "type": "Feature", "properties": { "id": "node/304367932", "city": "stuttgart", "uni": "uni", "category": "bahnhoefe", "name": "Korntal", "adress": null, "sportart": null, "lon": 9.1214162, "lat": 48.8265137 }, "geometry": { "type": "Point", "coordinates": [ 9.1214162, 48.8265137 ] } },
{ "type": "Feature", "properties": { "id": "node/997756196", "city": "stuttgart", "uni": "uni", "category": "bahnhoefe", "name": "Esslingen-Mettingen", "adress": null, "sportart": null, "lon": 9.2756947, "lat": 48.7472159 }, "geometry": { "type": "Point", "coordinates": [ 9.2756947, 48.7472159 ] } },
{ "type": "Feature", "properties": { "id": "node/1635698272", "city": "stuttgart", "uni": "uni", "category": "bahnhoefe", "name": "Stuttgart Hauptbahnhof", "adress": null, "sportart": null, "lon": 9.1833959, "lat": 48.7856099 }, "geometry": { "type": "Point", "coordinates": [ 9.1833959, 48.7856099 ] } },
{ "type": "Feature", "properties": { "id": "node/2432321160", "city": "stuttgart", "uni": "uni", "category": "bahnhoefe", "name": "Stuttgart Schwabstraße", "adress": null, "sportart": null, "lon": 9.1569698, "lat": 48.7702483 }, "geometry": { "type": "Point", "coordinates": [ 9.1569698, 48.7702483 ] } },
{ "type": "Feature", "properties": { "id": "node/2521443817", "city": "stuttgart", "uni": "uni", "category": "bahnhoefe", "name": "Stuttgart-Vaihingen", "adress": null, "sportart": null, "lon": 9.1131764, "lat": 48.7264626 }, "geometry": { "type": "Point", "coordinates": [ 9.1131764, 48.7264626 ] } },
{ "type": "Feature", "properties": { "id": "node/2661524407", "city": "stuttgart", "uni": "uni", "category": "bahnhoefe", "name": "Stuttgart-Zuffenhausen", "adress": null, "sportart": null, "lon": 9.16721, "lat": 48.8295258 }, "geometry": { "type": "Point", "coordinates": [ 9.16721, 48.8295258 ] } },
{ "type": "Feature", "properties": { "id": "node/3027565242", "city": "stuttgart", "uni": "uni", "category": "bahnhoefe", "name": "Stuttgart Feuersee", "adress": null, "sportart": null, "lon": 9.1659138, "lat": 48.7726044 }, "geometry": { "type": "Point", "coordinates": [ 9.1659138, 48.7726044 ] } },
{ "type": "Feature", "properties": { "id": "node/3034741424", "city": "stuttgart", "uni": "uni", "category": "bahnhoefe", "name": "Stuttgart Universität", "adress": null, "sportart": null, "lon": 9.105765, "lat": 48.7452713 }, "geometry": { "type": "Point", "coordinates": [ 9.105765, 48.7452713 ] } },
{ "type": "Feature", "properties": { "id": "node/3034811520", "city": "stuttgart", "uni": "uni", "category": "bahnhoefe", "name": "Stuttgart Österfeld", "adress": null, "sportart": null, "lon": 9.1167264, "lat": 48.7375038 }, "geometry": { "type": "Point", "coordinates": [ 9.1167264, 48.7375038 ] } },
{ "type": "Feature", "properties": { "id": "node/3043128922", "city": "stuttgart", "uni": "uni", "category": "bahnhoefe", "name": "Stuttgart Neuwirtshaus (Porscheplatz)", "adress": null, "sportart": null, "lon": 9.1522098, "lat": 48.8338388 }, "geometry": { "type": "Point", "coordinates": [ 9.1522098, 48.8338388 ] } },
{ "type": "Feature", "properties": { "id": "node/3043348659", "city": "stuttgart", "uni": "uni", "category": "bahnhoefe", "name": "Stuttgart-Rohr", "adress": null, "sportart": null, "lon": 9.1084072, "lat": 48.7177263 }, "geometry": { "type": "Point", "coordinates": [ 9.1084072, 48.7177263 ] } },
{ "type": "Feature", "properties": { "id": "node/3043366695", "city": "stuttgart", "uni": "uni", "category": "bahnhoefe", "name": "Oberaichen", "adress": null, "sportart": null, "lon": 9.1272836, "lat": 48.7052607 }, "geometry": { "type": "Point", "coordinates": [ 9.1272836, 48.7052607 ] } },
{ "type": "Feature", "properties": { "id": "node/3043452988", "city": "stuttgart", "uni": "uni", "category": "bahnhoefe", "name": "Bad Cannstatt", "adress": null, "sportart": null, "lon": 9.2168515, "lat": 48.8014069 }, "geometry": { "type": "Point", "coordinates": [ 9.2168515, 48.8014069 ] } },
{ "type": "Feature", "properties": { "id": "node/3045280857", "city": "stuttgart", "uni": "uni", "category": "bahnhoefe", "name": "Nürnberger Straße", "adress": null, "sportart": null, "lon": 9.2348625, "lat": 48.806375 }, "geometry": { "type": "Point", "coordinates": [ 9.2348625, 48.806375 ] } },
{ "type": "Feature", "properties": { "id": "node/3045304520", "city": "stuttgart", "uni": "uni", "category": "bahnhoefe", "name": "Sommerrain", "adress": null, "sportart": null, "lon": 9.248517, "lat": 48.8152317 }, "geometry": { "type": "Point", "coordinates": [ 9.248517, 48.8152317 ] } },
{ "type": "Feature", "properties": { "id": "node/3045348184", "city": "stuttgart", "uni": "uni", "category": "bahnhoefe", "name": "Fellbach", "adress": null, "sportart": null, "lon": 9.2707765, "lat": 48.820297 }, "geometry": { "type": "Point", "coordinates": [ 9.2707765, 48.820297 ] } },
{ "type": "Feature", "properties": { "id": "node/3045595163", "city": "stuttgart", "uni": "uni", "category": "bahnhoefe", "name": "Ditzingen", "adress": null, "sportart": null, "lon": 9.0674255, "lat": 48.8235995 }, "geometry": { "type": "Point", "coordinates": [ 9.0674255, 48.8235995 ] } },
{ "type": "Feature", "properties": { "id": "node/3055341381", "city": "stuttgart", "uni": "uni", "category": "bahnhoefe", "name": "Kornwestheim Personenbahnhof", "adress": null, "sportart": null, "lon": 9.1800732, "lat": 48.8621538 }, "geometry": { "type": "Point", "coordinates": [ 9.1800732, 48.8621538 ] } },
{ "type": "Feature", "properties": { "id": "node/3068189388", "city": "stuttgart", "uni": "uni", "category": "bahnhoefe", "name": "Stuttgart Neckarpark", "adress": null, "sportart": null, "lon": 9.2411731, "lat": 48.7918161 }, "geometry": { "type": "Point", "coordinates": [ 9.2411731, 48.7918161 ] } },
{ "type": "Feature", "properties": { "id": "node/6298426136", "city": "stuttgart", "uni": "uni", "category": "bahnhoefe", "name": "Stuttgart-Münster", "adress": null, "sportart": null, "lon": 9.2161743, "lat": 48.8207118 }, "geometry": { "type": "Point", "coordinates": [ 9.2161743, 48.8207118 ] } },
{ "type": "Feature", "properties": { "id": "node/6298426137", "city": "stuttgart", "uni": "uni", "category": "bahnhoefe", "name": "Stuttgart-Ebitzweg", "adress": null, "sportart": null, "lon": 9.2318241, "lat": 48.8037427 }, "geometry": { "type": "Point", "coordinates": [ 9.2318241, 48.8037427 ] } },
{ "type": "Feature", "properties": { "id": "relation/1585528", "city": "stuttgart", "uni": "uni", "category": "sporteinrichtungen", "name": "VfL Stuttgart-Kaltental 1886 e.V.", "adress": null, "sportart": null, "lon": 9.1415601, "lat": 48.7440283 }, "geometry": { "type": "Point", "coordinates": [ 9.1415601, 48.7440283 ] } },
{ "type": "Feature", "properties": { "id": "way/13872593", "city": "stuttgart", "uni": "uni", "category": "sporteinrichtungen", "name": "Spitalwaldhalle", "adress": "Spitalwald 1", "sportart": null, "lon": 9.2036489, "lat": 48.7466477 }, "geometry": { "type": "Point", "coordinates": [ 9.2036489, 48.7466477 ] } },
{ "type": "Feature", "properties": { "id": "way/22734562", "city": "stuttgart", "uni": "uni", "category": "sporteinrichtungen", "name": "SV Heslach", "adress": null, "sportart": null, "lon": 9.1260963, "lat": 48.763617 }, "geometry": { "type": "Point", "coordinates": [ 9.1260963, 48.763617 ] } },
{ "type": "Feature", "properties": { "id": "way/23425734", "city": "stuttgart", "uni": "uni", "category": "sporteinrichtungen", "name": "Kunstrasen Turnerbund Bad Cannstatt e.V.", "adress": null, "sportart": null, "lon": 9.2020291, "lat": 48.8158831 }, "geometry": { "type": "Point", "coordinates": [ 9.2020291, 48.8158831 ] } },
{ "type": "Feature", "properties": { "id": "way/24019333", "city": "stuttgart", "uni": "uni", "category": "sporteinrichtungen", "name": "Sportpark Himmerreich", "adress": "Vaihinger Landstraße 150", "sportart": null, "lon": 9.1193286, "lat": 48.7706553 }, "geometry": { "type": "Point", "coordinates": [ 9.1193286, 48.7706553 ] } },
{ "type": "Feature", "properties": { "id": "way/24019686", "city": "stuttgart", "uni": "uni", "category": "sporteinrichtungen", "name": "Turn- und Versammlungshalle", "adress": "Schumannstraße 10a", "sportart": null, "lon": 9.1297598, "lat": 48.778824 }, "geometry": { "type": "Point", "coordinates": [ 9.1297598, 48.778824 ] } },
{ "type": "Feature", "properties": { "id": "way/24035178", "city": "stuttgart", "uni": "uni", "category": "sporteinrichtungen", "name": "Wilhelm-Braun-Sportpark", "adress": null, "sportart": null, "lon": 9.1391689, "lat": 48.8098039 }, "geometry": { "type": "Point", "coordinates": [ 9.1391689, 48.8098039 ] } },
{ "type": "Feature", "properties": { "id": "way/24550128", "city": "stuttgart", "uni": "uni", "category": "sporteinrichtungen", "name": "Sporteinrichtung", "adress": null, "sportart": null, "lon": 9.151528, "lat": 48.7971427 }, "geometry": { "type": "Point", "coordinates": [ 9.151528, 48.7971427 ] } },
{ "type": "Feature", "properties": { "id": "way/24585993", "city": "stuttgart", "uni": "uni", "category": "sporteinrichtungen", "name": "VfR Cannstatt 1954 e.V.", "adress": "Burgholzstraße 45", "sportart": null, "lon": 9.2054442, "lat": 48.8206788 }, "geometry": { "type": "Point", "coordinates": [ 9.2054442, 48.8206788 ] } },
{ "type": "Feature", "properties": { "id": "way/24586097", "city": "stuttgart", "uni": "uni", "category": "sporteinrichtungen", "name": "FC Stuttgart", "adress": null, "sportart": null, "lon": 9.2022772, "lat": 48.8155928 }, "geometry": { "type": "Point", "coordinates": [ 9.2022772, 48.8155928 ] } },
{ "type": "Feature", "properties": { "id": "way/24590751", "city": "stuttgart", "uni": "uni", "category": "sporteinrichtungen", "name": "Tennishalle TB Cansstatt e.V.", "adress": null, "sportart": null, "lon": 9.2008222, "lat": 48.815364 }, "geometry": { "type": "Point", "coordinates": [ 9.2008222, 48.815364 ] } },
{ "type": "Feature", "properties": { "id": "way/24604837", "city": "stuttgart", "uni": "uni", "category": "sporteinrichtungen", "name": "Jahn-Sporthalle", "adress": "Wiener Straße 76A", "sportart": null, "lon": 9.1572162, "lat": 48.8117596 }, "geometry": { "type": "Point", "coordinates": [ 9.1572162, 48.8117596 ] } },
{ "type": "Feature", "properties": { "id": "way/25216374", "city": "stuttgart", "uni": "uni", "category": "sporteinrichtungen", "name": "Kunst-Turn-Forum", "adress": "Fritz-Walter-Weg 15", "sportart": null, "lon": 9.2343924, "lat": 48.7928064 }, "geometry": { "type": "Point", "coordinates": [ 9.2343924, 48.7928064 ] } },
{ "type": "Feature", "properties": { "id": "way/25344122", "city": "stuttgart", "uni": "uni", "category": "sporteinrichtungen", "name": "Hallenbad Sonnenberg", "adress": "Kremmlerstraße 1", "sportart": null, "lon": 9.1511717, "lat": 48.7396549 }, "geometry": { "type": "Point", "coordinates": [ 9.1511717, 48.7396549 ] } },
{ "type": "Feature", "properties": { "id": "way/25855872", "city": "stuttgart", "uni": "uni", "category": "sporteinrichtungen", "name": "TC Doggenburg", "adress": "Feuerbacher Heide 19/3", "sportart": null, "lon": 9.1523546, "lat": 48.7898362 }, "geometry": { "type": "Point", "coordinates": [ 9.1523546, 48.7898362 ] } },
{ "type": "Feature", "properties": { "id": "way/26737370", "city": "stuttgart", "uni": "uni", "category": "sporteinrichtungen", "name": "Powerhouse Gym", "adress": "Unter dem Birkenkopf 49", "sportart": null, "lon": 9.1381707, "lat": 48.7678313 }, "geometry": { "type": "Point", "coordinates": [ 9.1381707, 48.7678313 ] } },
{ "type": "Feature", "properties": { "id": "way/27291109", "city": "stuttgart", "uni": "uni", "category": "sporteinrichtungen", "name": "Fitness First", "adress": "Hauptstätter Straße 107", "sportart": null, "lon": 9.1726492, "lat": 48.767703 }, "geometry": { "type": "Point", "coordinates": [ 9.1726492, 48.767703 ] } },
{ "type": "Feature", "properties": { "id": "way/27951647", "city": "stuttgart", "uni": "uni", "category": "sporteinrichtungen", "name": "Stadtbad Heslach", "adress": "Mörikestraße 62", "sportart": null, "lon": 9.1611384, "lat": 48.7645821 }, "geometry": { "type": "Point", "coordinates": [ 9.1611384, 48.7645821 ] } },
{ "type": "Feature", "properties": { "id": "way/27951704", "city": "stuttgart", "uni": "uni", "category": "sporteinrichtungen", "name": "Sporthalle Süd", "adress": "Mörikestraße 66", "sportart": null, "lon": 9.1595965, "lat": 48.7643455 }, "geometry": { "type": "Point", "coordinates": [ 9.1595965, 48.7643455 ] } },
{ "type": "Feature", "properties": { "id": "way/29841988", "city": "stuttgart", "uni": "uni", "category": "sporteinrichtungen", "name": "TC Weissenhof", "adress": "Parlerstraße 102-110", "sportart": null, "lon": 9.1694411, "lat": 48.7965044 }, "geometry": { "type": "Point", "coordinates": [ 9.1694411, 48.7965044 ] } },
{ "type": "Feature", "properties": { "id": "way/30114644", "city": "stuttgart", "uni": "uni", "category": "sporteinrichtungen", "name": "Sporteinrichtung", "adress": null, "sportart": null, "lon": 9.1710211, "lat": 48.7688211 }, "geometry": { "type": "Point", "coordinates": [ 9.1710211, 48.7688211 ] } },
{ "type": "Feature", "properties": { "id": "way/30138044", "city": "stuttgart", "uni": "uni", "category": "sporteinrichtungen", "name": "Hallenbad Feuerbach", "adress": "Wiener Straße 53", "sportart": null, "lon": 9.1624375, "lat": 48.8122192 }, "geometry": { "type": "Point", "coordinates": [ 9.1624375, 48.8122192 ] } },
{ "type": "Feature", "properties": { "id": "way/30170841", "city": "stuttgart", "uni": "uni", "category": "sporteinrichtungen", "name": "Gymnastikhalle", "adress": "Vaihinger Landstraße 150/3", "sportart": null, "lon": 9.1184075, "lat": 48.770429 }, "geometry": { "type": "Point", "coordinates": [ 9.1184075, 48.770429 ] } },
{ "type": "Feature", "properties": { "id": "way/30899552", "city": "stuttgart", "uni": "uni", "category": "sporteinrichtungen", "name": "Vereinsgelände Kraftsportverein Stuttgart", "adress": null, "sportart": null, "lon": 9.1292277, "lat": 48.7501119 }, "geometry": { "type": "Point", "coordinates": [ 9.1292277, 48.7501119 ] } },
{ "type": "Feature", "properties": { "id": "way/32908214", "city": "stuttgart", "uni": "uni", "category": "sporteinrichtungen", "name": "Leo-Vetter-Bad", "adress": "Landhausstraße 192", "sportart": null, "lon": 9.2105313, "lat": 48.7844161 }, "geometry": { "type": "Point", "coordinates": [ 9.2105313, 48.7844161 ] } },
{ "type": "Feature", "properties": { "id": "way/32910160", "city": "stuttgart", "uni": "uni", "category": "sporteinrichtungen", "name": "Sporteinrichtung", "adress": null, "sportart": null, "lon": 9.2018368, "lat": 48.7656724 }, "geometry": { "type": "Point", "coordinates": [ 9.2018368, 48.7656724 ] } },
{ "type": "Feature", "properties": { "id": "way/32910182", "city": "stuttgart", "uni": "uni", "category": "sporteinrichtungen", "name": "Stuttgarter Tennisgesellschaft Geroksruhe", "adress": "Albrecht-Leo-Merz-Weg 1", "sportart": null, "lon": 9.2026902, "lat": 48.7658349 }, "geometry": { "type": "Point", "coordinates": [ 9.2026902, 48.7658349 ] } },
{ "type": "Feature", "properties": { "id": "way/33823700", "city": "stuttgart", "uni": "uni", "category": "sporteinrichtungen", "name": "moveorespiro | studio west", "adress": "Leuschnerstraße 36", "sportart": null, "lon": 9.165223, "lat": 48.7766066 }, "geometry": { "type": "Point", "coordinates": [ 9.165223, 48.7766066 ] } },
{ "type": "Feature", "properties": { "id": "way/34112894", "city": "stuttgart", "uni": "uni", "category": "sporteinrichtungen", "name": "Turnhalle Dillmann-Gymnasium", "adress": "Falkertstraße 20", "sportart": null, "lon": 9.1645868, "lat": 48.7794629 }, "geometry": { "type": "Point", "coordinates": [ 9.1645868, 48.7794629 ] } },
{ "type": "Feature", "properties": { "id": "way/35400951", "city": "stuttgart", "uni": "uni", "category": "sporteinrichtungen", "name": "Tivoli-Sporthalle", "adress": "Forststraße 15", "sportart": null, "lon": 9.165011, "lat": 48.7799018 }, "geometry": { "type": "Point", "coordinates": [ 9.165011, 48.7799018 ] } },
{ "type": "Feature", "properties": { "id": "way/36832717", "city": "stuttgart", "uni": "uni", "category": "sporteinrichtungen", "name": "ADM-Sportpark", "adress": null, "sportart": null, "lon": 9.1867547, "lat": 48.7470723 }, "geometry": { "type": "Point", "coordinates": [ 9.1867547, 48.7470723 ] } },
{ "type": "Feature", "properties": { "id": "way/37112133", "city": "stuttgart", "uni": "uni", "category": "sporteinrichtungen", "name": "Sporteinrichtung", "adress": "Schloßstraße 53B", "sportart": null, "lon": 9.1669186, "lat": 48.7776119 }, "geometry": { "type": "Point", "coordinates": [ 9.1669186, 48.7776119 ] } },
{ "type": "Feature", "properties": { "id": "way/37932312", "city": "stuttgart", "uni": "uni", "category": "sporteinrichtungen", "name": "Idogohaus Stuttgart", "adress": "Böheimstraße 47/1", "sportart": null, "lon": 9.1616447, "lat": 48.7606971 }, "geometry": { "type": "Point", "coordinates": [ 9.1616447, 48.7606971 ] } },
{ "type": "Feature", "properties": { "id": "way/38880649", "city": "stuttgart", "uni": "uni", "category": "sporteinrichtungen", "name": "Sporthalle Degerloch", "adress": null, "sportart": null, "lon": 9.1635525, "lat": 48.7414586 }, "geometry": { "type": "Point", "coordinates": [ 9.1635525, 48.7414586 ] } },
{ "type": "Feature", "properties": { "id": "way/58379516", "city": "stuttgart", "uni": "uni", "category": "sporteinrichtungen", "name": "DAV-Kletterzentrum Stuttgart", "adress": null, "sportart": null, "lon": 9.1874814, "lat": 48.7493359 }, "geometry": { "type": "Point", "coordinates": [ 9.1874814, 48.7493359 ] } },
{ "type": "Feature", "properties": { "id": "way/94170470", "city": "stuttgart", "uni": "uni", "category": "sporteinrichtungen", "name": "Sporteinrichtung", "adress": "Friedrich-Strobel-Weg 3", "sportart": null, "lon": 9.1878915, "lat": 48.7494391 }, "geometry": { "type": "Point", "coordinates": [ 9.1878915, 48.7494391 ] } },
{ "type": "Feature", "properties": { "id": "way/94170624", "city": "stuttgart", "uni": "uni", "category": "sporteinrichtungen", "name": "Ruth-Endress-Halle, tus 3", "adress": "Königsträßle 37", "sportart": null, "lon": 9.1841244, "lat": 48.7518045 }, "geometry": { "type": "Point", "coordinates": [ 9.1841244, 48.7518045 ] } },
{ "type": "Feature", "properties": { "id": "way/94170645", "city": "stuttgart", "uni": "uni", "category": "sporteinrichtungen", "name": "Sporteinrichtung", "adress": null, "sportart": null, "lon": 9.188829, "lat": 48.751092 }, "geometry": { "type": "Point", "coordinates": [ 9.188829, 48.751092 ] } },
{ "type": "Feature", "properties": { "id": "way/95740036", "city": "stuttgart", "uni": "uni", "category": "sporteinrichtungen", "name": "Turn- und Versammlungshalle", "adress": "Albstraße 70", "sportart": null, "lon": 9.1647862, "lat": 48.7426378 }, "geometry": { "type": "Point", "coordinates": [ 9.1647862, 48.7426378 ] } },
{ "type": "Feature", "properties": { "id": "way/99751743", "city": "stuttgart", "uni": "uni", "category": "sporteinrichtungen", "name": "Yoga & Pilates in der Galerie", "adress": "Friedenstraße 12", "sportart": null, "lon": 9.1929064, "lat": 48.7855685 }, "geometry": { "type": "Point", "coordinates": [ 9.1929064, 48.7855685 ] } },
{ "type": "Feature", "properties": { "id": "way/100549485", "city": "stuttgart", "uni": "uni", "category": "sporteinrichtungen", "name": "Zeppelin-Sporthalle", "adress": "Neckarstraße 149/1", "sportart": null, "lon": 9.1947345, "lat": 48.7898095 }, "geometry": { "type": "Point", "coordinates": [ 9.1947345, 48.7898095 ] } },
{ "type": "Feature", "properties": { "id": "way/102016763", "city": "stuttgart", "uni": "uni", "category": "sporteinrichtungen", "name": "Bowling Arena Sport", "adress": "Am Sportpark 9", "sportart": null, "lon": 9.1405, "lat": 48.8102785 }, "geometry": { "type": "Point", "coordinates": [ 9.1405, 48.8102785 ] } },
{ "type": "Feature", "properties": { "id": "way/103058929", "city": "stuttgart", "uni": "uni", "category": "sporteinrichtungen", "name": "Hugo-Kunzi-Sporthalle", "adress": "Am Sportpark 4", "sportart": null, "lon": 9.13514, "lat": 48.8091627 }, "geometry": { "type": "Point", "coordinates": [ 9.13514, 48.8091627 ] } },
{ "type": "Feature", "properties": { "id": "way/107477983", "city": "stuttgart", "uni": "uni", "category": "sporteinrichtungen", "name": "Stuttgarter Reit- und Fahrverein e.V.", "adress": null, "sportart": null, "lon": 9.1510416, "lat": 48.7913105 }, "geometry": { "type": "Point", "coordinates": [ 9.1510416, 48.7913105 ] } },
{ "type": "Feature", "properties": { "id": "way/107477989", "city": "stuttgart", "uni": "uni", "category": "sporteinrichtungen", "name": "Reitanlage Stuttgarter Reit- und Fahrverein e. V.", "adress": null, "sportart": null, "lon": 9.1501159, "lat": 48.7910411 }, "geometry": { "type": "Point", "coordinates": [ 9.1501159, 48.7910411 ] } },
{ "type": "Feature", "properties": { "id": "way/107735146", "city": "stuttgart", "uni": "uni", "category": "sporteinrichtungen", "name": "Sporteinrichtung", "adress": null, "sportart": null, "lon": 9.1613919, "lat": 48.7858238 }, "geometry": { "type": "Point", "coordinates": [ 9.1613919, 48.7858238 ] } },
{ "type": "Feature", "properties": { "id": "way/109849916", "city": "stuttgart", "uni": "uni", "category": "sporteinrichtungen", "name": "Woman Sports Stuttgart", "adress": "Silberburgstraße 119A", "sportart": null, "lon": 9.1649529, "lat": 48.7765756 }, "geometry": { "type": "Point", "coordinates": [ 9.1649529, 48.7765756 ] } },
{ "type": "Feature", "properties": { "id": "way/117467059", "city": "stuttgart", "uni": "uni", "category": "sporteinrichtungen", "name": "Sporteinrichtung", "adress": null, "sportart": null, "lon": 9.2240344, "lat": 48.7764864 }, "geometry": { "type": "Point", "coordinates": [ 9.2240344, 48.7764864 ] } },
{ "type": "Feature", "properties": { "id": "way/122387058", "city": "stuttgart", "uni": "uni", "category": "sporteinrichtungen", "name": "SV Cannstatt - Mombachbad", "adress": "Krefelder Straße 24", "sportart": null, "lon": 9.2142821, "lat": 48.8113496 }, "geometry": { "type": "Point", "coordinates": [ 9.2142821, 48.8113496 ] } },
{ "type": "Feature", "properties": { "id": "way/123318961", "city": "stuttgart", "uni": "uni", "category": "sporteinrichtungen", "name": "Turnhalle", "adress": null, "sportart": null, "lon": 9.1939789, "lat": 48.7815392 }, "geometry": { "type": "Point", "coordinates": [ 9.1939789, 48.7815392 ] } },
{ "type": "Feature", "properties": { "id": "way/123435372", "city": "stuttgart", "uni": "uni", "category": "sporteinrichtungen", "name": "SKG Gablenberg, Vereinsheim", "adress": "Albert-Schäffle-Straße 6", "sportart": null, "lon": 9.2032684, "lat": 48.7717238 }, "geometry": { "type": "Point", "coordinates": [ 9.2032684, 48.7717238 ] } },
{ "type": "Feature", "properties": { "id": "way/135863397", "city": "stuttgart", "uni": "uni", "category": "sporteinrichtungen", "name": "Kepler-Sporthalle", "adress": "Wilhelmstraße 30", "sportart": null, "lon": 9.2177242, "lat": 48.8065408 }, "geometry": { "type": "Point", "coordinates": [ 9.2177242, 48.8065408 ] } },
{ "type": "Feature", "properties": { "id": "way/136729363", "city": "stuttgart", "uni": "uni", "category": "sporteinrichtungen", "name": "Eiswelt Stuttgart", "adress": "Keßlerweg 8", "sportart": null, "lon": 9.1851778, "lat": 48.7512564 }, "geometry": { "type": "Point", "coordinates": [ 9.1851778, 48.7512564 ] } },
{ "type": "Feature", "properties": { "id": "way/145435261", "city": "stuttgart", "uni": "uni", "category": "sporteinrichtungen", "name": "Sporteinrichtung", "adress": null, "sportart": null, "lon": 9.1858584, "lat": 48.7810795 }, "geometry": { "type": "Point", "coordinates": [ 9.1858584, 48.7810795 ] } },
{ "type": "Feature", "properties": { "id": "way/163282619", "city": "stuttgart", "uni": "uni", "category": "sporteinrichtungen", "name": "Sporthalle", "adress": "Guts-Muths-Weg 8", "sportart": null, "lon": 9.1900435, "lat": 48.752927 }, "geometry": { "type": "Point", "coordinates": [ 9.1900435, 48.752927 ] } },
{ "type": "Feature", "properties": { "id": "way/239912470", "city": "stuttgart", "uni": "uni", "category": "sporteinrichtungen", "name": "Cannstatter Tennisclub", "adress": "Dennerstraße 36", "sportart": null, "lon": 9.2275092, "lat": 48.8077099 }, "geometry": { "type": "Point", "coordinates": [ 9.2275092, 48.8077099 ] } },
{ "type": "Feature", "properties": { "id": "way/240800729", "city": "stuttgart", "uni": "uni", "category": "sporteinrichtungen", "name": "SanoGym", "adress": "Johannesstraße 58A", "sportart": null, "lon": 9.1610967, "lat": 48.779589 }, "geometry": { "type": "Point", "coordinates": [ 9.1610967, 48.779589 ] } },
{ "type": "Feature", "properties": { "id": "way/252435072", "city": "stuttgart", "uni": "uni", "category": "sporteinrichtungen", "name": "Molly-Schauffele-Sporthalle", "adress": "Mercedesstraße 85", "sportart": null, "lon": 9.2332919, "lat": 48.793241 }, "geometry": { "type": "Point", "coordinates": [ 9.2332919, 48.793241 ] } },
{ "type": "Feature", "properties": { "id": "node/277837554", "city": "stuttgart", "uni": "uni", "category": "sporteinrichtungen", "name": "puls fit & wellnessclub", "adress": "Seidenstraße 20", "sportart": null, "lon": 9.1668525, "lat": 48.7797635 }, "geometry": { "type": "Point", "coordinates": [ 9.1668525, 48.7797635 ] } },
{ "type": "Feature", "properties": { "id": "node/277984340", "city": "stuttgart", "uni": "uni", "category": "sporteinrichtungen", "name": "Kieser Training", "adress": null, "sportart": null, "lon": 9.1652051, "lat": 48.8106026 }, "geometry": { "type": "Point", "coordinates": [ 9.1652051, 48.8106026 ] } },
{ "type": "Feature", "properties": { "id": "way/279108576", "city": "stuttgart", "uni": "uni", "category": "sporteinrichtungen", "name": "Großturnhalle Friedrich-Eugens-Gymnasium", "adress": null, "sportart": null, "lon": 9.1612375, "lat": 48.7785649 }, "geometry": { "type": "Point", "coordinates": [ 9.1612375, 48.7785649 ] } },
{ "type": "Feature", "properties": { "id": "way/295565089", "city": "stuttgart", "uni": "uni", "category": "sporteinrichtungen", "name": "Sporteinrichtung", "adress": null, "sportart": null, "lon": 9.1634012, "lat": 48.7591508 }, "geometry": { "type": "Point", "coordinates": [ 9.1634012, 48.7591508 ] } },
{ "type": "Feature", "properties": { "id": "node/309743957", "city": "stuttgart", "uni": "uni", "category": "sporteinrichtungen", "name": "Taekwon-Do Center Stuttgart", "adress": "Silberburgstraße 164", "sportart": null, "lon": 9.1679502, "lat": 48.7719503 }, "geometry": { "type": "Point", "coordinates": [ 9.1679502, 48.7719503 ] } },
{ "type": "Feature", "properties": { "id": "way/325138141", "city": "stuttgart", "uni": "uni", "category": "sporteinrichtungen", "name": "Kieser Training", "adress": "Christophstraße 6", "sportart": null, "lon": 9.1751646, "lat": 48.7718564 }, "geometry": { "type": "Point", "coordinates": [ 9.1751646, 48.7718564 ] } },
{ "type": "Feature", "properties": { "id": "way/372414547", "city": "stuttgart", "uni": "uni", "category": "sporteinrichtungen", "name": "Stuttpark", "adress": "Kegelenstraße 10", "sportart": null, "lon": 9.218032, "lat": 48.8006544 }, "geometry": { "type": "Point", "coordinates": [ 9.218032, 48.8006544 ] } },
{ "type": "Feature", "properties": { "id": "way/410838189", "city": "stuttgart", "uni": "uni", "category": "sporteinrichtungen", "name": "Tennis-Club Ameisenberg", "adress": null, "sportart": null, "lon": 9.1981491, "lat": 48.7851529 }, "geometry": { "type": "Point", "coordinates": [ 9.1981491, 48.7851529 ] } },
{ "type": "Feature", "properties": { "id": "node/412871459", "city": "stuttgart", "uni": "uni", "category": "sporteinrichtungen", "name": "Cityrock", "adress": null, "sportart": null, "lon": 9.1693628, "lat": 48.7768626 }, "geometry": { "type": "Point", "coordinates": [ 9.1693628, 48.7768626 ] } },
{ "type": "Feature", "properties": { "id": "way/436543421", "city": "stuttgart", "uni": "uni", "category": "sporteinrichtungen", "name": "Fitness First", "adress": "Daimlerstraße 67", "sportart": null, "lon": 9.2202853, "lat": 48.8019541 }, "geometry": { "type": "Point", "coordinates": [ 9.2202853, 48.8019541 ] } },
{ "type": "Feature", "properties": { "id": "way/438908085", "city": "stuttgart", "uni": "uni", "category": "sporteinrichtungen", "name": "Carl Benz Arena", "adress": null, "sportart": null, "lon": 9.2304188, "lat": 48.7931363 }, "geometry": { "type": "Point", "coordinates": [ 9.2304188, 48.7931363 ] } },
{ "type": "Feature", "properties": { "id": "way/527937253", "city": "stuttgart", "uni": "uni", "category": "sporteinrichtungen", "name": "Sporteinrichtung", "adress": "Nordbahnhofstraße 120/4", "sportart": null, "lon": 9.1921926, "lat": 48.8009261 }, "geometry": { "type": "Point", "coordinates": [ 9.1921926, 48.8009261 ] } },
{ "type": "Feature", "properties": { "id": "way/798961691", "city": "stuttgart", "uni": "uni", "category": "sporteinrichtungen", "name": "Sportbad NeckarPark", "adress": "Lenore-Volz-Straße 2", "sportart": null, "lon": 9.2230683, "lat": 48.7957411 }, "geometry": { "type": "Point", "coordinates": [ 9.2230683, 48.7957411 ] } },
{ "type": "Feature", "properties": { "id": "way/1070601468", "city": "stuttgart", "uni": "uni", "category": "sporteinrichtungen", "name": "SCHARRena", "adress": "Fritz-Walter-Weg 5", "sportart": null, "lon": 9.233298, "lat": 48.7915974 }, "geometry": { "type": "Point", "coordinates": [ 9.233298, 48.7915974 ] } },
{ "type": "Feature", "properties": { "id": "way/1332439413", "city": "stuttgart", "uni": "uni", "category": "sporteinrichtungen", "name": "Tennisschule Stuttgart Botnang", "adress": "Beethovenstraße 41", "sportart": null, "lon": 9.1341755, "lat": 48.775267 }, "geometry": { "type": "Point", "coordinates": [ 9.1341755, 48.775267 ] } },
{ "type": "Feature", "properties": { "id": "way/1388797518", "city": "stuttgart", "uni": "uni", "category": "sporteinrichtungen", "name": "Turnerbund Bad Cannstatt e.V.", "adress": "Emil-Kiemlen-Weg 51", "sportart": null, "lon": 9.2019016, "lat": 48.8152929 }, "geometry": { "type": "Point", "coordinates": [ 9.2019016, 48.8152929 ] } },
{ "type": "Feature", "properties": { "id": "node/1512905732", "city": "stuttgart", "uni": "uni", "category": "sporteinrichtungen", "name": "Johnny M", "adress": null, "sportart": null, "lon": 9.1739742, "lat": 48.8151051 }, "geometry": { "type": "Point", "coordinates": [ 9.1739742, 48.8151051 ] } },
{ "type": "Feature", "properties": { "id": "node/1725447951", "city": "stuttgart", "uni": "uni", "category": "sporteinrichtungen", "name": "ReHa Med", "adress": null, "sportart": null, "lon": 9.1641912, "lat": 48.8103132 }, "geometry": { "type": "Point", "coordinates": [ 9.1641912, 48.8103132 ] } },
{ "type": "Feature", "properties": { "id": "node/1793332438", "city": "stuttgart", "uni": "uni", "category": "sporteinrichtungen", "name": "Budo-Sportschule Stuttgart e.V.", "adress": "Hackstraße 13", "sportart": null, "lon": 9.1998546, "lat": 48.7894093 }, "geometry": { "type": "Point", "coordinates": [ 9.1998546, 48.7894093 ] } },
{ "type": "Feature", "properties": { "id": "node/1836685803", "city": "stuttgart", "uni": "uni", "category": "sporteinrichtungen", "name": "TSG Stuttgart e. V.", "adress": null, "sportart": null, "lon": 9.1891315, "lat": 48.7520892 }, "geometry": { "type": "Point", "coordinates": [ 9.1891315, 48.7520892 ] } },
{ "type": "Feature", "properties": { "id": "node/2181274498", "city": "stuttgart", "uni": "uni", "category": "sporteinrichtungen", "name": "Sporteinrichtung", "adress": "Heilbronner Straße 20", "sportart": null, "lon": 9.1808889, "lat": 48.7873243 }, "geometry": { "type": "Point", "coordinates": [ 9.1808889, 48.7873243 ] } },
{ "type": "Feature", "properties": { "id": "node/2914002803", "city": "stuttgart", "uni": "uni", "category": "sporteinrichtungen", "name": "Sportschule West", "adress": "Gutenbergstraße 16A", "sportart": null, "lon": 9.1649356, "lat": 48.7744096 }, "geometry": { "type": "Point", "coordinates": [ 9.1649356, 48.7744096 ] } },
{ "type": "Feature", "properties": { "id": "node/2977518144", "city": "stuttgart", "uni": "uni", "category": "sporteinrichtungen", "name": "City Fitness Stuttgart", "adress": "Pfarrstraße 1", "sportart": null, "lon": 9.1815208, "lat": 48.7735928 }, "geometry": { "type": "Point", "coordinates": [ 9.1815208, 48.7735928 ] } },
{ "type": "Feature", "properties": { "id": "node/3150752898", "city": "stuttgart", "uni": "uni", "category": "sporteinrichtungen", "name": "Woman Pur", "adress": "Kronenstraße 3", "sportart": null, "lon": 9.1804761, "lat": 48.781676 }, "geometry": { "type": "Point", "coordinates": [ 9.1804761, 48.781676 ] } },
{ "type": "Feature", "properties": { "id": "node/3154663158", "city": "stuttgart", "uni": "uni", "category": "sporteinrichtungen", "name": "Mrs. Sporty", "adress": "Johannesstraße 33", "sportart": null, "lon": 9.1617069, "lat": 48.7769319 }, "geometry": { "type": "Point", "coordinates": [ 9.1617069, 48.7769319 ] } },
{ "type": "Feature", "properties": { "id": "node/3211616575", "city": "stuttgart", "uni": "uni", "category": "sporteinrichtungen", "name": "Sporteinrichtung", "adress": "Hospitalstraße", "sportart": null, "lon": 9.1729971, "lat": 48.7772915 }, "geometry": { "type": "Point", "coordinates": [ 9.1729971, 48.7772915 ] } },
{ "type": "Feature", "properties": { "id": "node/3301190091", "city": "stuttgart", "uni": "uni", "category": "sporteinrichtungen", "name": "Pilates New York", "adress": null, "sportart": null, "lon": 9.2076119, "lat": 48.7849863 }, "geometry": { "type": "Point", "coordinates": [ 9.2076119, 48.7849863 ] } },
{ "type": "Feature", "properties": { "id": "node/3302627647", "city": "stuttgart", "uni": "uni", "category": "sporteinrichtungen", "name": "Jumpers", "adress": null, "sportart": null, "lon": 9.1660208, "lat": 48.7397235 }, "geometry": { "type": "Point", "coordinates": [ 9.1660208, 48.7397235 ] } },
{ "type": "Feature", "properties": { "id": "node/3306240068", "city": "stuttgart", "uni": "uni", "category": "sporteinrichtungen", "name": "Elements Paulinenbrücke", "adress": "Feinstraße 4", "sportart": null, "lon": 9.173303, "lat": 48.7696907 }, "geometry": { "type": "Point", "coordinates": [ 9.173303, 48.7696907 ] } },
{ "type": "Feature", "properties": { "id": "node/3341904098", "city": "stuttgart", "uni": "uni", "category": "sporteinrichtungen", "name": "Jonny M. Club S33", "adress": null, "sportart": null, "lon": 9.1743336, "lat": 48.8141889 }, "geometry": { "type": "Point", "coordinates": [ 9.1743336, 48.8141889 ] } },
{ "type": "Feature", "properties": { "id": "node/3625886625", "city": "stuttgart", "uni": "uni", "category": "sporteinrichtungen", "name": "P9 Pilates Studio", "adress": null, "sportart": null, "lon": 9.2085309, "lat": 48.7965275 }, "geometry": { "type": "Point", "coordinates": [ 9.2085309, 48.7965275 ] } },
{ "type": "Feature", "properties": { "id": "node/3712873192", "city": "stuttgart", "uni": "uni", "category": "sporteinrichtungen", "name": "Turn- & Versammlungshalle Hallschlag", "adress": null, "sportart": null, "lon": 9.2103582, "lat": 48.8129958 }, "geometry": { "type": "Point", "coordinates": [ 9.2103582, 48.8129958 ] } },
{ "type": "Feature", "properties": { "id": "node/3732624914", "city": "stuttgart", "uni": "uni", "category": "sporteinrichtungen", "name": "McFit", "adress": "Heilbronner Straße 391", "sportart": null, "lon": 9.1722824, "lat": 48.8214724 }, "geometry": { "type": "Point", "coordinates": [ 9.1722824, 48.8214724 ] } },
{ "type": "Feature", "properties": { "id": "node/3772234741", "city": "stuttgart", "uni": "uni", "category": "sporteinrichtungen", "name": "Bodystreet", "adress": "Rotebühlstraße 118", "sportart": null, "lon": 9.156485, "lat": 48.7703047 }, "geometry": { "type": "Point", "coordinates": [ 9.156485, 48.7703047 ] } },
{ "type": "Feature", "properties": { "id": "node/3784336071", "city": "stuttgart", "uni": "uni", "category": "sporteinrichtungen", "name": "zeitstark", "adress": null, "sportart": null, "lon": 9.1679365, "lat": 48.8118266 }, "geometry": { "type": "Point", "coordinates": [ 9.1679365, 48.8118266 ] } },
{ "type": "Feature", "properties": { "id": "node/3837225962", "city": "stuttgart", "uni": "uni", "category": "sporteinrichtungen", "name": "Yoga West", "adress": "Schwabstraße 12A", "sportart": null, "lon": 9.1594735, "lat": 48.768966 }, "geometry": { "type": "Point", "coordinates": [ 9.1594735, 48.768966 ] } },
{ "type": "Feature", "properties": { "id": "node/3896463893", "city": "stuttgart", "uni": "uni", "category": "sporteinrichtungen", "name": "Fitbox", "adress": "Bebelstraße 10", "sportart": null, "lon": 9.1582989, "lat": 48.7752574 }, "geometry": { "type": "Point", "coordinates": [ 9.1582989, 48.7752574 ] } },
{ "type": "Feature", "properties": { "id": "node/4153239378", "city": "stuttgart", "uni": "uni", "category": "sporteinrichtungen", "name": "Ayris", "adress": "Rotebühlstraße 121", "sportart": null, "lon": 9.1591955, "lat": 48.7707158 }, "geometry": { "type": "Point", "coordinates": [ 9.1591955, 48.7707158 ] } },
{ "type": "Feature", "properties": { "id": "node/4711988401", "city": "stuttgart", "uni": "uni", "category": "sporteinrichtungen", "name": "puls fit & wellnessclub", "adress": "Am Kochenhof 12", "sportart": null, "lon": 9.171823, "lat": 48.7996732 }, "geometry": { "type": "Point", "coordinates": [ 9.171823, 48.7996732 ] } },
{ "type": "Feature", "properties": { "id": "node/4718955180", "city": "stuttgart", "uni": "uni", "category": "sporteinrichtungen", "name": "McFit", "adress": "Wilhelmsplatz 11", "sportart": null, "lon": 9.1779325, "lat": 48.7711908 }, "geometry": { "type": "Point", "coordinates": [ 9.1779325, 48.7711908 ] } },
{ "type": "Feature", "properties": { "id": "node/4793613226", "city": "stuttgart", "uni": "uni", "category": "sporteinrichtungen", "name": "Stallion Fit", "adress": "Grenzstraße 3", "sportart": null, "lon": 9.168503, "lat": 48.8251696 }, "geometry": { "type": "Point", "coordinates": [ 9.168503, 48.8251696 ] } },
{ "type": "Feature", "properties": { "id": "node/5207433462", "city": "stuttgart", "uni": "uni", "category": "sporteinrichtungen", "name": "Kart-o-Mania", "adress": null, "sportart": null, "lon": 9.2339853, "lat": 48.7822711 }, "geometry": { "type": "Point", "coordinates": [ 9.2339853, 48.7822711 ] } },
{ "type": "Feature", "properties": { "id": "node/5209623390", "city": "stuttgart", "uni": "uni", "category": "sporteinrichtungen", "name": "Yoginzky", "adress": null, "sportart": null, "lon": 9.1773232, "lat": 48.784888 }, "geometry": { "type": "Point", "coordinates": [ 9.1773232, 48.784888 ] } },
{ "type": "Feature", "properties": { "id": "node/5704043278", "city": "stuttgart", "uni": "uni", "category": "sporteinrichtungen", "name": "Vertical Arts - Pole & Hoop", "adress": "Olgastraße 48", "sportart": null, "lon": 9.1845556, "lat": 48.7737156 }, "geometry": { "type": "Point", "coordinates": [ 9.1845556, 48.7737156 ] } },
{ "type": "Feature", "properties": { "id": "node/5747511537", "city": "stuttgart", "uni": "uni", "category": "sporteinrichtungen", "name": "SportCodex.de", "adress": "Siemensstraße 96", "sportart": null, "lon": 9.1692093, "lat": 48.8152651 }, "geometry": { "type": "Point", "coordinates": [ 9.1692093, 48.8152651 ] } },
{ "type": "Feature", "properties": { "id": "node/5902511487", "city": "stuttgart", "uni": "uni", "category": "sporteinrichtungen", "name": "Sporthalle Ostheimer Realschule", "adress": null, "sportart": null, "lon": 9.2033732, "lat": 48.7882512 }, "geometry": { "type": "Point", "coordinates": [ 9.2033732, 48.7882512 ] } },
{ "type": "Feature", "properties": { "id": "node/5967028017", "city": "stuttgart", "uni": "uni", "category": "sporteinrichtungen", "name": "Yoga Vidya", "adress": null, "sportart": null, "lon": 9.1628686, "lat": 48.7693586 }, "geometry": { "type": "Point", "coordinates": [ 9.1628686, 48.7693586 ] } },
{ "type": "Feature", "properties": { "id": "node/6131112885", "city": "stuttgart", "uni": "uni", "category": "sporteinrichtungen", "name": "JONNY M. Club Women West", "adress": null, "sportart": null, "lon": 9.1559527, "lat": 48.7795091 }, "geometry": { "type": "Point", "coordinates": [ 9.1559527, 48.7795091 ] } },
{ "type": "Feature", "properties": { "id": "node/6344554811", "city": "stuttgart", "uni": "uni", "category": "sporteinrichtungen", "name": "Gym10", "adress": null, "sportart": null, "lon": 9.2144869, "lat": 48.8011733 }, "geometry": { "type": "Point", "coordinates": [ 9.2144869, 48.8011733 ] } },
{ "type": "Feature", "properties": { "id": "node/6501851157", "city": "stuttgart", "uni": "uni", "category": "sporteinrichtungen", "name": "Aurum", "adress": null, "sportart": null, "lon": 9.1632215, "lat": 48.7717765 }, "geometry": { "type": "Point", "coordinates": [ 9.1632215, 48.7717765 ] } },
{ "type": "Feature", "properties": { "id": "node/7004159631", "city": "stuttgart", "uni": "uni", "category": "sporteinrichtungen", "name": "Vitacampus", "adress": null, "sportart": null, "lon": 9.1251235, "lat": 48.7772387 }, "geometry": { "type": "Point", "coordinates": [ 9.1251235, 48.7772387 ] } },
{ "type": "Feature", "properties": { "id": "node/7154575591", "city": "stuttgart", "uni": "uni", "category": "sporteinrichtungen", "name": "AikiStuttgart", "adress": "Eisenbahnstraße 22", "sportart": null, "lon": 9.2144385, "lat": 48.8028124 }, "geometry": { "type": "Point", "coordinates": [ 9.2144385, 48.8028124 ] } },
{ "type": "Feature", "properties": { "id": "node/8986504714", "city": "stuttgart", "uni": "uni", "category": "sporteinrichtungen", "name": "Fitbox", "adress": null, "sportart": null, "lon": 9.1665842, "lat": 48.7726401 }, "geometry": { "type": "Point", "coordinates": [ 9.1665842, 48.7726401 ] } },
{ "type": "Feature", "properties": { "id": "node/9844421874", "city": "stuttgart", "uni": "uni", "category": "sporteinrichtungen", "name": "Move Factory Gym", "adress": "Kornbergstraße 11", "sportart": null, "lon": 9.1622383, "lat": 48.7836734 }, "geometry": { "type": "Point", "coordinates": [ 9.1622383, 48.7836734 ] } },
{ "type": "Feature", "properties": { "id": "node/9956593435", "city": "stuttgart", "uni": "uni", "category": "sporteinrichtungen", "name": "SoleBad Bad Cannstatt", "adress": "Sulzerrainstraße 2", "sportart": null, "lon": 9.2228372, "lat": 48.8093392 }, "geometry": { "type": "Point", "coordinates": [ 9.2228372, 48.8093392 ] } },
{ "type": "Feature", "properties": { "id": "node/10080599773", "city": "stuttgart", "uni": "uni", "category": "sporteinrichtungen", "name": "Sporteinrichtung", "adress": null, "sportart": null, "lon": 9.140849, "lat": 48.7439392 }, "geometry": { "type": "Point", "coordinates": [ 9.140849, 48.7439392 ] } },
{ "type": "Feature", "properties": { "id": "node/10697136213", "city": "stuttgart", "uni": "uni", "category": "sporteinrichtungen", "name": "Personal Trainer Dimitri Rutansky", "adress": "Fuchseckstraße 21b", "sportart": null, "lon": 9.2072436, "lat": 48.7816438 }, "geometry": { "type": "Point", "coordinates": [ 9.2072436, 48.7816438 ] } },
{ "type": "Feature", "properties": { "id": "node/11070676839", "city": "stuttgart", "uni": "uni", "category": "sporteinrichtungen", "name": "Unique Fitnessclub Stuttgart", "adress": "Rotenwaldstraße 140", "sportart": null, "lon": 9.1467364, "lat": 48.7680638 }, "geometry": { "type": "Point", "coordinates": [ 9.1467364, 48.7680638 ] } },
{ "type": "Feature", "properties": { "id": "node/11329535769", "city": "stuttgart", "uni": "uni", "category": "sporteinrichtungen", "name": "JONNY M. Club Königstraße", "adress": "Königstraße 32", "sportart": null, "lon": 9.1771519, "lat": 48.7780158 }, "geometry": { "type": "Point", "coordinates": [ 9.1771519, 48.7780158 ] } },
{ "type": "Feature", "properties": { "id": "node/11497948115", "city": "stuttgart", "uni": "uni", "category": "sporteinrichtungen", "name": "Bodystreet", "adress": "Olgastraße 48", "sportart": null, "lon": 9.1844799, "lat": 48.7736412 }, "geometry": { "type": "Point", "coordinates": [ 9.1844799, 48.7736412 ] } },
{ "type": "Feature", "properties": { "id": "node/11531745393", "city": "stuttgart", "uni": "uni", "category": "sporteinrichtungen", "name": "Jonny M.", "adress": null, "sportart": null, "lon": 9.1801759, "lat": 48.7873981 }, "geometry": { "type": "Point", "coordinates": [ 9.1801759, 48.7873981 ] } },
{ "type": "Feature", "properties": { "id": "node/11540722896", "city": "stuttgart", "uni": "uni", "category": "sporteinrichtungen", "name": "Olympiastützpunkt Stuttgart", "adress": null, "sportart": null, "lon": 9.23222, "lat": 48.7937332 }, "geometry": { "type": "Point", "coordinates": [ 9.23222, 48.7937332 ] } },
{ "type": "Feature", "properties": { "id": "node/11848282449", "city": "stuttgart", "uni": "uni", "category": "sporteinrichtungen", "name": "PandActive", "adress": null, "sportart": null, "lon": 9.1814296, "lat": 48.7737612 }, "geometry": { "type": "Point", "coordinates": [ 9.1814296, 48.7737612 ] } },
{ "type": "Feature", "properties": { "id": "node/12475948919", "city": "stuttgart", "uni": "uni", "category": "sporteinrichtungen", "name": "Bewegungswelt Waldau", "adress": "Georgiiweg 7", "sportart": null, "lon": 9.1875129, "lat": 48.7514001 }, "geometry": { "type": "Point", "coordinates": [ 9.1875129, 48.7514001 ] } },
{ "type": "Feature", "properties": { "id": "node/12618556280", "city": "stuttgart", "uni": "uni", "category": "sporteinrichtungen", "name": "Marimeckfit", "adress": "Bebelstraße 80", "sportart": null, "lon": 9.1469227, "lat": 48.774852 }, "geometry": { "type": "Point", "coordinates": [ 9.1469227, 48.774852 ] } },
{ "type": "Feature", "properties": { "id": "node/12941932839", "city": "stuttgart", "uni": "uni", "category": "sporteinrichtungen", "name": "MG fitness", "adress": null, "sportart": null, "lon": 9.1588143, "lat": 48.7722953 }, "geometry": { "type": "Point", "coordinates": [ 9.1588143, 48.7722953 ] } },
{ "type": "Feature", "properties": { "id": "node/13022691031", "city": "stuttgart", "uni": "uni", "category": "sporteinrichtungen", "name": "top sports", "adress": null, "sportart": null, "lon": 9.1632858, "lat": 48.7477222 }, "geometry": { "type": "Point", "coordinates": [ 9.1632858, 48.7477222 ] } },
{ "type": "Feature", "properties": { "id": "node/13048226401", "city": "stuttgart", "uni": "uni", "category": "sporteinrichtungen", "name": "East-Side-Gym", "adress": "Ostendstraße 106", "sportart": null, "lon": 9.20759, "lat": 48.7821667 }, "geometry": { "type": "Point", "coordinates": [ 9.20759, 48.7821667 ] } },
{ "type": "Feature", "properties": { "id": "node/13100231201", "city": "stuttgart", "uni": "uni", "category": "sporteinrichtungen", "name": "East-Side-Gym", "adress": "Ostendstraße 106", "sportart": null, "lon": 9.2076032, "lat": 48.7821869 }, "geometry": { "type": "Point", "coordinates": [ 9.2076032, 48.7821869 ] } },
{ "type": "Feature", "properties": { "id": "node/13134050901", "city": "stuttgart", "uni": "uni", "category": "sporteinrichtungen", "name": "Yoga Loft Süd", "adress": null, "sportart": null, "lon": 9.1742614, "lat": 48.7679169 }, "geometry": { "type": "Point", "coordinates": [ 9.1742614, 48.7679169 ] } },
{ "type": "Feature", "properties": { "id": "node/13251693581", "city": "stuttgart", "uni": "uni", "category": "sporteinrichtungen", "name": "Yogastudio Hanna Heinen", "adress": "Brählesgasse 15", "sportart": null, "lon": 9.2130203, "lat": 48.8049316 }, "geometry": { "type": "Point", "coordinates": [ 9.2130203, 48.8049316 ] } },
{ "type": "Feature", "properties": { "id": "node/13252482546", "city": "stuttgart", "uni": "uni", "category": "sporteinrichtungen", "name": "FT-Club", "adress": null, "sportart": null, "lon": 9.1752458, "lat": 48.7746125 }, "geometry": { "type": "Point", "coordinates": [ 9.1752458, 48.7746125 ] } },
{ "type": "Feature", "properties": { "id": "node/13345614001", "city": "stuttgart", "uni": "uni", "category": "sporteinrichtungen", "name": "MTV Motiv", "adress": "Furtwänglerstraße 147", "sportart": null, "lon": 9.1314232, "lat": 48.7860696 }, "geometry": { "type": "Point", "coordinates": [ 9.1314232, 48.7860696 ] } },
{ "type": "Feature", "properties": { "id": "node/13483783890", "city": "stuttgart", "uni": "uni", "category": "sporteinrichtungen", "name": "Mamagold", "adress": "Senefelderstraße 99B", "sportart": null, "lon": 9.1570738, "lat": 48.7794168 }, "geometry": { "type": "Point", "coordinates": [ 9.1570738, 48.7794168 ] } },
{ "type": "Feature", "properties": { "id": "relation/1533949", "city": "stuttgart", "uni": "uni", "category": "wohnheime", "name": "Wohnheim", "adress": "Zamenhofstraße 32", "sportart": null, "lon": 9.1387099, "lat": 48.7706387 }, "geometry": { "type": "Point", "coordinates": [ 9.1387099, 48.7706387 ] } },
{ "type": "Feature", "properties": { "id": "way/23691226", "city": "stuttgart", "uni": "uni", "category": "wohnheime", "name": "Wohnheim", "adress": "Pfaffenwaldring 50A", "sportart": null, "lon": 9.1019302, "lat": 48.7462609 }, "geometry": { "type": "Point", "coordinates": [ 9.1019302, 48.7462609 ] } },
{ "type": "Feature", "properties": { "id": "way/23691228", "city": "stuttgart", "uni": "uni", "category": "wohnheime", "name": "Wohnheim", "adress": "Pfaffenwaldring 48C", "sportart": null, "lon": 9.1001129, "lat": 48.7463985 }, "geometry": { "type": "Point", "coordinates": [ 9.1001129, 48.7463985 ] } },
{ "type": "Feature", "properties": { "id": "way/23691229", "city": "stuttgart", "uni": "uni", "category": "wohnheime", "name": "Wohnheim", "adress": "Pfaffenwaldring 46A", "sportart": null, "lon": 9.1006658, "lat": 48.747016 }, "geometry": { "type": "Point", "coordinates": [ 9.1006658, 48.747016 ] } },
{ "type": "Feature", "properties": { "id": "way/23691230", "city": "stuttgart", "uni": "uni", "category": "wohnheime", "name": "Wohnheim", "adress": "Pfaffenwaldring 44E", "sportart": null, "lon": 9.1012168, "lat": 48.7468097 }, "geometry": { "type": "Point", "coordinates": [ 9.1012168, 48.7468097 ] } },
{ "type": "Feature", "properties": { "id": "way/23691231", "city": "stuttgart", "uni": "uni", "category": "wohnheime", "name": "Wohnheim", "adress": "Pfaffenwaldring 42B", "sportart": null, "lon": 9.1022037, "lat": 48.7469961 }, "geometry": { "type": "Point", "coordinates": [ 9.1022037, 48.7469961 ] } },
{ "type": "Feature", "properties": { "id": "way/23691959", "city": "stuttgart", "uni": "uni", "category": "wohnheime", "name": "Wohnheim", "adress": "Allmandring 26A", "sportart": null, "lon": 9.0964397, "lat": 48.7440261 }, "geometry": { "type": "Point", "coordinates": [ 9.0964397, 48.7440261 ] } },
{ "type": "Feature", "properties": { "id": "way/23712182", "city": "stuttgart", "uni": "uni", "category": "wohnheime", "name": "Wohnheim", "adress": "Allmandring 22C", "sportart": null, "lon": 9.097874, "lat": 48.7447087 }, "geometry": { "type": "Point", "coordinates": [ 9.097874, 48.7447087 ] } },
{ "type": "Feature", "properties": { "id": "way/23712183", "city": "stuttgart", "uni": "uni", "category": "wohnheime", "name": "Wohnheim", "adress": "Allmandring 22D", "sportart": null, "lon": 9.0979366, "lat": 48.744501 }, "geometry": { "type": "Point", "coordinates": [ 9.0979366, 48.744501 ] } },
{ "type": "Feature", "properties": { "id": "way/23712184", "city": "stuttgart", "uni": "uni", "category": "wohnheime", "name": "Wohnheim", "adress": "Allmandring 22A", "sportart": null, "lon": 9.0982394, "lat": 48.7447832 }, "geometry": { "type": "Point", "coordinates": [ 9.0982394, 48.7447832 ] } },
{ "type": "Feature", "properties": { "id": "way/23712185", "city": "stuttgart", "uni": "uni", "category": "wohnheime", "name": "Wohnheim", "adress": "Allmandring 18D", "sportart": null, "lon": 9.0983463, "lat": 48.7445472 }, "geometry": { "type": "Point", "coordinates": [ 9.0983463, 48.7445472 ] } },
{ "type": "Feature", "properties": { "id": "way/23712186", "city": "stuttgart", "uni": "uni", "category": "wohnheime", "name": "Wohnheim", "adress": "Allmandring 20D", "sportart": null, "lon": 9.0986073, "lat": 48.7449079 }, "geometry": { "type": "Point", "coordinates": [ 9.0986073, 48.7449079 ] } },
{ "type": "Feature", "properties": { "id": "way/23712187", "city": "stuttgart", "uni": "uni", "category": "wohnheime", "name": "Wohnheim", "adress": "Allmandring 20C", "sportart": null, "lon": 9.0985435, "lat": 48.7451147 }, "geometry": { "type": "Point", "coordinates": [ 9.0985435, 48.7451147 ] } },
{ "type": "Feature", "properties": { "id": "way/23712188", "city": "stuttgart", "uni": "uni", "category": "wohnheime", "name": "Wohnheim", "adress": "Allmandring 20A", "sportart": null, "lon": 9.0989094, "lat": 48.7451897 }, "geometry": { "type": "Point", "coordinates": [ 9.0989094, 48.7451897 ] } },
{ "type": "Feature", "properties": { "id": "way/23712189", "city": "stuttgart", "uni": "uni", "category": "wohnheime", "name": "Wohnheim", "adress": "Allmandring 16B", "sportart": null, "lon": 9.0992732, "lat": 48.7452376 }, "geometry": { "type": "Point", "coordinates": [ 9.0992732, 48.7452376 ] } },
{ "type": "Feature", "properties": { "id": "way/23712190", "city": "stuttgart", "uni": "uni", "category": "wohnheime", "name": "Wohnheim", "adress": "Allmandring 16A", "sportart": null, "lon": 9.0993366, "lat": 48.745021 }, "geometry": { "type": "Point", "coordinates": [ 9.0993366, 48.745021 ] } },
{ "type": "Feature", "properties": { "id": "way/23712191", "city": "stuttgart", "uni": "uni", "category": "wohnheime", "name": "Wohnheim", "adress": "Allmandring 16C", "sportart": null, "lon": 9.0990183, "lat": 48.7449697 }, "geometry": { "type": "Point", "coordinates": [ 9.0990183, 48.7449697 ] } },
{ "type": "Feature", "properties": { "id": "way/23712192", "city": "stuttgart", "uni": "uni", "category": "wohnheime", "name": "Wohnheim", "adress": "Allmandring 18C", "sportart": null, "lon": 9.0986628, "lat": 48.7446094 }, "geometry": { "type": "Point", "coordinates": [ 9.0986628, 48.7446094 ] } },
{ "type": "Feature", "properties": { "id": "way/23712193", "city": "stuttgart", "uni": "uni", "category": "wohnheime", "name": "Wohnheim", "adress": "Allmandring 18A", "sportart": null, "lon": 9.0990317, "lat": 48.7446662 }, "geometry": { "type": "Point", "coordinates": [ 9.0990317, 48.7446662 ] } },
{ "type": "Feature", "properties": { "id": "way/23712194", "city": "stuttgart", "uni": "uni", "category": "wohnheime", "name": "Wohnheim", "adress": "Allmandring 14C", "sportart": null, "lon": 9.0993971, "lat": 48.7447803 }, "geometry": { "type": "Point", "coordinates": [ 9.0993971, 48.7447803 ] } },
{ "type": "Feature", "properties": { "id": "way/23712195", "city": "stuttgart", "uni": "uni", "category": "wohnheime", "name": "Wohnheim", "adress": "Allmandring 14A", "sportart": null, "lon": 9.0997633, "lat": 48.744809 }, "geometry": { "type": "Point", "coordinates": [ 9.0997633, 48.744809 ] } },
{ "type": "Feature", "properties": { "id": "way/23712197", "city": "stuttgart", "uni": "uni", "category": "wohnheime", "name": "Wohnheim", "adress": "Allmandring 8E", "sportart": null, "lon": 9.1002248, "lat": 48.744886 }, "geometry": { "type": "Point", "coordinates": [ 9.1002248, 48.744886 ] } },
{ "type": "Feature", "properties": { "id": "way/23712198", "city": "stuttgart", "uni": "uni", "category": "wohnheime", "name": "Wohnheim", "adress": "Allmandring 8D", "sportart": null, "lon": 9.1005354, "lat": 48.7449149 }, "geometry": { "type": "Point", "coordinates": [ 9.1005354, 48.7449149 ] } },
{ "type": "Feature", "properties": { "id": "way/23712199", "city": "stuttgart", "uni": "uni", "category": "wohnheime", "name": "Wohnheim", "adress": "Allmandring 8B", "sportart": null, "lon": 9.1009005, "lat": 48.7449481 }, "geometry": { "type": "Point", "coordinates": [ 9.1009005, 48.7449481 ] } },
{ "type": "Feature", "properties": { "id": "way/23712200", "city": "stuttgart", "uni": "uni", "category": "wohnheime", "name": "Wohnheim", "adress": "Allmandring 12A", "sportart": null, "lon": 9.1006624, "lat": 48.7452104 }, "geometry": { "type": "Point", "coordinates": [ 9.1006624, 48.7452104 ] } },
{ "type": "Feature", "properties": { "id": "way/23712201", "city": "stuttgart", "uni": "uni", "category": "wohnheime", "name": "Wohnheim", "adress": "Allmandring 12B", "sportart": null, "lon": 9.100346, "lat": 48.7451851 }, "geometry": { "type": "Point", "coordinates": [ 9.100346, 48.7451851 ] } },
{ "type": "Feature", "properties": { "id": "way/23712202", "city": "stuttgart", "uni": "uni", "category": "wohnheime", "name": "Wohnheim", "adress": "Allmandring 12C", "sportart": null, "lon": 9.1002836, "lat": 48.7453919 }, "geometry": { "type": "Point", "coordinates": [ 9.1002836, 48.7453919 ] } },
{ "type": "Feature", "properties": { "id": "way/23712203", "city": "stuttgart", "uni": "uni", "category": "wohnheime", "name": "Wohnheim", "adress": "Allmandring 12E", "sportart": null, "lon": 9.0999179, "lat": 48.7453244 }, "geometry": { "type": "Point", "coordinates": [ 9.0999179, 48.7453244 ] } },
{ "type": "Feature", "properties": { "id": "way/23712204", "city": "stuttgart", "uni": "uni", "category": "wohnheime", "name": "Wohnheim", "adress": "Allmandring 10D", "sportart": null, "lon": 9.1006427, "lat": 48.7454479 }, "geometry": { "type": "Point", "coordinates": [ 9.1006427, 48.7454479 ] } },
{ "type": "Feature", "properties": { "id": "way/23712205", "city": "stuttgart", "uni": "uni", "category": "wohnheime", "name": "Wohnheim", "adress": "Allmandring 10B", "sportart": null, "lon": 9.1010115, "lat": 48.7454957 }, "geometry": { "type": "Point", "coordinates": [ 9.1010115, 48.7454957 ] } },
{ "type": "Feature", "properties": { "id": "way/23712206", "city": "stuttgart", "uni": "uni", "category": "wohnheime", "name": "Wohnheim", "adress": "Allmandring 10A", "sportart": null, "lon": 9.1010729, "lat": 48.7452887 }, "geometry": { "type": "Point", "coordinates": [ 9.1010729, 48.7452887 ] } },
{ "type": "Feature", "properties": { "id": "way/23838844", "city": "stuttgart", "uni": "uni", "category": "wohnheime", "name": "Wohnheim", "adress": "Allmandring 3E", "sportart": null, "lon": 9.1007411, "lat": 48.7431088 }, "geometry": { "type": "Point", "coordinates": [ 9.1007411, 48.7431088 ] } },
{ "type": "Feature", "properties": { "id": "way/24019384", "city": "stuttgart", "uni": "uni", "category": "wohnheime", "name": "Karl-Wacker-Heim", "adress": "Vaihinger Landstraße 123", "sportart": null, "lon": 9.1235309, "lat": 48.7718398 }, "geometry": { "type": "Point", "coordinates": [ 9.1235309, 48.7718398 ] } },
{ "type": "Feature", "properties": { "id": "way/25595955", "city": "stuttgart", "uni": "uni", "category": "wohnheime", "name": "Max-Kade-Haus", "adress": "Holzgartenstraße 9A", "sportart": null, "lon": 9.1698232, "lat": 48.7804584 }, "geometry": { "type": "Point", "coordinates": [ 9.1698232, 48.7804584 ] } },
{ "type": "Feature", "properties": { "id": "way/28080175", "city": "stuttgart", "uni": "uni", "category": "wohnheime", "name": "Wohnheim", "adress": "Ludwigstraße 17", "sportart": null, "lon": 9.1641378, "lat": 48.7747273 }, "geometry": { "type": "Point", "coordinates": [ 9.1641378, 48.7747273 ] } },
{ "type": "Feature", "properties": { "id": "way/32594602", "city": "stuttgart", "uni": "uni", "category": "wohnheime", "name": "Wohnheim", "adress": "Universitätsstraße 80", "sportart": null, "lon": 9.1021878, "lat": 48.7422619 }, "geometry": { "type": "Point", "coordinates": [ 9.1021878, 48.7422619 ] } },
{ "type": "Feature", "properties": { "id": "way/32594608", "city": "stuttgart", "uni": "uni", "category": "wohnheime", "name": "Wohnheim", "adress": "Universitätsstraße 104A", "sportart": null, "lon": 9.1028693, "lat": 48.742114 }, "geometry": { "type": "Point", "coordinates": [ 9.1028693, 48.742114 ] } },
{ "type": "Feature", "properties": { "id": "way/32594673", "city": "stuttgart", "uni": "uni", "category": "wohnheime", "name": "Wohnheim", "adress": "Pfaffenwaldring 76C", "sportart": null, "lon": 9.1022907, "lat": 48.7432134 }, "geometry": { "type": "Point", "coordinates": [ 9.1022907, 48.7432134 ] } },
{ "type": "Feature", "properties": { "id": "way/32594687", "city": "stuttgart", "uni": "uni", "category": "wohnheime", "name": "Wohnheim", "adress": "Pfaffenwaldring 64A", "sportart": null, "lon": 9.102479, "lat": 48.7434298 }, "geometry": { "type": "Point", "coordinates": [ 9.102479, 48.7434298 ] } },
{ "type": "Feature", "properties": { "id": "way/33514107", "city": "stuttgart", "uni": "uni", "category": "wohnheime", "name": "Studierendenwohnheim Bauhäusle", "adress": "Allmandring 15", "sportart": null, "lon": 9.0973266, "lat": 48.7436218 }, "geometry": { "type": "Point", "coordinates": [ 9.0973266, 48.7436218 ] } },
{ "type": "Feature", "properties": { "id": "way/35678086", "city": "stuttgart", "uni": "uni", "category": "wohnheime", "name": "Wohnheim", "adress": "Paracelsusweg 8", "sportart": null, "lon": 9.2558906, "lat": 48.7403668 }, "geometry": { "type": "Point", "coordinates": [ 9.2558906, 48.7403668 ] } },
{ "type": "Feature", "properties": { "id": "way/43121906", "city": "stuttgart", "uni": "uni", "category": "wohnheime", "name": "Wohnheim", "adress": "Allmandring 3G", "sportart": null, "lon": 9.1009162, "lat": 48.7426325 }, "geometry": { "type": "Point", "coordinates": [ 9.1009162, 48.7426325 ] } },
{ "type": "Feature", "properties": { "id": "way/43121908", "city": "stuttgart", "uni": "uni", "category": "wohnheime", "name": "Wohnheim", "adress": "Allmandring 3I", "sportart": null, "lon": 9.1001524, "lat": 48.7426689 }, "geometry": { "type": "Point", "coordinates": [ 9.1001524, 48.7426689 ] } },
{ "type": "Feature", "properties": { "id": "way/43121909", "city": "stuttgart", "uni": "uni", "category": "wohnheime", "name": "Wohnheim", "adress": "Allmandring 3I", "sportart": null, "lon": 9.1003762, "lat": 48.7426571 }, "geometry": { "type": "Point", "coordinates": [ 9.1003762, 48.7426571 ] } },
{ "type": "Feature", "properties": { "id": "way/43121911", "city": "stuttgart", "uni": "uni", "category": "wohnheime", "name": "Wohnheim", "adress": "Allmandring 3D", "sportart": null, "lon": 9.1012577, "lat": 48.7428513 }, "geometry": { "type": "Point", "coordinates": [ 9.1012577, 48.7428513 ] } },
{ "type": "Feature", "properties": { "id": "way/43121912", "city": "stuttgart", "uni": "uni", "category": "wohnheime", "name": "Wohnheim", "adress": "Allmandring 3D", "sportart": null, "lon": 9.1014809, "lat": 48.7428394 }, "geometry": { "type": "Point", "coordinates": [ 9.1014809, 48.7428394 ] } },
{ "type": "Feature", "properties": { "id": "way/45768259", "city": "stuttgart", "uni": "uni", "category": "wohnheime", "name": "Wohnheim", "adress": "Türlenstraße 34", "sportart": null, "lon": 9.1769346, "lat": 48.7920642 }, "geometry": { "type": "Point", "coordinates": [ 9.1769346, 48.7920642 ] } },
{ "type": "Feature", "properties": { "id": "way/51858129", "city": "stuttgart", "uni": "uni", "category": "wohnheime", "name": "Wohnheim", "adress": "Egilolfstraße 57", "sportart": null, "lon": 9.2066548, "lat": 48.7150921 }, "geometry": { "type": "Point", "coordinates": [ 9.2066548, 48.7150921 ] } },
{ "type": "Feature", "properties": { "id": "way/53020553", "city": "stuttgart", "uni": "uni", "category": "wohnheime", "name": "Wohnheim", "adress": "Welfenstraße 80", "sportart": null, "lon": 9.2058357, "lat": 48.7154907 }, "geometry": { "type": "Point", "coordinates": [ 9.2058357, 48.7154907 ] } },
{ "type": "Feature", "properties": { "id": "way/54512075", "city": "stuttgart", "uni": "uni", "category": "wohnheime", "name": "Wohnheim", "adress": "Allmandring 8A", "sportart": null, "lon": 9.1012426, "lat": 48.7450082 }, "geometry": { "type": "Point", "coordinates": [ 9.1012426, 48.7450082 ] } },
{ "type": "Feature", "properties": { "id": "way/54512078", "city": "stuttgart", "uni": "uni", "category": "wohnheime", "name": "Wohnheim", "adress": "Allmandring 8C", "sportart": null, "lon": 9.1007176, "lat": 48.7449285 }, "geometry": { "type": "Point", "coordinates": [ 9.1007176, 48.7449285 ] } },
{ "type": "Feature", "properties": { "id": "way/54512079", "city": "stuttgart", "uni": "uni", "category": "wohnheime", "name": "Wohnheim", "adress": "Allmandring 10C", "sportart": null, "lon": 9.1008272, "lat": 48.7454917 }, "geometry": { "type": "Point", "coordinates": [ 9.1008272, 48.7454917 ] } },
{ "type": "Feature", "properties": { "id": "way/54513184", "city": "stuttgart", "uni": "uni", "category": "wohnheime", "name": "Wohnheim", "adress": "Allmandring 12D", "sportart": null, "lon": 9.1000994, "lat": 48.7453759 }, "geometry": { "type": "Point", "coordinates": [ 9.1000994, 48.7453759 ] } },
{ "type": "Feature", "properties": { "id": "way/54513657", "city": "stuttgart", "uni": "uni", "category": "wohnheime", "name": "Wohnheim", "adress": "Allmandring 14B", "sportart": null, "lon": 9.0995804, "lat": 48.7447895 }, "geometry": { "type": "Point", "coordinates": [ 9.0995804, 48.7447895 ] } },
{ "type": "Feature", "properties": { "id": "way/54514928", "city": "stuttgart", "uni": "uni", "category": "wohnheime", "name": "Wohnheim", "adress": "Allmandring 18B", "sportart": null, "lon": 9.0988476, "lat": 48.7446229 }, "geometry": { "type": "Point", "coordinates": [ 9.0988476, 48.7446229 ] } },
{ "type": "Feature", "properties": { "id": "way/54515924", "city": "stuttgart", "uni": "uni", "category": "wohnheime", "name": "Wohnheim", "adress": "Allmandring 20B", "sportart": null, "lon": 9.0987275, "lat": 48.7451681 }, "geometry": { "type": "Point", "coordinates": [ 9.0987275, 48.7451681 ] } },
{ "type": "Feature", "properties": { "id": "way/54516956", "city": "stuttgart", "uni": "uni", "category": "wohnheime", "name": "Wohnheim", "adress": "Allmandring 22B", "sportart": null, "lon": 9.0980576, "lat": 48.7447583 }, "geometry": { "type": "Point", "coordinates": [ 9.0980576, 48.7447583 ] } },
{ "type": "Feature", "properties": { "id": "way/54518732", "city": "stuttgart", "uni": "uni", "category": "wohnheime", "name": "Wohnheim", "adress": "Allmandring 26C", "sportart": null, "lon": 9.0958046, "lat": 48.7440889 }, "geometry": { "type": "Point", "coordinates": [ 9.0958046, 48.7440889 ] } },
{ "type": "Feature", "properties": { "id": "way/54518733", "city": "stuttgart", "uni": "uni", "category": "wohnheime", "name": "Wohnheim", "adress": "Allmandring 26D", "sportart": null, "lon": 9.0959399, "lat": 48.7437738 }, "geometry": { "type": "Point", "coordinates": [ 9.0959399, 48.7437738 ] } },
{ "type": "Feature", "properties": { "id": "way/54518734", "city": "stuttgart", "uni": "uni", "category": "wohnheime", "name": "Wohnheim", "adress": "Allmandring 26B", "sportart": null, "lon": 9.0961891, "lat": 48.74435 }, "geometry": { "type": "Point", "coordinates": [ 9.0961891, 48.74435 ] } },
{ "type": "Feature", "properties": { "id": "way/56400774", "city": "stuttgart", "uni": "uni", "category": "wohnheime", "name": "Wohnheim", "adress": "Vaihinger Landstraße 127", "sportart": null, "lon": 9.1231077, "lat": 48.7714416 }, "geometry": { "type": "Point", "coordinates": [ 9.1231077, 48.7714416 ] } },
{ "type": "Feature", "properties": { "id": "way/69843468", "city": "stuttgart", "uni": "uni", "category": "wohnheime", "name": "Wohnen für Studierende", "adress": null, "sportart": null, "lon": 9.167345, "lat": 48.7854515 }, "geometry": { "type": "Point", "coordinates": [ 9.167345, 48.7854515 ] } },
{ "type": "Feature", "properties": { "id": "way/91293409", "city": "stuttgart", "uni": "uni", "category": "wohnheime", "name": "Wohnheim", "adress": "Pfaffenwaldring 42F", "sportart": null, "lon": 9.1019812, "lat": 48.7470089 }, "geometry": { "type": "Point", "coordinates": [ 9.1019812, 48.7470089 ] } },
{ "type": "Feature", "properties": { "id": "way/97301677", "city": "stuttgart", "uni": "uni", "category": "wohnheime", "name": "Wohnheim", "adress": "Böblinger Straße 224", "sportart": null, "lon": 9.1453328, "lat": 48.7572001 }, "geometry": { "type": "Point", "coordinates": [ 9.1453328, 48.7572001 ] } },
{ "type": "Feature", "properties": { "id": "way/97301767", "city": "stuttgart", "uni": "uni", "category": "wohnheime", "name": "Wohnheim", "adress": "Böblinger Straße 226", "sportart": null, "lon": 9.1450336, "lat": 48.7571686 }, "geometry": { "type": "Point", "coordinates": [ 9.1450336, 48.7571686 ] } },
{ "type": "Feature", "properties": { "id": "way/97301810", "city": "stuttgart", "uni": "uni", "category": "wohnheime", "name": "Wohnheim", "adress": "Böblinger Straße 222", "sportart": null, "lon": 9.1456295, "lat": 48.7572306 }, "geometry": { "type": "Point", "coordinates": [ 9.1456295, 48.7572306 ] } },
{ "type": "Feature", "properties": { "id": "way/99368077", "city": "stuttgart", "uni": "uni", "category": "wohnheime", "name": "Wohnheim", "adress": "Landhausstraße 14", "sportart": null, "lon": 9.1911329, "lat": 48.7838659 }, "geometry": { "type": "Point", "coordinates": [ 9.1911329, 48.7838659 ] } },
{ "type": "Feature", "properties": { "id": "way/104892786", "city": "stuttgart", "uni": "uni", "category": "wohnheime", "name": "Wohnheim", "adress": "Mörikestraße 64", "sportart": null, "lon": 9.1603357, "lat": 48.7644667 }, "geometry": { "type": "Point", "coordinates": [ 9.1603357, 48.7644667 ] } },
{ "type": "Feature", "properties": { "id": "way/106693472", "city": "stuttgart", "uni": "uni", "category": "wohnheime", "name": "Wohnheim", "adress": "Alexanderstraße 146", "sportart": null, "lon": 9.1796457, "lat": 48.7672924 }, "geometry": { "type": "Point", "coordinates": [ 9.1796457, 48.7672924 ] } },
{ "type": "Feature", "properties": { "id": "way/106952031", "city": "stuttgart", "uni": "uni", "category": "wohnheime", "name": "Wohnheim", "adress": "Pfaffenwaldring 50A", "sportart": null, "lon": 9.1019484, "lat": 48.7464403 }, "geometry": { "type": "Point", "coordinates": [ 9.1019484, 48.7464403 ] } },
{ "type": "Feature", "properties": { "id": "way/108256826", "city": "stuttgart", "uni": "uni", "category": "wohnheime", "name": "Ghibellinenhaus", "adress": "Birkenwaldstraße 40", "sportart": null, "lon": 9.1773132, "lat": 48.7883932 }, "geometry": { "type": "Point", "coordinates": [ 9.1773132, 48.7883932 ] } },
{ "type": "Feature", "properties": { "id": "way/109187743", "city": "stuttgart", "uni": "uni", "category": "wohnheime", "name": "Joseph-von-Egle-Studentenwohnheim", "adress": "Panoramastraße 5", "sportart": null, "lon": 9.171845, "lat": 48.7850797 }, "geometry": { "type": "Point", "coordinates": [ 9.171845, 48.7850797 ] } },
{ "type": "Feature", "properties": { "id": "way/111800134", "city": "stuttgart", "uni": "uni", "category": "wohnheime", "name": "Studentenwohnheim", "adress": "Brückenstraße 23", "sportart": null, "lon": 9.2105236, "lat": 48.8075301 }, "geometry": { "type": "Point", "coordinates": [ 9.2105236, 48.8075301 ] } },
{ "type": "Feature", "properties": { "id": "way/116352165", "city": "stuttgart", "uni": "uni", "category": "wohnheime", "name": "Wohnheim", "adress": "Pfaffenwaldring 48D", "sportart": null, "lon": 9.1000954, "lat": 48.7462375 }, "geometry": { "type": "Point", "coordinates": [ 9.1000954, 48.7462375 ] } },
{ "type": "Feature", "properties": { "id": "way/130409751", "city": "stuttgart", "uni": "uni", "category": "wohnheime", "name": "Wohnheim", "adress": "Hunklinge 115", "sportart": null, "lon": 9.18824, "lat": 48.8084528 }, "geometry": { "type": "Point", "coordinates": [ 9.18824, 48.8084528 ] } },
{ "type": "Feature", "properties": { "id": "way/130409753", "city": "stuttgart", "uni": "uni", "category": "wohnheime", "name": "Wohnheim", "adress": "Hunklinge 117", "sportart": null, "lon": 9.187959, "lat": 48.8084839 }, "geometry": { "type": "Point", "coordinates": [ 9.187959, 48.8084839 ] } },
{ "type": "Feature", "properties": { "id": "way/132160804", "city": "stuttgart", "uni": "uni", "category": "wohnheime", "name": "Wohnheim", "adress": "Körschstraße 14", "sportart": null, "lon": 9.2095256, "lat": 48.7037452 }, "geometry": { "type": "Point", "coordinates": [ 9.2095256, 48.7037452 ] } },
{ "type": "Feature", "properties": { "id": "way/142704827", "city": "stuttgart", "uni": "uni", "category": "wohnheime", "name": "Wohnheim", "adress": "In den Wannenäckern 22", "sportart": null, "lon": 9.2368383, "lat": 48.8114456 }, "geometry": { "type": "Point", "coordinates": [ 9.2368383, 48.8114456 ] } },
{ "type": "Feature", "properties": { "id": "way/142704828", "city": "stuttgart", "uni": "uni", "category": "wohnheime", "name": "Wohnheim", "adress": "In den Wannenäckern 24", "sportart": null, "lon": 9.2369754, "lat": 48.8116799 }, "geometry": { "type": "Point", "coordinates": [ 9.2369754, 48.8116799 ] } },
{ "type": "Feature", "properties": { "id": "way/142704831", "city": "stuttgart", "uni": "uni", "category": "wohnheime", "name": "Wohnheim", "adress": "In den Wannenäckern 26", "sportart": null, "lon": 9.2372308, "lat": 48.8115278 }, "geometry": { "type": "Point", "coordinates": [ 9.2372308, 48.8115278 ] } },
{ "type": "Feature", "properties": { "id": "way/144217141", "city": "stuttgart", "uni": "uni", "category": "wohnheime", "name": "Wohnheim", "adress": "Egilolfstraße 51", "sportart": null, "lon": 9.207675, "lat": 48.7157986 }, "geometry": { "type": "Point", "coordinates": [ 9.207675, 48.7157986 ] } },
{ "type": "Feature", "properties": { "id": "way/146902898", "city": "stuttgart", "uni": "uni", "category": "wohnheime", "name": "Christoph-Ulrich-Hahn-Haus (Altbau)", "adress": "Himmelsleiter 64", "sportart": null, "lon": 9.2008463, "lat": 48.8375315 }, "geometry": { "type": "Point", "coordinates": [ 9.2008463, 48.8375315 ] } },
{ "type": "Feature", "properties": { "id": "way/146902900", "city": "stuttgart", "uni": "uni", "category": "wohnheime", "name": "Wohnheim", "adress": null, "sportart": null, "lon": 9.2005102, "lat": 48.8372695 }, "geometry": { "type": "Point", "coordinates": [ 9.2005102, 48.8372695 ] } },
{ "type": "Feature", "properties": { "id": "way/146902904", "city": "stuttgart", "uni": "uni", "category": "wohnheime", "name": "Wohnheim", "adress": null, "sportart": null, "lon": 9.2002772, "lat": 48.8374925 }, "geometry": { "type": "Point", "coordinates": [ 9.2002772, 48.8374925 ] } },
{ "type": "Feature", "properties": { "id": "way/156089396", "city": "stuttgart", "uni": "uni", "category": "wohnheime", "name": "Wohnheim", "adress": "Allmandring 24A", "sportart": null, "lon": 9.0973631, "lat": 48.7443088 }, "geometry": { "type": "Point", "coordinates": [ 9.0973631, 48.7443088 ] } },
{ "type": "Feature", "properties": { "id": "way/156089407", "city": "stuttgart", "uni": "uni", "category": "wohnheime", "name": "Wohnheim", "adress": "Allmandring 24D", "sportart": null, "lon": 9.0971265, "lat": 48.7445766 }, "geometry": { "type": "Point", "coordinates": [ 9.0971265, 48.7445766 ] } },
{ "type": "Feature", "properties": { "id": "way/156089413", "city": "stuttgart", "uni": "uni", "category": "wohnheime", "name": "Wohnheim", "adress": "Allmandring 24B", "sportart": null, "lon": 9.0969597, "lat": 48.7441775 }, "geometry": { "type": "Point", "coordinates": [ 9.0969597, 48.7441775 ] } },
{ "type": "Feature", "properties": { "id": "way/156089418", "city": "stuttgart", "uni": "uni", "category": "wohnheime", "name": "Wohnheim", "adress": "Allmandring 24C", "sportart": null, "lon": 9.0967225, "lat": 48.7444465 }, "geometry": { "type": "Point", "coordinates": [ 9.0967225, 48.7444465 ] } },
{ "type": "Feature", "properties": { "id": "way/167875847", "city": "stuttgart", "uni": "uni", "category": "wohnheime", "name": "Wohnen für Studierende", "adress": null, "sportart": null, "lon": 9.1486314, "lat": 48.7309235 }, "geometry": { "type": "Point", "coordinates": [ 9.1486314, 48.7309235 ] } },
{ "type": "Feature", "properties": { "id": "way/167875848", "city": "stuttgart", "uni": "uni", "category": "wohnheime", "name": "Wohnen für Studierende", "adress": "Filderbahnplatz 35", "sportart": null, "lon": 9.14916, "lat": 48.7308156 }, "geometry": { "type": "Point", "coordinates": [ 9.14916, 48.7308156 ] } },
{ "type": "Feature", "properties": { "id": "way/167875849", "city": "stuttgart", "uni": "uni", "category": "wohnheime", "name": "Wohnen für Studierende", "adress": "Filderbahnplatz 37", "sportart": null, "lon": 9.1493062, "lat": 48.7310574 }, "geometry": { "type": "Point", "coordinates": [ 9.1493062, 48.7310574 ] } },
{ "type": "Feature", "properties": { "id": "way/233902595", "city": "stuttgart", "uni": "uni", "category": "wohnheime", "name": "Wohnheim", "adress": "Jahnstraße 68", "sportart": null, "lon": 9.1801912, "lat": 48.7527732 }, "geometry": { "type": "Point", "coordinates": [ 9.1801912, 48.7527732 ] } },
{ "type": "Feature", "properties": { "id": "way/251044139", "city": "stuttgart", "uni": "uni", "category": "wohnheime", "name": "Wohnheim", "adress": "Steinhaldenstraße 71", "sportart": null, "lon": 9.2327925, "lat": 48.8198094 }, "geometry": { "type": "Point", "coordinates": [ 9.2327925, 48.8198094 ] } },
{ "type": "Feature", "properties": { "id": "way/252555819", "city": "stuttgart", "uni": "uni", "category": "wohnheime", "name": "Wohnheim", "adress": "Pfaffenwaldring 68A", "sportart": null, "lon": 9.1019448, "lat": 48.7432335 }, "geometry": { "type": "Point", "coordinates": [ 9.1019448, 48.7432335 ] } },
{ "type": "Feature", "properties": { "id": "way/252555820", "city": "stuttgart", "uni": "uni", "category": "wohnheime", "name": "Wohnheim", "adress": "Pfaffenwaldring 68B", "sportart": null, "lon": 9.1019327, "lat": 48.7431167 }, "geometry": { "type": "Point", "coordinates": [ 9.1019327, 48.7431167 ] } },
{ "type": "Feature", "properties": { "id": "way/252555821", "city": "stuttgart", "uni": "uni", "category": "wohnheime", "name": "Wohnheim", "adress": "Pfaffenwaldring 70", "sportart": null, "lon": 9.10192, "lat": 48.7430009 }, "geometry": { "type": "Point", "coordinates": [ 9.10192, 48.7430009 ] } },
{ "type": "Feature", "properties": { "id": "way/252555822", "city": "stuttgart", "uni": "uni", "category": "wohnheime", "name": "Wohnheim", "adress": "Pfaffenwaldring 66B", "sportart": null, "lon": 9.1019759, "lat": 48.7434557 }, "geometry": { "type": "Point", "coordinates": [ 9.1019759, 48.7434557 ] } },
{ "type": "Feature", "properties": { "id": "way/252555823", "city": "stuttgart", "uni": "uni", "category": "wohnheime", "name": "Wohnheim", "adress": "Pfaffenwaldring 66A", "sportart": null, "lon": 9.1021388, "lat": 48.7434523 }, "geometry": { "type": "Point", "coordinates": [ 9.1021388, 48.7434523 ] } },
{ "type": "Feature", "properties": { "id": "way/252555824", "city": "stuttgart", "uni": "uni", "category": "wohnheime", "name": "Wohnheim", "adress": "Pfaffenwaldring 66C", "sportart": null, "lon": 9.1019568, "lat": 48.7433494 }, "geometry": { "type": "Point", "coordinates": [ 9.1019568, 48.7433494 ] } },
{ "type": "Feature", "properties": { "id": "way/252555825", "city": "stuttgart", "uni": "uni", "category": "wohnheime", "name": "Wohnheim", "adress": "Pfaffenwaldring 64B", "sportart": null, "lon": 9.1023159, "lat": 48.7434448 }, "geometry": { "type": "Point", "coordinates": [ 9.1023159, 48.7434448 ] } },
{ "type": "Feature", "properties": { "id": "way/288763715", "city": "stuttgart", "uni": "uni", "category": "wohnheime", "name": "Wohnheim", "adress": "Rosenbergstraße 16", "sportart": null, "lon": 9.1666028, "lat": 48.7821025 }, "geometry": { "type": "Point", "coordinates": [ 9.1666028, 48.7821025 ] } },
{ "type": "Feature", "properties": { "id": "way/304172873", "city": "stuttgart", "uni": "uni", "category": "wohnheime", "name": "Wohnheim", "adress": "Pfaffenwaldring 50B", "sportart": null, "lon": 9.101543, "lat": 48.7462774 }, "geometry": { "type": "Point", "coordinates": [ 9.101543, 48.7462774 ] } },
{ "type": "Feature", "properties": { "id": "way/304172874", "city": "stuttgart", "uni": "uni", "category": "wohnheime", "name": "Wohnheim", "adress": "Pfaffenwaldring 50A", "sportart": null, "lon": 9.1021433, "lat": 48.7462537 }, "geometry": { "type": "Point", "coordinates": [ 9.1021433, 48.7462537 ] } },
{ "type": "Feature", "properties": { "id": "way/306808153", "city": "stuttgart", "uni": "uni", "category": "wohnheime", "name": "Wohnheim", "adress": "Egilolfstraße 53", "sportart": null, "lon": 9.2068876, "lat": 48.715394 }, "geometry": { "type": "Point", "coordinates": [ 9.2068876, 48.715394 ] } },
{ "type": "Feature", "properties": { "id": "way/306808155", "city": "stuttgart", "uni": "uni", "category": "wohnheime", "name": "Wohnheim", "adress": "Egilolfstraße 55", "sportart": null, "lon": 9.2066849, "lat": 48.7152833 }, "geometry": { "type": "Point", "coordinates": [ 9.2066849, 48.7152833 ] } },
{ "type": "Feature", "properties": { "id": "way/306808157", "city": "stuttgart", "uni": "uni", "category": "wohnheime", "name": "Wohnheim", "adress": "Egilolfstraße 59", "sportart": null, "lon": 9.2068751, "lat": 48.7150111 }, "geometry": { "type": "Point", "coordinates": [ 9.2068751, 48.7150111 ] } },
{ "type": "Feature", "properties": { "id": "way/320857499", "city": "stuttgart", "uni": "uni", "category": "wohnheime", "name": "Wohnheim", "adress": "Im Chausseefeld 1", "sportart": null, "lon": 9.1985036, "lat": 48.7140948 }, "geometry": { "type": "Point", "coordinates": [ 9.1985036, 48.7140948 ] } },
{ "type": "Feature", "properties": { "id": "way/320857562", "city": "stuttgart", "uni": "uni", "category": "wohnheime", "name": "Wohnheim", "adress": "Im Chausseefeld 5", "sportart": null, "lon": 9.1979267, "lat": 48.7139366 }, "geometry": { "type": "Point", "coordinates": [ 9.1979267, 48.7139366 ] } },
{ "type": "Feature", "properties": { "id": "way/320857570", "city": "stuttgart", "uni": "uni", "category": "wohnheime", "name": "Wohnheim", "adress": "Im Chausseefeld 7", "sportart": null, "lon": 9.1976694, "lat": 48.7138917 }, "geometry": { "type": "Point", "coordinates": [ 9.1976694, 48.7138917 ] } },
{ "type": "Feature", "properties": { "id": "way/320857579", "city": "stuttgart", "uni": "uni", "category": "wohnheime", "name": "Wohnheim", "adress": "Im Chausseefeld 9", "sportart": null, "lon": 9.1973985, "lat": 48.7139331 }, "geometry": { "type": "Point", "coordinates": [ 9.1973985, 48.7139331 ] } },
{ "type": "Feature", "properties": { "id": "way/326455175", "city": "stuttgart", "uni": "uni", "category": "wohnheime", "name": "Rupert-Mayer-Haus", "adress": "Hospitalstraße 26", "sportart": null, "lon": 9.1718009, "lat": 48.7769691 }, "geometry": { "type": "Point", "coordinates": [ 9.1718009, 48.7769691 ] } },
{ "type": "Feature", "properties": { "id": "way/363049300", "city": "stuttgart", "uni": "uni", "category": "wohnheime", "name": "Wohnheim", "adress": "Wagrainstraße 80", "sportart": null, "lon": 9.2153818, "lat": 48.8295973 }, "geometry": { "type": "Point", "coordinates": [ 9.2153818, 48.8295973 ] } },
{ "type": "Feature", "properties": { "id": "way/363049301", "city": "stuttgart", "uni": "uni", "category": "wohnheime", "name": "Wohnheim", "adress": "Wagrainstraße 80a", "sportart": null, "lon": 9.2152709, "lat": 48.829416 }, "geometry": { "type": "Point", "coordinates": [ 9.2152709, 48.829416 ] } },
{ "type": "Feature", "properties": { "id": "way/363049302", "city": "stuttgart", "uni": "uni", "category": "wohnheime", "name": "Wohnheim", "adress": "Wagrainstraße 80b", "sportart": null, "lon": 9.215134, "lat": 48.8292102 }, "geometry": { "type": "Point", "coordinates": [ 9.215134, 48.8292102 ] } },
{ "type": "Feature", "properties": { "id": "way/367653721", "city": "stuttgart", "uni": "uni", "category": "wohnheime", "name": "Wohnheim", "adress": "Mercedesstraße 51", "sportart": null, "lon": 9.225569, "lat": 48.795235 }, "geometry": { "type": "Point", "coordinates": [ 9.225569, 48.795235 ] } },
{ "type": "Feature", "properties": { "id": "way/367653722", "city": "stuttgart", "uni": "uni", "category": "wohnheime", "name": "Wohnheim", "adress": "Mercedesstraße 51a", "sportart": null, "lon": 9.2259728, "lat": 48.7951867 }, "geometry": { "type": "Point", "coordinates": [ 9.2259728, 48.7951867 ] } },
{ "type": "Feature", "properties": { "id": "way/367653723", "city": "stuttgart", "uni": "uni", "category": "wohnheime", "name": "Wohnheim", "adress": "Mercedesstraße 51b", "sportart": null, "lon": 9.2262809, "lat": 48.7951491 }, "geometry": { "type": "Point", "coordinates": [ 9.2262809, 48.7951491 ] } },
{ "type": "Feature", "properties": { "id": "way/372414548", "city": "stuttgart", "uni": "uni", "category": "wohnheime", "name": "Studentisches Wohnen Campus Stuttgart II", "adress": null, "sportart": null, "lon": 9.1072811, "lat": 48.7230277 }, "geometry": { "type": "Point", "coordinates": [ 9.1072811, 48.7230277 ] } },
{ "type": "Feature", "properties": { "id": "way/372414550", "city": "stuttgart", "uni": "uni", "category": "wohnheime", "name": "Studentisches Wohnen Campus Stuttgart", "adress": "Vischerstraße 2/1", "sportart": null, "lon": 9.1077161, "lat": 48.7238003 }, "geometry": { "type": "Point", "coordinates": [ 9.1077161, 48.7238003 ] } },
{ "type": "Feature", "properties": { "id": "way/376609765", "city": "stuttgart", "uni": "uni", "category": "wohnheime", "name": "Wohnheim Im sonnigen Winkel", "adress": "Am Kräherwald 147", "sportart": null, "lon": 9.1504502, "lat": 48.7865027 }, "geometry": { "type": "Point", "coordinates": [ 9.1504502, 48.7865027 ] } },
{ "type": "Feature", "properties": { "id": "way/376770414", "city": "stuttgart", "uni": "uni", "category": "wohnheime", "name": "Wohnheim", "adress": "Burgholzstraße 33B", "sportart": null, "lon": 9.207093, "lat": 48.8219622 }, "geometry": { "type": "Point", "coordinates": [ 9.207093, 48.8219622 ] } },
{ "type": "Feature", "properties": { "id": "way/376770415", "city": "stuttgart", "uni": "uni", "category": "wohnheime", "name": "Wohnheim", "adress": "Burgholzstraße 33D", "sportart": null, "lon": 9.2063827, "lat": 48.821843 }, "geometry": { "type": "Point", "coordinates": [ 9.2063827, 48.821843 ] } },
{ "type": "Feature", "properties": { "id": "way/376770418", "city": "stuttgart", "uni": "uni", "category": "wohnheime", "name": "Wohnheim", "adress": "Burgholzstraße 33A", "sportart": null, "lon": 9.207094, "lat": 48.8217816 }, "geometry": { "type": "Point", "coordinates": [ 9.207094, 48.8217816 ] } },
{ "type": "Feature", "properties": { "id": "way/376770423", "city": "stuttgart", "uni": "uni", "category": "wohnheime", "name": "Wohnheim", "adress": "Burgholzstraße 33C", "sportart": null, "lon": 9.2066565, "lat": 48.8218437 }, "geometry": { "type": "Point", "coordinates": [ 9.2066565, 48.8218437 ] } },
{ "type": "Feature", "properties": { "id": "way/376770492", "city": "stuttgart", "uni": "uni", "category": "wohnheime", "name": "Wohnhaus Rosensteinstraße", "adress": "Rosensteinstraße 1-5", "sportart": null, "lon": 9.190773, "lat": 48.7934562 }, "geometry": { "type": "Point", "coordinates": [ 9.190773, 48.7934562 ] } },
{ "type": "Feature", "properties": { "id": "way/378237375", "city": "stuttgart", "uni": "uni", "category": "wohnheime", "name": "Wohnanlage Am Rossneckar", "adress": "Mettinger Straße 115-117", "sportart": null, "lon": 9.2903861, "lat": 48.7417151 }, "geometry": { "type": "Point", "coordinates": [ 9.2903861, 48.7417151 ] } },
{ "type": "Feature", "properties": { "id": "way/378237386", "city": "stuttgart", "uni": "uni", "category": "wohnheime", "name": "Wohnheim", "adress": "Mettinger Straße 129", "sportart": null, "lon": 9.2890231, "lat": 48.7415551 }, "geometry": { "type": "Point", "coordinates": [ 9.2890231, 48.7415551 ] } },
{ "type": "Feature", "properties": { "id": "way/383184360", "city": "stuttgart", "uni": "uni", "category": "wohnheime", "name": "Wohnheim", "adress": "Solitudestraße 121A", "sportart": null, "lon": 9.1043424, "lat": 48.8071713 }, "geometry": { "type": "Point", "coordinates": [ 9.1043424, 48.8071713 ] } },
{ "type": "Feature", "properties": { "id": "way/383184361", "city": "stuttgart", "uni": "uni", "category": "wohnheime", "name": "Wohnheim", "adress": "Solitudestraße 121", "sportart": null, "lon": 9.1047035, "lat": 48.8073607 }, "geometry": { "type": "Point", "coordinates": [ 9.1047035, 48.8073607 ] } },
{ "type": "Feature", "properties": { "id": "way/389820854", "city": "stuttgart", "uni": "uni", "category": "wohnheime", "name": "Wohnheim", "adress": "Quellenstraße 36", "sportart": null, "lon": 9.1991699, "lat": 48.8093531 }, "geometry": { "type": "Point", "coordinates": [ 9.1991699, 48.8093531 ] } },
{ "type": "Feature", "properties": { "id": "way/389820855", "city": "stuttgart", "uni": "uni", "category": "wohnheime", "name": "Wohnheim", "adress": "Quellenstraße 36a", "sportart": null, "lon": 9.1988844, "lat": 48.8093066 }, "geometry": { "type": "Point", "coordinates": [ 9.1988844, 48.8093066 ] } },
{ "type": "Feature", "properties": { "id": "way/390925644", "city": "stuttgart", "uni": "uni", "category": "wohnheime", "name": "Wohnheim", "adress": "Heilmannstraße 4", "sportart": null, "lon": 9.1916679, "lat": 48.7879168 }, "geometry": { "type": "Point", "coordinates": [ 9.1916679, 48.7879168 ] } },
{ "type": "Feature", "properties": { "id": "way/409563522", "city": "stuttgart", "uni": "uni", "category": "wohnheime", "name": "Wohnheim", "adress": "Sturmvogelweg 12", "sportart": null, "lon": 9.2377309, "lat": 48.8317448 }, "geometry": { "type": "Point", "coordinates": [ 9.2377309, 48.8317448 ] } },
{ "type": "Feature", "properties": { "id": "way/409563524", "city": "stuttgart", "uni": "uni", "category": "wohnheime", "name": "Wohnheim", "adress": "Sturmvogelweg 12a", "sportart": null, "lon": 9.2380234, "lat": 48.8317499 }, "geometry": { "type": "Point", "coordinates": [ 9.2380234, 48.8317499 ] } },
{ "type": "Feature", "properties": { "id": "way/409616747", "city": "stuttgart", "uni": "uni", "category": "wohnheime", "name": "Wohnheim", "adress": "Breitscheidstraße 2D", "sportart": null, "lon": 9.1709418, "lat": 48.7803989 }, "geometry": { "type": "Point", "coordinates": [ 9.1709418, 48.7803989 ] } },
{ "type": "Feature", "properties": { "id": "way/409616752", "city": "stuttgart", "uni": "uni", "category": "wohnheime", "name": "Wohnheim", "adress": "Breitscheidstraße 2E", "sportart": null, "lon": 9.1709317, "lat": 48.7805714 }, "geometry": { "type": "Point", "coordinates": [ 9.1709317, 48.7805714 ] } },
{ "type": "Feature", "properties": { "id": "way/409852549", "city": "stuttgart", "uni": "uni", "category": "wohnheime", "name": "Campo IV", "adress": null, "sportart": null, "lon": 9.2043405, "lat": 48.703729 }, "geometry": { "type": "Point", "coordinates": [ 9.2043405, 48.703729 ] } },
{ "type": "Feature", "properties": { "id": "way/429388851", "city": "stuttgart", "uni": "uni", "category": "wohnheime", "name": "Wohnheim", "adress": "Am Klingenbach 24", "sportart": null, "lon": 9.2116208, "lat": 48.7820776 }, "geometry": { "type": "Point", "coordinates": [ 9.2116208, 48.7820776 ] } },
{ "type": "Feature", "properties": { "id": "way/436386726", "city": "stuttgart", "uni": "uni", "category": "wohnheime", "name": "Wohnheim", "adress": "Steinröhre 1A", "sportart": null, "lon": 9.080684, "lat": 48.8174602 }, "geometry": { "type": "Point", "coordinates": [ 9.080684, 48.8174602 ] } },
{ "type": "Feature", "properties": { "id": "way/436386730", "city": "stuttgart", "uni": "uni", "category": "wohnheime", "name": "Wohnheim", "adress": "Steinröhre 1B", "sportart": null, "lon": 9.0810492, "lat": 48.8175404 }, "geometry": { "type": "Point", "coordinates": [ 9.0810492, 48.8175404 ] } },
{ "type": "Feature", "properties": { "id": "way/436386739", "city": "stuttgart", "uni": "uni", "category": "wohnheime", "name": "Wohnheim", "adress": "Steinröhre 1C", "sportart": null, "lon": 9.0814899, "lat": 48.8175219 }, "geometry": { "type": "Point", "coordinates": [ 9.0814899, 48.8175219 ] } },
{ "type": "Feature", "properties": { "id": "way/436386746", "city": "stuttgart", "uni": "uni", "category": "wohnheime", "name": "Wohnheim", "adress": "Steinröhre 1D", "sportart": null, "lon": 9.0818057, "lat": 48.8175885 }, "geometry": { "type": "Point", "coordinates": [ 9.0818057, 48.8175885 ] } },
{ "type": "Feature", "properties": { "id": "way/436386751", "city": "stuttgart", "uni": "uni", "category": "wohnheime", "name": "Wohnheim", "adress": "Steinröhre 1E", "sportart": null, "lon": 9.0820761, "lat": 48.8176447 }, "geometry": { "type": "Point", "coordinates": [ 9.0820761, 48.8176447 ] } },
{ "type": "Feature", "properties": { "id": "way/438040072", "city": "stuttgart", "uni": "uni", "category": "wohnheime", "name": "Wohnheim", "adress": "Krailenshaldenstraße 49", "sportart": null, "lon": 9.1792396, "lat": 48.8162336 }, "geometry": { "type": "Point", "coordinates": [ 9.1792396, 48.8162336 ] } },
{ "type": "Feature", "properties": { "id": "way/438040073", "city": "stuttgart", "uni": "uni", "category": "wohnheime", "name": "Wohnheim", "adress": "Krailenshaldenstraße 49A", "sportart": null, "lon": 9.1794648, "lat": 48.8164973 }, "geometry": { "type": "Point", "coordinates": [ 9.1794648, 48.8164973 ] } },
{ "type": "Feature", "properties": { "id": "way/438040074", "city": "stuttgart", "uni": "uni", "category": "wohnheime", "name": "Wohnheim", "adress": "Krailenshaldenstraße 49B", "sportart": null, "lon": 9.1795586, "lat": 48.8160881 }, "geometry": { "type": "Point", "coordinates": [ 9.1795586, 48.8160881 ] } },
{ "type": "Feature", "properties": { "id": "way/438040075", "city": "stuttgart", "uni": "uni", "category": "wohnheime", "name": "Wohnheim", "adress": "Krailenshaldenstraße 49C", "sportart": null, "lon": 9.1794657, "lat": 48.8156829 }, "geometry": { "type": "Point", "coordinates": [ 9.1794657, 48.8156829 ] } },
{ "type": "Feature", "properties": { "id": "way/503179753", "city": "stuttgart", "uni": "uni", "category": "wohnheime", "name": "Wohnheim", "adress": "Allmandring 3F", "sportart": null, "lon": 9.1007176, "lat": 48.7428823 }, "geometry": { "type": "Point", "coordinates": [ 9.1007176, 48.7428823 ] } },
{ "type": "Feature", "properties": { "id": "way/503179754", "city": "stuttgart", "uni": "uni", "category": "wohnheime", "name": "Wohnheim", "adress": "Allmandring 3H", "sportart": null, "lon": 9.1004002, "lat": 48.7428895 }, "geometry": { "type": "Point", "coordinates": [ 9.1004002, 48.7428895 ] } },
{ "type": "Feature", "properties": { "id": "way/503179755", "city": "stuttgart", "uni": "uni", "category": "wohnheime", "name": "Wohnheim", "adress": "Allmandring 3H", "sportart": null, "lon": 9.1001784, "lat": 48.7429012 }, "geometry": { "type": "Point", "coordinates": [ 9.1001784, 48.7429012 ] } },
{ "type": "Feature", "properties": { "id": "way/503179756", "city": "stuttgart", "uni": "uni", "category": "wohnheime", "name": "Wohnheim", "adress": "Allmandring 3G", "sportart": null, "lon": 9.1006921, "lat": 48.7426442 }, "geometry": { "type": "Point", "coordinates": [ 9.1006921, 48.7426442 ] } },
{ "type": "Feature", "properties": { "id": "way/503179757", "city": "stuttgart", "uni": "uni", "category": "wohnheime", "name": "Wohnheim", "adress": "Allmandring 3F", "sportart": null, "lon": 9.1009411, "lat": 48.7428708 }, "geometry": { "type": "Point", "coordinates": [ 9.1009411, 48.7428708 ] } },
{ "type": "Feature", "properties": { "id": "way/503179759", "city": "stuttgart", "uni": "uni", "category": "wohnheime", "name": "Wohnheim", "adress": "Allmandring 3E", "sportart": null, "lon": 9.1009649, "lat": 48.7430968 }, "geometry": { "type": "Point", "coordinates": [ 9.1009649, 48.7430968 ] } },
{ "type": "Feature", "properties": { "id": "way/503179760", "city": "stuttgart", "uni": "uni", "category": "wohnheime", "name": "Wohnheim", "adress": "Allmandring 3C", "sportart": null, "lon": 9.1012823, "lat": 48.7430836 }, "geometry": { "type": "Point", "coordinates": [ 9.1012823, 48.7430836 ] } },
{ "type": "Feature", "properties": { "id": "way/503179761", "city": "stuttgart", "uni": "uni", "category": "wohnheime", "name": "Wohnheim", "adress": "Allmandring 3C", "sportart": null, "lon": 9.1015043, "lat": 48.7430719 }, "geometry": { "type": "Point", "coordinates": [ 9.1015043, 48.7430719 ] } },
{ "type": "Feature", "properties": { "id": "way/503191295", "city": "stuttgart", "uni": "uni", "category": "wohnheime", "name": "Wohnheim", "adress": "Universitätsstraße 104B", "sportart": null, "lon": 9.1028703, "lat": 48.7422221 }, "geometry": { "type": "Point", "coordinates": [ 9.1028703, 48.7422221 ] } },
{ "type": "Feature", "properties": { "id": "way/503191296", "city": "stuttgart", "uni": "uni", "category": "wohnheime", "name": "Wohnheim", "adress": "Universitätsstraße 102C", "sportart": null, "lon": 9.1028576, "lat": 48.7419984 }, "geometry": { "type": "Point", "coordinates": [ 9.1028576, 48.7419984 ] } },
{ "type": "Feature", "properties": { "id": "way/503191297", "city": "stuttgart", "uni": "uni", "category": "wohnheime", "name": "Wohnheim", "adress": "Universitätsstraße 102B", "sportart": null, "lon": 9.1028359, "lat": 48.7418914 }, "geometry": { "type": "Point", "coordinates": [ 9.1028359, 48.7418914 ] } },
{ "type": "Feature", "properties": { "id": "way/503191298", "city": "stuttgart", "uni": "uni", "category": "wohnheime", "name": "Wohnheim", "adress": "Universitätsstraße 102A", "sportart": null, "lon": 9.1026726, "lat": 48.741894 }, "geometry": { "type": "Point", "coordinates": [ 9.1026726, 48.741894 ] } },
{ "type": "Feature", "properties": { "id": "way/503191300", "city": "stuttgart", "uni": "uni", "category": "wohnheime", "name": "Wohnheim", "adress": "Universitätsstraße 100", "sportart": null, "lon": 9.1024993, "lat": 48.7419022 }, "geometry": { "type": "Point", "coordinates": [ 9.1024993, 48.7419022 ] } },
{ "type": "Feature", "properties": { "id": "way/503191301", "city": "stuttgart", "uni": "uni", "category": "wohnheime", "name": "Wohnheim", "adress": "Universitätsstraße 98B", "sportart": null, "lon": 9.1023261, "lat": 48.7419099 }, "geometry": { "type": "Point", "coordinates": [ 9.1023261, 48.7419099 ] } },
{ "type": "Feature", "properties": { "id": "way/503191302", "city": "stuttgart", "uni": "uni", "category": "wohnheime", "name": "Wohnheim", "adress": "Universitätsstraße 98A", "sportart": null, "lon": 9.1021509, "lat": 48.741918 }, "geometry": { "type": "Point", "coordinates": [ 9.1021509, 48.741918 ] } },
{ "type": "Feature", "properties": { "id": "way/503191303", "city": "stuttgart", "uni": "uni", "category": "wohnheime", "name": "Wohnheim", "adress": "Universitätsstraße 96C", "sportart": null, "lon": 9.1019771, "lat": 48.7419258 }, "geometry": { "type": "Point", "coordinates": [ 9.1019771, 48.7419258 ] } },
{ "type": "Feature", "properties": { "id": "way/503191304", "city": "stuttgart", "uni": "uni", "category": "wohnheime", "name": "Wohnheim", "adress": "Universitätsstraße 96B", "sportart": null, "lon": 9.1018153, "lat": 48.74194 }, "geometry": { "type": "Point", "coordinates": [ 9.1018153, 48.74194 ] } },
{ "type": "Feature", "properties": { "id": "way/503191305", "city": "stuttgart", "uni": "uni", "category": "wohnheime", "name": "Wohnheim", "adress": "Universitätsstraße 96A", "sportart": null, "lon": 9.1018174, "lat": 48.7420483 }, "geometry": { "type": "Point", "coordinates": [ 9.1018174, 48.7420483 ] } },
{ "type": "Feature", "properties": { "id": "way/503191306", "city": "stuttgart", "uni": "uni", "category": "wohnheime", "name": "Wohnheim", "adress": "Universitätsstraße 94", "sportart": null, "lon": 9.1018309, "lat": 48.7421627 }, "geometry": { "type": "Point", "coordinates": [ 9.1018309, 48.7421627 ] } },
{ "type": "Feature", "properties": { "id": "way/503191307", "city": "stuttgart", "uni": "uni", "category": "wohnheime", "name": "Wohnheim", "adress": "Universitätsstraße 92B", "sportart": null, "lon": 9.1018427, "lat": 48.7422767 }, "geometry": { "type": "Point", "coordinates": [ 9.1018427, 48.7422767 ] } },
{ "type": "Feature", "properties": { "id": "way/503191308", "city": "stuttgart", "uni": "uni", "category": "wohnheime", "name": "Wohnheim", "adress": "Universitätsstraße 92A", "sportart": null, "lon": 9.1018545, "lat": 48.7423932 }, "geometry": { "type": "Point", "coordinates": [ 9.1018545, 48.7423932 ] } },
{ "type": "Feature", "properties": { "id": "way/503191309", "city": "stuttgart", "uni": "uni", "category": "wohnheime", "name": "Wohnheim", "adress": "Universitätsstraße 90", "sportart": null, "lon": 9.1018658, "lat": 48.7425085 }, "geometry": { "type": "Point", "coordinates": [ 9.1018658, 48.7425085 ] } },
{ "type": "Feature", "properties": { "id": "way/503191310", "city": "stuttgart", "uni": "uni", "category": "wohnheime", "name": "Wohnheim", "adress": "Universitätsstraße 82A", "sportart": null, "lon": 9.1023625, "lat": 48.7422537 }, "geometry": { "type": "Point", "coordinates": [ 9.1023625, 48.7422537 ] } },
{ "type": "Feature", "properties": { "id": "way/503191311", "city": "stuttgart", "uni": "uni", "category": "wohnheime", "name": "Wohnheim", "adress": "Universitätsstraße 82B", "sportart": null, "lon": 9.1025257, "lat": 48.7422516 }, "geometry": { "type": "Point", "coordinates": [ 9.1025257, 48.7422516 ] } },
{ "type": "Feature", "properties": { "id": "way/503191312", "city": "stuttgart", "uni": "uni", "category": "wohnheime", "name": "Wohnheim", "adress": "Universitätsstraße 82C", "sportart": null, "lon": 9.1025466, "lat": 48.7423589 }, "geometry": { "type": "Point", "coordinates": [ 9.1025466, 48.7423589 ] } },
{ "type": "Feature", "properties": { "id": "way/503191313", "city": "stuttgart", "uni": "uni", "category": "wohnheime", "name": "Wohnheim", "adress": "Universitätsstraße 84A", "sportart": null, "lon": 9.1025587, "lat": 48.7424744 }, "geometry": { "type": "Point", "coordinates": [ 9.1025587, 48.7424744 ] } },
{ "type": "Feature", "properties": { "id": "way/503191314", "city": "stuttgart", "uni": "uni", "category": "wohnheime", "name": "Wohnheim", "adress": "Universitätsstraße 84B", "sportart": null, "lon": 9.1025629, "lat": 48.7425827 }, "geometry": { "type": "Point", "coordinates": [ 9.1025629, 48.7425827 ] } },
{ "type": "Feature", "properties": { "id": "way/503191317", "city": "stuttgart", "uni": "uni", "category": "wohnheime", "name": "Wohnheim", "adress": "Universitätsstraße 84C", "sportart": null, "lon": 9.1024018, "lat": 48.7425963 }, "geometry": { "type": "Point", "coordinates": [ 9.1024018, 48.7425963 ] } },
{ "type": "Feature", "properties": { "id": "way/503191318", "city": "stuttgart", "uni": "uni", "category": "wohnheime", "name": "Wohnheim", "adress": "Universitätsstraße 86", "sportart": null, "lon": 9.1022263, "lat": 48.7426041 }, "geometry": { "type": "Point", "coordinates": [ 9.1022263, 48.7426041 ] } },
{ "type": "Feature", "properties": { "id": "way/503191319", "city": "stuttgart", "uni": "uni", "category": "wohnheime", "name": "Wohnheim", "adress": "Universitätsstraße 88", "sportart": null, "lon": 9.1020511, "lat": 48.7426119 }, "geometry": { "type": "Point", "coordinates": [ 9.1020511, 48.7426119 ] } },
{ "type": "Feature", "properties": { "id": "way/503337647", "city": "stuttgart", "uni": "uni", "category": "wohnheime", "name": "Wohnheim", "adress": "Pfaffenwaldring 76B", "sportart": null, "lon": 9.1024549, "lat": 48.7432002 }, "geometry": { "type": "Point", "coordinates": [ 9.1024549, 48.7432002 ] } },
{ "type": "Feature", "properties": { "id": "way/503337648", "city": "stuttgart", "uni": "uni", "category": "wohnheime", "name": "Wohnheim", "adress": "Pfaffenwaldring 76A", "sportart": null, "lon": 9.1024512, "lat": 48.7430913 }, "geometry": { "type": "Point", "coordinates": [ 9.1024512, 48.7430913 ] } },
{ "type": "Feature", "properties": { "id": "way/503337649", "city": "stuttgart", "uni": "uni", "category": "wohnheime", "name": "Wohnheim", "adress": "Pfaffenwaldring 74C", "sportart": null, "lon": 9.1024384, "lat": 48.7429738 }, "geometry": { "type": "Point", "coordinates": [ 9.1024384, 48.7429738 ] } },
{ "type": "Feature", "properties": { "id": "way/503337650", "city": "stuttgart", "uni": "uni", "category": "wohnheime", "name": "Wohnheim", "adress": "Pfaffenwaldring 72", "sportart": null, "lon": 9.1020782, "lat": 48.742879 }, "geometry": { "type": "Point", "coordinates": [ 9.1020782, 48.742879 ] } },
{ "type": "Feature", "properties": { "id": "way/503337651", "city": "stuttgart", "uni": "uni", "category": "wohnheime", "name": "Wohnheim", "adress": "Pfaffenwaldring 74A", "sportart": null, "lon": 9.1022546, "lat": 48.7428704 }, "geometry": { "type": "Point", "coordinates": [ 9.1022546, 48.7428704 ] } },
{ "type": "Feature", "properties": { "id": "way/503337652", "city": "stuttgart", "uni": "uni", "category": "wohnheime", "name": "Wohnheim", "adress": "Pfaffenwaldring 74B", "sportart": null, "lon": 9.1024194, "lat": 48.7428673 }, "geometry": { "type": "Point", "coordinates": [ 9.1024194, 48.7428673 ] } },
{ "type": "Feature", "properties": { "id": "way/504380075", "city": "stuttgart", "uni": "uni", "category": "wohnheime", "name": "Wohnheim", "adress": "Pfaffenwaldring 50B", "sportart": null, "lon": 9.1017529, "lat": 48.7462703 }, "geometry": { "type": "Point", "coordinates": [ 9.1017529, 48.7462703 ] } },
{ "type": "Feature", "properties": { "id": "way/504380080", "city": "stuttgart", "uni": "uni", "category": "wohnheime", "name": "Wohnheim", "adress": "Pfaffenwaldring 50A", "sportart": null, "lon": 9.102161, "lat": 48.7464326 }, "geometry": { "type": "Point", "coordinates": [ 9.102161, 48.7464326 ] } },
{ "type": "Feature", "properties": { "id": "way/504380081", "city": "stuttgart", "uni": "uni", "category": "wohnheime", "name": "Wohnheim", "adress": "Pfaffenwaldring 50B", "sportart": null, "lon": 9.1017711, "lat": 48.7464506 }, "geometry": { "type": "Point", "coordinates": [ 9.1017711, 48.7464506 ] } },
{ "type": "Feature", "properties": { "id": "way/504380082", "city": "stuttgart", "uni": "uni", "category": "wohnheime", "name": "Wohnheim", "adress": "Pfaffenwaldring 50B", "sportart": null, "lon": 9.1015624, "lat": 48.746458 }, "geometry": { "type": "Point", "coordinates": [ 9.1015624, 48.746458 ] } },
{ "type": "Feature", "properties": { "id": "way/504380083", "city": "stuttgart", "uni": "uni", "category": "wohnheime", "name": "Wohnheim", "adress": "Pfaffenwaldring 50C", "sportart": null, "lon": 9.1013861, "lat": 48.7464679 }, "geometry": { "type": "Point", "coordinates": [ 9.1013861, 48.7464679 ] } },
{ "type": "Feature", "properties": { "id": "way/504380086", "city": "stuttgart", "uni": "uni", "category": "wohnheime", "name": "Wohnheim", "adress": "Pfaffenwaldring 50C", "sportart": null, "lon": 9.1011754, "lat": 48.7464739 }, "geometry": { "type": "Point", "coordinates": [ 9.1011754, 48.7464739 ] } },
{ "type": "Feature", "properties": { "id": "way/504380089", "city": "stuttgart", "uni": "uni", "category": "wohnheime", "name": "Wohnheim", "adress": "Pfaffenwaldring 50C", "sportart": null, "lon": 9.1013669, "lat": 48.7462882 }, "geometry": { "type": "Point", "coordinates": [ 9.1013669, 48.7462882 ] } },
{ "type": "Feature", "properties": { "id": "way/504380091", "city": "stuttgart", "uni": "uni", "category": "wohnheime", "name": "Wohnheim", "adress": "Pfaffenwaldring 50C", "sportart": null, "lon": 9.1011567, "lat": 48.7462952 }, "geometry": { "type": "Point", "coordinates": [ 9.1011567, 48.7462952 ] } },
{ "type": "Feature", "properties": { "id": "way/504522314", "city": "stuttgart", "uni": "uni", "category": "wohnheime", "name": "Wohnheim", "adress": "Pfaffenwaldring 48B", "sportart": null, "lon": 9.1001308, "lat": 48.7465579 }, "geometry": { "type": "Point", "coordinates": [ 9.1001308, 48.7465579 ] } },
{ "type": "Feature", "properties": { "id": "way/504522315", "city": "stuttgart", "uni": "uni", "category": "wohnheime", "name": "Wohnheim", "adress": "Pfaffenwaldring 48A", "sportart": null, "lon": 9.1003343, "lat": 48.7463846 }, "geometry": { "type": "Point", "coordinates": [ 9.1003343, 48.7463846 ] } },
{ "type": "Feature", "properties": { "id": "way/504522316", "city": "stuttgart", "uni": "uni", "category": "wohnheime", "name": "Wohnheim", "adress": "Pfaffenwaldring 48E", "sportart": null, "lon": 9.100335, "lat": 48.7462256 }, "geometry": { "type": "Point", "coordinates": [ 9.100335, 48.7462256 ] } },
{ "type": "Feature", "properties": { "id": "way/504522317", "city": "stuttgart", "uni": "uni", "category": "wohnheime", "name": "Wohnheim", "adress": "Pfaffenwaldring 48F", "sportart": null, "lon": 9.1005775, "lat": 48.7462148 }, "geometry": { "type": "Point", "coordinates": [ 9.1005775, 48.7462148 ] } },
{ "type": "Feature", "properties": { "id": "way/504522318", "city": "stuttgart", "uni": "uni", "category": "wohnheime", "name": "Wohnheim", "adress": "Pfaffenwaldring 48G", "sportart": null, "lon": 9.1008184, "lat": 48.7462041 }, "geometry": { "type": "Point", "coordinates": [ 9.1008184, 48.7462041 ] } },
{ "type": "Feature", "properties": { "id": "way/504526727", "city": "stuttgart", "uni": "uni", "category": "wohnheime", "name": "Wohnheim", "adress": "Pfaffenwaldring 46F", "sportart": null, "lon": 9.1008761, "lat": 48.7466859 }, "geometry": { "type": "Point", "coordinates": [ 9.1008761, 48.7466859 ] } },
{ "type": "Feature", "properties": { "id": "way/504526728", "city": "stuttgart", "uni": "uni", "category": "wohnheime", "name": "Wohnheim", "adress": "Pfaffenwaldring 46B", "sportart": null, "lon": 9.1004272, "lat": 48.747027 }, "geometry": { "type": "Point", "coordinates": [ 9.1004272, 48.747027 ] } },
{ "type": "Feature", "properties": { "id": "way/504526729", "city": "stuttgart", "uni": "uni", "category": "wohnheime", "name": "Wohnheim", "adress": "Pfaffenwaldring 46C", "sportart": null, "lon": 9.100411, "lat": 48.7468666 }, "geometry": { "type": "Point", "coordinates": [ 9.100411, 48.7468666 ] } },
{ "type": "Feature", "properties": { "id": "way/504526730", "city": "stuttgart", "uni": "uni", "category": "wohnheime", "name": "Wohnheim", "adress": "Pfaffenwaldring 46D", "sportart": null, "lon": 9.1003936, "lat": 48.7467068 }, "geometry": { "type": "Point", "coordinates": [ 9.1003936, 48.7467068 ] } },
{ "type": "Feature", "properties": { "id": "way/504526731", "city": "stuttgart", "uni": "uni", "category": "wohnheime", "name": "Wohnheim", "adress": "Pfaffenwaldring 46E", "sportart": null, "lon": 9.1006332, "lat": 48.7466978 }, "geometry": { "type": "Point", "coordinates": [ 9.1006332, 48.7466978 ] } },
{ "type": "Feature", "properties": { "id": "way/504534822", "city": "stuttgart", "uni": "uni", "category": "wohnheime", "name": "Wohnheim", "adress": "Pfaffenwaldring 42G", "sportart": null, "lon": 9.1019611, "lat": 48.7468206 }, "geometry": { "type": "Point", "coordinates": [ 9.1019611, 48.7468206 ] } },
{ "type": "Feature", "properties": { "id": "way/504534827", "city": "stuttgart", "uni": "uni", "category": "wohnheime", "name": "Wohnheim", "adress": "Pfaffenwaldring 42E", "sportart": null, "lon": 9.1020005, "lat": 48.7471841 }, "geometry": { "type": "Point", "coordinates": [ 9.1020005, 48.7471841 ] } },
{ "type": "Feature", "properties": { "id": "way/504534832", "city": "stuttgart", "uni": "uni", "category": "wohnheime", "name": "Wohnheim", "adress": "Pfaffenwaldring 42A", "sportart": null, "lon": 9.1022219, "lat": 48.7471718 }, "geometry": { "type": "Point", "coordinates": [ 9.1022219, 48.7471718 ] } },
{ "type": "Feature", "properties": { "id": "way/504534836", "city": "stuttgart", "uni": "uni", "category": "wohnheime", "name": "Wohnheim", "adress": "Pfaffenwaldring 42C", "sportart": null, "lon": 9.1021842, "lat": 48.7468087 }, "geometry": { "type": "Point", "coordinates": [ 9.1021842, 48.7468087 ] } },
{ "type": "Feature", "properties": { "id": "way/504534838", "city": "stuttgart", "uni": "uni", "category": "wohnheime", "name": "Wohnheim", "adress": "Pfaffenwaldring 42D", "sportart": null, "lon": 9.1021653, "lat": 48.746636 }, "geometry": { "type": "Point", "coordinates": [ 9.1021653, 48.746636 ] } },
{ "type": "Feature", "properties": { "id": "way/504534862", "city": "stuttgart", "uni": "uni", "category": "wohnheime", "name": "Wohnheim", "adress": "Pfaffenwaldring 44D", "sportart": null, "lon": 9.1012346, "lat": 48.7469708 }, "geometry": { "type": "Point", "coordinates": [ 9.1012346, 48.7469708 ] } },
{ "type": "Feature", "properties": { "id": "way/504534864", "city": "stuttgart", "uni": "uni", "category": "wohnheime", "name": "Wohnheim", "adress": "Pfaffenwaldring 44C", "sportart": null, "lon": 9.1012515, "lat": 48.7471317 }, "geometry": { "type": "Point", "coordinates": [ 9.1012515, 48.7471317 ] } },
{ "type": "Feature", "properties": { "id": "way/504534865", "city": "stuttgart", "uni": "uni", "category": "wohnheime", "name": "Wohnheim", "adress": "Pfaffenwaldring 44B", "sportart": null, "lon": 9.1014343, "lat": 48.7467464 }, "geometry": { "type": "Point", "coordinates": [ 9.1014343, 48.7467464 ] } },
{ "type": "Feature", "properties": { "id": "way/504534866", "city": "stuttgart", "uni": "uni", "category": "wohnheime", "name": "Wohnheim", "adress": "Pfaffenwaldring 44A", "sportart": null, "lon": 9.1014904, "lat": 48.7471187 }, "geometry": { "type": "Point", "coordinates": [ 9.1014904, 48.7471187 ] } },
{ "type": "Feature", "properties": { "id": "way/533569216", "city": "stuttgart", "uni": "uni", "category": "wohnheime", "name": "campo III", "adress": "Vaihinger Straße 57", "sportart": null, "lon": 9.1451346, "lat": 48.7277368 }, "geometry": { "type": "Point", "coordinates": [ 9.1451346, 48.7277368 ] } },
{ "type": "Feature", "properties": { "id": "way/642602835", "city": "stuttgart", "uni": "uni", "category": "wohnheime", "name": "campo V", "adress": "Seerosenstraße 1", "sportart": null, "lon": 9.1066374, "lat": 48.7301755 }, "geometry": { "type": "Point", "coordinates": [ 9.1066374, 48.7301755 ] } },
{ "type": "Feature", "properties": { "id": "way/650737550", "city": "stuttgart", "uni": "uni", "category": "wohnheime", "name": "Wohnheim", "adress": "Balinger Straße 35C", "sportart": null, "lon": 9.1414508, "lat": 48.7302321 }, "geometry": { "type": "Point", "coordinates": [ 9.1414508, 48.7302321 ] } },
{ "type": "Feature", "properties": { "id": "way/741630373", "city": "stuttgart", "uni": "uni", "category": "wohnheime", "name": "Wohnheim", "adress": "Allmandring 26K", "sportart": null, "lon": 9.0946756, "lat": 48.7441325 }, "geometry": { "type": "Point", "coordinates": [ 9.0946756, 48.7441325 ] } },
{ "type": "Feature", "properties": { "id": "way/741630374", "city": "stuttgart", "uni": "uni", "category": "wohnheime", "name": "Wohnheim", "adress": "Allmandring 26I", "sportart": null, "lon": 9.0952568, "lat": 48.7440908 }, "geometry": { "type": "Point", "coordinates": [ 9.0952568, 48.7440908 ] } },
{ "type": "Feature", "properties": { "id": "way/741630375", "city": "stuttgart", "uni": "uni", "category": "wohnheime", "name": "Wohnheim", "adress": "Allmandring 26H", "sportart": null, "lon": 9.0947988, "lat": 48.7438392 }, "geometry": { "type": "Point", "coordinates": [ 9.0947988, 48.7438392 ] } },
{ "type": "Feature", "properties": { "id": "way/741630376", "city": "stuttgart", "uni": "uni", "category": "wohnheime", "name": "Wohnheim", "adress": "Allmandring 26G", "sportart": null, "lon": 9.0953151, "lat": 48.7437846 }, "geometry": { "type": "Point", "coordinates": [ 9.0953151, 48.7437846 ] } },
{ "type": "Feature", "properties": { "id": "way/741630377", "city": "stuttgart", "uni": "uni", "category": "wohnheime", "name": "Wohnheim", "adress": "Allmandring 26E", "sportart": null, "lon": 9.095377, "lat": 48.7434788 }, "geometry": { "type": "Point", "coordinates": [ 9.095377, 48.7434788 ] } },
{ "type": "Feature", "properties": { "id": "way/741630378", "city": "stuttgart", "uni": "uni", "category": "wohnheime", "name": "Wohnheim", "adress": "Allmandring 26F", "sportart": null, "lon": 9.0949187, "lat": 48.7435427 }, "geometry": { "type": "Point", "coordinates": [ 9.0949187, 48.7435427 ] } },
{ "type": "Feature", "properties": { "id": "way/741631270", "city": "stuttgart", "uni": "uni", "category": "wohnheime", "name": "Wohnheim", "adress": "Allmandring 26L", "sportart": null, "lon": 9.0952016, "lat": 48.7443958 }, "geometry": { "type": "Point", "coordinates": [ 9.0952016, 48.7443958 ] } },
{ "type": "Feature", "properties": { "id": "way/782309192", "city": "stuttgart", "uni": "uni", "category": "wohnheime", "name": "Wohnheim", "adress": null, "sportart": null, "lon": 9.2098615, "lat": 48.716762 }, "geometry": { "type": "Point", "coordinates": [ 9.2098615, 48.716762 ] } },
{ "type": "Feature", "properties": { "id": "way/782309193", "city": "stuttgart", "uni": "uni", "category": "wohnheime", "name": "Wohnheim", "adress": "Egilolfstraße 45", "sportart": null, "lon": 9.2096576, "lat": 48.7165361 }, "geometry": { "type": "Point", "coordinates": [ 9.2096576, 48.7165361 ] } },
{ "type": "Feature", "properties": { "id": "way/782309194", "city": "stuttgart", "uni": "uni", "category": "wohnheime", "name": "Wohnheim", "adress": "Egilolfstraße 41", "sportart": null, "lon": 9.2100856, "lat": 48.7169281 }, "geometry": { "type": "Point", "coordinates": [ 9.2100856, 48.7169281 ] } },
{ "type": "Feature", "properties": { "id": "way/782309195", "city": "stuttgart", "uni": "uni", "category": "wohnheime", "name": "Wohnheim", "adress": "Egilolfstraße 43", "sportart": null, "lon": 9.2101375, "lat": 48.7164827 }, "geometry": { "type": "Point", "coordinates": [ 9.2101375, 48.7164827 ] } },
{ "type": "Feature", "properties": { "id": "way/1004702682", "city": "stuttgart", "uni": "uni", "category": "wohnheime", "name": "Wohnheim", "adress": null, "sportart": null, "lon": 9.1720357, "lat": 48.7850596 }, "geometry": { "type": "Point", "coordinates": [ 9.1720357, 48.7850596 ] } },
{ "type": "Feature", "properties": { "id": "way/1077499005", "city": "stuttgart", "uni": "uni", "category": "wohnheime", "name": "Christoph-Ulrich-Hahn-Haus (Neubau)", "adress": "Himmelsleiter 68", "sportart": null, "lon": 9.2013814, "lat": 48.8376478 }, "geometry": { "type": "Point", "coordinates": [ 9.2013814, 48.8376478 ] } },
{ "type": "Feature", "properties": { "id": "way/1112536621", "city": "stuttgart", "uni": "uni", "category": "wohnheime", "name": "Wohnheim", "adress": "Steckfeldstraße 53", "sportart": null, "lon": 9.1996747, "lat": 48.7154211 }, "geometry": { "type": "Point", "coordinates": [ 9.1996747, 48.7154211 ] } },
{ "type": "Feature", "properties": { "id": "way/1215467976", "city": "stuttgart", "uni": "uni", "category": "wohnheime", "name": "Wohnheim", "adress": "Stuttgarter Straße 210/1", "sportart": null, "lon": 9.1820478, "lat": 48.8494258 }, "geometry": { "type": "Point", "coordinates": [ 9.1820478, 48.8494258 ] } },
{ "type": "Feature", "properties": { "id": "way/1215467977", "city": "stuttgart", "uni": "uni", "category": "wohnheime", "name": "Wohnheim", "adress": "Stuttgarter Straße 210", "sportart": null, "lon": 9.1824086, "lat": 48.8493178 }, "geometry": { "type": "Point", "coordinates": [ 9.1824086, 48.8493178 ] } },
{ "type": "Feature", "properties": { "id": "node/13354966", "city": "stuttgart", "uni": "uniHohenheim", "category": "bahnhoefe", "name": "Esslingen (Neckar)", "adress": null, "sportart": null, "lon": 9.3003518, "lat": 48.7385898 }, "geometry": { "type": "Point", "coordinates": [ 9.3003518, 48.7385898 ] } },
{ "type": "Feature", "properties": { "id": "node/27312362", "city": "stuttgart", "uni": "uniHohenheim", "category": "bahnhoefe", "name": "Stuttgart Flughafen/Messe", "adress": null, "sportart": null, "lon": 9.1926989, "lat": 48.6904461 }, "geometry": { "type": "Point", "coordinates": [ 9.1926989, 48.6904461 ] } },
{ "type": "Feature", "properties": { "id": "node/103011354", "city": "stuttgart", "uni": "uniHohenheim", "category": "bahnhoefe", "name": "Leinfelden", "adress": null, "sportart": null, "lon": 9.1427508, "lat": 48.6966965 }, "geometry": { "type": "Point", "coordinates": [ 9.1427508, 48.6966965 ] } },
{ "type": "Feature", "properties": { "id": "node/149285759", "city": "stuttgart", "uni": "uniHohenheim", "category": "bahnhoefe", "name": "Filderstadt", "adress": null, "sportart": null, "lon": 9.2177498, "lat": 48.6764343 }, "geometry": { "type": "Point", "coordinates": [ 9.2177498, 48.6764343 ] } },
{ "type": "Feature", "properties": { "id": "node/243771569", "city": "stuttgart", "uni": "uniHohenheim", "category": "bahnhoefe", "name": "Echterdingen", "adress": null, "sportart": null, "lon": 9.1693145, "lat": 48.6921433 }, "geometry": { "type": "Point", "coordinates": [ 9.1693145, 48.6921433 ] } },
{ "type": "Feature", "properties": { "id": "node/248909838", "city": "stuttgart", "uni": "uniHohenheim", "category": "bahnhoefe", "name": "Stuttgart-Untertürkheim", "adress": null, "sportart": null, "lon": 9.2504725, "lat": 48.7798209 }, "geometry": { "type": "Point", "coordinates": [ 9.2504725, 48.7798209 ] } },
{ "type": "Feature", "properties": { "id": "node/263259559", "city": "stuttgart", "uni": "uniHohenheim", "category": "bahnhoefe", "name": "Stuttgart-Obertürkheim", "adress": null, "sportart": null, "lon": 9.2681173, "lat": 48.7617575 }, "geometry": { "type": "Point", "coordinates": [ 9.2681173, 48.7617575 ] } },
{ "type": "Feature", "properties": { "id": "node/278553741", "city": "stuttgart", "uni": "uniHohenheim", "category": "bahnhoefe", "name": "Stuttgart Hauptbahnhof (tief)", "adress": null, "sportart": null, "lon": 9.1799271, "lat": 48.7830723 }, "geometry": { "type": "Point", "coordinates": [ 9.1799271, 48.7830723 ] } },
{ "type": "Feature", "properties": { "id": "node/997756196", "city": "stuttgart", "uni": "uniHohenheim", "category": "bahnhoefe", "name": "Esslingen-Mettingen", "adress": null, "sportart": null, "lon": 9.2756947, "lat": 48.7472159 }, "geometry": { "type": "Point", "coordinates": [ 9.2756947, 48.7472159 ] } },
{ "type": "Feature", "properties": { "id": "node/1635698272", "city": "stuttgart", "uni": "uniHohenheim", "category": "bahnhoefe", "name": "Stuttgart Hauptbahnhof", "adress": null, "sportart": null, "lon": 9.1833959, "lat": 48.7856099 }, "geometry": { "type": "Point", "coordinates": [ 9.1833959, 48.7856099 ] } },
{ "type": "Feature", "properties": { "id": "node/2432321160", "city": "stuttgart", "uni": "uniHohenheim", "category": "bahnhoefe", "name": "Stuttgart Schwabstraße", "adress": null, "sportart": null, "lon": 9.1569698, "lat": 48.7702483 }, "geometry": { "type": "Point", "coordinates": [ 9.1569698, 48.7702483 ] } },
{ "type": "Feature", "properties": { "id": "node/2516586346", "city": "stuttgart", "uni": "uniHohenheim", "category": "bahnhoefe", "name": "Oberesslingen", "adress": null, "sportart": null, "lon": 9.3270958, "lat": 48.7299583 }, "geometry": { "type": "Point", "coordinates": [ 9.3270958, 48.7299583 ] } },
{ "type": "Feature", "properties": { "id": "node/2521443817", "city": "stuttgart", "uni": "uniHohenheim", "category": "bahnhoefe", "name": "Stuttgart-Vaihingen", "adress": null, "sportart": null, "lon": 9.1131764, "lat": 48.7264626 }, "geometry": { "type": "Point", "coordinates": [ 9.1131764, 48.7264626 ] } },
{ "type": "Feature", "properties": { "id": "node/3027565242", "city": "stuttgart", "uni": "uniHohenheim", "category": "bahnhoefe", "name": "Stuttgart Feuersee", "adress": null, "sportart": null, "lon": 9.1659138, "lat": 48.7726044 }, "geometry": { "type": "Point", "coordinates": [ 9.1659138, 48.7726044 ] } },
{ "type": "Feature", "properties": { "id": "node/3034741424", "city": "stuttgart", "uni": "uniHohenheim", "category": "bahnhoefe", "name": "Stuttgart Universität", "adress": null, "sportart": null, "lon": 9.105765, "lat": 48.7452713 }, "geometry": { "type": "Point", "coordinates": [ 9.105765, 48.7452713 ] } },
{ "type": "Feature", "properties": { "id": "node/3034811520", "city": "stuttgart", "uni": "uniHohenheim", "category": "bahnhoefe", "name": "Stuttgart Österfeld", "adress": null, "sportart": null, "lon": 9.1167264, "lat": 48.7375038 }, "geometry": { "type": "Point", "coordinates": [ 9.1167264, 48.7375038 ] } },
{ "type": "Feature", "properties": { "id": "node/3043348659", "city": "stuttgart", "uni": "uniHohenheim", "category": "bahnhoefe", "name": "Stuttgart-Rohr", "adress": null, "sportart": null, "lon": 9.1084072, "lat": 48.7177263 }, "geometry": { "type": "Point", "coordinates": [ 9.1084072, 48.7177263 ] } },
{ "type": "Feature", "properties": { "id": "node/3043366695", "city": "stuttgart", "uni": "uniHohenheim", "category": "bahnhoefe", "name": "Oberaichen", "adress": null, "sportart": null, "lon": 9.1272836, "lat": 48.7052607 }, "geometry": { "type": "Point", "coordinates": [ 9.1272836, 48.7052607 ] } },
{ "type": "Feature", "properties": { "id": "node/3043452988", "city": "stuttgart", "uni": "uniHohenheim", "category": "bahnhoefe", "name": "Bad Cannstatt", "adress": null, "sportart": null, "lon": 9.2168515, "lat": 48.8014069 }, "geometry": { "type": "Point", "coordinates": [ 9.2168515, 48.8014069 ] } },
{ "type": "Feature", "properties": { "id": "node/3068189388", "city": "stuttgart", "uni": "uniHohenheim", "category": "bahnhoefe", "name": "Stuttgart Neckarpark", "adress": null, "sportart": null, "lon": 9.2411731, "lat": 48.7918161 }, "geometry": { "type": "Point", "coordinates": [ 9.2411731, 48.7918161 ] } },
{ "type": "Feature", "properties": { "id": "relation/7527634", "city": "stuttgart", "uni": "uniHohenheim", "category": "sporteinrichtungen", "name": "Sportanlagen Seestraße", "adress": null, "sportart": null, "lon": 9.2271801, "lat": 48.6705001 }, "geometry": { "type": "Point", "coordinates": [ 9.2271801, 48.6705001 ] } },
{ "type": "Feature", "properties": { "id": "way/13872593", "city": "stuttgart", "uni": "uniHohenheim", "category": "sporteinrichtungen", "name": "Spitalwaldhalle", "adress": "Spitalwald 1", "sportart": null, "lon": 9.2036489, "lat": 48.7466477 }, "geometry": { "type": "Point", "coordinates": [ 9.2036489, 48.7466477 ] } },
{ "type": "Feature", "properties": { "id": "way/23021405", "city": "stuttgart", "uni": "uniHohenheim", "category": "sporteinrichtungen", "name": "Hallenbad Plienigen", "adress": "Im Wolfer 40", "sportart": null, "lon": 9.1997448, "lat": 48.708032 }, "geometry": { "type": "Point", "coordinates": [ 9.1997448, 48.708032 ] } },
{ "type": "Feature", "properties": { "id": "way/26521273", "city": "stuttgart", "uni": "uniHohenheim", "category": "sporteinrichtungen", "name": "Tennisclub Ruit", "adress": null, "sportart": null, "lon": 9.2622022, "lat": 48.7272517 }, "geometry": { "type": "Point", "coordinates": [ 9.2622022, 48.7272517 ] } },
{ "type": "Feature", "properties": { "id": "way/30098139", "city": "stuttgart", "uni": "uniHohenheim", "category": "sporteinrichtungen", "name": "Sporteinrichtung", "adress": null, "sportart": null, "lon": 9.1733517, "lat": 48.7344909 }, "geometry": { "type": "Point", "coordinates": [ 9.1733517, 48.7344909 ] } },
{ "type": "Feature", "properties": { "id": "way/30098179", "city": "stuttgart", "uni": "uniHohenheim", "category": "sporteinrichtungen", "name": "Sporteinrichtung", "adress": "Epplestraße 181", "sportart": null, "lon": 9.1688072, "lat": 48.7334039 }, "geometry": { "type": "Point", "coordinates": [ 9.1688072, 48.7334039 ] } },
{ "type": "Feature", "properties": { "id": "way/32514133", "city": "stuttgart", "uni": "uniHohenheim", "category": "sporteinrichtungen", "name": "Sporteinrichtung", "adress": "Birchstraße 1", "sportart": null, "lon": 9.1767311, "lat": 48.7235183 }, "geometry": { "type": "Point", "coordinates": [ 9.1767311, 48.7235183 ] } },
{ "type": "Feature", "properties": { "id": "way/34870859", "city": "stuttgart", "uni": "uniHohenheim", "category": "sporteinrichtungen", "name": "Elisabeth-Selbert-Halle", "adress": "Tübinger Straße 96", "sportart": null, "lon": 9.2128425, "lat": 48.6681903 }, "geometry": { "type": "Point", "coordinates": [ 9.2128425, 48.6681903 ] } },
{ "type": "Feature", "properties": { "id": "way/36832717", "city": "stuttgart", "uni": "uniHohenheim", "category": "sporteinrichtungen", "name": "ADM-Sportpark", "adress": null, "sportart": null, "lon": 9.1867547, "lat": 48.7470723 }, "geometry": { "type": "Point", "coordinates": [ 9.1867547, 48.7470723 ] } },
{ "type": "Feature", "properties": { "id": "way/36907730", "city": "stuttgart", "uni": "uniHohenheim", "category": "sporteinrichtungen", "name": "Vitalcenter Ruit", "adress": "Hedelfinger Straße 166/1", "sportart": null, "lon": 9.2552867, "lat": 48.7408287 }, "geometry": { "type": "Point", "coordinates": [ 9.2552867, 48.7408287 ] } },
{ "type": "Feature", "properties": { "id": "way/38880649", "city": "stuttgart", "uni": "uniHohenheim", "category": "sporteinrichtungen", "name": "Sporthalle Degerloch", "adress": null, "sportart": null, "lon": 9.1635525, "lat": 48.7414586 }, "geometry": { "type": "Point", "coordinates": [ 9.1635525, 48.7414586 ] } },
{ "type": "Feature", "properties": { "id": "way/39870191", "city": "stuttgart", "uni": "uniHohenheim", "category": "sporteinrichtungen", "name": "Sporteinrichtung", "adress": null, "sportart": null, "lon": 9.1954766, "lat": 48.7253211 }, "geometry": { "type": "Point", "coordinates": [ 9.1954766, 48.7253211 ] } },
{ "type": "Feature", "properties": { "id": "way/42754314", "city": "stuttgart", "uni": "uniHohenheim", "category": "sporteinrichtungen", "name": "Bocciadromo", "adress": "Lohäckerstraße 11/1", "sportart": null, "lon": 9.1468538, "lat": 48.7184372 }, "geometry": { "type": "Point", "coordinates": [ 9.1468538, 48.7184372 ] } },
{ "type": "Feature", "properties": { "id": "way/49291431", "city": "stuttgart", "uni": "uniHohenheim", "category": "sporteinrichtungen", "name": "Sporthalle Plieningen", "adress": "Im Wolfer 36", "sportart": null, "lon": 9.2003052, "lat": 48.7085144 }, "geometry": { "type": "Point", "coordinates": [ 9.2003052, 48.7085144 ] } },
{ "type": "Feature", "properties": { "id": "way/51858132", "city": "stuttgart", "uni": "uniHohenheim", "category": "sporteinrichtungen", "name": "Universitätssporthalle", "adress": "Egilolfstraße 47", "sportart": null, "lon": 9.2089688, "lat": 48.7163453 }, "geometry": { "type": "Point", "coordinates": [ 9.2089688, 48.7163453 ] } },
{ "type": "Feature", "properties": { "id": "way/51858175", "city": "stuttgart", "uni": "uniHohenheim", "category": "sporteinrichtungen", "name": "Sporteinrichtung", "adress": "Moosheimer Straße", "sportart": null, "lon": 9.2067428, "lat": 48.7225915 }, "geometry": { "type": "Point", "coordinates": [ 9.2067428, 48.7225915 ] } },
{ "type": "Feature", "properties": { "id": "way/53177673", "city": "stuttgart", "uni": "uniHohenheim", "category": "sporteinrichtungen", "name": "Top Tennis", "adress": "Schönbergstraße 38", "sportart": null, "lon": 9.2227273, "lat": 48.7247982 }, "geometry": { "type": "Point", "coordinates": [ 9.2227273, 48.7247982 ] } },
{ "type": "Feature", "properties": { "id": "way/53395362", "city": "stuttgart", "uni": "uniHohenheim", "category": "sporteinrichtungen", "name": "Sporthalle", "adress": "Haldenstraße 42", "sportart": null, "lon": 9.2257993, "lat": 48.7215775 }, "geometry": { "type": "Point", "coordinates": [ 9.2257993, 48.7215775 ] } },
{ "type": "Feature", "properties": { "id": "way/53395366", "city": "stuttgart", "uni": "uniHohenheim", "category": "sporteinrichtungen", "name": "Hallenbad Kemnat", "adress": "Haldenstraße 40", "sportart": null, "lon": 9.224977, "lat": 48.7215564 }, "geometry": { "type": "Point", "coordinates": [ 9.224977, 48.7215564 ] } },
{ "type": "Feature", "properties": { "id": "way/58379516", "city": "stuttgart", "uni": "uniHohenheim", "category": "sporteinrichtungen", "name": "DAV-Kletterzentrum Stuttgart", "adress": null, "sportart": null, "lon": 9.1874814, "lat": 48.7493359 }, "geometry": { "type": "Point", "coordinates": [ 9.1874814, 48.7493359 ] } },
{ "type": "Feature", "properties": { "id": "way/75319121", "city": "stuttgart", "uni": "uniHohenheim", "category": "sporteinrichtungen", "name": "TBC-Halle", "adress": "La Souterrainer Straße 14", "sportart": null, "lon": 9.2101891, "lat": 48.6709335 }, "geometry": { "type": "Point", "coordinates": [ 9.2101891, 48.6709335 ] } },
{ "type": "Feature", "properties": { "id": "way/80621375", "city": "stuttgart", "uni": "uniHohenheim", "category": "sporteinrichtungen", "name": "Körschtalhalle", "adress": "Rolf-Brack-Straße 2", "sportart": null, "lon": 9.2677973, "lat": 48.706819 }, "geometry": { "type": "Point", "coordinates": [ 9.2677973, 48.706819 ] } },
{ "type": "Feature", "properties": { "id": "way/94170470", "city": "stuttgart", "uni": "uniHohenheim", "category": "sporteinrichtungen", "name": "Sporteinrichtung", "adress": "Friedrich-Strobel-Weg 3", "sportart": null, "lon": 9.1878915, "lat": 48.7494391 }, "geometry": { "type": "Point", "coordinates": [ 9.1878915, 48.7494391 ] } },
{ "type": "Feature", "properties": { "id": "way/94170624", "city": "stuttgart", "uni": "uniHohenheim", "category": "sporteinrichtungen", "name": "Ruth-Endress-Halle, tus 3", "adress": "Königsträßle 37", "sportart": null, "lon": 9.1841244, "lat": 48.7518045 }, "geometry": { "type": "Point", "coordinates": [ 9.1841244, 48.7518045 ] } },
{ "type": "Feature", "properties": { "id": "way/94170645", "city": "stuttgart", "uni": "uniHohenheim", "category": "sporteinrichtungen", "name": "Sporteinrichtung", "adress": null, "sportart": null, "lon": 9.188829, "lat": 48.751092 }, "geometry": { "type": "Point", "coordinates": [ 9.188829, 48.751092 ] } },
{ "type": "Feature", "properties": { "id": "way/95740036", "city": "stuttgart", "uni": "uniHohenheim", "category": "sporteinrichtungen", "name": "Turn- und Versammlungshalle", "adress": "Albstraße 70", "sportart": null, "lon": 9.1647862, "lat": 48.7426378 }, "geometry": { "type": "Point", "coordinates": [ 9.1647862, 48.7426378 ] } },
{ "type": "Feature", "properties": { "id": "way/127314449", "city": "stuttgart", "uni": "uniHohenheim", "category": "sporteinrichtungen", "name": "Sporteinrichtung", "adress": "Kirchheimer Straße 125/23", "sportart": null, "lon": 9.2630344, "lat": 48.7283548 }, "geometry": { "type": "Point", "coordinates": [ 9.2630344, 48.7283548 ] } },
{ "type": "Feature", "properties": { "id": "way/127314512", "city": "stuttgart", "uni": "uniHohenheim", "category": "sporteinrichtungen", "name": "Sporteinrichtung", "adress": "Kirchheimer Straße 125/2", "sportart": null, "lon": 9.2647187, "lat": 48.7261765 }, "geometry": { "type": "Point", "coordinates": [ 9.2647187, 48.7261765 ] } },
{ "type": "Feature", "properties": { "id": "way/127314614", "city": "stuttgart", "uni": "uniHohenheim", "category": "sporteinrichtungen", "name": "Sporteinrichtung", "adress": "Kirchheimer Straße 125/21", "sportart": null, "lon": 9.2637464, "lat": 48.7283627 }, "geometry": { "type": "Point", "coordinates": [ 9.2637464, 48.7283627 ] } },
{ "type": "Feature", "properties": { "id": "way/129721366", "city": "stuttgart", "uni": "uniHohenheim", "category": "sporteinrichtungen", "name": "Radfahrerverein Kemnat", "adress": "Panoramastraße 71", "sportart": null, "lon": 9.2264014, "lat": 48.7181549 }, "geometry": { "type": "Point", "coordinates": [ 9.2264014, 48.7181549 ] } },
{ "type": "Feature", "properties": { "id": "way/136729363", "city": "stuttgart", "uni": "uniHohenheim", "category": "sporteinrichtungen", "name": "Eiswelt Stuttgart", "adress": "Keßlerweg 8", "sportart": null, "lon": 9.1851778, "lat": 48.7512564 }, "geometry": { "type": "Point", "coordinates": [ 9.1851778, 48.7512564 ] } },
{ "type": "Feature", "properties": { "id": "way/144667335", "city": "stuttgart", "uni": "uniHohenheim", "category": "sporteinrichtungen", "name": "Sportplatz Universität Hohenheim", "adress": null, "sportart": null, "lon": 9.2092221, "lat": 48.7159185 }, "geometry": { "type": "Point", "coordinates": [ 9.2092221, 48.7159185 ] } },
{ "type": "Feature", "properties": { "id": "way/144673748", "city": "stuttgart", "uni": "uniHohenheim", "category": "sporteinrichtungen", "name": "TSV Birkach", "adress": null, "sportart": null, "lon": 9.1981542, "lat": 48.729569 }, "geometry": { "type": "Point", "coordinates": [ 9.1981542, 48.729569 ] } },
{ "type": "Feature", "properties": { "id": "way/145609559", "city": "stuttgart", "uni": "uniHohenheim", "category": "sporteinrichtungen", "name": "Sporthalle", "adress": "Seestraße 21", "sportart": null, "lon": 9.227578, "lat": 48.6699577 }, "geometry": { "type": "Point", "coordinates": [ 9.227578, 48.6699577 ] } },
{ "type": "Feature", "properties": { "id": "way/161898196", "city": "stuttgart", "uni": "uniHohenheim", "category": "sporteinrichtungen", "name": "Sportanlage Talwiesen", "adress": null, "sportart": null, "lon": 9.2594957, "lat": 48.720742 }, "geometry": { "type": "Point", "coordinates": [ 9.2594957, 48.720742 ] } },
{ "type": "Feature", "properties": { "id": "way/163282619", "city": "stuttgart", "uni": "uniHohenheim", "category": "sporteinrichtungen", "name": "Sporthalle", "adress": "Guts-Muths-Weg 8", "sportart": null, "lon": 9.1900435, "lat": 48.752927 }, "geometry": { "type": "Point", "coordinates": [ 9.1900435, 48.752927 ] } },
{ "type": "Feature", "properties": { "id": "way/171822221", "city": "stuttgart", "uni": "uniHohenheim", "category": "sporteinrichtungen", "name": "Sporthalle Möhringen (Rembrandthalle)", "adress": null, "sportart": null, "lon": 9.1529998, "lat": 48.7312438 }, "geometry": { "type": "Point", "coordinates": [ 9.1529998, 48.7312438 ] } },
{ "type": "Feature", "properties": { "id": "way/219447937", "city": "stuttgart", "uni": "uniHohenheim", "category": "sporteinrichtungen", "name": "Sporteinrichtung", "adress": "Kirchheimer Straße 125/19", "sportart": null, "lon": 9.2634271, "lat": 48.7281027 }, "geometry": { "type": "Point", "coordinates": [ 9.2634271, 48.7281027 ] } },
{ "type": "Feature", "properties": { "id": "way/235194739", "city": "stuttgart", "uni": "uniHohenheim", "category": "sporteinrichtungen", "name": "Sporthalle Schule im Park", "adress": "Gerhard-Koch-Straße 8", "sportart": null, "lon": 9.2734137, "lat": 48.7224336 }, "geometry": { "type": "Point", "coordinates": [ 9.2734137, 48.7224336 ] } },
{ "type": "Feature", "properties": { "id": "node/278560962", "city": "stuttgart", "uni": "uniHohenheim", "category": "sporteinrichtungen", "name": "Rundsporthalle", "adress": "Dombasler Straße 10", "sportart": null, "lon": 9.2111157, "lat": 48.6720555 }, "geometry": { "type": "Point", "coordinates": [ 9.2111157, 48.6720555 ] } },
{ "type": "Feature", "properties": { "id": "way/651695245", "city": "stuttgart", "uni": "uniHohenheim", "category": "sporteinrichtungen", "name": "Sporteinrichtung", "adress": null, "sportart": null, "lon": 9.1740105, "lat": 48.7341847 }, "geometry": { "type": "Point", "coordinates": [ 9.1740105, 48.7341847 ] } },
{ "type": "Feature", "properties": { "id": "way/683704723", "city": "stuttgart", "uni": "uniHohenheim", "category": "sporteinrichtungen", "name": "Hohe Eiche", "adress": null, "sportart": null, "lon": 9.1716207, "lat": 48.733418 }, "geometry": { "type": "Point", "coordinates": [ 9.1716207, 48.733418 ] } },
{ "type": "Feature", "properties": { "id": "way/1061154212", "city": "stuttgart", "uni": "uniHohenheim", "category": "sporteinrichtungen", "name": "Sporteinrichtung", "adress": "Markus-Schleicher-Straße 15A", "sportart": null, "lon": 9.1556589, "lat": 48.7118352 }, "geometry": { "type": "Point", "coordinates": [ 9.1556589, 48.7118352 ] } },
{ "type": "Feature", "properties": { "id": "way/1106184454", "city": "stuttgart", "uni": "uniHohenheim", "category": "sporteinrichtungen", "name": "HTC Stuttgarter Kickers", "adress": "Bopseräcker 1", "sportart": null, "lon": 9.1698313, "lat": 48.7331069 }, "geometry": { "type": "Point", "coordinates": [ 9.1698313, 48.7331069 ] } },
{ "type": "Feature", "properties": { "id": "node/1246034770", "city": "stuttgart", "uni": "uniHohenheim", "category": "sporteinrichtungen", "name": "Fitnesspark Sillenbuch", "adress": "Schemppstraße 81", "sportart": null, "lon": 9.2191196, "lat": 48.7396509 }, "geometry": { "type": "Point", "coordinates": [ 9.2191196, 48.7396509 ] } },
{ "type": "Feature", "properties": { "id": "way/1297688429", "city": "stuttgart", "uni": "uniHohenheim", "category": "sporteinrichtungen", "name": "Elfriede-Löffler-Sportpark", "adress": null, "sportart": null, "lon": 9.2216702, "lat": 48.7357523 }, "geometry": { "type": "Point", "coordinates": [ 9.2216702, 48.7357523 ] } },
{ "type": "Feature", "properties": { "id": "way/1341320252", "city": "stuttgart", "uni": "uniHohenheim", "category": "sporteinrichtungen", "name": "Sporteinrichtung", "adress": null, "sportart": null, "lon": 9.2237494, "lat": 48.7375197 }, "geometry": { "type": "Point", "coordinates": [ 9.2237494, 48.7375197 ] } },
{ "type": "Feature", "properties": { "id": "way/1341322577", "city": "stuttgart", "uni": "uniHohenheim", "category": "sporteinrichtungen", "name": "Sporteinrichtung", "adress": null, "sportart": null, "lon": 9.2231374, "lat": 48.7363914 }, "geometry": { "type": "Point", "coordinates": [ 9.2231374, 48.7363914 ] } },
{ "type": "Feature", "properties": { "id": "way/1366343485", "city": "stuttgart", "uni": "uniHohenheim", "category": "sporteinrichtungen", "name": "Modellflugplatz Ostfildern", "adress": null, "sportart": null, "lon": 9.2777379, "lat": 48.7213878 }, "geometry": { "type": "Point", "coordinates": [ 9.2777379, 48.7213878 ] } },
{ "type": "Feature", "properties": { "id": "way/1451403512", "city": "stuttgart", "uni": "uniHohenheim", "category": "sporteinrichtungen", "name": "Sporthalle Ruit", "adress": "Justinus-Kerner-Weg 44", "sportart": null, "lon": 9.2546589, "lat": 48.7265137 }, "geometry": { "type": "Point", "coordinates": [ 9.2546589, 48.7265137 ] } },
{ "type": "Feature", "properties": { "id": "way/1481541929", "city": "stuttgart", "uni": "uniHohenheim", "category": "sporteinrichtungen", "name": "TC Bernhausen e.V.", "adress": null, "sportart": null, "lon": 9.208732, "lat": 48.6707679 }, "geometry": { "type": "Point", "coordinates": [ 9.208732, 48.6707679 ] } },
{ "type": "Feature", "properties": { "id": "way/1481541959", "city": "stuttgart", "uni": "uniHohenheim", "category": "sporteinrichtungen", "name": "Sporteinrichtung", "adress": null, "sportart": null, "lon": 9.2105487, "lat": 48.6717192 }, "geometry": { "type": "Point", "coordinates": [ 9.2105487, 48.6717192 ] } },
{ "type": "Feature", "properties": { "id": "node/1619068013", "city": "stuttgart", "uni": "uniHohenheim", "category": "sporteinrichtungen", "name": "Turnhalle Lindenschule", "adress": null, "sportart": null, "lon": 9.2719199, "lat": 48.7276489 }, "geometry": { "type": "Point", "coordinates": [ 9.2719199, 48.7276489 ] } },
{ "type": "Feature", "properties": { "id": "node/1817495990", "city": "stuttgart", "uni": "uniHohenheim", "category": "sporteinrichtungen", "name": "Fit+", "adress": null, "sportart": null, "lon": 9.2325393, "lat": 48.7460418 }, "geometry": { "type": "Point", "coordinates": [ 9.2325393, 48.7460418 ] } },
{ "type": "Feature", "properties": { "id": "node/1836685803", "city": "stuttgart", "uni": "uniHohenheim", "category": "sporteinrichtungen", "name": "TSG Stuttgart e. V.", "adress": null, "sportart": null, "lon": 9.1891315, "lat": 48.7520892 }, "geometry": { "type": "Point", "coordinates": [ 9.1891315, 48.7520892 ] } },
{ "type": "Feature", "properties": { "id": "node/2016366737", "city": "stuttgart", "uni": "uniHohenheim", "category": "sporteinrichtungen", "name": "Panoramabad Asemwald", "adress": null, "sportart": null, "lon": 9.1934553, "lat": 48.7252538 }, "geometry": { "type": "Point", "coordinates": [ 9.1934553, 48.7252538 ] } },
{ "type": "Feature", "properties": { "id": "node/2771007377", "city": "stuttgart", "uni": "uniHohenheim", "category": "sporteinrichtungen", "name": "Vitalis", "adress": null, "sportart": null, "lon": 9.2714017, "lat": 48.7212649 }, "geometry": { "type": "Point", "coordinates": [ 9.2714017, 48.7212649 ] } },
{ "type": "Feature", "properties": { "id": "node/3302627647", "city": "stuttgart", "uni": "uniHohenheim", "category": "sporteinrichtungen", "name": "Jumpers", "adress": null, "sportart": null, "lon": 9.1660208, "lat": 48.7397235 }, "geometry": { "type": "Point", "coordinates": [ 9.1660208, 48.7397235 ] } },
{ "type": "Feature", "properties": { "id": "node/3384360979", "city": "stuttgart", "uni": "uniHohenheim", "category": "sporteinrichtungen", "name": "Akademie für Kampfkunst und Gewaltprävention", "adress": "Hedelfinger Straße 16", "sportart": null, "lon": 9.2528855, "lat": 48.7301376 }, "geometry": { "type": "Point", "coordinates": [ 9.2528855, 48.7301376 ] } },
{ "type": "Feature", "properties": { "id": "node/3676355770", "city": "stuttgart", "uni": "uniHohenheim", "category": "sporteinrichtungen", "name": "Fitnessraum", "adress": null, "sportart": null, "lon": 9.2092885, "lat": 48.7162826 }, "geometry": { "type": "Point", "coordinates": [ 9.2092885, 48.7162826 ] } },
{ "type": "Feature", "properties": { "id": "node/3676355771", "city": "stuttgart", "uni": "uniHohenheim", "category": "sporteinrichtungen", "name": "Gymnastikraum", "adress": null, "sportart": null, "lon": 9.2087316, "lat": 48.7162385 }, "geometry": { "type": "Point", "coordinates": [ 9.2087316, 48.7162385 ] } },
{ "type": "Feature", "properties": { "id": "node/4079662549", "city": "stuttgart", "uni": "uniHohenheim", "category": "sporteinrichtungen", "name": "Ofit", "adress": null, "sportart": null, "lon": 9.2514776, "lat": 48.7069819 }, "geometry": { "type": "Point", "coordinates": [ 9.2514776, 48.7069819 ] } },
{ "type": "Feature", "properties": { "id": "node/4704550849", "city": "stuttgart", "uni": "uniHohenheim", "category": "sporteinrichtungen", "name": "Crossfit Assault", "adress": "Schelmenwasenstraße 21", "sportart": null, "lon": 9.1690308, "lat": 48.7104528 }, "geometry": { "type": "Point", "coordinates": [ 9.1690308, 48.7104528 ] } },
{ "type": "Feature", "properties": { "id": "node/5863345142", "city": "stuttgart", "uni": "uniHohenheim", "category": "sporteinrichtungen", "name": "Top Sports Fitness", "adress": null, "sportart": null, "lon": 9.1662771, "lat": 48.6960865 }, "geometry": { "type": "Point", "coordinates": [ 9.1662771, 48.6960865 ] } },
{ "type": "Feature", "properties": { "id": "node/6204628278", "city": "stuttgart", "uni": "uniHohenheim", "category": "sporteinrichtungen", "name": "Mc Shape", "adress": null, "sportart": null, "lon": 9.2010994, "lat": 48.6752369 }, "geometry": { "type": "Point", "coordinates": [ 9.2010994, 48.6752369 ] } },
{ "type": "Feature", "properties": { "id": "node/6365938776", "city": "stuttgart", "uni": "uniHohenheim", "category": "sporteinrichtungen", "name": "Fitness Park", "adress": null, "sportart": null, "lon": 9.1937232, "lat": 48.6770292 }, "geometry": { "type": "Point", "coordinates": [ 9.1937232, 48.6770292 ] } },
{ "type": "Feature", "properties": { "id": "node/7649452428", "city": "stuttgart", "uni": "uniHohenheim", "category": "sporteinrichtungen", "name": "StudioPlus", "adress": "Scharnhauser Straße 4", "sportart": null, "lon": 9.2147119, "lat": 48.702122 }, "geometry": { "type": "Point", "coordinates": [ 9.2147119, 48.702122 ] } },
{ "type": "Feature", "properties": { "id": "node/9010101254", "city": "stuttgart", "uni": "uniHohenheim", "category": "sporteinrichtungen", "name": "YOGA intens", "adress": "Schönbergstraße 47", "sportart": null, "lon": 9.222529, "lat": 48.7242012 }, "geometry": { "type": "Point", "coordinates": [ 9.222529, 48.7242012 ] } },
{ "type": "Feature", "properties": { "id": "node/10176567546", "city": "stuttgart", "uni": "uniHohenheim", "category": "sporteinrichtungen", "name": "Crossfit Ostfildern", "adress": null, "sportart": null, "lon": 9.2453419, "lat": 48.7282873 }, "geometry": { "type": "Point", "coordinates": [ 9.2453419, 48.7282873 ] } },
{ "type": "Feature", "properties": { "id": "node/10589006254", "city": "stuttgart", "uni": "uniHohenheim", "category": "sporteinrichtungen", "name": "Kettler Studio", "adress": null, "sportart": null, "lon": 9.1926518, "lat": 48.7254934 }, "geometry": { "type": "Point", "coordinates": [ 9.1926518, 48.7254934 ] } },
{ "type": "Feature", "properties": { "id": "node/11012196620", "city": "stuttgart", "uni": "uniHohenheim", "category": "sporteinrichtungen", "name": "Kraftmanufaktur", "adress": null, "sportart": null, "lon": 9.1715626, "lat": 48.7096055 }, "geometry": { "type": "Point", "coordinates": [ 9.1715626, 48.7096055 ] } },
{ "type": "Feature", "properties": { "id": "node/12475948919", "city": "stuttgart", "uni": "uniHohenheim", "category": "sporteinrichtungen", "name": "Bewegungswelt Waldau", "adress": "Georgiiweg 7", "sportart": null, "lon": 9.1875129, "lat": 48.7514001 }, "geometry": { "type": "Point", "coordinates": [ 9.1875129, 48.7514001 ] } },
{ "type": "Feature", "properties": { "id": "node/12571382802", "city": "stuttgart", "uni": "uniHohenheim", "category": "sporteinrichtungen", "name": "Power Play for Ladies", "adress": null, "sportart": null, "lon": 9.1628436, "lat": 48.6958768 }, "geometry": { "type": "Point", "coordinates": [ 9.1628436, 48.6958768 ] } },
{ "type": "Feature", "properties": { "id": "node/13619855919", "city": "stuttgart", "uni": "uniHohenheim", "category": "sporteinrichtungen", "name": "Körperwerk", "adress": "Brunnwiesenstraße 2", "sportart": null, "lon": 9.2458718, "lat": 48.7303632 }, "geometry": { "type": "Point", "coordinates": [ 9.2458718, 48.7303632 ] } },
{ "type": "Feature", "properties": { "id": "node/13838092682", "city": "stuttgart", "uni": "uniHohenheim", "category": "sporteinrichtungen", "name": "Four Horsemen", "adress": "Gottlieb-Daimler-Straße 1", "sportart": null, "lon": 9.1977224, "lat": 48.6771877 }, "geometry": { "type": "Point", "coordinates": [ 9.1977224, 48.6771877 ] } },
{ "type": "Feature", "properties": { "id": "relation/1533949", "city": "stuttgart", "uni": "uniHohenheim", "category": "wohnheime", "name": "Wohnheim", "adress": "Zamenhofstraße 32", "sportart": null, "lon": 9.1387099, "lat": 48.7706387 }, "geometry": { "type": "Point", "coordinates": [ 9.1387099, 48.7706387 ] } },
{ "type": "Feature", "properties": { "id": "way/23691226", "city": "stuttgart", "uni": "uniHohenheim", "category": "wohnheime", "name": "Wohnheim", "adress": "Pfaffenwaldring 50A", "sportart": null, "lon": 9.1019302, "lat": 48.7462609 }, "geometry": { "type": "Point", "coordinates": [ 9.1019302, 48.7462609 ] } },
{ "type": "Feature", "properties": { "id": "way/23691228", "city": "stuttgart", "uni": "uniHohenheim", "category": "wohnheime", "name": "Wohnheim", "adress": "Pfaffenwaldring 48C", "sportart": null, "lon": 9.1001129, "lat": 48.7463985 }, "geometry": { "type": "Point", "coordinates": [ 9.1001129, 48.7463985 ] } },
{ "type": "Feature", "properties": { "id": "way/23691229", "city": "stuttgart", "uni": "uniHohenheim", "category": "wohnheime", "name": "Wohnheim", "adress": "Pfaffenwaldring 46A", "sportart": null, "lon": 9.1006658, "lat": 48.747016 }, "geometry": { "type": "Point", "coordinates": [ 9.1006658, 48.747016 ] } },
{ "type": "Feature", "properties": { "id": "way/23691230", "city": "stuttgart", "uni": "uniHohenheim", "category": "wohnheime", "name": "Wohnheim", "adress": "Pfaffenwaldring 44E", "sportart": null, "lon": 9.1012168, "lat": 48.7468097 }, "geometry": { "type": "Point", "coordinates": [ 9.1012168, 48.7468097 ] } },
{ "type": "Feature", "properties": { "id": "way/23691231", "city": "stuttgart", "uni": "uniHohenheim", "category": "wohnheime", "name": "Wohnheim", "adress": "Pfaffenwaldring 42B", "sportart": null, "lon": 9.1022037, "lat": 48.7469961 }, "geometry": { "type": "Point", "coordinates": [ 9.1022037, 48.7469961 ] } },
{ "type": "Feature", "properties": { "id": "way/23691959", "city": "stuttgart", "uni": "uniHohenheim", "category": "wohnheime", "name": "Wohnheim", "adress": "Allmandring 26A", "sportart": null, "lon": 9.0964397, "lat": 48.7440261 }, "geometry": { "type": "Point", "coordinates": [ 9.0964397, 48.7440261 ] } },
{ "type": "Feature", "properties": { "id": "way/23712182", "city": "stuttgart", "uni": "uniHohenheim", "category": "wohnheime", "name": "Wohnheim", "adress": "Allmandring 22C", "sportart": null, "lon": 9.097874, "lat": 48.7447087 }, "geometry": { "type": "Point", "coordinates": [ 9.097874, 48.7447087 ] } },
{ "type": "Feature", "properties": { "id": "way/23712183", "city": "stuttgart", "uni": "uniHohenheim", "category": "wohnheime", "name": "Wohnheim", "adress": "Allmandring 22D", "sportart": null, "lon": 9.0979366, "lat": 48.744501 }, "geometry": { "type": "Point", "coordinates": [ 9.0979366, 48.744501 ] } },
{ "type": "Feature", "properties": { "id": "way/23712184", "city": "stuttgart", "uni": "uniHohenheim", "category": "wohnheime", "name": "Wohnheim", "adress": "Allmandring 22A", "sportart": null, "lon": 9.0982394, "lat": 48.7447832 }, "geometry": { "type": "Point", "coordinates": [ 9.0982394, 48.7447832 ] } },
{ "type": "Feature", "properties": { "id": "way/23712185", "city": "stuttgart", "uni": "uniHohenheim", "category": "wohnheime", "name": "Wohnheim", "adress": "Allmandring 18D", "sportart": null, "lon": 9.0983463, "lat": 48.7445472 }, "geometry": { "type": "Point", "coordinates": [ 9.0983463, 48.7445472 ] } },
{ "type": "Feature", "properties": { "id": "way/23712186", "city": "stuttgart", "uni": "uniHohenheim", "category": "wohnheime", "name": "Wohnheim", "adress": "Allmandring 20D", "sportart": null, "lon": 9.0986073, "lat": 48.7449079 }, "geometry": { "type": "Point", "coordinates": [ 9.0986073, 48.7449079 ] } },
{ "type": "Feature", "properties": { "id": "way/23712187", "city": "stuttgart", "uni": "uniHohenheim", "category": "wohnheime", "name": "Wohnheim", "adress": "Allmandring 20C", "sportart": null, "lon": 9.0985435, "lat": 48.7451147 }, "geometry": { "type": "Point", "coordinates": [ 9.0985435, 48.7451147 ] } },
{ "type": "Feature", "properties": { "id": "way/23712188", "city": "stuttgart", "uni": "uniHohenheim", "category": "wohnheime", "name": "Wohnheim", "adress": "Allmandring 20A", "sportart": null, "lon": 9.0989094, "lat": 48.7451897 }, "geometry": { "type": "Point", "coordinates": [ 9.0989094, 48.7451897 ] } },
{ "type": "Feature", "properties": { "id": "way/23712189", "city": "stuttgart", "uni": "uniHohenheim", "category": "wohnheime", "name": "Wohnheim", "adress": "Allmandring 16B", "sportart": null, "lon": 9.0992732, "lat": 48.7452376 }, "geometry": { "type": "Point", "coordinates": [ 9.0992732, 48.7452376 ] } },
{ "type": "Feature", "properties": { "id": "way/23712190", "city": "stuttgart", "uni": "uniHohenheim", "category": "wohnheime", "name": "Wohnheim", "adress": "Allmandring 16A", "sportart": null, "lon": 9.0993366, "lat": 48.745021 }, "geometry": { "type": "Point", "coordinates": [ 9.0993366, 48.745021 ] } },
{ "type": "Feature", "properties": { "id": "way/23712191", "city": "stuttgart", "uni": "uniHohenheim", "category": "wohnheime", "name": "Wohnheim", "adress": "Allmandring 16C", "sportart": null, "lon": 9.0990183, "lat": 48.7449697 }, "geometry": { "type": "Point", "coordinates": [ 9.0990183, 48.7449697 ] } },
{ "type": "Feature", "properties": { "id": "way/23712192", "city": "stuttgart", "uni": "uniHohenheim", "category": "wohnheime", "name": "Wohnheim", "adress": "Allmandring 18C", "sportart": null, "lon": 9.0986628, "lat": 48.7446094 }, "geometry": { "type": "Point", "coordinates": [ 9.0986628, 48.7446094 ] } },
{ "type": "Feature", "properties": { "id": "way/23712193", "city": "stuttgart", "uni": "uniHohenheim", "category": "wohnheime", "name": "Wohnheim", "adress": "Allmandring 18A", "sportart": null, "lon": 9.0990317, "lat": 48.7446662 }, "geometry": { "type": "Point", "coordinates": [ 9.0990317, 48.7446662 ] } },
{ "type": "Feature", "properties": { "id": "way/23712194", "city": "stuttgart", "uni": "uniHohenheim", "category": "wohnheime", "name": "Wohnheim", "adress": "Allmandring 14C", "sportart": null, "lon": 9.0993971, "lat": 48.7447803 }, "geometry": { "type": "Point", "coordinates": [ 9.0993971, 48.7447803 ] } },
{ "type": "Feature", "properties": { "id": "way/23712195", "city": "stuttgart", "uni": "uniHohenheim", "category": "wohnheime", "name": "Wohnheim", "adress": "Allmandring 14A", "sportart": null, "lon": 9.0997633, "lat": 48.744809 }, "geometry": { "type": "Point", "coordinates": [ 9.0997633, 48.744809 ] } },
{ "type": "Feature", "properties": { "id": "way/23712197", "city": "stuttgart", "uni": "uniHohenheim", "category": "wohnheime", "name": "Wohnheim", "adress": "Allmandring 8E", "sportart": null, "lon": 9.1002248, "lat": 48.744886 }, "geometry": { "type": "Point", "coordinates": [ 9.1002248, 48.744886 ] } },
{ "type": "Feature", "properties": { "id": "way/23712198", "city": "stuttgart", "uni": "uniHohenheim", "category": "wohnheime", "name": "Wohnheim", "adress": "Allmandring 8D", "sportart": null, "lon": 9.1005354, "lat": 48.7449149 }, "geometry": { "type": "Point", "coordinates": [ 9.1005354, 48.7449149 ] } },
{ "type": "Feature", "properties": { "id": "way/23712199", "city": "stuttgart", "uni": "uniHohenheim", "category": "wohnheime", "name": "Wohnheim", "adress": "Allmandring 8B", "sportart": null, "lon": 9.1009005, "lat": 48.7449481 }, "geometry": { "type": "Point", "coordinates": [ 9.1009005, 48.7449481 ] } },
{ "type": "Feature", "properties": { "id": "way/23712200", "city": "stuttgart", "uni": "uniHohenheim", "category": "wohnheime", "name": "Wohnheim", "adress": "Allmandring 12A", "sportart": null, "lon": 9.1006624, "lat": 48.7452104 }, "geometry": { "type": "Point", "coordinates": [ 9.1006624, 48.7452104 ] } },
{ "type": "Feature", "properties": { "id": "way/23712201", "city": "stuttgart", "uni": "uniHohenheim", "category": "wohnheime", "name": "Wohnheim", "adress": "Allmandring 12B", "sportart": null, "lon": 9.100346, "lat": 48.7451851 }, "geometry": { "type": "Point", "coordinates": [ 9.100346, 48.7451851 ] } },
{ "type": "Feature", "properties": { "id": "way/23712202", "city": "stuttgart", "uni": "uniHohenheim", "category": "wohnheime", "name": "Wohnheim", "adress": "Allmandring 12C", "sportart": null, "lon": 9.1002836, "lat": 48.7453919 }, "geometry": { "type": "Point", "coordinates": [ 9.1002836, 48.7453919 ] } },
{ "type": "Feature", "properties": { "id": "way/23712203", "city": "stuttgart", "uni": "uniHohenheim", "category": "wohnheime", "name": "Wohnheim", "adress": "Allmandring 12E", "sportart": null, "lon": 9.0999179, "lat": 48.7453244 }, "geometry": { "type": "Point", "coordinates": [ 9.0999179, 48.7453244 ] } },
{ "type": "Feature", "properties": { "id": "way/23712204", "city": "stuttgart", "uni": "uniHohenheim", "category": "wohnheime", "name": "Wohnheim", "adress": "Allmandring 10D", "sportart": null, "lon": 9.1006427, "lat": 48.7454479 }, "geometry": { "type": "Point", "coordinates": [ 9.1006427, 48.7454479 ] } },
{ "type": "Feature", "properties": { "id": "way/23712205", "city": "stuttgart", "uni": "uniHohenheim", "category": "wohnheime", "name": "Wohnheim", "adress": "Allmandring 10B", "sportart": null, "lon": 9.1010115, "lat": 48.7454957 }, "geometry": { "type": "Point", "coordinates": [ 9.1010115, 48.7454957 ] } },
{ "type": "Feature", "properties": { "id": "way/23712206", "city": "stuttgart", "uni": "uniHohenheim", "category": "wohnheime", "name": "Wohnheim", "adress": "Allmandring 10A", "sportart": null, "lon": 9.1010729, "lat": 48.7452887 }, "geometry": { "type": "Point", "coordinates": [ 9.1010729, 48.7452887 ] } },
{ "type": "Feature", "properties": { "id": "way/23838844", "city": "stuttgart", "uni": "uniHohenheim", "category": "wohnheime", "name": "Wohnheim", "adress": "Allmandring 3E", "sportart": null, "lon": 9.1007411, "lat": 48.7431088 }, "geometry": { "type": "Point", "coordinates": [ 9.1007411, 48.7431088 ] } },
{ "type": "Feature", "properties": { "id": "way/24019384", "city": "stuttgart", "uni": "uniHohenheim", "category": "wohnheime", "name": "Karl-Wacker-Heim", "adress": "Vaihinger Landstraße 123", "sportart": null, "lon": 9.1235309, "lat": 48.7718398 }, "geometry": { "type": "Point", "coordinates": [ 9.1235309, 48.7718398 ] } },
{ "type": "Feature", "properties": { "id": "way/25595955", "city": "stuttgart", "uni": "uniHohenheim", "category": "wohnheime", "name": "Max-Kade-Haus", "adress": "Holzgartenstraße 9A", "sportart": null, "lon": 9.1698232, "lat": 48.7804584 }, "geometry": { "type": "Point", "coordinates": [ 9.1698232, 48.7804584 ] } },
{ "type": "Feature", "properties": { "id": "way/28080175", "city": "stuttgart", "uni": "uniHohenheim", "category": "wohnheime", "name": "Wohnheim", "adress": "Ludwigstraße 17", "sportart": null, "lon": 9.1641378, "lat": 48.7747273 }, "geometry": { "type": "Point", "coordinates": [ 9.1641378, 48.7747273 ] } },
{ "type": "Feature", "properties": { "id": "way/32594602", "city": "stuttgart", "uni": "uniHohenheim", "category": "wohnheime", "name": "Wohnheim", "adress": "Universitätsstraße 80", "sportart": null, "lon": 9.1021878, "lat": 48.7422619 }, "geometry": { "type": "Point", "coordinates": [ 9.1021878, 48.7422619 ] } },
{ "type": "Feature", "properties": { "id": "way/32594608", "city": "stuttgart", "uni": "uniHohenheim", "category": "wohnheime", "name": "Wohnheim", "adress": "Universitätsstraße 104A", "sportart": null, "lon": 9.1028693, "lat": 48.742114 }, "geometry": { "type": "Point", "coordinates": [ 9.1028693, 48.742114 ] } },
{ "type": "Feature", "properties": { "id": "way/32594673", "city": "stuttgart", "uni": "uniHohenheim", "category": "wohnheime", "name": "Wohnheim", "adress": "Pfaffenwaldring 76C", "sportart": null, "lon": 9.1022907, "lat": 48.7432134 }, "geometry": { "type": "Point", "coordinates": [ 9.1022907, 48.7432134 ] } },
{ "type": "Feature", "properties": { "id": "way/32594687", "city": "stuttgart", "uni": "uniHohenheim", "category": "wohnheime", "name": "Wohnheim", "adress": "Pfaffenwaldring 64A", "sportart": null, "lon": 9.102479, "lat": 48.7434298 }, "geometry": { "type": "Point", "coordinates": [ 9.102479, 48.7434298 ] } },
{ "type": "Feature", "properties": { "id": "way/33514107", "city": "stuttgart", "uni": "uniHohenheim", "category": "wohnheime", "name": "Studierendenwohnheim Bauhäusle", "adress": "Allmandring 15", "sportart": null, "lon": 9.0973266, "lat": 48.7436218 }, "geometry": { "type": "Point", "coordinates": [ 9.0973266, 48.7436218 ] } },
{ "type": "Feature", "properties": { "id": "way/35678086", "city": "stuttgart", "uni": "uniHohenheim", "category": "wohnheime", "name": "Wohnheim", "adress": "Paracelsusweg 8", "sportart": null, "lon": 9.2558906, "lat": 48.7403668 }, "geometry": { "type": "Point", "coordinates": [ 9.2558906, 48.7403668 ] } },
{ "type": "Feature", "properties": { "id": "way/43121906", "city": "stuttgart", "uni": "uniHohenheim", "category": "wohnheime", "name": "Wohnheim", "adress": "Allmandring 3G", "sportart": null, "lon": 9.1009162, "lat": 48.7426325 }, "geometry": { "type": "Point", "coordinates": [ 9.1009162, 48.7426325 ] } },
{ "type": "Feature", "properties": { "id": "way/43121908", "city": "stuttgart", "uni": "uniHohenheim", "category": "wohnheime", "name": "Wohnheim", "adress": "Allmandring 3I", "sportart": null, "lon": 9.1001524, "lat": 48.7426689 }, "geometry": { "type": "Point", "coordinates": [ 9.1001524, 48.7426689 ] } },
{ "type": "Feature", "properties": { "id": "way/43121909", "city": "stuttgart", "uni": "uniHohenheim", "category": "wohnheime", "name": "Wohnheim", "adress": "Allmandring 3I", "sportart": null, "lon": 9.1003762, "lat": 48.7426571 }, "geometry": { "type": "Point", "coordinates": [ 9.1003762, 48.7426571 ] } },
{ "type": "Feature", "properties": { "id": "way/43121911", "city": "stuttgart", "uni": "uniHohenheim", "category": "wohnheime", "name": "Wohnheim", "adress": "Allmandring 3D", "sportart": null, "lon": 9.1012577, "lat": 48.7428513 }, "geometry": { "type": "Point", "coordinates": [ 9.1012577, 48.7428513 ] } },
{ "type": "Feature", "properties": { "id": "way/43121912", "city": "stuttgart", "uni": "uniHohenheim", "category": "wohnheime", "name": "Wohnheim", "adress": "Allmandring 3D", "sportart": null, "lon": 9.1014809, "lat": 48.7428394 }, "geometry": { "type": "Point", "coordinates": [ 9.1014809, 48.7428394 ] } },
{ "type": "Feature", "properties": { "id": "way/45768259", "city": "stuttgart", "uni": "uniHohenheim", "category": "wohnheime", "name": "Wohnheim", "adress": "Türlenstraße 34", "sportart": null, "lon": 9.1769346, "lat": 48.7920642 }, "geometry": { "type": "Point", "coordinates": [ 9.1769346, 48.7920642 ] } },
{ "type": "Feature", "properties": { "id": "way/51858129", "city": "stuttgart", "uni": "uniHohenheim", "category": "wohnheime", "name": "Wohnheim", "adress": "Egilolfstraße 57", "sportart": null, "lon": 9.2066548, "lat": 48.7150921 }, "geometry": { "type": "Point", "coordinates": [ 9.2066548, 48.7150921 ] } },
{ "type": "Feature", "properties": { "id": "way/53020553", "city": "stuttgart", "uni": "uniHohenheim", "category": "wohnheime", "name": "Wohnheim", "adress": "Welfenstraße 80", "sportart": null, "lon": 9.2058357, "lat": 48.7154907 }, "geometry": { "type": "Point", "coordinates": [ 9.2058357, 48.7154907 ] } },
{ "type": "Feature", "properties": { "id": "way/54512075", "city": "stuttgart", "uni": "uniHohenheim", "category": "wohnheime", "name": "Wohnheim", "adress": "Allmandring 8A", "sportart": null, "lon": 9.1012426, "lat": 48.7450082 }, "geometry": { "type": "Point", "coordinates": [ 9.1012426, 48.7450082 ] } },
{ "type": "Feature", "properties": { "id": "way/54512078", "city": "stuttgart", "uni": "uniHohenheim", "category": "wohnheime", "name": "Wohnheim", "adress": "Allmandring 8C", "sportart": null, "lon": 9.1007176, "lat": 48.7449285 }, "geometry": { "type": "Point", "coordinates": [ 9.1007176, 48.7449285 ] } },
{ "type": "Feature", "properties": { "id": "way/54512079", "city": "stuttgart", "uni": "uniHohenheim", "category": "wohnheime", "name": "Wohnheim", "adress": "Allmandring 10C", "sportart": null, "lon": 9.1008272, "lat": 48.7454917 }, "geometry": { "type": "Point", "coordinates": [ 9.1008272, 48.7454917 ] } },
{ "type": "Feature", "properties": { "id": "way/54513184", "city": "stuttgart", "uni": "uniHohenheim", "category": "wohnheime", "name": "Wohnheim", "adress": "Allmandring 12D", "sportart": null, "lon": 9.1000994, "lat": 48.7453759 }, "geometry": { "type": "Point", "coordinates": [ 9.1000994, 48.7453759 ] } },
{ "type": "Feature", "properties": { "id": "way/54513657", "city": "stuttgart", "uni": "uniHohenheim", "category": "wohnheime", "name": "Wohnheim", "adress": "Allmandring 14B", "sportart": null, "lon": 9.0995804, "lat": 48.7447895 }, "geometry": { "type": "Point", "coordinates": [ 9.0995804, 48.7447895 ] } },
{ "type": "Feature", "properties": { "id": "way/54514928", "city": "stuttgart", "uni": "uniHohenheim", "category": "wohnheime", "name": "Wohnheim", "adress": "Allmandring 18B", "sportart": null, "lon": 9.0988476, "lat": 48.7446229 }, "geometry": { "type": "Point", "coordinates": [ 9.0988476, 48.7446229 ] } },
{ "type": "Feature", "properties": { "id": "way/54515924", "city": "stuttgart", "uni": "uniHohenheim", "category": "wohnheime", "name": "Wohnheim", "adress": "Allmandring 20B", "sportart": null, "lon": 9.0987275, "lat": 48.7451681 }, "geometry": { "type": "Point", "coordinates": [ 9.0987275, 48.7451681 ] } },
{ "type": "Feature", "properties": { "id": "way/54516956", "city": "stuttgart", "uni": "uniHohenheim", "category": "wohnheime", "name": "Wohnheim", "adress": "Allmandring 22B", "sportart": null, "lon": 9.0980576, "lat": 48.7447583 }, "geometry": { "type": "Point", "coordinates": [ 9.0980576, 48.7447583 ] } },
{ "type": "Feature", "properties": { "id": "way/54518732", "city": "stuttgart", "uni": "uniHohenheim", "category": "wohnheime", "name": "Wohnheim", "adress": "Allmandring 26C", "sportart": null, "lon": 9.0958046, "lat": 48.7440889 }, "geometry": { "type": "Point", "coordinates": [ 9.0958046, 48.7440889 ] } },
{ "type": "Feature", "properties": { "id": "way/54518733", "city": "stuttgart", "uni": "uniHohenheim", "category": "wohnheime", "name": "Wohnheim", "adress": "Allmandring 26D", "sportart": null, "lon": 9.0959399, "lat": 48.7437738 }, "geometry": { "type": "Point", "coordinates": [ 9.0959399, 48.7437738 ] } },
{ "type": "Feature", "properties": { "id": "way/54518734", "city": "stuttgart", "uni": "uniHohenheim", "category": "wohnheime", "name": "Wohnheim", "adress": "Allmandring 26B", "sportart": null, "lon": 9.0961891, "lat": 48.74435 }, "geometry": { "type": "Point", "coordinates": [ 9.0961891, 48.74435 ] } },
{ "type": "Feature", "properties": { "id": "way/56400774", "city": "stuttgart", "uni": "uniHohenheim", "category": "wohnheime", "name": "Wohnheim", "adress": "Vaihinger Landstraße 127", "sportart": null, "lon": 9.1231077, "lat": 48.7714416 }, "geometry": { "type": "Point", "coordinates": [ 9.1231077, 48.7714416 ] } },
{ "type": "Feature", "properties": { "id": "way/69843468", "city": "stuttgart", "uni": "uniHohenheim", "category": "wohnheime", "name": "Wohnen für Studierende", "adress": null, "sportart": null, "lon": 9.167345, "lat": 48.7854515 }, "geometry": { "type": "Point", "coordinates": [ 9.167345, 48.7854515 ] } },
{ "type": "Feature", "properties": { "id": "way/91293409", "city": "stuttgart", "uni": "uniHohenheim", "category": "wohnheime", "name": "Wohnheim", "adress": "Pfaffenwaldring 42F", "sportart": null, "lon": 9.1019812, "lat": 48.7470089 }, "geometry": { "type": "Point", "coordinates": [ 9.1019812, 48.7470089 ] } },
{ "type": "Feature", "properties": { "id": "way/97301677", "city": "stuttgart", "uni": "uniHohenheim", "category": "wohnheime", "name": "Wohnheim", "adress": "Böblinger Straße 224", "sportart": null, "lon": 9.1453328, "lat": 48.7572001 }, "geometry": { "type": "Point", "coordinates": [ 9.1453328, 48.7572001 ] } },
{ "type": "Feature", "properties": { "id": "way/97301767", "city": "stuttgart", "uni": "uniHohenheim", "category": "wohnheime", "name": "Wohnheim", "adress": "Böblinger Straße 226", "sportart": null, "lon": 9.1450336, "lat": 48.7571686 }, "geometry": { "type": "Point", "coordinates": [ 9.1450336, 48.7571686 ] } },
{ "type": "Feature", "properties": { "id": "way/97301810", "city": "stuttgart", "uni": "uniHohenheim", "category": "wohnheime", "name": "Wohnheim", "adress": "Böblinger Straße 222", "sportart": null, "lon": 9.1456295, "lat": 48.7572306 }, "geometry": { "type": "Point", "coordinates": [ 9.1456295, 48.7572306 ] } },
{ "type": "Feature", "properties": { "id": "way/99368077", "city": "stuttgart", "uni": "uniHohenheim", "category": "wohnheime", "name": "Wohnheim", "adress": "Landhausstraße 14", "sportart": null, "lon": 9.1911329, "lat": 48.7838659 }, "geometry": { "type": "Point", "coordinates": [ 9.1911329, 48.7838659 ] } },
{ "type": "Feature", "properties": { "id": "way/104892786", "city": "stuttgart", "uni": "uniHohenheim", "category": "wohnheime", "name": "Wohnheim", "adress": "Mörikestraße 64", "sportart": null, "lon": 9.1603357, "lat": 48.7644667 }, "geometry": { "type": "Point", "coordinates": [ 9.1603357, 48.7644667 ] } },
{ "type": "Feature", "properties": { "id": "way/106693472", "city": "stuttgart", "uni": "uniHohenheim", "category": "wohnheime", "name": "Wohnheim", "adress": "Alexanderstraße 146", "sportart": null, "lon": 9.1796457, "lat": 48.7672924 }, "geometry": { "type": "Point", "coordinates": [ 9.1796457, 48.7672924 ] } },
{ "type": "Feature", "properties": { "id": "way/106952031", "city": "stuttgart", "uni": "uniHohenheim", "category": "wohnheime", "name": "Wohnheim", "adress": "Pfaffenwaldring 50A", "sportart": null, "lon": 9.1019484, "lat": 48.7464403 }, "geometry": { "type": "Point", "coordinates": [ 9.1019484, 48.7464403 ] } },
{ "type": "Feature", "properties": { "id": "way/108256826", "city": "stuttgart", "uni": "uniHohenheim", "category": "wohnheime", "name": "Ghibellinenhaus", "adress": "Birkenwaldstraße 40", "sportart": null, "lon": 9.1773132, "lat": 48.7883932 }, "geometry": { "type": "Point", "coordinates": [ 9.1773132, 48.7883932 ] } },
{ "type": "Feature", "properties": { "id": "way/109187743", "city": "stuttgart", "uni": "uniHohenheim", "category": "wohnheime", "name": "Joseph-von-Egle-Studentenwohnheim", "adress": "Panoramastraße 5", "sportart": null, "lon": 9.171845, "lat": 48.7850797 }, "geometry": { "type": "Point", "coordinates": [ 9.171845, 48.7850797 ] } },
{ "type": "Feature", "properties": { "id": "way/116352165", "city": "stuttgart", "uni": "uniHohenheim", "category": "wohnheime", "name": "Wohnheim", "adress": "Pfaffenwaldring 48D", "sportart": null, "lon": 9.1000954, "lat": 48.7462375 }, "geometry": { "type": "Point", "coordinates": [ 9.1000954, 48.7462375 ] } },
{ "type": "Feature", "properties": { "id": "way/132160804", "city": "stuttgart", "uni": "uniHohenheim", "category": "wohnheime", "name": "Wohnheim", "adress": "Körschstraße 14", "sportart": null, "lon": 9.2095256, "lat": 48.7037452 }, "geometry": { "type": "Point", "coordinates": [ 9.2095256, 48.7037452 ] } },
{ "type": "Feature", "properties": { "id": "way/144217141", "city": "stuttgart", "uni": "uniHohenheim", "category": "wohnheime", "name": "Wohnheim", "adress": "Egilolfstraße 51", "sportart": null, "lon": 9.207675, "lat": 48.7157986 }, "geometry": { "type": "Point", "coordinates": [ 9.207675, 48.7157986 ] } },
{ "type": "Feature", "properties": { "id": "way/156089396", "city": "stuttgart", "uni": "uniHohenheim", "category": "wohnheime", "name": "Wohnheim", "adress": "Allmandring 24A", "sportart": null, "lon": 9.0973631, "lat": 48.7443088 }, "geometry": { "type": "Point", "coordinates": [ 9.0973631, 48.7443088 ] } },
{ "type": "Feature", "properties": { "id": "way/156089407", "city": "stuttgart", "uni": "uniHohenheim", "category": "wohnheime", "name": "Wohnheim", "adress": "Allmandring 24D", "sportart": null, "lon": 9.0971265, "lat": 48.7445766 }, "geometry": { "type": "Point", "coordinates": [ 9.0971265, 48.7445766 ] } },
{ "type": "Feature", "properties": { "id": "way/156089413", "city": "stuttgart", "uni": "uniHohenheim", "category": "wohnheime", "name": "Wohnheim", "adress": "Allmandring 24B", "sportart": null, "lon": 9.0969597, "lat": 48.7441775 }, "geometry": { "type": "Point", "coordinates": [ 9.0969597, 48.7441775 ] } },
{ "type": "Feature", "properties": { "id": "way/156089418", "city": "stuttgart", "uni": "uniHohenheim", "category": "wohnheime", "name": "Wohnheim", "adress": "Allmandring 24C", "sportart": null, "lon": 9.0967225, "lat": 48.7444465 }, "geometry": { "type": "Point", "coordinates": [ 9.0967225, 48.7444465 ] } },
{ "type": "Feature", "properties": { "id": "way/167875847", "city": "stuttgart", "uni": "uniHohenheim", "category": "wohnheime", "name": "Wohnen für Studierende", "adress": null, "sportart": null, "lon": 9.1486314, "lat": 48.7309235 }, "geometry": { "type": "Point", "coordinates": [ 9.1486314, 48.7309235 ] } },
{ "type": "Feature", "properties": { "id": "way/167875848", "city": "stuttgart", "uni": "uniHohenheim", "category": "wohnheime", "name": "Wohnen für Studierende", "adress": "Filderbahnplatz 35", "sportart": null, "lon": 9.14916, "lat": 48.7308156 }, "geometry": { "type": "Point", "coordinates": [ 9.14916, 48.7308156 ] } },
{ "type": "Feature", "properties": { "id": "way/167875849", "city": "stuttgart", "uni": "uniHohenheim", "category": "wohnheime", "name": "Wohnen für Studierende", "adress": "Filderbahnplatz 37", "sportart": null, "lon": 9.1493062, "lat": 48.7310574 }, "geometry": { "type": "Point", "coordinates": [ 9.1493062, 48.7310574 ] } },
{ "type": "Feature", "properties": { "id": "way/204631619", "city": "stuttgart", "uni": "uniHohenheim", "category": "wohnheime", "name": "Wohnheim", "adress": null, "sportart": null, "lon": 9.2503248, "lat": 48.6280378 }, "geometry": { "type": "Point", "coordinates": [ 9.2503248, 48.6280378 ] } },
{ "type": "Feature", "properties": { "id": "way/233902595", "city": "stuttgart", "uni": "uniHohenheim", "category": "wohnheime", "name": "Wohnheim", "adress": "Jahnstraße 68", "sportart": null, "lon": 9.1801912, "lat": 48.7527732 }, "geometry": { "type": "Point", "coordinates": [ 9.1801912, 48.7527732 ] } },
{ "type": "Feature", "properties": { "id": "way/252555819", "city": "stuttgart", "uni": "uniHohenheim", "category": "wohnheime", "name": "Wohnheim", "adress": "Pfaffenwaldring 68A", "sportart": null, "lon": 9.1019448, "lat": 48.7432335 }, "geometry": { "type": "Point", "coordinates": [ 9.1019448, 48.7432335 ] } },
{ "type": "Feature", "properties": { "id": "way/252555820", "city": "stuttgart", "uni": "uniHohenheim", "category": "wohnheime", "name": "Wohnheim", "adress": "Pfaffenwaldring 68B", "sportart": null, "lon": 9.1019327, "lat": 48.7431167 }, "geometry": { "type": "Point", "coordinates": [ 9.1019327, 48.7431167 ] } },
{ "type": "Feature", "properties": { "id": "way/252555821", "city": "stuttgart", "uni": "uniHohenheim", "category": "wohnheime", "name": "Wohnheim", "adress": "Pfaffenwaldring 70", "sportart": null, "lon": 9.10192, "lat": 48.7430009 }, "geometry": { "type": "Point", "coordinates": [ 9.10192, 48.7430009 ] } },
{ "type": "Feature", "properties": { "id": "way/252555822", "city": "stuttgart", "uni": "uniHohenheim", "category": "wohnheime", "name": "Wohnheim", "adress": "Pfaffenwaldring 66B", "sportart": null, "lon": 9.1019759, "lat": 48.7434557 }, "geometry": { "type": "Point", "coordinates": [ 9.1019759, 48.7434557 ] } },
{ "type": "Feature", "properties": { "id": "way/252555823", "city": "stuttgart", "uni": "uniHohenheim", "category": "wohnheime", "name": "Wohnheim", "adress": "Pfaffenwaldring 66A", "sportart": null, "lon": 9.1021388, "lat": 48.7434523 }, "geometry": { "type": "Point", "coordinates": [ 9.1021388, 48.7434523 ] } },
{ "type": "Feature", "properties": { "id": "way/252555824", "city": "stuttgart", "uni": "uniHohenheim", "category": "wohnheime", "name": "Wohnheim", "adress": "Pfaffenwaldring 66C", "sportart": null, "lon": 9.1019568, "lat": 48.7433494 }, "geometry": { "type": "Point", "coordinates": [ 9.1019568, 48.7433494 ] } },
{ "type": "Feature", "properties": { "id": "way/252555825", "city": "stuttgart", "uni": "uniHohenheim", "category": "wohnheime", "name": "Wohnheim", "adress": "Pfaffenwaldring 64B", "sportart": null, "lon": 9.1023159, "lat": 48.7434448 }, "geometry": { "type": "Point", "coordinates": [ 9.1023159, 48.7434448 ] } },
{ "type": "Feature", "properties": { "id": "way/288763715", "city": "stuttgart", "uni": "uniHohenheim", "category": "wohnheime", "name": "Wohnheim", "adress": "Rosenbergstraße 16", "sportart": null, "lon": 9.1666028, "lat": 48.7821025 }, "geometry": { "type": "Point", "coordinates": [ 9.1666028, 48.7821025 ] } },
{ "type": "Feature", "properties": { "id": "way/304172873", "city": "stuttgart", "uni": "uniHohenheim", "category": "wohnheime", "name": "Wohnheim", "adress": "Pfaffenwaldring 50B", "sportart": null, "lon": 9.101543, "lat": 48.7462774 }, "geometry": { "type": "Point", "coordinates": [ 9.101543, 48.7462774 ] } },
{ "type": "Feature", "properties": { "id": "way/304172874", "city": "stuttgart", "uni": "uniHohenheim", "category": "wohnheime", "name": "Wohnheim", "adress": "Pfaffenwaldring 50A", "sportart": null, "lon": 9.1021433, "lat": 48.7462537 }, "geometry": { "type": "Point", "coordinates": [ 9.1021433, 48.7462537 ] } },
{ "type": "Feature", "properties": { "id": "way/306808153", "city": "stuttgart", "uni": "uniHohenheim", "category": "wohnheime", "name": "Wohnheim", "adress": "Egilolfstraße 53", "sportart": null, "lon": 9.2068876, "lat": 48.715394 }, "geometry": { "type": "Point", "coordinates": [ 9.2068876, 48.715394 ] } },
{ "type": "Feature", "properties": { "id": "way/306808155", "city": "stuttgart", "uni": "uniHohenheim", "category": "wohnheime", "name": "Wohnheim", "adress": "Egilolfstraße 55", "sportart": null, "lon": 9.2066849, "lat": 48.7152833 }, "geometry": { "type": "Point", "coordinates": [ 9.2066849, 48.7152833 ] } },
{ "type": "Feature", "properties": { "id": "way/306808157", "city": "stuttgart", "uni": "uniHohenheim", "category": "wohnheime", "name": "Wohnheim", "adress": "Egilolfstraße 59", "sportart": null, "lon": 9.2068751, "lat": 48.7150111 }, "geometry": { "type": "Point", "coordinates": [ 9.2068751, 48.7150111 ] } },
{ "type": "Feature", "properties": { "id": "way/308807530", "city": "stuttgart", "uni": "uniHohenheim", "category": "wohnheime", "name": "Wohnheim", "adress": "Haublickstraße 1", "sportart": null, "lon": 9.1206911, "lat": 48.6921621 }, "geometry": { "type": "Point", "coordinates": [ 9.1206911, 48.6921621 ] } },
{ "type": "Feature", "properties": { "id": "way/320857499", "city": "stuttgart", "uni": "uniHohenheim", "category": "wohnheime", "name": "Wohnheim", "adress": "Im Chausseefeld 1", "sportart": null, "lon": 9.1985036, "lat": 48.7140948 }, "geometry": { "type": "Point", "coordinates": [ 9.1985036, 48.7140948 ] } },
{ "type": "Feature", "properties": { "id": "way/320857562", "city": "stuttgart", "uni": "uniHohenheim", "category": "wohnheime", "name": "Wohnheim", "adress": "Im Chausseefeld 5", "sportart": null, "lon": 9.1979267, "lat": 48.7139366 }, "geometry": { "type": "Point", "coordinates": [ 9.1979267, 48.7139366 ] } },
{ "type": "Feature", "properties": { "id": "way/320857570", "city": "stuttgart", "uni": "uniHohenheim", "category": "wohnheime", "name": "Wohnheim", "adress": "Im Chausseefeld 7", "sportart": null, "lon": 9.1976694, "lat": 48.7138917 }, "geometry": { "type": "Point", "coordinates": [ 9.1976694, 48.7138917 ] } },
{ "type": "Feature", "properties": { "id": "way/320857579", "city": "stuttgart", "uni": "uniHohenheim", "category": "wohnheime", "name": "Wohnheim", "adress": "Im Chausseefeld 9", "sportart": null, "lon": 9.1973985, "lat": 48.7139331 }, "geometry": { "type": "Point", "coordinates": [ 9.1973985, 48.7139331 ] } },
{ "type": "Feature", "properties": { "id": "way/326455175", "city": "stuttgart", "uni": "uniHohenheim", "category": "wohnheime", "name": "Rupert-Mayer-Haus", "adress": "Hospitalstraße 26", "sportart": null, "lon": 9.1718009, "lat": 48.7769691 }, "geometry": { "type": "Point", "coordinates": [ 9.1718009, 48.7769691 ] } },
{ "type": "Feature", "properties": { "id": "way/367653721", "city": "stuttgart", "uni": "uniHohenheim", "category": "wohnheime", "name": "Wohnheim", "adress": "Mercedesstraße 51", "sportart": null, "lon": 9.225569, "lat": 48.795235 }, "geometry": { "type": "Point", "coordinates": [ 9.225569, 48.795235 ] } },
{ "type": "Feature", "properties": { "id": "way/367653722", "city": "stuttgart", "uni": "uniHohenheim", "category": "wohnheime", "name": "Wohnheim", "adress": "Mercedesstraße 51a", "sportart": null, "lon": 9.2259728, "lat": 48.7951867 }, "geometry": { "type": "Point", "coordinates": [ 9.2259728, 48.7951867 ] } },
{ "type": "Feature", "properties": { "id": "way/367653723", "city": "stuttgart", "uni": "uniHohenheim", "category": "wohnheime", "name": "Wohnheim", "adress": "Mercedesstraße 51b", "sportart": null, "lon": 9.2262809, "lat": 48.7951491 }, "geometry": { "type": "Point", "coordinates": [ 9.2262809, 48.7951491 ] } },
{ "type": "Feature", "properties": { "id": "way/372414548", "city": "stuttgart", "uni": "uniHohenheim", "category": "wohnheime", "name": "Studentisches Wohnen Campus Stuttgart II", "adress": null, "sportart": null, "lon": 9.1072811, "lat": 48.7230277 }, "geometry": { "type": "Point", "coordinates": [ 9.1072811, 48.7230277 ] } },
{ "type": "Feature", "properties": { "id": "way/372414550", "city": "stuttgart", "uni": "uniHohenheim", "category": "wohnheime", "name": "Studentisches Wohnen Campus Stuttgart", "adress": "Vischerstraße 2/1", "sportart": null, "lon": 9.1077161, "lat": 48.7238003 }, "geometry": { "type": "Point", "coordinates": [ 9.1077161, 48.7238003 ] } },
{ "type": "Feature", "properties": { "id": "way/376609765", "city": "stuttgart", "uni": "uniHohenheim", "category": "wohnheime", "name": "Wohnheim Im sonnigen Winkel", "adress": "Am Kräherwald 147", "sportart": null, "lon": 9.1504502, "lat": 48.7865027 }, "geometry": { "type": "Point", "coordinates": [ 9.1504502, 48.7865027 ] } },
{ "type": "Feature", "properties": { "id": "way/376770492", "city": "stuttgart", "uni": "uniHohenheim", "category": "wohnheime", "name": "Wohnhaus Rosensteinstraße", "adress": "Rosensteinstraße 1-5", "sportart": null, "lon": 9.190773, "lat": 48.7934562 }, "geometry": { "type": "Point", "coordinates": [ 9.190773, 48.7934562 ] } },
{ "type": "Feature", "properties": { "id": "way/378237375", "city": "stuttgart", "uni": "uniHohenheim", "category": "wohnheime", "name": "Wohnanlage Am Rossneckar", "adress": "Mettinger Straße 115-117", "sportart": null, "lon": 9.2903861, "lat": 48.7417151 }, "geometry": { "type": "Point", "coordinates": [ 9.2903861, 48.7417151 ] } },
{ "type": "Feature", "properties": { "id": "way/378237386", "city": "stuttgart", "uni": "uniHohenheim", "category": "wohnheime", "name": "Wohnheim", "adress": "Mettinger Straße 129", "sportart": null, "lon": 9.2890231, "lat": 48.7415551 }, "geometry": { "type": "Point", "coordinates": [ 9.2890231, 48.7415551 ] } },
{ "type": "Feature", "properties": { "id": "way/390925644", "city": "stuttgart", "uni": "uniHohenheim", "category": "wohnheime", "name": "Wohnheim", "adress": "Heilmannstraße 4", "sportart": null, "lon": 9.1916679, "lat": 48.7879168 }, "geometry": { "type": "Point", "coordinates": [ 9.1916679, 48.7879168 ] } },
{ "type": "Feature", "properties": { "id": "way/409616747", "city": "stuttgart", "uni": "uniHohenheim", "category": "wohnheime", "name": "Wohnheim", "adress": "Breitscheidstraße 2D", "sportart": null, "lon": 9.1709418, "lat": 48.7803989 }, "geometry": { "type": "Point", "coordinates": [ 9.1709418, 48.7803989 ] } },
{ "type": "Feature", "properties": { "id": "way/409616752", "city": "stuttgart", "uni": "uniHohenheim", "category": "wohnheime", "name": "Wohnheim", "adress": "Breitscheidstraße 2E", "sportart": null, "lon": 9.1709317, "lat": 48.7805714 }, "geometry": { "type": "Point", "coordinates": [ 9.1709317, 48.7805714 ] } },
{ "type": "Feature", "properties": { "id": "way/409852549", "city": "stuttgart", "uni": "uniHohenheim", "category": "wohnheime", "name": "Campo IV", "adress": null, "sportart": null, "lon": 9.2043405, "lat": 48.703729 }, "geometry": { "type": "Point", "coordinates": [ 9.2043405, 48.703729 ] } },
{ "type": "Feature", "properties": { "id": "way/429388851", "city": "stuttgart", "uni": "uniHohenheim", "category": "wohnheime", "name": "Wohnheim", "adress": "Am Klingenbach 24", "sportart": null, "lon": 9.2116208, "lat": 48.7820776 }, "geometry": { "type": "Point", "coordinates": [ 9.2116208, 48.7820776 ] } },
{ "type": "Feature", "properties": { "id": "way/503179753", "city": "stuttgart", "uni": "uniHohenheim", "category": "wohnheime", "name": "Wohnheim", "adress": "Allmandring 3F", "sportart": null, "lon": 9.1007176, "lat": 48.7428823 }, "geometry": { "type": "Point", "coordinates": [ 9.1007176, 48.7428823 ] } },
{ "type": "Feature", "properties": { "id": "way/503179754", "city": "stuttgart", "uni": "uniHohenheim", "category": "wohnheime", "name": "Wohnheim", "adress": "Allmandring 3H", "sportart": null, "lon": 9.1004002, "lat": 48.7428895 }, "geometry": { "type": "Point", "coordinates": [ 9.1004002, 48.7428895 ] } },
{ "type": "Feature", "properties": { "id": "way/503179755", "city": "stuttgart", "uni": "uniHohenheim", "category": "wohnheime", "name": "Wohnheim", "adress": "Allmandring 3H", "sportart": null, "lon": 9.1001784, "lat": 48.7429012 }, "geometry": { "type": "Point", "coordinates": [ 9.1001784, 48.7429012 ] } },
{ "type": "Feature", "properties": { "id": "way/503179756", "city": "stuttgart", "uni": "uniHohenheim", "category": "wohnheime", "name": "Wohnheim", "adress": "Allmandring 3G", "sportart": null, "lon": 9.1006921, "lat": 48.7426442 }, "geometry": { "type": "Point", "coordinates": [ 9.1006921, 48.7426442 ] } },
{ "type": "Feature", "properties": { "id": "way/503179757", "city": "stuttgart", "uni": "uniHohenheim", "category": "wohnheime", "name": "Wohnheim", "adress": "Allmandring 3F", "sportart": null, "lon": 9.1009411, "lat": 48.7428708 }, "geometry": { "type": "Point", "coordinates": [ 9.1009411, 48.7428708 ] } },
{ "type": "Feature", "properties": { "id": "way/503179759", "city": "stuttgart", "uni": "uniHohenheim", "category": "wohnheime", "name": "Wohnheim", "adress": "Allmandring 3E", "sportart": null, "lon": 9.1009649, "lat": 48.7430968 }, "geometry": { "type": "Point", "coordinates": [ 9.1009649, 48.7430968 ] } },
{ "type": "Feature", "properties": { "id": "way/503179760", "city": "stuttgart", "uni": "uniHohenheim", "category": "wohnheime", "name": "Wohnheim", "adress": "Allmandring 3C", "sportart": null, "lon": 9.1012823, "lat": 48.7430836 }, "geometry": { "type": "Point", "coordinates": [ 9.1012823, 48.7430836 ] } },
{ "type": "Feature", "properties": { "id": "way/503179761", "city": "stuttgart", "uni": "uniHohenheim", "category": "wohnheime", "name": "Wohnheim", "adress": "Allmandring 3C", "sportart": null, "lon": 9.1015043, "lat": 48.7430719 }, "geometry": { "type": "Point", "coordinates": [ 9.1015043, 48.7430719 ] } },
{ "type": "Feature", "properties": { "id": "way/503191295", "city": "stuttgart", "uni": "uniHohenheim", "category": "wohnheime", "name": "Wohnheim", "adress": "Universitätsstraße 104B", "sportart": null, "lon": 9.1028703, "lat": 48.7422221 }, "geometry": { "type": "Point", "coordinates": [ 9.1028703, 48.7422221 ] } },
{ "type": "Feature", "properties": { "id": "way/503191296", "city": "stuttgart", "uni": "uniHohenheim", "category": "wohnheime", "name": "Wohnheim", "adress": "Universitätsstraße 102C", "sportart": null, "lon": 9.1028576, "lat": 48.7419984 }, "geometry": { "type": "Point", "coordinates": [ 9.1028576, 48.7419984 ] } },
{ "type": "Feature", "properties": { "id": "way/503191297", "city": "stuttgart", "uni": "uniHohenheim", "category": "wohnheime", "name": "Wohnheim", "adress": "Universitätsstraße 102B", "sportart": null, "lon": 9.1028359, "lat": 48.7418914 }, "geometry": { "type": "Point", "coordinates": [ 9.1028359, 48.7418914 ] } },
{ "type": "Feature", "properties": { "id": "way/503191298", "city": "stuttgart", "uni": "uniHohenheim", "category": "wohnheime", "name": "Wohnheim", "adress": "Universitätsstraße 102A", "sportart": null, "lon": 9.1026726, "lat": 48.741894 }, "geometry": { "type": "Point", "coordinates": [ 9.1026726, 48.741894 ] } },
{ "type": "Feature", "properties": { "id": "way/503191300", "city": "stuttgart", "uni": "uniHohenheim", "category": "wohnheime", "name": "Wohnheim", "adress": "Universitätsstraße 100", "sportart": null, "lon": 9.1024993, "lat": 48.7419022 }, "geometry": { "type": "Point", "coordinates": [ 9.1024993, 48.7419022 ] } },
{ "type": "Feature", "properties": { "id": "way/503191301", "city": "stuttgart", "uni": "uniHohenheim", "category": "wohnheime", "name": "Wohnheim", "adress": "Universitätsstraße 98B", "sportart": null, "lon": 9.1023261, "lat": 48.7419099 }, "geometry": { "type": "Point", "coordinates": [ 9.1023261, 48.7419099 ] } },
{ "type": "Feature", "properties": { "id": "way/503191302", "city": "stuttgart", "uni": "uniHohenheim", "category": "wohnheime", "name": "Wohnheim", "adress": "Universitätsstraße 98A", "sportart": null, "lon": 9.1021509, "lat": 48.741918 }, "geometry": { "type": "Point", "coordinates": [ 9.1021509, 48.741918 ] } },
{ "type": "Feature", "properties": { "id": "way/503191303", "city": "stuttgart", "uni": "uniHohenheim", "category": "wohnheime", "name": "Wohnheim", "adress": "Universitätsstraße 96C", "sportart": null, "lon": 9.1019771, "lat": 48.7419258 }, "geometry": { "type": "Point", "coordinates": [ 9.1019771, 48.7419258 ] } },
{ "type": "Feature", "properties": { "id": "way/503191304", "city": "stuttgart", "uni": "uniHohenheim", "category": "wohnheime", "name": "Wohnheim", "adress": "Universitätsstraße 96B", "sportart": null, "lon": 9.1018153, "lat": 48.74194 }, "geometry": { "type": "Point", "coordinates": [ 9.1018153, 48.74194 ] } },
{ "type": "Feature", "properties": { "id": "way/503191305", "city": "stuttgart", "uni": "uniHohenheim", "category": "wohnheime", "name": "Wohnheim", "adress": "Universitätsstraße 96A", "sportart": null, "lon": 9.1018174, "lat": 48.7420483 }, "geometry": { "type": "Point", "coordinates": [ 9.1018174, 48.7420483 ] } },
{ "type": "Feature", "properties": { "id": "way/503191306", "city": "stuttgart", "uni": "uniHohenheim", "category": "wohnheime", "name": "Wohnheim", "adress": "Universitätsstraße 94", "sportart": null, "lon": 9.1018309, "lat": 48.7421627 }, "geometry": { "type": "Point", "coordinates": [ 9.1018309, 48.7421627 ] } },
{ "type": "Feature", "properties": { "id": "way/503191307", "city": "stuttgart", "uni": "uniHohenheim", "category": "wohnheime", "name": "Wohnheim", "adress": "Universitätsstraße 92B", "sportart": null, "lon": 9.1018427, "lat": 48.7422767 }, "geometry": { "type": "Point", "coordinates": [ 9.1018427, 48.7422767 ] } },
{ "type": "Feature", "properties": { "id": "way/503191308", "city": "stuttgart", "uni": "uniHohenheim", "category": "wohnheime", "name": "Wohnheim", "adress": "Universitätsstraße 92A", "sportart": null, "lon": 9.1018545, "lat": 48.7423932 }, "geometry": { "type": "Point", "coordinates": [ 9.1018545, 48.7423932 ] } },
{ "type": "Feature", "properties": { "id": "way/503191309", "city": "stuttgart", "uni": "uniHohenheim", "category": "wohnheime", "name": "Wohnheim", "adress": "Universitätsstraße 90", "sportart": null, "lon": 9.1018658, "lat": 48.7425085 }, "geometry": { "type": "Point", "coordinates": [ 9.1018658, 48.7425085 ] } },
{ "type": "Feature", "properties": { "id": "way/503191310", "city": "stuttgart", "uni": "uniHohenheim", "category": "wohnheime", "name": "Wohnheim", "adress": "Universitätsstraße 82A", "sportart": null, "lon": 9.1023625, "lat": 48.7422537 }, "geometry": { "type": "Point", "coordinates": [ 9.1023625, 48.7422537 ] } },
{ "type": "Feature", "properties": { "id": "way/503191311", "city": "stuttgart", "uni": "uniHohenheim", "category": "wohnheime", "name": "Wohnheim", "adress": "Universitätsstraße 82B", "sportart": null, "lon": 9.1025257, "lat": 48.7422516 }, "geometry": { "type": "Point", "coordinates": [ 9.1025257, 48.7422516 ] } },
{ "type": "Feature", "properties": { "id": "way/503191312", "city": "stuttgart", "uni": "uniHohenheim", "category": "wohnheime", "name": "Wohnheim", "adress": "Universitätsstraße 82C", "sportart": null, "lon": 9.1025466, "lat": 48.7423589 }, "geometry": { "type": "Point", "coordinates": [ 9.1025466, 48.7423589 ] } },
{ "type": "Feature", "properties": { "id": "way/503191313", "city": "stuttgart", "uni": "uniHohenheim", "category": "wohnheime", "name": "Wohnheim", "adress": "Universitätsstraße 84A", "sportart": null, "lon": 9.1025587, "lat": 48.7424744 }, "geometry": { "type": "Point", "coordinates": [ 9.1025587, 48.7424744 ] } },
{ "type": "Feature", "properties": { "id": "way/503191314", "city": "stuttgart", "uni": "uniHohenheim", "category": "wohnheime", "name": "Wohnheim", "adress": "Universitätsstraße 84B", "sportart": null, "lon": 9.1025629, "lat": 48.7425827 }, "geometry": { "type": "Point", "coordinates": [ 9.1025629, 48.7425827 ] } },
{ "type": "Feature", "properties": { "id": "way/503191317", "city": "stuttgart", "uni": "uniHohenheim", "category": "wohnheime", "name": "Wohnheim", "adress": "Universitätsstraße 84C", "sportart": null, "lon": 9.1024018, "lat": 48.7425963 }, "geometry": { "type": "Point", "coordinates": [ 9.1024018, 48.7425963 ] } },
{ "type": "Feature", "properties": { "id": "way/503191318", "city": "stuttgart", "uni": "uniHohenheim", "category": "wohnheime", "name": "Wohnheim", "adress": "Universitätsstraße 86", "sportart": null, "lon": 9.1022263, "lat": 48.7426041 }, "geometry": { "type": "Point", "coordinates": [ 9.1022263, 48.7426041 ] } },
{ "type": "Feature", "properties": { "id": "way/503191319", "city": "stuttgart", "uni": "uniHohenheim", "category": "wohnheime", "name": "Wohnheim", "adress": "Universitätsstraße 88", "sportart": null, "lon": 9.1020511, "lat": 48.7426119 }, "geometry": { "type": "Point", "coordinates": [ 9.1020511, 48.7426119 ] } },
{ "type": "Feature", "properties": { "id": "way/503337647", "city": "stuttgart", "uni": "uniHohenheim", "category": "wohnheime", "name": "Wohnheim", "adress": "Pfaffenwaldring 76B", "sportart": null, "lon": 9.1024549, "lat": 48.7432002 }, "geometry": { "type": "Point", "coordinates": [ 9.1024549, 48.7432002 ] } },
{ "type": "Feature", "properties": { "id": "way/503337648", "city": "stuttgart", "uni": "uniHohenheim", "category": "wohnheime", "name": "Wohnheim", "adress": "Pfaffenwaldring 76A", "sportart": null, "lon": 9.1024512, "lat": 48.7430913 }, "geometry": { "type": "Point", "coordinates": [ 9.1024512, 48.7430913 ] } },
{ "type": "Feature", "properties": { "id": "way/503337649", "city": "stuttgart", "uni": "uniHohenheim", "category": "wohnheime", "name": "Wohnheim", "adress": "Pfaffenwaldring 74C", "sportart": null, "lon": 9.1024384, "lat": 48.7429738 }, "geometry": { "type": "Point", "coordinates": [ 9.1024384, 48.7429738 ] } },
{ "type": "Feature", "properties": { "id": "way/503337650", "city": "stuttgart", "uni": "uniHohenheim", "category": "wohnheime", "name": "Wohnheim", "adress": "Pfaffenwaldring 72", "sportart": null, "lon": 9.1020782, "lat": 48.742879 }, "geometry": { "type": "Point", "coordinates": [ 9.1020782, 48.742879 ] } },
{ "type": "Feature", "properties": { "id": "way/503337651", "city": "stuttgart", "uni": "uniHohenheim", "category": "wohnheime", "name": "Wohnheim", "adress": "Pfaffenwaldring 74A", "sportart": null, "lon": 9.1022546, "lat": 48.7428704 }, "geometry": { "type": "Point", "coordinates": [ 9.1022546, 48.7428704 ] } },
{ "type": "Feature", "properties": { "id": "way/503337652", "city": "stuttgart", "uni": "uniHohenheim", "category": "wohnheime", "name": "Wohnheim", "adress": "Pfaffenwaldring 74B", "sportart": null, "lon": 9.1024194, "lat": 48.7428673 }, "geometry": { "type": "Point", "coordinates": [ 9.1024194, 48.7428673 ] } },
{ "type": "Feature", "properties": { "id": "way/504380075", "city": "stuttgart", "uni": "uniHohenheim", "category": "wohnheime", "name": "Wohnheim", "adress": "Pfaffenwaldring 50B", "sportart": null, "lon": 9.1017529, "lat": 48.7462703 }, "geometry": { "type": "Point", "coordinates": [ 9.1017529, 48.7462703 ] } },
{ "type": "Feature", "properties": { "id": "way/504380080", "city": "stuttgart", "uni": "uniHohenheim", "category": "wohnheime", "name": "Wohnheim", "adress": "Pfaffenwaldring 50A", "sportart": null, "lon": 9.102161, "lat": 48.7464326 }, "geometry": { "type": "Point", "coordinates": [ 9.102161, 48.7464326 ] } },
{ "type": "Feature", "properties": { "id": "way/504380081", "city": "stuttgart", "uni": "uniHohenheim", "category": "wohnheime", "name": "Wohnheim", "adress": "Pfaffenwaldring 50B", "sportart": null, "lon": 9.1017711, "lat": 48.7464506 }, "geometry": { "type": "Point", "coordinates": [ 9.1017711, 48.7464506 ] } },
{ "type": "Feature", "properties": { "id": "way/504380082", "city": "stuttgart", "uni": "uniHohenheim", "category": "wohnheime", "name": "Wohnheim", "adress": "Pfaffenwaldring 50B", "sportart": null, "lon": 9.1015624, "lat": 48.746458 }, "geometry": { "type": "Point", "coordinates": [ 9.1015624, 48.746458 ] } },
{ "type": "Feature", "properties": { "id": "way/504380083", "city": "stuttgart", "uni": "uniHohenheim", "category": "wohnheime", "name": "Wohnheim", "adress": "Pfaffenwaldring 50C", "sportart": null, "lon": 9.1013861, "lat": 48.7464679 }, "geometry": { "type": "Point", "coordinates": [ 9.1013861, 48.7464679 ] } },
{ "type": "Feature", "properties": { "id": "way/504380086", "city": "stuttgart", "uni": "uniHohenheim", "category": "wohnheime", "name": "Wohnheim", "adress": "Pfaffenwaldring 50C", "sportart": null, "lon": 9.1011754, "lat": 48.7464739 }, "geometry": { "type": "Point", "coordinates": [ 9.1011754, 48.7464739 ] } },
{ "type": "Feature", "properties": { "id": "way/504380089", "city": "stuttgart", "uni": "uniHohenheim", "category": "wohnheime", "name": "Wohnheim", "adress": "Pfaffenwaldring 50C", "sportart": null, "lon": 9.1013669, "lat": 48.7462882 }, "geometry": { "type": "Point", "coordinates": [ 9.1013669, 48.7462882 ] } },
{ "type": "Feature", "properties": { "id": "way/504380091", "city": "stuttgart", "uni": "uniHohenheim", "category": "wohnheime", "name": "Wohnheim", "adress": "Pfaffenwaldring 50C", "sportart": null, "lon": 9.1011567, "lat": 48.7462952 }, "geometry": { "type": "Point", "coordinates": [ 9.1011567, 48.7462952 ] } },
{ "type": "Feature", "properties": { "id": "way/504522314", "city": "stuttgart", "uni": "uniHohenheim", "category": "wohnheime", "name": "Wohnheim", "adress": "Pfaffenwaldring 48B", "sportart": null, "lon": 9.1001308, "lat": 48.7465579 }, "geometry": { "type": "Point", "coordinates": [ 9.1001308, 48.7465579 ] } },
{ "type": "Feature", "properties": { "id": "way/504522315", "city": "stuttgart", "uni": "uniHohenheim", "category": "wohnheime", "name": "Wohnheim", "adress": "Pfaffenwaldring 48A", "sportart": null, "lon": 9.1003343, "lat": 48.7463846 }, "geometry": { "type": "Point", "coordinates": [ 9.1003343, 48.7463846 ] } },
{ "type": "Feature", "properties": { "id": "way/504522316", "city": "stuttgart", "uni": "uniHohenheim", "category": "wohnheime", "name": "Wohnheim", "adress": "Pfaffenwaldring 48E", "sportart": null, "lon": 9.100335, "lat": 48.7462256 }, "geometry": { "type": "Point", "coordinates": [ 9.100335, 48.7462256 ] } },
{ "type": "Feature", "properties": { "id": "way/504522317", "city": "stuttgart", "uni": "uniHohenheim", "category": "wohnheime", "name": "Wohnheim", "adress": "Pfaffenwaldring 48F", "sportart": null, "lon": 9.1005775, "lat": 48.7462148 }, "geometry": { "type": "Point", "coordinates": [ 9.1005775, 48.7462148 ] } },
{ "type": "Feature", "properties": { "id": "way/504522318", "city": "stuttgart", "uni": "uniHohenheim", "category": "wohnheime", "name": "Wohnheim", "adress": "Pfaffenwaldring 48G", "sportart": null, "lon": 9.1008184, "lat": 48.7462041 }, "geometry": { "type": "Point", "coordinates": [ 9.1008184, 48.7462041 ] } },
{ "type": "Feature", "properties": { "id": "way/504526727", "city": "stuttgart", "uni": "uniHohenheim", "category": "wohnheime", "name": "Wohnheim", "adress": "Pfaffenwaldring 46F", "sportart": null, "lon": 9.1008761, "lat": 48.7466859 }, "geometry": { "type": "Point", "coordinates": [ 9.1008761, 48.7466859 ] } },
{ "type": "Feature", "properties": { "id": "way/504526728", "city": "stuttgart", "uni": "uniHohenheim", "category": "wohnheime", "name": "Wohnheim", "adress": "Pfaffenwaldring 46B", "sportart": null, "lon": 9.1004272, "lat": 48.747027 }, "geometry": { "type": "Point", "coordinates": [ 9.1004272, 48.747027 ] } },
{ "type": "Feature", "properties": { "id": "way/504526729", "city": "stuttgart", "uni": "uniHohenheim", "category": "wohnheime", "name": "Wohnheim", "adress": "Pfaffenwaldring 46C", "sportart": null, "lon": 9.100411, "lat": 48.7468666 }, "geometry": { "type": "Point", "coordinates": [ 9.100411, 48.7468666 ] } },
{ "type": "Feature", "properties": { "id": "way/504526730", "city": "stuttgart", "uni": "uniHohenheim", "category": "wohnheime", "name": "Wohnheim", "adress": "Pfaffenwaldring 46D", "sportart": null, "lon": 9.1003936, "lat": 48.7467068 }, "geometry": { "type": "Point", "coordinates": [ 9.1003936, 48.7467068 ] } },
{ "type": "Feature", "properties": { "id": "way/504526731", "city": "stuttgart", "uni": "uniHohenheim", "category": "wohnheime", "name": "Wohnheim", "adress": "Pfaffenwaldring 46E", "sportart": null, "lon": 9.1006332, "lat": 48.7466978 }, "geometry": { "type": "Point", "coordinates": [ 9.1006332, 48.7466978 ] } },
{ "type": "Feature", "properties": { "id": "way/504534822", "city": "stuttgart", "uni": "uniHohenheim", "category": "wohnheime", "name": "Wohnheim", "adress": "Pfaffenwaldring 42G", "sportart": null, "lon": 9.1019611, "lat": 48.7468206 }, "geometry": { "type": "Point", "coordinates": [ 9.1019611, 48.7468206 ] } },
{ "type": "Feature", "properties": { "id": "way/504534827", "city": "stuttgart", "uni": "uniHohenheim", "category": "wohnheime", "name": "Wohnheim", "adress": "Pfaffenwaldring 42E", "sportart": null, "lon": 9.1020005, "lat": 48.7471841 }, "geometry": { "type": "Point", "coordinates": [ 9.1020005, 48.7471841 ] } },
{ "type": "Feature", "properties": { "id": "way/504534832", "city": "stuttgart", "uni": "uniHohenheim", "category": "wohnheime", "name": "Wohnheim", "adress": "Pfaffenwaldring 42A", "sportart": null, "lon": 9.1022219, "lat": 48.7471718 }, "geometry": { "type": "Point", "coordinates": [ 9.1022219, 48.7471718 ] } },
{ "type": "Feature", "properties": { "id": "way/504534836", "city": "stuttgart", "uni": "uniHohenheim", "category": "wohnheime", "name": "Wohnheim", "adress": "Pfaffenwaldring 42C", "sportart": null, "lon": 9.1021842, "lat": 48.7468087 }, "geometry": { "type": "Point", "coordinates": [ 9.1021842, 48.7468087 ] } },
{ "type": "Feature", "properties": { "id": "way/504534838", "city": "stuttgart", "uni": "uniHohenheim", "category": "wohnheime", "name": "Wohnheim", "adress": "Pfaffenwaldring 42D", "sportart": null, "lon": 9.1021653, "lat": 48.746636 }, "geometry": { "type": "Point", "coordinates": [ 9.1021653, 48.746636 ] } },
{ "type": "Feature", "properties": { "id": "way/504534862", "city": "stuttgart", "uni": "uniHohenheim", "category": "wohnheime", "name": "Wohnheim", "adress": "Pfaffenwaldring 44D", "sportart": null, "lon": 9.1012346, "lat": 48.7469708 }, "geometry": { "type": "Point", "coordinates": [ 9.1012346, 48.7469708 ] } },
{ "type": "Feature", "properties": { "id": "way/504534864", "city": "stuttgart", "uni": "uniHohenheim", "category": "wohnheime", "name": "Wohnheim", "adress": "Pfaffenwaldring 44C", "sportart": null, "lon": 9.1012515, "lat": 48.7471317 }, "geometry": { "type": "Point", "coordinates": [ 9.1012515, 48.7471317 ] } },
{ "type": "Feature", "properties": { "id": "way/504534865", "city": "stuttgart", "uni": "uniHohenheim", "category": "wohnheime", "name": "Wohnheim", "adress": "Pfaffenwaldring 44B", "sportart": null, "lon": 9.1014343, "lat": 48.7467464 }, "geometry": { "type": "Point", "coordinates": [ 9.1014343, 48.7467464 ] } },
{ "type": "Feature", "properties": { "id": "way/504534866", "city": "stuttgart", "uni": "uniHohenheim", "category": "wohnheime", "name": "Wohnheim", "adress": "Pfaffenwaldring 44A", "sportart": null, "lon": 9.1014904, "lat": 48.7471187 }, "geometry": { "type": "Point", "coordinates": [ 9.1014904, 48.7471187 ] } },
{ "type": "Feature", "properties": { "id": "way/533569216", "city": "stuttgart", "uni": "uniHohenheim", "category": "wohnheime", "name": "campo III", "adress": "Vaihinger Straße 57", "sportart": null, "lon": 9.1451346, "lat": 48.7277368 }, "geometry": { "type": "Point", "coordinates": [ 9.1451346, 48.7277368 ] } },
{ "type": "Feature", "properties": { "id": "way/642602835", "city": "stuttgart", "uni": "uniHohenheim", "category": "wohnheime", "name": "campo V", "adress": "Seerosenstraße 1", "sportart": null, "lon": 9.1066374, "lat": 48.7301755 }, "geometry": { "type": "Point", "coordinates": [ 9.1066374, 48.7301755 ] } },
{ "type": "Feature", "properties": { "id": "way/650737550", "city": "stuttgart", "uni": "uniHohenheim", "category": "wohnheime", "name": "Wohnheim", "adress": "Balinger Straße 35C", "sportart": null, "lon": 9.1414508, "lat": 48.7302321 }, "geometry": { "type": "Point", "coordinates": [ 9.1414508, 48.7302321 ] } },
{ "type": "Feature", "properties": { "id": "way/741630373", "city": "stuttgart", "uni": "uniHohenheim", "category": "wohnheime", "name": "Wohnheim", "adress": "Allmandring 26K", "sportart": null, "lon": 9.0946756, "lat": 48.7441325 }, "geometry": { "type": "Point", "coordinates": [ 9.0946756, 48.7441325 ] } },
{ "type": "Feature", "properties": { "id": "way/741630374", "city": "stuttgart", "uni": "uniHohenheim", "category": "wohnheime", "name": "Wohnheim", "adress": "Allmandring 26I", "sportart": null, "lon": 9.0952568, "lat": 48.7440908 }, "geometry": { "type": "Point", "coordinates": [ 9.0952568, 48.7440908 ] } },
{ "type": "Feature", "properties": { "id": "way/741630375", "city": "stuttgart", "uni": "uniHohenheim", "category": "wohnheime", "name": "Wohnheim", "adress": "Allmandring 26H", "sportart": null, "lon": 9.0947988, "lat": 48.7438392 }, "geometry": { "type": "Point", "coordinates": [ 9.0947988, 48.7438392 ] } },
{ "type": "Feature", "properties": { "id": "way/741630376", "city": "stuttgart", "uni": "uniHohenheim", "category": "wohnheime", "name": "Wohnheim", "adress": "Allmandring 26G", "sportart": null, "lon": 9.0953151, "lat": 48.7437846 }, "geometry": { "type": "Point", "coordinates": [ 9.0953151, 48.7437846 ] } },
{ "type": "Feature", "properties": { "id": "way/741630377", "city": "stuttgart", "uni": "uniHohenheim", "category": "wohnheime", "name": "Wohnheim", "adress": "Allmandring 26E", "sportart": null, "lon": 9.095377, "lat": 48.7434788 }, "geometry": { "type": "Point", "coordinates": [ 9.095377, 48.7434788 ] } },
{ "type": "Feature", "properties": { "id": "way/741630378", "city": "stuttgart", "uni": "uniHohenheim", "category": "wohnheime", "name": "Wohnheim", "adress": "Allmandring 26F", "sportart": null, "lon": 9.0949187, "lat": 48.7435427 }, "geometry": { "type": "Point", "coordinates": [ 9.0949187, 48.7435427 ] } },
{ "type": "Feature", "properties": { "id": "way/741631270", "city": "stuttgart", "uni": "uniHohenheim", "category": "wohnheime", "name": "Wohnheim", "adress": "Allmandring 26L", "sportart": null, "lon": 9.0952016, "lat": 48.7443958 }, "geometry": { "type": "Point", "coordinates": [ 9.0952016, 48.7443958 ] } },
{ "type": "Feature", "properties": { "id": "way/782309192", "city": "stuttgart", "uni": "uniHohenheim", "category": "wohnheime", "name": "Wohnheim", "adress": null, "sportart": null, "lon": 9.2098615, "lat": 48.716762 }, "geometry": { "type": "Point", "coordinates": [ 9.2098615, 48.716762 ] } },
{ "type": "Feature", "properties": { "id": "way/782309193", "city": "stuttgart", "uni": "uniHohenheim", "category": "wohnheime", "name": "Wohnheim", "adress": "Egilolfstraße 45", "sportart": null, "lon": 9.2096576, "lat": 48.7165361 }, "geometry": { "type": "Point", "coordinates": [ 9.2096576, 48.7165361 ] } },
{ "type": "Feature", "properties": { "id": "way/782309194", "city": "stuttgart", "uni": "uniHohenheim", "category": "wohnheime", "name": "Wohnheim", "adress": "Egilolfstraße 41", "sportart": null, "lon": 9.2100856, "lat": 48.7169281 }, "geometry": { "type": "Point", "coordinates": [ 9.2100856, 48.7169281 ] } },
{ "type": "Feature", "properties": { "id": "way/782309195", "city": "stuttgart", "uni": "uniHohenheim", "category": "wohnheime", "name": "Wohnheim", "adress": "Egilolfstraße 43", "sportart": null, "lon": 9.2101375, "lat": 48.7164827 }, "geometry": { "type": "Point", "coordinates": [ 9.2101375, 48.7164827 ] } },
{ "type": "Feature", "properties": { "id": "way/1004702682", "city": "stuttgart", "uni": "uniHohenheim", "category": "wohnheime", "name": "Wohnheim", "adress": null, "sportart": null, "lon": 9.1720357, "lat": 48.7850596 }, "geometry": { "type": "Point", "coordinates": [ 9.1720357, 48.7850596 ] } },
{ "type": "Feature", "properties": { "id": "way/1112536621", "city": "stuttgart", "uni": "uniHohenheim", "category": "wohnheime", "name": "Wohnheim", "adress": "Steckfeldstraße 53", "sportart": null, "lon": 9.1996747, "lat": 48.7154211 }, "geometry": { "type": "Point", "coordinates": [ 9.1996747, 48.7154211 ] } },
{ "type": "Feature", "properties": { "id": "way/1255168530", "city": "stuttgart", "uni": "uniHohenheim", "category": "wohnheime", "name": "Wohnheim", "adress": "Pliensauwasen", "sportart": null, "lon": 9.3041974, "lat": 48.7360776 }, "geometry": { "type": "Point", "coordinates": [ 9.3041974, 48.7360776 ] } }
]
}
