{
  "type": "FeatureCollection",
  "generator": "overpass-turbo",
  "copyright": "The data included in this document is from www.openstreetmap.org. The data is made available under ODbL.",
  "timestamp": "2026-06-07T11:41:31Z",
  "features": [
    {
      "type": "Feature",
      "properties": {
        "@id": "relation/1585528",
        "leisure": "sports_centre",
        "name": "VfL Stuttgart-Kaltental 1886 e.V.",
        "sport": "multi",
        "type": "multipolygon",
        "@geometry": "center"
      },
      "geometry": {
        "type": "Point",
        "coordinates": [
          9.1415601,
          48.7440283
        ]
      },
      "id": "relation/1585528"
    },
    {
      "type": "Feature",
      "properties": {
        "@id": "relation/1922186",
        "addr:city": "Karlsruhe",
        "addr:country": "DE",
        "addr:housenumber": "101",
        "addr:postcode": "76149",
        "addr:street": "Tennesseeallee",
        "building": "yes",
        "leisure": "sports_centre",
        "name:signed": "no",
        "operator": "Marylandschule",
        "source": "Cnes/SPOT image; Maps4BW, LGL, www.lgl-bw.de",
        "type": "multipolygon",
        "@geometry": "center"
      },
      "geometry": {
        "type": "Point",
        "coordinates": [
          8.3894596,
          49.0258451
        ]
      },
      "id": "relation/1922186"
    },
    {
      "type": "Feature",
      "properties": {
        "@id": "relation/7527634",
        "leisure": "sports_centre",
        "name": "Sportanlagen Seestraße",
        "type": "multipolygon",
        "@geometry": "center"
      },
      "geometry": {
        "type": "Point",
        "coordinates": [
          9.2271801,
          48.6705001
        ]
      },
      "id": "relation/7527634"
    },
    {
      "type": "Feature",
      "properties": {
        "@id": "way/13872593",
        "addr:city": "Stuttgart",
        "addr:country": "DE",
        "addr:housenumber": "1",
        "addr:postcode": "70619",
        "addr:street": "Spitalwald",
        "building": "yes",
        "leisure": "sports_centre",
        "name": "Spitalwaldhalle",
        "sport": "multi",
        "@geometry": "center"
      },
      "geometry": {
        "type": "Point",
        "coordinates": [
          9.2036489,
          48.7466477
        ]
      },
      "id": "way/13872593"
    },
    {
      "type": "Feature",
      "properties": {
        "@id": "way/22734562",
        "leisure": "sports_centre",
        "name": "SV Heslach",
        "sport": "tennis",
        "@geometry": "center"
      },
      "geometry": {
        "type": "Point",
        "coordinates": [
          9.1260963,
          48.763617
        ]
      },
      "id": "way/22734562"
    },
    {
      "type": "Feature",
      "properties": {
        "@id": "way/22926893",
        "addr:city": "Karlsruhe",
        "addr:country": "DE",
        "addr:housenumber": "1",
        "addr:postcode": "76227",
        "addr:street": "Weiherhof",
        "building": "sports_centre",
        "leisure": "sports_centre",
        "name": "Weiherhofhalle",
        "sport": "multi",
        "wheelchair": "limited",
        "@geometry": "center"
      },
      "geometry": {
        "type": "Point",
        "coordinates": [
          8.4729911,
          48.9970547
        ]
      },
      "id": "way/22926893"
    },
    {
      "type": "Feature",
      "properties": {
        "@id": "way/23020027",
        "leisure": "sports_centre",
        "@geometry": "center"
      },
      "geometry": {
        "type": "Point",
        "coordinates": [
          8.3505628,
          49.0183068
        ]
      },
      "id": "way/23020027"
    },
    {
      "type": "Feature",
      "properties": {
        "@id": "way/23021405",
        "addr:city": "Stuttgart",
        "addr:country": "DE",
        "addr:housenumber": "40",
        "addr:postcode": "70599",
        "addr:street": "Im Wolfer",
        "building": "sports_centre",
        "leisure": "sports_centre",
        "name": "Hallenbad Plienigen",
        "opening_hours": "Fr 07:00-22:00",
        "sport": "swimming",
        "@geometry": "center"
      },
      "geometry": {
        "type": "Point",
        "coordinates": [
          9.1997448,
          48.708032
        ]
      },
      "id": "way/23021405"
    },
    {
      "type": "Feature",
      "properties": {
        "@id": "way/23022913",
        "leisure": "sports_centre",
        "name": "TuS Neureut 1892 e.V.",
        "sport": "multi",
        "wheelchair": "limited",
        "@geometry": "center"
      },
      "geometry": {
        "type": "Point",
        "coordinates": [
          8.3653717,
          49.0419014
        ]
      },
      "id": "way/23022913"
    },
    {
      "type": "Feature",
      "properties": {
        "@id": "way/23063225",
        "leisure": "sports_centre",
        "name": "ASV Durlach 1902",
        "old_name": "FC Germania Durlach",
        "short_name": "ASV Durlach",
        "sport": "multi",
        "website": "http://www.asv-durlach02.de/",
        "wikidata": "Q298116",
        "wikipedia": "de:ASV Durlach",
        "@geometry": "center"
      },
      "geometry": {
        "type": "Point",
        "coordinates": [
          8.4803121,
          49.0025526
        ]
      },
      "id": "way/23063225"
    },
    {
      "type": "Feature",
      "properties": {
        "@id": "way/23425734",
        "leisure": "sports_centre",
        "lit": "yes",
        "name": "Kunstrasen Turnerbund Bad Cannstatt e.V.",
        "sport": "multi",
        "surface": "artificial_turf",
        "@geometry": "center"
      },
      "geometry": {
        "type": "Point",
        "coordinates": [
          9.2020291,
          48.8158831
        ]
      },
      "id": "way/23425734"
    },
    {
      "type": "Feature",
      "properties": {
        "@id": "way/23627638",
        "leisure": "sports_centre",
        "name": "Sportzentrum Neureut",
        "sport": "multi",
        "wheelchair": "yes",
        "@geometry": "center"
      },
      "geometry": {
        "type": "Point",
        "coordinates": [
          8.3766341,
          49.0441573
        ]
      },
      "id": "way/23627638"
    },
    {
      "type": "Feature",
      "properties": {
        "@id": "way/23914215",
        "building": "sports_hall",
        "building:levels": "2.5",
        "building:use": "school",
        "leisure": "sports_centre",
        "@geometry": "center"
      },
      "geometry": {
        "type": "Point",
        "coordinates": [
          8.3723149,
          49.032804
        ]
      },
      "id": "way/23914215"
    },
    {
      "type": "Feature",
      "properties": {
        "@id": "way/23986482",
        "leisure": "sports_centre",
        "name": "Turngemeinde Aue 1895 e.V.",
        "short_name": "TG Aue",
        "sport": "athletics",
        "@geometry": "center"
      },
      "geometry": {
        "type": "Point",
        "coordinates": [
          8.4644275,
          48.9868769
        ]
      },
      "id": "way/23986482"
    },
    {
      "type": "Feature",
      "properties": {
        "@id": "way/24019333",
        "addr:city": "Stuttgart",
        "addr:housenumber": "150",
        "addr:postcode": "70195",
        "addr:street": "Vaihinger Landstraße",
        "layer": "-2",
        "leisure": "sports_centre",
        "name": "Sportpark Himmerreich",
        "website": "https://www.skg-botnang.de/",
        "wheelchair": "yes",
        "@geometry": "center"
      },
      "geometry": {
        "type": "Point",
        "coordinates": [
          9.1193286,
          48.7706553
        ]
      },
      "id": "way/24019333"
    },
    {
      "type": "Feature",
      "properties": {
        "@id": "way/24019686",
        "addr:city": "Stuttgart",
        "addr:country": "DE",
        "addr:housenumber": "10a",
        "addr:postcode": "70195",
        "addr:street": "Schumannstraße",
        "amenity": "public_building",
        "building": "yes",
        "leisure": "sports_centre",
        "name": "Turn- und Versammlungshalle",
        "sport": "multi",
        "wheelchair": "yes",
        "@geometry": "center"
      },
      "geometry": {
        "type": "Point",
        "coordinates": [
          9.1297598,
          48.778824
        ]
      },
      "id": "way/24019686"
    },
    {
      "type": "Feature",
      "properties": {
        "@id": "way/24035178",
        "leisure": "sports_centre",
        "name": "Wilhelm-Braun-Sportpark",
        "sport": "multi",
        "wheelchair": "no",
        "wikidata": "Q122569829",
        "@geometry": "center"
      },
      "geometry": {
        "type": "Point",
        "coordinates": [
          9.1391689,
          48.8098039
        ]
      },
      "id": "way/24035178"
    },
    {
      "type": "Feature",
      "properties": {
        "@id": "way/24550128",
        "leisure": "sports_centre",
        "@geometry": "center"
      },
      "geometry": {
        "type": "Point",
        "coordinates": [
          9.151528,
          48.7971427
        ]
      },
      "id": "way/24550128"
    },
    {
      "type": "Feature",
      "properties": {
        "@id": "way/24585993",
        "addr:city": "Stuttgart",
        "addr:country": "DE",
        "addr:housenumber": "45",
        "addr:postcode": "70376",
        "addr:street": "Burgholzstraße",
        "leisure": "sports_centre",
        "name": "VfR Cannstatt 1954 e.V.",
        "@geometry": "center"
      },
      "geometry": {
        "type": "Point",
        "coordinates": [
          9.2054442,
          48.8206788
        ]
      },
      "id": "way/24585993"
    },
    {
      "type": "Feature",
      "properties": {
        "@id": "way/24586097",
        "club": "sport",
        "leisure": "sports_centre",
        "name": "FC Stuttgart",
        "sport": "soccer",
        "@geometry": "center"
      },
      "geometry": {
        "type": "Point",
        "coordinates": [
          9.2022772,
          48.8155928
        ]
      },
      "id": "way/24586097"
    },
    {
      "type": "Feature",
      "properties": {
        "@id": "way/24590751",
        "building": "yes",
        "leisure": "sports_centre",
        "name": "Tennishalle TB Cansstatt e.V.",
        "operator": "Turnerbund Bad Cannstatt e.V.",
        "sport": "tennis",
        "@geometry": "center"
      },
      "geometry": {
        "type": "Point",
        "coordinates": [
          9.2008222,
          48.815364
        ]
      },
      "id": "way/24590751"
    },
    {
      "type": "Feature",
      "properties": {
        "@id": "way/24604837",
        "addr:city": "Stuttgart",
        "addr:country": "DE",
        "addr:housenumber": "76A",
        "addr:postcode": "70469",
        "addr:street": "Wiener Straße",
        "building": "sports_hall",
        "leisure": "sports_hall",
        "name": "Jahn-Sporthalle",
        "roof:colour": "gray",
        "roof:shape": "flat",
        "sport": "multi",
        "@geometry": "center"
      },
      "geometry": {
        "type": "Point",
        "coordinates": [
          9.1572162,
          48.8117596
        ]
      },
      "id": "way/24604837"
    },
    {
      "type": "Feature",
      "properties": {
        "@id": "way/24870436",
        "addr:city": "Karlsruhe",
        "addr:country": "DE",
        "addr:housenumber": "1",
        "addr:postcode": "76227",
        "addr:street": "Untere Hub",
        "building": "civic",
        "leisure": "sports_centre",
        "name": "Werner-Stegmaier-Halle",
        "sport": "multi",
        "wheelchair": "limited",
        "@geometry": "center"
      },
      "geometry": {
        "type": "Point",
        "coordinates": [
          8.4693223,
          49.0092396
        ]
      },
      "id": "way/24870436"
    },
    {
      "type": "Feature",
      "properties": {
        "@id": "way/24940909",
        "addr:city": "Karlsruhe",
        "addr:country": "DE",
        "addr:housename": "Cougars Ballpark",
        "addr:housenumber": "131",
        "addr:postcode": "76149",
        "addr:street": "Erzbergerstraße",
        "fenced": "yes",
        "leisure": "sports_centre",
        "name": "Cougars Ballpark",
        "sport": "baseball",
        "website": "https://www.karlsruhe-cougars.de/",
        "wheelchair": "yes",
        "@geometry": "center"
      },
      "geometry": {
        "type": "Point",
        "coordinates": [
          8.3837464,
          49.025857
        ]
      },
      "id": "way/24940909"
    },
    {
      "type": "Feature",
      "properties": {
        "@id": "way/25216374",
        "addr:city": "Stuttgart",
        "addr:country": "DE",
        "addr:housenumber": "15",
        "addr:postcode": "70372",
        "addr:street": "Fritz-Walter-Weg",
        "building": "yes",
        "leisure": "sports_centre",
        "name": "Kunst-Turn-Forum",
        "sport": "gymnastics",
        "@geometry": "center"
      },
      "geometry": {
        "type": "Point",
        "coordinates": [
          9.2343924,
          48.7928064
        ]
      },
      "id": "way/25216374"
    },
    {
      "type": "Feature",
      "properties": {
        "@id": "way/25344122",
        "addr:city": "Stuttgart",
        "addr:country": "DE",
        "addr:housenumber": "1",
        "addr:postcode": "70597",
        "addr:street": "Kremmlerstraße",
        "building": "yes",
        "fee": "yes",
        "leisure": "sports_centre",
        "name": "Hallenbad Sonnenberg",
        "roof:shape": "flat",
        "sport": "swimming",
        "toilets:wheelchair": "yes",
        "website": "https://www.stuttgarterbaeder.de/hbsonnenberg",
        "wheelchair": "yes",
        "@geometry": "center"
      },
      "geometry": {
        "type": "Point",
        "coordinates": [
          9.1511717,
          48.7396549
        ]
      },
      "id": "way/25344122"
    },
    {
      "type": "Feature",
      "properties": {
        "@id": "way/25855872",
        "addr:city": "Stuttgart",
        "addr:country": "DE",
        "addr:housenumber": "19/3",
        "addr:postcode": "70192",
        "addr:street": "Feuerbacher Heide",
        "building": "yes",
        "leisure": "sports_centre",
        "name": "TC Doggenburg",
        "sport": "tennis",
        "@geometry": "center"
      },
      "geometry": {
        "type": "Point",
        "coordinates": [
          9.1523546,
          48.7898362
        ]
      },
      "id": "way/25855872"
    },
    {
      "type": "Feature",
      "properties": {
        "@id": "way/26521273",
        "leisure": "sports_centre",
        "name": "Tennisclub Ruit",
        "sport": "tennis",
        "website": "https://tc-ruit.de/",
        "@geometry": "center"
      },
      "geometry": {
        "type": "Point",
        "coordinates": [
          9.2622022,
          48.7272517
        ]
      },
      "id": "way/26521273"
    },
    {
      "type": "Feature",
      "properties": {
        "@id": "way/26737370",
        "addr:city": "Stuttgart",
        "addr:country": "DE",
        "addr:housenumber": "49",
        "addr:postcode": "70197",
        "addr:street": "Unter dem Birkenkopf",
        "building": "yes",
        "leisure": "fitness_centre",
        "name": "Powerhouse Gym",
        "opening_hours": "Mo-Fr 06:00-23:00; Sa,Su,PH 10:00-18:00",
        "website": "https://www.powerhousegym-stuttgart.de/",
        "@geometry": "center"
      },
      "geometry": {
        "type": "Point",
        "coordinates": [
          9.1381707,
          48.7678313
        ]
      },
      "id": "way/26737370"
    },
    {
      "type": "Feature",
      "properties": {
        "@id": "node/27133301",
        "access": "yes",
        "addr:city": "Karlsruhe",
        "addr:housenumber": "1",
        "addr:postcode": "76185",
        "addr:street": "Ziegelstraße",
        "check_date": "2024-10-03",
        "climbing:boulder": "yes",
        "climbing:length": "16",
        "climbing:sport": "yes",
        "climbing:toprope": "yes",
        "climbing:traditional": "no",
        "indoor": "yes",
        "leisure": "sports_centre",
        "name": "The Rock",
        "opening_hours": "Mo-Fr 10:00-23:00; Sa-Su,PH 10:00-22:00",
        "phone": "+49 721 5695482",
        "sport": "climbing",
        "url": "https://www.kletterhalle-karlsruhe.de",
        "website": "https://kletterhalle-karlsruhe.de/"
      },
      "geometry": {
        "type": "Point",
        "coordinates": [
          8.3610895,
          49.0068452
        ]
      },
      "id": "node/27133301"
    },
    {
      "type": "Feature",
      "properties": {
        "@id": "way/27291109",
        "addr:city": "Stuttgart",
        "addr:country": "DE",
        "addr:housenumber": "107",
        "addr:postcode": "70178",
        "addr:street": "Hauptstätter Straße",
        "brand": "Fitness First",
        "brand:wikidata": "Q127120",
        "building": "yes",
        "leisure": "fitness_centre",
        "name": "Fitness First",
        "old_name": "FIT/ONE",
        "opening_hours": "Mo-Su 06:00-00:00",
        "sport": "gymnastics",
        "website": "https://www.fitnessfirst.de/clubs/stuttgart-hauptstaetter",
        "@geometry": "center"
      },
      "geometry": {
        "type": "Point",
        "coordinates": [
          9.1726492,
          48.767703
        ]
      },
      "id": "way/27291109"
    },
    {
      "type": "Feature",
      "properties": {
        "@id": "way/27951647",
        "addr:city": "Stuttgart",
        "addr:country": "DE",
        "addr:housenumber": "62",
        "addr:postcode": "70199",
        "addr:street": "Mörikestraße",
        "alt_name": "Hallenbad Heslach",
        "building": "public",
        "heritage": "yes",
        "leisure": "sports_centre",
        "name": "Stadtbad Heslach",
        "roof:colour": "gray",
        "sauna": "yes",
        "sport": "swimming",
        "website": "https://www.stuttgarterbaeder.de/sbheslach",
        "wikidata": "Q1571474",
        "wikipedia": "de:Hallenbad Heslach",
        "@geometry": "center"
      },
      "geometry": {
        "type": "Point",
        "coordinates": [
          9.1611384,
          48.7645821
        ]
      },
      "id": "way/27951647"
    },
    {
      "type": "Feature",
      "properties": {
        "@id": "way/27951704",
        "addr:city": "Stuttgart",
        "addr:country": "DE",
        "addr:housenumber": "66",
        "addr:postcode": "70199",
        "addr:street": "Mörikestraße",
        "building": "sports_centre",
        "leisure": "sports_centre",
        "name": "Sporthalle Süd",
        "sport": "multi",
        "wheelchair": "no",
        "@geometry": "center"
      },
      "geometry": {
        "type": "Point",
        "coordinates": [
          9.1595965,
          48.7643455
        ]
      },
      "id": "way/27951704"
    },
    {
      "type": "Feature",
      "properties": {
        "@id": "way/28300387",
        "leisure": "sports_centre",
        "name": "Sportpark Pfeifferswörth",
        "sport": "multi",
        "@geometry": "center"
      },
      "geometry": {
        "type": "Point",
        "coordinates": [
          8.5059573,
          49.4877656
        ]
      },
      "id": "way/28300387"
    },
    {
      "type": "Feature",
      "properties": {
        "@id": "way/28441422",
        "leisure": "sports_centre",
        "name": "Sportpark Neckarplatt",
        "sport": "multi",
        "@geometry": "center"
      },
      "geometry": {
        "type": "Point",
        "coordinates": [
          8.51598,
          49.4853584
        ]
      },
      "id": "way/28441422"
    },
    {
      "type": "Feature",
      "properties": {
        "@id": "way/28442113",
        "leisure": "sports_centre",
        "name": "Schützengesellschaft 1744 Mannheim",
        "sport": "multi",
        "website": "http://www.sg1744mannheim.de/",
        "@geometry": "center"
      },
      "geometry": {
        "type": "Point",
        "coordinates": [
          8.5111199,
          49.4904648
        ]
      },
      "id": "way/28442113"
    },
    {
      "type": "Feature",
      "properties": {
        "@id": "way/28442249",
        "addr:city": "Mannheim",
        "addr:housenumber": "7",
        "addr:street": "Auf den Ried",
        "leisure": "sports_centre",
        "name": "Feldbogen- und Blasrohrschützen Mannheim 2014",
        "operator": "Feldbogen- und Blasrohrschützen Mannheim 2014 e. V.",
        "short_name": "Feldbogen- und Blasrohrschützen",
        "sport": "archery",
        "website": "https://fbsmannheim2014.de/",
        "@geometry": "center"
      },
      "geometry": {
        "type": "Point",
        "coordinates": [
          8.5391352,
          49.5015951
        ]
      },
      "id": "way/28442249"
    },
    {
      "type": "Feature",
      "properties": {
        "@id": "way/29841988",
        "addr:city": "Stuttgart",
        "addr:housenumber": "102-110",
        "addr:postcode": "70192",
        "addr:street": "Parlerstraße",
        "barrier": "fence",
        "contact:email": "info@tcweissenhof.de",
        "contact:phone": "+49 711 1654321",
        "contact:website": "https://www.tcweissenhof.de",
        "leisure": "sports_centre",
        "name": "TC Weissenhof",
        "operator": "Tennisclub Weissenhof e.V.",
        "sport": "tennis",
        "wikidata": "Q1280762",
        "wikipedia": "de:TC Weissenhof",
        "@geometry": "center"
      },
      "geometry": {
        "type": "Point",
        "coordinates": [
          9.1694411,
          48.7965044
        ]
      },
      "id": "way/29841988"
    },
    {
      "type": "Feature",
      "properties": {
        "@id": "way/30098139",
        "building": "sports_hall",
        "leisure": "sports_hall",
        "sport": "tennis",
        "@geometry": "center"
      },
      "geometry": {
        "type": "Point",
        "coordinates": [
          9.1733517,
          48.7344909
        ]
      },
      "id": "way/30098139"
    },
    {
      "type": "Feature",
      "properties": {
        "@id": "way/30098179",
        "addr:city": "Stuttgart",
        "addr:country": "DE",
        "addr:housenumber": "181",
        "addr:postcode": "70597",
        "addr:street": "Epplestraße",
        "building": "sports_hall",
        "description": "Hockeyhalle HTC",
        "sport": "field_hockey",
        "@geometry": "center"
      },
      "geometry": {
        "type": "Point",
        "coordinates": [
          9.1688072,
          48.7334039
        ]
      },
      "id": "way/30098179"
    },
    {
      "type": "Feature",
      "properties": {
        "@id": "way/30114644",
        "building": "sports_hall",
        "sport": "multi",
        "@geometry": "center"
      },
      "geometry": {
        "type": "Point",
        "coordinates": [
          9.1710211,
          48.7688211
        ]
      },
      "id": "way/30114644"
    },
    {
      "type": "Feature",
      "properties": {
        "@id": "way/30138044",
        "addr:city": "Stuttgart",
        "addr:country": "DE",
        "addr:housenumber": "53",
        "addr:postcode": "70469",
        "addr:street": "Wiener Straße",
        "building": "yes",
        "building:levels": "2",
        "contact:phone": "+49 711 216 7246",
        "contact:website": "https://www.stuttgarterbaeder.de/hbfeuerbach",
        "leisure": "sports_centre",
        "name": "Hallenbad Feuerbach",
        "opening_hours": "Tu 14:00-19:00; Fr 06:30-22:00; Su 08:00-13:00",
        "operator": "Landeshauptstadt Stuttgart",
        "roof:shape": "flat",
        "sport": "swimming",
        "wikidata": "Q88961262",
        "@geometry": "center"
      },
      "geometry": {
        "type": "Point",
        "coordinates": [
          9.1624375,
          48.8122192
        ]
      },
      "id": "way/30138044"
    },
    {
      "type": "Feature",
      "properties": {
        "@id": "way/30170841",
        "addr:city": "Stuttgart",
        "addr:country": "DE",
        "addr:housenumber": "150/3",
        "addr:postcode": "70195",
        "addr:street": "Vaihinger Landstraße",
        "building": "sports_hall",
        "building:levels": "1",
        "name": "Gymnastikhalle",
        "@geometry": "center"
      },
      "geometry": {
        "type": "Point",
        "coordinates": [
          9.1184075,
          48.770429
        ]
      },
      "id": "way/30170841"
    },
    {
      "type": "Feature",
      "properties": {
        "@id": "way/30428050",
        "contact:email": "info@asvhagsfeld1907.de",
        "contact:phone": "+49 721 66778710; +49 721 7258468",
        "contact:website": "http://www.asvhagsfeld.de/",
        "leisure": "sports_centre",
        "name": "ASV Hagsfeld",
        "official_name": "Allgemeiner Sportverein Hagsfeld 1907 e.V.",
        "sport": "soccer;tennis",
        "wikidata": "Q298117",
        "@geometry": "center"
      },
      "geometry": {
        "type": "Point",
        "coordinates": [
          8.4647105,
          49.0263518
        ]
      },
      "id": "way/30428050"
    },
    {
      "type": "Feature",
      "properties": {
        "@id": "way/30899552",
        "leisure": "sports_centre",
        "name": "Vereinsgelände Kraftsportverein Stuttgart",
        "@geometry": "center"
      },
      "geometry": {
        "type": "Point",
        "coordinates": [
          9.1292277,
          48.7501119
        ]
      },
      "id": "way/30899552"
    },
    {
      "type": "Feature",
      "properties": {
        "@id": "way/32514133",
        "addr:housenumber": "1",
        "addr:street": "Birchstraße",
        "building": "yes",
        "leisure": "sports_centre",
        "source": "Maps4BW, LGL, www.lgl-bw.de",
        "@geometry": "center"
      },
      "geometry": {
        "type": "Point",
        "coordinates": [
          9.1767311,
          48.7235183
        ]
      },
      "id": "way/32514133"
    },
    {
      "type": "Feature",
      "properties": {
        "@id": "way/32686429",
        "building": "sports_hall",
        "building:levels": "2.5",
        "building:use": "school",
        "leisure": "sports_centre",
        "name": "Werner von Siemens Schule",
        "@geometry": "center"
      },
      "geometry": {
        "type": "Point",
        "coordinates": [
          8.371067,
          49.0317867
        ]
      },
      "id": "way/32686429"
    },
    {
      "type": "Feature",
      "properties": {
        "@id": "way/32686430",
        "building": "sports_hall",
        "building:levels": "1",
        "building:use": "school",
        "leisure": "sports_centre",
        "@geometry": "center"
      },
      "geometry": {
        "type": "Point",
        "coordinates": [
          8.3723588,
          49.033001
        ]
      },
      "id": "way/32686430"
    },
    {
      "type": "Feature",
      "properties": {
        "@id": "way/32686431",
        "building": "sports_hall",
        "building:levels": "2.5",
        "building:use": "school",
        "leisure": "sports_centre",
        "@geometry": "center"
      },
      "geometry": {
        "type": "Point",
        "coordinates": [
          8.3723767,
          49.03317
        ]
      },
      "id": "way/32686431"
    },
    {
      "type": "Feature",
      "properties": {
        "@id": "way/32800881",
        "leisure": "sports_centre",
        "name": "Tennisclub Kurpfalz Seckenheim",
        "sport": "tennis",
        "@geometry": "center"
      },
      "geometry": {
        "type": "Point",
        "coordinates": [
          8.5558695,
          49.4485945
        ]
      },
      "id": "way/32800881"
    },
    {
      "type": "Feature",
      "properties": {
        "@id": "way/32908214",
        "addr:city": "Stuttgart",
        "addr:country": "DE",
        "addr:housenumber": "192",
        "addr:postcode": "70188",
        "addr:street": "Landhausstraße",
        "building": "yes",
        "leisure": "sports_centre",
        "name": "Leo-Vetter-Bad",
        "opening_hours": "Tu 13:00-19:00; We 07:00-22:00; Th 13:00-22:00; Fr-Sa 07:00-19:00; Su 10:00-19:00",
        "payment:mastercard": "yes",
        "sport": "swimming",
        "website": "https://www.stuttgart.de/baeder/leo-vetter-bad",
        "wheelchair": "no",
        "@geometry": "center"
      },
      "geometry": {
        "type": "Point",
        "coordinates": [
          9.2105313,
          48.7844161
        ]
      },
      "id": "way/32908214"
    },
    {
      "type": "Feature",
      "properties": {
        "@id": "way/32910160",
        "building": "sports_hall",
        "sport": "multi",
        "@geometry": "center"
      },
      "geometry": {
        "type": "Point",
        "coordinates": [
          9.2018368,
          48.7656724
        ]
      },
      "id": "way/32910160"
    },
    {
      "type": "Feature",
      "properties": {
        "@id": "way/32910182",
        "addr:city": "Stuttgart",
        "addr:country": "DE",
        "addr:housenumber": "1",
        "addr:postcode": "70184",
        "addr:street": "Albrecht-Leo-Merz-Weg",
        "building": "yes",
        "leisure": "sports_centre",
        "name": "Stuttgarter Tennisgesellschaft Geroksruhe",
        "sport": "tennis",
        "website": "https://www.stg-geroksruhe.de/",
        "@geometry": "center"
      },
      "geometry": {
        "type": "Point",
        "coordinates": [
          9.2026902,
          48.7658349
        ]
      },
      "id": "way/32910182"
    },
    {
      "type": "Feature",
      "properties": {
        "@id": "way/33823700",
        "addr:city": "Stuttgart",
        "addr:country": "DE",
        "addr:housenumber": "36",
        "addr:postcode": "70176",
        "addr:street": "Leuschnerstraße",
        "building": "yes",
        "designation": "yoga",
        "leisure": "sports_centre",
        "name": "moveorespiro | studio west",
        "roof:material": "roof_tiles",
        "roof:shape": "gabled",
        "source": "survey",
        "sport": "athletics",
        "website": "https://www.wohlfuehlbereich.de/",
        "wheelchair": "no",
        "@geometry": "center"
      },
      "geometry": {
        "type": "Point",
        "coordinates": [
          9.165223,
          48.7766066
        ]
      },
      "id": "way/33823700"
    },
    {
      "type": "Feature",
      "properties": {
        "@id": "way/34112894",
        "addr:city": "Stuttgart",
        "addr:country": "DE",
        "addr:housenumber": "20",
        "addr:postcode": "70176",
        "addr:street": "Falkertstraße",
        "building": "sports_centre",
        "leisure": "sports_centre",
        "name": "Turnhalle Dillmann-Gymnasium",
        "opening_hours:signed": "no",
        "@geometry": "center"
      },
      "geometry": {
        "type": "Point",
        "coordinates": [
          9.1645868,
          48.7794629
        ]
      },
      "id": "way/34112894"
    },
    {
      "type": "Feature",
      "properties": {
        "@id": "way/34870859",
        "addr:city": "Filderstadt",
        "addr:country": "DE",
        "addr:housenumber": "96",
        "addr:postcode": "70794",
        "addr:street": "Tübinger Straße",
        "addr:suburb": "Bernhausen",
        "alt_name": "ESG-Halle",
        "building": "sports_centre",
        "leisure": "sports_centre",
        "name": "Elisabeth-Selbert-Halle",
        "old_name": "Eduard-Spranger-Halle",
        "sport": "multi",
        "@geometry": "center"
      },
      "geometry": {
        "type": "Point",
        "coordinates": [
          9.2128425,
          48.6681903
        ]
      },
      "id": "way/34870859"
    },
    {
      "type": "Feature",
      "properties": {
        "@id": "way/34948838",
        "addr:city": "Altrip",
        "addr:country": "DE",
        "addr:housenumber": "5B",
        "addr:postcode": "67122",
        "addr:street": "Ludwigsplatz",
        "building": "yes",
        "leisure": "sports_centre",
        "name": "Sportzentrum am Rheindamm",
        "sport": "multi",
        "@geometry": "center"
      },
      "geometry": {
        "type": "Point",
        "coordinates": [
          8.5031111,
          49.4313405
        ]
      },
      "id": "way/34948838"
    },
    {
      "type": "Feature",
      "properties": {
        "@id": "way/35148670",
        "addr:city": "Mannheim",
        "addr:country": "DE",
        "addr:housenumber": "17",
        "addr:postcode": "68165",
        "addr:street": "Theodor-Heuss-Anlage",
        "building": "yes",
        "leisure": "sports_centre",
        "name": "Rhein-Neckar-Sporthalle",
        "sport": "multi",
        "@geometry": "center"
      },
      "geometry": {
        "type": "Point",
        "coordinates": [
          8.4999382,
          49.4785092
        ]
      },
      "id": "way/35148670"
    },
    {
      "type": "Feature",
      "properties": {
        "@id": "way/35148682",
        "leisure": "sports_centre",
        "source": "Amtsblatt Mannheim Nr. 41/ WMS: http://warper.geothings.net/maps/wms/789?request=GetMap&version=1.1.1&styles=&format=image/png&srs=epsg:4326&exceptions=application/vnd.ogc.se_inimage",
        "sport": "tennis",
        "@geometry": "center"
      },
      "geometry": {
        "type": "Point",
        "coordinates": [
          8.5036147,
          49.4786042
        ]
      },
      "id": "way/35148682"
    },
    {
      "type": "Feature",
      "properties": {
        "@id": "way/35200336",
        "leisure": "sports_centre",
        "source": "Amtsblatt Mannheim Nr. 41/ WMS: http://warper.geothings.net/maps/wms/789?request=GetMap&version=1.1.1&styles=&format=image/png&srs=epsg:4326&exceptions=application/vnd.ogc.se_inimage",
        "sport": "tennis",
        "@geometry": "center"
      },
      "geometry": {
        "type": "Point",
        "coordinates": [
          8.5020714,
          49.4783941
        ]
      },
      "id": "way/35200336"
    },
    {
      "type": "Feature",
      "properties": {
        "@id": "way/35400951",
        "addr:city": "Stuttgart",
        "addr:country": "DE",
        "addr:housenumber": "15",
        "addr:postcode": "70176",
        "addr:street": "Forststraße",
        "building": "sports_centre",
        "check_date:opening_hours": "2022-05-08",
        "leisure": "sports_centre",
        "name": "Tivoli-Sporthalle",
        "opening_hours:signed": "no",
        "sport": "multi",
        "wheelchair": "no",
        "@geometry": "center"
      },
      "geometry": {
        "type": "Point",
        "coordinates": [
          9.165011,
          48.7799018
        ]
      },
      "id": "way/35400951"
    },
    {
      "type": "Feature",
      "properties": {
        "@id": "way/36508837",
        "addr:city": "Mannheim",
        "addr:country": "DE",
        "addr:housenumber": "55",
        "addr:postcode": "68219",
        "addr:street": "Kronenburgstraße",
        "building": "sports_hall",
        "leisure": "sports_centre",
        "name": "Sporthalle Konrad-Duden-Schule",
        "sport": "multi",
        "@geometry": "center"
      },
      "geometry": {
        "type": "Point",
        "coordinates": [
          8.5250416,
          49.4418123
        ]
      },
      "id": "way/36508837"
    },
    {
      "type": "Feature",
      "properties": {
        "@id": "way/36832717",
        "leisure": "sports_centre",
        "name": "ADM-Sportpark",
        "sport": "athletics",
        "wikidata": "Q854379",
        "@geometry": "center"
      },
      "geometry": {
        "type": "Point",
        "coordinates": [
          9.1867547,
          48.7470723
        ]
      },
      "id": "way/36832717"
    },
    {
      "type": "Feature",
      "properties": {
        "@id": "way/36907730",
        "addr:city": "Ostfildern",
        "addr:country": "DE",
        "addr:housenumber": "166/1",
        "addr:postcode": "73760",
        "addr:street": "Hedelfinger Straße",
        "building": "yes",
        "leisure": "sports_centre",
        "name": "Vitalcenter Ruit",
        "phone": "+49 711 415754",
        "website": "https://www.vitalcenter-ruit.de/",
        "wheelchair": "yes",
        "@geometry": "center"
      },
      "geometry": {
        "type": "Point",
        "coordinates": [
          9.2552867,
          48.7408287
        ]
      },
      "id": "way/36907730"
    },
    {
      "type": "Feature",
      "properties": {
        "@id": "way/37112133",
        "addr:city": "Stuttgart",
        "addr:country": "DE",
        "addr:housenumber": "53B",
        "addr:postcode": "70176",
        "addr:street": "Schloßstraße",
        "building": "sports_hall",
        "leisure": "sports_hall",
        "roof:colour": "grey",
        "roof:shape": "flat",
        "sport": "multi",
        "@geometry": "center"
      },
      "geometry": {
        "type": "Point",
        "coordinates": [
          9.1669186,
          48.7776119
        ]
      },
      "id": "way/37112133"
    },
    {
      "type": "Feature",
      "properties": {
        "@id": "way/37711507",
        "leisure": "sports_centre",
        "name": "MSC Altrip",
        "website": "https://www.msc-altrip.com/",
        "@geometry": "center"
      },
      "geometry": {
        "type": "Point",
        "coordinates": [
          8.4771931,
          49.4307732
        ]
      },
      "id": "way/37711507"
    },
    {
      "type": "Feature",
      "properties": {
        "@id": "way/37932312",
        "addr:city": "Stuttgart",
        "addr:country": "DE",
        "addr:housenumber": "47/1",
        "addr:postcode": "70199",
        "addr:street": "Böheimstraße",
        "building": "yes",
        "leisure": "sports_centre",
        "name": "Idogohaus Stuttgart",
        "sport": "multi",
        "@geometry": "center"
      },
      "geometry": {
        "type": "Point",
        "coordinates": [
          9.1616447,
          48.7606971
        ]
      },
      "id": "way/37932312"
    },
    {
      "type": "Feature",
      "properties": {
        "@id": "way/38444448",
        "leisure": "sports_centre",
        "name": "Maimarktgelände Turnierplatz",
        "sport": "equestrian",
        "@geometry": "center"
      },
      "geometry": {
        "type": "Point",
        "coordinates": [
          8.5272461,
          49.4667089
        ]
      },
      "id": "way/38444448"
    },
    {
      "type": "Feature",
      "properties": {
        "@id": "way/38880649",
        "addr:country": "DE",
        "building": "yes",
        "leisure": "sports_centre",
        "name": "Sporthalle Degerloch",
        "sport": "multi",
        "@geometry": "center"
      },
      "geometry": {
        "type": "Point",
        "coordinates": [
          9.1635525,
          48.7414586
        ]
      },
      "id": "way/38880649"
    },
    {
      "type": "Feature",
      "properties": {
        "@id": "way/39870191",
        "leisure": "sports_centre",
        "sport": "tennis",
        "@geometry": "center"
      },
      "geometry": {
        "type": "Point",
        "coordinates": [
          9.1954766,
          48.7253211
        ]
      },
      "id": "way/39870191"
    },
    {
      "type": "Feature",
      "properties": {
        "@id": "way/41837036",
        "addr:city": "Mannheim",
        "addr:country": "DE",
        "addr:housenumber": "18",
        "addr:postcode": "68199",
        "addr:street": "Pfingstweidstraße",
        "building": "yes",
        "leisure": "fitness_centre",
        "name": "VeniceBeach Mannheim Neckarau",
        "opening_hours": "Mo-Fr 07:00-23:00; Sa-Su 09:00-20:00",
        "website": "https://www.venicebeach-fitness.de/studios/lifestyle-fitness/mannheim-neckarau.html",
        "@geometry": "center"
      },
      "geometry": {
        "type": "Point",
        "coordinates": [
          8.5005283,
          49.4605517
        ]
      },
      "id": "way/41837036"
    },
    {
      "type": "Feature",
      "properties": {
        "@id": "way/42090470",
        "addr:city": "Karlsruhe",
        "addr:country": "DE",
        "addr:housenumber": "1",
        "addr:postcode": "76185",
        "addr:street": "Wißmannstraße",
        "building": "yes",
        "check_date": "2025-10-22",
        "leisure": "sports_centre",
        "name": "Budo-Club Karlsruhe e.V.",
        "source:addr": "Maps4BW, LGL, www.lgl-bw.de",
        "website": "https://www.budoclubkarlsruhe.de/",
        "wheelchair": "no",
        "@geometry": "center"
      },
      "geometry": {
        "type": "Point",
        "coordinates": [
          8.3401588,
          49.0044183
        ]
      },
      "id": "way/42090470"
    },
    {
      "type": "Feature",
      "properties": {
        "@id": "way/42383519",
        "addr:city": "Mannheim",
        "addr:housenumber": "35",
        "addr:postcode": "68167",
        "addr:street": "August-Kuhn-Straße",
        "building": "sports_centre",
        "leisure": "sports_centre",
        "name": "GBG Halle am Herzogenried",
        "note": "Name ohne Bindestrich angegeben wie an Hallenwand und auf Infotafel vor der Halle (Name mit Rechtschreibfehler übernommen).",
        "old_name": "MWS-Halle Am Herzogenried",
        "operator": "Stadt Mannheim",
        "operator:type": "public",
        "roof:shape": "flat",
        "@geometry": "center"
      },
      "geometry": {
        "type": "Point",
        "coordinates": [
          8.4808766,
          49.5016307
        ]
      },
      "id": "way/42383519"
    },
    {
      "type": "Feature",
      "properties": {
        "@id": "way/42469210",
        "addr:city": "Mannheim",
        "addr:country": "DE",
        "addr:housenumber": "11",
        "addr:postcode": "68199",
        "addr:street": "Marguerrestraße",
        "building": "civic",
        "building:levels": "1",
        "check_date": "2025-04-13",
        "leisure": "sports_centre",
        "name": "Gartenhallenbad Neckarau",
        "opening_hours": "Mo 12:00-18:00; Tu,Th 10:00-22:00; We 10:00-18:00; Fr 06:00-08:00,10:00-22:00; Sa 11:00-22:00; Su 09:00-20:00",
        "payment:cash": "yes",
        "payment:credit_cards": "yes",
        "payment:debit_cards": "yes",
        "roof:levels": "0",
        "sport": "swimming",
        "wheelchair": "yes",
        "@geometry": "center"
      },
      "geometry": {
        "type": "Point",
        "coordinates": [
          8.4895095,
          49.4474046
        ]
      },
      "id": "way/42469210"
    },
    {
      "type": "Feature",
      "properties": {
        "@id": "way/42754314",
        "addr:city": "Stuttgart",
        "addr:country": "DE",
        "addr:housenumber": "11/1",
        "addr:postcode": "70567",
        "addr:street": "Lohäckerstraße",
        "building": "yes",
        "leisure": "sports_centre",
        "name": "Bocciadromo",
        "operator": "Arces e.V.",
        "sport": "boules",
        "@geometry": "center"
      },
      "geometry": {
        "type": "Point",
        "coordinates": [
          9.1468538,
          48.7184372
        ]
      },
      "id": "way/42754314"
    },
    {
      "type": "Feature",
      "properties": {
        "@id": "way/44289427",
        "addr:city": "Mannheim",
        "addr:country": "DE",
        "addr:postcode": "68239",
        "addr:street": "Turfweg",
        "barrier": "fence",
        "leisure": "sports_centre",
        "name": "Pferderennbahn Mannheim-Seckenheim",
        "operator": "Badischer Rennverein Mannheim-Seckenheim e.V.",
        "sport": "horse_racing",
        "website": "https://www.badischer-rennverein.de/",
        "@geometry": "center"
      },
      "geometry": {
        "type": "Point",
        "coordinates": [
          8.5574132,
          49.4491763
        ]
      },
      "id": "way/44289427"
    },
    {
      "type": "Feature",
      "properties": {
        "@id": "way/48426343",
        "addr:city": "Ludwigshafen am Rhein",
        "addr:country": "DE",
        "addr:housenumber": "90",
        "addr:postcode": "67061",
        "addr:street": "Erich-Reimann-Straße",
        "building": "yes",
        "leisure": "sports_centre",
        "name": "Leichtathletikhalle",
        "source:building": "OpenData Rheinland-Pfalz",
        "sport": "athletics",
        "@geometry": "center"
      },
      "geometry": {
        "type": "Point",
        "coordinates": [
          8.4398545,
          49.466885
        ]
      },
      "id": "way/48426343"
    },
    {
      "type": "Feature",
      "properties": {
        "@id": "way/48803769",
        "addr:city": "Mannheim",
        "addr:country": "DE",
        "addr:housenumber": "14",
        "addr:postcode": "68309",
        "addr:street": "Wormser Straße",
        "building": "sports_hall",
        "leisure": "sports_centre",
        "name": "DJK Sportzentrum",
        "operator": "DJK Käfertal-Waldhof",
        "sport": "multi",
        "@geometry": "center"
      },
      "geometry": {
        "type": "Point",
        "coordinates": [
          8.5172707,
          49.5138758
        ]
      },
      "id": "way/48803769"
    },
    {
      "type": "Feature",
      "properties": {
        "@id": "way/49214620",
        "leisure": "sports_centre",
        "name": "Ludwigshafener Ruderverein - Hugo-Rothstein-Gelände",
        "operator": "Ludwigshafener Ruderverein von 1878 e.V.",
        "sport": "rowing",
        "website": "https://www.ludwigshafener-rv.de/i",
        "@geometry": "center"
      },
      "geometry": {
        "type": "Point",
        "coordinates": [
          8.4620413,
          49.4384327
        ]
      },
      "id": "way/49214620"
    },
    {
      "type": "Feature",
      "properties": {
        "@id": "way/49214621",
        "leisure": "sports_centre",
        "name": "Wasserskiclub Kurpfalz",
        "operator": "Wasserskiclub Kurpfalz e.V.",
        "sport": "water_ski",
        "website": "https://www.wsk-kurpfalz.de/",
        "@geometry": "center"
      },
      "geometry": {
        "type": "Point",
        "coordinates": [
          8.4630388,
          49.4384912
        ]
      },
      "id": "way/49214621"
    },
    {
      "type": "Feature",
      "properties": {
        "@id": "way/49291431",
        "addr:city": "Stuttgart",
        "addr:country": "DE",
        "addr:housenumber": "36",
        "addr:postcode": "70599",
        "addr:street": "Im Wolfer",
        "building": "sports_centre",
        "check_date:opening_hours": "2024-10-13",
        "leisure": "sports_centre",
        "name": "Sporthalle Plieningen",
        "opening_hours:signed": "no",
        "sport": "multi",
        "@geometry": "center"
      },
      "geometry": {
        "type": "Point",
        "coordinates": [
          9.2003052,
          48.7085144
        ]
      },
      "id": "way/49291431"
    },
    {
      "type": "Feature",
      "properties": {
        "@id": "way/50283557",
        "addr:city": "Mannheim",
        "addr:country": "DE",
        "addr:housenumber": "49",
        "addr:postcode": "68229",
        "addr:street": "Saarburger Ring",
        "building": "yes",
        "leisure": "sports_centre",
        "name": "Lilli-Gräber-Halle",
        "sport": "multi;handball",
        "@geometry": "center"
      },
      "geometry": {
        "type": "Point",
        "coordinates": [
          8.5703902,
          49.4415724
        ]
      },
      "id": "way/50283557"
    },
    {
      "type": "Feature",
      "properties": {
        "@id": "way/51854390",
        "canoe:service": "boathouse",
        "leisure": "sports_centre",
        "name": "Paddler-Gilde Ludwigshafen",
        "sport": "canoe",
        "@geometry": "center"
      },
      "geometry": {
        "type": "Point",
        "coordinates": [
          8.4632686,
          49.4415252
        ]
      },
      "id": "way/51854390"
    },
    {
      "type": "Feature",
      "properties": {
        "@id": "way/51854391",
        "canoe:service": "boathouse",
        "leisure": "sports_centre",
        "name": "Eisenbahnersportverein von 1927, Abteilung Kanu",
        "sport": "canoe",
        "@geometry": "center"
      },
      "geometry": {
        "type": "Point",
        "coordinates": [
          8.464448,
          49.44143
        ]
      },
      "id": "way/51854391"
    },
    {
      "type": "Feature",
      "properties": {
        "@id": "way/51858132",
        "addr:city": "Stuttgart",
        "addr:housenumber": "47",
        "addr:postcode": "70599",
        "addr:street": "Egilolfstraße",
        "building": "sports_centre",
        "leisure": "sports_centre",
        "name": "Universitätssporthalle",
        "opening_hours:signed": "no",
        "source": "yahoo",
        "sport": "multi",
        "wheelchair": "yes",
        "@geometry": "center"
      },
      "geometry": {
        "type": "Point",
        "coordinates": [
          9.2089688,
          48.7163453
        ]
      },
      "id": "way/51858132"
    },
    {
      "type": "Feature",
      "properties": {
        "@id": "way/51858175",
        "addr:city": "Stuttgart",
        "addr:country": "DE",
        "addr:postcode": "70599",
        "addr:street": "Moosheimer Straße",
        "building": "yes",
        "leisure": "sports_centre",
        "source": "yahoo",
        "sport": "multi",
        "@geometry": "center"
      },
      "geometry": {
        "type": "Point",
        "coordinates": [
          9.2067428,
          48.7225915
        ]
      },
      "id": "way/51858175"
    },
    {
      "type": "Feature",
      "properties": {
        "@id": "way/52562773",
        "addr:city": "Ludwigshafen am Rhein",
        "addr:country": "DE",
        "addr:housenumber": "89",
        "addr:postcode": "67063",
        "addr:street": "Erzbergerstraße",
        "amenity": "community_centre",
        "building": "yes",
        "leisure": "sports_centre",
        "name": "Friedrich-Ebert-Halle",
        "source": "estimation",
        "sport": "multi",
        "wheelchair": "yes",
        "wikidata": "Q929868",
        "wikipedia": "en:Friedrich-Ebert-Halle",
        "wikipedia:de": "Friedrich-Ebert-Halle",
        "@geometry": "center"
      },
      "geometry": {
        "type": "Point",
        "coordinates": [
          8.4129977,
          49.4913611
        ]
      },
      "id": "way/52562773"
    },
    {
      "type": "Feature",
      "properties": {
        "@id": "way/52917072",
        "building": "sports_hall",
        "building:levels": "1.5",
        "leisure": "sports_hall",
        "wheelchair": "no",
        "@geometry": "center"
      },
      "geometry": {
        "type": "Point",
        "coordinates": [
          8.3618621,
          49.0252864
        ]
      },
      "id": "way/52917072"
    },
    {
      "type": "Feature",
      "properties": {
        "@id": "way/53177673",
        "addr:city": "Ostfildern",
        "addr:country": "DE",
        "addr:housenumber": "38",
        "addr:postcode": "73760",
        "addr:street": "Schönbergstraße",
        "addr:suburb": "Kemnat",
        "building": "yes",
        "contact:phone": "+49 711 51889873",
        "leisure": "sports_centre",
        "name": "Top Tennis",
        "opening_hours": "Mo-Su 08:00-23:00",
        "sport": "tennis",
        "website": "https://toptennis-stuttgart.de/de/",
        "@geometry": "center"
      },
      "geometry": {
        "type": "Point",
        "coordinates": [
          9.2227273,
          48.7247982
        ]
      },
      "id": "way/53177673"
    },
    {
      "type": "Feature",
      "properties": {
        "@id": "way/53395362",
        "addr:city": "Ostfildern",
        "addr:country": "DE",
        "addr:housenumber": "42",
        "addr:postcode": "73760",
        "addr:street": "Haldenstraße",
        "addr:suburb": "Kemnat",
        "building": "yes",
        "leisure": "sports_centre",
        "name": "Sporthalle",
        "@geometry": "center"
      },
      "geometry": {
        "type": "Point",
        "coordinates": [
          9.2257993,
          48.7215775
        ]
      },
      "id": "way/53395362"
    },
    {
      "type": "Feature",
      "properties": {
        "@id": "way/53395366",
        "addr:city": "Ostfildern",
        "addr:country": "DE",
        "addr:housenumber": "40",
        "addr:postcode": "73760",
        "addr:street": "Haldenstraße",
        "addr:suburb": "Kemnat",
        "building": "yes",
        "contact:website": "https://www.hik-ev.de/",
        "leisure": "sports_centre",
        "name": "Hallenbad Kemnat",
        "operator": "Gemeinnützige Hallenbad-Initiative-Kemnat e.V.",
        "phone": "+49 711 453808",
        "sport": "swimming",
        "toilets:wheelchair": "no",
        "wheelchair": "limited",
        "@geometry": "center"
      },
      "geometry": {
        "type": "Point",
        "coordinates": [
          9.224977,
          48.7215564
        ]
      },
      "id": "way/53395366"
    },
    {
      "type": "Feature",
      "properties": {
        "@id": "way/58379516",
        "access": "customers",
        "alt_name": "DAV Kletterzentrum Stuttgart",
        "branch": "Stuttgart",
        "brand": "DAV",
        "charge": "16 EUR",
        "climbing:boulder": "yes",
        "climbing:speed": "yes",
        "climbing:sport": "yes",
        "climbing:toprope": "yes",
        "contact:email": "info@kletterzentrum-stuttgart.de",
        "contact:fax": "+49 711 3195867",
        "contact:phone": "+49 711 3195866",
        "contact:website": "https://www.kletterzentrum-stuttgart.de/",
        "description": "Kletterhalle mit Außenbereich. Bouldern, Toprope und Vorstieg möglich. Betrieben von den DAV Sektionen Schwaben und Stuttgart.",
        "fee": "yes",
        "indoor": "yes",
        "leisure": "sports_centre",
        "name": "DAV-Kletterzentrum Stuttgart",
        "opening_hours": "Mo-Fr 13:00-23:00; Tu,Th 09:00-23:00; PH,Sa,Su 09:00-22:00",
        "outdoor": "yes",
        "payment:cash": "yes",
        "payment:debit_cards": "yes",
        "reg_name": "Waldau",
        "service:climbing_belay_device:rental": "yes",
        "service:climbing_harness:rental": "yes",
        "service:climbing_rope:rental": "yes",
        "service:climbing_shoes:rental": "yes",
        "service:climbing_shoes:rental:fee": "yes",
        "sport": "climbing",
        "@geometry": "center"
      },
      "geometry": {
        "type": "Point",
        "coordinates": [
          9.1874814,
          48.7493359
        ]
      },
      "id": "way/58379516"
    },
    {
      "type": "Feature",
      "properties": {
        "@id": "way/58977556",
        "addr:city": "Karlsruhe",
        "addr:country": "DE",
        "addr:housenumber": "2",
        "addr:postcode": "76199",
        "addr:street": "Erlenweg",
        "building": "sports_hall",
        "building:levels": "1",
        "contact:phone": "+49 721 8801609",
        "contact:website": "https://online-psk.de/oberwaldbad/",
        "leisure": "sports_centre",
        "name": "Oberwaldbad",
        "operator": "Post Südstadt Karlsruhe e.V.",
        "roof:shape": "flat",
        "sport": "swimming",
        "wheelchair": "no",
        "@geometry": "center"
      },
      "geometry": {
        "type": "Point",
        "coordinates": [
          8.4107237,
          48.9820546
        ]
      },
      "id": "way/58977556"
    },
    {
      "type": "Feature",
      "properties": {
        "@id": "way/61183835",
        "leisure": "sports_centre",
        "name": "Karlsruher Rheinklub Alemannia e.V.",
        "phone": "+49 721 551075",
        "sport": "rowing",
        "website": "https://www.rheinklub-alemannia.de/",
        "wikidata": "Q1733979",
        "@geometry": "center"
      },
      "geometry": {
        "type": "Point",
        "coordinates": [
          8.3420275,
          49.0174492
        ]
      },
      "id": "way/61183835"
    },
    {
      "type": "Feature",
      "properties": {
        "@id": "way/61691778",
        "addr:city": "Mannheim",
        "addr:country": "DE",
        "addr:housenumber": "27-29",
        "addr:postcode": "68309",
        "addr:street": "Heppenheimer Straße",
        "building": "yes",
        "leisure": "fitness_centre",
        "name": "FitBase Mannheim Käfertal",
        "opening_hours": "24/7",
        "phone": "+49 621 391816012",
        "sport": "fitness",
        "website": "https://fitbase.fitness/locations/mannheim-kaefertal/",
        "@geometry": "center"
      },
      "geometry": {
        "type": "Point",
        "coordinates": [
          8.5208919,
          49.5088707
        ]
      },
      "id": "way/61691778"
    },
    {
      "type": "Feature",
      "properties": {
        "@id": "way/75319121",
        "addr:city": "Filderstadt",
        "addr:country": "DE",
        "addr:housenumber": "14",
        "addr:postcode": "70794",
        "addr:street": "La Souterrainer Straße",
        "addr:suburb": "Bernhausen",
        "building": "yes",
        "leisure": "sports_centre",
        "name": "TBC-Halle",
        "sport": "tennis",
        "@geometry": "center"
      },
      "geometry": {
        "type": "Point",
        "coordinates": [
          9.2101891,
          48.6709335
        ]
      },
      "id": "way/75319121"
    },
    {
      "type": "Feature",
      "properties": {
        "@id": "way/80621375",
        "addr:city": "Ostfildern",
        "addr:country": "DE",
        "addr:housenumber": "2",
        "addr:postcode": "73760",
        "addr:street": "Rolf-Brack-Straße",
        "addr:suburb": "Scharnhausen",
        "building": "yes",
        "leisure": "sports_centre",
        "name": "Körschtalhalle",
        "sport": "multi",
        "wheelchair": "yes",
        "@geometry": "center"
      },
      "geometry": {
        "type": "Point",
        "coordinates": [
          9.2677973,
          48.706819
        ]
      },
      "id": "way/80621375"
    },
    {
      "type": "Feature",
      "properties": {
        "@id": "way/86503816",
        "addr:city": "Karlsruhe",
        "addr:country": "DE",
        "addr:housenumber": "13",
        "addr:postcode": "76185",
        "addr:street": "Daimlerstraße",
        "building": "yes",
        "building:levels": "3",
        "contact:email": "info@europaarena.com",
        "contact:facebook": "https://www.facebook.com/EuropaArena",
        "contact:instagram": "europaarena",
        "contact:phone": "+49 721 60953113",
        "contact:website": "https://www.europaarena.com/",
        "leisure": "sports_centre",
        "name": "Europa Arena",
        "opening_hours": "Mo-Su 9:00-20:00",
        "ref:vatin": "DE328112231",
        "source": "Bing Maps",
        "sport": "soccer",
        "toilets:wheelchair": "no",
        "wheelchair": "limited",
        "@geometry": "center"
      },
      "geometry": {
        "type": "Point",
        "coordinates": [
          8.355201,
          49.0273047
        ]
      },
      "id": "way/86503816"
    },
    {
      "type": "Feature",
      "properties": {
        "@id": "way/87244956",
        "addr:city": "Karlsruhe",
        "addr:country": "DE",
        "addr:housenumber": "3",
        "addr:postcode": "76185",
        "addr:street": "Sternstraße",
        "building": "sports_centre",
        "description": "Mehrzweckhalle. Hier finden auch Konzerte statt",
        "leisure": "sports_centre",
        "name": "Carl-Benz-Halle",
        "sport": "multi",
        "wheelchair": "yes",
        "@geometry": "center"
      },
      "geometry": {
        "type": "Point",
        "coordinates": [
          8.3547484,
          49.0115868
        ]
      },
      "id": "way/87244956"
    },
    {
      "type": "Feature",
      "properties": {
        "@id": "way/88307389",
        "leisure": "sports_centre",
        "name": "TSV Badenia Feudenheim 1889",
        "operator": "TSV Badenia Feudenheim 1889 e.V.",
        "sport": "multi",
        "website": "https://www.tsvbadenia.de/",
        "@geometry": "center"
      },
      "geometry": {
        "type": "Point",
        "coordinates": [
          8.5166968,
          49.4850468
        ]
      },
      "id": "way/88307389"
    },
    {
      "type": "Feature",
      "properties": {
        "@id": "way/89019779",
        "addr:city": "Karlsruhe",
        "addr:country": "DE",
        "addr:housenumber": "12",
        "addr:postcode": "76187",
        "addr:street": "Hertzstraße",
        "building": "yes",
        "leisure": "fitness_centre",
        "name": "amena LADYFITNESS",
        "opening_hours": "Mo-Su 07:00-21:00",
        "source": "Maps4BW",
        "@geometry": "center"
      },
      "geometry": {
        "type": "Point",
        "coordinates": [
          8.3659723,
          49.0205975
        ]
      },
      "id": "way/89019779"
    },
    {
      "type": "Feature",
      "properties": {
        "@id": "way/89042169",
        "leisure": "sports_centre",
        "name": "Valentin-Gremm-Halle",
        "source": "Bing",
        "@geometry": "center"
      },
      "geometry": {
        "type": "Point",
        "coordinates": [
          8.5342666,
          49.4319395
        ]
      },
      "id": "way/89042169"
    },
    {
      "type": "Feature",
      "properties": {
        "@id": "way/89042173",
        "building": "yes",
        "leisure": "sports_centre",
        "@geometry": "center"
      },
      "geometry": {
        "type": "Point",
        "coordinates": [
          8.5383698,
          49.4345204
        ]
      },
      "id": "way/89042173"
    },
    {
      "type": "Feature",
      "properties": {
        "@id": "way/89279799",
        "addr:city": "Karlsruhe",
        "addr:country": "DE",
        "addr:housenumber": "2",
        "addr:postcode": "76131",
        "addr:street": "Mannheimer Straße",
        "building": "yes",
        "leisure": "sports_centre",
        "name": "Sporthalle Rintheim",
        "source": "LA-KA / personal knowledge",
        "sport": "multi",
        "@geometry": "center"
      },
      "geometry": {
        "type": "Point",
        "coordinates": [
          8.4401778,
          49.0110476
        ]
      },
      "id": "way/89279799"
    },
    {
      "type": "Feature",
      "properties": {
        "@id": "way/89970935",
        "building": "yes",
        "fee": "yes",
        "leisure": "sports_centre",
        "name": "Sport- und Freizeitzentrum „Kwak-Sport“",
        "sport": "taekwondo;fitness;yoga;pilates",
        "website": "https://www.sportschule-kwak.de/",
        "@geometry": "center"
      },
      "geometry": {
        "type": "Point",
        "coordinates": [
          8.4311155,
          49.0103843
        ]
      },
      "id": "way/89970935"
    },
    {
      "type": "Feature",
      "properties": {
        "@id": "way/90057556",
        "leisure": "sports_centre",
        "name": "Beach 21",
        "operator": "SSC Karlsruhe e.V.",
        "sport": "beachvolleyball;beachsoccer",
        "surface": "sand",
        "@geometry": "center"
      },
      "geometry": {
        "type": "Point",
        "coordinates": [
          8.4406264,
          49.0269217
        ]
      },
      "id": "way/90057556"
    },
    {
      "type": "Feature",
      "properties": {
        "@id": "way/90565151",
        "access": "private",
        "building": "civic",
        "leisure": "sports_centre",
        "name": "Sporthalle Heinrich-Köhler-Schule",
        "source:geometry": "Maps4BW (LGL, www.lgl-bw.de)",
        "sport": "multi",
        "start_date": "~1963",
        "@geometry": "center"
      },
      "geometry": {
        "type": "Point",
        "coordinates": [
          8.4389609,
          49.0138271
        ]
      },
      "id": "way/90565151"
    },
    {
      "type": "Feature",
      "properties": {
        "@id": "way/93709788",
        "addr:city": "Karlsruhe",
        "addr:country": "DE",
        "addr:housenumber": "4",
        "addr:postcode": "76149",
        "addr:street": "Rechts der langen Richtstatt",
        "building": "civic",
        "contact:website": "http://www.tusneureut.de/",
        "leisure": "sports_centre",
        "name": "TuS Neureut",
        "source": "Bing Maps",
        "source:addr": "Maps4BW, LGL, www.lgl-bw.de",
        "sport": "multi",
        "@geometry": "center"
      },
      "geometry": {
        "type": "Point",
        "coordinates": [
          8.3660613,
          49.0421428
        ]
      },
      "id": "way/93709788"
    },
    {
      "type": "Feature",
      "properties": {
        "@id": "way/94170470",
        "addr:city": "Stuttgart",
        "addr:country": "DE",
        "addr:housenumber": "3",
        "addr:postcode": "70597",
        "addr:street": "Friedrich-Strobel-Weg",
        "building": "sports_hall",
        "sport": "climbing;bouldering",
        "@geometry": "center"
      },
      "geometry": {
        "type": "Point",
        "coordinates": [
          9.1878915,
          48.7494391
        ]
      },
      "id": "way/94170470"
    },
    {
      "type": "Feature",
      "properties": {
        "@id": "way/94170624",
        "addr:city": "Stuttgart",
        "addr:housenumber": "37",
        "addr:postcode": "70597",
        "addr:street": "Königsträßle",
        "building": "sports_centre",
        "leisure": "sports_centre",
        "name": "Ruth-Endress-Halle, tus 3",
        "@geometry": "center"
      },
      "geometry": {
        "type": "Point",
        "coordinates": [
          9.1841244,
          48.7518045
        ]
      },
      "id": "way/94170624"
    },
    {
      "type": "Feature",
      "properties": {
        "@id": "way/94170645",
        "building": "yes",
        "leisure": "sports_centre",
        "@geometry": "center"
      },
      "geometry": {
        "type": "Point",
        "coordinates": [
          9.188829,
          48.751092
        ]
      },
      "id": "way/94170645"
    },
    {
      "type": "Feature",
      "properties": {
        "@id": "way/95740036",
        "addr:city": "Stuttgart",
        "addr:country": "DE",
        "addr:housenumber": "70",
        "addr:postcode": "70597",
        "addr:street": "Albstraße",
        "building": "yes",
        "leisure": "sports_centre",
        "name": "Turn- und Versammlungshalle",
        "@geometry": "center"
      },
      "geometry": {
        "type": "Point",
        "coordinates": [
          9.1647862,
          48.7426378
        ]
      },
      "id": "way/95740036"
    },
    {
      "type": "Feature",
      "properties": {
        "@id": "way/96055366",
        "addr:city": "Edingen-Neckarhausen",
        "addr:country": "DE",
        "addr:housenumber": "12",
        "addr:postcode": "68535",
        "addr:street": "Flößerstraße",
        "addr:suburb": "Edingen",
        "building": "yes",
        "leisure": "sports_centre",
        "name": "Krîfon - Schule für Historische Fechtkunst",
        "operator": "Christian Bott",
        "sport": "fencing",
        "website": "https://krifon.de",
        "@geometry": "center"
      },
      "geometry": {
        "type": "Point",
        "coordinates": [
          8.594304,
          49.453852
        ]
      },
      "id": "way/96055366"
    },
    {
      "type": "Feature",
      "properties": {
        "@id": "way/96562068",
        "addr:housenumber": "17",
        "addr:street": "Pfalzburger Straße",
        "building": "yes",
        "leisure": "sports_centre",
        "name": "Tennishalle",
        "sport": "tennis",
        "@geometry": "center"
      },
      "geometry": {
        "type": "Point",
        "coordinates": [
          8.5716653,
          49.4417422
        ]
      },
      "id": "way/96562068"
    },
    {
      "type": "Feature",
      "properties": {
        "@id": "way/96752375",
        "addr:city": "Mannheim",
        "addr:country": "DE",
        "addr:housenumber": "90",
        "addr:postcode": "68199",
        "addr:street": "Neckarauer Straße",
        "branch": "Mannheim Almenhof",
        "brand": "McFit",
        "brand:wikidata": "Q871302",
        "brand:wikipedia": "en:McFit",
        "building": "yes",
        "leisure": "fitness_centre",
        "name": "McFit",
        "opening_hours": "24/7",
        "operator": "McFIT",
        "phone": "+49 621 8109030",
        "wheelchair": "yes",
        "@geometry": "center"
      },
      "geometry": {
        "type": "Point",
        "coordinates": [
          8.4900069,
          49.4623032
        ]
      },
      "id": "way/96752375"
    },
    {
      "type": "Feature",
      "properties": {
        "@id": "way/96796208",
        "addr:city": "Karlsruhe",
        "addr:country": "DE",
        "addr:housenumber": "1",
        "addr:postcode": "76131",
        "addr:street": "Kanalweg",
        "addr:suburb": "Oststadt",
        "check_date": "2024-09-02",
        "contact:email": "info@mtv-karlsruhe.de",
        "contact:fax": "+49 721 696399",
        "contact:phone": "+49 721 691173",
        "contact:website": "http://www.mtv-karlsruhe.de/",
        "leisure": "sports_centre",
        "name": "MTV Karlsruhe",
        "official_name": "Männerturnverein Karlsruhe 1881 e.V.",
        "short_name": "MTV Karlsruhe",
        "sport": "athletics;tennis;soccer",
        "@geometry": "center"
      },
      "geometry": {
        "type": "Point",
        "coordinates": [
          8.4166645,
          49.0226756
        ]
      },
      "id": "way/96796208"
    },
    {
      "type": "Feature",
      "properties": {
        "@id": "way/96796217",
        "building": "civic",
        "building:levels": "1",
        "leisure": "sports_centre",
        "name": "Männerturnverein Karlsruhe 1881 e.V.",
        "roof:levels": "0",
        "roof:shape": "round",
        "sport": "athletics",
        "@geometry": "center"
      },
      "geometry": {
        "type": "Point",
        "coordinates": [
          8.4179729,
          49.0226773
        ]
      },
      "id": "way/96796217"
    },
    {
      "type": "Feature",
      "properties": {
        "@id": "way/96822596",
        "access": "private",
        "addr:city": "Karlsruhe",
        "addr:country": "DE",
        "addr:housenumber": "10",
        "addr:postcode": "76133",
        "addr:street": "Moltkestraße",
        "building": "sports_centre",
        "leisure": "sports_centre",
        "name": "Sporthalle der PH Karlsruhe",
        "source": "http://ka.stadtwiki.net/P%C3%A4dagogische_Hochschule_Karlsruhe#Sporthalle",
        "wheelchair": "limited",
        "@geometry": "center"
      },
      "geometry": {
        "type": "Point",
        "coordinates": [
          8.3948733,
          49.0147391
        ]
      },
      "id": "way/96822596"
    },
    {
      "type": "Feature",
      "properties": {
        "@id": "way/96822602",
        "building": "yes",
        "leisure": "sports_centre",
        "name": "Hebel-Halle",
        "sport": "multi",
        "wheelchair": "limited",
        "@geometry": "center"
      },
      "geometry": {
        "type": "Point",
        "coordinates": [
          8.3950989,
          49.0153809
        ]
      },
      "id": "way/96822602"
    },
    {
      "type": "Feature",
      "properties": {
        "@id": "way/97892079",
        "leisure": "sports_centre",
        "name": "Friedrich-List-Schule",
        "operator": "Friedrich-List-Schule",
        "source": "LA-KA",
        "@geometry": "center"
      },
      "geometry": {
        "type": "Point",
        "coordinates": [
          8.4143779,
          49.0060852
        ]
      },
      "id": "way/97892079"
    },
    {
      "type": "Feature",
      "properties": {
        "@id": "way/98910689",
        "building": "sports_hall",
        "leisure": "sports_centre",
        "name": "Tennishalle Turnerschaft Mühlburg",
        "source": "LA Karlsruhe",
        "sport": "tennis",
        "@geometry": "center"
      },
      "geometry": {
        "type": "Point",
        "coordinates": [
          8.3506162,
          49.0165634
        ]
      },
      "id": "way/98910689"
    },
    {
      "type": "Feature",
      "properties": {
        "@id": "way/99751743",
        "addr:city": "Stuttgart",
        "addr:country": "DE",
        "addr:housenumber": "12",
        "addr:postcode": "70190",
        "addr:street": "Friedenstraße",
        "building": "yes",
        "leisure": "sports_centre",
        "name": "Yoga & Pilates in der Galerie",
        "source": "Bing",
        "source:addr": "Maps4BW LGL",
        "sport": "yoga;pilates",
        "@geometry": "center"
      },
      "geometry": {
        "type": "Point",
        "coordinates": [
          9.1929064,
          48.7855685
        ]
      },
      "id": "way/99751743"
    },
    {
      "type": "Feature",
      "properties": {
        "@id": "way/99863073",
        "addr:city": "Karlsruhe",
        "addr:country": "DE",
        "addr:housenumber": "1",
        "addr:postcode": "76199",
        "addr:street": "Rosenweg",
        "building": "sports_centre",
        "leisure": "sports_centre",
        "name": "Eichelgartenhalle",
        "opening_hours": "\"school gym\"",
        "sport": "multi",
        "wheelchair": "no",
        "@geometry": "center"
      },
      "geometry": {
        "type": "Point",
        "coordinates": [
          8.4154906,
          48.9758802
        ]
      },
      "id": "way/99863073"
    },
    {
      "type": "Feature",
      "properties": {
        "@id": "way/100549485",
        "addr:city": "Stuttgart",
        "addr:country": "DE",
        "addr:housenumber": "149/1",
        "addr:postcode": "70190",
        "addr:street": "Neckarstraße",
        "building": "yes",
        "leisure": "sports_centre",
        "name": "Zeppelin-Sporthalle",
        "sport": "multi",
        "wheelchair": "no",
        "@geometry": "center"
      },
      "geometry": {
        "type": "Point",
        "coordinates": [
          9.1947345,
          48.7898095
        ]
      },
      "id": "way/100549485"
    },
    {
      "type": "Feature",
      "properties": {
        "@id": "way/100769225",
        "addr:city": "Karlsruhe",
        "addr:country": "DE",
        "addr:housenumber": "23",
        "addr:postcode": "76187",
        "addr:street": "Hertzstraße",
        "full_name": "Sportgemeinschaft Karlsruhe e.V.",
        "leisure": "sports_centre",
        "name": "SG Karlsruhe",
        "old_name": "Sportgemeinschaft Siemens Karlsruhe e.V.",
        "operator": "Sportgemeinschaft Karlsruhe e.V.",
        "phone": "+49 721 5966686",
        "sport": "multi",
        "website": "https://www.sg-ka.de/",
        "@geometry": "center"
      },
      "geometry": {
        "type": "Point",
        "coordinates": [
          8.3647345,
          49.0258112
        ]
      },
      "id": "way/100769225"
    },
    {
      "type": "Feature",
      "properties": {
        "@id": "way/100951418",
        "leisure": "sports_centre",
        "name": "FC West",
        "wheelchair": "yes",
        "@geometry": "center"
      },
      "geometry": {
        "type": "Point",
        "coordinates": [
          8.3648382,
          49.0227925
        ]
      },
      "id": "way/100951418"
    },
    {
      "type": "Feature",
      "properties": {
        "@id": "way/100951421",
        "leisure": "sports_centre",
        "name": "TC Karlsruhe-West",
        "wheelchair": "limited",
        "@geometry": "center"
      },
      "geometry": {
        "type": "Point",
        "coordinates": [
          8.3640988,
          49.0224563
        ]
      },
      "id": "way/100951421"
    },
    {
      "type": "Feature",
      "properties": {
        "@id": "way/101152006",
        "addr:city": "Karlsruhe",
        "addr:country": "DE",
        "addr:postcode": "76149",
        "addr:street": "Unterfeldstraße",
        "building": "sports_hall",
        "building:levels": "2.5",
        "leisure": "sports_centre",
        "name": "Sporthalle 1",
        "source": "LA Karlsruhe",
        "sport": "multi",
        "wheelchair": "yes",
        "@geometry": "center"
      },
      "geometry": {
        "type": "Point",
        "coordinates": [
          8.3762273,
          49.0447346
        ]
      },
      "id": "way/101152006"
    },
    {
      "type": "Feature",
      "properties": {
        "@id": "way/101152016",
        "addr:city": "Karlsruhe",
        "addr:country": "DE",
        "addr:postcode": "76149",
        "addr:street": "Unterfeldstraße",
        "building": "sports_hall",
        "building:levels": "2.5",
        "leisure": "sports_centre",
        "name": "Sporthalle 2",
        "source": "LA Karlsruhe",
        "sport": "multi",
        "wheelchair": "yes",
        "@geometry": "center"
      },
      "geometry": {
        "type": "Point",
        "coordinates": [
          8.3768828,
          49.0449963
        ]
      },
      "id": "way/101152016"
    },
    {
      "type": "Feature",
      "properties": {
        "@id": "way/101984648",
        "addr:city": "Ludwigshafen am Rhein",
        "addr:country": "DE",
        "addr:housenumber": "43",
        "addr:postcode": "67061",
        "addr:street": "Parkstraße",
        "building": "yes",
        "leisure": "sports_centre",
        "name": "TFC - 1861 e.V. Ludwigshafen",
        "source:building": "OpenData Rheinland-Pfalz",
        "sport": "multi",
        "@geometry": "center"
      },
      "geometry": {
        "type": "Point",
        "coordinates": [
          8.4598745,
          49.469031
        ]
      },
      "id": "way/101984648"
    },
    {
      "type": "Feature",
      "properties": {
        "@id": "way/102016763",
        "addr:city": "Stuttgart",
        "addr:country": "DE",
        "addr:housenumber": "9",
        "addr:postcode": "70469",
        "addr:street": "Am Sportpark",
        "addr:suburb": "Feuerbach",
        "building": "yes",
        "leisure": "sports_centre",
        "name": "Bowling Arena Sport",
        "sport": "10pin",
        "website": "https://bowlingarena.de/",
        "wheelchair": "no",
        "@geometry": "center"
      },
      "geometry": {
        "type": "Point",
        "coordinates": [
          9.1405,
          48.8102785
        ]
      },
      "id": "way/102016763"
    },
    {
      "type": "Feature",
      "properties": {
        "@id": "way/103058929",
        "addr:city": "Stuttgart",
        "addr:country": "DE",
        "addr:housenumber": "4",
        "addr:postcode": "70469",
        "addr:street": "Am Sportpark",
        "building": "sports_centre",
        "leisure": "sports_centre",
        "name": "Hugo-Kunzi-Sporthalle",
        "name:etymology": "Hugo Kunzi ist ein Stuttgarter Unternehmer",
        "sport": "multi",
        "wheelchair": "limited",
        "@geometry": "center"
      },
      "geometry": {
        "type": "Point",
        "coordinates": [
          9.13514,
          48.8091627
        ]
      },
      "id": "way/103058929"
    },
    {
      "type": "Feature",
      "properties": {
        "@id": "way/103639720",
        "leisure": "sports_centre",
        "name": "Städt. Sportanlage Speckweg",
        "source": "Bing",
        "@geometry": "center"
      },
      "geometry": {
        "type": "Point",
        "coordinates": [
          8.4981542,
          49.5213972
        ]
      },
      "id": "way/103639720"
    },
    {
      "type": "Feature",
      "properties": {
        "@id": "way/104842139",
        "building": "sports_hall",
        "@geometry": "center"
      },
      "geometry": {
        "type": "Point",
        "coordinates": [
          8.3662981,
          48.9883601
        ]
      },
      "id": "way/104842139"
    },
    {
      "type": "Feature",
      "properties": {
        "@id": "way/104990099",
        "access": "customers",
        "addr:housenumber": "1",
        "addr:postcode": "76227",
        "addr:street": "Erlachseeweg",
        "building": "sports_centre",
        "climbing": "no",
        "climbing:boulder": "yes",
        "climbing:speed": "no",
        "climbing:sport": "no",
        "email": "bouldering@the-rock.de",
        "fee": "yes",
        "leisure": "sports_centre",
        "name": "The Rock Boulderhalle",
        "name:de": "The Rock Boulderhalle",
        "opening_hours": "Mo-Su 10:00-23:00",
        "phone": "+49 721 94088737",
        "source": "LA-KA",
        "sport": "climbing",
        "website": "https://www.boulderhallekarlsruhe.de/",
        "@geometry": "center"
      },
      "geometry": {
        "type": "Point",
        "coordinates": [
          8.4381693,
          48.9852451
        ]
      },
      "id": "way/104990099"
    },
    {
      "type": "Feature",
      "properties": {
        "@id": "way/107477983",
        "building": "yes",
        "leisure": "sports_centre",
        "name": "Stuttgarter Reit- und Fahrverein e.V.",
        "sport": "equestrian",
        "website": "http://www.srfv.de/",
        "@geometry": "center"
      },
      "geometry": {
        "type": "Point",
        "coordinates": [
          9.1510416,
          48.7913105
        ]
      },
      "id": "way/107477983"
    },
    {
      "type": "Feature",
      "properties": {
        "@id": "way/107477989",
        "building": "yes",
        "leisure": "sports_centre",
        "name": "Reitanlage Stuttgarter Reit- und Fahrverein e. V.",
        "sport": "equestrian",
        "wheelchair": "no",
        "@geometry": "center"
      },
      "geometry": {
        "type": "Point",
        "coordinates": [
          9.1501159,
          48.7910411
        ]
      },
      "id": "way/107477989"
    },
    {
      "type": "Feature",
      "properties": {
        "@id": "way/107735146",
        "building": "yes",
        "leisure": "sports_centre",
        "sport": "multi",
        "@geometry": "center"
      },
      "geometry": {
        "type": "Point",
        "coordinates": [
          9.1613919,
          48.7858238
        ]
      },
      "id": "way/107735146"
    },
    {
      "type": "Feature",
      "properties": {
        "@id": "way/109849916",
        "addr:city": "Stuttgart",
        "addr:country": "DE",
        "addr:housenumber": "119A",
        "addr:postcode": "70176",
        "addr:street": "Silberburgstraße",
        "building": "yes",
        "leisure": "sports_centre",
        "name": "Woman Sports Stuttgart",
        "website": "https://www.women-sports.info/",
        "wheelchair": "no",
        "@geometry": "center"
      },
      "geometry": {
        "type": "Point",
        "coordinates": [
          9.1649529,
          48.7765756
        ]
      },
      "id": "way/109849916"
    },
    {
      "type": "Feature",
      "properties": {
        "@id": "way/109962386",
        "access": "private",
        "alt_name": "Rudi Fischer-Haus",
        "building": "yes",
        "leisure": "sports_centre",
        "name": "GRENKE aKAdemie",
        "old_name": "KSC- Nachwuchs-Leistungszentrum",
        "source:geometry": "Maps4BW, LGL, www.lgl-bw.de",
        "sport": "soccer",
        "start_date": "2011",
        "@geometry": "center"
      },
      "geometry": {
        "type": "Point",
        "coordinates": [
          8.4109857,
          49.0194413
        ]
      },
      "id": "way/109962386"
    },
    {
      "type": "Feature",
      "properties": {
        "@id": "way/110537695",
        "addr:city": "Karlsruhe",
        "addr:country": "DE",
        "addr:housenumber": "19",
        "addr:postcode": "76131",
        "addr:street": "Adenauerring",
        "alt_name": "Wildparkhalle",
        "building": "sports_hall",
        "leisure": "sports_centre",
        "name": "Sporthalle Wildpark",
        "source:geometry": "Maps4BW, LGL, www.lgl-bw.de",
        "sport": "multi",
        "@geometry": "center"
      },
      "geometry": {
        "type": "Point",
        "coordinates": [
          8.4100148,
          49.0192634
        ]
      },
      "id": "way/110537695"
    },
    {
      "type": "Feature",
      "properties": {
        "@id": "way/110644863",
        "addr:city": "Karlsruhe",
        "addr:country": "DE",
        "addr:housenumber": "18b",
        "addr:postcode": "76189",
        "addr:street": "Hansastraße",
        "building": "yes",
        "leisure": "sports_centre",
        "name": "Karlsruher Ruder-Verein Wiking v. 1879 e.V.",
        "source": "Maps4BW",
        "sport": "rowing",
        "website": "https://www.krv-wiking.de/home",
        "@geometry": "center"
      },
      "geometry": {
        "type": "Point",
        "coordinates": [
          8.3349848,
          49.0101272
        ]
      },
      "id": "way/110644863"
    },
    {
      "type": "Feature",
      "properties": {
        "@id": "way/110644864",
        "addr:city": "Karlsruhe",
        "addr:country": "DE",
        "addr:housenumber": "18",
        "addr:postcode": "76189",
        "addr:street": "Hansastraße",
        "building": "yes",
        "leisure": "sports_centre",
        "name": "Rheinbrüder",
        "source": "Maps4BW",
        "sport": "canoe",
        "@geometry": "center"
      },
      "geometry": {
        "type": "Point",
        "coordinates": [
          8.3354846,
          49.0100824
        ]
      },
      "id": "way/110644864"
    },
    {
      "type": "Feature",
      "properties": {
        "@id": "way/110881024",
        "building": "yes",
        "leisure": "sports_centre",
        "source": "LA-KA",
        "sport": "multi",
        "wheelchair": "yes",
        "@geometry": "center"
      },
      "geometry": {
        "type": "Point",
        "coordinates": [
          8.446802,
          49.0471347
        ]
      },
      "id": "way/110881024"
    },
    {
      "type": "Feature",
      "properties": {
        "@id": "way/111138651",
        "building": "sports_hall",
        "leisure": "sports_centre",
        "name": "Weinbrennerhalle",
        "sport": "multi",
        "@geometry": "center"
      },
      "geometry": {
        "type": "Point",
        "coordinates": [
          8.3771246,
          49.0045962
        ]
      },
      "id": "way/111138651"
    },
    {
      "type": "Feature",
      "properties": {
        "@id": "way/111641963",
        "addr:city": "Karlsruhe",
        "addr:country": "DE",
        "addr:housenumber": "12",
        "addr:postcode": "76189",
        "addr:street": "Lindenallee",
        "amenity": "community_centre",
        "building": "sports_centre",
        "leisure": "sports_centre",
        "name": "Rheinstrandhalle",
        "opening_hours:signed": "no",
        "sport": "multi",
        "@geometry": "center"
      },
      "geometry": {
        "type": "Point",
        "coordinates": [
          8.3391495,
          48.9984596
        ]
      },
      "id": "way/111641963"
    },
    {
      "type": "Feature",
      "properties": {
        "@id": "way/111787745",
        "leisure": "sports_centre",
        "operator": "SSC Karlsruhe e.V.",
        "sport": "multi",
        "@geometry": "center"
      },
      "geometry": {
        "type": "Point",
        "coordinates": [
          8.4409755,
          49.0259674
        ]
      },
      "id": "way/111787745"
    },
    {
      "type": "Feature",
      "properties": {
        "@id": "way/111787767",
        "building": "civic",
        "height": "7.5",
        "height:note": "Höhe geschätzt",
        "leisure": "sports_centre",
        "operator": "Karlsruher Sportverein Rintheim-Waldstadt e.V.",
        "roof:height": "3.5",
        "roof:material": "eternit",
        "roof:orientation": "across",
        "roof:shape": "gabled",
        "source:geometry": "Maps4BW, LGL, www.lgl-bw.de",
        "sport": "tennis",
        "start_date": "1985-09",
        "@geometry": "center"
      },
      "geometry": {
        "type": "Point",
        "coordinates": [
          8.4393185,
          49.0249584
        ]
      },
      "id": "way/111787767"
    },
    {
      "type": "Feature",
      "properties": {
        "@id": "way/116488025",
        "building": "sports_hall",
        "name": "Friedrich-Ebert-Halle",
        "@geometry": "center"
      },
      "geometry": {
        "type": "Point",
        "coordinates": [
          8.3633159,
          49.0087161
        ]
      },
      "id": "way/116488025"
    },
    {
      "type": "Feature",
      "properties": {
        "@id": "way/117467059",
        "leisure": "sports_centre",
        "operator": "KuSV Rot-Weiß-Blau e.V.",
        "sport": "multi",
        "@geometry": "center"
      },
      "geometry": {
        "type": "Point",
        "coordinates": [
          9.2240344,
          48.7764864
        ]
      },
      "id": "way/117467059"
    },
    {
      "type": "Feature",
      "properties": {
        "@id": "way/118703950",
        "landuse": "recreation_ground",
        "leisure": "sports_centre",
        "name": "ESG Frankonia Karlsruhe",
        "sport": "multi",
        "website": "https://www.esgfrankonia.de/",
        "@geometry": "center"
      },
      "geometry": {
        "type": "Point",
        "coordinates": [
          8.4433971,
          49.0032998
        ]
      },
      "id": "way/118703950"
    },
    {
      "type": "Feature",
      "properties": {
        "@id": "way/118842174",
        "addr:city": "Mannheim",
        "addr:street": "Auf den Ried",
        "description": "Sportanlage",
        "leisure": "sports_centre",
        "name": "SSV Mannheim-Vogelstang",
        "old_website": "http://ssv-mannheim-vogelstang.de/",
        "operator": "SSV Mannheim-Vogelstang e.V.",
        "owner": "Stadt Mannheim",
        "short_name": "SSV Vogelstang",
        "sport": "multi",
        "website": "https://ssv-vogelstang.de/",
        "@geometry": "center"
      },
      "geometry": {
        "type": "Point",
        "coordinates": [
          8.5378345,
          49.5000405
        ]
      },
      "id": "way/118842174"
    },
    {
      "type": "Feature",
      "properties": {
        "@id": "way/119240484",
        "access": "private",
        "addr:housenumber": "1",
        "addr:street": "Tristanstraße",
        "building": "civic",
        "leisure": "sports_centre",
        "source:geometry": "Maps4BW (LGL, www.lgl-bw.de)",
        "sport": "multi",
        "@geometry": "center"
      },
      "geometry": {
        "type": "Point",
        "coordinates": [
          8.3684114,
          49.0149268
        ]
      },
      "id": "way/119240484"
    },
    {
      "type": "Feature",
      "properties": {
        "@id": "way/120165904",
        "addr:city": "Mannheim",
        "addr:country": "DE",
        "addr:housenumber": "62",
        "addr:postcode": "68309",
        "addr:street": "Mecklenburger Straße",
        "building": "sports_hall",
        "building:levels": "1",
        "height": "5",
        "leisure": "sports_centre",
        "name": "Sporthalle Vogelstang Geschwister-Scholl-Gymnasium",
        "roof:colour": "grey",
        "roof:shape": "flat",
        "sport": "multi",
        "@geometry": "center"
      },
      "geometry": {
        "type": "Point",
        "coordinates": [
          8.5393773,
          49.5065714
        ]
      },
      "id": "way/120165904"
    },
    {
      "type": "Feature",
      "properties": {
        "@id": "way/122164530",
        "addr:city": "Karlsruhe",
        "addr:country": "DE",
        "addr:housenumber": "14",
        "addr:postcode": "76185",
        "addr:street": "Zeppelinstraße",
        "brand": "Clever fit",
        "brand:wikidata": "Q27909675",
        "building": "yes",
        "leisure": "fitness_centre",
        "name": "Clever fit",
        "opening_hours": "Mo-Fr 06:00-24:00; Sa-Su 09:00-21:00",
        "phone": "+49 721 82459000",
        "website": "https://www.clever-fit.com/fitness-studios/clever-fit-karlsruhe/",
        "@geometry": "center"
      },
      "geometry": {
        "type": "Point",
        "coordinates": [
          8.3610803,
          49.0027456
        ]
      },
      "id": "way/122164530"
    },
    {
      "type": "Feature",
      "properties": {
        "@id": "way/122164583",
        "building": "yes",
        "building:levels": "2",
        "climbing:boulder": "yes",
        "contact:phone": "+49 721 83175900",
        "contact:website": "https://boulderhalle-steil.com/",
        "description": "Große Boulderhalle mit 2 Etagen, mehreren Wänden, Kilterboards und Kinderbereich.",
        "email": "info@boulderhalle-steil.com",
        "indoor": "yes",
        "leisure": "sports_centre",
        "name": "Boulderhalle Steil",
        "opening_hours": "Mo,We,Fr 10:00-23:00; Tu,Th 07:00-23:00; Sa,Su 09:00-22:00",
        "sport": "climbing",
        "wheelchair": "yes",
        "@geometry": "center"
      },
      "geometry": {
        "type": "Point",
        "coordinates": [
          8.361457,
          48.9988873
        ]
      },
      "id": "way/122164583"
    },
    {
      "type": "Feature",
      "properties": {
        "@id": "way/122352744",
        "leisure": "sports_centre",
        "name": "SC 1910 Mannheim Käfertal",
        "@geometry": "center"
      },
      "geometry": {
        "type": "Point",
        "coordinates": [
          8.5055387,
          49.5158244
        ]
      },
      "id": "way/122352744"
    },
    {
      "type": "Feature",
      "properties": {
        "@id": "way/122387058",
        "addr:city": "Stuttgart",
        "addr:country": "DE",
        "addr:housenumber": "24",
        "addr:postcode": "70376",
        "addr:street": "Krefelder Straße",
        "building": "yes",
        "leisure": "sports_centre",
        "name": "SV Cannstatt - Mombachbad",
        "sport": "swimming",
        "website": "https://sv-cannstatt.de/",
        "wheelchair": "limited",
        "wheelchair:description": "keine Stufen zu überwinden, allerdings kein großes Rolli-WC",
        "@geometry": "center"
      },
      "geometry": {
        "type": "Point",
        "coordinates": [
          9.2142821,
          48.8113496
        ]
      },
      "id": "way/122387058"
    },
    {
      "type": "Feature",
      "properties": {
        "@id": "way/123318961",
        "building": "sports_hall",
        "name": "Turnhalle",
        "@geometry": "center"
      },
      "geometry": {
        "type": "Point",
        "coordinates": [
          9.1939789,
          48.7815392
        ]
      },
      "id": "way/123318961"
    },
    {
      "type": "Feature",
      "properties": {
        "@id": "way/123349545",
        "addr:city": "Karlsruhe",
        "addr:country": "DE",
        "addr:housenumber": "70a",
        "addr:postcode": "76185",
        "addr:street": "Daxlander Straße",
        "building": "sports_centre",
        "contact:email": "info@bulldog-gym.com",
        "contact:phone": "+49 721 552233",
        "contact:website": "https://bulldog-gym.com/",
        "leisure": "fitness_centre",
        "name": "Bulldog Gym",
        "note": "Am Gebäude selbst ist keine Hausnummer zu finden. Ich habe die auf der HP des Gym stehende Adresse eingetragen.",
        "opening_hours": "Mo-Fr 08:00-22:00; Sa 10:00-19:00; Su,PH 10:00-16:00",
        "source": "LA-KA",
        "@geometry": "center"
      },
      "geometry": {
        "type": "Point",
        "coordinates": [
          8.3445162,
          49.0072485
        ]
      },
      "id": "way/123349545"
    },
    {
      "type": "Feature",
      "properties": {
        "@id": "way/123435372",
        "addr:city": "Stuttgart",
        "addr:country": "DE",
        "addr:housenumber": "6",
        "addr:postcode": "70186",
        "addr:street": "Albert-Schäffle-Straße",
        "leisure": "sports_centre",
        "name": "SKG Gablenberg, Vereinsheim",
        "@geometry": "center"
      },
      "geometry": {
        "type": "Point",
        "coordinates": [
          9.2032684,
          48.7717238
        ]
      },
      "id": "way/123435372"
    },
    {
      "type": "Feature",
      "properties": {
        "@id": "way/123816096",
        "addr:city": "Karlsruhe",
        "addr:country": "DE",
        "addr:housenumber": "53",
        "addr:postcode": "76135",
        "addr:street": "Marie-Alexandra-Straße",
        "building": "yes",
        "leisure": "sports_centre",
        "name": "Turnhalle Beiertheim-Grundschule",
        "wheelchair": "limited",
        "@geometry": "center"
      },
      "geometry": {
        "type": "Point",
        "coordinates": [
          8.3861257,
          48.9927652
        ]
      },
      "id": "way/123816096"
    },
    {
      "type": "Feature",
      "properties": {
        "@id": "way/126063177",
        "addr:city": "Karlsruhe",
        "addr:housenumber": "1",
        "addr:postcode": "76227",
        "addr:street": "Untere Hub",
        "email": "info@paintball-ranch-karlsruhe.de",
        "leisure": "sports_centre",
        "name": "Paintball Ranch Karlsruhe",
        "opening_hours": "We-Sa 10:00-20:00; Su 10:00-17:00",
        "phone": "+49 721 61937979",
        "sport": "paintball",
        "surface": "grass",
        "website": "https://paintball-ranch-karlsruhe.de",
        "@geometry": "center"
      },
      "geometry": {
        "type": "Point",
        "coordinates": [
          8.4690539,
          49.0102599
        ]
      },
      "id": "way/126063177"
    },
    {
      "type": "Feature",
      "properties": {
        "@id": "way/127314449",
        "addr:city": "Ostfildern",
        "addr:country": "DE",
        "addr:housenumber": "125/23",
        "addr:postcode": "73760",
        "addr:street": "Kirchheimer Straße",
        "building": "yes",
        "leisure": "sports_centre",
        "sport": "tennis",
        "@geometry": "center"
      },
      "geometry": {
        "type": "Point",
        "coordinates": [
          9.2630344,
          48.7283548
        ]
      },
      "id": "way/127314449"
    },
    {
      "type": "Feature",
      "properties": {
        "@id": "way/127314512",
        "addr:city": "Ostfildern",
        "addr:country": "DE",
        "addr:housenumber": "125/2",
        "addr:postcode": "73760",
        "addr:street": "Kirchheimer Straße",
        "building": "yes",
        "leisure": "sports_centre",
        "sport": "multi",
        "wheelchair": "limited",
        "@geometry": "center"
      },
      "geometry": {
        "type": "Point",
        "coordinates": [
          9.2647187,
          48.7261765
        ]
      },
      "id": "way/127314512"
    },
    {
      "type": "Feature",
      "properties": {
        "@id": "way/127314614",
        "addr:city": "Ostfildern",
        "addr:country": "DE",
        "addr:housenumber": "125/21",
        "addr:postcode": "73760",
        "addr:street": "Kirchheimer Straße",
        "building": "yes",
        "leisure": "sports_centre",
        "sport": "tennis",
        "@geometry": "center"
      },
      "geometry": {
        "type": "Point",
        "coordinates": [
          9.2637464,
          48.7283627
        ]
      },
      "id": "way/127314614"
    },
    {
      "type": "Feature",
      "properties": {
        "@id": "way/128380623",
        "contact:email": "webmaster@esg-schuetzen.de",
        "contact:website": "http://www.esg-schuetzen.de/",
        "leisure": "sports_centre",
        "name": "Schützenabteilung der ESG Frankonia Karlsruhe",
        "sport": "shooting",
        "@geometry": "center"
      },
      "geometry": {
        "type": "Point",
        "coordinates": [
          8.3863896,
          48.984077
        ]
      },
      "id": "way/128380623"
    },
    {
      "type": "Feature",
      "properties": {
        "@id": "way/128910821",
        "addr:city": "Karlsruhe",
        "addr:country": "DE",
        "addr:housenumber": "6",
        "addr:postcode": "76187",
        "addr:street": "Am Brurain",
        "building": "yes",
        "leisure": "sports_centre",
        "name": "Reinhold-Crocoll-Halle",
        "sport": "multi",
        "wheelchair": "yes",
        "@geometry": "center"
      },
      "geometry": {
        "type": "Point",
        "coordinates": [
          8.3418024,
          49.0375714
        ]
      },
      "id": "way/128910821"
    },
    {
      "type": "Feature",
      "properties": {
        "@id": "way/129198162",
        "access": "private",
        "description": "Benutzung nur mit Genehmigung der Ortsverwaltung Neureut",
        "leisure": "sports_centre",
        "name": "Waldsportplatz Neureut",
        "operator": "Ortsverwaltung Neureut",
        "sport": "soccer",
        "@geometry": "center"
      },
      "geometry": {
        "type": "Point",
        "coordinates": [
          8.4006405,
          49.0461586
        ]
      },
      "id": "way/129198162"
    },
    {
      "type": "Feature",
      "properties": {
        "@id": "way/129721366",
        "addr:city": "Ostfildern",
        "addr:country": "DE",
        "addr:housenumber": "71",
        "addr:postcode": "73760",
        "addr:street": "Panoramastraße",
        "addr:suburb": "Kemnat",
        "building": "yes",
        "leisure": "sports_centre",
        "name": "Radfahrerverein Kemnat",
        "sport": "bicycle",
        "@geometry": "center"
      },
      "geometry": {
        "type": "Point",
        "coordinates": [
          9.2264014,
          48.7181549
        ]
      },
      "id": "way/129721366"
    },
    {
      "type": "Feature",
      "properties": {
        "@id": "way/130170651",
        "access": "private",
        "building": "civic",
        "indoor": "yes",
        "leisure": "sports_centre",
        "name": "Eichendorfschule",
        "roof:material": "grass",
        "roof:shape": "flat",
        "source:geometry": "Maps4BW, LGL-BW, www.lgl-bw.de",
        "sport": "multi",
        "@geometry": "center"
      },
      "geometry": {
        "type": "Point",
        "coordinates": [
          8.4471309,
          49.0377867
        ]
      },
      "id": "way/130170651"
    },
    {
      "type": "Feature",
      "properties": {
        "@id": "way/131186564",
        "leisure": "sports_centre",
        "name": "Franklin-Sportanlage",
        "note": "Nach grundlegender Renovierung durch die MWSP: 2021-06 Neueröffnung als \"Franklin-Sportanlage\". Details: https://www.mwsp-mannheim.de/startschuss-fuer-die-franklin-sportanlage/",
        "old_name": "Woods Memorial Stadium",
        "sport": "multi",
        "@geometry": "center"
      },
      "geometry": {
        "type": "Point",
        "coordinates": [
          8.5329443,
          49.5183375
        ]
      },
      "id": "way/131186564"
    },
    {
      "type": "Feature",
      "properties": {
        "@id": "way/131508942",
        "building": "sports_hall",
        "name": "Halle 1",
        "@geometry": "center"
      },
      "geometry": {
        "type": "Point",
        "coordinates": [
          8.4047333,
          48.9843751
        ]
      },
      "id": "way/131508942"
    },
    {
      "type": "Feature",
      "properties": {
        "@id": "way/131508944",
        "building": "sports_hall",
        "leisure": "sports_centre",
        "name": "PSD Bank-Halle",
        "opening_hours": "Mo,We,Fr 09:00-22:00, Tu,Th 07:00-22:00, Sa 09:00-16:00, Su 10:00-13:00, PH 10:00-13:00",
        "sport": "fitness;gymnastic;dojo",
        "@geometry": "center"
      },
      "geometry": {
        "type": "Point",
        "coordinates": [
          8.4044701,
          48.9845204
        ]
      },
      "id": "way/131508944"
    },
    {
      "type": "Feature",
      "properties": {
        "@id": "way/132161233",
        "addr:city": "Karlsruhe",
        "addr:housenumber": "46",
        "addr:postcode": "76149",
        "addr:street": "Unterfeldstraße",
        "building": "civic",
        "fee": "yes",
        "leisure": "sports_centre",
        "name": "Adolf-Ehrmann-Bad Neureut",
        "opening_hours:covid19": "closed",
        "operator": "Ortsverwaltung Neureut",
        "payment:cards": "no",
        "payment:cash": "yes",
        "shower": "yes",
        "sport": "swimming",
        "toilets": "yes",
        "website": "https://www.ka-baeder.de/hallenbaeder/adolf-ehrmann-bad.html",
        "@geometry": "center"
      },
      "geometry": {
        "type": "Point",
        "coordinates": [
          8.3859599,
          49.0506138
        ]
      },
      "id": "way/132161233"
    },
    {
      "type": "Feature",
      "properties": {
        "@id": "way/133023870",
        "addr:city": "Karlsruhe",
        "addr:housenumber": "1",
        "addr:postcode": "76227",
        "addr:street": "Erlachseeweg",
        "contact:email": "kontakt@spvgg-durlach-aue.de",
        "contact:phone": "+49 721 496124",
        "contact:website": "https://spvgg-durlach-aue.de/",
        "landuse": "recreation_ground",
        "leisure": "sports_centre",
        "name": "Spielvereinigung 1910 Durlach-Aue e.V.",
        "sport": "multi",
        "@geometry": "center"
      },
      "geometry": {
        "type": "Point",
        "coordinates": [
          8.4391861,
          48.9859172
        ]
      },
      "id": "way/133023870"
    },
    {
      "type": "Feature",
      "properties": {
        "@id": "way/133355532",
        "addr:city": "Ludwigshafen am Rhein",
        "addr:country": "DE",
        "addr:housenumber": "85",
        "addr:postcode": "67063",
        "addr:street": "Eschenbachstraße",
        "building": "yes",
        "leisure": "sports_centre",
        "name": "Günter-Braun-Sporthalle",
        "sport": "multi",
        "wheelchair": "yes",
        "@geometry": "center"
      },
      "geometry": {
        "type": "Point",
        "coordinates": [
          8.4128914,
          49.5023384
        ]
      },
      "id": "way/133355532"
    },
    {
      "type": "Feature",
      "properties": {
        "@id": "way/133880313",
        "leisure": "sports_centre",
        "official_name": "Polizeisportverein Karlsruhe e.V.",
        "short_name": "PSV",
        "sport": "multi",
        "@geometry": "center"
      },
      "geometry": {
        "type": "Point",
        "coordinates": [
          8.4329912,
          48.9938687
        ]
      },
      "id": "way/133880313"
    },
    {
      "type": "Feature",
      "properties": {
        "@id": "way/134898031",
        "addr:city": "Karlsruhe",
        "addr:country": "DE",
        "addr:housenumber": "15",
        "addr:postcode": "76185",
        "addr:street": "Blücherstraße",
        "building": "sports_centre",
        "description": "ehemalige Reithalle der Dragonerkaserne",
        "leisure": "sports_centre",
        "name": "Budo-Club Karlsruhe e.V.",
        "sport": "martial_arts",
        "website": "https://www.budoclubkarlsruhe.de/",
        "@geometry": "center"
      },
      "geometry": {
        "type": "Point",
        "coordinates": [
          8.3768227,
          49.0129718
        ]
      },
      "id": "way/134898031"
    },
    {
      "type": "Feature",
      "properties": {
        "@id": "way/135267388",
        "leisure": "sports_centre",
        "name": "Tennisclub Gelb-Weiß Ludwigshafen e.V.",
        "sport": "tennis",
        "@geometry": "center"
      },
      "geometry": {
        "type": "Point",
        "coordinates": [
          8.4178049,
          49.4774831
        ]
      },
      "id": "way/135267388"
    },
    {
      "type": "Feature",
      "properties": {
        "@id": "way/135863397",
        "addr:city": "Stuttgart",
        "addr:country": "DE",
        "addr:housenumber": "30",
        "addr:postcode": "70372",
        "addr:street": "Wilhelmstraße",
        "building": "yes",
        "leisure": "sports_centre",
        "name": "Kepler-Sporthalle",
        "sport": "multi",
        "@geometry": "center"
      },
      "geometry": {
        "type": "Point",
        "coordinates": [
          9.2177242,
          48.8065408
        ]
      },
      "id": "way/135863397"
    },
    {
      "type": "Feature",
      "properties": {
        "@id": "way/136729363",
        "addr:city": "Stuttgart",
        "addr:country": "DE",
        "addr:housenumber": "8",
        "addr:postcode": "70597",
        "addr:street": "Keßlerweg",
        "addr:suburb": "Degerloch",
        "building": "stadion",
        "covered": "yes",
        "leisure": "sports_centre",
        "name": "Eiswelt Stuttgart",
        "old_name": "Eissport-Zentrum Waldau",
        "operator": "Landeshauptstadt Stuttgart",
        "seasonal": "yes",
        "short_name": "Eiswelt",
        "sport": "ice_skating",
        "sport:roller_skating": "seasonal",
        "toilets:wheelchair": "no",
        "website": "https://www.stuttgart.de/eiswelt",
        "wheelchair": "yes",
        "wikidata": "Q19279017",
        "wikimedia_commons": "Category:Eiswelt_Stuttgart",
        "@geometry": "center"
      },
      "geometry": {
        "type": "Point",
        "coordinates": [
          9.1851778,
          48.7512564
        ]
      },
      "id": "way/136729363"
    },
    {
      "type": "Feature",
      "properties": {
        "@id": "way/136853616",
        "addr:city": "Mannheim",
        "addr:housenumber": "136",
        "addr:postcode": "68259",
        "addr:street": "Römerstraße",
        "leisure": "sports_centre",
        "name": "Tennisgemeinschaft Vogelstang",
        "operator": "Tennisgemeinschaft Vogelstang e. V.",
        "sport": "tennis",
        "website": "https://www.tg-vogelstang.de/",
        "@geometry": "center"
      },
      "geometry": {
        "type": "Point",
        "coordinates": [
          8.5358623,
          49.5036391
        ]
      },
      "id": "way/136853616"
    },
    {
      "type": "Feature",
      "properties": {
        "@id": "way/143374851",
        "building": "yes",
        "leisure": "sports_centre",
        "source": "LGL, www.lgl-bw.de",
        "@geometry": "center"
      },
      "geometry": {
        "type": "Point",
        "coordinates": [
          8.4653991,
          49.4935867
        ]
      },
      "id": "way/143374851"
    },
    {
      "type": "Feature",
      "properties": {
        "@id": "way/144667335",
        "leisure": "sports_centre",
        "name": "Sportplatz Universität Hohenheim",
        "sport": "multi",
        "@geometry": "center"
      },
      "geometry": {
        "type": "Point",
        "coordinates": [
          9.2092221,
          48.7159185
        ]
      },
      "id": "way/144667335"
    },
    {
      "type": "Feature",
      "properties": {
        "@id": "way/144673748",
        "leisure": "sports_centre",
        "name": "TSV Birkach",
        "website": "https://www.tsv-birkach.de/",
        "@geometry": "center"
      },
      "geometry": {
        "type": "Point",
        "coordinates": [
          9.1981542,
          48.729569
        ]
      },
      "id": "way/144673748"
    },
    {
      "type": "Feature",
      "properties": {
        "@id": "way/144988276",
        "addr:housenumber": "80",
        "addr:postcode": "68239",
        "addr:street": "Zähringer Straße",
        "building": "yes",
        "leisure": "sports_centre",
        "name": "SV 98/07 Seckenheim",
        "source:address": "survey",
        "source:geometry": "LGL, www.lgl-bw.de",
        "@geometry": "center"
      },
      "geometry": {
        "type": "Point",
        "coordinates": [
          8.5569344,
          49.467985
        ]
      },
      "id": "way/144988276"
    },
    {
      "type": "Feature",
      "properties": {
        "@id": "way/145435261",
        "building": "sports_hall",
        "building:levels": "3",
        "@geometry": "center"
      },
      "geometry": {
        "type": "Point",
        "coordinates": [
          9.1858584,
          48.7810795
        ]
      },
      "id": "way/145435261"
    },
    {
      "type": "Feature",
      "properties": {
        "@id": "way/145609559",
        "addr:city": "Filderstadt",
        "addr:country": "DE",
        "addr:housenumber": "21",
        "addr:postcode": "70794",
        "addr:street": "Seestraße",
        "addr:suburb": "Bernhausen",
        "building": "sports_centre",
        "leisure": "sports_centre",
        "name": "Sporthalle",
        "sport": "multi",
        "wheelchair": "yes",
        "@geometry": "center"
      },
      "geometry": {
        "type": "Point",
        "coordinates": [
          9.227578,
          48.6699577
        ]
      },
      "id": "way/145609559"
    },
    {
      "type": "Feature",
      "properties": {
        "@id": "way/149758120",
        "building": "yes",
        "building:colour": "#d4c9a1",
        "building:levels": "2",
        "leisure": "sports_centre",
        "name:signed": "no",
        "roof:colour": "maroon",
        "roof:shape": "hipped",
        "@geometry": "center"
      },
      "geometry": {
        "type": "Point",
        "coordinates": [
          8.4791564,
          49.4856642
        ]
      },
      "id": "way/149758120"
    },
    {
      "type": "Feature",
      "properties": {
        "@id": "way/150893557",
        "amenity": "school",
        "building": "school",
        "building:levels": "1",
        "leisure": "sports_centre",
        "name": "Sporthalle",
        "nohousenumber": "yes",
        "roof:levels": "0",
        "sport": "multi",
        "@geometry": "center"
      },
      "geometry": {
        "type": "Point",
        "coordinates": [
          8.470722,
          49.4614464
        ]
      },
      "id": "way/150893557"
    },
    {
      "type": "Feature",
      "properties": {
        "@id": "way/150903836",
        "access": "private",
        "addr:city": "Karlsruhe",
        "addr:country": "DE",
        "addr:housenumber": "1",
        "addr:postcode": "76139",
        "addr:street": "Im Eichbäumle",
        "addr:suburb": "Waldstadt",
        "building": "school",
        "building:levels": "1",
        "layer": "1",
        "leisure": "sports_centre",
        "name": "Sporthalle Otto-Hahn-Gymnasium",
        "name:etymology:wikidata": "Q57065",
        "roof:shape": "flat",
        "source:geometry": "Maps4BW, LGL, www.lgl-bw.de",
        "sport": "multi",
        "@geometry": "center"
      },
      "geometry": {
        "type": "Point",
        "coordinates": [
          8.4444631,
          49.0332019
        ]
      },
      "id": "way/150903836"
    },
    {
      "type": "Feature",
      "properties": {
        "@id": "way/151214449",
        "leisure": "sports_centre",
        "name": "ASV Wolfartsweier",
        "sport": "soccer;tennis",
        "website": "https://www.asv-wolfartsweier.de/",
        "@geometry": "center"
      },
      "geometry": {
        "type": "Point",
        "coordinates": [
          8.4435236,
          48.9701918
        ]
      },
      "id": "way/151214449"
    },
    {
      "type": "Feature",
      "properties": {
        "@id": "way/151894729",
        "leisure": "sports_centre",
        "name": "TV 1880 Käfertal e. V.",
        "sport": "multi",
        "@geometry": "center"
      },
      "geometry": {
        "type": "Point",
        "coordinates": [
          8.5153404,
          49.5038825
        ]
      },
      "id": "way/151894729"
    },
    {
      "type": "Feature",
      "properties": {
        "@id": "way/151895138",
        "fenced": "yes",
        "leisure": "sports_centre",
        "name": "Sportanlage Käfertal-Süd",
        "sport": "multi",
        "@geometry": "center"
      },
      "geometry": {
        "type": "Point",
        "coordinates": [
          8.5141039,
          49.5039516
        ]
      },
      "id": "way/151895138"
    },
    {
      "type": "Feature",
      "properties": {
        "@id": "way/152087227",
        "addr:city": "Karlsruhe",
        "addr:country": "DE",
        "addr:housenumber": "25",
        "addr:postcode": "76139",
        "addr:street": "Am Storrenacker",
        "addr:suburb": "Hagsfeld",
        "building": "civic",
        "leisure": "sports_centre",
        "name": "Schießhalle BSC Karlsruhe",
        "operator": "1. Bogen-Sport-Club Karlsruhe 1980 e.V.",
        "roof:material": "metal",
        "roof:shape": "gabled",
        "source:geometry": "Maps4BW (LGL, www.lgl-bw.de)",
        "sport": "archery",
        "start_date": "2007",
        "@geometry": "center"
      },
      "geometry": {
        "type": "Point",
        "coordinates": [
          8.4690947,
          49.023785
        ]
      },
      "id": "way/152087227"
    },
    {
      "type": "Feature",
      "properties": {
        "@id": "way/154663740",
        "addr:city": "Mannheim",
        "addr:country": "DE",
        "addr:housenumber": "21-25",
        "addr:postcode": "68165",
        "addr:street": "Keplerstraße",
        "building": "yes",
        "building:levels": "3",
        "leisure": "sports_centre",
        "name": "Sporthalle Schwetzingerstadt",
        "@geometry": "center"
      },
      "geometry": {
        "type": "Point",
        "coordinates": [
          8.4743822,
          49.4797671
        ]
      },
      "id": "way/154663740"
    },
    {
      "type": "Feature",
      "properties": {
        "@id": "way/154982889",
        "addr:city": "Mannheim",
        "addr:country": "DE",
        "addr:housenumber": "14",
        "addr:postcode": "68167",
        "addr:street": "Christian-Friedrich-Schwan-Straße",
        "brand": "A.W.Niemeyer",
        "building": "industrial",
        "climbing:boulder": "yes",
        "climbing:toprope": "no",
        "contact:email": "mannheim@studiobloc.de",
        "contact:phone": "+49 621 78993755",
        "contact:website": "https://mannheim.studiobloc.de/",
        "fee": "yes",
        "leisure": "sports_centre",
        "name": "Studio Bloc GmbH Mannheim",
        "opening_hours": "Mo-Su 10:00-23:00",
        "operator": "Kai Pohatschka",
        "sport": "climbing",
        "wheelchair": "limited",
        "@geometry": "center"
      },
      "geometry": {
        "type": "Point",
        "coordinates": [
          8.503239,
          49.4963858
        ]
      },
      "id": "way/154982889"
    },
    {
      "type": "Feature",
      "properties": {
        "@id": "way/156201254",
        "addr:city": "Karlsruhe",
        "addr:housenumber": "14",
        "addr:postcode": "76227",
        "addr:street": "Lenzenhubweg",
        "building": "civic",
        "leisure": "sports_centre",
        "name": "Fritz-Meier-Halle",
        "operator": "1. Kraftsportverein Durlach 1896 e.V.",
        "source:outline": "Maps4BW (LGL, www.lgl-bw.de)",
        "sport": "weightlifting",
        "@geometry": "center"
      },
      "geometry": {
        "type": "Point",
        "coordinates": [
          8.4702476,
          49.0070128
        ]
      },
      "id": "way/156201254"
    },
    {
      "type": "Feature",
      "properties": {
        "@id": "way/156921286",
        "addr:city": "Mannheim",
        "addr:country": "DE",
        "addr:housenumber": "33",
        "addr:postcode": "68239",
        "addr:street": "Seckenheimer Hauptstraße",
        "building": "yes",
        "check_date": "2024-11-04",
        "leisure": "sports_centre",
        "name": "Turnverein 1898 e.V",
        "@geometry": "center"
      },
      "geometry": {
        "type": "Point",
        "coordinates": [
          8.5687415,
          49.4621236
        ]
      },
      "id": "way/156921286"
    },
    {
      "type": "Feature",
      "properties": {
        "@id": "way/157204276",
        "addr:city": "Mannheim",
        "addr:country": "DE",
        "addr:housenumber": "33",
        "addr:postcode": "68239",
        "addr:street": "Offenburger Straße",
        "building": "yes",
        "leisure": "sports_centre",
        "name": "TSG Seckenheim e.V.",
        "source:geometry": "LGL, www.lgl-bw.de",
        "@geometry": "center"
      },
      "geometry": {
        "type": "Point",
        "coordinates": [
          8.5632541,
          49.4632055
        ]
      },
      "id": "way/157204276"
    },
    {
      "type": "Feature",
      "properties": {
        "@id": "way/157558736",
        "leisure": "sports_centre",
        "name": "Bulacher SC",
        "source": "LA-KA",
        "website": "https://scbulach.de/",
        "wheelchair": "yes",
        "@geometry": "center"
      },
      "geometry": {
        "type": "Point",
        "coordinates": [
          8.3783596,
          48.9804469
        ]
      },
      "id": "way/157558736"
    },
    {
      "type": "Feature",
      "properties": {
        "@id": "way/157911372",
        "addr:city": "Mannheim",
        "addr:country": "DE",
        "addr:housenumber": "5",
        "addr:postcode": "68239",
        "addr:street": "Innerer Heckweg",
        "building": "yes",
        "leisure": "sports_centre",
        "name": "Richard-Möll-Halle",
        "sport": "multi",
        "@geometry": "center"
      },
      "geometry": {
        "type": "Point",
        "coordinates": [
          8.5637707,
          49.4593376
        ]
      },
      "id": "way/157911372"
    },
    {
      "type": "Feature",
      "properties": {
        "@id": "way/159547430",
        "addr:city": "Mannheim",
        "addr:country": "DE",
        "addr:postcode": "68309",
        "addr:street": "Dresdener Straße",
        "building": "sports_hall",
        "building:levels": "1",
        "height": "8",
        "leisure": "sports_centre",
        "name": "Sporthalle",
        "roof:colour": "#707070",
        "roof:shape": "flat",
        "sport": "multi",
        "@geometry": "center"
      },
      "geometry": {
        "type": "Point",
        "coordinates": [
          8.5420814,
          49.5110076
        ]
      },
      "id": "way/159547430"
    },
    {
      "type": "Feature",
      "properties": {
        "@id": "way/160071355",
        "addr:city": "Mannheim",
        "addr:housenumber": "56",
        "addr:postcode": "68309",
        "addr:street": "Weinheimer Straße",
        "branch": "Mannheim",
        "brand": "Fitness Champ",
        "building": "yes",
        "email": "mannheim@fitnesschamp.club",
        "leisure": "fitness_centre",
        "name": "Fitness Champ Mannheim",
        "opening_hours": "Mo-Su 06:00-00:00",
        "phone": "+49 155 662 948 21",
        "removed:name": "Trendfabrik",
        "removed:opening_hours": "Mo-Sa 10:00-20:00",
        "removed:shop": "clothes",
        "removed:website": "http://www.trendfabrik.de/de/filialen/trendfabrik-ma-kaefertal.html",
        "roof:shape": "flat",
        "website": "https://www.fitnesschamp.club/mannheim",
        "@geometry": "center"
      },
      "geometry": {
        "type": "Point",
        "coordinates": [
          8.5205522,
          49.5070669
        ]
      },
      "id": "way/160071355"
    },
    {
      "type": "Feature",
      "properties": {
        "@id": "way/160092536",
        "addr:city": "Mannheim",
        "addr:country": "DE",
        "addr:housenumber": "50",
        "addr:postcode": "68169",
        "addr:street": "Herzogenriedstraße",
        "building": "yes",
        "leisure": "sports_centre",
        "name": "Sporthalle IGMH",
        "sport": "multi",
        "wheelchair": "yes",
        "@geometry": "center"
      },
      "geometry": {
        "type": "Point",
        "coordinates": [
          8.4782094,
          49.5062894
        ]
      },
      "id": "way/160092536"
    },
    {
      "type": "Feature",
      "properties": {
        "@id": "way/160218815",
        "addr:city": "Karlsruhe",
        "addr:housenumber": "8",
        "addr:postcode": "76189",
        "addr:street": "Im Jagdgrund",
        "building": "yes",
        "full_name": "Gehörlosen Sportverein Karlsruhe 1948 e.V.",
        "leisure": "sports_centre",
        "name": "Gehörlosenzentrum",
        "sport": "multi",
        "website": "https://www.gsvkarlsruhe.de/gehoerlosenzentrum/",
        "@geometry": "center"
      },
      "geometry": {
        "type": "Point",
        "coordinates": [
          8.3263563,
          49.0018689
        ]
      },
      "id": "way/160218815"
    },
    {
      "type": "Feature",
      "properties": {
        "@id": "way/160483642",
        "leisure": "sports_centre",
        "name": "Reitsportanlage Durlach",
        "sport": "equestrian",
        "@geometry": "center"
      },
      "geometry": {
        "type": "Point",
        "coordinates": [
          8.4660221,
          49.0077031
        ]
      },
      "id": "way/160483642"
    },
    {
      "type": "Feature",
      "properties": {
        "@id": "way/160483667",
        "access": "yes",
        "dog": "leashed",
        "fee": "no",
        "leisure": "sports_centre",
        "max_age": "18",
        "name": "Ballspiel-Anlage Pfarrer-Blink-Straße",
        "opening_hours": "Mo-Su,PH dusk-dawn",
        "operator": "Stadt Karlsruhe",
        "smoking": "no",
        "sport": "soccer;basketball;beachvolleyball;table_tennis",
        "start_date": "2017",
        "surface": "grass",
        "wheelchair": "yes",
        "@geometry": "center"
      },
      "geometry": {
        "type": "Point",
        "coordinates": [
          8.459129,
          49.0060766
        ]
      },
      "id": "way/160483667"
    },
    {
      "type": "Feature",
      "properties": {
        "@id": "way/160679227",
        "addr:city": "Mannheim",
        "addr:country": "DE",
        "addr:postcode": "68309",
        "building": "sports_hall",
        "building:levels": "1",
        "height": "7",
        "leisure": "sports_centre",
        "name": "Sporthalle",
        "roof:colour": "#A0A0A0",
        "roof:shape": "flat",
        "sport": "multi",
        "@geometry": "center"
      },
      "geometry": {
        "type": "Point",
        "coordinates": [
          8.5412965,
          49.5133797
        ]
      },
      "id": "way/160679227"
    },
    {
      "type": "Feature",
      "properties": {
        "@id": "way/161297533",
        "addr:city": "Mannheim",
        "addr:street": "Lauffener Straße",
        "leisure": "sports_centre",
        "name": "ASV Feudenheim e.V.",
        "website": "http://www.asv-feudenheim.net/",
        "@geometry": "center"
      },
      "geometry": {
        "type": "Point",
        "coordinates": [
          8.5359245,
          49.4804923
        ]
      },
      "id": "way/161297533"
    },
    {
      "type": "Feature",
      "properties": {
        "@id": "way/161631374",
        "addr:housenumber": "15",
        "addr:postcode": "68165",
        "addr:street": "Theodor-Heuss-Anlage",
        "amenity": "university",
        "building": "yes",
        "email": "sport@uni-mannheim.de",
        "leisure": "sports_centre",
        "name": "Sporthalle der Universität",
        "phone": "+49 621 1813419",
        "website": "https://www.uni-mannheim.de/sport/informationen/sportstaetten/#c35504",
        "@geometry": "center"
      },
      "geometry": {
        "type": "Point",
        "coordinates": [
          8.4992394,
          49.4785265
        ]
      },
      "id": "way/161631374"
    },
    {
      "type": "Feature",
      "properties": {
        "@id": "way/161898196",
        "access": "customers",
        "fee": "no",
        "leisure": "sports_centre",
        "name": "Sportanlage Talwiesen",
        "sport": "soccer;basketball;athletics;beachvolleyball;handball",
        "wheelchair": "limited",
        "@geometry": "center"
      },
      "geometry": {
        "type": "Point",
        "coordinates": [
          9.2594957,
          48.720742
        ]
      },
      "id": "way/161898196"
    },
    {
      "type": "Feature",
      "properties": {
        "@id": "way/161939441",
        "club": "sport",
        "leisure": "sports_centre",
        "name": "ESC Blau-Weiß Mannheim 1928",
        "operator": "ESC Blau-Weiß Mannheim 1928 e.V.",
        "sport": "multi",
        "website": "https://www.escblauweiss.de/",
        "@geometry": "center"
      },
      "geometry": {
        "type": "Point",
        "coordinates": [
          8.5147226,
          49.4879375
        ]
      },
      "id": "way/161939441"
    },
    {
      "type": "Feature",
      "properties": {
        "@id": "way/161939463",
        "animal": "sport",
        "leisure": "sports_centre",
        "name": "Verein für Deutsche Schäferhunde SV OG Feudenheim",
        "operator": "Verein für Deutsche Schäferhunde SV OG Feudenheim e.V.",
        "phone": "+49 621 793078",
        "sport": "dog",
        "website": "https://www.svogfeudenheim.de/",
        "@geometry": "center"
      },
      "geometry": {
        "type": "Point",
        "coordinates": [
          8.5148603,
          49.486605
        ]
      },
      "id": "way/161939463"
    },
    {
      "type": "Feature",
      "properties": {
        "@id": "way/162053856",
        "leisure": "sports_centre",
        "name": "PSV Schützenabteilung Pistolenstand",
        "sport": "shooting",
        "@geometry": "center"
      },
      "geometry": {
        "type": "Point",
        "coordinates": [
          8.5063971,
          49.4872651
        ]
      },
      "id": "way/162053856"
    },
    {
      "type": "Feature",
      "properties": {
        "@id": "way/162359068",
        "addr:city": "Mannheim",
        "addr:housenumber": "39",
        "addr:postcode": "68169",
        "addr:street": "Industriestraße",
        "building": "yes",
        "climbing:boulder": "yes",
        "climbing:sport": "yes",
        "email": "team@boulderisland.de",
        "fee": "yes",
        "leisure": "sports_centre",
        "name": "Boulder Island",
        "opening_hours": "Mo-Fr 10:00-23:00; Sa,Su,PH 09:00-22:00",
        "operator": "Boulder Island GmbH & Co. KG",
        "phone": "+49 621 39187898",
        "sport": "climbing",
        "website": "https://boulder-island.de",
        "@geometry": "center"
      },
      "geometry": {
        "type": "Point",
        "coordinates": [
          8.4693874,
          49.5135724
        ]
      },
      "id": "way/162359068"
    },
    {
      "type": "Feature",
      "properties": {
        "@id": "way/163099656",
        "leisure": "sports_centre",
        "name": "Radsportzentrum Ludwigshafen am Rhein e.V.",
        "sport": "cycling",
        "wheelchair": "no",
        "@geometry": "center"
      },
      "geometry": {
        "type": "Point",
        "coordinates": [
          8.4037526,
          49.4976823
        ]
      },
      "id": "way/163099656"
    },
    {
      "type": "Feature",
      "properties": {
        "@id": "way/163099657",
        "leisure": "sports_centre",
        "wheelchair": "no",
        "@geometry": "center"
      },
      "geometry": {
        "type": "Point",
        "coordinates": [
          8.4047162,
          49.4992193
        ]
      },
      "id": "way/163099657"
    },
    {
      "type": "Feature",
      "properties": {
        "@id": "way/163099679",
        "leisure": "sports_centre",
        "name": "Eulenpark-Stadion",
        "sport": "soccer",
        "wheelchair": "limited",
        "@geometry": "center"
      },
      "geometry": {
        "type": "Point",
        "coordinates": [
          8.4057011,
          49.5007539
        ]
      },
      "id": "way/163099679"
    },
    {
      "type": "Feature",
      "properties": {
        "@id": "way/163099681",
        "leisure": "sports_centre",
        "name": "BASF Tennisclub",
        "sport": "tennis",
        "wheelchair": "limited",
        "@geometry": "center"
      },
      "geometry": {
        "type": "Point",
        "coordinates": [
          8.3999587,
          49.4974018
        ]
      },
      "id": "way/163099681"
    },
    {
      "type": "Feature",
      "properties": {
        "@id": "way/163282619",
        "addr:city": "Stuttgart",
        "addr:country": "DE",
        "addr:housenumber": "8",
        "addr:postcode": "70597",
        "addr:street": "Guts-Muths-Weg",
        "building": "yes",
        "leisure": "sports_centre",
        "name": "Sporthalle",
        "@geometry": "center"
      },
      "geometry": {
        "type": "Point",
        "coordinates": [
          9.1900435,
          48.752927
        ]
      },
      "id": "way/163282619"
    },
    {
      "type": "Feature",
      "properties": {
        "@id": "way/163979325",
        "addr:city": "Mannheim",
        "addr:country": "DE",
        "addr:housenumber": "166",
        "addr:postcode": "68163",
        "addr:street": "Seckenheimer Landstraße",
        "building": "yes",
        "leisure": "sports_centre",
        "name": "Pfitzenmeier Wellness & Fitness Park Mannheim City Airport",
        "wheelchair": "limited",
        "@geometry": "center"
      },
      "geometry": {
        "type": "Point",
        "coordinates": [
          8.5214752,
          49.4770854
        ]
      },
      "id": "way/163979325"
    },
    {
      "type": "Feature",
      "properties": {
        "@id": "way/164296282",
        "addr:city": "Mannheim",
        "addr:housenumber": "26",
        "addr:postcode": "68259",
        "addr:street": "Spessartstraße",
        "building": "yes",
        "leisure": "sports_centre",
        "name": "Sporthalle",
        "roof:shape": "flat",
        "sport": "multi",
        "@geometry": "center"
      },
      "geometry": {
        "type": "Point",
        "coordinates": [
          8.5290181,
          49.4850014
        ]
      },
      "id": "way/164296282"
    },
    {
      "type": "Feature",
      "properties": {
        "@id": "way/164312296",
        "addr:city": "Mannheim",
        "addr:postcode": "68259",
        "addr:street": "Römerstraße",
        "building": "sports_hall",
        "leisure": "sports_centre",
        "name": "Sporthalle",
        "roof:colour": "grey",
        "roof:shape": "flat",
        "start_date": "1969",
        "@geometry": "center"
      },
      "geometry": {
        "type": "Point",
        "coordinates": [
          8.5487839,
          49.4977921
        ]
      },
      "id": "way/164312296"
    },
    {
      "type": "Feature",
      "properties": {
        "@id": "way/164425052",
        "addr:city": "Mannheim",
        "addr:country": "DE",
        "addr:housenumber": "14",
        "addr:postcode": "68199",
        "addr:street": "Siegmund-Schuckert-Straße",
        "building": "yes",
        "leisure": "sports_centre",
        "name": "Badminton-Center Neckarau",
        "sport": "badminton",
        "website": "http://www.badminton-neckarau.de/",
        "@geometry": "center"
      },
      "geometry": {
        "type": "Point",
        "coordinates": [
          8.5059353,
          49.4582781
        ]
      },
      "id": "way/164425052"
    },
    {
      "type": "Feature",
      "properties": {
        "@id": "way/165051866",
        "addr:city": "Ludwigshafen am Rhein",
        "addr:country": "DE",
        "addr:housenumber": "25",
        "addr:postcode": "67071",
        "addr:street": "Saarburger Straße",
        "building": "yes",
        "contact:fax": "+49 621 528374",
        "contact:phone": "+49 621 511287",
        "contact:website": "http://kletterzentrum.de/",
        "leisure": "sports_centre",
        "name": "EXTREM Kletterzentrum Ludwigshafen",
        "opening_hours": "Mo-Fr 10:00-23:00; Sa-Su,PH 10:00-21:00",
        "source:building": "OpenData Rheinland-Pfalz",
        "sport": "climbing",
        "@geometry": "center"
      },
      "geometry": {
        "type": "Point",
        "coordinates": [
          8.4073615,
          49.486471
        ]
      },
      "id": "way/165051866"
    },
    {
      "type": "Feature",
      "properties": {
        "@id": "way/165051878",
        "addr:city": "Ludwigshafen am Rhein",
        "addr:country": "DE",
        "addr:housenumber": "21",
        "addr:postcode": "67071",
        "addr:street": "Saarburger Straße",
        "building": "yes",
        "contact:email": "booknow@lufun.de",
        "fee": "yes",
        "leisure": "sports_centre",
        "name": "LuFUN. Soccer und Indoorspielplatz",
        "opening_hours": "Mo-Fr 15:00-24:00, Sa-Su 10:00-24:00",
        "operator": "Lorin Sarialtun, LuFUN Soccer und Indoorspielplatz",
        "phone": "+49 621 523030",
        "source:building": "OpenData Rheinland-Pfalz",
        "sport": "soccer",
        "website": "https://lufun.de",
        "@geometry": "center"
      },
      "geometry": {
        "type": "Point",
        "coordinates": [
          8.409199,
          49.4861507
        ]
      },
      "id": "way/165051878"
    },
    {
      "type": "Feature",
      "properties": {
        "@id": "way/165075501",
        "addr:housenumber": "1",
        "addr:street": "Spinelliplatz",
        "building": "sports_hall",
        "building:levels": "1",
        "height": "8",
        "leisure": "sports_centre",
        "loc_name": "Spinelli Gym",
        "roof:colour": "brown",
        "roof:height": "4",
        "roof:shape": "gabled",
        "short_name": "Gym",
        "@geometry": "center"
      },
      "geometry": {
        "type": "Point",
        "coordinates": [
          8.521782,
          49.4961538
        ]
      },
      "id": "way/165075501"
    },
    {
      "type": "Feature",
      "properties": {
        "@id": "way/165281028",
        "addr:city": "Mannheim",
        "addr:country": "DE",
        "addr:housenumber": "8",
        "addr:postcode": "68309",
        "addr:street": "Freiberger Ring",
        "building": "yes",
        "building:levels": "1",
        "height": "6",
        "leisure": "sports_centre",
        "name": "Hallenbad Vogelstang",
        "opening_hours": "Tu, Fr 14:00-20:00; Th, Sa-Su 08:00-14:00",
        "operator": "Fachbereich Sport und Freizeit Mannheim",
        "phone": "+49 621 2938283",
        "roof:colour": "#A0A0A0",
        "roof:shape": "flat",
        "sport": "swimming",
        "website": "https://www.mannheim.de/de/service-bieten/sport/schwimmbaeder/hallenbad-vogelstang",
        "@geometry": "center"
      },
      "geometry": {
        "type": "Point",
        "coordinates": [
          8.5409979,
          49.5108675
        ]
      },
      "id": "way/165281028"
    },
    {
      "type": "Feature",
      "properties": {
        "@id": "way/166580361",
        "addr:city": "Mannheim",
        "addr:country": "DE",
        "addr:housenumber": "26",
        "addr:postcode": "68309",
        "addr:street": "Elisabeth-Altmann-Gottheiner-Straße",
        "building": "sports_hall",
        "leisure": "sports_centre",
        "name": "Sporthalle-Bertha-Hirsch-Schule",
        "sport": "multi",
        "@geometry": "center"
      },
      "geometry": {
        "type": "Point",
        "coordinates": [
          8.5247756,
          49.5036644
        ]
      },
      "id": "way/166580361"
    },
    {
      "type": "Feature",
      "properties": {
        "@id": "way/166806803",
        "addr:city": "Ladenburg",
        "addr:housenumber": "1",
        "addr:postcode": "68526",
        "addr:street": "Modellflugplatz an der L597",
        "leisure": "sports_centre",
        "lit": "no",
        "name": "MCL-Modellflugplatz",
        "operator": "Modellbau-Club-Ladenburg e.V.",
        "sport": "model_aerodrome",
        "website": "https://www.mcl-ladenburg.de/",
        "@geometry": "center"
      },
      "geometry": {
        "type": "Point",
        "coordinates": [
          8.577381,
          49.4906853
        ]
      },
      "id": "way/166806803"
    },
    {
      "type": "Feature",
      "properties": {
        "@id": "way/168562625",
        "building": "sports_hall",
        "source": "Bing",
        "@geometry": "center"
      },
      "geometry": {
        "type": "Point",
        "coordinates": [
          8.4709674,
          49.5056811
        ]
      },
      "id": "way/168562625"
    },
    {
      "type": "Feature",
      "properties": {
        "@id": "way/169202791",
        "addr:city": "Ludwigshafen am Rhein",
        "addr:country": "DE",
        "addr:housenumber": "70",
        "addr:postcode": "67061",
        "addr:street": "Saarlandstraße",
        "building": "yes",
        "leisure": "sports_centre",
        "name": "Eisstadion Ludwigshafen",
        "sport": "skating",
        "website": "www.ercl.org/",
        "@geometry": "center"
      },
      "geometry": {
        "type": "Point",
        "coordinates": [
          8.4365441,
          49.4690382
        ]
      },
      "id": "way/169202791"
    },
    {
      "type": "Feature",
      "properties": {
        "@id": "way/169202815",
        "leisure": "sports_centre",
        "name": "Polizeisportverein Grün-Weiß Ludwigshafen eV",
        "sport": "multi",
        "website": "http://www.psvgw-lu.de/",
        "@geometry": "center"
      },
      "geometry": {
        "type": "Point",
        "coordinates": [
          8.4351234,
          49.4665307
        ]
      },
      "id": "way/169202815"
    },
    {
      "type": "Feature",
      "properties": {
        "@id": "way/170065453",
        "addr:city": "Ludwigshafen am Rhein",
        "addr:country": "DE",
        "addr:housenumber": "38",
        "addr:postcode": "67059",
        "addr:street": "Franz-Zang-Straße",
        "building": "yes",
        "leisure": "sports_centre",
        "name": "Franz-Zang-Halle",
        "sport": "multi",
        "wheelchair": "no",
        "@geometry": "center"
      },
      "geometry": {
        "type": "Point",
        "coordinates": [
          8.4236147,
          49.4699741
        ]
      },
      "id": "way/170065453"
    },
    {
      "type": "Feature",
      "properties": {
        "@id": "way/170309166",
        "leisure": "sports_centre",
        "name": "Tennis-Club Rot-Weiß",
        "sport": "tennis",
        "website": "http://tennis-rot-weiss-lu.de/",
        "@geometry": "center"
      },
      "geometry": {
        "type": "Point",
        "coordinates": [
          8.4192008,
          49.4679055
        ]
      },
      "id": "way/170309166"
    },
    {
      "type": "Feature",
      "properties": {
        "@id": "way/171822221",
        "building": "sports_hall",
        "building:levels": "2",
        "leisure": "sports_centre",
        "name": "Sporthalle Möhringen (Rembrandthalle)",
        "roof:levels": "0",
        "roof:shape": "flat",
        "sport": "multi",
        "wheelchair": "limited",
        "@geometry": "center"
      },
      "geometry": {
        "type": "Point",
        "coordinates": [
          9.1529998,
          48.7312438
        ]
      },
      "id": "way/171822221"
    },
    {
      "type": "Feature",
      "properties": {
        "@id": "way/172002159",
        "addr:housenumber": "51-53",
        "addr:street": "Sandhofer Straße",
        "building": "yes",
        "leisure": "sports_centre",
        "name": "VWM Mannheim e.V. Bootshaus",
        "phone": "+49 621 757410",
        "sport": "rowing",
        "website": "https://www.vwm-wassersport.de",
        "@geometry": "center"
      },
      "geometry": {
        "type": "Point",
        "coordinates": [
          8.4718871,
          49.5198138
        ]
      },
      "id": "way/172002159"
    },
    {
      "type": "Feature",
      "properties": {
        "@id": "way/172427040",
        "addr:city": "Edingen-Neckarhausen",
        "addr:country": "DE",
        "addr:housenumber": "50",
        "addr:postcode": "68535",
        "addr:street": "Freiherr-von-Drais-Straße",
        "addr:suburb": "Neckarhausen",
        "building": "yes",
        "email": "kontakt@vitalactiv.de",
        "leisure": "sports_centre",
        "name": "vital activ Fitness",
        "opening_hours": "Mo-Fr 09:00-22:00; Sa 11:00-18:00; Su 10:00-15:00",
        "phone": "+49 6203 3831",
        "website": "https://vitalactiv.de/",
        "@geometry": "center"
      },
      "geometry": {
        "type": "Point",
        "coordinates": [
          8.5908714,
          49.4715693
        ]
      },
      "id": "way/172427040"
    },
    {
      "type": "Feature",
      "properties": {
        "@id": "way/173608593",
        "building": "yes",
        "building:levels": "1",
        "leisure": "sports_centre",
        "name": "Turnverein 1992 Friedrichsfeld",
        "roof:shape": "gabled",
        "@geometry": "center"
      },
      "geometry": {
        "type": "Point",
        "coordinates": [
          8.5746987,
          49.4403736
        ]
      },
      "id": "way/173608593"
    },
    {
      "type": "Feature",
      "properties": {
        "@id": "way/178382945",
        "building": "sports_hall",
        "building:levels": "1",
        "height": "6",
        "roof:shape": "flat",
        "@geometry": "center"
      },
      "geometry": {
        "type": "Point",
        "coordinates": [
          8.5241457,
          49.5180568
        ]
      },
      "id": "way/178382945"
    },
    {
      "type": "Feature",
      "properties": {
        "@id": "way/178383881",
        "addr:housenumber": "70",
        "addr:street": "Wasserwerkstraße",
        "building": "sports_hall",
        "building:levels": "1",
        "height": "6",
        "roof:shape": "flat",
        "@geometry": "center"
      },
      "geometry": {
        "type": "Point",
        "coordinates": [
          8.5238504,
          49.518084
        ]
      },
      "id": "way/178383881"
    },
    {
      "type": "Feature",
      "properties": {
        "@id": "way/213373274",
        "fax": "+49 621 853990",
        "leisure": "sports_centre",
        "name": "TC SW Neckarau",
        "phone": "+49 621 853919",
        "sport": "tennis",
        "website": "https://www.sw-neckarau.de/",
        "@geometry": "center"
      },
      "geometry": {
        "type": "Point",
        "coordinates": [
          8.4827783,
          49.4511596
        ]
      },
      "id": "way/213373274"
    },
    {
      "type": "Feature",
      "properties": {
        "@id": "way/213373276",
        "email": "info@vflkurpfalz.de",
        "leisure": "sports_centre",
        "name": "VfL Kurpfalz Mannheim-Neckarau",
        "phone": "+49 172 6900925",
        "website": "https://www.vflkurpfalz.de/",
        "wheelchair": "no",
        "wikipedia": "de:VfL Neckarau",
        "@geometry": "center"
      },
      "geometry": {
        "type": "Point",
        "coordinates": [
          8.4777154,
          49.4470098
        ]
      },
      "id": "way/213373276"
    },
    {
      "type": "Feature",
      "properties": {
        "@id": "way/218000242",
        "addr:housenumber": "4, 6, 8",
        "addr:street": "Am Neckarkanal",
        "club": "sport",
        "leisure": "sports_centre",
        "name": "Mannheimer Hockeyclub",
        "sport": "field_hockey",
        "website": "https://www.mannheimerhc.de/",
        "wikidata": "Q1860256",
        "wikipedia": "en:Mannheimer HC",
        "@geometry": "center"
      },
      "geometry": {
        "type": "Point",
        "coordinates": [
          8.5162806,
          49.4837598
        ]
      },
      "id": "way/218000242"
    },
    {
      "type": "Feature",
      "properties": {
        "@id": "way/218431732",
        "addr:housenumber": "68-70",
        "addr:postcode": "68169",
        "addr:street": "Waldhofstraße",
        "building": "yes",
        "leisure": "sports_centre",
        "name": "Bertha-Benz-Halle",
        "source": "LGL, www.lgl-bw.de",
        "sport": "multi",
        "@geometry": "center"
      },
      "geometry": {
        "type": "Point",
        "coordinates": [
          8.4708197,
          49.5030022
        ]
      },
      "id": "way/218431732"
    },
    {
      "type": "Feature",
      "properties": {
        "@id": "way/219077517",
        "leisure": "sports_centre",
        "name": "Karlsruher Turnverein 1846",
        "short_name": "KTV",
        "website": "https://www.karlsruher-tv.de/",
        "wikidata": "Q106087730",
        "@geometry": "center"
      },
      "geometry": {
        "type": "Point",
        "coordinates": [
          8.4080252,
          49.0269743
        ]
      },
      "id": "way/219077517"
    },
    {
      "type": "Feature",
      "properties": {
        "@id": "way/219447937",
        "addr:city": "Ostfildern",
        "addr:country": "DE",
        "addr:housenumber": "125/19",
        "addr:postcode": "73760",
        "addr:street": "Kirchheimer Straße",
        "building": "yes",
        "building:levels": "1",
        "leisure": "sports_centre",
        "@geometry": "center"
      },
      "geometry": {
        "type": "Point",
        "coordinates": [
          9.2634271,
          48.7281027
        ]
      },
      "id": "way/219447937"
    },
    {
      "type": "Feature",
      "properties": {
        "@id": "way/224523774",
        "leisure": "sports_centre",
        "name": "MFC 08 Lindenhof eV.",
        "sport": "multi",
        "website": "https://mfc08.de/",
        "@geometry": "center"
      },
      "geometry": {
        "type": "Point",
        "coordinates": [
          8.4659095,
          49.4572291
        ]
      },
      "id": "way/224523774"
    },
    {
      "type": "Feature",
      "properties": {
        "@id": "way/226214880",
        "description": "Anlage \"Zur Südstadt\"",
        "leisure": "sports_centre",
        "name": "Post Südstadt Karlsruhe",
        "short_name": "PSK",
        "sport": "multi",
        "website": "https://online-psk.de/",
        "@geometry": "center"
      },
      "geometry": {
        "type": "Point",
        "coordinates": [
          8.4061929,
          48.9891473
        ]
      },
      "id": "way/226214880"
    },
    {
      "type": "Feature",
      "properties": {
        "@id": "way/226214881",
        "description": "Anlage \"Am Dammerstock\"",
        "leisure": "sports_centre",
        "name": "Post Südstadt Karlsruhe",
        "sport": "multi",
        "website": "https://online-psk.de/",
        "@geometry": "center"
      },
      "geometry": {
        "type": "Point",
        "coordinates": [
          8.4060604,
          48.9835936
        ]
      },
      "id": "way/226214881"
    },
    {
      "type": "Feature",
      "properties": {
        "@id": "way/226214882",
        "leisure": "sports_centre",
        "name": "FC Südstern 06 Karlsruhe",
        "sport": "multi",
        "website": "https://www.fc-suedstern.de/",
        "@geometry": "center"
      },
      "geometry": {
        "type": "Point",
        "coordinates": [
          8.4054481,
          48.985932
        ]
      },
      "id": "way/226214882"
    },
    {
      "type": "Feature",
      "properties": {
        "@id": "way/234813885",
        "leisure": "sports_centre",
        "name": "Tennisklub Grün-Weiß Mannheim",
        "sport": "tennis",
        "website": "https://www.gruen-weiss-mannheim.de/",
        "@geometry": "center"
      },
      "geometry": {
        "type": "Point",
        "coordinates": [
          8.5137814,
          49.4861957
        ]
      },
      "id": "way/234813885"
    },
    {
      "type": "Feature",
      "properties": {
        "@id": "way/235194739",
        "addr:city": "Ostfildern",
        "addr:country": "DE",
        "addr:housenumber": "8",
        "addr:postcode": "73760",
        "addr:street": "Gerhard-Koch-Straße",
        "building": "yes",
        "leisure": "sports_centre",
        "name": "Sporthalle Schule im Park",
        "phone": "+49 173 3485906",
        "wheelchair": "limited",
        "wheelchair:description": "Zugang nur für Zuschauer",
        "wikidata": "Q116645536",
        "@geometry": "center"
      },
      "geometry": {
        "type": "Point",
        "coordinates": [
          9.2734137,
          48.7224336
        ]
      },
      "id": "way/235194739"
    },
    {
      "type": "Feature",
      "properties": {
        "@id": "way/236700957",
        "addr:city": "Ludwigshafen am Rhein",
        "addr:country": "DE",
        "addr:housenumber": "1-5",
        "addr:postcode": "67063",
        "addr:street": "Industriestraße",
        "brand": "McFit",
        "brand:wikidata": "Q871302",
        "brand:wikipedia": "en:McFit",
        "building": "commercial",
        "leisure": "fitness_centre",
        "name": "McFit",
        "opening_hours": "24/7",
        "operator": "RSG Group GmbH",
        "phone": "+49 621 6349441",
        "sport": "fitness",
        "website": "https://www.mcfit.com/de/studiodetail/info/ludwigshafen.html",
        "@geometry": "center"
      },
      "geometry": {
        "type": "Point",
        "coordinates": [
          8.4229183,
          49.4850653
        ]
      },
      "id": "way/236700957"
    },
    {
      "type": "Feature",
      "properties": {
        "@id": "way/239912470",
        "addr:city": "Stuttgart",
        "addr:country": "DE",
        "addr:housenumber": "36",
        "addr:postcode": "70372",
        "addr:street": "Dennerstraße",
        "leisure": "sports_centre",
        "name": "Cannstatter Tennisclub",
        "sport": "tennis",
        "website": "https://www.cannstatter-tennisclub.de/",
        "@geometry": "center"
      },
      "geometry": {
        "type": "Point",
        "coordinates": [
          9.2275092,
          48.8077099
        ]
      },
      "id": "way/239912470"
    },
    {
      "type": "Feature",
      "properties": {
        "@id": "way/240800729",
        "addr:city": "Stuttgart",
        "addr:country": "DE",
        "addr:housenumber": "58A",
        "addr:postcode": "70176",
        "addr:street": "Johannesstraße",
        "building": "yes",
        "contact:fax": "+49 711 34229663",
        "contact:phone": "+49 711 34229662",
        "contact:website": "http://www.sanogym.de/",
        "leisure": "fitness_centre",
        "name": "SanoGym",
        "opening_hours:signed": "no",
        "@geometry": "center"
      },
      "geometry": {
        "type": "Point",
        "coordinates": [
          9.1610967,
          48.779589
        ]
      },
      "id": "way/240800729"
    },
    {
      "type": "Feature",
      "properties": {
        "@id": "way/243328406",
        "leisure": "sports_centre",
        "name": "TC Grün-Weiß",
        "sport": "tennis",
        "website": "https://tcgwka.de/verein",
        "wheelchair": "yes",
        "@geometry": "center"
      },
      "geometry": {
        "type": "Point",
        "coordinates": [
          8.4229152,
          49.0023642
        ]
      },
      "id": "way/243328406"
    },
    {
      "type": "Feature",
      "properties": {
        "@id": "way/246009384",
        "addr:city": "Ludwigshafen am Rhein",
        "addr:country": "DE",
        "addr:housenumber": "24",
        "addr:postcode": "67065",
        "addr:street": "Erich-Reimann-Straße",
        "building": "yes",
        "leisure": "sports_centre",
        "name": "Schulzentrum Mundenheim",
        "sport": "multi",
        "wheelchair": "yes",
        "@geometry": "center"
      },
      "geometry": {
        "type": "Point",
        "coordinates": [
          8.4356004,
          49.4651793
        ]
      },
      "id": "way/246009384"
    },
    {
      "type": "Feature",
      "properties": {
        "@id": "way/246009386",
        "addr:city": "Ludwigshafen am Rhein",
        "addr:country": "DE",
        "addr:housenumber": "24",
        "addr:postcode": "67065",
        "addr:street": "Erich-Reimann-Straße",
        "building": "yes",
        "leisure": "sports_centre",
        "name": "Sporthalle Schulzentrum Ludwigshafen-Mundenheim mT",
        "sport": "multi",
        "wheelchair": "yes",
        "@geometry": "center"
      },
      "geometry": {
        "type": "Point",
        "coordinates": [
          8.4361634,
          49.4648636
        ]
      },
      "id": "way/246009386"
    },
    {
      "type": "Feature",
      "properties": {
        "@id": "way/250840722",
        "addr:city": "Karlsruhe",
        "addr:country": "DE",
        "addr:housenumber": "4",
        "addr:postcode": "76131",
        "addr:street": "Am Fächerbad",
        "addr:suburb": "Hagsfeld",
        "building": "civic",
        "description": "Multifunktionshallen",
        "leisure": "sports_centre",
        "name": "Sport 21",
        "operator": "SSC Karlsruhe e.V.",
        "source:geometry": "Maps4BW, LGL, www.lgl-bw.de",
        "sport": "badminton",
        "start_date": "2003",
        "@geometry": "center"
      },
      "geometry": {
        "type": "Point",
        "coordinates": [
          8.4453166,
          49.0260861
        ]
      },
      "id": "way/250840722"
    },
    {
      "type": "Feature",
      "properties": {
        "@id": "way/252435072",
        "addr:city": "Stuttgart",
        "addr:country": "DE",
        "addr:housenumber": "85",
        "addr:postcode": "70372",
        "addr:street": "Mercedesstraße",
        "building": "sports_hall",
        "leisure": "sports_centre",
        "name": "Molly-Schauffele-Sporthalle",
        "sport": "multi",
        "@geometry": "center"
      },
      "geometry": {
        "type": "Point",
        "coordinates": [
          9.2332919,
          48.793241
        ]
      },
      "id": "way/252435072"
    },
    {
      "type": "Feature",
      "properties": {
        "@id": "way/273997208",
        "building": "yes",
        "leisure": "sports_centre",
        "name": "Post Sport Halle",
        "sport": "multi",
        "@geometry": "center"
      },
      "geometry": {
        "type": "Point",
        "coordinates": [
          8.4221816,
          49.4752918
        ]
      },
      "id": "way/273997208"
    },
    {
      "type": "Feature",
      "properties": {
        "@id": "node/277837554",
        "addr:housenumber": "20",
        "addr:street": "Seidenstraße",
        "addr:suburb": "Mitte",
        "branch": "Stadtmitte",
        "email": "info@puls-stuttgart.de",
        "leisure": "fitness_centre",
        "name": "puls fit & wellnessclub",
        "opening_hours": "Mo,We,Fr 08:00-23:00; Tu,Th 06:45-23:00; Sa,Su,PH 09:00-20:00",
        "phone": "+49 711 220000 1",
        "website": "https://www.puls-stuttgart.de/stuttgart-mitte"
      },
      "geometry": {
        "type": "Point",
        "coordinates": [
          9.1668525,
          48.7797635
        ]
      },
      "id": "node/277837554"
    },
    {
      "type": "Feature",
      "properties": {
        "@id": "node/277984340",
        "brand": "Kieser Training",
        "brand:wikidata": "Q1112367",
        "leisure": "fitness_centre",
        "name": "Kieser Training",
        "operator": "Kieser Training",
        "sport": "fitness",
        "wheelchair": "yes"
      },
      "geometry": {
        "type": "Point",
        "coordinates": [
          9.1652051,
          48.8106026
        ]
      },
      "id": "node/277984340"
    },
    {
      "type": "Feature",
      "properties": {
        "@id": "node/277985603",
        "addr:city": "Karlsruhe",
        "addr:country": "DE",
        "addr:housenumber": "23",
        "addr:postcode": "76133",
        "addr:street": "Herrenstraße",
        "check_date:opening_hours": "2024-10-03",
        "email": "karlsruhe1@kieser-training.com",
        "leisure": "fitness_centre",
        "level": "1",
        "name": "Kieser Training",
        "opening_hours": "Mo-Fr 07:30-21:30; Sa,Su,PH 09:00-18:00",
        "operator": "Kieser Training",
        "website": "https://www.kieser-training.de/studios/alle-studios?c=karlsruhe"
      },
      "geometry": {
        "type": "Point",
        "coordinates": [
          8.3989156,
          49.0091957
        ]
      },
      "id": "node/277985603"
    },
    {
      "type": "Feature",
      "properties": {
        "@id": "node/278560962",
        "addr:city": "Filderstadt",
        "addr:country": "DE",
        "addr:housenumber": "10",
        "addr:postcode": "70794",
        "addr:street": "Dombasler Straße",
        "addr:suburb": "Bernhausen",
        "leisure": "sports_centre",
        "name": "Rundsporthalle",
        "start_date": "1973",
        "wheelchair": "no"
      },
      "geometry": {
        "type": "Point",
        "coordinates": [
          9.2111157,
          48.6720555
        ]
      },
      "id": "node/278560962"
    },
    {
      "type": "Feature",
      "properties": {
        "@id": "way/278779564",
        "check_date": "2025-02-22",
        "leisure": "sports_centre",
        "name": "MTG Mannheim",
        "sport": "athletics",
        "website": "https://www.mtg-mannheim.de/",
        "@geometry": "center"
      },
      "geometry": {
        "type": "Point",
        "coordinates": [
          8.5087911,
          49.4876108
        ]
      },
      "id": "way/278779564"
    },
    {
      "type": "Feature",
      "properties": {
        "@id": "way/279108576",
        "access": "private",
        "architect:website": "https://www.tpk-architekten.de/sporthalle-feg-stuttgart",
        "building": "sports_hall",
        "leisure": "sports_hall",
        "name": "Großturnhalle Friedrich-Eugens-Gymnasium",
        "roof:shape": "sawtooth",
        "@geometry": "center"
      },
      "geometry": {
        "type": "Point",
        "coordinates": [
          9.1612375,
          48.7785649
        ]
      },
      "id": "way/279108576"
    },
    {
      "type": "Feature",
      "properties": {
        "@id": "way/287339994",
        "leisure": "sports_centre",
        "name": "Zucht- und Rennverein Karlsruhe-Knielingen e.V.",
        "sport": "horse_racing",
        "wheelchair": "no",
        "@geometry": "center"
      },
      "geometry": {
        "type": "Point",
        "coordinates": [
          8.3362806,
          49.0276013
        ]
      },
      "id": "way/287339994"
    },
    {
      "type": "Feature",
      "properties": {
        "@id": "way/289726070",
        "addr:city": "Karlsruhe",
        "addr:country": "DE",
        "addr:housenumber": "9",
        "addr:postcode": "76131",
        "addr:street": "Am Fächerbad",
        "addr:suburb": "Hagsfeld",
        "building": "civic",
        "contact:website": "http://krkarlsruhe.de",
        "leisure": "sports_centre",
        "name": "Rudi Seiter Turnzentrum",
        "operator": "Kunstturn Region Karlsruhe",
        "source:addr": "Stadt Karlsruhe City Map",
        "source:geometry": "Maps4BW, LGL, www.lgl-bw.de",
        "source:outline": "Maps4BW (LGL-BW, www.lgl-bw.de)",
        "sport": "gymnastics",
        "start_date": "2007",
        "@geometry": "center"
      },
      "geometry": {
        "type": "Point",
        "coordinates": [
          8.4466697,
          49.0248467
        ]
      },
      "id": "way/289726070"
    },
    {
      "type": "Feature",
      "properties": {
        "@id": "way/291743236",
        "leisure": "sports_centre",
        "name": "Sportanlage Sandgewann",
        "@geometry": "center"
      },
      "geometry": {
        "type": "Point",
        "coordinates": [
          8.487703,
          49.5100517
        ]
      },
      "id": "way/291743236"
    },
    {
      "type": "Feature",
      "properties": {
        "@id": "way/292292731",
        "addr:city": "Mannheim",
        "addr:housenumber": "6",
        "addr:postcode": "68163",
        "addr:street": "Lochgärtenweg",
        "leisure": "sports_centre",
        "name": "DJK Sportanlage",
        "@geometry": "center"
      },
      "geometry": {
        "type": "Point",
        "coordinates": [
          8.5041062,
          49.4708327
        ]
      },
      "id": "way/292292731"
    },
    {
      "type": "Feature",
      "properties": {
        "@id": "way/292292732",
        "building": "sports_hall",
        "@geometry": "center"
      },
      "geometry": {
        "type": "Point",
        "coordinates": [
          8.5038034,
          49.4707982
        ]
      },
      "id": "way/292292732"
    },
    {
      "type": "Feature",
      "properties": {
        "@id": "way/292292733",
        "building": "sports_hall",
        "@geometry": "center"
      },
      "geometry": {
        "type": "Point",
        "coordinates": [
          8.5038953,
          49.470706
        ]
      },
      "id": "way/292292733"
    },
    {
      "type": "Feature",
      "properties": {
        "@id": "way/295565089",
        "building": "sports_hall",
        "@geometry": "center"
      },
      "geometry": {
        "type": "Point",
        "coordinates": [
          9.1634012,
          48.7591508
        ]
      },
      "id": "way/295565089"
    },
    {
      "type": "Feature",
      "properties": {
        "@id": "way/296310823",
        "addr:city": "Ludwigshafen am Rhein",
        "addr:country": "DE",
        "addr:housenumber": "7A",
        "addr:postcode": "67063",
        "addr:street": "Pettenkoferstraße",
        "building": "yes",
        "leisure": "sports_centre",
        "name": "Heinrich-Ries-Halle",
        "sport": "multi",
        "@geometry": "center"
      },
      "geometry": {
        "type": "Point",
        "coordinates": [
          8.4265076,
          49.4872426
        ]
      },
      "id": "way/296310823"
    },
    {
      "type": "Feature",
      "properties": {
        "@id": "way/298342890",
        "addr:city": "Ludwigshafen am Rhein",
        "addr:country": "DE",
        "addr:housenumber": "4",
        "addr:postcode": "67063",
        "addr:street": "Bürgermeister-Grünzweig-Straße",
        "building": "yes",
        "leisure": "sports_centre",
        "name": "Women Vital",
        "sport": "fitness",
        "website": "https://women-vital.de/",
        "@geometry": "center"
      },
      "geometry": {
        "type": "Point",
        "coordinates": [
          8.4363959,
          49.4847374
        ]
      },
      "id": "way/298342890"
    },
    {
      "type": "Feature",
      "properties": {
        "@id": "way/299677072",
        "leisure": "sports_centre",
        "name": "Vegla Sportpark Schlammloch - SV Harmonia Waldhof",
        "start_date": "1948",
        "website": "https://www.wikiwaldhof.de/index.php/Schlammloch",
        "@geometry": "center"
      },
      "geometry": {
        "type": "Point",
        "coordinates": [
          8.4766399,
          49.5260589
        ]
      },
      "id": "way/299677072"
    },
    {
      "type": "Feature",
      "properties": {
        "@id": "way/304209817",
        "addr:city": "Mannheim",
        "addr:country": "DE",
        "addr:postcode": "68309",
        "addr:street": "Warnemünder Weg",
        "building": "sports_hall",
        "building:levels": "1",
        "leisure": "sports_centre",
        "name": "Sporthallen",
        "roof:colour": "#808080",
        "roof:shape": "flat",
        "sport": "multi",
        "@geometry": "center"
      },
      "geometry": {
        "type": "Point",
        "coordinates": [
          8.5370064,
          49.5090807
        ]
      },
      "id": "way/304209817"
    },
    {
      "type": "Feature",
      "properties": {
        "@id": "way/305683616",
        "addr:city": "Karlsruhe",
        "addr:country": "DE",
        "addr:housenumber": "52",
        "addr:postcode": "76137",
        "addr:street": "Ebertstraße",
        "contact:phone": "+49 721 812251",
        "contact:website": "https://fit-in.de/ebertstrasse.html",
        "leisure": "fitness_centre",
        "name": "Fit-in",
        "opening_hours": "Mo-Fr 06:00-23:00; Sa,Su,PH 08:00-20:00",
        "sport": "gymnastics",
        "@geometry": "center"
      },
      "geometry": {
        "type": "Point",
        "coordinates": [
          8.3865243,
          48.9955575
        ]
      },
      "id": "way/305683616"
    },
    {
      "type": "Feature",
      "properties": {
        "@id": "node/309743957",
        "addr:city": "Stuttgart",
        "addr:country": "DE",
        "addr:housenumber": "164",
        "addr:postcode": "70178",
        "addr:street": "Silberburgstraße",
        "amenity": "dojo",
        "leisure": "sports_centre",
        "name": "Taekwon-Do Center Stuttgart",
        "sport": "taekwondo",
        "website": "http://www.taekwon-do-stuttgart.de/"
      },
      "geometry": {
        "type": "Point",
        "coordinates": [
          9.1679502,
          48.7719503
        ]
      },
      "id": "node/309743957"
    },
    {
      "type": "Feature",
      "properties": {
        "@id": "way/310735901",
        "access": "private",
        "leisure": "sports_centre",
        "@geometry": "center"
      },
      "geometry": {
        "type": "Point",
        "coordinates": [
          8.4796046,
          49.5116143
        ]
      },
      "id": "way/310735901"
    },
    {
      "type": "Feature",
      "properties": {
        "@id": "node/312916741",
        "leisure": "fitness_centre",
        "name": "mae Studio",
        "opening_hours": "\"Kurse online buchen\""
      },
      "geometry": {
        "type": "Point",
        "coordinates": [
          8.3799432,
          49.0105014
        ]
      },
      "id": "node/312916741"
    },
    {
      "type": "Feature",
      "properties": {
        "@id": "way/313852850",
        "check_date": "2025-07-21",
        "leisure": "sports_centre",
        "name": "KETV",
        "@geometry": "center"
      },
      "geometry": {
        "type": "Point",
        "coordinates": [
          8.3649913,
          49.0066192
        ]
      },
      "id": "way/313852850"
    },
    {
      "type": "Feature",
      "properties": {
        "@id": "node/315379535",
        "addr:housenumber": "53",
        "addr:street": "Durmersheimer Straße",
        "leisure": "sports_centre",
        "name": "Karlsruher Bridge-Sport-Club",
        "opening_hours": "Jan-Dec: Mo,Th 18:00-23:00; Jan-Dec: Tu,Fr 13:30-18:30; We 14:30-18:00",
        "phone": "+49 721 9573924",
        "website": "http://www.bridge-ka.de"
      },
      "geometry": {
        "type": "Point",
        "coordinates": [
          8.3552866,
          49.0024659
        ]
      },
      "id": "node/315379535"
    },
    {
      "type": "Feature",
      "properties": {
        "@id": "way/320512368",
        "leisure": "sports_centre",
        "name": "DJK Feudenheim",
        "operator": "DJK Feudenheim e.V.",
        "sport": "multi",
        "website": "https://www.djk-feudenheim.de/",
        "@geometry": "center"
      },
      "geometry": {
        "type": "Point",
        "coordinates": [
          8.5160307,
          49.4869657
        ]
      },
      "id": "way/320512368"
    },
    {
      "type": "Feature",
      "properties": {
        "@id": "way/322670534",
        "addr:city": "Karlsruhe",
        "addr:country": "DE",
        "addr:housenumber": "20b",
        "addr:postcode": "76189",
        "addr:street": "Hansastraße",
        "building": "yes",
        "leisure": "sports_centre",
        "source": "Maps4BW",
        "sport": "canoe",
        "@geometry": "center"
      },
      "geometry": {
        "type": "Point",
        "coordinates": [
          8.3356045,
          49.0098506
        ]
      },
      "id": "way/322670534"
    },
    {
      "type": "Feature",
      "properties": {
        "@id": "way/323229550",
        "leisure": "sports_centre",
        "name": "FSSV Karlsruhe",
        "website": "https://www.fssv-karlsruhe.de/",
        "wheelchair": "yes",
        "@geometry": "center"
      },
      "geometry": {
        "type": "Point",
        "coordinates": [
          8.3940241,
          49.0235525
        ]
      },
      "id": "way/323229550"
    },
    {
      "type": "Feature",
      "properties": {
        "@id": "way/325138141",
        "addr:city": "Stuttgart",
        "addr:country": "DE",
        "addr:housenumber": "6",
        "addr:postcode": "70178",
        "addr:street": "Christophstraße",
        "brand": "Kieser Training",
        "brand:wikidata": "Q1112367",
        "building": "yes",
        "leisure": "fitness_centre",
        "name": "Kieser Training",
        "operator": "Kieser Training",
        "@geometry": "center"
      },
      "geometry": {
        "type": "Point",
        "coordinates": [
          9.1751646,
          48.7718564
        ]
      },
      "id": "way/325138141"
    },
    {
      "type": "Feature",
      "properties": {
        "@id": "way/326258463",
        "leisure": "sports_centre",
        "name": "SV Karlsruhe-Beiertheim",
        "sport": "multi",
        "website": "https://sv-karlsruhe-beiertheim.de/",
        "wheelchair": "limited",
        "@geometry": "center"
      },
      "geometry": {
        "type": "Point",
        "coordinates": [
          8.3782446,
          48.9951767
        ]
      },
      "id": "way/326258463"
    },
    {
      "type": "Feature",
      "properties": {
        "@id": "way/329896438",
        "leisure": "sports_centre",
        "name": "TSV Rintheim",
        "official_name": "TSV Karlsruhe-Rintheim 1896 e.V.",
        "sport": "multi",
        "website": "https://www.tsv-rintheim.de/",
        "@geometry": "center"
      },
      "geometry": {
        "type": "Point",
        "coordinates": [
          8.4417058,
          49.0105415
        ]
      },
      "id": "way/329896438"
    },
    {
      "type": "Feature",
      "properties": {
        "@id": "way/330229198",
        "leisure": "sports_centre",
        "name": "Sportplatz Moll-Gymnasium",
        "sport": "athletics",
        "@geometry": "center"
      },
      "geometry": {
        "type": "Point",
        "coordinates": [
          8.4713279,
          49.4618072
        ]
      },
      "id": "way/330229198"
    },
    {
      "type": "Feature",
      "properties": {
        "@id": "way/331118324",
        "alt_name": "FV Fortuna Kirchfeld",
        "leisure": "sports_centre",
        "name": "Pell Rich Stadion",
        "operator": "FV Fortuna Kirchfeld e.V.",
        "sport": "soccer",
        "start_date": "2008-01",
        "website": "https://www.fortuna-kirchfeld.de/",
        "@geometry": "center"
      },
      "geometry": {
        "type": "Point",
        "coordinates": [
          8.398033,
          49.055601
        ]
      },
      "id": "way/331118324"
    },
    {
      "type": "Feature",
      "properties": {
        "@id": "way/332530846",
        "contact:website": "http://www.sportpark-karlsruhe.de/",
        "leisure": "sports_centre",
        "name": "Traugott-Bender-Sportpark",
        "sport": "multi",
        "wikidata": "Q81440920",
        "@geometry": "center"
      },
      "geometry": {
        "type": "Point",
        "coordinates": [
          8.4419511,
          49.0256925
        ]
      },
      "id": "way/332530846"
    },
    {
      "type": "Feature",
      "properties": {
        "@id": "way/332555363",
        "barrier": "fence",
        "leisure": "sports_centre",
        "name": "Sportpark Bruchwegäcker Knielingen",
        "sport": "multi",
        "wheelchair": "yes",
        "@geometry": "center"
      },
      "geometry": {
        "type": "Point",
        "coordinates": [
          8.330409,
          49.0385409
        ]
      },
      "id": "way/332555363"
    },
    {
      "type": "Feature",
      "properties": {
        "@id": "way/332856361",
        "leisure": "sports_centre",
        "sport": "multi",
        "@geometry": "center"
      },
      "geometry": {
        "type": "Point",
        "coordinates": [
          8.4380008,
          49.4685047
        ]
      },
      "id": "way/332856361"
    },
    {
      "type": "Feature",
      "properties": {
        "@id": "way/334126583",
        "building": "yes",
        "leisure": "sports_centre",
        "name": "Turnhalle Tulla-Realschule",
        "source:geometry": "LGL, www.lgl-bw.de",
        "@geometry": "center"
      },
      "geometry": {
        "type": "Point",
        "coordinates": [
          8.4796672,
          49.485849
        ]
      },
      "id": "way/334126583"
    },
    {
      "type": "Feature",
      "properties": {
        "@id": "way/334936706",
        "leisure": "sports_centre",
        "name": "FC Germania Neureut 07",
        "website": "https://www.germania-neureut.de/",
        "@geometry": "center"
      },
      "geometry": {
        "type": "Point",
        "coordinates": [
          8.367647,
          49.0473455
        ]
      },
      "id": "way/334936706"
    },
    {
      "type": "Feature",
      "properties": {
        "@id": "way/341190575",
        "building": "sports_hall",
        "building:levels": "1",
        "leisure": "sports_hall",
        "sport": "tennis",
        "@geometry": "center"
      },
      "geometry": {
        "type": "Point",
        "coordinates": [
          8.4192725,
          49.4674043
        ]
      },
      "id": "way/341190575"
    },
    {
      "type": "Feature",
      "properties": {
        "@id": "way/343399432",
        "building": "sports_centre",
        "description": "Hockeyhalle",
        "leisure": "sports_centre",
        "sport": "ice_hockey",
        "@geometry": "center"
      },
      "geometry": {
        "type": "Point",
        "coordinates": [
          8.496543,
          49.4845521
        ]
      },
      "id": "way/343399432"
    },
    {
      "type": "Feature",
      "properties": {
        "@id": "way/351143412",
        "addr:city": "Mannheim",
        "addr:housenumber": "4a",
        "addr:postcode": "68165",
        "addr:street": "Hans-Reschke-Ufer",
        "building": "yes",
        "building:colour": "white",
        "height": "4",
        "leisure": "sports_centre",
        "name": "TSV Mannheim",
        "opening_hours": "Mo-Fr 08:30-22:00; Sa,Su 10:00-18:00",
        "roof:colour": "white",
        "roof:shape": "flat",
        "wikidata": "Q955250",
        "@geometry": "center"
      },
      "geometry": {
        "type": "Point",
        "coordinates": [
          8.4949208,
          49.4858172
        ]
      },
      "id": "way/351143412"
    },
    {
      "type": "Feature",
      "properties": {
        "@id": "way/352366184",
        "addr:city": "Ludwigshafen am Rhein",
        "addr:country": "DE",
        "addr:housenumber": "2",
        "addr:postcode": "67063",
        "addr:street": "Teichgartenweg",
        "building": "yes",
        "leisure": "sports_centre",
        "name": "KSC-Sporthalle",
        "sport": "multi;martial_arts;wrestling",
        "@geometry": "center"
      },
      "geometry": {
        "type": "Point",
        "coordinates": [
          8.4100087,
          49.4992185
        ]
      },
      "id": "way/352366184"
    },
    {
      "type": "Feature",
      "properties": {
        "@id": "way/352373253",
        "building": "yes",
        "leisure": "sports_centre",
        "name": "Sporthalle Carl Bosch Gymnasium",
        "sport": "multi",
        "wheelchair": "limited",
        "@geometry": "center"
      },
      "geometry": {
        "type": "Point",
        "coordinates": [
          8.4411828,
          49.4831992
        ]
      },
      "id": "way/352373253"
    },
    {
      "type": "Feature",
      "properties": {
        "@id": "way/353288143",
        "access": "private",
        "addr:city": "Mannheim",
        "addr:housenumber": "6",
        "addr:postcode": "68161",
        "addr:street": "Bismarckstraße",
        "barrier": "fence",
        "description": "Mit der Alfred-Delp-Sportanlage steht dem Hochschul­sport ein Kleinspielfeld und Beachvolleyballplatz für den Spielbetrieb zur Verfügung. Für Studierende, insbesondere für studentische Gruppen wie Initiativen, Hochschul­gruppen, Fach­schaften, aber auch L",
        "leisure": "sports_centre",
        "name": "Alfred-Delp-Sportanlage",
        "opening_hours": "Mo-Fr 14:00-23:00",
        "operator": "Universität Mannheim, Institut für Sport",
        "sport": "multi",
        "website": "https://www.uni-mannheim.de/sport/sportstaetten/#c35499",
        "@geometry": "center"
      },
      "geometry": {
        "type": "Point",
        "coordinates": [
          8.4570205,
          49.4862475
        ]
      },
      "id": "way/353288143"
    },
    {
      "type": "Feature",
      "properties": {
        "@id": "way/355081646",
        "addr:city": "Ludwigshafen am Rhein",
        "addr:country": "DE",
        "addr:housenumber": "8",
        "addr:postcode": "67065",
        "addr:street": "Abteistraße",
        "building": "yes",
        "leisure": "sports_centre",
        "name": "Anpfiff ins Leben Förderzentrum Ludwigshafen",
        "operator": "Anpfiff ins Leben e.V.",
        "operator:type": "private_non_profit",
        "sport": "soccer",
        "wheelchair": "yes",
        "@geometry": "center"
      },
      "geometry": {
        "type": "Point",
        "coordinates": [
          8.4078745,
          49.4690523
        ]
      },
      "id": "way/355081646"
    },
    {
      "type": "Feature",
      "properties": {
        "@id": "way/371774193",
        "addr:city": "Karlsruhe",
        "addr:country": "DE",
        "addr:housenumber": "17",
        "addr:postcode": "76131",
        "addr:street": "Adenauerring",
        "addr:suburb": "Innenstadt-Ost",
        "leisure": "sports_centre",
        "name": "Karlsruher Sport-Club",
        "official_name": "Karlsruher Sport-Club Mühlburg-Phönix GmbH & Co. KGaA",
        "short_name": "KSC",
        "sport": "multi",
        "@geometry": "center"
      },
      "geometry": {
        "type": "Point",
        "coordinates": [
          8.4120842,
          49.0193374
        ]
      },
      "id": "way/371774193"
    },
    {
      "type": "Feature",
      "properties": {
        "@id": "way/372219216",
        "leisure": "sports_centre",
        "name": "SpVgg Olympia Hertha",
        "wheelchair": "yes",
        "@geometry": "center"
      },
      "geometry": {
        "type": "Point",
        "coordinates": [
          8.4104136,
          49.025956
        ]
      },
      "id": "way/372219216"
    },
    {
      "type": "Feature",
      "properties": {
        "@id": "way/372414547",
        "addr:city": "Stuttgart",
        "addr:country": "DE",
        "addr:housenumber": "10",
        "addr:postcode": "70372",
        "addr:street": "Kegelenstraße",
        "building": "industrial",
        "height": "10",
        "leisure": "sports_centre",
        "name": "Stuttpark",
        "opening_hours": "Mo 17:00-20:00; Tu-Fr 15:00-22:00; Sa 14:00-23:30; Su 14:00-22:00",
        "operator": "TheStep e.V.",
        "owner": "Stuttgarter Jugendhaus gGmbH",
        "roof:shape": "flat",
        "sport": "skateboard",
        "start_date": "2016-06-04",
        "website": "https://www.stuttpark.net/",
        "wheelchair": "yes",
        "@geometry": "center"
      },
      "geometry": {
        "type": "Point",
        "coordinates": [
          9.218032,
          48.8006544
        ]
      },
      "id": "way/372414547"
    },
    {
      "type": "Feature",
      "properties": {
        "@id": "way/372874680",
        "addr:city": "Karlsruhe",
        "addr:country": "DE",
        "addr:postcode": "76135",
        "addr:street": "Mittelschmallen",
        "contact:email": "info@tc-gruenwinkel.de/",
        "fenced": "yes",
        "leisure": "sports_centre",
        "name": "Tennisclub Grünwinkel",
        "nohousenumber": "yes",
        "official_name": "TC Grünwinkel e. V.",
        "short_name": "TCG",
        "sport": "tennis",
        "website": "http://www.tc-gruenwinkel.de/",
        "@geometry": "center"
      },
      "geometry": {
        "type": "Point",
        "coordinates": [
          8.3692337,
          48.9904945
        ]
      },
      "id": "way/372874680"
    },
    {
      "type": "Feature",
      "properties": {
        "@id": "node/378701493",
        "leisure": "sports_centre",
        "name": "VeniceBeach",
        "opening_hours": "Mo-Fr 06:00-23:30; Sa-Su 08:00-22:00",
        "phone": "+49 621 4004270",
        "sport": "gymnastics",
        "website": "https://www.venicebeach-fitness.de/studios/premium-fitness/mannheim/fahrlach.html"
      },
      "geometry": {
        "type": "Point",
        "coordinates": [
          8.4991556,
          49.4737013
        ]
      },
      "id": "node/378701493"
    },
    {
      "type": "Feature",
      "properties": {
        "@id": "way/383412214",
        "building:colour": "grey",
        "building:levels": "1",
        "building:material": "metal",
        "building:part": "yes",
        "leisure": "sports_centre",
        "name": "Grundschule am Wasserturm",
        "roof:material": "grass",
        "roof:shape": "flat",
        "sport": "multi",
        "wheelchair": "yes",
        "@geometry": "center"
      },
      "geometry": {
        "type": "Point",
        "coordinates": [
          8.417402,
          49.0028626
        ]
      },
      "id": "way/383412214"
    },
    {
      "type": "Feature",
      "properties": {
        "@id": "way/385104896",
        "building": "sports_hall",
        "@geometry": "center"
      },
      "geometry": {
        "type": "Point",
        "coordinates": [
          8.4280435,
          49.4781251
        ]
      },
      "id": "way/385104896"
    },
    {
      "type": "Feature",
      "properties": {
        "@id": "way/389868143",
        "email": "info@kanu-club-rheinau.de",
        "leisure": "sports_centre",
        "name": "Kanu-Club Rheinau e.V.",
        "sport": "canoe",
        "website": "http://www.kanu-club-rheinau.de/",
        "@geometry": "center"
      },
      "geometry": {
        "type": "Point",
        "coordinates": [
          8.5202005,
          49.4346788
        ]
      },
      "id": "way/389868143"
    },
    {
      "type": "Feature",
      "properties": {
        "@id": "way/394606371",
        "addr:city": "Ludwigshafen am Rhein",
        "addr:country": "DE",
        "addr:housenumber": "2",
        "addr:postcode": "67065",
        "addr:street": "Niederfeldstraße",
        "leisure": "sports_centre",
        "name": "Bezirkssportanlage Gartenstadt",
        "operator": "Ludwigshafener Sport-Club 1925 e.V.",
        "operator:type": "private",
        "sport": "soccer",
        "wheelchair": "yes",
        "@geometry": "center"
      },
      "geometry": {
        "type": "Point",
        "coordinates": [
          8.4094861,
          49.4703356
        ]
      },
      "id": "way/394606371"
    },
    {
      "type": "Feature",
      "properties": {
        "@id": "way/404432578",
        "addr:city": "Mannheim",
        "addr:housenumber": "21",
        "addr:postcode": "68159",
        "addr:street": "Böckstraße",
        "building": "yes",
        "building:levels": "1",
        "fee": "no",
        "leisure": "sports_centre",
        "name": "muskeltiere",
        "phone": "+49 163 7809077",
        "roof:shape": "flat",
        "sport": "functional_fitness",
        "url": "https://www.muskeltiere-sport.de/",
        "@geometry": "center"
      },
      "geometry": {
        "type": "Point",
        "coordinates": [
          8.457724,
          49.4946932
        ]
      },
      "id": "way/404432578"
    },
    {
      "type": "Feature",
      "properties": {
        "@id": "way/410838189",
        "leisure": "sports_centre",
        "name": "Tennis-Club Ameisenberg",
        "short_name": "TCA",
        "sport": "tennis",
        "start_date": "1926",
        "website": "https://tc-ameisenberg.de/",
        "@geometry": "center"
      },
      "geometry": {
        "type": "Point",
        "coordinates": [
          9.1981491,
          48.7851529
        ]
      },
      "id": "way/410838189"
    },
    {
      "type": "Feature",
      "properties": {
        "@id": "way/411102449",
        "addr:city": "Karlsruhe",
        "addr:housenumber": "13",
        "addr:postcode": "76227",
        "addr:street": "Weiherhof",
        "leisure": "sports_centre",
        "name": "Weiherhofbad",
        "opening_hours": "Mo-Th 13:00-22:00;We,Fr 06:30-10:00,13:00-22:00;Sa 09:00-20:00;Su,PH 09:00-17:00",
        "operator": "Karlsruher Bädergesellschaft mbH",
        "phone": "+49 721 1335227",
        "sport": "swimming",
        "toilets:wheelchair": "yes",
        "website": "https://www.ka-baeder.de/",
        "wheelchair": "limited",
        "wheelchair:description": "Umkleidekabine, Dusche und Toilette für Rollstuhlfahrer vorhanden. Kein Lift am Becken",
        "@geometry": "center"
      },
      "geometry": {
        "type": "Point",
        "coordinates": [
          8.4715634,
          48.99712
        ]
      },
      "id": "way/411102449"
    },
    {
      "type": "Feature",
      "properties": {
        "@id": "way/411935479",
        "addr:housenumber": "5",
        "addr:street": "Am Neckarkanal",
        "animal": "sport",
        "club": "sport",
        "leisure": "sports_centre",
        "name": "Verein der Hundefreunde Feudenheim",
        "sport": "dog",
        "website": "http://www.vdh-feudenheim.de/",
        "@geometry": "center"
      },
      "geometry": {
        "type": "Point",
        "coordinates": [
          8.5159408,
          49.4848729
        ]
      },
      "id": "way/411935479"
    },
    {
      "type": "Feature",
      "properties": {
        "@id": "node/412871459",
        "charge": "8 EUR",
        "email": "info@cityrock.de",
        "fee": "yes",
        "leisure": "sports_centre",
        "name": "Cityrock",
        "opening_hours": "Tu-Su,PH 18:00-23:00; Mo closed; Jan 01,Dec 24-26,Dec 31,easter -2 days,easter,easter +49 days closed",
        "source:opening_hours": "website",
        "sport": "climbing",
        "website": "https://www.cityrock.de/",
        "wheelchair": "yes"
      },
      "geometry": {
        "type": "Point",
        "coordinates": [
          9.1693628,
          48.7768626
        ]
      },
      "id": "node/412871459"
    },
    {
      "type": "Feature",
      "properties": {
        "@id": "way/417929708",
        "addr:city": "Mannheim",
        "addr:country": "DE",
        "addr:housenumber": "10",
        "addr:postcode": "68239",
        "addr:street": "Riedweg",
        "barrier": "fence",
        "leisure": "sports_centre",
        "name": "Schützengesellschaft 1896 Seckenheim",
        "operator": "Schützengesellschaft 1896 Seckenheim e. V.",
        "phone": "+49 621 49602926",
        "sport": "shooting",
        "website": "https://www.sg-seckenheim.de/",
        "@geometry": "center"
      },
      "geometry": {
        "type": "Point",
        "coordinates": [
          8.5582723,
          49.4561559
        ]
      },
      "id": "way/417929708"
    },
    {
      "type": "Feature",
      "properties": {
        "@id": "node/424210867",
        "addr:city": "Karlsruhe",
        "addr:country": "DE",
        "addr:housenumber": "23",
        "addr:postcode": "76133",
        "addr:street": "Waldstraße",
        "alt_name": "EWTO-Schule Karlsruhe",
        "leisure": "sports_centre",
        "name": "KampfKunstCenter Karlsruhe",
        "operator": "Juergen Pottiez",
        "sport": "martial_arts;wingtsun;kali",
        "website": "http://wt-karlsruhe.info"
      },
      "geometry": {
        "type": "Point",
        "coordinates": [
          8.3989905,
          49.0104377
        ]
      },
      "id": "node/424210867"
    },
    {
      "type": "Feature",
      "properties": {
        "@id": "way/435026679",
        "access": "yes",
        "addr:city": "Karlsruhe",
        "addr:country": "DE",
        "addr:housenumber": "2",
        "addr:postcode": "76131",
        "addr:street": "Am Fächerbad",
        "addr:suburb": "Hagsfeld",
        "check_date": "2026-06-02",
        "climbing": "indoor",
        "climbing:boulder": "yes",
        "climbing:length": "12.5",
        "climbing:speed": "no",
        "climbing:sport": "yes",
        "climbing:toprope": "yes",
        "climbing:traditional": "no",
        "fee": "yes",
        "indoor": "yes",
        "leisure": "sports_centre",
        "level": "-1",
        "name": "DAV Kletter Boulder Zentrum Karlsruhe",
        "old_name": "Art of Climbing - DAV Kletterzentrum Karlsruhe",
        "opening_hours": "Mo 10:00-15:00 open \"nur Kletterbereich\", 15:00-23:00; Tu,Th 10:00-15:00 open \"nur Boulderbereich\", 15:00-23:00; We 07:00-23:00; Fr-Su 10:00-23:00",
        "operator": "Deutscher Alpenverein Sektion Karlsruhe",
        "operator:type": "community",
        "sport": "climbing",
        "website": "https://www.dav-kletterzentrum-karlsruhe.de/",
        "wheelchair": "yes",
        "@geometry": "center"
      },
      "geometry": {
        "type": "Point",
        "coordinates": [
          8.4458634,
          49.0259931
        ]
      },
      "id": "way/435026679"
    },
    {
      "type": "Feature",
      "properties": {
        "@id": "way/436473206",
        "access": "private",
        "leisure": "sports_centre",
        "name": "Sportpark Schnarrenberg",
        "operator": "Turnverein Cannstatt e.V.",
        "@geometry": "center"
      },
      "geometry": {
        "type": "Point",
        "coordinates": [
          9.1974735,
          48.8262084
        ]
      },
      "id": "way/436473206"
    },
    {
      "type": "Feature",
      "properties": {
        "@id": "way/436543421",
        "addr:city": "Stuttgart",
        "addr:country": "DE",
        "addr:housenumber": "67",
        "addr:postcode": "70372",
        "addr:street": "Daimlerstraße",
        "addr:suburb": "Bad Cannstatt",
        "branch": "Bad Cannstatt",
        "brand": "Fitness First",
        "brand:wikidata": "Q127120",
        "check_date:opening_hours": "2026-03-26",
        "contact:phone": "+49 711 5208860",
        "contact:website": "https://www.fitnessfirst.de/clubs/stuttgart-bad-cannstatt",
        "indoor": "area",
        "leisure": "fitness_centre",
        "level": "3;4",
        "name": "Fitness First",
        "opening_hours": "Mo-Th 07:00-23:00; Fr 07:00-22:00; Sa,Su,PH 10:00-20:00",
        "operator": "Fitness First Germany GmbH",
        "@geometry": "center"
      },
      "geometry": {
        "type": "Point",
        "coordinates": [
          9.2202853,
          48.8019541
        ]
      },
      "id": "way/436543421"
    },
    {
      "type": "Feature",
      "properties": {
        "@id": "way/438908085",
        "amenity": "exhibition_centre",
        "indoor": "room",
        "leisure": "sports_centre",
        "level": "0;1",
        "name": "Carl Benz Arena",
        "@geometry": "center"
      },
      "geometry": {
        "type": "Point",
        "coordinates": [
          9.2304188,
          48.7931363
        ]
      },
      "id": "way/438908085"
    },
    {
      "type": "Feature",
      "properties": {
        "@id": "way/439951618",
        "addr:city": "Karlsruhe",
        "addr:country": "DE",
        "addr:housenumber": "2",
        "addr:postcode": "76199",
        "addr:street": "Brunnenstückweg",
        "contact:email": "vorstand@sg-rueppurr.de",
        "contact:phone": "+49 721 881715",
        "contact:website": "https://www.sg-rueppurr.de/",
        "leisure": "sports_centre",
        "name": "SG Rüppurr",
        "sport": "multi",
        "@geometry": "center"
      },
      "geometry": {
        "type": "Point",
        "coordinates": [
          8.3896849,
          48.9690095
        ]
      },
      "id": "way/439951618"
    },
    {
      "type": "Feature",
      "properties": {
        "@id": "way/444942434",
        "addr:city": "Karlsruhe",
        "addr:country": "DE",
        "addr:housenumber": "6",
        "addr:postcode": "76189",
        "addr:street": "Rudolf-Freytag-Straße",
        "building": "sports_centre",
        "contact:email": "studioleitung.karlsruhe@pfitzenmeier.de",
        "contact:phone": "+49 721 98192980",
        "contact:website": "https://www.pfitzenmeier.de/karlsruhe/",
        "leisure": "fitness_centre",
        "name": "Pfitzenmeier Premium Resort",
        "opening_hours": "Mo-Fr 06:00-23:00; Sa,Su,PH 08:00-22:30",
        "sport": "fitness",
        "start_date": "2017-07-15",
        "@geometry": "center"
      },
      "geometry": {
        "type": "Point",
        "coordinates": [
          8.3457278,
          49.0000624
        ]
      },
      "id": "way/444942434"
    },
    {
      "type": "Feature",
      "properties": {
        "@id": "way/527937253",
        "addr:city": "Stuttgart",
        "addr:country": "DE",
        "addr:housenumber": "120/4",
        "addr:postcode": "70191",
        "addr:street": "Nordbahnhofstraße",
        "building": "sports_hall",
        "@geometry": "center"
      },
      "geometry": {
        "type": "Point",
        "coordinates": [
          9.1921926,
          48.8009261
        ]
      },
      "id": "way/527937253"
    },
    {
      "type": "Feature",
      "properties": {
        "@id": "node/540131050",
        "addr:city": "Karlsruhe",
        "addr:country": "DE",
        "addr:housenumber": "44",
        "addr:postcode": "76137",
        "addr:street": "Ebertstraße",
        "contact:email": "info@ourclass.de",
        "contact:mobile": "+49 155 60598877",
        "contact:website": "https://www.ourclass.de",
        "description": "Pilates-Studio",
        "leisure": "fitness_centre",
        "name": "our.class",
        "opening_hours": "Mo-Fr 07:00+; Sa 09:00+",
        "sport": "pilates"
      },
      "geometry": {
        "type": "Point",
        "coordinates": [
          8.3875975,
          48.9954243
        ]
      },
      "id": "node/540131050"
    },
    {
      "type": "Feature",
      "properties": {
        "@id": "way/556355341",
        "addr:city": "Karlsruhe",
        "addr:country": "DE",
        "addr:housenumber": "2",
        "addr:postcode": "76131",
        "addr:street": "Kanalweg",
        "addr:suburb": "Oststadt",
        "alt_name": "FC 1921 Karlsruhe",
        "contact:website": "http://www.fc21-karlsruhe.de/",
        "leisure": "sports_centre",
        "name": "FC Karlsruhe",
        "official_name": "FC 1921 Karlsruhe e.V.",
        "short_name": "FC Karlsruhe",
        "sport": "soccer",
        "@geometry": "center"
      },
      "geometry": {
        "type": "Point",
        "coordinates": [
          8.4185888,
          49.0244519
        ]
      },
      "id": "way/556355341"
    },
    {
      "type": "Feature",
      "properties": {
        "@id": "way/556359238",
        "addr:city": "Karlsruhe",
        "addr:country": "DE",
        "addr:housenumber": "2",
        "addr:postcode": "76139",
        "addr:street": "Theodor-Heuss-Allee",
        "addr:suburb": "Oststadt",
        "alt_name": "Verein der Hundefreunde Karlsruhe",
        "animal": "school",
        "club": "sport",
        "contact:email": "info@vdhkarlsruhe.de",
        "contact:website": "http://www.vdhkarlsruhe.de/",
        "leisure": "sports_centre",
        "name": "VdH Karlsruhe",
        "official_name": "Verein der Hundefreunde Karlsruhe e.V. 1888",
        "short_name": "VdH Karlsruhe",
        "sport": "dog",
        "@geometry": "center"
      },
      "geometry": {
        "type": "Point",
        "coordinates": [
          8.420268,
          49.0255785
        ]
      },
      "id": "way/556359238"
    },
    {
      "type": "Feature",
      "properties": {
        "@id": "way/575970094",
        "addr:city": "Karlsruhe",
        "addr:housenumber": "111",
        "addr:postcode": "76137",
        "addr:street": "Durlacher Allee",
        "email": "info@reformerskarlsruhe.de",
        "leisure": "fitness_centre",
        "level": "0",
        "name": "Reformers",
        "opening_hours": "Mo-Tu 9:00-20:00, We 8:00-20:00, Th 9:00-20:00, Fr 7:30-20:00, Sa9:00-20:00; Su,PH off",
        "phone": "+49 1590 4402724",
        "room": "shop",
        "sport": "pilates",
        "website": "https://reformerskarlsruhe.de/",
        "wheelchair": "yes",
        "@geometry": "center"
      },
      "geometry": {
        "type": "Point",
        "coordinates": [
          8.450154,
          49.0043903
        ]
      },
      "id": "way/575970094"
    },
    {
      "type": "Feature",
      "properties": {
        "@id": "way/614023491",
        "addr:city": "Karlsruhe",
        "addr:country": "DE",
        "addr:housenumber": "4",
        "addr:postcode": "76149",
        "addr:street": "Ohiostraße",
        "check_date:opening_hours": "2024-03-01",
        "contact:website": "http://www.trimedic.de/",
        "healthcare": "physiotherapist",
        "leisure": "fitness_centre",
        "name": "Trimedic Centrum für Gesundheitsförderung",
        "opening_hours": "Mo,Th 07:00-21:00; Tu,We,Fr 07:00-20:00; Sa 08:00-12:00",
        "opening_hours:signed": "no",
        "operator": "Trimedic Steffen Wiemann GmbH & Co. KG",
        "wheelchair": "yes",
        "@geometry": "center"
      },
      "geometry": {
        "type": "Point",
        "coordinates": [
          8.3947774,
          49.030702
        ]
      },
      "id": "way/614023491"
    },
    {
      "type": "Feature",
      "properties": {
        "@id": "way/651695245",
        "leisure": "sports_centre",
        "operator": "TC Degerloch Hohe Eiche e. V.",
        "@geometry": "center"
      },
      "geometry": {
        "type": "Point",
        "coordinates": [
          9.1740105,
          48.7341847
        ]
      },
      "id": "way/651695245"
    },
    {
      "type": "Feature",
      "properties": {
        "@id": "way/683704723",
        "leisure": "sports_centre",
        "name": "Hohe Eiche",
        "sport": "multi",
        "@geometry": "center"
      },
      "geometry": {
        "type": "Point",
        "coordinates": [
          9.1716207,
          48.733418
        ]
      },
      "id": "way/683704723"
    },
    {
      "type": "Feature",
      "properties": {
        "@id": "way/699102186",
        "building": "yes",
        "leisure": "sports_centre",
        "name": "Bismarck-Halle",
        "sport": "multi",
        "@geometry": "center"
      },
      "geometry": {
        "type": "Point",
        "coordinates": [
          8.3950093,
          49.0151095
        ]
      },
      "id": "way/699102186"
    },
    {
      "type": "Feature",
      "properties": {
        "@id": "way/743274098",
        "building": "sports_hall",
        "leisure": "sports_centre",
        "name": "Nebeniusschule",
        "sport": "multi",
        "@geometry": "center"
      },
      "geometry": {
        "type": "Point",
        "coordinates": [
          8.4075973,
          48.9968921
        ]
      },
      "id": "way/743274098"
    },
    {
      "type": "Feature",
      "properties": {
        "@id": "way/743571968",
        "access": "private",
        "leisure": "sports_centre",
        "name": "Unibad",
        "opening_hours": "Mo,Fr 12:15-14:00,16:00-18:00, Tu,Th 07:00-08:00,12:15-14:00,16:00-18:00, We 07:00-08:00 open \"nur Betriebssport (Beschäftigte)\", 08:00-08:45,12:15-14:00,16:00-17:30; Sa,Su,PH off",
        "operator": "Karlsruher Institut für Technologie",
        "sport": "swimming",
        "@geometry": "center"
      },
      "geometry": {
        "type": "Point",
        "coordinates": [
          8.4162751,
          49.0156538
        ]
      },
      "id": "way/743571968"
    },
    {
      "type": "Feature",
      "properties": {
        "@id": "way/771874346",
        "access": "private",
        "building": "roof",
        "leisure": "sports_centre",
        "name": "Multifunktionshalle",
        "sport": "multi;soccer;tennis",
        "start_date": "2018",
        "@geometry": "center"
      },
      "geometry": {
        "type": "Point",
        "coordinates": [
          8.415242,
          49.0169047
        ]
      },
      "id": "way/771874346"
    },
    {
      "type": "Feature",
      "properties": {
        "@id": "way/798961691",
        "addr:city": "Stuttgart",
        "addr:housenumber": "2",
        "addr:postcode": "70372",
        "addr:street": "Lenore-Volz-Straße",
        "building": "sports_centre",
        "check_date": "2021-10-08",
        "leisure": "sports_centre",
        "name": "Sportbad NeckarPark",
        "sport": "swimming",
        "@geometry": "center"
      },
      "geometry": {
        "type": "Point",
        "coordinates": [
          9.2230683,
          48.7957411
        ]
      },
      "id": "way/798961691"
    },
    {
      "type": "Feature",
      "properties": {
        "@id": "way/863358785",
        "alt_name": "Sparda Sport-Park",
        "leisure": "sports_centre",
        "name": "Sparda Sportpark",
        "operator": "Karlsruher Institut für Technologie",
        "@geometry": "center"
      },
      "geometry": {
        "type": "Point",
        "coordinates": [
          8.415399,
          49.0173614
        ]
      },
      "id": "way/863358785"
    },
    {
      "type": "Feature",
      "properties": {
        "@id": "node/879626370",
        "check_date:opening_hours": "2025-11-21",
        "email": "club221@club.mrssporty.de",
        "fax": "+49 721 8302529",
        "leisure": "sports_centre",
        "name": "Mrs. Sporty",
        "opening_hours": "Mo 09:00-12:00,16:00-20:00; Tu 09:00-12:00,16:00-19:00; We 09:00-12:00,16:00-19:00; Th 09:00-12:00,16:00-20:00; Fr 09:00-12:00,16:00-19:00; Sa 10:00-13:00",
        "operator": "99Clubs GmbH",
        "phone": "+49 721 8302520",
        "website": "https://www.mrssporty.de/club/karlsruhe-weststadt/",
        "wheelchair": "no"
      },
      "geometry": {
        "type": "Point",
        "coordinates": [
          8.3813569,
          49.0080405
        ]
      },
      "id": "node/879626370"
    },
    {
      "type": "Feature",
      "properties": {
        "@id": "way/884363717",
        "addr:city": "Karlsruhe",
        "addr:country": "DE",
        "addr:housenumber": "29",
        "addr:postcode": "76135",
        "addr:street": "Steinhäuserstraße",
        "alt_name": "Sporthalle Elisabeth-Seibert-Schule",
        "building": "sports_hall",
        "building:use": "sport",
        "description": "Dreifeldsporthalle",
        "leisure": "sports_centre",
        "name": "Lina-Radke-Halle",
        "roof:shape": "flat",
        "sport": "multi",
        "start_date": "2021-06-07",
        "wikidata": "Q124750922",
        "@geometry": "center"
      },
      "geometry": {
        "type": "Point",
        "coordinates": [
          8.3818305,
          48.9966093
        ]
      },
      "id": "way/884363717"
    },
    {
      "type": "Feature",
      "properties": {
        "@id": "way/940178567",
        "addr:housenumber": "23-27",
        "addr:street": "Wildbader Straße",
        "leisure": "sports_centre",
        "name": "Otto-Bauder-Sportanlage",
        "@geometry": "center"
      },
      "geometry": {
        "type": "Point",
        "coordinates": [
          8.5486743,
          49.467476
        ]
      },
      "id": "way/940178567"
    },
    {
      "type": "Feature",
      "properties": {
        "@id": "way/959685097",
        "leisure": "sports_centre",
        "name": "DAV-Kletteranlage und -Vereinsheim",
        "note": "Umriss geschätzt; Details zum Bau der Anlage: https://www.dav-mannheim.de/gross-projekt-nummer-1-vereinsheim/",
        "operator": "Deutscher Alpenverein (DAV)",
        "short_name": "KletterZ",
        "sport": "climbing",
        "start_date": "2021",
        "@geometry": "center"
      },
      "geometry": {
        "type": "Point",
        "coordinates": [
          8.534994,
          49.5189618
        ]
      },
      "id": "way/959685097"
    },
    {
      "type": "Feature",
      "properties": {
        "@id": "way/982838259",
        "leisure": "sports_centre",
        "name": "Ludwigshafener Kanu Club",
        "sport": "canoe",
        "website": "https://www.ludwigshafener-kanu-club.de/",
        "@geometry": "center"
      },
      "geometry": {
        "type": "Point",
        "coordinates": [
          8.4489017,
          49.4638811
        ]
      },
      "id": "way/982838259"
    },
    {
      "type": "Feature",
      "properties": {
        "@id": "way/993025671",
        "leisure": "sports_centre",
        "@geometry": "center"
      },
      "geometry": {
        "type": "Point",
        "coordinates": [
          8.5035136,
          49.4308633
        ]
      },
      "id": "way/993025671"
    },
    {
      "type": "Feature",
      "properties": {
        "@id": "node/993698455",
        "email": "mannheim.neckarau@venicebeach-fitness.de",
        "leisure": "sports_centre",
        "level": "1",
        "name": "Venice Beach Mannheim Neckarau",
        "opening_hours": "Mo-Fr 06:30-22:30; Sa-Su 09:00-21:00",
        "phone": "+49621 3069630",
        "website": "https://www.venicebeach-fitness.de/clubs/venicebeach-plus/mannheim-neckarau/",
        "wheelchair": "limited"
      },
      "geometry": {
        "type": "Point",
        "coordinates": [
          8.4960968,
          49.4519505
        ]
      },
      "id": "node/993698455"
    },
    {
      "type": "Feature",
      "properties": {
        "@id": "node/996110456",
        "addr:city": "Karlsruhe",
        "addr:housenumber": "146",
        "addr:postcode": "76133",
        "addr:street": "Kaiserstraße",
        "contact:phone": "+49 721 570 42 70",
        "contact:website": "https://jonny-m.de/club-europaplatz",
        "leisure": "fitness_centre",
        "name": "Jonny M.",
        "opening_hours": "Mo-Fr 07:00-23:00; Sa,Su,PH 08:00-20:00",
        "opening_hours:signed": "no",
        "sport": "fitness",
        "wheelchair": "limited"
      },
      "geometry": {
        "type": "Point",
        "coordinates": [
          8.3947038,
          49.010201
        ]
      },
      "id": "node/996110456"
    },
    {
      "type": "Feature",
      "properties": {
        "@id": "way/999697602",
        "leisure": "sports_centre",
        "name": "Tennisclub Rüppurr 1929 e.V.",
        "website": "https://www.tcr.de/",
        "wikidata": "Q1652777",
        "@geometry": "center"
      },
      "geometry": {
        "type": "Point",
        "coordinates": [
          8.4121852,
          48.968019
        ]
      },
      "id": "way/999697602"
    },
    {
      "type": "Feature",
      "properties": {
        "@id": "node/1014676019",
        "leisure": "sports_centre",
        "name": "Fußballplatz \"FC Germania 03 Friedrichsfeld\""
      },
      "geometry": {
        "type": "Point",
        "coordinates": [
          8.5676479,
          49.4390993
        ]
      },
      "id": "node/1014676019"
    },
    {
      "type": "Feature",
      "properties": {
        "@id": "way/1018802226",
        "building": "sports_hall",
        "description": "Traglufthalle",
        "leisure": "sports_hall",
        "sport": "tennis",
        "@geometry": "center"
      },
      "geometry": {
        "type": "Point",
        "coordinates": [
          8.423495,
          49.0025184
        ]
      },
      "id": "way/1018802226"
    },
    {
      "type": "Feature",
      "properties": {
        "@id": "way/1046189304",
        "addr:city": "Karlsruhe",
        "addr:housenumber": "1",
        "addr:postcode": "76199",
        "addr:street": "Steinmannstraße",
        "contact:website": "https://www.tus-rueppurr.de",
        "email": "info@tus-rueppurr.de",
        "leisure": "sports_centre",
        "name": "Turn- und Sportverein 1874 Rüppurr",
        "phone": "+49 721 884501",
        "sport": "multi",
        "website": "https://www.tus-rueppurr.de/",
        "wheelchair": "limited",
        "@geometry": "center"
      },
      "geometry": {
        "type": "Point",
        "coordinates": [
          8.417102,
          48.9736257
        ]
      },
      "id": "way/1046189304"
    },
    {
      "type": "Feature",
      "properties": {
        "@id": "way/1050553716",
        "leisure": "sports_centre",
        "name": "DJK Daxlanden",
        "@geometry": "center"
      },
      "geometry": {
        "type": "Point",
        "coordinates": [
          8.3279898,
          48.9998314
        ]
      },
      "id": "way/1050553716"
    },
    {
      "type": "Feature",
      "properties": {
        "@id": "node/1053693926",
        "addr:city": "Karlsruhe",
        "addr:country": "DE",
        "addr:housenumber": "1",
        "addr:postcode": "76137",
        "addr:street": "Rüppurrer Straße",
        "brand": "VeniceBeach",
        "check_date": "2023-07-04",
        "leisure": "fitness_centre",
        "level": "1",
        "name": "VeniceBeach Fitness",
        "opening_hours": "24/7",
        "sport": "fitness"
      },
      "geometry": {
        "type": "Point",
        "coordinates": [
          8.4112896,
          49.0056528
        ]
      },
      "id": "node/1053693926"
    },
    {
      "type": "Feature",
      "properties": {
        "@id": "way/1053763605",
        "building": "sports_hall",
        "description": "Gymnastikhalle",
        "@geometry": "center"
      },
      "geometry": {
        "type": "Point",
        "coordinates": [
          8.3780733,
          48.9958854
        ]
      },
      "id": "way/1053763605"
    },
    {
      "type": "Feature",
      "properties": {
        "@id": "way/1061154212",
        "addr:city": "Stuttgart",
        "addr:country": "DE",
        "addr:housenumber": "15A",
        "addr:postcode": "70565",
        "addr:street": "Markus-Schleicher-Straße",
        "building": "sports_hall",
        "leisure": "sports_centre",
        "roof:shape": "flat",
        "@geometry": "center"
      },
      "geometry": {
        "type": "Point",
        "coordinates": [
          9.1556589,
          48.7118352
        ]
      },
      "id": "way/1061154212"
    },
    {
      "type": "Feature",
      "properties": {
        "@id": "way/1066356023",
        "leisure": "sports_centre",
        "name": "Sportplatz TV 1892 Friedrichsfeld",
        "@geometry": "center"
      },
      "geometry": {
        "type": "Point",
        "coordinates": [
          8.5648279,
          49.4397045
        ]
      },
      "id": "way/1066356023"
    },
    {
      "type": "Feature",
      "properties": {
        "@id": "way/1067282530",
        "leisure": "sports_centre",
        "@geometry": "center"
      },
      "geometry": {
        "type": "Point",
        "coordinates": [
          8.5918033,
          49.4719596
        ]
      },
      "id": "way/1067282530"
    },
    {
      "type": "Feature",
      "properties": {
        "@id": "way/1070601468",
        "addr:city": "Stuttgart",
        "addr:country": "DE",
        "addr:housenumber": "5",
        "addr:postcode": "70372",
        "addr:street": "Fritz-Walter-Weg",
        "building": "sports_hall",
        "building:part": "sports_hall",
        "layer": "-1",
        "leisure": "sports_centre",
        "location": "surface",
        "name": "SCHARRena",
        "sport": "multi",
        "toilets:wheelchair": "yes",
        "wheelchair": "limited",
        "wikidata": "Q2231472",
        "@geometry": "center"
      },
      "geometry": {
        "type": "Point",
        "coordinates": [
          9.233298,
          48.7915974
        ]
      },
      "id": "way/1070601468"
    },
    {
      "type": "Feature",
      "properties": {
        "@id": "way/1079361830",
        "leisure": "sports_centre",
        "name": "Bezirkssportanlage Mundenheim",
        "sport": "multi",
        "website": "https://www.ludwigshafen.de/lebenswert/sport/hallen-und-anlagen/bezirkssportanlagen",
        "@geometry": "center"
      },
      "geometry": {
        "type": "Point",
        "coordinates": [
          8.4227358,
          49.4546161
        ]
      },
      "id": "way/1079361830"
    },
    {
      "type": "Feature",
      "properties": {
        "@id": "way/1084409389",
        "addr:city": "Karlsruhe",
        "addr:country": "DE",
        "addr:housenumber": "12-14",
        "addr:postcode": "76135",
        "addr:street": "Sankt-Florian-Straße",
        "addr:suburb": "Beiertheim-Bulach",
        "contact:email": "info@tsv-bulach.de",
        "contact:phone": "+49 721 95976100",
        "contact:website": "https://tsv-bulach.de/",
        "leisure": "sports_centre",
        "name": "TSV Bulach",
        "@geometry": "center"
      },
      "geometry": {
        "type": "Point",
        "coordinates": [
          8.3862376,
          48.9904206
        ]
      },
      "id": "way/1084409389"
    },
    {
      "type": "Feature",
      "properties": {
        "@id": "way/1085518491",
        "leisure": "sports_centre",
        "name": "MSV 1903 e.V.",
        "sport": "soccer;dart",
        "@geometry": "center"
      },
      "geometry": {
        "type": "Point",
        "coordinates": [
          8.4205399,
          49.4591303
        ]
      },
      "id": "way/1085518491"
    },
    {
      "type": "Feature",
      "properties": {
        "@id": "way/1093723694",
        "leisure": "sports_centre",
        "name": "Kanu-Club Altrip",
        "sport": "canoe",
        "website": "https://www.kc-altrip.de/",
        "@geometry": "center"
      },
      "geometry": {
        "type": "Point",
        "coordinates": [
          8.5002075,
          49.4406032
        ]
      },
      "id": "way/1093723694"
    },
    {
      "type": "Feature",
      "properties": {
        "@id": "way/1106184454",
        "addr:city": "Stuttgart",
        "addr:country": "DE",
        "addr:housenumber": "1",
        "addr:postcode": "70597",
        "addr:street": "Bopseräcker",
        "leisure": "sports_centre",
        "name": "HTC Stuttgarter Kickers",
        "sport": "field_hockey; tennis",
        "website": "https://www.stuttgarter-htc.de/",
        "wikidata": "Q1490097",
        "@geometry": "center"
      },
      "geometry": {
        "type": "Point",
        "coordinates": [
          9.1698313,
          48.7331069
        ]
      },
      "id": "way/1106184454"
    },
    {
      "type": "Feature",
      "properties": {
        "@id": "way/1110749965",
        "leisure": "sports_centre",
        "@geometry": "center"
      },
      "geometry": {
        "type": "Point",
        "coordinates": [
          8.3524433,
          49.0001264
        ]
      },
      "id": "way/1110749965"
    },
    {
      "type": "Feature",
      "properties": {
        "@id": "way/1112291967",
        "leisure": "sports_centre",
        "name": "Friedrichsfelder Ski-Club e.V. Tennisabteilung",
        "@geometry": "center"
      },
      "geometry": {
        "type": "Point",
        "coordinates": [
          8.5692903,
          49.4381324
        ]
      },
      "id": "way/1112291967"
    },
    {
      "type": "Feature",
      "properties": {
        "@id": "way/1115418213",
        "leisure": "sports_centre",
        "@geometry": "center"
      },
      "geometry": {
        "type": "Point",
        "coordinates": [
          8.4604053,
          49.4691491
        ]
      },
      "id": "way/1115418213"
    },
    {
      "type": "Feature",
      "properties": {
        "@id": "way/1124341621",
        "leisure": "sports_centre",
        "name": "Skiclub Ludwigshafen",
        "sport": "skiing;tennis;soccer;beachvolleyball",
        "website": "https://www.sclu.de/",
        "@geometry": "center"
      },
      "geometry": {
        "type": "Point",
        "coordinates": [
          8.414943,
          49.469093
        ]
      },
      "id": "way/1124341621"
    },
    {
      "type": "Feature",
      "properties": {
        "@id": "way/1142121167",
        "leisure": "sports_centre",
        "sport": "multi",
        "@geometry": "center"
      },
      "geometry": {
        "type": "Point",
        "coordinates": [
          8.4785849,
          49.5060063
        ]
      },
      "id": "way/1142121167"
    },
    {
      "type": "Feature",
      "properties": {
        "@id": "way/1161685765",
        "addr:city": "Mannheim",
        "addr:housenumber": "1",
        "addr:place": "U3",
        "addr:postcode": "68161",
        "building": "yes",
        "building:levels": "2",
        "check_date:opening_hours": "2022-01-09",
        "email": "fb52@mannheim.de",
        "fee": "yes",
        "heritage": "yes",
        "image": "https://commons.wikimedia.org/wiki/File:Herschelbad_Mannheim_Front.jpg",
        "leisure": "sports_centre",
        "name": "Herschelbad",
        "opening_hours": "Mo 13:00-21:00; Tu,We 06:15-21:00; Th,Fr 08:00-21:00; Sa 08:00-21:00; Su 09:00-20:00; Jun-Aug Sa 08:00-18:00; Su 09:00-18:00",
        "operator": "Stadt Mannheim",
        "operator:type": "government",
        "payment:cash": "yes",
        "payment:notes": "yes",
        "phone": "+49 621 2937116",
        "sport": "swimming",
        "website": "https://www.mannheim.de/buerger-sein/willkommen-im-herschelbad-0",
        "wheelchair": "no",
        "wikidata": "Q22734",
        "wikimedia_commons": "Category:Herschelbad",
        "wikipedia": "de:Herschelbad",
        "@geometry": "center"
      },
      "geometry": {
        "type": "Point",
        "coordinates": [
          8.4721042,
          49.4909442
        ]
      },
      "id": "way/1161685765"
    },
    {
      "type": "Feature",
      "properties": {
        "@id": "way/1164128137",
        "addr:city": "Mannheim",
        "addr:country": "DE",
        "addr:housenumber": "117-127",
        "addr:postcode": "68167",
        "addr:street": "Käfertaler Straße",
        "building": "yes",
        "leisure": "sports_centre",
        "name": "Sporthalle LFG",
        "sport": "multi",
        "wheelchair": "no",
        "@geometry": "center"
      },
      "geometry": {
        "type": "Point",
        "coordinates": [
          8.4864346,
          49.4947991
        ]
      },
      "id": "way/1164128137"
    },
    {
      "type": "Feature",
      "properties": {
        "@id": "way/1167377598",
        "club": "sport",
        "contact:website": "http://www.vthagsfeld.de/",
        "leisure": "sports_centre",
        "name": "Vereinigte Turnerschaft Karlsruhe-Hagsfeld 1895 e.V.",
        "short_name": "VTH",
        "@geometry": "center"
      },
      "geometry": {
        "type": "Point",
        "coordinates": [
          8.4594152,
          49.0276375
        ]
      },
      "id": "way/1167377598"
    },
    {
      "type": "Feature",
      "properties": {
        "@id": "way/1168602585",
        "addr:city": "Mannheim",
        "addr:country": "DE",
        "addr:housenumber": "3",
        "addr:postcode": "68309",
        "addr:street": "Abraham-Lincoln-Allee",
        "building": "sports_hall",
        "leisure": "sports_centre",
        "name": "Sports Arena",
        "ref": "736",
        "@geometry": "center"
      },
      "geometry": {
        "type": "Point",
        "coordinates": [
          8.5349071,
          49.5183246
        ]
      },
      "id": "way/1168602585"
    },
    {
      "type": "Feature",
      "properties": {
        "@id": "way/1188409336",
        "full_name": "Tennis Club Neureut",
        "leisure": "sports_centre",
        "name": "TC Neureut",
        "operator": "Tennis Club Neureut e.V.",
        "sport": "tennis",
        "website": "https://www.tcneureut.de/",
        "@geometry": "center"
      },
      "geometry": {
        "type": "Point",
        "coordinates": [
          8.3667538,
          49.0414339
        ]
      },
      "id": "way/1188409336"
    },
    {
      "type": "Feature",
      "properties": {
        "@id": "way/1193290300",
        "leisure": "sports_centre",
        "@geometry": "center"
      },
      "geometry": {
        "type": "Point",
        "coordinates": [
          8.5668263,
          49.4389327
        ]
      },
      "id": "way/1193290300"
    },
    {
      "type": "Feature",
      "properties": {
        "@id": "way/1215011788",
        "leisure": "sports_centre",
        "@geometry": "center"
      },
      "geometry": {
        "type": "Point",
        "coordinates": [
          8.4317747,
          49.4729413
        ]
      },
      "id": "way/1215011788"
    },
    {
      "type": "Feature",
      "properties": {
        "@id": "way/1223906254",
        "addr:place": "E7",
        "building": "yes",
        "building:colour": "#F8F8F8",
        "building:levels": "1",
        "leisure": "sports_centre",
        "name": "Gesundheitszentrum E7",
        "operator": "Institut für Sport, Universität Mannheim",
        "sport": "multi",
        "@geometry": "center"
      },
      "geometry": {
        "type": "Point",
        "coordinates": [
          8.4607286,
          49.4902152
        ]
      },
      "id": "way/1223906254"
    },
    {
      "type": "Feature",
      "properties": {
        "@id": "way/1230262881",
        "leisure": "sports_centre",
        "name": "Dragoner Sporthalle",
        "@geometry": "center"
      },
      "geometry": {
        "type": "Point",
        "coordinates": [
          8.3753258,
          49.0120925
        ]
      },
      "id": "way/1230262881"
    },
    {
      "type": "Feature",
      "properties": {
        "@id": "way/1238502605",
        "leisure": "sports_centre",
        "name": "Bundesstützpunkt Kanurennsport",
        "@geometry": "center"
      },
      "geometry": {
        "type": "Point",
        "coordinates": [
          8.3356139,
          49.0098365
        ]
      },
      "id": "way/1238502605"
    },
    {
      "type": "Feature",
      "properties": {
        "@id": "way/1238502606",
        "leisure": "sports_centre",
        "@geometry": "center"
      },
      "geometry": {
        "type": "Point",
        "coordinates": [
          8.3351083,
          49.0101731
        ]
      },
      "id": "way/1238502606"
    },
    {
      "type": "Feature",
      "properties": {
        "@id": "node/1246034770",
        "addr:city": "Stuttgart",
        "addr:housenumber": "81",
        "addr:postcode": "70619",
        "addr:street": "Schemppstraße",
        "email": "info@fitnesspark-sillenbuch.de",
        "leisure": "fitness_centre",
        "name": "Fitnesspark Sillenbuch",
        "opening_hours": "Mo,Tu,Th 09:00-22:30; We,Fr 07:00-22:30; Sa 10:00-20:00",
        "sport": "exercise;running;weightlifting;multi",
        "wheelchair": "no"
      },
      "geometry": {
        "type": "Point",
        "coordinates": [
          9.2191196,
          48.7396509
        ]
      },
      "id": "node/1246034770"
    },
    {
      "type": "Feature",
      "properties": {
        "@id": "way/1256080738",
        "club": "sport",
        "leisure": "sports_centre",
        "name": "TV 1884 Mannheim-Neckarau",
        "operator": "TV 1884 e.V. Mannheim-Neckarau",
        "sport": "multi",
        "website": "https://tv-neckarau.de/",
        "@geometry": "center"
      },
      "geometry": {
        "type": "Point",
        "coordinates": [
          8.4754541,
          49.4463205
        ]
      },
      "id": "way/1256080738"
    },
    {
      "type": "Feature",
      "properties": {
        "@id": "way/1256101057",
        "club": "sport",
        "leisure": "sports_centre",
        "name": "Sport-Schützenvereinigung Neckarau 1900/09/51",
        "operator": "Sport-Schützenvereinigung Neckarau 1900/09/51 e.V.",
        "sport": "shooting",
        "website": "https://ssv-neckarau.de/",
        "@geometry": "center"
      },
      "geometry": {
        "type": "Point",
        "coordinates": [
          8.4748061,
          49.4462815
        ]
      },
      "id": "way/1256101057"
    },
    {
      "type": "Feature",
      "properties": {
        "@id": "node/1271759177",
        "addr:city": "Mannheim",
        "addr:housenumber": "75-77",
        "addr:postcode": "68309",
        "addr:street": "Auf dem Sand",
        "leisure": "sports_centre",
        "name": "Rehazentrum Auf dem Sand",
        "phone": "+49 621 3289960",
        "website": "http://www.reha-ma.de/",
        "wheelchair": "yes"
      },
      "geometry": {
        "type": "Point",
        "coordinates": [
          8.5080344,
          49.5147582
        ]
      },
      "id": "node/1271759177"
    },
    {
      "type": "Feature",
      "properties": {
        "@id": "way/1287641862",
        "leisure": "sports_centre",
        "name": "DJK Karlsruhe-Ost",
        "wheelchair": "yes",
        "@geometry": "center"
      },
      "geometry": {
        "type": "Point",
        "coordinates": [
          8.4116399,
          49.0264442
        ]
      },
      "id": "way/1287641862"
    },
    {
      "type": "Feature",
      "properties": {
        "@id": "way/1297362571",
        "addr:city": "Mannheim",
        "addr:postcode": "68169",
        "addr:street": "Erlenstraße",
        "leisure": "sports_centre",
        "name": "Sportanlage »Erlenhof«",
        "operator": "Stadt Mannheim",
        "operator:type": "public",
        "phone": "+49 621 2937106",
        "website": "https://www.mannheim.de/de/service-bieten/sport/sportstaetten/freisportanlagen",
        "@geometry": "center"
      },
      "geometry": {
        "type": "Point",
        "coordinates": [
          8.4669669,
          49.506674
        ]
      },
      "id": "way/1297362571"
    },
    {
      "type": "Feature",
      "properties": {
        "@id": "way/1297688429",
        "addr:city": "Stuttgart",
        "leisure": "sports_centre",
        "name": "Elfriede-Löffler-Sportpark",
        "@geometry": "center"
      },
      "geometry": {
        "type": "Point",
        "coordinates": [
          9.2216702,
          48.7357523
        ]
      },
      "id": "way/1297688429"
    },
    {
      "type": "Feature",
      "properties": {
        "@id": "node/1305923030",
        "addr:city": "Karlsruhe",
        "addr:country": "DE",
        "addr:housenumber": "94a",
        "addr:postcode": "76133",
        "addr:street": "Kaiserstraße",
        "check_date:opening_hours": "2024-11-04",
        "leisure": "fitness_centre",
        "name": "Fit-in",
        "opening_hours": "Mo-Fr 06:00-23:00; Sa,Su 08:00-22:00; PH 08:00-20:00",
        "website": "http://www.fit-in.de/?page_id=51#address2",
        "wheelchair": "limited",
        "wheelchair:description": "Zugang rollstuhlgerecht (Aufzug), kein Rollstuhl-WC vorhanden."
      },
      "geometry": {
        "type": "Point",
        "coordinates": [
          8.4006878,
          49.0098765
        ]
      },
      "id": "node/1305923030"
    },
    {
      "type": "Feature",
      "properties": {
        "@id": "way/1332439413",
        "addr:city": "Stuttgart",
        "addr:country": "DE",
        "addr:housenumber": "41",
        "addr:postcode": "70195",
        "addr:street": "Beethovenstraße",
        "addr:suburb": "Botnan",
        "leisure": "sports_centre",
        "name": "Tennisschule Stuttgart Botnang",
        "sport": "tennis",
        "website": "https://www.tennisschule-stuttgart-botnang.de",
        "@geometry": "center"
      },
      "geometry": {
        "type": "Point",
        "coordinates": [
          9.1341755,
          48.775267
        ]
      },
      "id": "way/1332439413"
    },
    {
      "type": "Feature",
      "properties": {
        "@id": "way/1341320252",
        "leisure": "sports_centre",
        "@geometry": "center"
      },
      "geometry": {
        "type": "Point",
        "coordinates": [
          9.2237494,
          48.7375197
        ]
      },
      "id": "way/1341320252"
    },
    {
      "type": "Feature",
      "properties": {
        "@id": "way/1341322577",
        "leisure": "sports_centre",
        "@geometry": "center"
      },
      "geometry": {
        "type": "Point",
        "coordinates": [
          9.2231374,
          48.7363914
        ]
      },
      "id": "way/1341322577"
    },
    {
      "type": "Feature",
      "properties": {
        "@id": "way/1352759563",
        "leisure": "sports_centre",
        "sport": "multi",
        "@geometry": "center"
      },
      "geometry": {
        "type": "Point",
        "coordinates": [
          8.3713688,
          49.0325911
        ]
      },
      "id": "way/1352759563"
    },
    {
      "type": "Feature",
      "properties": {
        "@id": "way/1366343485",
        "leisure": "sports_centre",
        "name": "Modellflugplatz Ostfildern",
        "name:en": "RC-Plane Field",
        "sport": "model_aerodrome",
        "@geometry": "center"
      },
      "geometry": {
        "type": "Point",
        "coordinates": [
          9.2777379,
          48.7213878
        ]
      },
      "id": "way/1366343485"
    },
    {
      "type": "Feature",
      "properties": {
        "@id": "way/1387622950",
        "leisure": "sports_centre",
        "name": "Bezirkssportanlage Seckenheim",
        "@geometry": "center"
      },
      "geometry": {
        "type": "Point",
        "coordinates": [
          8.5528711,
          49.4731972
        ]
      },
      "id": "way/1387622950"
    },
    {
      "type": "Feature",
      "properties": {
        "@id": "way/1388797518",
        "addr:city": "Stuttgart",
        "addr:housenumber": "51",
        "addr:postcode": "70376",
        "addr:street": "Emil-Kiemlen-Weg",
        "club": "sport",
        "email": "info@tbcannstatt.de",
        "leisure": "sports_centre",
        "name": "Turnerbund Bad Cannstatt e.V.",
        "opening_hours": "siehe https://tbcannstatt.de/start/",
        "operator": "Turnerbund BNad Cannstatt e.V.",
        "phone": "+49 711 5490178",
        "sport": "multi",
        "website": "https://tbcannstatt.de/start/",
        "@geometry": "center"
      },
      "geometry": {
        "type": "Point",
        "coordinates": [
          9.2019016,
          48.8152929
        ]
      },
      "id": "way/1388797518"
    },
    {
      "type": "Feature",
      "properties": {
        "@id": "way/1416191211",
        "contact:email": "info@bfs-karlsruhe.de",
        "contact:phone": "+49 7232 8618",
        "contact:website": "https://www.bfs-karlsruhe.de/",
        "leisure": "sports_centre",
        "name": "BFS Karlsruhe",
        "official_name": "Behinderten- und Freizeitsport BFS Karlsruhe e.V.",
        "sport": "multi",
        "@geometry": "center"
      },
      "geometry": {
        "type": "Point",
        "coordinates": [
          8.4046382,
          48.9885243
        ]
      },
      "id": "way/1416191211"
    },
    {
      "type": "Feature",
      "properties": {
        "@id": "way/1431816898",
        "contact:phone": "+49 721 881715",
        "contact:website": "https://www.sg-rueppurr.de/",
        "leisure": "sports_centre",
        "name": "SG Rüppurr",
        "sport": "multi",
        "@geometry": "center"
      },
      "geometry": {
        "type": "Point",
        "coordinates": [
          8.4071392,
          48.9818681
        ]
      },
      "id": "way/1431816898"
    },
    {
      "type": "Feature",
      "properties": {
        "@id": "way/1435071878",
        "addr:city": "Karlsruhe",
        "addr:housenumber": "32",
        "addr:postcode": "76131",
        "addr:street": "Adenauerring",
        "contact:website": "https://www.sg-karlsruhe.de/",
        "leisure": "sports_centre",
        "name": "Schützengesellschaft Karlsruhe 1721",
        "operator": "Schützengesellschaft Karlsruhe 1721 e.V.",
        "sport": "shooting",
        "@geometry": "center"
      },
      "geometry": {
        "type": "Point",
        "coordinates": [
          8.3977348,
          49.0256771
        ]
      },
      "id": "way/1435071878"
    },
    {
      "type": "Feature",
      "properties": {
        "@id": "way/1449451854",
        "addr:city": "Karlsruhe",
        "addr:country": "DE",
        "addr:housenumber": "30",
        "addr:postcode": "76131",
        "addr:street": "Adenauerring",
        "leisure": "sports_centre",
        "name": "Verein für deutsche Schäferhunde - OG Karlsruhe 02",
        "sport": "dog",
        "website": "https://sv-og-karlsruhe-02.de/",
        "@geometry": "center"
      },
      "geometry": {
        "type": "Point",
        "coordinates": [
          8.398395,
          49.0248458
        ]
      },
      "id": "way/1449451854"
    },
    {
      "type": "Feature",
      "properties": {
        "@id": "way/1451403512",
        "addr:city": "Ostfildern",
        "addr:housenumber": "44",
        "addr:postcode": "73760",
        "addr:street": "Justinus-Kerner-Weg",
        "building": "sports_hall",
        "building:colour": "#f7f7f7",
        "building:levels": "1",
        "building:material": "plaster",
        "height": "4.5 m",
        "name": "Sporthalle Ruit",
        "operator": "Stadt Ostfildern",
        "operator:type": "public",
        "roof:colour": "#808080",
        "roof:shape": "flat",
        "sport": "multi",
        "wheelchair": "limited",
        "wheelchair:description": "kein WC für Rollstuhlfahrer",
        "@geometry": "center"
      },
      "geometry": {
        "type": "Point",
        "coordinates": [
          9.2546589,
          48.7265137
        ]
      },
      "id": "way/1451403512"
    },
    {
      "type": "Feature",
      "properties": {
        "@id": "way/1456980618",
        "addr:city": "Mannheim",
        "addr:country": "DE",
        "addr:housenumber": "23",
        "addr:postcode": "68163",
        "addr:street": "Hermsheimer Straße",
        "leisure": "sports_centre",
        "name": "SpVgg 07 Mannheim",
        "sport": "soccer",
        "website": "https://www.spvgg07mannheim.de/",
        "@geometry": "center"
      },
      "geometry": {
        "type": "Point",
        "coordinates": [
          8.5028993,
          49.4714971
        ]
      },
      "id": "way/1456980618"
    },
    {
      "type": "Feature",
      "properties": {
        "@id": "way/1458155606",
        "leisure": "sports_centre",
        "name": "TC Rot-Weiß Waldpark",
        "operator": "Tennisclub Rot-Weiß Waldpark Mannheim e.V.",
        "sport": "tennis",
        "website": "https://tcrww.club/",
        "@geometry": "center"
      },
      "geometry": {
        "type": "Point",
        "coordinates": [
          8.4694518,
          49.4461101
        ]
      },
      "id": "way/1458155606"
    },
    {
      "type": "Feature",
      "properties": {
        "@id": "way/1480586423",
        "leisure": "sports_centre",
        "@geometry": "center"
      },
      "geometry": {
        "type": "Point",
        "coordinates": [
          8.4794187,
          49.446006
        ]
      },
      "id": "way/1480586423"
    },
    {
      "type": "Feature",
      "properties": {
        "@id": "way/1480692317",
        "leisure": "sports_centre",
        "name": "Tennisanlage im Schlossgarten",
        "@geometry": "center"
      },
      "geometry": {
        "type": "Point",
        "coordinates": [
          8.464678,
          49.4793468
        ]
      },
      "id": "way/1480692317"
    },
    {
      "type": "Feature",
      "properties": {
        "@id": "way/1481541929",
        "leisure": "sports_centre",
        "name": "TC Bernhausen e.V.",
        "sport": "tennis",
        "@geometry": "center"
      },
      "geometry": {
        "type": "Point",
        "coordinates": [
          9.208732,
          48.6707679
        ]
      },
      "id": "way/1481541929"
    },
    {
      "type": "Feature",
      "properties": {
        "@id": "way/1481541959",
        "barrier": "fence",
        "leisure": "sports_centre",
        "sport": "tennis",
        "@geometry": "center"
      },
      "geometry": {
        "type": "Point",
        "coordinates": [
          9.2105487,
          48.6717192
        ]
      },
      "id": "way/1481541959"
    },
    {
      "type": "Feature",
      "properties": {
        "@id": "way/1484736032",
        "addr:city": "Karlsruhe",
        "addr:country": "DE",
        "addr:housenumber": "1",
        "addr:postcode": "76189",
        "addr:street": "Joachim-Kurzaj-Weg",
        "contact:email": "info@tc-heidenstuecker.de",
        "contact:website": "https://tc-heidenstuecker.de/",
        "leisure": "sports_centre",
        "name": "TC Heidenstücker e.V.",
        "sport": "tennis",
        "@geometry": "center"
      },
      "geometry": {
        "type": "Point",
        "coordinates": [
          8.3598782,
          48.9942617
        ]
      },
      "id": "way/1484736032"
    },
    {
      "type": "Feature",
      "properties": {
        "@id": "way/1484744549",
        "addr:city": "Karlsruhe",
        "addr:country": "DE",
        "addr:housenumber": "5",
        "addr:postcode": "76189",
        "addr:street": "Joachim-Kurzaj-Weg",
        "contact:email": "info@karlsruher-fv.de",
        "contact:mobile": "+49 178 5236456",
        "contact:website": "https://karlsruher-fv.de/",
        "leisure": "sports_centre",
        "name": "Karlsruher FV",
        "official_name": "Karlsruher Fußball Verein e. V.",
        "@geometry": "center"
      },
      "geometry": {
        "type": "Point",
        "coordinates": [
          8.3612886,
          48.9944924
        ]
      },
      "id": "way/1484744549"
    },
    {
      "type": "Feature",
      "properties": {
        "@id": "node/1512905732",
        "check_date": "2023-12-16",
        "leisure": "fitness_centre",
        "name": "Johnny M"
      },
      "geometry": {
        "type": "Point",
        "coordinates": [
          9.1739742,
          48.8151051
        ]
      },
      "id": "node/1512905732"
    },
    {
      "type": "Feature",
      "properties": {
        "@id": "node/1546009525",
        "leisure": "sports_centre",
        "name": "Budokan Karate",
        "phone": "+49 1511 2744896",
        "sport": "Karate",
        "website": "https://www.budokan-mannheim.de/"
      },
      "geometry": {
        "type": "Point",
        "coordinates": [
          8.4591372,
          49.4892125
        ]
      },
      "id": "node/1546009525"
    },
    {
      "type": "Feature",
      "properties": {
        "@id": "node/1566905831",
        "brand": "Bodystreet",
        "brand:wikidata": "Q117880186",
        "check_date": "2023-09-19",
        "leisure": "fitness_centre",
        "name": "Bodystreet",
        "old_name": "Günzel Pelzmoden",
        "opening_hours": "Mo-Fr 08:00-20:00, Sa 10:00-16:00",
        "website": "https://www.bodystreet.com/de/standorte/deutschland/bodystreet-mannheim-wasserturm/"
      },
      "geometry": {
        "type": "Point",
        "coordinates": [
          8.4739715,
          49.4832956
        ]
      },
      "id": "node/1566905831"
    },
    {
      "type": "Feature",
      "properties": {
        "@id": "node/1566905838",
        "leisure": "fitness_centre",
        "name": "Backfit EMS",
        "opening_hours": "Mo,Fr 08:00-16:00, Tu,Th 12:00-20:00, We 10:00-18:00; Sa,Su,PH off",
        "phone": "+49 621 43726684",
        "website": "https://www.backfit-ems.de/"
      },
      "geometry": {
        "type": "Point",
        "coordinates": [
          8.4739254,
          49.483246
        ]
      },
      "id": "node/1566905838"
    },
    {
      "type": "Feature",
      "properties": {
        "@id": "node/1607853403",
        "leisure": "sports_centre",
        "name": "Ki und Aikido Dojo Mannheim"
      },
      "geometry": {
        "type": "Point",
        "coordinates": [
          8.4760327,
          49.4975497
        ]
      },
      "id": "node/1607853403"
    },
    {
      "type": "Feature",
      "properties": {
        "@id": "node/1619068013",
        "leisure": "sports_centre",
        "name": "Turnhalle Lindenschule",
        "wheelchair": "no"
      },
      "geometry": {
        "type": "Point",
        "coordinates": [
          9.2719199,
          48.7276489
        ]
      },
      "id": "node/1619068013"
    },
    {
      "type": "Feature",
      "properties": {
        "@id": "node/1621222762",
        "leisure": "sports_centre",
        "name": "Qi Gong Institut"
      },
      "geometry": {
        "type": "Point",
        "coordinates": [
          8.48164,
          49.4771498
        ]
      },
      "id": "node/1621222762"
    },
    {
      "type": "Feature",
      "properties": {
        "@id": "node/1631644425",
        "email": "info@mannheimer-billardcafe.com",
        "leisure": "sports_centre",
        "name": "Mannheimer Billardcafe",
        "opening_hours": "Su-Th 16:00-01:00, Fr,Sa 16:00-03:00",
        "phone": "+49 621 40170823",
        "sport": "billiards",
        "website": "http://www.mannheimer-billardcafe.com/",
        "wheelchair": "no"
      },
      "geometry": {
        "type": "Point",
        "coordinates": [
          8.4729187,
          49.4822743
        ]
      },
      "id": "node/1631644425"
    },
    {
      "type": "Feature",
      "properties": {
        "@id": "node/1632759599",
        "leisure": "sports_centre",
        "name": "Moksha Yoga Center",
        "sport": "yoga",
        "website": "https://www.mokshayogastudio.de/"
      },
      "geometry": {
        "type": "Point",
        "coordinates": [
          8.4742593,
          49.4865712
        ]
      },
      "id": "node/1632759599"
    },
    {
      "type": "Feature",
      "properties": {
        "@id": "node/1637566058",
        "leisure": "sports_centre",
        "name": "Sporthalle Grundschule Bulach",
        "sport": "multi"
      },
      "geometry": {
        "type": "Point",
        "coordinates": [
          8.379434,
          48.9887664
        ]
      },
      "id": "node/1637566058"
    },
    {
      "type": "Feature",
      "properties": {
        "@id": "node/1638000087",
        "access": "private",
        "leisure": "sports_centre",
        "name": "Halle 1",
        "sport": "multi",
        "wheelchair": "yes"
      },
      "geometry": {
        "type": "Point",
        "coordinates": [
          8.4163651,
          49.0160882
        ]
      },
      "id": "node/1638000087"
    },
    {
      "type": "Feature",
      "properties": {
        "@id": "node/1643932796",
        "addr:city": "Mannheim",
        "addr:housenumber": "2",
        "addr:place": "E1",
        "addr:postcode": "68159",
        "leisure": "fitness_centre",
        "name": "Fit Base Mannheim City E1",
        "opening_hours": "Mo-Fr 06:00-23:00; Sa, Su 08:00-22:00",
        "phone": "+49 621 1782790",
        "sport": "fitness",
        "website": "https://fitbase.fitness/locations/mannheim-city-e1/",
        "wheelchair": "yes"
      },
      "geometry": {
        "type": "Point",
        "coordinates": [
          8.4662477,
          49.4881794
        ]
      },
      "id": "node/1643932796"
    },
    {
      "type": "Feature",
      "properties": {
        "@id": "node/1725447951",
        "leisure": "sports_centre",
        "name": "ReHa Med",
        "wheelchair": "yes"
      },
      "geometry": {
        "type": "Point",
        "coordinates": [
          9.1641912,
          48.8103132
        ]
      },
      "id": "node/1725447951"
    },
    {
      "type": "Feature",
      "properties": {
        "@id": "node/1732653930",
        "leisure": "sports_centre",
        "name": "Power Planet Mannheim",
        "sport": "fitness",
        "website": "https://www.powerplanet-mannheim.de/"
      },
      "geometry": {
        "type": "Point",
        "coordinates": [
          8.505553,
          49.4474897
        ]
      },
      "id": "node/1732653930"
    },
    {
      "type": "Feature",
      "properties": {
        "@id": "node/1736051918",
        "leisure": "sports_centre",
        "name": "KSV 1884 Mannheim e.V.",
        "sport": "Boxen, Gewichtheben, Fitness",
        "website": "https://www.ksv1884mannheim.de/"
      },
      "geometry": {
        "type": "Point",
        "coordinates": [
          8.4996382,
          49.4784035
        ]
      },
      "id": "node/1736051918"
    },
    {
      "type": "Feature",
      "properties": {
        "@id": "node/1739991802",
        "leisure": "sports_centre",
        "name": "BewegungsLOUNGE – Gyrotonic®",
        "website": "http://www.bewegungs-lounge.com/"
      },
      "geometry": {
        "type": "Point",
        "coordinates": [
          8.498399,
          49.4886899
        ]
      },
      "id": "node/1739991802"
    },
    {
      "type": "Feature",
      "properties": {
        "@id": "node/1793332438",
        "addr:city": "Stuttgart",
        "addr:country": "DE",
        "addr:housenumber": "13",
        "addr:postcode": "70190",
        "addr:street": "Hackstraße",
        "designation": "Private Kampfsportschule",
        "leisure": "sports_centre",
        "name": "Budo-Sportschule Stuttgart e.V.",
        "source": "http://www.budo-sportschule.de/"
      },
      "geometry": {
        "type": "Point",
        "coordinates": [
          9.1998546,
          48.7894093
        ]
      },
      "id": "node/1793332438"
    },
    {
      "type": "Feature",
      "properties": {
        "@id": "node/1795367375",
        "leisure": "sports_centre",
        "name": "Mannerz Sport",
        "sport": "Kickboxen",
        "website": "http://www.mannerz-sport.de/"
      },
      "geometry": {
        "type": "Point",
        "coordinates": [
          8.4479339,
          49.4762392
        ]
      },
      "id": "node/1795367375"
    },
    {
      "type": "Feature",
      "properties": {
        "@id": "node/1817495990",
        "check_date:opening_hours": "2025-08-10",
        "contact:website": "https://www.fitplus-club.de",
        "leisure": "fitness_centre",
        "name": "Fit+",
        "opening_hours": "Mo-Su 06:00-23:00",
        "sport": "fitness",
        "wheelchair": "yes"
      },
      "geometry": {
        "type": "Point",
        "coordinates": [
          9.2325393,
          48.7460418
        ]
      },
      "id": "node/1817495990"
    },
    {
      "type": "Feature",
      "properties": {
        "@id": "node/1836365220",
        "addr:city": "Ludwigshafen am Rhein",
        "addr:country": "DE",
        "addr:housenumber": "101",
        "addr:postcode": "67061",
        "addr:street": "Mundenheimer Straße",
        "leisure": "sports_centre",
        "name": "SV Südwest Ludwigshafen - Hauptverein",
        "sport": "soccer"
      },
      "geometry": {
        "type": "Point",
        "coordinates": [
          8.4377182,
          49.4651483
        ]
      },
      "id": "node/1836365220"
    },
    {
      "type": "Feature",
      "properties": {
        "@id": "node/1836366039",
        "addr:city": "Ludwigshafen am Rhein",
        "addr:country": "DE",
        "addr:street": "Erich-Reimann-Straße",
        "leisure": "sports_centre",
        "name": "SV Südwest Ludwigshafen - Jugendfußball",
        "sport": "soccer"
      },
      "geometry": {
        "type": "Point",
        "coordinates": [
          8.4383057,
          49.4670034
        ]
      },
      "id": "node/1836366039"
    },
    {
      "type": "Feature",
      "properties": {
        "@id": "node/1836685803",
        "leisure": "sports_centre",
        "name": "TSG Stuttgart e. V.",
        "sport": "aikido"
      },
      "geometry": {
        "type": "Point",
        "coordinates": [
          9.1891315,
          48.7520892
        ]
      },
      "id": "node/1836685803"
    },
    {
      "type": "Feature",
      "properties": {
        "@id": "node/1867743554",
        "contact:email": "info@tanzwerk.eu",
        "contact:mobile": "+49 173 5307340",
        "contact:website": "https://tanzwerk.eu",
        "leisure": "sports_centre",
        "name": "Tanzwerk Ladenburg",
        "operator": "Simone Elsner"
      },
      "geometry": {
        "type": "Point",
        "coordinates": [
          8.5969085,
          49.4762858
        ]
      },
      "id": "node/1867743554"
    },
    {
      "type": "Feature",
      "properties": {
        "@id": "node/1924864493",
        "fax": "+49 621 437283-53",
        "leisure": "sports_centre",
        "name": "YogaRaum",
        "phone": "+49 621 43728352",
        "sport": "yoga",
        "website": "https://yogaraum-mannheim.de/"
      },
      "geometry": {
        "type": "Point",
        "coordinates": [
          8.5494149,
          49.4665448
        ]
      },
      "id": "node/1924864493"
    },
    {
      "type": "Feature",
      "properties": {
        "@id": "node/1963465094",
        "addr:city": "Mannheim",
        "addr:housenumber": "77",
        "addr:postcode": "68163",
        "addr:street": "John-Deere-Straße",
        "check_date:opening_hours": "2025-04-27",
        "leisure": "fitness_centre",
        "name": "VeniceBeach Mannheim Glückstein",
        "opening_hours": "Mo-Fr 07:00-23:00; Sa,Su 09:00-20:00",
        "phone": "+49 621 8281422",
        "sport": "fitness",
        "website": "https://www.venicebeach-fitness.de/clubs/venicebeach/mannheim-glueckstein.html"
      },
      "geometry": {
        "type": "Point",
        "coordinates": [
          8.4776325,
          49.4731651
        ]
      },
      "id": "node/1963465094"
    },
    {
      "type": "Feature",
      "properties": {
        "@id": "node/2016366737",
        "leisure": "sports_centre",
        "name": "Panoramabad Asemwald",
        "opening_hours": "Tu 12:00-18:00; We 18:00-22:00; Th 07:00-13:00; Fr 07:00-13:00, 18:00-22:00; Su 08:00-13:00, 18:00-22:00",
        "phone": "+49 711 724293",
        "sport": "swimming",
        "toilets:wheelchair": "no",
        "website": "https://asemwald.de/informationen/",
        "wheelchair": "no"
      },
      "geometry": {
        "type": "Point",
        "coordinates": [
          9.1934553,
          48.7252538
        ]
      },
      "id": "node/2016366737"
    },
    {
      "type": "Feature",
      "properties": {
        "@id": "node/2147671203",
        "addr:city": "Karlsruhe",
        "addr:country": "DE",
        "addr:housenumber": "67",
        "addr:postcode": "76137",
        "addr:street": "Karlstraße",
        "contact:website": "https://snap-fit.de/",
        "leisure": "sports_centre",
        "name": "Snap-Fit",
        "opening_hours": "Mo,We,Th 09:00-23:00; Tu,Fr 06:00-23:00; Sa,Su 09:00-20:00; PH 10:00-18:00",
        "sport": "gymnastics"
      },
      "geometry": {
        "type": "Point",
        "coordinates": [
          8.3946206,
          49.0014669
        ]
      },
      "id": "node/2147671203"
    },
    {
      "type": "Feature",
      "properties": {
        "@id": "node/2165966560",
        "leisure": "fitness_centre",
        "name": "VAYOGA Yoga & Pilates Studio",
        "opening_hours": "\"Wir öffnen immer 15 Minuten vor Kursbeginn\"",
        "sport": "yoga"
      },
      "geometry": {
        "type": "Point",
        "coordinates": [
          8.4705429,
          49.4701152
        ]
      },
      "id": "node/2165966560"
    },
    {
      "type": "Feature",
      "properties": {
        "@id": "node/2181274498",
        "addr:city": "Stuttgart",
        "addr:country": "DE",
        "addr:housenumber": "20",
        "addr:postcode": "70173",
        "addr:street": "Heilbronner Straße",
        "check_date": "2022-01",
        "leisure": "sports_centre",
        "old_name": "Fitness Company",
        "shop": "vacant"
      },
      "geometry": {
        "type": "Point",
        "coordinates": [
          9.1808889,
          48.7873243
        ]
      },
      "id": "node/2181274498"
    },
    {
      "type": "Feature",
      "properties": {
        "@id": "node/2203731082",
        "leisure": "sports_centre",
        "name": "TSG Seckenheim e.V.",
        "wheelchair": "limited"
      },
      "geometry": {
        "type": "Point",
        "coordinates": [
          8.5666075,
          49.4649902
        ]
      },
      "id": "node/2203731082"
    },
    {
      "type": "Feature",
      "properties": {
        "@id": "node/2282127869",
        "check_date:opening_hours": "2026-03-29",
        "email": "mannheim-gontardplatz@bodystreet.com",
        "leisure": "sports_centre",
        "name": "Body street",
        "opening_hours": "Mo-Fr 10:00-19:00, Sa 10:00-16:00",
        "opening_hours:signed": "no",
        "phone": "+49 621 43760061",
        "sport": "gymnastics",
        "website": "https://www.bodystreet.com/standorte/mannheim-gontardplatz.html",
        "wheelchair": "limited"
      },
      "geometry": {
        "type": "Point",
        "coordinates": [
          8.4677546,
          49.4761308
        ]
      },
      "id": "node/2282127869"
    },
    {
      "type": "Feature",
      "properties": {
        "@id": "node/2311562112",
        "access": "private",
        "check_date": "2023-08-10",
        "leisure": "fitness_centre",
        "name": "Walk-In",
        "opening_hours": "Mo-Fr 07:00-22:30; Sa 09:00-18:00; Su 12:00-16:00; PH off",
        "operator": "Karlsruher Institut für Technologie",
        "website": "https://www.sport.kit.edu/walk-in/"
      },
      "geometry": {
        "type": "Point",
        "coordinates": [
          8.4152052,
          49.0158532
        ]
      },
      "id": "node/2311562112"
    },
    {
      "type": "Feature",
      "properties": {
        "@id": "node/2327342620",
        "email": "info@yoga-institut-mannheim.de",
        "leisure": "sports_centre",
        "name": "Yoga Institut Mannheim",
        "phone": "+49 621 853655",
        "sport": "yoga",
        "website": "https://www.yoga-institut-mannheim.de/",
        "wheelchair": "yes"
      },
      "geometry": {
        "type": "Point",
        "coordinates": [
          8.5357429,
          49.4863349
        ]
      },
      "id": "node/2327342620"
    },
    {
      "type": "Feature",
      "properties": {
        "@id": "node/2371534058",
        "leisure": "sports_centre",
        "name": "Gymnastikstudio",
        "phone": "+49 621 858611",
        "sport": "gymnastics",
        "website": "http://www.gymnastikstudio.de/",
        "wheelchair": "no"
      },
      "geometry": {
        "type": "Point",
        "coordinates": [
          8.4942955,
          49.453479
        ]
      },
      "id": "node/2371534058"
    },
    {
      "type": "Feature",
      "properties": {
        "@id": "node/2534717126",
        "leisure": "sports_centre",
        "name": "ABC Ludwigshafen (Kraftraum)",
        "sport": "soccer"
      },
      "geometry": {
        "type": "Point",
        "coordinates": [
          8.438419,
          49.4670572
        ]
      },
      "id": "node/2534717126"
    },
    {
      "type": "Feature",
      "properties": {
        "@id": "node/2537571094",
        "brand": "Kieser Training",
        "brand:wikidata": "Q1112367",
        "brand:wikipedia": "de:Kieser Training",
        "fax": "+49 621 1567802",
        "image": "https://commons.wikimedia.org/wiki/File:Kieser_Training_Mannhein_E2.jpg",
        "last_check": "2018-4",
        "leisure": "fitness_centre",
        "name": "Kieser Training",
        "opening_hours": "Mo-Fr 07:30-21:00; Sa,Su 09:00-16:00",
        "operator": "Kieser Training",
        "phone": "+49 621 1567800",
        "sport": "fitness",
        "website": "https://www.kieser-training.de/standorte/detail/kieser-training-mannheim/",
        "wheelchair": "limited",
        "wheelchair:description": "zweiter Stocj nur über Treppe"
      },
      "geometry": {
        "type": "Point",
        "coordinates": [
          8.4652422,
          49.4888924
        ]
      },
      "id": "node/2537571094"
    },
    {
      "type": "Feature",
      "properties": {
        "@id": "node/2578360871",
        "alt_name": "crossfit",
        "check_date": "2024-03-05",
        "leisure": "fitness_centre",
        "name": "Basis Karlsruhe",
        "opening_hours:signed": "no",
        "start_date": "2013-11",
        "website": "https://basis-karlsruhe.de/"
      },
      "geometry": {
        "type": "Point",
        "coordinates": [
          8.4052159,
          48.9956075
        ]
      },
      "id": "node/2578360871"
    },
    {
      "type": "Feature",
      "properties": {
        "@id": "node/2670646323",
        "addr:city": "Karlsruhe",
        "addr:country": "DE",
        "addr:housenumber": "32",
        "addr:street": "An der RaumFabrik",
        "lastcheck": "2016-02-29",
        "leisure": "sports_centre",
        "name": "Fit-in",
        "opening_hours": "Mo-Fr 09:00-23:00; Tu,Th 07:00-23:00; Sa,Su 09:00-20:00"
      },
      "geometry": {
        "type": "Point",
        "coordinates": [
          8.4642447,
          48.997585
        ]
      },
      "id": "node/2670646323"
    },
    {
      "type": "Feature",
      "properties": {
        "@id": "node/2716767471",
        "email": "joachim@thaiboxen-mannheim.de",
        "leisure": "sports_centre",
        "name": "Martial Arts Academy Mannheim",
        "phone": "+49 176 63866046",
        "sport": "thai_boxing",
        "website": "https://www.thaiboxen-mannheim.de/"
      },
      "geometry": {
        "type": "Point",
        "coordinates": [
          8.457905,
          49.4948645
        ]
      },
      "id": "node/2716767471"
    },
    {
      "type": "Feature",
      "properties": {
        "@id": "node/2735766839",
        "addr:city": "Mannheim",
        "addr:housenumber": "2",
        "addr:postcode": "68259",
        "addr:street": "Mosbacher Straße",
        "leisure": "sports_centre",
        "name": "Rolling Fun",
        "sport": "fitness"
      },
      "geometry": {
        "type": "Point",
        "coordinates": [
          8.5525442,
          49.4960436
        ]
      },
      "id": "node/2735766839"
    },
    {
      "type": "Feature",
      "properties": {
        "@id": "node/2771007377",
        "layer": "1",
        "leisure": "sports_centre",
        "name": "Vitalis"
      },
      "geometry": {
        "type": "Point",
        "coordinates": [
          9.2714017,
          48.7212649
        ]
      },
      "id": "node/2771007377"
    },
    {
      "type": "Feature",
      "properties": {
        "@id": "node/2778350270",
        "leisure": "sports_centre",
        "name": "Olympiastützpunkt Rhein-Neckar"
      },
      "geometry": {
        "type": "Point",
        "coordinates": [
          8.50978,
          49.48777
        ]
      },
      "id": "node/2778350270"
    },
    {
      "type": "Feature",
      "properties": {
        "@id": "node/2778867773",
        "addr:city": "Mannheim",
        "addr:housenumber": "36",
        "addr:postcode": "68309",
        "addr:street": "Bad Kreuznacher Straße",
        "leisure": "sports_centre",
        "name": "Einhundert Prozent Fitness Mannheim",
        "sport": "crossfit;weightlifting",
        "website": "https://www.100prozent-fitness.de/"
      },
      "geometry": {
        "type": "Point",
        "coordinates": [
          8.5249082,
          49.5067631
        ]
      },
      "id": "node/2778867773"
    },
    {
      "type": "Feature",
      "properties": {
        "@id": "node/2778867788",
        "leisure": "sports_centre",
        "name": "Çalhanoğlu Fussballzentrum",
        "phone": "+49 621 76225910",
        "sport": "soccer",
        "website": "http://www.soccerhalle-mannheim.de/",
        "wheelchair": "yes"
      },
      "geometry": {
        "type": "Point",
        "coordinates": [
          8.5245843,
          49.5055042
        ]
      },
      "id": "node/2778867788"
    },
    {
      "type": "Feature",
      "properties": {
        "@id": "node/2780946642",
        "addr:city": "Mannheim",
        "addr:housenumber": "13",
        "addr:postcode": "68309",
        "addr:street": "Trierer Straße",
        "contact:phone": "+49 621 7245686",
        "contact:website": "http://www.american-fitness-center.de/m1_start,159.html",
        "leisure": "fitness_centre",
        "name": "American Fitness Club GmbH",
        "opening_hours": "Mo-Fr 08:00-22:00; Sa,Su 09:00-18:00; PH 09:00-18:00",
        "sport": "fitness"
      },
      "geometry": {
        "type": "Point",
        "coordinates": [
          8.520412,
          49.5067695
        ]
      },
      "id": "node/2780946642"
    },
    {
      "type": "Feature",
      "properties": {
        "@id": "node/2780946680",
        "addr:city": "Mannheim",
        "addr:country": "DE",
        "addr:housenumber": "62b",
        "addr:postcode": "68309",
        "addr:street": "Weinheimer Straße",
        "branch": "Mannheim Käfertal",
        "brand": "McFit",
        "brand:wikidata": "Q871302",
        "brand:wikipedia": "en:McFit",
        "leisure": "fitness_centre",
        "name": "McFit",
        "opening_hours": "24/7",
        "operator": "McFIT",
        "phone": "+49 621 7248000",
        "sport": "fitness",
        "website": "https://www.mcfit.com/de/studiodetail/info/mannheim-kaefertal.html"
      },
      "geometry": {
        "type": "Point",
        "coordinates": [
          8.5226446,
          49.5077011
        ]
      },
      "id": "node/2780946680"
    },
    {
      "type": "Feature",
      "properties": {
        "@id": "node/2788564448",
        "email": "info@prsentissimo.de",
        "leisure": "sports_centre",
        "name": "TSV Mannheim-Neckarau",
        "phone": "+49 621 851864",
        "sport": "multi",
        "website": "www.prsentissimo.de"
      },
      "geometry": {
        "type": "Point",
        "coordinates": [
          8.4713555,
          49.447113
        ]
      },
      "id": "node/2788564448"
    },
    {
      "type": "Feature",
      "properties": {
        "@id": "node/2794121258",
        "email": "effet@billard-mannheim.de",
        "leisure": "sports_centre",
        "name": "Billard-Sport-Centrum Effet",
        "opening_hours": "Mo 19:00-24:00, Tu-Th 16:00-24:00, Fr,Sa 16:00-01:00, Su 16:00-23:00",
        "phone": "+49 621 303662",
        "sells:alcohol": "yes",
        "sport": "billiards",
        "website": "https://www.billard-mannheim.de/"
      },
      "geometry": {
        "type": "Point",
        "coordinates": [
          8.4987114,
          49.5065585
        ]
      },
      "id": "node/2794121258"
    },
    {
      "type": "Feature",
      "properties": {
        "@id": "node/2797998027",
        "addr:city": "Mannheim",
        "addr:country": "DE",
        "addr:housenumber": "189",
        "addr:postcode": "68167",
        "addr:street": "Käfertaler Straße",
        "email": "fit-fabrik@t-online.de",
        "fax": "+49 621 3709889",
        "leisure": "sports_centre",
        "name": "Fit-Fabrik Mannheim",
        "phone": "+49 621 3709888",
        "sport": "fitness",
        "website": "http://www.fit-fabrik.de/"
      },
      "geometry": {
        "type": "Point",
        "coordinates": [
          8.492222,
          49.4976756
        ]
      },
      "id": "node/2797998027"
    },
    {
      "type": "Feature",
      "properties": {
        "@id": "node/2802948042",
        "email": "info@tao-zentrum.de",
        "leisure": "sports_centre",
        "name": "Tao-Zentrum",
        "phone": "+49 621 36931",
        "sport": "tao",
        "website": "https://taolife.de/"
      },
      "geometry": {
        "type": "Point",
        "coordinates": [
          8.4890102,
          49.4949872
        ]
      },
      "id": "node/2802948042"
    },
    {
      "type": "Feature",
      "properties": {
        "@id": "node/2802948044",
        "leisure": "sports_centre",
        "name": "Wing Chun Akademie Mannheim",
        "phone": "+49 1577 1459565",
        "sport": "Wing Chun",
        "website": "https://wingchun-mannheim.de/"
      },
      "geometry": {
        "type": "Point",
        "coordinates": [
          8.4887213,
          49.4950197
        ]
      },
      "id": "node/2802948044"
    },
    {
      "type": "Feature",
      "properties": {
        "@id": "node/2810443107",
        "email": "info@jbo-personaltraining.de",
        "last_check": "2018-05",
        "leisure": "sports_centre",
        "name": "JBO Personal Training - Jürgen Bock",
        "old_name": "Studio Sonnenhaus",
        "phone": "+49 171 5330203",
        "sport": "fitness",
        "website": "https://www.jbo-personaltraining.de/",
        "wheelchair": "no"
      },
      "geometry": {
        "type": "Point",
        "coordinates": [
          8.488684,
          49.4556223
        ]
      },
      "id": "node/2810443107"
    },
    {
      "type": "Feature",
      "properties": {
        "@id": "node/2828997348",
        "addr:city": "Karlsruhe",
        "addr:country": "DE",
        "addr:housenumber": "23",
        "addr:postcode": "76133",
        "addr:street": "Steinstraße",
        "check_date": "2024-01-30",
        "indoor": "room",
        "leisure": "sports_centre",
        "name": "Bogenraum",
        "room": "conference",
        "sport": "gymnastics",
        "website": "https://www.bogenraum.de/"
      },
      "geometry": {
        "type": "Point",
        "coordinates": [
          8.4071024,
          49.0068415
        ]
      },
      "id": "node/2828997348"
    },
    {
      "type": "Feature",
      "properties": {
        "@id": "node/2868007955",
        "leisure": "sports_centre",
        "name": "Rhein-Neckar Fussballcenter",
        "source": "Amtsblatt Mannheim Nr. 41/ WMS: http://warper.geothings.net/maps/wms/789?request=GetMap&version=1.1.1&styles=&format=image/png&srs=epsg:4326&exceptions=application/vnd.ogc.se_inimage",
        "website": "https://www.rhein-neckar-fussballcenter.de/"
      },
      "geometry": {
        "type": "Point",
        "coordinates": [
          8.4998456,
          49.4783973
        ]
      },
      "id": "node/2868007955"
    },
    {
      "type": "Feature",
      "properties": {
        "@id": "node/2914002803",
        "addr:city": "Stuttgart",
        "addr:housenumber": "16A",
        "addr:postcode": "70176",
        "addr:street": "Gutenbergstraße",
        "leisure": "sports_centre",
        "name": "Sportschule West",
        "sport": "judo",
        "website": "https://www.sportschule-west.de/",
        "wheelchair": "yes"
      },
      "geometry": {
        "type": "Point",
        "coordinates": [
          9.1649356,
          48.7744096
        ]
      },
      "id": "node/2914002803"
    },
    {
      "type": "Feature",
      "properties": {
        "@id": "node/2977518144",
        "addr:city": "Stuttgart",
        "addr:country": "DE",
        "addr:housenumber": "1",
        "addr:postcode": "70182",
        "addr:street": "Pfarrstraße",
        "contact:website": "http://cityfitness-stuttgart.de/",
        "leisure": "fitness_centre",
        "name": "City Fitness Stuttgart",
        "opening_hours": "Mo-Fr 10:00-22:00; Sa,Su 10:00-18:00"
      },
      "geometry": {
        "type": "Point",
        "coordinates": [
          9.1815208,
          48.7735928
        ]
      },
      "id": "node/2977518144"
    },
    {
      "type": "Feature",
      "properties": {
        "@id": "node/2982136503",
        "email": "ludwigshafen@american-fitness-center.de",
        "leisure": "fitness_centre",
        "name": "American Fitness",
        "phone": "+49 621 563590",
        "sport": "fitness",
        "website": "http://www.american-fitness-center.de/lu_start,158.html",
        "wheelchair": "no"
      },
      "geometry": {
        "type": "Point",
        "coordinates": [
          8.4519862,
          49.4768466
        ]
      },
      "id": "node/2982136503"
    },
    {
      "type": "Feature",
      "properties": {
        "@id": "node/2982138357",
        "check_date": "2025-04-02",
        "leisure": "sports_centre",
        "name": "Kung Fu To'a Schule",
        "opening_hours": "Mo,We 15:30-19:30; Tu,Th-Fr 15:30-18:00; Sa 14:00-16:15",
        "phone": "+49 621 5668005",
        "sport": "martial_arts",
        "website": "https://www.kungfuto-a.de/"
      },
      "geometry": {
        "type": "Point",
        "coordinates": [
          8.4526304,
          49.4770542
        ]
      },
      "id": "node/2982138357"
    },
    {
      "type": "Feature",
      "properties": {
        "@id": "node/2997742699",
        "check_date": "2026-05-08",
        "leisure": "fitness_centre",
        "name": "Fitnessstudio Turnerschaft Mühlburg",
        "opening_hours": "Mo 09:00-13:00,15:00-21:00; Tu-Th 10:00-13:00,16:00-21:00; Fr 09:00-13:00,16:00-21:00; Sa 11:00-15:00; Oct-Jun Su 11:00-14:00",
        "phone": "+49 721 593608",
        "website": "https://turnerschaft-muehlburg.intellicourt.de/Studio/Allgemein/"
      },
      "geometry": {
        "type": "Point",
        "coordinates": [
          8.3504772,
          49.0168221
        ]
      },
      "id": "node/2997742699"
    },
    {
      "type": "Feature",
      "properties": {
        "@id": "node/3054647382",
        "addr:city": "Karlsruhe",
        "addr:housenumber": "23",
        "addr:postcode": "76131",
        "addr:street": "Heinrich-Wittmann-Straße",
        "leisure": "fitness_centre",
        "level": "1",
        "name": "GetFitness",
        "opening_hours": "24/7",
        "phone": "+497213292663",
        "sport": "weightlifting",
        "website": "https://get-fitness.club/Karlsruhe/"
      },
      "geometry": {
        "type": "Point",
        "coordinates": [
          8.4426837,
          49.0090954
        ]
      },
      "id": "node/3054647382"
    },
    {
      "type": "Feature",
      "properties": {
        "@id": "node/3054650630",
        "addr:city": "Karlsruhe",
        "addr:country": "DE",
        "addr:housenumber": "6",
        "addr:postcode": "76135",
        "addr:street": "Unterweingartenfeld",
        "contact:email": "info@sportprinz-fitness.de",
        "contact:phone": "+49 721 9209227",
        "contact:website": "https://www.sportprinz-fitness.de/clubs/karlsruhe-sued/",
        "leisure": "fitness_centre",
        "name": "Sportprinz",
        "opening_hours": "24/7"
      },
      "geometry": {
        "type": "Point",
        "coordinates": [
          8.3742043,
          48.9922851
        ]
      },
      "id": "node/3054650630"
    },
    {
      "type": "Feature",
      "properties": {
        "@id": "node/3056460450",
        "leisure": "sports_centre",
        "name": "ralf AMON aktiv und gesund",
        "toilets:wheelchair": "no",
        "wheelchair": "yes"
      },
      "geometry": {
        "type": "Point",
        "coordinates": [
          8.3854537,
          49.0257828
        ]
      },
      "id": "node/3056460450"
    },
    {
      "type": "Feature",
      "properties": {
        "@id": "node/3150752898",
        "addr:city": "Stuttgart",
        "addr:country": "DE",
        "addr:housenumber": "3",
        "addr:postcode": "70173",
        "addr:street": "Kronenstraße",
        "check_date:opening_hours": "2024-10-30",
        "leisure": "fitness_centre",
        "name": "Woman Pur",
        "opening_hours:signed": "no",
        "operator": "Woman Pur GmbH",
        "website": "https://www.womanpur.de/"
      },
      "geometry": {
        "type": "Point",
        "coordinates": [
          9.1804761,
          48.781676
        ]
      },
      "id": "node/3150752898"
    },
    {
      "type": "Feature",
      "properties": {
        "@id": "node/3154663158",
        "addr:country": "DE",
        "addr:housenumber": "33",
        "addr:postcode": "70176",
        "addr:street": "Johannesstraße",
        "addr:suburb": "West",
        "brand": "Mrs. Sporty",
        "brand:wikidata": "Q100718953",
        "leisure": "fitness_centre",
        "name": "Mrs. Sporty",
        "opening_hours": "Mo-Su 06:00-22:00",
        "website": "https://www.mrssporty.de/club/stuttgart-west/"
      },
      "geometry": {
        "type": "Point",
        "coordinates": [
          9.1617069,
          48.7769319
        ]
      },
      "id": "node/3154663158"
    },
    {
      "type": "Feature",
      "properties": {
        "@id": "node/3211616575",
        "addr:country": "DE",
        "addr:street": "Hospitalstraße",
        "leisure": "fitness_centre"
      },
      "geometry": {
        "type": "Point",
        "coordinates": [
          9.1729971,
          48.7772915
        ]
      },
      "id": "node/3211616575"
    },
    {
      "type": "Feature",
      "properties": {
        "@id": "node/3248853267",
        "addr:city": "Mannheim",
        "addr:housenumber": "12",
        "addr:postcode": "68159",
        "addr:street": "C7",
        "email": "sport@uni-mannheim.de",
        "leisure": "sports_centre",
        "level": "1",
        "name": "Yoga Zentrum C7 - Universitaet Mannheim",
        "phone": "+49 621 1813419",
        "sport": "yoga",
        "website": "https://www.uni-mannheim.de/sport/studios/yoga/"
      },
      "geometry": {
        "type": "Point",
        "coordinates": [
          8.4586897,
          49.4890723
        ]
      },
      "id": "node/3248853267"
    },
    {
      "type": "Feature",
      "properties": {
        "@id": "node/3248878393",
        "leisure": "sports_centre",
        "name": "Aikido Dojo Mannheim",
        "sport": "Karate",
        "website": "http://aikidomannheim.de/"
      },
      "geometry": {
        "type": "Point",
        "coordinates": [
          8.4591637,
          49.4892419
        ]
      },
      "id": "node/3248878393"
    },
    {
      "type": "Feature",
      "properties": {
        "@id": "node/3257799974",
        "image": "https://commons.wikimedia.org/wiki/File:Wing_Chun_Akademie_Mannheim_S6.jpg",
        "leisure": "sports_centre",
        "name": "Wing Chun Akademie Mannheim",
        "phone": "+49 621 7296938",
        "sport": "Wing Chun",
        "website": "http://www.iaw-mannheim.com"
      },
      "geometry": {
        "type": "Point",
        "coordinates": [
          8.4740233,
          49.4885648
        ]
      },
      "id": "node/3257799974"
    },
    {
      "type": "Feature",
      "properties": {
        "@id": "node/3257811961",
        "image": "https://commons.wikimedia.org/wiki/File:Sportschule_Hanuman_Mannheim_S6.jpg",
        "leisure": "sports_centre",
        "name": "Sportschule Hanuman Mannheim",
        "phone": "+49 174 2116142",
        "sport": "Thaiboxen",
        "website": "http://www.hanuman-mannheim.de/"
      },
      "geometry": {
        "type": "Point",
        "coordinates": [
          8.4735168,
          49.488468
        ]
      },
      "id": "node/3257811961"
    },
    {
      "type": "Feature",
      "properties": {
        "@id": "node/3301190091",
        "leisure": "sports_centre",
        "name": "Pilates New York",
        "sport": "gymnastics"
      },
      "geometry": {
        "type": "Point",
        "coordinates": [
          9.2076119,
          48.7849863
        ]
      },
      "id": "node/3301190091"
    },
    {
      "type": "Feature",
      "properties": {
        "@id": "node/3302627647",
        "leisure": "sports_centre",
        "name": "Jumpers",
        "opening_hours": "Mo-Fr 06:00-24:00, Sa,Su 09:00-22:00",
        "sport": "fitness",
        "wheelchair": "no"
      },
      "geometry": {
        "type": "Point",
        "coordinates": [
          9.1660208,
          48.7397235
        ]
      },
      "id": "node/3302627647"
    },
    {
      "type": "Feature",
      "properties": {
        "@id": "node/3306240068",
        "addr:city": "Stuttgart",
        "addr:country": "DE",
        "addr:housenumber": "4",
        "addr:postcode": "70178",
        "addr:street": "Feinstraße",
        "brand": "Elements",
        "leisure": "fitness_centre",
        "name": "Elements Paulinenbrücke",
        "opening_hours": "Mo-Fr 06:00-23:00; Sa,Su,PH 09:00-22:00",
        "website": "https://www.elements.com/paulinenbruecke/fitnessstudio-stuttgart/"
      },
      "geometry": {
        "type": "Point",
        "coordinates": [
          9.173303,
          48.7696907
        ]
      },
      "id": "node/3306240068"
    },
    {
      "type": "Feature",
      "properties": {
        "@id": "node/3336777679",
        "leisure": "fitness_centre",
        "level": "1",
        "name": "VIVA - Fitness für Frauen",
        "phone": "+49 621 12855085",
        "short_name": "VIVA",
        "sport": "multi",
        "website": "https://www.viva-ma.de/"
      },
      "geometry": {
        "type": "Point",
        "coordinates": [
          8.5470667,
          49.5148361
        ]
      },
      "id": "node/3336777679"
    },
    {
      "type": "Feature",
      "properties": {
        "@id": "node/3341904098",
        "brand": "Jonny M.",
        "leisure": "fitness_centre",
        "name": "Jonny M. Club S33",
        "website": "https://jonny-m.de/fitnessstudios-stuttgart/club-s33/"
      },
      "geometry": {
        "type": "Point",
        "coordinates": [
          9.1743336,
          48.8141889
        ]
      },
      "id": "node/3341904098"
    },
    {
      "type": "Feature",
      "properties": {
        "@id": "node/3366160577",
        "addr:city": "Karlsruhe",
        "addr:country": "DE",
        "addr:postcode": "76133",
        "addr:street": "Kaiserpassage",
        "check_date": "2022-05-30",
        "leisure": "fitness_centre",
        "level": "0",
        "name": "Körperformen",
        "old_name": "Rothfuß",
        "phone": "+49 721 16077920",
        "shop": "clothes",
        "website": "https://www.körperformen.com/studios/ems-training-karlsruhe/"
      },
      "geometry": {
        "type": "Point",
        "coordinates": [
          8.3969556,
          49.0103615
        ]
      },
      "id": "node/3366160577"
    },
    {
      "type": "Feature",
      "properties": {
        "@id": "node/3384360979",
        "addr:city": "Ostfildern",
        "addr:housenumber": "16",
        "addr:postcode": "73760",
        "addr:street": "Hedelfinger Straße",
        "contact:website": "https://wtaa-stuttgart.de/",
        "leisure": "sports_centre",
        "level": "0",
        "name": "Akademie für Kampfkunst und Gewaltprävention",
        "old_name": "Clauss",
        "operator": "Wing Tsung Art Association",
        "phone": "+49 711 22029301",
        "sport": "martial_arts",
        "website": "https://wtaa-stuttgart.de/"
      },
      "geometry": {
        "type": "Point",
        "coordinates": [
          9.2528855,
          48.7301376
        ]
      },
      "id": "node/3384360979"
    },
    {
      "type": "Feature",
      "properties": {
        "@id": "node/3417789778",
        "check_date": "2025-07",
        "leisure": "sports_centre",
        "name": "Dance & Health Academy",
        "phone": "+49 178 8888258",
        "website": "https://dance-health.de/",
        "wheelchair": "no"
      },
      "geometry": {
        "type": "Point",
        "coordinates": [
          8.5267018,
          49.4874514
        ]
      },
      "id": "node/3417789778"
    },
    {
      "type": "Feature",
      "properties": {
        "@id": "node/3421149701",
        "leisure": "sports_centre",
        "name": "HelliFit & Dance",
        "phone": "+49 621 84259409",
        "sport": "dance",
        "website": "http://www.hellifit-und-dance.com/"
      },
      "geometry": {
        "type": "Point",
        "coordinates": [
          8.4944274,
          49.4534498
        ]
      },
      "id": "node/3421149701"
    },
    {
      "type": "Feature",
      "properties": {
        "@id": "node/3453474577",
        "leisure": "sports_centre",
        "name": "WingTsun Mannheim-Neckarau",
        "phone": "+49 176 79798955",
        "sport": "martial_arts",
        "website": "http://www.mannheim-wt.de/",
        "wheelchair": "yes"
      },
      "geometry": {
        "type": "Point",
        "coordinates": [
          8.4826946,
          49.4536031
        ]
      },
      "id": "node/3453474577"
    },
    {
      "type": "Feature",
      "properties": {
        "@id": "node/3458719675",
        "fax": "+49 621 815735",
        "leisure": "sports_centre",
        "name": "Flamenco-Studio Renate Wagner",
        "phone": "+49 621 826583",
        "sport": "dance",
        "website": "https://www.flamenco-renate-wagner.de/"
      },
      "geometry": {
        "type": "Point",
        "coordinates": [
          8.5107021,
          49.4472061
        ]
      },
      "id": "node/3458719675"
    },
    {
      "type": "Feature",
      "properties": {
        "@id": "node/3470507013",
        "addr:city": "Karlsruhe",
        "addr:country": "DE",
        "addr:housenumber": "15",
        "addr:postcode": "76185",
        "addr:street": "Daimlerstraße",
        "contact:email": "info@sportprinz-fitness.de",
        "contact:phone": "+49 721 47178308",
        "contact:website": "https://www.sportprinz-fitness.de/",
        "leisure": "sports_centre",
        "name": "Sportprinz",
        "sport": "fitness"
      },
      "geometry": {
        "type": "Point",
        "coordinates": [
          8.3562812,
          49.027886
        ]
      },
      "id": "node/3470507013"
    },
    {
      "type": "Feature",
      "properties": {
        "@id": "node/3499135874",
        "check_date": "2023-10-22",
        "leisure": "fitness_centre",
        "name": "VeniceBeach",
        "wheelchair": "limited"
      },
      "geometry": {
        "type": "Point",
        "coordinates": [
          8.4734824,
          49.4850887
        ]
      },
      "id": "node/3499135874"
    },
    {
      "type": "Feature",
      "properties": {
        "@id": "node/3504399595",
        "addr:city": "Mannheim",
        "addr:housenumber": "1-7",
        "addr:postcode": "68167",
        "addr:street": "Melchiorstraße",
        "leisure": "sports_centre",
        "level": "1",
        "name": "DEIN SPORT mal anders",
        "phone": "+49 621 17885726",
        "sport": "fitness",
        "website": "https://www.sport-ma.de/"
      },
      "geometry": {
        "type": "Point",
        "coordinates": [
          8.4767343,
          49.4977747
        ]
      },
      "id": "node/3504399595"
    },
    {
      "type": "Feature",
      "properties": {
        "@id": "node/3625886625",
        "leisure": "sports_centre",
        "name": "P9 Pilates Studio",
        "sport": "gymnastics"
      },
      "geometry": {
        "type": "Point",
        "coordinates": [
          9.2085309,
          48.7965275
        ]
      },
      "id": "node/3625886625"
    },
    {
      "type": "Feature",
      "properties": {
        "@id": "node/3676355770",
        "leisure": "sports_centre",
        "name": "Fitnessraum",
        "sport": "gymnastics"
      },
      "geometry": {
        "type": "Point",
        "coordinates": [
          9.2092885,
          48.7162826
        ]
      },
      "id": "node/3676355770"
    },
    {
      "type": "Feature",
      "properties": {
        "@id": "node/3676355771",
        "leisure": "sports_centre",
        "name": "Gymnastikraum",
        "sport": "gymnastics",
        "wheelchair": "no"
      },
      "geometry": {
        "type": "Point",
        "coordinates": [
          9.2087316,
          48.7162385
        ]
      },
      "id": "node/3676355771"
    },
    {
      "type": "Feature",
      "properties": {
        "@id": "node/3712873192",
        "leisure": "sports_centre",
        "name": "Turn- & Versammlungshalle Hallschlag",
        "sport": "multi"
      },
      "geometry": {
        "type": "Point",
        "coordinates": [
          9.2103582,
          48.8129958
        ]
      },
      "id": "node/3712873192"
    },
    {
      "type": "Feature",
      "properties": {
        "@id": "node/3732624914",
        "addr:city": "Stuttgart",
        "addr:housenumber": "391",
        "addr:postcode": "70469",
        "addr:street": "Heilbronner Straße",
        "brand": "McFit",
        "brand:wikidata": "Q871302",
        "brand:wikipedia": "en:McFit",
        "check_date": "2024-08-29",
        "leisure": "fitness_centre",
        "name": "McFit",
        "opening_hours": "24/7",
        "operator": "McFit",
        "sport": "fitness",
        "website": "https://www.mcfit.com/de/studiodetail/info/stuttgart-feuerbach.html"
      },
      "geometry": {
        "type": "Point",
        "coordinates": [
          9.1722824,
          48.8214724
        ]
      },
      "id": "node/3732624914"
    },
    {
      "type": "Feature",
      "properties": {
        "@id": "node/3772234741",
        "addr:city": "Stuttgart",
        "addr:country": "DE",
        "addr:housenumber": "118",
        "addr:postcode": "70197",
        "addr:street": "Rotebühlstraße",
        "brand": "Bodystreet",
        "brand:wikidata": "Q117880186",
        "check_date:opening_hours": "2026-05-28",
        "leisure": "fitness_centre",
        "name": "Bodystreet",
        "opening_hours": "Mo-Fr 10:00-19:00; Sa 10:00-14:00",
        "phone": "+49 711 32788147",
        "sport": "fitness",
        "website": "https://www.bodystreet.com/",
        "wheelchair": "yes"
      },
      "geometry": {
        "type": "Point",
        "coordinates": [
          9.156485,
          48.7703047
        ]
      },
      "id": "node/3772234741"
    },
    {
      "type": "Feature",
      "properties": {
        "@id": "node/3784336071",
        "leisure": "fitness_centre",
        "name": "zeitstark"
      },
      "geometry": {
        "type": "Point",
        "coordinates": [
          9.1679365,
          48.8118266
        ]
      },
      "id": "node/3784336071"
    },
    {
      "type": "Feature",
      "properties": {
        "@id": "node/3837225962",
        "addr:city": "Stuttgart",
        "addr:country": "DE",
        "addr:housenumber": "12A",
        "addr:postcode": "70197",
        "addr:street": "Schwabstraße",
        "health_specialty:yoga": "yes",
        "leisure": "fitness_centre",
        "name": "Yoga West",
        "website": "https://yogawest.de/"
      },
      "geometry": {
        "type": "Point",
        "coordinates": [
          9.1594735,
          48.768966
        ]
      },
      "id": "node/3837225962"
    },
    {
      "type": "Feature",
      "properties": {
        "@id": "node/3869214911",
        "addr:city": "Mannheim",
        "addr:country": "DE",
        "addr:housenumber": "189",
        "addr:postcode": "68167",
        "addr:street": "Käfertaler Straße",
        "leisure": "sports_centre",
        "name": "TSOM TSOM Gym",
        "sport": "Wing Tsun",
        "website": "http://www.tsomtsomgym-mannheim.de/"
      },
      "geometry": {
        "type": "Point",
        "coordinates": [
          8.4922056,
          49.4977992
        ]
      },
      "id": "node/3869214911"
    },
    {
      "type": "Feature",
      "properties": {
        "@id": "node/3896463893",
        "addr:city": "Stuttgart",
        "addr:housenumber": "10",
        "addr:postcode": "70176",
        "addr:street": "Bebelstraße",
        "brand": "Fitbox",
        "brand:wikidata": "Q129168234",
        "leisure": "fitness_centre",
        "name": "Fitbox",
        "opening_hours": "Mo-Fr 09:00-20:00",
        "sport": "fitness",
        "website": "https://fitbox.de/de/studios/fitbox-stuttgart-west"
      },
      "geometry": {
        "type": "Point",
        "coordinates": [
          9.1582989,
          48.7752574
        ]
      },
      "id": "node/3896463893"
    },
    {
      "type": "Feature",
      "properties": {
        "@id": "node/3964382341",
        "leisure": "sports_centre",
        "level": "0",
        "name": "Santosha Yoga Studio - Yoga Vidya Mannheim",
        "phone": "+49 1575 8807404",
        "sport": "yoga",
        "survey:date": "2016-03",
        "website": "https://www.yoga-vidya.de/center/mannheim/start/"
      },
      "geometry": {
        "type": "Point",
        "coordinates": [
          8.4638865,
          49.4909883
        ]
      },
      "id": "node/3964382341"
    },
    {
      "type": "Feature",
      "properties": {
        "@id": "node/4079662549",
        "contact:website": "https://ofit-tsv.de/",
        "leisure": "fitness_centre",
        "name": "Ofit",
        "operator": "OFIT GmbH",
        "was:name": "Trick Squash&Fitness"
      },
      "geometry": {
        "type": "Point",
        "coordinates": [
          9.2514776,
          48.7069819
        ]
      },
      "id": "node/4079662549"
    },
    {
      "type": "Feature",
      "properties": {
        "@id": "node/4107058185",
        "leisure": "sports_centre",
        "name": "Bala-Shanti Yoga Zentrum",
        "phone": "+49 621 15400347",
        "sport": "yoga",
        "website": "https://www.bala-shanti.de/",
        "wheelchair": "no"
      },
      "geometry": {
        "type": "Point",
        "coordinates": [
          8.4760793,
          49.4785501
        ]
      },
      "id": "node/4107058185"
    },
    {
      "type": "Feature",
      "properties": {
        "@id": "node/4109525434",
        "addr:city": "Karlsruhe",
        "addr:country": "DE",
        "addr:housenumber": "34a",
        "addr:postcode": "76133",
        "addr:street": "Kaiserstraße",
        "contact:website": "http://www.tcqg.de",
        "leisure": "fitness_centre",
        "name": "Qi Gong Tai Chi Schule Karlsruhe Bruchsal",
        "sport": "qi_gong;tai_chi",
        "website": "http://www.tcqg.de",
        "wheelchair": "no"
      },
      "geometry": {
        "type": "Point",
        "coordinates": [
          8.4085144,
          49.0095137
        ]
      },
      "id": "node/4109525434"
    },
    {
      "type": "Feature",
      "properties": {
        "@id": "node/4110427460",
        "leisure": "fitness_centre",
        "name": "Sportomed Fitness & Prävention",
        "website": "http://www.sportomed.de/index.php"
      },
      "geometry": {
        "type": "Point",
        "coordinates": [
          8.498599,
          49.4887779
        ]
      },
      "id": "node/4110427460"
    },
    {
      "type": "Feature",
      "properties": {
        "@id": "node/4117663249",
        "addr:city": "Karlsruhe",
        "addr:housenumber": "5a",
        "addr:postcode": "76185",
        "addr:street": "Daimlerstraße",
        "leisure": "sports_centre",
        "name": "Black Belt Center Karlsruhe",
        "sport": "taekwondo",
        "website": "http://www.taekwondo-karlsruhe.de/"
      },
      "geometry": {
        "type": "Point",
        "coordinates": [
          8.3557393,
          49.0254994
        ]
      },
      "id": "node/4117663249"
    },
    {
      "type": "Feature",
      "properties": {
        "@id": "node/4153239378",
        "addr:city": "Stuttgart",
        "addr:housenumber": "121",
        "addr:postcode": "70178",
        "addr:street": "Rotebühlstraße",
        "leisure": "fitness_centre",
        "name": "Ayris"
      },
      "geometry": {
        "type": "Point",
        "coordinates": [
          9.1591955,
          48.7707158
        ]
      },
      "id": "node/4153239378"
    },
    {
      "type": "Feature",
      "properties": {
        "@id": "node/4169796469",
        "addr:city": "Karlsruhe",
        "addr:country": "DE",
        "addr:housenumber": "217",
        "addr:postcode": "76133",
        "addr:street": "Kaiserstraße",
        "alt_name": "Venice Beach Postgalerie",
        "contact:email": "postgalerie@venicebeach-fitness.de",
        "contact:phone": "+49 721 66994042",
        "contact:website": "https://www.venicebeach-fitness.de/clubs/premium-fitness/karlsruhe-postgalerie/",
        "leisure": "fitness_centre",
        "level": "1",
        "name": "VeniceBeach",
        "opening_hours": "Mo-Fr 07:00-23:00; Sa-Su 08:00-22:00; PH 10:00-18:00",
        "sport": "fitness"
      },
      "geometry": {
        "type": "Point",
        "coordinates": [
          8.3937887,
          49.0090927
        ]
      },
      "id": "node/4169796469"
    },
    {
      "type": "Feature",
      "properties": {
        "@id": "node/4231250105",
        "addr:city": "Mannheim",
        "addr:housenumber": "11",
        "addr:place": "U4",
        "addr:postcode": "68161",
        "check_date": "2023-09-02",
        "email": "mail@capoeiraverein-ma.de",
        "leisure": "sports_centre",
        "level": "0",
        "name": "Sport Zentrum Mannheim e.V.",
        "opening_hours:covid19": "off",
        "phone": "+49 176 22696722",
        "sport": "Rehab sport;fitness;yoga;capoeira",
        "website": "https://sportzentrum-ma.de"
      },
      "geometry": {
        "type": "Point",
        "coordinates": [
          8.4732184,
          49.4915145
        ]
      },
      "id": "node/4231250105"
    },
    {
      "type": "Feature",
      "properties": {
        "@id": "node/4358025695",
        "addr:city": "Karlsruhe",
        "addr:country": "DE",
        "addr:housenumber": "6",
        "addr:postcode": "76131",
        "addr:street": "Haid-und-Neu-Straße",
        "contact:website": "http://www.kampfkunst-akademie.net",
        "leisure": "sports_centre",
        "name": "Whin Chun Akademie",
        "sport": "whin_chun"
      },
      "geometry": {
        "type": "Point",
        "coordinates": [
          8.4242277,
          49.0114879
        ]
      },
      "id": "node/4358025695"
    },
    {
      "type": "Feature",
      "properties": {
        "@id": "node/4367450433",
        "leisure": "sports_centre",
        "name": "Vita Balance"
      },
      "geometry": {
        "type": "Point",
        "coordinates": [
          8.4700165,
          49.4717451
        ]
      },
      "id": "node/4367450433"
    },
    {
      "type": "Feature",
      "properties": {
        "@id": "node/4406847541",
        "brand": "Fitness First",
        "brand:wikidata": "Q127120",
        "brand:wikipedia": "en:Fitness First",
        "check_date:opening_hours": "2023-08-19",
        "leisure": "fitness_centre",
        "name": "Fitness First",
        "opening_hours": "Mo-Fr 06:30-23:00; Sa,Su,PH 09:00-20:00",
        "sauna": "yes",
        "swimming_pool": "yes",
        "website": "https://www.fitnessfirst.de/clubs/mannheim",
        "wheelchair": "limited"
      },
      "geometry": {
        "type": "Point",
        "coordinates": [
          8.4717815,
          49.4872618
        ]
      },
      "id": "node/4406847541"
    },
    {
      "type": "Feature",
      "properties": {
        "@id": "node/4411516842",
        "addr:city": "Karlsruhe",
        "addr:housenumber": "20",
        "addr:postcode": "76187",
        "addr:street": "Saarlandstraße",
        "leisure": "sports_centre",
        "name": "Boxring46",
        "sport": "boxing",
        "website": "https://www.boxring46.de/"
      },
      "geometry": {
        "type": "Point",
        "coordinates": [
          8.3337822,
          49.0332229
        ]
      },
      "id": "node/4411516842"
    },
    {
      "type": "Feature",
      "properties": {
        "@id": "node/4481178389",
        "addr:city": "Ludwigshafen am Rhein",
        "addr:country": "DE",
        "addr:housenumber": "59",
        "addr:postcode": "67063",
        "addr:street": "Dessauer Straße",
        "branch": "Ludwigshafen Nord",
        "brand": "FitX",
        "brand:wikidata": "Q29031618",
        "check_date": "2023-09-01",
        "leisure": "fitness_centre",
        "name": "FitX",
        "opening_hours": "24/7",
        "operator": "FitX Deutschland GmbH",
        "phone": "+49 621 68561176",
        "sport": "fitness",
        "website": "https://www.fitx.de/studio/ludwigshafen-nord"
      },
      "geometry": {
        "type": "Point",
        "coordinates": [
          8.4375092,
          49.4912782
        ]
      },
      "id": "node/4481178389"
    },
    {
      "type": "Feature",
      "properties": {
        "@id": "node/4547207757",
        "addr:city": "Mannheim",
        "addr:housenumber": "22-26",
        "addr:postcode": "68163",
        "addr:street": "Fabrikstationstraße",
        "leisure": "sports_centre",
        "level": "1",
        "name": "Lasertag One",
        "phone": "+49 621 83556111",
        "sport": "laser_tag",
        "website": "https://www.lasertag-one.de/",
        "wheelchair": "no"
      },
      "geometry": {
        "type": "Point",
        "coordinates": [
          8.4886765,
          49.4669032
        ]
      },
      "id": "node/4547207757"
    },
    {
      "type": "Feature",
      "properties": {
        "@id": "node/4704550849",
        "addr:city": "Stuttgart",
        "addr:housenumber": "21",
        "addr:postcode": "70567",
        "addr:street": "Schelmenwasenstraße",
        "leisure": "fitness_centre",
        "name": "Crossfit Assault",
        "sport": "exercise;running;weightlifting;gymnastics",
        "website": "http://www.crossfitassault.de"
      },
      "geometry": {
        "type": "Point",
        "coordinates": [
          9.1690308,
          48.7104528
        ]
      },
      "id": "node/4704550849"
    },
    {
      "type": "Feature",
      "properties": {
        "@id": "node/4709822681",
        "addr:city": "Karlsruhe",
        "addr:country": "DE",
        "addr:housenumber": "93",
        "addr:postcode": "76187",
        "addr:street": "Saarlandstraße",
        "addr:suburb": "Knielingen",
        "leisure": "sports_centre",
        "name": "Fitnessclub Miral"
      },
      "geometry": {
        "type": "Point",
        "coordinates": [
          8.3412894,
          49.030003
        ]
      },
      "id": "node/4709822681"
    },
    {
      "type": "Feature",
      "properties": {
        "@id": "node/4711988401",
        "addr:city": "Stuttgart",
        "addr:country": "DE",
        "addr:housenumber": "12",
        "addr:postcode": "70192",
        "addr:street": "Am Kochenhof",
        "leisure": "fitness_centre",
        "name": "puls fit & wellnessclub",
        "opening_hours": "Mo 06:45-23:00, Tu 09:00-23:00, We 06:45-23:00, Th 09:00-23:00, Sa-Su 10:00-21:00",
        "operator": "Europe 2000 Fitnesscenter GmbH",
        "personal_trainer": "yes",
        "phone": "+49 711 2844680",
        "sauna": "yes",
        "website": "https://www.puls-stuttgart.de/stuttgart-killesberg/"
      },
      "geometry": {
        "type": "Point",
        "coordinates": [
          9.171823,
          48.7996732
        ]
      },
      "id": "node/4711988401"
    },
    {
      "type": "Feature",
      "properties": {
        "@id": "node/4718955180",
        "addr:city": "Stuttgart",
        "addr:country": "DE",
        "addr:housenumber": "11",
        "addr:postcode": "70182",
        "addr:street": "Wilhelmsplatz",
        "branch": "Stuttgart Mitte",
        "brand": "McFit",
        "brand:wikidata": "Q871302",
        "brand:wikipedia": "en:McFit",
        "leisure": "fitness_centre",
        "name": "McFit",
        "opening_hours": "24/7",
        "operator": "RSG Group GmbH",
        "operator:wikidata": "Q871302",
        "phone": "+49 711 55328773",
        "website": "https://www.mcfit.com/de/studios/studiosuche/studiodetails/studio/stuttgart-mitte/"
      },
      "geometry": {
        "type": "Point",
        "coordinates": [
          9.1779325,
          48.7711908
        ]
      },
      "id": "node/4718955180"
    },
    {
      "type": "Feature",
      "properties": {
        "@id": "node/4793613226",
        "addr:housenumber": "3",
        "addr:street": "Grenzstraße",
        "check_date": "2023-12-16",
        "leisure": "fitness_centre",
        "name": "Stallion Fit"
      },
      "geometry": {
        "type": "Point",
        "coordinates": [
          9.168503,
          48.8251696
        ]
      },
      "id": "node/4793613226"
    },
    {
      "type": "Feature",
      "properties": {
        "@id": "node/4855635621",
        "leisure": "sports_centre",
        "name": "YogaSpirits",
        "sport": "yoga"
      },
      "geometry": {
        "type": "Point",
        "coordinates": [
          8.4537611,
          49.4718325
        ]
      },
      "id": "node/4855635621"
    },
    {
      "type": "Feature",
      "properties": {
        "@id": "node/4855635825",
        "leisure": "sports_centre",
        "name": "Tanzschule MOHL",
        "sport": "dancing"
      },
      "geometry": {
        "type": "Point",
        "coordinates": [
          8.4538631,
          49.471917
        ]
      },
      "id": "node/4855635825"
    },
    {
      "type": "Feature",
      "properties": {
        "@id": "node/4964537680",
        "branch": "Mannheim",
        "brand": "Körperformen",
        "brand:wikidata": "Q117455940",
        "check_date": "2024-10-30",
        "leisure": "fitness_centre",
        "name": "Körperformen",
        "phone": "+49 621 39182112",
        "website": "https://www.xn--krperformen-rfb.com/standorte/ems-training-mannheim/"
      },
      "geometry": {
        "type": "Point",
        "coordinates": [
          8.4802031,
          49.4799092
        ]
      },
      "id": "node/4964537680"
    },
    {
      "type": "Feature",
      "properties": {
        "@id": "node/5207433462",
        "description": "Kartbahn befindet sich auf der 3. Etage.",
        "leisure": "sports_centre",
        "name": "Kart-o-Mania",
        "opening_hours": "Mo-Fr 14:30-23:00; Sa-Su 11:00-23:00",
        "sport": "karting",
        "website": "http://www.kart-arena-stuttgart.de/"
      },
      "geometry": {
        "type": "Point",
        "coordinates": [
          9.2339853,
          48.7822711
        ]
      },
      "id": "node/5207433462"
    },
    {
      "type": "Feature",
      "properties": {
        "@id": "node/5209623390",
        "contact:website": "https://www.yoginzky.de/",
        "leisure": "fitness_centre",
        "name": "Yoginzky",
        "sport": "yoga"
      },
      "geometry": {
        "type": "Point",
        "coordinates": [
          9.1773232,
          48.784888
        ]
      },
      "id": "node/5209623390"
    },
    {
      "type": "Feature",
      "properties": {
        "@id": "node/5212850421",
        "addr:city": "Karlsruhe",
        "addr:country": "DE",
        "addr:housenumber": "5",
        "addr:postcode": "76131",
        "addr:street": "Am Sportpark",
        "addr:suburb": "Hagsfeld",
        "check_date": "2025-04-24",
        "contact:website": "http://www.ssc-karlsruhe.de/fitness",
        "leisure": "fitness_centre",
        "name": "SSC Fitness- und Gesundheitsstudio",
        "opening_hours": "Mo,We 09:00-22:00; Tu,Th 07:00-22:00; Fr 09:00-21:00; Sa,Su 09:00-18:00",
        "operator": "SSC Karlsruhe e.V.",
        "operator:type": "association",
        "start_date": "2017-09-30"
      },
      "geometry": {
        "type": "Point",
        "coordinates": [
          8.4416628,
          49.0260232
        ]
      },
      "id": "node/5212850421"
    },
    {
      "type": "Feature",
      "properties": {
        "@id": "node/5565813422",
        "contact:email": "info@taekwondo-mannheim.de",
        "contact:mobile": "+49 176 24859256",
        "contact:phone": "+49 621 26792",
        "contact:website": "http://taekwondo-mannheim.de",
        "leisure": "sports_centre",
        "name": "Taekwon-Do Center Mannheim",
        "sport": "taekwondo"
      },
      "geometry": {
        "type": "Point",
        "coordinates": [
          8.4800995,
          49.4826178
        ]
      },
      "id": "node/5565813422"
    },
    {
      "type": "Feature",
      "properties": {
        "@id": "node/5637295633",
        "addr:city": "Karlsruhe",
        "addr:housenumber": "3",
        "addr:postcode": "76185",
        "addr:street": "Borsigstraße",
        "email": "info@e-fitnessclub.de",
        "leisure": "fitness_centre",
        "name": "e-training Fitnessclub",
        "opening_hours": "Mo 15:00-22:00; Tu 10:00-22:00; We 15:00-22:00; Th 10:00-22:00; Fr 15:00-21:00; Sa 11:00-15:00; Su 11:00-15:00",
        "phone": "+49 721 96494443",
        "sport": "fitness;kickboxing",
        "website": "https://www.etraining-online.de/"
      },
      "geometry": {
        "type": "Point",
        "coordinates": [
          8.3526609,
          49.0192691
        ]
      },
      "id": "node/5637295633"
    },
    {
      "type": "Feature",
      "properties": {
        "@id": "node/5656328339",
        "addr:city": "Karlsruhe",
        "addr:country": "DE",
        "addr:housenumber": "24-28",
        "addr:postcode": "76133",
        "addr:street": "Waldstraße",
        "brand": "Gym10",
        "contact:website": "https://gym10.de/de/karlsruhe",
        "leisure": "fitness_centre",
        "level": "1",
        "name": "Gym10",
        "old_name": "Bodyfit",
        "opening_hours": "24/7",
        "phone": "+49 721 1616856",
        "start_date": "2019-01-02"
      },
      "geometry": {
        "type": "Point",
        "coordinates": [
          8.3974338,
          49.0108215
        ]
      },
      "id": "node/5656328339"
    },
    {
      "type": "Feature",
      "properties": {
        "@id": "node/5678981025",
        "addr:housenumber": "27",
        "addr:street": "Wattstraße",
        "leisure": "sports_centre",
        "name": "Wing Chun Akademie"
      },
      "geometry": {
        "type": "Point",
        "coordinates": [
          8.4970925,
          49.4641223
        ]
      },
      "id": "node/5678981025"
    },
    {
      "type": "Feature",
      "properties": {
        "@id": "node/5693836615",
        "leisure": "sports_centre",
        "name": "Boulderhaus",
        "phone": "+49 621 72480706",
        "sport": "climbing",
        "start_date": "2018-04",
        "website": "http://boulderhaus.de/"
      },
      "geometry": {
        "type": "Point",
        "coordinates": [
          8.5350574,
          49.5182161
        ]
      },
      "id": "node/5693836615"
    },
    {
      "type": "Feature",
      "properties": {
        "@id": "node/5704043278",
        "addr:city": "Stuttgart",
        "addr:country": "DE",
        "addr:housenumber": "48",
        "addr:postcode": "70182",
        "addr:street": "Olgastraße",
        "leisure": "sports_centre",
        "name": "Vertical Arts - Pole & Hoop",
        "sport": "pole_dance",
        "website": "https://www.verticalarts.de/"
      },
      "geometry": {
        "type": "Point",
        "coordinates": [
          9.1845556,
          48.7737156
        ]
      },
      "id": "node/5704043278"
    },
    {
      "type": "Feature",
      "properties": {
        "@id": "node/5747511537",
        "addr:city": "Stuttgart",
        "addr:country": "DE",
        "addr:housenumber": "96",
        "addr:postcode": "70469",
        "addr:street": "Siemensstraße",
        "addr:suburb": "Feuerbach",
        "check_date": "2025-04-26",
        "leisure": "fitness_centre",
        "name": "SportCodex.de",
        "website": "https://sportcodex.de/"
      },
      "geometry": {
        "type": "Point",
        "coordinates": [
          9.1692093,
          48.8152651
        ]
      },
      "id": "node/5747511537"
    },
    {
      "type": "Feature",
      "properties": {
        "@id": "node/5863345142",
        "check_date": "2023-06-02",
        "leisure": "fitness_centre",
        "name": "Top Sports Fitness",
        "opening_hours": "Mo-Su 07:00-23:00",
        "website": "https://topsports.fitness"
      },
      "geometry": {
        "type": "Point",
        "coordinates": [
          9.1662771,
          48.6960865
        ]
      },
      "id": "node/5863345142"
    },
    {
      "type": "Feature",
      "properties": {
        "@id": "node/5867152701",
        "email": "info@kur-pals.de",
        "leisure": "fitness_centre",
        "mobile": "+49 176 633 316 65",
        "name": "CrossFit Kur-Pals",
        "sport": "fitness",
        "website": "https://kur-pals.de/",
        "wheelchair": "yes"
      },
      "geometry": {
        "type": "Point",
        "coordinates": [
          8.5279441,
          49.4743708
        ]
      },
      "id": "node/5867152701"
    },
    {
      "type": "Feature",
      "properties": {
        "@id": "node/5902511487",
        "leisure": "sports_centre",
        "name": "Sporthalle Ostheimer Realschule",
        "toilets:wheelchair": "yes",
        "wheelchair": "yes",
        "wheelchair:description": "Für Aufzug Transponder erforderlich"
      },
      "geometry": {
        "type": "Point",
        "coordinates": [
          9.2033732,
          48.7882512
        ]
      },
      "id": "node/5902511487"
    },
    {
      "type": "Feature",
      "properties": {
        "@id": "node/5967028017",
        "leisure": "sports_centre",
        "name": "Yoga Vidya",
        "sport": "yoga",
        "website": "https://www.yoga-vidya-stuttgart.de/"
      },
      "geometry": {
        "type": "Point",
        "coordinates": [
          9.1628686,
          48.7693586
        ]
      },
      "id": "node/5967028017"
    },
    {
      "type": "Feature",
      "properties": {
        "@id": "node/5968855546",
        "leisure": "fitness_centre",
        "name": "BodyJam",
        "opening_hours": "Mo-Fr 08:00-23:00; Sa 08:00-17:00; Su 08:00-14:00",
        "website": "https://bodyjam.de/"
      },
      "geometry": {
        "type": "Point",
        "coordinates": [
          8.4692962,
          49.0041389
        ]
      },
      "id": "node/5968855546"
    },
    {
      "type": "Feature",
      "properties": {
        "@id": "node/6003206244",
        "addr:city": "Karlsruhe",
        "addr:country": "DE",
        "addr:housenumber": "3",
        "addr:postcode": "76229",
        "addr:street": "Greschbachstraße",
        "addr:suburb": "Grötzingen",
        "branch": "Hagsfeld",
        "contact:website": "https://snap-fit.de/",
        "leisure": "fitness_centre",
        "level": "0",
        "name": "Snap-Fit",
        "operator": "Fit-in SNAP! GmbH"
      },
      "geometry": {
        "type": "Point",
        "coordinates": [
          8.4712688,
          49.026522
        ]
      },
      "id": "node/6003206244"
    },
    {
      "type": "Feature",
      "properties": {
        "@id": "node/6131112885",
        "check_date:opening_hours": "2023-11-10",
        "leisure": "fitness_centre",
        "name": "JONNY M. Club Women West",
        "opening_hours": "Mo-Fr 07:00-22:00; Sa-Su 07:00-22:00",
        "opening_hours:signed": "no",
        "operator": "Jonny M."
      },
      "geometry": {
        "type": "Point",
        "coordinates": [
          9.1559527,
          48.7795091
        ]
      },
      "id": "node/6131112885"
    },
    {
      "type": "Feature",
      "properties": {
        "@id": "node/6204628278",
        "addr:city": "Filderstadt",
        "addr:postcode": "70794",
        "leisure": "fitness_centre",
        "name": "Mc Shape",
        "opening_hours": "24/7",
        "phone": "+49 711 45143845",
        "start_date": "2019-01-06",
        "website": "https://www.mcshape.com/"
      },
      "geometry": {
        "type": "Point",
        "coordinates": [
          9.2010994,
          48.6752369
        ]
      },
      "id": "node/6204628278"
    },
    {
      "type": "Feature",
      "properties": {
        "@id": "node/6344554811",
        "leisure": "fitness_centre",
        "name": "Gym10",
        "opening_hours": "PH,Mo-Su 00:00-24:00+",
        "website": "www.gym10.de"
      },
      "geometry": {
        "type": "Point",
        "coordinates": [
          9.2144869,
          48.8011733
        ]
      },
      "id": "node/6344554811"
    },
    {
      "type": "Feature",
      "properties": {
        "@id": "node/6365938776",
        "leisure": "fitness_centre",
        "name": "Fitness Park",
        "opening_hours": "Mo, We, Fr 07:00-22:00; Tu, Th 08:00-22:00; Sa 10:00-18:00; Su 09:00-18:00",
        "phone": "+49 711 90 77 974",
        "website": "https://fitness-park.net/"
      },
      "geometry": {
        "type": "Point",
        "coordinates": [
          9.1937232,
          48.6770292
        ]
      },
      "id": "node/6365938776"
    },
    {
      "type": "Feature",
      "properties": {
        "@id": "node/6501851157",
        "leisure": "fitness_centre",
        "name": "Aurum"
      },
      "geometry": {
        "type": "Point",
        "coordinates": [
          9.1632215,
          48.7717765
        ]
      },
      "id": "node/6501851157"
    },
    {
      "type": "Feature",
      "properties": {
        "@id": "node/6813858776",
        "brand": "JOHN REED Fitness",
        "brand:wikidata": "Q106434148",
        "check_date": "2025-05-16",
        "leisure": "fitness_centre",
        "level": "2",
        "name": "JOHN REED Fitness"
      },
      "geometry": {
        "type": "Point",
        "coordinates": [
          8.4699102,
          49.491991
        ]
      },
      "id": "node/6813858776"
    },
    {
      "type": "Feature",
      "properties": {
        "@id": "node/7004159631",
        "email": "info@vitacampus.care",
        "leisure": "fitness_centre",
        "name": "Vitacampus",
        "opening_hours": "Mo,We,Fr 08:30-22:30;Tu,Th 06:30-22:30;Sa,Su,PH 10:00-20:00",
        "phone": "+49 711 698212",
        "website": "https://www.vitacampus.care/"
      },
      "geometry": {
        "type": "Point",
        "coordinates": [
          9.1251235,
          48.7772387
        ]
      },
      "id": "node/7004159631"
    },
    {
      "type": "Feature",
      "properties": {
        "@id": "node/7154575591",
        "addr:city": "Stuttgart",
        "addr:housenumber": "22",
        "addr:postcode": "70372",
        "addr:street": "Eisenbahnstraße",
        "leisure": "sports_centre",
        "name": "AikiStuttgart",
        "opening_hours": "Mo-Fr 18:00-21:15",
        "sport": "aikido",
        "website": "https://www.aikistuttgart.de/"
      },
      "geometry": {
        "type": "Point",
        "coordinates": [
          9.2144385,
          48.8028124
        ]
      },
      "id": "node/7154575591"
    },
    {
      "type": "Feature",
      "properties": {
        "@id": "node/7205896851",
        "addr:city": "Karlsruhe",
        "addr:housenumber": "13",
        "addr:postcode": "76131",
        "addr:street": "Engler-Bunte-Ring",
        "climbing:boulder": "yes",
        "climbing:sport": "yes",
        "indoor": "yes",
        "leisure": "sports_centre",
        "name": "Halle 2 A - Kletterwand",
        "sport": "climbing"
      },
      "geometry": {
        "type": "Point",
        "coordinates": [
          8.4147699,
          49.0159372
        ]
      },
      "id": "node/7205896851"
    },
    {
      "type": "Feature",
      "properties": {
        "@id": "node/7205896852",
        "addr:city": "Karlsruhe",
        "addr:housenumber": "13",
        "addr:postcode": "76131",
        "addr:street": "Engler-Bunte-Ring",
        "leisure": "sports_centre",
        "name": "Halle 2",
        "sport": "multi"
      },
      "geometry": {
        "type": "Point",
        "coordinates": [
          8.414987,
          49.0159121
        ]
      },
      "id": "node/7205896852"
    },
    {
      "type": "Feature",
      "properties": {
        "@id": "node/7649452428",
        "addr:city": "Stuttgart",
        "addr:country": "DE",
        "addr:housenumber": "4",
        "addr:postcode": "70599",
        "addr:street": "Scharnhauser Straße",
        "leisure": "fitness_centre",
        "name": "StudioPlus",
        "opening_hours": "Mo-Fr 08:00-22:00; Sa,Su 11:00-16:00",
        "sport": "fitness",
        "website": "https://www.studioplus.ag/",
        "wheelchair": "yes"
      },
      "geometry": {
        "type": "Point",
        "coordinates": [
          9.2147119,
          48.702122
        ]
      },
      "id": "node/7649452428"
    },
    {
      "type": "Feature",
      "properties": {
        "@id": "node/7788513506",
        "brand": "Clever fit",
        "brand:wikidata": "Q27909675",
        "brand:wikipedia": "de:Clever fit",
        "leisure": "fitness_centre",
        "name": "Clever fit"
      },
      "geometry": {
        "type": "Point",
        "coordinates": [
          8.5084709,
          49.4461908
        ]
      },
      "id": "node/7788513506"
    },
    {
      "type": "Feature",
      "properties": {
        "@id": "node/7944973791",
        "leisure": "fitness_centre"
      },
      "geometry": {
        "type": "Point",
        "coordinates": [
          8.4933867,
          49.5078796
        ]
      },
      "id": "node/7944973791"
    },
    {
      "type": "Feature",
      "properties": {
        "@id": "node/8012932345",
        "check_date:opening_hours": "2026-04-21",
        "contact:email": "sascha@your-personal-trainer.de",
        "contact:phone": "+49 721 8210221",
        "contact:website": "https://www.sascha-schorb.de/",
        "leisure": "fitness_centre",
        "name": "Sascha Schorb",
        "opening_hours:signed": "no",
        "personal_trainer": "yes",
        "wheelchair": "no"
      },
      "geometry": {
        "type": "Point",
        "coordinates": [
          8.3798092,
          49.0147585
        ]
      },
      "id": "node/8012932345"
    },
    {
      "type": "Feature",
      "properties": {
        "@id": "node/8199041870",
        "leisure": "fitness_centre",
        "name": "Franklin Fitness",
        "opening_hours": "Mo-Th 08:00-21:00; Fr 08:00-18:00; Sa,Su 09:00-15:00"
      },
      "geometry": {
        "type": "Point",
        "coordinates": [
          8.5224563,
          49.5158022
        ]
      },
      "id": "node/8199041870"
    },
    {
      "type": "Feature",
      "properties": {
        "@id": "node/8610267505",
        "addr:city": "Edingen-Neckarhausen",
        "addr:country": "DE",
        "addr:housenumber": "50",
        "addr:postcode": "68535",
        "addr:street": "Freiherr-von-Drais-Straße",
        "addr:suburb": "Neckarhausen",
        "leisure": "fitness_centre",
        "name": "vital-activ Fitness"
      },
      "geometry": {
        "type": "Point",
        "coordinates": [
          8.5908099,
          49.4716857
        ]
      },
      "id": "node/8610267505"
    },
    {
      "type": "Feature",
      "properties": {
        "@id": "node/8840934659",
        "leisure": "fitness_centre",
        "name": "Fight und Fitness Fabrik Mannheim"
      },
      "geometry": {
        "type": "Point",
        "coordinates": [
          8.4622879,
          49.5177647
        ]
      },
      "id": "node/8840934659"
    },
    {
      "type": "Feature",
      "properties": {
        "@id": "node/8849814442",
        "leisure": "sports_centre",
        "sport": "multi"
      },
      "geometry": {
        "type": "Point",
        "coordinates": [
          8.5034842,
          49.4874189
        ]
      },
      "id": "node/8849814442"
    },
    {
      "type": "Feature",
      "properties": {
        "@id": "node/8986504714",
        "brand": "Fitbox",
        "brand:wikidata": "Q129168234",
        "contact:phone": "+49 711 50488841",
        "contact:website": "https://fitbox.de/de/studios/fitbox-stuttgart-feuersee",
        "leisure": "fitness_centre",
        "name": "Fitbox",
        "opening_hours": "Mo-Fr 09:00-20:00; Sa 09:00-14:00",
        "personal_trainer": "yes"
      },
      "geometry": {
        "type": "Point",
        "coordinates": [
          9.1665842,
          48.7726401
        ]
      },
      "id": "node/8986504714"
    },
    {
      "type": "Feature",
      "properties": {
        "@id": "node/9010101254",
        "addr:city": "Ostfildern",
        "addr:housenumber": "47",
        "addr:postcode": "73760",
        "addr:street": "Schönbergstraße",
        "email": "info@yoga-intens.de",
        "leisure": "fitness_centre",
        "level": "2",
        "name": "YOGA intens",
        "sport": "yoga",
        "website": "https://www.yoga-intens.de/"
      },
      "geometry": {
        "type": "Point",
        "coordinates": [
          9.222529,
          48.7242012
        ]
      },
      "id": "node/9010101254"
    },
    {
      "type": "Feature",
      "properties": {
        "@id": "node/9165685741",
        "addr:city": "Mannheim",
        "addr:housenumber": "11",
        "addr:postcode": "68199",
        "addr:street": "Mühlweg",
        "club": "sport",
        "email": "kontakt@kg-neckarau.de",
        "image": "https://kg-neckarau.de/index.php/de/verein/bootshaus",
        "leisure": "sports_centre",
        "name": "Kanu-Gesellschaft Neckarau e.V.",
        "opening_hours": "Mo-Su 10:00-20:00",
        "operator": "Kanu-Gesellschaft Neckarau e.V.",
        "phone": "+49 177 7375079",
        "sport": "canoe",
        "website": "https://kg-neckarau.de"
      },
      "geometry": {
        "type": "Point",
        "coordinates": [
          8.471212,
          49.4454753
        ]
      },
      "id": "node/9165685741"
    },
    {
      "type": "Feature",
      "properties": {
        "@id": "node/9391022252",
        "leisure": "fitness_centre",
        "name": "XGYM",
        "opening_hours": "Mo-Fr 06:00-23:00; PH,Sa,Su 08:00-22:00"
      },
      "geometry": {
        "type": "Point",
        "coordinates": [
          8.4453196,
          49.4830497
        ]
      },
      "id": "node/9391022252"
    },
    {
      "type": "Feature",
      "properties": {
        "@id": "node/9484024876",
        "leisure": "fitness_centre",
        "name": "inform Frauenfitness",
        "sport": "fitness",
        "website": "https://www.inform-karlsruhe.de/"
      },
      "geometry": {
        "type": "Point",
        "coordinates": [
          8.3751043,
          48.9832712
        ]
      },
      "id": "node/9484024876"
    },
    {
      "type": "Feature",
      "properties": {
        "@id": "node/9609241256",
        "check_date": "2025-12-20",
        "contact:website": "https://die-matte.de/",
        "leisure": "fitness_centre",
        "name": "Die Matte",
        "opening_hours": "\"Nach Vereinbarung\"",
        "sport": "yoga"
      },
      "geometry": {
        "type": "Point",
        "coordinates": [
          8.3856665,
          49.0098251
        ]
      },
      "id": "node/9609241256"
    },
    {
      "type": "Feature",
      "properties": {
        "@id": "node/9775370097",
        "addr:city": "Mannheim",
        "addr:housenumber": "69",
        "addr:postcode": "68163",
        "addr:street": "Meerfeldstraße",
        "email": "empfang@casana.de",
        "fee": "yes",
        "leisure": "sports_centre",
        "name": "Casana",
        "phone": "+49 621 842550",
        "sport": "reha",
        "website": "https://www.casana-mannheim.de/"
      },
      "geometry": {
        "type": "Point",
        "coordinates": [
          8.469919,
          49.4720437
        ]
      },
      "id": "node/9775370097"
    },
    {
      "type": "Feature",
      "properties": {
        "@id": "node/9792344427",
        "access": "private",
        "leisure": "sports_centre",
        "name": "CVJM Waldheim",
        "outdoor": "yes",
        "sport": "climbing_adventure"
      },
      "geometry": {
        "type": "Point",
        "coordinates": [
          8.4095809,
          49.0244543
        ]
      },
      "id": "node/9792344427"
    },
    {
      "type": "Feature",
      "properties": {
        "@id": "node/9792344428",
        "access": "private",
        "leisure": "sports_centre",
        "name": "CVJM Outdoorpark",
        "outdoor": "yes",
        "sport": "climbing"
      },
      "geometry": {
        "type": "Point",
        "coordinates": [
          8.4092161,
          49.0238097
        ]
      },
      "id": "node/9792344428"
    },
    {
      "type": "Feature",
      "properties": {
        "@id": "node/9844421874",
        "addr:city": "Stuttgart",
        "addr:housenumber": "11",
        "addr:postcode": "70176",
        "addr:street": "Kornbergstraße",
        "check_date": "2025-11-09",
        "email": "info@move-factory-gym.de",
        "leisure": "fitness_centre",
        "name": "Move Factory Gym",
        "phone": "+49 711 39088166",
        "website": "https://move-factory-gym.de"
      },
      "geometry": {
        "type": "Point",
        "coordinates": [
          9.1622383,
          48.7836734
        ]
      },
      "id": "node/9844421874"
    },
    {
      "type": "Feature",
      "properties": {
        "@id": "node/9929410671",
        "addr:city": "Mannheim",
        "addr:housenumber": "12",
        "addr:postcode": "68159",
        "addr:street": "C7",
        "email": "sport@uni-mannheim.de",
        "leisure": "sports_centre",
        "level": "0",
        "name": "Tanz Zentrum C7 - Universitaet Mannheim",
        "phone": "+49 621 1813419",
        "sport": "dance",
        "website": "https://www.uni-mannheim.de/sport/studios/tanz/"
      },
      "geometry": {
        "type": "Point",
        "coordinates": [
          8.4587091,
          49.4890667
        ]
      },
      "id": "node/9929410671"
    },
    {
      "type": "Feature",
      "properties": {
        "@id": "node/9946500204",
        "addr:city": "Ludwigshafen am Rhein",
        "addr:country": "DE",
        "addr:housenumber": "25",
        "addr:postcode": "67065",
        "addr:street": "Kalmitstraße",
        "leisure": "sports_centre",
        "name": "ADTV Tanzschule Weile",
        "sport": "dance",
        "website": "https://www.tanzschule-weile.de/"
      },
      "geometry": {
        "type": "Point",
        "coordinates": [
          8.420812,
          49.4596975
        ]
      },
      "id": "node/9946500204"
    },
    {
      "type": "Feature",
      "properties": {
        "@id": "node/9956593435",
        "addr:city": "Stuttgart",
        "addr:housenumber": "2",
        "addr:postcode": "70372",
        "addr:street": "Sulzerrainstraße",
        "leisure": "sports_centre",
        "name": "SoleBad Bad Cannstatt",
        "phone": "+49 711 21666270",
        "sport": "swimming",
        "toilets:wheelchair": "yes",
        "website": "https://www.stuttgarterbaeder.de/solebadcannstatt",
        "wheelchair": "yes"
      },
      "geometry": {
        "type": "Point",
        "coordinates": [
          9.2228372,
          48.8093392
        ]
      },
      "id": "node/9956593435"
    },
    {
      "type": "Feature",
      "properties": {
        "@id": "node/9972348162",
        "addr:city": "Mannheim",
        "addr:housenumber": "79",
        "addr:postcode": "68309",
        "addr:street": "Auf dem Sand",
        "leisure": "fitness_centre",
        "name": "Venice Beach MA-Käfertal",
        "phone": "+49 621 7176930",
        "sport": "fitness",
        "website": "https://www.venicebeach-fitness.de/clubs/premium-fitness/mannheim-kaefertal/"
      },
      "geometry": {
        "type": "Point",
        "coordinates": [
          8.5087726,
          49.5154405
        ]
      },
      "id": "node/9972348162"
    },
    {
      "type": "Feature",
      "properties": {
        "@id": "node/10080599773",
        "contact:website": "https://vfl-kaltental.de/sportkegeln/",
        "leisure": "sports_centre",
        "operator": "VfL Stuttgart-Kaltental 1886 e.V.",
        "sport": "9pin"
      },
      "geometry": {
        "type": "Point",
        "coordinates": [
          9.140849,
          48.7439392
        ]
      },
      "id": "node/10080599773"
    },
    {
      "type": "Feature",
      "properties": {
        "@id": "node/10120123403",
        "addr:city": "Ludwigshafen am Rhein",
        "addr:country": "DE",
        "addr:housenumber": "3",
        "addr:postcode": "67063",
        "addr:street": "Geibelstraße",
        "leisure": "sports_centre",
        "name": "BASF LuFit",
        "operator": "BASF SE",
        "sport": "fitness",
        "website": "https://www.basf.com/lumit"
      },
      "geometry": {
        "type": "Point",
        "coordinates": [
          8.4270949,
          49.4936684
        ]
      },
      "id": "node/10120123403"
    },
    {
      "type": "Feature",
      "properties": {
        "@id": "node/10163881134",
        "addr:city": "Karlsruhe",
        "addr:country": "DE",
        "addr:housenumber": "154",
        "addr:postcode": "76133",
        "addr:street": "Kaiserstraße",
        "contact:email": "studio.karlsruhe@mygym-prime.de",
        "contact:phone": "+49 721 95777544",
        "contact:website": "https://www.mygym-prime.de/mygym-prime-karlsruhe",
        "leisure": "fitness_centre",
        "level": "0",
        "name": "MY GYM PRIME",
        "opening_hours": "Mo-Su 05:00-23:00",
        "sport": "fitness"
      },
      "geometry": {
        "type": "Point",
        "coordinates": [
          8.3940318,
          49.0101836
        ]
      },
      "id": "node/10163881134"
    },
    {
      "type": "Feature",
      "properties": {
        "@id": "node/10174204936",
        "addr:city": "Karlsruhe",
        "addr:housenumber": "64",
        "addr:postcode": "76227",
        "addr:street": "Badener Straße",
        "email": "tbornhauser@web.de",
        "leisure": "fitness_centre",
        "name": "Jumping Fitness Karlsruhe",
        "phone": "+49 170 4729356",
        "website": "https://www.jumpingfitnesskarlsruhe.de/"
      },
      "geometry": {
        "type": "Point",
        "coordinates": [
          8.4721334,
          48.9905872
        ]
      },
      "id": "node/10174204936"
    },
    {
      "type": "Feature",
      "properties": {
        "@id": "node/10176567546",
        "contact:website": "https://filderathletics.de/",
        "leisure": "fitness_centre",
        "name": "Crossfit Ostfildern"
      },
      "geometry": {
        "type": "Point",
        "coordinates": [
          9.2453419,
          48.7282873
        ]
      },
      "id": "node/10176567546"
    },
    {
      "type": "Feature",
      "properties": {
        "@id": "node/10201637508",
        "addr:city": "Karlsruhe",
        "addr:country": "DE",
        "addr:housenumber": "14",
        "addr:postcode": "76133",
        "addr:street": "Karlstraße",
        "check_date": "2026-01-15",
        "climbing:boulder": "yes",
        "email": "kontakt@boulderwelt-karlsruhe.de",
        "fee": "yes",
        "indoor": "yes",
        "leisure": "sports_centre",
        "level": "3",
        "name": "Boulderwelt Karlsruhe",
        "opening_hours": "Mo-Fr 07:00-23:00; Sa,Su,PH 08:00-23:00",
        "operator:wikidata": "Q138732458",
        "phone": "+49 721 96867578",
        "sport": "climbing",
        "url": "https://www.boulderwelt-karlsruhe.de/",
        "wheelchair": "limited"
      },
      "geometry": {
        "type": "Point",
        "coordinates": [
          8.3947847,
          49.0104397
        ]
      },
      "id": "node/10201637508"
    },
    {
      "type": "Feature",
      "properties": {
        "@id": "node/10208328896",
        "contact:email": "info@aktiviosport.de",
        "contact:phone": "+49 721 60953899",
        "contact:website": "https://www.aktiviosport.de/",
        "leisure": "fitness_centre",
        "name": "Activio Sport",
        "opening_hours": "Mo,We 07:00-21:00; Tu,Th,Fr 07:00-20:00; Sa 09:00-14:00; Su 09:00-14:00; PH off"
      },
      "geometry": {
        "type": "Point",
        "coordinates": [
          8.405536,
          48.9821632
        ]
      },
      "id": "node/10208328896"
    },
    {
      "type": "Feature",
      "properties": {
        "@id": "node/10435617366",
        "contact:website": "https://smartclimb.de/",
        "leisure": "sports_centre",
        "name": "Smart Climb",
        "opening_hours": "Th,Fr 14:00-20:00; Sa,Su 10:00-18:00",
        "sells:alcohol": "yes",
        "sport": "climbing"
      },
      "geometry": {
        "type": "Point",
        "coordinates": [
          8.5027716,
          49.497036
        ]
      },
      "id": "node/10435617366"
    },
    {
      "type": "Feature",
      "properties": {
        "@id": "node/10589006254",
        "beauty": "tanning",
        "leisure": "fitness_centre",
        "mobile": "+49 172 7066443",
        "name": "Kettler Studio",
        "opening_hours": "Mo-Sa 10:00-21:00",
        "phone": "+49 711 7288313",
        "shop": "beauty"
      },
      "geometry": {
        "type": "Point",
        "coordinates": [
          9.1926518,
          48.7254934
        ]
      },
      "id": "node/10589006254"
    },
    {
      "type": "Feature",
      "properties": {
        "@id": "node/10697136213",
        "addr:city": "Stuttgart",
        "addr:housenumber": "21b",
        "addr:postcode": "70188",
        "addr:street": "Fuchseckstraße",
        "email": "vollgas@ptbydimitri.de",
        "image": "https://drive.google.com/file/d/1WpCdA2D6Ec1eRfb8R7YyTTi_HXLYcw8_/view?usp=share_link",
        "leisure": "fitness_centre",
        "level": "0",
        "name": "Personal Trainer Dimitri Rutansky",
        "opening_hours": "Mo-Sa 08:00-20:00",
        "phone": "+49 1762 4663694",
        "sport": "fitness;personal_training;kraftsport;crossfit",
        "website": "https://dimitri-rutansky.de/"
      },
      "geometry": {
        "type": "Point",
        "coordinates": [
          9.2072436,
          48.7816438
        ]
      },
      "id": "node/10697136213"
    },
    {
      "type": "Feature",
      "properties": {
        "@id": "node/10702576826",
        "addr:city": "Karlsruhe",
        "addr:country": "DE",
        "addr:housenumber": "19",
        "addr:postcode": "76133",
        "addr:street": "Steinstraße",
        "contact:email": "info@bjj-karlsruhe.de",
        "contact:phone": "+49 1577 1265352",
        "contact:website": "https://bjj-karlsruhe.de/",
        "description": "Brazilian Jiu-Jitsu",
        "leisure": "sports_centre",
        "name": "TeamXtreme",
        "operator": "TeamXtreme Karlsruhe e.V.",
        "sport": "jiu-jitsu"
      },
      "geometry": {
        "type": "Point",
        "coordinates": [
          8.4078121,
          49.0068885
        ]
      },
      "id": "node/10702576826"
    },
    {
      "type": "Feature",
      "properties": {
        "@id": "node/11012196620",
        "check_date": "2026-04-14",
        "leisure": "fitness_centre",
        "name": "Kraftmanufaktur"
      },
      "geometry": {
        "type": "Point",
        "coordinates": [
          9.1715626,
          48.7096055
        ]
      },
      "id": "node/11012196620"
    },
    {
      "type": "Feature",
      "properties": {
        "@id": "node/11045406601",
        "addr:city": "Karlsruhe",
        "addr:country": "DE",
        "addr:housenumber": "3a",
        "addr:postcode": "76185",
        "addr:street": "Pfannkuchstraße",
        "check_date": "2026-04-24",
        "contact:email": "post@sportschule-mach1.de",
        "contact:mobile": "+49 171 1782253",
        "contact:website": "https://sportschule-mach1.de/",
        "description": "Kampfsportschule + Fitness Studio",
        "leisure": "fitness_centre",
        "name": "MACH1",
        "opening_hours": "Mo-Fr 12:00-21:30; Sa 12:00-16:00; Su,PH off",
        "sport": "martial_arts"
      },
      "geometry": {
        "type": "Point",
        "coordinates": [
          8.345345,
          49.0097595
        ]
      },
      "id": "node/11045406601"
    },
    {
      "type": "Feature",
      "properties": {
        "@id": "node/11070676839",
        "addr:city": "Stuttgart",
        "addr:housenumber": "140",
        "addr:postcode": "70197",
        "addr:street": "Rotenwaldstraße",
        "leisure": "fitness_centre",
        "name": "Unique Fitnessclub Stuttgart",
        "opening_hours": "Mo-Fr 07:30-23:00; Sa-So 9:00-20:00",
        "sport": "fitness",
        "website": "https://uniquefitnessclub.de/"
      },
      "geometry": {
        "type": "Point",
        "coordinates": [
          9.1467364,
          48.7680638
        ]
      },
      "id": "node/11070676839"
    },
    {
      "type": "Feature",
      "properties": {
        "@id": "node/11329535769",
        "addr:city": "Stuttgart",
        "addr:housenumber": "32",
        "addr:postcode": "70173",
        "addr:street": "Königstraße",
        "leisure": "fitness_centre",
        "name": "JONNY M. Club Königstraße",
        "opening_hours": "Mo-Fr 07:00-22:00; Sa,Su 10:00-20:00",
        "phone": "+49 711 7223515",
        "website": "https://jonny-m.de/fitnessstudios/stuttgart/koenigstrasse/"
      },
      "geometry": {
        "type": "Point",
        "coordinates": [
          9.1771519,
          48.7780158
        ]
      },
      "id": "node/11329535769"
    },
    {
      "type": "Feature",
      "properties": {
        "@id": "node/11352553251",
        "addr:housenumber": "14",
        "addr:street": "An der Tagweide",
        "email": "probe@chlkd.de",
        "leisure": "fitness_centre",
        "name": "CrossFit Chlkd",
        "opening_hours": "Mo 06:30-10:30,16:30-20:00; Tu 17:30-20:00; We 06:30-10:30,17:30-20:00; Th 18:30-20:00; Fr 06:30-10:30,16:00-18:00; Sa 09:00-11:00; Su 10:30-11:30",
        "phone": "+49 160 3098753",
        "sport": "fitness",
        "website": "https://chlkd.de/"
      },
      "geometry": {
        "type": "Point",
        "coordinates": [
          8.4614474,
          49.0234863
        ]
      },
      "id": "node/11352553251"
    },
    {
      "type": "Feature",
      "properties": {
        "@id": "node/11353702614",
        "addr:city": "Karlsruhe",
        "addr:country": "DE",
        "addr:housenumber": "16",
        "addr:postcode": "76185",
        "addr:street": "Daimlerstraße",
        "branch": "Fächerstadt",
        "brand": "CrossFit",
        "brand:wikidata": "Q2072840",
        "contact:email": "info@crossfit-faecherstadt.com",
        "contact:website": "https://crossfit-faecherstadt.com",
        "leisure": "fitness_centre",
        "name": "CrossFit",
        "sport": "fitness"
      },
      "geometry": {
        "type": "Point",
        "coordinates": [
          8.3567934,
          49.0278518
        ]
      },
      "id": "node/11353702614"
    },
    {
      "type": "Feature",
      "properties": {
        "@id": "node/11459178869",
        "addr:housenumber": "1",
        "addr:postcode": "68159",
        "addr:street": "H7",
        "leisure": "fitness_centre",
        "name": "Reformé Reformer Studio",
        "old_name": "Pribce",
        "old_name:de": "Prince House Gallery",
        "old_name:en": "Prince House Gallery",
        "sport": "pilates",
        "website": "https://www.reformeactive.com/"
      },
      "geometry": {
        "type": "Point",
        "coordinates": [
          8.4632938,
          49.4919979
        ]
      },
      "id": "node/11459178869"
    },
    {
      "type": "Feature",
      "properties": {
        "@id": "node/11465182369",
        "addr:housenumber": "30",
        "addr:postcode": "68159",
        "addr:street": "G7",
        "leisure": "fitness_centre",
        "name": "flow - yoga and more",
        "website": "https://www.yogaflow-mannheim.de/"
      },
      "geometry": {
        "type": "Point",
        "coordinates": [
          8.4604639,
          49.4922409
        ]
      },
      "id": "node/11465182369"
    },
    {
      "type": "Feature",
      "properties": {
        "@id": "node/11497948115",
        "addr:city": "Stuttgart",
        "addr:country": "DE",
        "addr:housenumber": "48",
        "addr:postcode": "70182",
        "addr:street": "Olgastraße",
        "brand": "Bodystreet",
        "brand:wikidata": "Q117880186",
        "leisure": "fitness_centre",
        "name": "Bodystreet",
        "website": "https://www.bodystreet.com/de/studio/bodystreet-stuttgart-olgaeck",
        "wheelchair": "yes"
      },
      "geometry": {
        "type": "Point",
        "coordinates": [
          9.1844799,
          48.7736412
        ]
      },
      "id": "node/11497948115"
    },
    {
      "type": "Feature",
      "properties": {
        "@id": "node/11531745393",
        "leisure": "fitness_centre",
        "name": "Jonny M.",
        "opening_hours": "Mo,We 06:00-22:00; Tu,Th 09:00-22:00; Fr 09:00-21:00; Sa,Su,PH 10:00-18:00"
      },
      "geometry": {
        "type": "Point",
        "coordinates": [
          9.1801759,
          48.7873981
        ]
      },
      "id": "node/11531745393"
    },
    {
      "type": "Feature",
      "properties": {
        "@id": "node/11540722896",
        "contact:website": "https://www.osp-stuttgart.org",
        "leisure": "sports_centre",
        "name": "Olympiastützpunkt Stuttgart"
      },
      "geometry": {
        "type": "Point",
        "coordinates": [
          9.23222,
          48.7937332
        ]
      },
      "id": "node/11540722896"
    },
    {
      "type": "Feature",
      "properties": {
        "@id": "node/11801691135",
        "leisure": "fitness_centre",
        "name": "House of Pilates"
      },
      "geometry": {
        "type": "Point",
        "coordinates": [
          8.5188215,
          49.5031286
        ]
      },
      "id": "node/11801691135"
    },
    {
      "type": "Feature",
      "properties": {
        "@id": "node/11811835969",
        "addr:city": "Karlsruhe",
        "addr:country": "DE",
        "addr:housenumber": "10",
        "addr:postcode": "76133",
        "addr:street": "Gartenstraße",
        "contact:email": "info@pilates-for-me.de",
        "contact:phone": "+49 721 3842144",
        "contact:website": "https://www.pilates-for-me.de/",
        "description": "Studio für Neuro | Pilates | Therapie",
        "leisure": "fitness_centre",
        "level": "1",
        "name": "Pilates for me",
        "opening_hours:signed": "no",
        "operator": "Dr. Nici Henecka",
        "sport": "pilates"
      },
      "geometry": {
        "type": "Point",
        "coordinates": [
          8.3969019,
          49.0046959
        ]
      },
      "id": "node/11811835969"
    },
    {
      "type": "Feature",
      "properties": {
        "@id": "node/11811835970",
        "addr:city": "Karlsruhe",
        "addr:country": "DE",
        "addr:housenumber": "10",
        "addr:postcode": "76133",
        "addr:street": "Gartenstraße",
        "contact:email": "info@iyengar-yoga-karlsruhe.de",
        "contact:website": "https://www.iyengar-yoga-karlsruhe.de/",
        "description": "Hatha-Yoga nach B.K.S. Iyengar",
        "leisure": "fitness_centre",
        "level": "2",
        "name": "YOGAetage",
        "opening_hours:signed": "no",
        "sport": "yoga"
      },
      "geometry": {
        "type": "Point",
        "coordinates": [
          8.3969002,
          49.004739
        ]
      },
      "id": "node/11811835970"
    },
    {
      "type": "Feature",
      "properties": {
        "@id": "node/11848282449",
        "check_date:opening_hours": "2026-06-03",
        "leisure": "fitness_centre",
        "name": "PandActive",
        "opening_hours:signed": "no"
      },
      "geometry": {
        "type": "Point",
        "coordinates": [
          9.1814296,
          48.7737612
        ]
      },
      "id": "node/11848282449"
    },
    {
      "type": "Feature",
      "properties": {
        "@id": "node/12004041450",
        "addr:city": "Karlsruhe",
        "addr:country": "DE",
        "addr:housename": "Bau 61",
        "addr:housenumber": "41",
        "addr:postcode": "76227",
        "addr:street": "Amalienbadstraße",
        "addr:suburb": "Durlach",
        "contact:email": "info@onetoonesports.de",
        "contact:phone": "+49 721 20323640",
        "contact:website": "https://www.onetoonesports.de/",
        "leisure": "fitness_centre",
        "level": "4",
        "name": "one to one",
        "sport": "fitness"
      },
      "geometry": {
        "type": "Point",
        "coordinates": [
          8.4638593,
          48.9957834
        ]
      },
      "id": "node/12004041450"
    },
    {
      "type": "Feature",
      "properties": {
        "@id": "node/12078800812",
        "leisure": "fitness_centre",
        "name": "Move Light Fitness Club",
        "note": "Erstreckt sich über Gebäudeteile 1c und 1d, laut Homepage Hausnummer 1, aber keinerlei Hausnummern an der gesamten Gebäudefront von 1a-1d entdeckt.",
        "sport": "fitness",
        "website": "https://move-karlsruhe.de/"
      },
      "geometry": {
        "type": "Point",
        "coordinates": [
          8.444234,
          49.0280341
        ]
      },
      "id": "node/12078800812"
    },
    {
      "type": "Feature",
      "properties": {
        "@id": "node/12287976576",
        "addr:city": "Karlsruhe",
        "addr:country": "DE",
        "addr:housenumber": "34",
        "addr:postcode": "76131",
        "addr:street": "Striederstraße",
        "brand": "FitX",
        "brand:wikidata": "Q29031618",
        "leisure": "fitness_centre",
        "name": "FitX",
        "website": "https://www.fitx.de/"
      },
      "geometry": {
        "type": "Point",
        "coordinates": [
          8.4381948,
          49.0103907
        ]
      },
      "id": "node/12287976576"
    },
    {
      "type": "Feature",
      "properties": {
        "@id": "node/12383133135",
        "addr:city": "Mannheim",
        "addr:housenumber": "7",
        "addr:postcode": "68169",
        "addr:street": "Langstraße",
        "email": "info@somayoga.space",
        "leisure": "fitness_centre",
        "name": "Soma Yoga",
        "phone": "+49 170 4851862",
        "sport": "yoga",
        "website": "https://somayoga.space",
        "website:booking": "https://www.eversports.de/scl/somayogaspace"
      },
      "geometry": {
        "type": "Point",
        "coordinates": [
          8.4712291,
          49.4966556
        ]
      },
      "id": "node/12383133135"
    },
    {
      "type": "Feature",
      "properties": {
        "@id": "node/12475948919",
        "addr:city": "Stuttgart",
        "addr:housenumber": "7",
        "addr:postcode": "70597",
        "addr:street": "Georgiiweg",
        "leisure": "sports_centre",
        "name": "Bewegungswelt Waldau",
        "website": "https://www.stuttgart-bewegt-sich.de/bewegungsraum/bewegungswelt-waldau"
      },
      "geometry": {
        "type": "Point",
        "coordinates": [
          9.1875129,
          48.7514001
        ]
      },
      "id": "node/12475948919"
    },
    {
      "type": "Feature",
      "properties": {
        "@id": "node/12492267441",
        "addr:city": "Karlsruhe",
        "addr:country": "DE",
        "addr:housenumber": "17a",
        "addr:postcode": "76135",
        "addr:street": "Ebertstraße",
        "contact:email": "info@mae-yoga.de",
        "contact:website": "https://www.mae-studio.de/",
        "description": "Yoga und Pilates Studio",
        "leisure": "fitness_centre",
        "name": "Mae Studio",
        "sport": "yoga;pilates"
      },
      "geometry": {
        "type": "Point",
        "coordinates": [
          8.3926473,
          48.9943312
        ]
      },
      "id": "node/12492267441"
    },
    {
      "type": "Feature",
      "properties": {
        "@id": "node/12571382802",
        "addr:postcode": "70771",
        "email": "info@powerplay-fitness.de",
        "internet_access": "wlan",
        "leisure": "fitness_centre",
        "name": "Power Play for Ladies",
        "opening_hours": "Mo-Fr 05:00-23:00; Sa-Su 05:00-21:00",
        "phone": "+49 711 7072810",
        "website": "https://powerplay-fitness.de/"
      },
      "geometry": {
        "type": "Point",
        "coordinates": [
          9.1628436,
          48.6958768
        ]
      },
      "id": "node/12571382802"
    },
    {
      "type": "Feature",
      "properties": {
        "@id": "node/12618556280",
        "addr:city": "Stuttgart",
        "addr:country": "DE",
        "addr:housenumber": "80",
        "addr:postcode": "70193",
        "addr:street": "Bebelstraße",
        "addr:suburb": "West",
        "alt_name": "Bewegungsraum",
        "leisure": "fitness_centre",
        "name": "Marimeckfit",
        "opening_hours": "Su-Fr,PH 06:00-22:00",
        "opening_hours:url": "https://marimeckfit.de/marimeckfit_kontakt.htm",
        "sport": "fitness",
        "website": "https://marimeckfit.de/"
      },
      "geometry": {
        "type": "Point",
        "coordinates": [
          9.1469227,
          48.774852
        ]
      },
      "id": "node/12618556280"
    },
    {
      "type": "Feature",
      "properties": {
        "@id": "node/12941932839",
        "changing_table": "no",
        "check_date": "2026-06-05",
        "email": "info@mgfitness.de",
        "kids_area": "no",
        "leisure": "fitness_centre",
        "name": "MG fitness",
        "opening_hours": "Mo-Fr 07:00-22:00; Sa-Su 10:00-20:00; PH open \"wie sonntags\"",
        "operator": "Gabor Kuglics",
        "phone": "+49 711 630403",
        "sauna": "aroma",
        "sport": "fitness",
        "swimming_pool": "no",
        "toilets": "yes",
        "toilets:access": "customers",
        "website": "https://mgfitness.de",
        "wheelchair": "no"
      },
      "geometry": {
        "type": "Point",
        "coordinates": [
          9.1588143,
          48.7722953
        ]
      },
      "id": "node/12941932839"
    },
    {
      "type": "Feature",
      "properties": {
        "@id": "node/13022691031",
        "leisure": "fitness_centre",
        "name": "top sports"
      },
      "geometry": {
        "type": "Point",
        "coordinates": [
          9.1632858,
          48.7477222
        ]
      },
      "id": "node/13022691031"
    },
    {
      "type": "Feature",
      "properties": {
        "@id": "node/13031534380",
        "leisure": "fitness_centre",
        "name": "FitX",
        "website": "https://www.fitx.de/fitnessstudios/mannheim-almenhof"
      },
      "geometry": {
        "type": "Point",
        "coordinates": [
          8.4871165,
          49.4655244
        ]
      },
      "id": "node/13031534380"
    },
    {
      "type": "Feature",
      "properties": {
        "@id": "node/13048226401",
        "addr:housenumber": "106",
        "addr:postcode": "70188",
        "addr:street": "Ostendstraße",
        "leisure": "fitness_centre",
        "name": "East-Side-Gym",
        "opening_hours": "Mo-Fr 09:00-22:00; Sa-Su 10:00-19:00",
        "website": "https://www.eastsidegym.de/"
      },
      "geometry": {
        "type": "Point",
        "coordinates": [
          9.20759,
          48.7821667
        ]
      },
      "id": "node/13048226401"
    },
    {
      "type": "Feature",
      "properties": {
        "@id": "node/13100231201",
        "addr:housenumber": "106",
        "addr:postcode": "70188",
        "addr:street": "Ostendstraße",
        "contact:instagram": "eastsidegym",
        "email": "info@eastsidegym.de",
        "internet_access": "wlan",
        "leisure": "fitness_centre",
        "level": "0",
        "name": "East-Side-Gym",
        "opening_hours": "Mo-Fr 09:00-22:00; Sa-Su 10:00-19:00",
        "phone": "+497114208928",
        "website": "https://www.eastsidegym.de/"
      },
      "geometry": {
        "type": "Point",
        "coordinates": [
          9.2076032,
          48.7821869
        ]
      },
      "id": "node/13100231201"
    },
    {
      "type": "Feature",
      "properties": {
        "@id": "node/13134050901",
        "check_date": "2025-09-10",
        "email": "namaste@yogaloftsued.de",
        "leisure": "fitness_centre",
        "name": "Yoga Loft Süd",
        "sport": "yoga",
        "website": "https://www.yogaloftsued.de",
        "wheelchair": "no"
      },
      "geometry": {
        "type": "Point",
        "coordinates": [
          9.1742614,
          48.7679169
        ]
      },
      "id": "node/13134050901"
    },
    {
      "type": "Feature",
      "properties": {
        "@id": "node/13251693581",
        "addr:city": "Stuttgart",
        "addr:housenumber": "15",
        "addr:postcode": "70372",
        "addr:street": "Brählesgasse",
        "leisure": "fitness_centre",
        "name": "Yogastudio Hanna Heinen",
        "sport": "yoga"
      },
      "geometry": {
        "type": "Point",
        "coordinates": [
          9.2130203,
          48.8049316
        ]
      },
      "id": "node/13251693581"
    },
    {
      "type": "Feature",
      "properties": {
        "@id": "node/13252482546",
        "leisure": "fitness_centre",
        "name": "FT-Club"
      },
      "geometry": {
        "type": "Point",
        "coordinates": [
          9.1752458,
          48.7746125
        ]
      },
      "id": "node/13252482546"
    },
    {
      "type": "Feature",
      "properties": {
        "@id": "node/13328224002",
        "addr:city": "Karlsruhe",
        "addr:country": "DE",
        "addr:housenumber": "24-28",
        "addr:postcode": "76133",
        "addr:street": "Waldstraße",
        "contact:website": "https://gym10.de/de/fitnessstudio-karlsruhe",
        "leisure": "fitness_centre",
        "level": "3",
        "name": "Gym10",
        "opening_hours": "24/7"
      },
      "geometry": {
        "type": "Point",
        "coordinates": [
          8.3979422,
          49.010449
        ]
      },
      "id": "node/13328224002"
    },
    {
      "type": "Feature",
      "properties": {
        "@id": "node/13332649600",
        "addr:city": "Karlsruhe",
        "addr:country": "DE",
        "addr:housenumber": "1-5",
        "addr:postcode": "76185",
        "addr:street": "Daimlerstraße",
        "contact:phone": "+49 721 9822822",
        "contact:website": "https://fit-in.de/daimlerstrasse.html",
        "leisure": "fitness_centre",
        "name": "Fit-in",
        "opening_hours": "Mo-Fr 06:00-23:00; Sa,Su 08:00-22:00; PH 08:00-20:00",
        "sport": "fitness"
      },
      "geometry": {
        "type": "Point",
        "coordinates": [
          8.3563141,
          49.0251346
        ]
      },
      "id": "node/13332649600"
    },
    {
      "type": "Feature",
      "properties": {
        "@id": "node/13345614001",
        "addr:housenumber": "147",
        "addr:postcode": "70195",
        "addr:street": "Furtwänglerstraße",
        "internet_access": "wlan",
        "leisure": "fitness_centre",
        "name": "MTV Motiv",
        "opening_hours": "Mo 06:00-22:00, Tu 07:30-22:00, We 09:00-22:00, Th 07:30-22:00, Fr 09:00-22:00, Sa-Su 10:00-20:00",
        "phone": "+4971125855580",
        "website": "https://motiv-fitness.de/"
      },
      "geometry": {
        "type": "Point",
        "coordinates": [
          9.1314232,
          48.7860696
        ]
      },
      "id": "node/13345614001"
    },
    {
      "type": "Feature",
      "properties": {
        "@id": "node/13483783890",
        "addr:city": "Stuttgart",
        "addr:housenumber": "99B",
        "addr:postcode": "70176",
        "addr:street": "Senefelderstraße",
        "email": "hallo@mamagold.de",
        "information": "Telefonische Erreichbarkeit täglich zwischen 13.00-15.00 Uhr. Wenn wir nicht erreichbar sind, schreib uns am besten eine E-Mail.",
        "leisure": "fitness_centre",
        "name": "Mamagold",
        "owner": "Isabel Hepke und Vanessa Zachwey",
        "phone": "+49 176 30139008",
        "sport": "yoga;pilates",
        "website": "https://mamagold.de"
      },
      "geometry": {
        "type": "Point",
        "coordinates": [
          9.1570738,
          48.7794168
        ]
      },
      "id": "node/13483783890"
    },
    {
      "type": "Feature",
      "properties": {
        "@id": "node/13483980201",
        "addr:housenumber": "23",
        "addr:postcode": "68199",
        "addr:street": "Wattstraße",
        "email": "info@padelmannheim.de",
        "leisure": "sports_centre",
        "name": "maba! Padel Mannheim",
        "opening_hours": "Mo-We 15:00-22:30; Th 07:00-22:30; Fr 10:00-22:30; Sa 09:00-19:00; Su 09:00-18:00",
        "website": "https://padelmannheim.de/"
      },
      "geometry": {
        "type": "Point",
        "coordinates": [
          8.4955792,
          49.4647162
        ]
      },
      "id": "node/13483980201"
    },
    {
      "type": "Feature",
      "properties": {
        "@id": "node/13619855919",
        "addr:city": "Ostfildern",
        "addr:housenumber": "2",
        "addr:postcode": "73760",
        "addr:street": "Brunnwiesenstraße",
        "branch": "Körperwerk Training und Physiotherapie Ruit",
        "email": "ruit@koerperwerk.com",
        "leisure": "fitness_centre",
        "level": "0",
        "name": "Körperwerk",
        "opening_hours": "Mo-Su 07:00-18:00",
        "phone": "+49 711 50 488 488",
        "sport": "fitness",
        "website": "https://www.koerperwerk.com/ostfildern-ruit"
      },
      "geometry": {
        "type": "Point",
        "coordinates": [
          9.2458718,
          48.7303632
        ]
      },
      "id": "node/13619855919"
    },
    {
      "type": "Feature",
      "properties": {
        "@id": "node/13838092682",
        "addr:city": "Filderstadt",
        "addr:country": "DE",
        "addr:housenumber": "1",
        "addr:postcode": "70794",
        "addr:street": "Gottlieb-Daimler-Straße",
        "addr:suburb": "Bernhausen",
        "leisure": "fitness_centre",
        "name": "Four Horsemen",
        "sport": "crossfit",
        "website": "https://www.fourhorsemen.de/"
      },
      "geometry": {
        "type": "Point",
        "coordinates": [
          9.1977224,
          48.6771877
        ]
      },
      "id": "node/13838092682"
    },
    {
      "type": "Feature",
      "properties": {
        "@id": "node/13841455122",
        "addr:city": "Karlsruhe",
        "addr:housenumber": "69",
        "addr:postcode": "76131",
        "addr:street": "Gerwigstraße",
        "leisure": "fitness_centre",
        "name": "GYM10",
        "opening_hours": "24/7",
        "website": "https://gym10.de/de/fitnessstudio-karlsruhe-a0724487-a8aa-4d4a-815d-08f70030e987"
      },
      "geometry": {
        "type": "Point",
        "coordinates": [
          8.4383746,
          49.0070297
        ]
      },
      "id": "node/13841455122"
    },
    {
      "type": "Feature",
      "properties": {
        "@id": "node/13859591850",
        "leisure": "fitness_centre",
        "name": "K360 Sports",
        "sport": "fitness",
        "website": "https://www.kings360.de/"
      },
      "geometry": {
        "type": "Point",
        "coordinates": [
          8.4879169,
          49.4783798
        ]
      },
      "id": "node/13859591850"
    }
  ]
}