{
  "type": "FeatureCollection",
  "generator": "overpass-turbo",
  "copyright": "The data included in this document is from www.openstreetmap.org. The data is made available under ODbL.",
  "timestamp": "2026-06-07T10:49:48Z",
  "features": [
    {
      "type": "Feature",
      "properties": {
        "@id": "relation/1533949",
        "addr:city": "Stuttgart",
        "addr:country": "DE",
        "addr:housenumber": "32",
        "addr:postcode": "70197",
        "addr:street": "Zamenhofstraße",
        "building": "dormitory",
        "building:levels": "5",
        "roof:levels": "0",
        "type": "multipolygon",
        "@geometry": "center"
      },
      "geometry": {
        "type": "Point",
        "coordinates": [
          9.1387099,
          48.7706387
        ]
      },
      "id": "relation/1533949"
    },
    {
      "type": "Feature",
      "properties": {
        "@id": "relation/3251879",
        "addr:city": "Karlsruhe",
        "addr:country": "DE",
        "addr:housename": "Theodor Steinmann Haus",
        "addr:postcode": "76133",
        "addr:street": "Gartenstraße",
        "building": "dormitory",
        "name": "Theodor Steinmann Haus",
        "type": "multipolygon",
        "@geometry": "center"
      },
      "geometry": {
        "type": "Point",
        "coordinates": [
          8.3927109,
          49.0045444
        ]
      },
      "id": "relation/3251879"
    },
    {
      "type": "Feature",
      "properties": {
        "@id": "relation/4099290",
        "alt_name": "Europahaus",
        "building": "dormitory",
        "building:colour": "white",
        "building:levels": "4",
        "building:material": "concrete",
        "dormitory": "student",
        "name": "Internationales Wohnheim Europahaus",
        "roof:colour": "silver",
        "roof:levels": "0",
        "roof:material": "metal",
        "roof:shape": "gabled",
        "type": "multipolygon",
        "@geometry": "center"
      },
      "geometry": {
        "type": "Point",
        "coordinates": [
          8.3931432,
          49.0168177
        ]
      },
      "id": "relation/4099290"
    },
    {
      "type": "Feature",
      "properties": {
        "@id": "relation/8010088",
        "building": "dormitory",
        "building:levels": "4",
        "roof:colour": "#909090",
        "roof:shape": "flat",
        "type": "multipolygon",
        "@geometry": "center"
      },
      "geometry": {
        "type": "Point",
        "coordinates": [
          8.4846154,
          49.5247058
        ]
      },
      "id": "relation/8010088"
    },
    {
      "type": "Feature",
      "properties": {
        "@id": "relation/13194260",
        "building": "dormitory",
        "type": "multipolygon",
        "@geometry": "center"
      },
      "geometry": {
        "type": "Point",
        "coordinates": [
          8.4087828,
          48.9382564
        ]
      },
      "id": "relation/13194260"
    },
    {
      "type": "Feature",
      "properties": {
        "@id": "way/19782878",
        "addr:city": "Karlsruhe",
        "addr:country": "DE",
        "addr:housenumber": "1",
        "addr:postcode": "76131",
        "addr:street": "Willy-Andreas-Allee",
        "building": "dormitory",
        "building:levels": "8",
        "contact:website": "https://www.hek.whka.de/",
        "denomination": "protestant",
        "description": "Studentenwohnheim",
        "name": "Hermann-Ehlers-Kolleg",
        "operator:type": "religious",
        "religion": "christian",
        "roof:shape": "flat",
        "short_name": "HEK",
        "@geometry": "center"
      },
      "geometry": {
        "type": "Point",
        "coordinates": [
          8.3970449,
          49.0156628
        ]
      },
      "id": "way/19782878"
    },
    {
      "type": "Feature",
      "properties": {
        "@id": "way/20909486",
        "addr:city": "Karlsruhe",
        "addr:country": "DE",
        "addr:housenumber": "5",
        "addr:postcode": "76131",
        "addr:street": "Willy-Andreas-Allee",
        "building": "dormitory",
        "building:colour": "#C27353",
        "building:levels": "8",
        "contact:website": "http://www.abh.uni-karlsruhe.de",
        "denomination": "roman_catholic",
        "description": "Studentenwohnheim",
        "name": "Augustin-Bea-Haus",
        "operator": "Erzdiözese Freiburg",
        "operator:type": "religious",
        "religion": "christian",
        "roof:shape": "flat",
        "short_name": "ABH",
        "wheelchair": "yes",
        "wheelchair:description": "kleine Stufe am Eingang, Aufzug vorhanden.",
        "@geometry": "center"
      },
      "geometry": {
        "type": "Point",
        "coordinates": [
          8.3958129,
          49.0162548
        ]
      },
      "id": "way/20909486"
    },
    {
      "type": "Feature",
      "properties": {
        "@id": "way/20911412",
        "addr:city": "Karlsruhe",
        "addr:country": "DE",
        "addr:housenumber": "3",
        "addr:postcode": "76131",
        "addr:street": "Willy-Andreas-Allee",
        "building": "dormitory",
        "building:levels": "8",
        "contact:website": "https://www.abh.whka.de",
        "denomination": "roman_catholic",
        "description": "Studentenwohnheim",
        "name": "Reinhold-Schneider-Haus",
        "operator": "Erzdiözese Freiburg",
        "operator:type": "religious",
        "religion": "christian",
        "roof:shape": "flat",
        "short_name": "RSH",
        "website": "https://www.abh.whka.de",
        "@geometry": "center"
      },
      "geometry": {
        "type": "Point",
        "coordinates": [
          8.3964719,
          49.016049
        ]
      },
      "id": "way/20911412"
    },
    {
      "type": "Feature",
      "properties": {
        "@id": "way/23138236",
        "addr:city": "Karlsruhe",
        "addr:country": "DE",
        "addr:housenumber": "7",
        "addr:postcode": "76131",
        "addr:street": "Willy-Andreas-Allee",
        "building": "dormitory",
        "building:levels": "8",
        "contact:website": "https://www.domus7.org",
        "description": "Studentenwohnheim",
        "name": "Domus 7",
        "old_name": "Karl-Hans-Albrecht-Haus",
        "old_short_name": "KHA",
        "operator": "Verein der Freunde der Hochschule Karlsruhe e.V.",
        "operator:type": "community",
        "roof:shape": "flat",
        "short_name": "D7",
        "start_date": "1966",
        "wheelchair": "no",
        "wheelchair:description": "Rollstuhlgerechter Eingang durch den Keller, Aufzug vorhanden.",
        "@geometry": "center"
      },
      "geometry": {
        "type": "Point",
        "coordinates": [
          8.3952409,
          49.0159913
        ]
      },
      "id": "way/23138236"
    },
    {
      "type": "Feature",
      "properties": {
        "@id": "way/23691226",
        "addr:city": "Stuttgart",
        "addr:country": "DE",
        "addr:housenumber": "50A",
        "addr:postcode": "70569",
        "addr:street": "Pfaffenwaldring",
        "building": "dormitory",
        "building:levels": "3",
        "operator": "Studierendenwerk Stuttgart",
        "roof:levels": "3",
        "roof:shape": "flat",
        "source": "Maps4BW, LGL, www.lgl-bw.de",
        "@geometry": "center"
      },
      "geometry": {
        "type": "Point",
        "coordinates": [
          9.1019302,
          48.7462609
        ]
      },
      "id": "way/23691226"
    },
    {
      "type": "Feature",
      "properties": {
        "@id": "way/23691228",
        "addr:city": "Stuttgart",
        "addr:country": "DE",
        "addr:housenumber": "48C",
        "addr:postcode": "70569",
        "addr:street": "Pfaffenwaldring",
        "building": "dormitory",
        "building:levels": "5",
        "operator": "Studierendenwerk Stuttgart",
        "roof:shape": "flat",
        "source": "Maps4BW, LGL, www.lgl-bw.de",
        "@geometry": "center"
      },
      "geometry": {
        "type": "Point",
        "coordinates": [
          9.1001129,
          48.7463985
        ]
      },
      "id": "way/23691228"
    },
    {
      "type": "Feature",
      "properties": {
        "@id": "way/23691229",
        "addr:city": "Stuttgart",
        "addr:country": "DE",
        "addr:housenumber": "46A",
        "addr:postcode": "70569",
        "addr:street": "Pfaffenwaldring",
        "building": "dormitory",
        "building:levels": "5",
        "operator": "Studierendenwerk Stuttgart",
        "roof:shape": "flat",
        "source": "Maps4BW, LGL, www.lgl-bw.de",
        "@geometry": "center"
      },
      "geometry": {
        "type": "Point",
        "coordinates": [
          9.1006658,
          48.747016
        ]
      },
      "id": "way/23691229"
    },
    {
      "type": "Feature",
      "properties": {
        "@id": "way/23691230",
        "addr:city": "Stuttgart",
        "addr:country": "DE",
        "addr:housenumber": "44E",
        "addr:postcode": "70569",
        "addr:street": "Pfaffenwaldring",
        "addr:suburb": "Vaihingen",
        "building": "dormitory",
        "building:levels": "5",
        "operator": "Studierendenwerk Stuttgart",
        "roof:shape": "flat",
        "source": "Maps4BW, LGL, www.lgl-bw.de",
        "@geometry": "center"
      },
      "geometry": {
        "type": "Point",
        "coordinates": [
          9.1012168,
          48.7468097
        ]
      },
      "id": "way/23691230"
    },
    {
      "type": "Feature",
      "properties": {
        "@id": "way/23691231",
        "addr:city": "Stuttgart",
        "addr:country": "DE",
        "addr:housenumber": "42B",
        "addr:postcode": "70569",
        "addr:street": "Pfaffenwaldring",
        "building": "dormitory",
        "building:levels": "5",
        "operator": "Studierendenwerk Stuttgart",
        "roof:shape": "flat",
        "source": "Maps4BW, LGL, www.lgl-bw.de",
        "@geometry": "center"
      },
      "geometry": {
        "type": "Point",
        "coordinates": [
          9.1022037,
          48.7469961
        ]
      },
      "id": "way/23691231"
    },
    {
      "type": "Feature",
      "properties": {
        "@id": "way/23691959",
        "addr:city": "Stuttgart",
        "addr:country": "DE",
        "addr:housenumber": "26A",
        "addr:postcode": "70569",
        "addr:street": "Allmandring",
        "building": "dormitory",
        "building:levels": "4",
        "operator": "Studierendenwerk Stuttgart",
        "roof:levels": "0",
        "roof:shape": "flat",
        "source": "Maps4BW, LGL, www.lgl-bw.de",
        "@geometry": "center"
      },
      "geometry": {
        "type": "Point",
        "coordinates": [
          9.0964397,
          48.7440261
        ]
      },
      "id": "way/23691959"
    },
    {
      "type": "Feature",
      "properties": {
        "@id": "way/23712182",
        "addr:city": "Stuttgart",
        "addr:country": "DE",
        "addr:housenumber": "22C",
        "addr:postcode": "70569",
        "addr:street": "Allmandring",
        "building": "dormitory",
        "building:levels": "4",
        "roof:levels": "0",
        "roof:shape": "flat",
        "source": "Maps4BW, LGL, www.lgl-bw.de",
        "@geometry": "center"
      },
      "geometry": {
        "type": "Point",
        "coordinates": [
          9.097874,
          48.7447087
        ]
      },
      "id": "way/23712182"
    },
    {
      "type": "Feature",
      "properties": {
        "@id": "way/23712183",
        "addr:city": "Stuttgart",
        "addr:country": "DE",
        "addr:housenumber": "22D",
        "addr:postcode": "70569",
        "addr:street": "Allmandring",
        "building": "dormitory",
        "building:levels": "4",
        "roof:levels": "0",
        "roof:shape": "flat",
        "source": "Maps4BW, LGL, www.lgl-bw.de",
        "@geometry": "center"
      },
      "geometry": {
        "type": "Point",
        "coordinates": [
          9.0979366,
          48.744501
        ]
      },
      "id": "way/23712183"
    },
    {
      "type": "Feature",
      "properties": {
        "@id": "way/23712184",
        "addr:city": "Stuttgart",
        "addr:country": "DE",
        "addr:housenumber": "22A",
        "addr:postcode": "70569",
        "addr:street": "Allmandring",
        "building": "dormitory",
        "building:levels": "3",
        "roof:levels": "0",
        "roof:shape": "flat",
        "source": "Maps4BW, LGL, www.lgl-bw.de",
        "@geometry": "center"
      },
      "geometry": {
        "type": "Point",
        "coordinates": [
          9.0982394,
          48.7447832
        ]
      },
      "id": "way/23712184"
    },
    {
      "type": "Feature",
      "properties": {
        "@id": "way/23712185",
        "addr:city": "Stuttgart",
        "addr:country": "DE",
        "addr:housenumber": "18D",
        "addr:postcode": "70569",
        "addr:street": "Allmandring",
        "building": "dormitory",
        "building:colour": "grey",
        "building:levels": "2",
        "roof:levels": "0",
        "roof:shape": "flat",
        "source": "Maps4BW, LGL, www.lgl-bw.de",
        "@geometry": "center"
      },
      "geometry": {
        "type": "Point",
        "coordinates": [
          9.0983463,
          48.7445472
        ]
      },
      "id": "way/23712185"
    },
    {
      "type": "Feature",
      "properties": {
        "@id": "way/23712186",
        "addr:city": "Stuttgart",
        "addr:country": "DE",
        "addr:housenumber": "20D",
        "addr:postcode": "70569",
        "addr:street": "Allmandring",
        "building": "dormitory",
        "building:levels": "4",
        "roof:levels": "0",
        "roof:shape": "flat",
        "source": "Maps4BW, LGL, www.lgl-bw.de",
        "@geometry": "center"
      },
      "geometry": {
        "type": "Point",
        "coordinates": [
          9.0986073,
          48.7449079
        ]
      },
      "id": "way/23712186"
    },
    {
      "type": "Feature",
      "properties": {
        "@id": "way/23712187",
        "addr:city": "Stuttgart",
        "addr:country": "DE",
        "addr:housenumber": "20C",
        "addr:postcode": "70569",
        "addr:street": "Allmandring",
        "building": "dormitory",
        "building:levels": "4",
        "roof:levels": "0",
        "roof:shape": "flat",
        "source": "Maps4BW, LGL, www.lgl-bw.de",
        "@geometry": "center"
      },
      "geometry": {
        "type": "Point",
        "coordinates": [
          9.0985435,
          48.7451147
        ]
      },
      "id": "way/23712187"
    },
    {
      "type": "Feature",
      "properties": {
        "@id": "way/23712188",
        "addr:city": "Stuttgart",
        "addr:country": "DE",
        "addr:housenumber": "20A",
        "addr:postcode": "70569",
        "addr:street": "Allmandring",
        "building": "dormitory",
        "building:colour": "#708090",
        "building:levels": "3",
        "roof:levels": "0",
        "roof:shape": "flat",
        "source": "Maps4BW, LGL, www.lgl-bw.de",
        "@geometry": "center"
      },
      "geometry": {
        "type": "Point",
        "coordinates": [
          9.0989094,
          48.7451897
        ]
      },
      "id": "way/23712188"
    },
    {
      "type": "Feature",
      "properties": {
        "@id": "way/23712189",
        "addr:city": "Stuttgart",
        "addr:country": "DE",
        "addr:housenumber": "16B",
        "addr:postcode": "70569",
        "addr:street": "Allmandring",
        "building": "dormitory",
        "building:levels": "3",
        "roof:levels": "0",
        "roof:shape": "flat",
        "source": "Maps4BW, LGL, www.lgl-bw.de",
        "@geometry": "center"
      },
      "geometry": {
        "type": "Point",
        "coordinates": [
          9.0992732,
          48.7452376
        ]
      },
      "id": "way/23712189"
    },
    {
      "type": "Feature",
      "properties": {
        "@id": "way/23712190",
        "addr:city": "Stuttgart",
        "addr:country": "DE",
        "addr:housenumber": "16A",
        "addr:postcode": "70569",
        "addr:street": "Allmandring",
        "building": "dormitory",
        "building:levels": "3",
        "roof:levels": "0",
        "roof:shape": "flat",
        "source": "Maps4BW, LGL, www.lgl-bw.de",
        "@geometry": "center"
      },
      "geometry": {
        "type": "Point",
        "coordinates": [
          9.0993366,
          48.745021
        ]
      },
      "id": "way/23712190"
    },
    {
      "type": "Feature",
      "properties": {
        "@id": "way/23712191",
        "addr:city": "Stuttgart",
        "addr:country": "DE",
        "addr:housenumber": "16C",
        "addr:postcode": "70569",
        "addr:street": "Allmandring",
        "building": "dormitory",
        "building:levels": "2",
        "roof:levels": "0",
        "roof:shape": "flat",
        "source": "Maps4BW, LGL, www.lgl-bw.de",
        "@geometry": "center"
      },
      "geometry": {
        "type": "Point",
        "coordinates": [
          9.0990183,
          48.7449697
        ]
      },
      "id": "way/23712191"
    },
    {
      "type": "Feature",
      "properties": {
        "@id": "way/23712192",
        "addr:city": "Stuttgart",
        "addr:country": "DE",
        "addr:housenumber": "18C",
        "addr:postcode": "70569",
        "addr:street": "Allmandring",
        "building": "dormitory",
        "building:colour": "grey",
        "building:levels": "4",
        "roof:levels": "0",
        "roof:shape": "flat",
        "source": "Maps4BW, LGL, www.lgl-bw.de",
        "@geometry": "center"
      },
      "geometry": {
        "type": "Point",
        "coordinates": [
          9.0986628,
          48.7446094
        ]
      },
      "id": "way/23712192"
    },
    {
      "type": "Feature",
      "properties": {
        "@id": "way/23712193",
        "addr:city": "Stuttgart",
        "addr:country": "DE",
        "addr:housenumber": "18A",
        "addr:postcode": "70569",
        "addr:street": "Allmandring",
        "building": "dormitory",
        "building:colour": "grey",
        "building:levels": "4",
        "roof:levels": "0",
        "roof:shape": "flat",
        "source": "Maps4BW, LGL, www.lgl-bw.de",
        "@geometry": "center"
      },
      "geometry": {
        "type": "Point",
        "coordinates": [
          9.0990317,
          48.7446662
        ]
      },
      "id": "way/23712193"
    },
    {
      "type": "Feature",
      "properties": {
        "@id": "way/23712194",
        "addr:city": "Stuttgart",
        "addr:country": "DE",
        "addr:housenumber": "14C",
        "addr:postcode": "70569",
        "addr:street": "Allmandring",
        "building": "dormitory",
        "building:colour": "grey",
        "building:levels": "4",
        "roof:levels": "0",
        "roof:shape": "flat",
        "source": "Maps4BW, LGL, www.lgl-bw.de",
        "@geometry": "center"
      },
      "geometry": {
        "type": "Point",
        "coordinates": [
          9.0993971,
          48.7447803
        ]
      },
      "id": "way/23712194"
    },
    {
      "type": "Feature",
      "properties": {
        "@id": "way/23712195",
        "addr:city": "Stuttgart",
        "addr:country": "DE",
        "addr:housenumber": "14A",
        "addr:postcode": "70569",
        "addr:street": "Allmandring",
        "building": "dormitory",
        "building:colour": "grey",
        "building:levels": "4",
        "roof:levels": "0",
        "roof:shape": "flat",
        "source": "Maps4BW, LGL, www.lgl-bw.de",
        "@geometry": "center"
      },
      "geometry": {
        "type": "Point",
        "coordinates": [
          9.0997633,
          48.744809
        ]
      },
      "id": "way/23712195"
    },
    {
      "type": "Feature",
      "properties": {
        "@id": "way/23712197",
        "addr:city": "Stuttgart",
        "addr:country": "DE",
        "addr:housenumber": "8E",
        "addr:postcode": "70569",
        "addr:street": "Allmandring",
        "building": "dormitory",
        "building:levels": "3",
        "roof:levels": "0",
        "roof:shape": "flat",
        "source": "Maps4BW, LGL, www.lgl-bw.de",
        "@geometry": "center"
      },
      "geometry": {
        "type": "Point",
        "coordinates": [
          9.1002248,
          48.744886
        ]
      },
      "id": "way/23712197"
    },
    {
      "type": "Feature",
      "properties": {
        "@id": "way/23712198",
        "addr:city": "Stuttgart",
        "addr:country": "DE",
        "addr:housenumber": "8D",
        "addr:postcode": "70569",
        "addr:street": "Allmandring",
        "building": "dormitory",
        "building:levels": "4",
        "roof:levels": "0",
        "roof:shape": "flat",
        "source": "Maps4BW, LGL, www.lgl-bw.de",
        "@geometry": "center"
      },
      "geometry": {
        "type": "Point",
        "coordinates": [
          9.1005354,
          48.7449149
        ]
      },
      "id": "way/23712198"
    },
    {
      "type": "Feature",
      "properties": {
        "@id": "way/23712199",
        "addr:city": "Stuttgart",
        "addr:country": "DE",
        "addr:housenumber": "8B",
        "addr:postcode": "70569",
        "addr:street": "Allmandring",
        "building": "dormitory",
        "building:levels": "4",
        "roof:levels": "0",
        "roof:shape": "flat",
        "source": "Maps4BW, LGL, www.lgl-bw.de",
        "@geometry": "center"
      },
      "geometry": {
        "type": "Point",
        "coordinates": [
          9.1009005,
          48.7449481
        ]
      },
      "id": "way/23712199"
    },
    {
      "type": "Feature",
      "properties": {
        "@id": "way/23712200",
        "addr:city": "Stuttgart",
        "addr:country": "DE",
        "addr:housenumber": "12A",
        "addr:postcode": "70569",
        "addr:street": "Allmandring",
        "building": "dormitory",
        "building:levels": "4",
        "roof:levels": "0",
        "roof:shape": "flat",
        "source": "Maps4BW, LGL, www.lgl-bw.de",
        "@geometry": "center"
      },
      "geometry": {
        "type": "Point",
        "coordinates": [
          9.1006624,
          48.7452104
        ]
      },
      "id": "way/23712200"
    },
    {
      "type": "Feature",
      "properties": {
        "@id": "way/23712201",
        "addr:city": "Stuttgart",
        "addr:country": "DE",
        "addr:housenumber": "12B",
        "addr:postcode": "70569",
        "addr:street": "Allmandring",
        "building": "dormitory",
        "building:levels": "4",
        "roof:levels": "0",
        "roof:shape": "flat",
        "source": "Maps4BW, LGL, www.lgl-bw.de",
        "@geometry": "center"
      },
      "geometry": {
        "type": "Point",
        "coordinates": [
          9.100346,
          48.7451851
        ]
      },
      "id": "way/23712201"
    },
    {
      "type": "Feature",
      "properties": {
        "@id": "way/23712202",
        "addr:city": "Stuttgart",
        "addr:country": "DE",
        "addr:housenumber": "12C",
        "addr:postcode": "70569",
        "addr:street": "Allmandring",
        "building": "dormitory",
        "building:levels": "3",
        "roof:levels": "0",
        "roof:shape": "flat",
        "source": "Maps4BW, LGL, www.lgl-bw.de",
        "@geometry": "center"
      },
      "geometry": {
        "type": "Point",
        "coordinates": [
          9.1002836,
          48.7453919
        ]
      },
      "id": "way/23712202"
    },
    {
      "type": "Feature",
      "properties": {
        "@id": "way/23712203",
        "addr:city": "Stuttgart",
        "addr:country": "DE",
        "addr:housenumber": "12E",
        "addr:postcode": "70569",
        "addr:street": "Allmandring",
        "building": "dormitory",
        "building:levels": "4",
        "roof:levels": "0",
        "roof:shape": "flat",
        "source": "Maps4BW, LGL, www.lgl-bw.de",
        "@geometry": "center"
      },
      "geometry": {
        "type": "Point",
        "coordinates": [
          9.0999179,
          48.7453244
        ]
      },
      "id": "way/23712203"
    },
    {
      "type": "Feature",
      "properties": {
        "@id": "way/23712204",
        "addr:city": "Stuttgart",
        "addr:country": "DE",
        "addr:housenumber": "10D",
        "addr:postcode": "70569",
        "addr:street": "Allmandring",
        "building": "dormitory",
        "building:levels": "3",
        "roof:levels": "0",
        "roof:shape": "flat",
        "source": "Maps4BW, LGL, www.lgl-bw.de",
        "@geometry": "center"
      },
      "geometry": {
        "type": "Point",
        "coordinates": [
          9.1006427,
          48.7454479
        ]
      },
      "id": "way/23712204"
    },
    {
      "type": "Feature",
      "properties": {
        "@id": "way/23712205",
        "addr:city": "Stuttgart",
        "addr:country": "DE",
        "addr:housenumber": "10B",
        "addr:postcode": "70569",
        "addr:street": "Allmandring",
        "building": "dormitory",
        "building:levels": "3",
        "roof:levels": "0",
        "roof:shape": "flat",
        "source": "Maps4BW, LGL, www.lgl-bw.de",
        "@geometry": "center"
      },
      "geometry": {
        "type": "Point",
        "coordinates": [
          9.1010115,
          48.7454957
        ]
      },
      "id": "way/23712205"
    },
    {
      "type": "Feature",
      "properties": {
        "@id": "way/23712206",
        "addr:city": "Stuttgart",
        "addr:country": "DE",
        "addr:housenumber": "10A",
        "addr:postcode": "70569",
        "addr:street": "Allmandring",
        "building": "dormitory",
        "building:levels": "4",
        "roof:levels": "0",
        "roof:shape": "flat",
        "source": "Maps4BW, LGL, www.lgl-bw.de",
        "@geometry": "center"
      },
      "geometry": {
        "type": "Point",
        "coordinates": [
          9.1010729,
          48.7452887
        ]
      },
      "id": "way/23712206"
    },
    {
      "type": "Feature",
      "properties": {
        "@id": "way/23838844",
        "addr:city": "Stuttgart",
        "addr:country": "DE",
        "addr:housenumber": "3E",
        "addr:postcode": "70569",
        "addr:street": "Allmandring",
        "building": "dormitory",
        "building:levels": "3",
        "operator": "Studierendenwerk Stuttgart",
        "roof:levels": "0",
        "roof:shape": "flat",
        "source": "Maps4BW, LGL, www.lgl-bw.de",
        "@geometry": "center"
      },
      "geometry": {
        "type": "Point",
        "coordinates": [
          9.1007411,
          48.7431088
        ]
      },
      "id": "way/23838844"
    },
    {
      "type": "Feature",
      "properties": {
        "@id": "way/24019384",
        "addr:city": "Stuttgart",
        "addr:country": "DE",
        "addr:housenumber": "123",
        "addr:postcode": "70195",
        "addr:street": "Vaihinger Landstraße",
        "building": "dormitory",
        "building:levels": "3",
        "name": "Karl-Wacker-Heim",
        "roof:levels": "1",
        "roof:shape": "flat",
        "wikidata": "Q121301161",
        "@geometry": "center"
      },
      "geometry": {
        "type": "Point",
        "coordinates": [
          9.1235309,
          48.7718398
        ]
      },
      "id": "way/24019384"
    },
    {
      "type": "Feature",
      "properties": {
        "@id": "way/24212752",
        "addr:city": "Karlsruhe",
        "addr:country": "DE",
        "addr:housenumber": "20 W-X",
        "addr:postcode": "76187",
        "addr:street": "Nancystraße",
        "building": "dormitory",
        "building:levels": "5",
        "building:use": "residential",
        "roof:levels": "0",
        "roof:shape": "gabled",
        "smoking": "outside",
        "@geometry": "center"
      },
      "geometry": {
        "type": "Point",
        "coordinates": [
          8.3704859,
          49.0211173
        ]
      },
      "id": "way/24212752"
    },
    {
      "type": "Feature",
      "properties": {
        "@id": "way/24212753",
        "addr:city": "Karlsruhe",
        "addr:country": "DE",
        "addr:housenumber": "20 S-T",
        "addr:postcode": "76187",
        "addr:street": "Nancystraße",
        "building": "dormitory",
        "building:levels": "5",
        "building:use": "residential",
        "roof:levels": "0",
        "roof:shape": "gabled",
        "smoking": "outside",
        "@geometry": "center"
      },
      "geometry": {
        "type": "Point",
        "coordinates": [
          8.3708967,
          49.0209232
        ]
      },
      "id": "way/24212753"
    },
    {
      "type": "Feature",
      "properties": {
        "@id": "way/24212754",
        "addr:city": "Karlsruhe",
        "addr:country": "DE",
        "addr:housenumber": "24a",
        "addr:postcode": "76187",
        "addr:street": "Nancystraße",
        "building": "dormitory",
        "building:levels": "3",
        "building:use": "residential",
        "roof:shape": "gabled",
        "@geometry": "center"
      },
      "geometry": {
        "type": "Point",
        "coordinates": [
          8.3695316,
          49.0215451
        ]
      },
      "id": "way/24212754"
    },
    {
      "type": "Feature",
      "properties": {
        "@id": "way/24212761",
        "addr:city": "Karlsruhe",
        "addr:country": "DE",
        "addr:housenumber": "24b",
        "addr:postcode": "76187",
        "addr:street": "Nancystraße",
        "building": "dormitory",
        "building:levels": "3",
        "building:use": "residential",
        "roof:shape": "gabled",
        "@geometry": "center"
      },
      "geometry": {
        "type": "Point",
        "coordinates": [
          8.3696815,
          49.0216729
        ]
      },
      "id": "way/24212761"
    },
    {
      "type": "Feature",
      "properties": {
        "@id": "way/24212762",
        "addr:city": "Karlsruhe",
        "addr:country": "DE",
        "addr:housenumber": "24c",
        "addr:postcode": "76187",
        "addr:street": "Nancystraße",
        "building": "dormitory",
        "building:levels": "3",
        "building:use": "residential",
        "roof:shape": "gabled",
        "@geometry": "center"
      },
      "geometry": {
        "type": "Point",
        "coordinates": [
          8.3698255,
          49.0217977
        ]
      },
      "id": "way/24212762"
    },
    {
      "type": "Feature",
      "properties": {
        "@id": "way/24212763",
        "addr:city": "Karlsruhe",
        "addr:country": "DE",
        "addr:housenumber": "24e",
        "addr:postcode": "76187",
        "addr:street": "Nancystraße",
        "building": "dormitory",
        "building:levels": "3",
        "building:use": "residential",
        "roof:levels": "1",
        "roof:shape": "gabled",
        "@geometry": "center"
      },
      "geometry": {
        "type": "Point",
        "coordinates": [
          8.3692809,
          49.0218846
        ]
      },
      "id": "way/24212763"
    },
    {
      "type": "Feature",
      "properties": {
        "@id": "way/24212765",
        "addr:city": "Karlsruhe",
        "addr:country": "DE",
        "addr:housenumber": "24d",
        "addr:postcode": "76187",
        "addr:street": "Nancystraße",
        "building": "dormitory",
        "building:levels": "3",
        "building:use": "residential",
        "roof:levels": "1",
        "roof:shape": "gabled",
        "@geometry": "center"
      },
      "geometry": {
        "type": "Point",
        "coordinates": [
          8.3691275,
          49.0217537
        ]
      },
      "id": "way/24212765"
    },
    {
      "type": "Feature",
      "properties": {
        "@id": "way/24212766",
        "addr:city": "Karlsruhe",
        "addr:country": "DE",
        "addr:housenumber": "24f",
        "addr:postcode": "76187",
        "addr:street": "Nancystraße",
        "building": "dormitory",
        "building:levels": "3",
        "building:use": "residential",
        "roof:levels": "1",
        "roof:shape": "gabled",
        "@geometry": "center"
      },
      "geometry": {
        "type": "Point",
        "coordinates": [
          8.3694224,
          49.0220043
        ]
      },
      "id": "way/24212766"
    },
    {
      "type": "Feature",
      "properties": {
        "@id": "way/25595955",
        "addr:city": "Stuttgart",
        "addr:country": "DE",
        "addr:housenumber": "9A",
        "addr:postcode": "70174",
        "addr:street": "Holzgartenstraße",
        "addr:suburb": "Mitte",
        "alt_name": "Max-Kade-Wohnheim",
        "building": "dormitory",
        "building:levels": "15",
        "name": "Max-Kade-Haus",
        "operator:website": "https://www.studierendenwerk-stuttgart.de/wohnen/wohnanlagen/max-kade-haus",
        "roof:levels": "1",
        "roof:shape": "flat",
        "website": "https://max-kade.de/",
        "website:map": "yes",
        "wikimedia_commons": "Category:Studentenwohnheim Max Kade Stuttgart",
        "@geometry": "center"
      },
      "geometry": {
        "type": "Point",
        "coordinates": [
          9.1698232,
          48.7804584
        ]
      },
      "id": "way/25595955"
    },
    {
      "type": "Feature",
      "properties": {
        "@id": "way/26383762",
        "addr:city": "Eggenstein-Leopoldshafen",
        "addr:country": "DE",
        "addr:housenumber": "3",
        "addr:postcode": "76344",
        "addr:street": "Berliner Ring",
        "building": "dormitory",
        "building:levels": "3",
        "roof:levels": "0",
        "roof:shape": "skillion",
        "source": "Maps4BW",
        "@geometry": "center"
      },
      "geometry": {
        "type": "Point",
        "coordinates": [
          8.4040405,
          49.0878881
        ]
      },
      "id": "way/26383762"
    },
    {
      "type": "Feature",
      "properties": {
        "@id": "way/26793925",
        "addr:city": "Karlsruhe",
        "addr:country": "DE",
        "addr:housenumber": "20 U-V",
        "addr:postcode": "76187",
        "addr:street": "Nancystraße",
        "building": "dormitory",
        "building:levels": "5",
        "building:use": "residential",
        "roof:levels": "0",
        "roof:shape": "gabled",
        "smoking": "outside",
        "@geometry": "center"
      },
      "geometry": {
        "type": "Point",
        "coordinates": [
          8.3711192,
          49.021129
        ]
      },
      "id": "way/26793925"
    },
    {
      "type": "Feature",
      "properties": {
        "@id": "way/26793926",
        "addr:city": "Karlsruhe",
        "addr:country": "DE",
        "addr:housenumber": "20 Y-Z",
        "addr:postcode": "76187",
        "addr:street": "Nancystraße",
        "building": "dormitory",
        "building:levels": "5",
        "building:use": "residential",
        "roof:levels": "0",
        "roof:shape": "gabled",
        "smoking": "outside",
        "@geometry": "center"
      },
      "geometry": {
        "type": "Point",
        "coordinates": [
          8.3707067,
          49.0213225
        ]
      },
      "id": "way/26793926"
    },
    {
      "type": "Feature",
      "properties": {
        "@id": "way/27080858",
        "addr:city": "Karlsruhe",
        "addr:country": "DE",
        "addr:housenumber": "3",
        "addr:postcode": "76189",
        "addr:street": "Thomas-Mann-Straße",
        "building": "dormitory",
        "building:levels": "10",
        "name": "Neues Christophorus-Haus",
        "roof:levels": "0",
        "source:addr": "Maps4BW, LGL, www.lgl-bw.de",
        "@geometry": "center"
      },
      "geometry": {
        "type": "Point",
        "coordinates": [
          8.3423874,
          48.9983213
        ]
      },
      "id": "way/27080858"
    },
    {
      "type": "Feature",
      "properties": {
        "@id": "way/28080175",
        "addr:city": "Stuttgart",
        "addr:country": "DE",
        "addr:housenumber": "17",
        "addr:postcode": "70176",
        "addr:street": "Ludwigstraße",
        "building": "dormitory",
        "@geometry": "center"
      },
      "geometry": {
        "type": "Point",
        "coordinates": [
          9.1641378,
          48.7747273
        ]
      },
      "id": "way/28080175"
    },
    {
      "type": "Feature",
      "properties": {
        "@id": "way/32594602",
        "addr:city": "Stuttgart",
        "addr:country": "DE",
        "addr:housenumber": "80",
        "addr:postcode": "70569",
        "addr:street": "Universitätsstraße",
        "building": "dormitory",
        "building:levels": "3",
        "operator": "Studierendenwerk Stuttgart",
        "roof:levels": "1",
        "roof:shape": "skillion",
        "@geometry": "center"
      },
      "geometry": {
        "type": "Point",
        "coordinates": [
          9.1021878,
          48.7422619
        ]
      },
      "id": "way/32594602"
    },
    {
      "type": "Feature",
      "properties": {
        "@id": "way/32594608",
        "addr:city": "Stuttgart",
        "addr:country": "DE",
        "addr:housenumber": "104A",
        "addr:postcode": "70569",
        "addr:street": "Universitätsstraße",
        "building": "dormitory",
        "building:levels": "3",
        "operator": "Studierendenwerk Stuttgart",
        "roof:levels": "1",
        "roof:shape": "gabled",
        "@geometry": "center"
      },
      "geometry": {
        "type": "Point",
        "coordinates": [
          9.1028693,
          48.742114
        ]
      },
      "id": "way/32594608"
    },
    {
      "type": "Feature",
      "properties": {
        "@id": "way/32594673",
        "addr:city": "Stuttgart",
        "addr:country": "DE",
        "addr:housenumber": "76C",
        "addr:postcode": "70569",
        "addr:street": "Pfaffenwaldring",
        "building": "dormitory",
        "operator": "Studierendenwerk Stuttgart",
        "source": "Maps4BW, LGL, www.lgl-bw.de",
        "@geometry": "center"
      },
      "geometry": {
        "type": "Point",
        "coordinates": [
          9.1022907,
          48.7432134
        ]
      },
      "id": "way/32594673"
    },
    {
      "type": "Feature",
      "properties": {
        "@id": "way/32594687",
        "addr:city": "Stuttgart",
        "addr:country": "DE",
        "addr:housenumber": "64A",
        "addr:postcode": "70569",
        "addr:street": "Pfaffenwaldring",
        "building": "dormitory",
        "building:levels": "2",
        "operator": "Studierendenwerk Stuttgart",
        "roof:levels": "1",
        "roof:shape": "skillion",
        "source": "Maps4BW, LGL, www.lgl-bw.de",
        "@geometry": "center"
      },
      "geometry": {
        "type": "Point",
        "coordinates": [
          9.102479,
          48.7434298
        ]
      },
      "id": "way/32594687"
    },
    {
      "type": "Feature",
      "properties": {
        "@id": "way/33514107",
        "addr:city": "Stuttgart",
        "addr:country": "DE",
        "addr:housenumber": "15",
        "addr:postcode": "70569",
        "addr:street": "Allmandring",
        "building": "dormitory",
        "building:material": "wood",
        "description": "Dormitory made out of wood by students.",
        "int_name": "Student Dormitory Bauhäusle",
        "name": "Studierendenwohnheim Bauhäusle",
        "operator": "Studierendenwerk Stuttgart",
        "short_name": "Bauhäusle",
        "smoking": "outside",
        "website": "https://www.bauhaeusle.de/",
        "wheelchair": "no",
        "wikidata": "Q31839829",
        "wikipedia": "de:Bauhäusle",
        "@geometry": "center"
      },
      "geometry": {
        "type": "Point",
        "coordinates": [
          9.0973266,
          48.7436218
        ]
      },
      "id": "way/33514107"
    },
    {
      "type": "Feature",
      "properties": {
        "@id": "way/35678086",
        "addr:city": "Ostfildern",
        "addr:country": "DE",
        "addr:housenumber": "8",
        "addr:postcode": "73760",
        "addr:street": "Paracelsusweg",
        "building": "dormitory",
        "building:levels": "3",
        "roof:levels": "0",
        "@geometry": "center"
      },
      "geometry": {
        "type": "Point",
        "coordinates": [
          9.2558906,
          48.7403668
        ]
      },
      "id": "way/35678086"
    },
    {
      "type": "Feature",
      "properties": {
        "@id": "way/36448591",
        "addr:city": "Karlsruhe",
        "addr:country": "DE",
        "addr:housenumber": "18 N-P",
        "addr:postcode": "76187",
        "addr:street": "Nancystraße",
        "building": "dormitory",
        "building:levels": "5",
        "building:use": "residential",
        "roof:levels": "0",
        "roof:shape": "gabled",
        "smoking": "outside",
        "source:geometry": "Maps4BW, LGL, www.lgl-bw.de",
        "start_date": "2009",
        "@geometry": "center"
      },
      "geometry": {
        "type": "Point",
        "coordinates": [
          8.3712727,
          49.0207469
        ]
      },
      "id": "way/36448591"
    },
    {
      "type": "Feature",
      "properties": {
        "@id": "way/36448594",
        "addr:city": "Karlsruhe",
        "addr:country": "DE",
        "addr:housenumber": "18 J-K",
        "addr:postcode": "76187",
        "addr:street": "Nancystraße",
        "building": "dormitory",
        "building:levels": "5",
        "building:use": "residential",
        "roof:levels": "0",
        "roof:shape": "gabled",
        "smoking": "outside",
        "source:geometry": "Maps4BW, LGL, www.lgl-bw.de",
        "start_date": "2009",
        "@geometry": "center"
      },
      "geometry": {
        "type": "Point",
        "coordinates": [
          8.3716728,
          49.0205595
        ]
      },
      "id": "way/36448594"
    },
    {
      "type": "Feature",
      "properties": {
        "@id": "way/36448595",
        "addr:city": "Karlsruhe",
        "addr:country": "DE",
        "addr:housenumber": "18 Q-R",
        "addr:postcode": "76187",
        "addr:street": "Nancystraße",
        "building": "dormitory",
        "building:levels": "5",
        "building:use": "residential",
        "roof:levels": "0",
        "roof:shape": "gabled",
        "smoking": "outside",
        "source:geometry": "Maps4BW, LGL, www.lgl-bw.de",
        "start_date": "2009",
        "@geometry": "center"
      },
      "geometry": {
        "type": "Point",
        "coordinates": [
          8.3714935,
          49.0209517
        ]
      },
      "id": "way/36448595"
    },
    {
      "type": "Feature",
      "properties": {
        "@id": "way/36448597",
        "addr:city": "Karlsruhe",
        "addr:country": "DE",
        "addr:housenumber": "18 L-M",
        "addr:postcode": "76187",
        "addr:street": "Nancystraße",
        "building": "dormitory",
        "building:levels": "5",
        "building:use": "residential",
        "roof:levels": "0",
        "roof:shape": "gabled",
        "smoking": "outside",
        "source:geometry": "Maps4BW, LGL, www.lgl-bw.de",
        "start_date": "2009",
        "@geometry": "center"
      },
      "geometry": {
        "type": "Point",
        "coordinates": [
          8.3718934,
          49.0207644
        ]
      },
      "id": "way/36448597"
    },
    {
      "type": "Feature",
      "properties": {
        "@id": "way/43121906",
        "addr:city": "Stuttgart",
        "addr:country": "DE",
        "addr:housenumber": "3G",
        "addr:postcode": "70569",
        "addr:street": "Allmandring",
        "building": "dormitory",
        "building:levels": "3",
        "operator": "Studierendenwerk Stuttgart",
        "roof:levels": "0",
        "roof:shape": "flat",
        "source": "Maps4BW, LGL, www.lgl-bw.de",
        "@geometry": "center"
      },
      "geometry": {
        "type": "Point",
        "coordinates": [
          9.1009162,
          48.7426325
        ]
      },
      "id": "way/43121906"
    },
    {
      "type": "Feature",
      "properties": {
        "@id": "way/43121908",
        "addr:city": "Stuttgart",
        "addr:country": "DE",
        "addr:housenumber": "3I",
        "addr:postcode": "70569",
        "addr:street": "Allmandring",
        "building": "dormitory",
        "building:levels": "3",
        "operator": "Studierendenwerk Stuttgart",
        "roof:levels": "0",
        "roof:shape": "flat",
        "source": "Maps4BW, LGL, www.lgl-bw.de",
        "@geometry": "center"
      },
      "geometry": {
        "type": "Point",
        "coordinates": [
          9.1001524,
          48.7426689
        ]
      },
      "id": "way/43121908"
    },
    {
      "type": "Feature",
      "properties": {
        "@id": "way/43121909",
        "addr:city": "Stuttgart",
        "addr:country": "DE",
        "addr:housenumber": "3I",
        "addr:postcode": "70569",
        "addr:street": "Allmandring",
        "building": "dormitory",
        "building:levels": "3",
        "operator": "Studierendenwerk Stuttgart",
        "roof:levels": "0",
        "roof:shape": "flat",
        "source": "Maps4BW, LGL, www.lgl-bw.de",
        "@geometry": "center"
      },
      "geometry": {
        "type": "Point",
        "coordinates": [
          9.1003762,
          48.7426571
        ]
      },
      "id": "way/43121909"
    },
    {
      "type": "Feature",
      "properties": {
        "@id": "way/43121911",
        "addr:city": "Stuttgart",
        "addr:country": "DE",
        "addr:housenumber": "3D",
        "addr:postcode": "70569",
        "addr:street": "Allmandring",
        "building": "dormitory",
        "building:levels": "3",
        "operator": "Studierendenwerk Stuttgart",
        "roof:levels": "0",
        "roof:shape": "flat",
        "source": "Maps4BW, LGL, www.lgl-bw.de",
        "@geometry": "center"
      },
      "geometry": {
        "type": "Point",
        "coordinates": [
          9.1012577,
          48.7428513
        ]
      },
      "id": "way/43121911"
    },
    {
      "type": "Feature",
      "properties": {
        "@id": "way/43121912",
        "addr:city": "Stuttgart",
        "addr:country": "DE",
        "addr:housenumber": "3D",
        "addr:postcode": "70569",
        "addr:street": "Allmandring",
        "building": "dormitory",
        "building:levels": "3",
        "operator": "Studierendenwerk Stuttgart",
        "roof:levels": "0",
        "roof:shape": "flat",
        "source": "Maps4BW, LGL, www.lgl-bw.de",
        "@geometry": "center"
      },
      "geometry": {
        "type": "Point",
        "coordinates": [
          9.1014809,
          48.7428394
        ]
      },
      "id": "way/43121912"
    },
    {
      "type": "Feature",
      "properties": {
        "@id": "way/43599388",
        "addr:city": "Karlsruhe",
        "addr:housenumber": "6",
        "addr:postcode": "76131",
        "addr:street": "Adenauerring",
        "building": "dormitory",
        "building:levels": "4",
        "heritage": "yes",
        "name": "Kolleg am Ring",
        "operator": "Studentenwohnheim des Karlsruher Instituts für Technologie (KIT) e.V.",
        "ref": "50.22",
        "roof:levels": "0",
        "roof:shape": "flat",
        "source:geometry": "Maps4BW, LGL, www.lgl-bw.de",
        "start_date": "1950s",
        "wheelchair": "no",
        "@geometry": "center"
      },
      "geometry": {
        "type": "Point",
        "coordinates": [
          8.4195482,
          49.0108495
        ]
      },
      "id": "way/43599388"
    },
    {
      "type": "Feature",
      "properties": {
        "@id": "way/45768259",
        "addr:city": "Stuttgart",
        "addr:country": "DE",
        "addr:housenumber": "34",
        "addr:postcode": "70191",
        "addr:street": "Türlenstraße",
        "building": "dormitory",
        "@geometry": "center"
      },
      "geometry": {
        "type": "Point",
        "coordinates": [
          9.1769346,
          48.7920642
        ]
      },
      "id": "way/45768259"
    },
    {
      "type": "Feature",
      "properties": {
        "@id": "way/51858129",
        "addr:city": "Stuttgart",
        "addr:country": "DE",
        "addr:housenumber": "57",
        "addr:postcode": "70599",
        "addr:street": "Egilolfstraße",
        "building": "dormitory",
        "source": "yahoo",
        "@geometry": "center"
      },
      "geometry": {
        "type": "Point",
        "coordinates": [
          9.2066548,
          48.7150921
        ]
      },
      "id": "way/51858129"
    },
    {
      "type": "Feature",
      "properties": {
        "@id": "way/53020553",
        "addr:city": "Stuttgart",
        "addr:country": "DE",
        "addr:housenumber": "80",
        "addr:postcode": "70599",
        "addr:street": "Welfenstraße",
        "building": "dormitory",
        "@geometry": "center"
      },
      "geometry": {
        "type": "Point",
        "coordinates": [
          9.2058357,
          48.7154907
        ]
      },
      "id": "way/53020553"
    },
    {
      "type": "Feature",
      "properties": {
        "@id": "way/54512075",
        "addr:city": "Stuttgart",
        "addr:country": "DE",
        "addr:housenumber": "8A",
        "addr:postcode": "70569",
        "addr:street": "Allmandring",
        "building": "dormitory",
        "building:levels": "3",
        "roof:levels": "0",
        "roof:shape": "flat",
        "source": "Maps4BW, LGL, www.lgl-bw.de",
        "@geometry": "center"
      },
      "geometry": {
        "type": "Point",
        "coordinates": [
          9.1012426,
          48.7450082
        ]
      },
      "id": "way/54512075"
    },
    {
      "type": "Feature",
      "properties": {
        "@id": "way/54512078",
        "addr:city": "Stuttgart",
        "addr:country": "DE",
        "addr:housenumber": "8C",
        "addr:postcode": "70569",
        "addr:street": "Allmandring",
        "building": "dormitory",
        "building:levels": "2",
        "roof:levels": "0",
        "roof:shape": "flat",
        "source": "Maps4BW, LGL, www.lgl-bw.de",
        "@geometry": "center"
      },
      "geometry": {
        "type": "Point",
        "coordinates": [
          9.1007176,
          48.7449285
        ]
      },
      "id": "way/54512078"
    },
    {
      "type": "Feature",
      "properties": {
        "@id": "way/54512079",
        "addr:city": "Stuttgart",
        "addr:country": "DE",
        "addr:housenumber": "10C",
        "addr:postcode": "70569",
        "addr:street": "Allmandring",
        "building": "dormitory",
        "building:levels": "2",
        "roof:levels": "0",
        "roof:shape": "flat",
        "source": "Maps4BW, LGL, www.lgl-bw.de",
        "@geometry": "center"
      },
      "geometry": {
        "type": "Point",
        "coordinates": [
          9.1008272,
          48.7454917
        ]
      },
      "id": "way/54512079"
    },
    {
      "type": "Feature",
      "properties": {
        "@id": "way/54513184",
        "addr:city": "Stuttgart",
        "addr:country": "DE",
        "addr:housenumber": "12D",
        "addr:postcode": "70569",
        "addr:street": "Allmandring",
        "building": "dormitory",
        "building:levels": "2",
        "roof:levels": "0",
        "roof:shape": "flat",
        "source": "Maps4BW, LGL, www.lgl-bw.de",
        "@geometry": "center"
      },
      "geometry": {
        "type": "Point",
        "coordinates": [
          9.1000994,
          48.7453759
        ]
      },
      "id": "way/54513184"
    },
    {
      "type": "Feature",
      "properties": {
        "@id": "way/54513657",
        "addr:city": "Stuttgart",
        "addr:country": "DE",
        "addr:housenumber": "14B",
        "addr:postcode": "70569",
        "addr:street": "Allmandring",
        "building": "dormitory",
        "building:colour": "grey",
        "building:levels": "2",
        "roof:levels": "0",
        "roof:shape": "flat",
        "source": "Maps4BW, LGL, www.lgl-bw.de",
        "@geometry": "center"
      },
      "geometry": {
        "type": "Point",
        "coordinates": [
          9.0995804,
          48.7447895
        ]
      },
      "id": "way/54513657"
    },
    {
      "type": "Feature",
      "properties": {
        "@id": "way/54514928",
        "addr:city": "Stuttgart",
        "addr:country": "DE",
        "addr:housenumber": "18B",
        "addr:postcode": "70569",
        "addr:street": "Allmandring",
        "building": "dormitory",
        "building:colour": "grey",
        "building:levels": "2",
        "roof:levels": "0",
        "roof:shape": "flat",
        "source": "Maps4BW, LGL, www.lgl-bw.de",
        "@geometry": "center"
      },
      "geometry": {
        "type": "Point",
        "coordinates": [
          9.0988476,
          48.7446229
        ]
      },
      "id": "way/54514928"
    },
    {
      "type": "Feature",
      "properties": {
        "@id": "way/54515924",
        "addr:city": "Stuttgart",
        "addr:country": "DE",
        "addr:housenumber": "20B",
        "addr:postcode": "70569",
        "addr:street": "Allmandring",
        "building": "dormitory",
        "building:levels": "2",
        "roof:levels": "0",
        "roof:shape": "flat",
        "source": "Maps4BW, LGL, www.lgl-bw.de",
        "@geometry": "center"
      },
      "geometry": {
        "type": "Point",
        "coordinates": [
          9.0987275,
          48.7451681
        ]
      },
      "id": "way/54515924"
    },
    {
      "type": "Feature",
      "properties": {
        "@id": "way/54516956",
        "addr:city": "Stuttgart",
        "addr:country": "DE",
        "addr:housenumber": "22B",
        "addr:postcode": "70569",
        "addr:street": "Allmandring",
        "building": "dormitory",
        "building:levels": "2",
        "roof:levels": "0",
        "roof:shape": "flat",
        "source": "Maps4BW, LGL, www.lgl-bw.de",
        "@geometry": "center"
      },
      "geometry": {
        "type": "Point",
        "coordinates": [
          9.0980576,
          48.7447583
        ]
      },
      "id": "way/54516956"
    },
    {
      "type": "Feature",
      "properties": {
        "@id": "way/54518732",
        "addr:city": "Stuttgart",
        "addr:country": "DE",
        "addr:housenumber": "26C",
        "addr:postcode": "70569",
        "addr:street": "Allmandring",
        "building": "dormitory",
        "building:levels": "3",
        "operator": "Studierendenwerk Stuttgart",
        "roof:levels": "1",
        "roof:shape": "flat",
        "source": "Maps4BW, LGL, www.lgl-bw.de",
        "@geometry": "center"
      },
      "geometry": {
        "type": "Point",
        "coordinates": [
          9.0958046,
          48.7440889
        ]
      },
      "id": "way/54518732"
    },
    {
      "type": "Feature",
      "properties": {
        "@id": "way/54518733",
        "addr:city": "Stuttgart",
        "addr:country": "DE",
        "addr:housenumber": "26D",
        "addr:postcode": "70569",
        "addr:street": "Allmandring",
        "building": "dormitory",
        "building:levels": "4",
        "operator": "Studierendenwerk Stuttgart",
        "roof:levels": "0",
        "roof:shape": "flat",
        "source": "Maps4BW, LGL, www.lgl-bw.de",
        "@geometry": "center"
      },
      "geometry": {
        "type": "Point",
        "coordinates": [
          9.0959399,
          48.7437738
        ]
      },
      "id": "way/54518733"
    },
    {
      "type": "Feature",
      "properties": {
        "@id": "way/54518734",
        "addr:city": "Stuttgart",
        "addr:country": "DE",
        "addr:housenumber": "26B",
        "addr:postcode": "70569",
        "addr:street": "Allmandring",
        "building": "dormitory",
        "building:levels": "4",
        "operator": "Studierendenwerk Stuttgart",
        "roof:levels": "0",
        "roof:shape": "flat",
        "source": "Maps4BW, LGL, www.lgl-bw.de",
        "@geometry": "center"
      },
      "geometry": {
        "type": "Point",
        "coordinates": [
          9.0961891,
          48.74435
        ]
      },
      "id": "way/54518734"
    },
    {
      "type": "Feature",
      "properties": {
        "@id": "way/56400774",
        "addr:city": "Stuttgart",
        "addr:country": "DE",
        "addr:housenumber": "127",
        "addr:postcode": "70195",
        "addr:street": "Vaihinger Landstraße",
        "building": "dormitory",
        "building:levels": "2",
        "roof:levels": "0",
        "roof:shape": "flat",
        "@geometry": "center"
      },
      "geometry": {
        "type": "Point",
        "coordinates": [
          9.1231077,
          48.7714416
        ]
      },
      "id": "way/56400774"
    },
    {
      "type": "Feature",
      "properties": {
        "@id": "way/69843468",
        "amenity": "dormitory",
        "building": "dormitory",
        "building:levels": "4",
        "name": "Wohnen für Studierende",
        "name:source": "Anschlagtafel vor Ort",
        "operator": "Studentenwerk Stuttgart",
        "roof:levels": "0",
        "source": "survey",
        "@geometry": "center"
      },
      "geometry": {
        "type": "Point",
        "coordinates": [
          9.167345,
          48.7854515
        ]
      },
      "id": "way/69843468"
    },
    {
      "type": "Feature",
      "properties": {
        "@id": "way/90048653",
        "building": "dormitory",
        "building:levels": "4",
        "contact:website": "https://www.weechstrasse.de",
        "denomination": "protestant",
        "name": "Hans-Wolfgang-Heidland-Haus",
        "operator": "Evangelische Kirchenverwaltung Karlsruhe",
        "operator:type": "religious",
        "religion": "christian",
        "roof:levels": "1",
        "roof:shape": "flat",
        "rooms": "129",
        "source:geometry": "Maps4BW, LGL, www.lgl-bw.de;Esri",
        "start_date": "1994",
        "@geometry": "center"
      },
      "geometry": {
        "type": "Point",
        "coordinates": [
          8.4328259,
          49.0117696
        ]
      },
      "id": "way/90048653"
    },
    {
      "type": "Feature",
      "properties": {
        "@id": "way/90420278",
        "access": "permissive",
        "addr:city": "Karlsruhe",
        "addr:country": "DE",
        "addr:housenumber": "1",
        "addr:postcode": "76131",
        "addr:street": "Am Schloss Gottesaue",
        "alt_name": "Rotary House",
        "building": "dormitory",
        "building:levels": "4",
        "name": "Wohnheim Am Schloss Gottesaue 1",
        "operator": "Studierendenwerk Karlsruhe",
        "roof:levels": "1",
        "roof:shape": "hipped",
        "source:geometry": "Maps4BW, LGL, www.lgl-bw.de",
        "@geometry": "center"
      },
      "geometry": {
        "type": "Point",
        "coordinates": [
          8.4247031,
          49.0040406
        ]
      },
      "id": "way/90420278"
    },
    {
      "type": "Feature",
      "properties": {
        "@id": "way/91293409",
        "addr:city": "Stuttgart",
        "addr:country": "DE",
        "addr:housenumber": "42F",
        "addr:postcode": "70569",
        "addr:street": "Pfaffenwaldring",
        "building": "dormitory",
        "building:levels": "5",
        "operator": "Studierendenwerk Stuttgart",
        "roof:shape": "flat",
        "source": "Maps4BW, LGL, www.lgl-bw.de",
        "@geometry": "center"
      },
      "geometry": {
        "type": "Point",
        "coordinates": [
          9.1019812,
          48.7470089
        ]
      },
      "id": "way/91293409"
    },
    {
      "type": "Feature",
      "properties": {
        "@id": "way/96291252",
        "building": "dormitory",
        "building:levels": "3",
        "dormitory": "student",
        "heritage": "yes",
        "nohousenumber": "yes",
        "operator": "Studierendenwerk Karlsruhe",
        "ref": "70.18",
        "roof:levels": "2",
        "roof:material": "roof_tiles",
        "roof:shape": "hipped",
        "source:geometry": "Maps4BW, LGL, www.lgl-bw.de",
        "start_date": "1938",
        "@geometry": "center"
      },
      "geometry": {
        "type": "Point",
        "coordinates": [
          8.431461,
          49.0214293
        ]
      },
      "id": "way/96291252"
    },
    {
      "type": "Feature",
      "properties": {
        "@id": "way/97301677",
        "addr:city": "Stuttgart",
        "addr:country": "DE",
        "addr:housenumber": "224",
        "addr:postcode": "70199",
        "addr:street": "Böblinger Straße",
        "building": "dormitory",
        "@geometry": "center"
      },
      "geometry": {
        "type": "Point",
        "coordinates": [
          9.1453328,
          48.7572001
        ]
      },
      "id": "way/97301677"
    },
    {
      "type": "Feature",
      "properties": {
        "@id": "way/97301767",
        "addr:city": "Stuttgart",
        "addr:country": "DE",
        "addr:housenumber": "226",
        "addr:postcode": "70199",
        "addr:street": "Böblinger Straße",
        "building": "dormitory",
        "@geometry": "center"
      },
      "geometry": {
        "type": "Point",
        "coordinates": [
          9.1450336,
          48.7571686
        ]
      },
      "id": "way/97301767"
    },
    {
      "type": "Feature",
      "properties": {
        "@id": "way/97301810",
        "addr:city": "Stuttgart",
        "addr:country": "DE",
        "addr:housenumber": "222",
        "addr:postcode": "70199",
        "addr:street": "Böblinger Straße",
        "building": "dormitory",
        "building:levels": "3",
        "roof:levels": "2",
        "roof:shape": "gabled",
        "@geometry": "center"
      },
      "geometry": {
        "type": "Point",
        "coordinates": [
          9.1456295,
          48.7572306
        ]
      },
      "id": "way/97301810"
    },
    {
      "type": "Feature",
      "properties": {
        "@id": "way/99368077",
        "addr:city": "Stuttgart",
        "addr:country": "DE",
        "addr:housenumber": "14",
        "addr:postcode": "70190",
        "addr:street": "Landhausstraße",
        "building": "dormitory",
        "building:colour": "#ffe0a0",
        "building:levels": "4",
        "contact:website": "https://www.studierendenwerk-stuttgart.de/wohnen/wohnanlagen/landhausstrasse",
        "operator": "Studierendenwerk Stuttgart",
        "roof:colour": "brown",
        "roof:levels": "1",
        "roof:shape": "gabled",
        "@geometry": "center"
      },
      "geometry": {
        "type": "Point",
        "coordinates": [
          9.1911329,
          48.7838659
        ]
      },
      "id": "way/99368077"
    },
    {
      "type": "Feature",
      "properties": {
        "@id": "way/104892786",
        "addr:city": "Stuttgart",
        "addr:country": "DE",
        "addr:housenumber": "64",
        "addr:postcode": "70199",
        "addr:street": "Mörikestraße",
        "building": "dormitory",
        "building:levels": "2",
        "roof:levels": "1",
        "roof:shape": "quadruple_saltbox",
        "@geometry": "center"
      },
      "geometry": {
        "type": "Point",
        "coordinates": [
          9.1603357,
          48.7644667
        ]
      },
      "id": "way/104892786"
    },
    {
      "type": "Feature",
      "properties": {
        "@id": "way/106693472",
        "addr:city": "Stuttgart",
        "addr:country": "DE",
        "addr:housenumber": "146",
        "addr:postcode": "70180",
        "addr:street": "Alexanderstraße",
        "building": "dormitory",
        "source": "Bing",
        "@geometry": "center"
      },
      "geometry": {
        "type": "Point",
        "coordinates": [
          9.1796457,
          48.7672924
        ]
      },
      "id": "way/106693472"
    },
    {
      "type": "Feature",
      "properties": {
        "@id": "way/106952031",
        "addr:city": "Stuttgart",
        "addr:country": "DE",
        "addr:housenumber": "50A",
        "addr:postcode": "70569",
        "addr:street": "Pfaffenwaldring",
        "building": "dormitory",
        "building:levels": "3",
        "operator": "Studierendenwerk Stuttgart",
        "roof:levels": "3",
        "roof:shape": "flat",
        "source": "Maps4BW, LGL, www.lgl-bw.de",
        "@geometry": "center"
      },
      "geometry": {
        "type": "Point",
        "coordinates": [
          9.1019484,
          48.7464403
        ]
      },
      "id": "way/106952031"
    },
    {
      "type": "Feature",
      "properties": {
        "@id": "way/108256826",
        "addr:city": "Stuttgart",
        "addr:country": "DE",
        "addr:housename": "Ghibellinenhaus",
        "addr:housenumber": "40",
        "addr:postcode": "70191",
        "addr:street": "Birkenwaldstraße",
        "building": "dormitory",
        "building:levels": "4",
        "club": "student",
        "contact:phone": "+49 711 28 43 16 00",
        "contact:website": "https://ghibellinen.de/",
        "name": "Stuttgarter Burschenschaft Ghibellinia",
        "source": "survey",
        "@geometry": "center"
      },
      "geometry": {
        "type": "Point",
        "coordinates": [
          9.1773132,
          48.7883932
        ]
      },
      "id": "way/108256826"
    },
    {
      "type": "Feature",
      "properties": {
        "@id": "way/108777113",
        "addr:city": "Karlsruhe",
        "addr:country": "DE",
        "addr:housenumber": "36",
        "addr:postcode": "76131",
        "addr:street": "Waldhornstraße",
        "building": "dormitory",
        "building:levels": "7",
        "contact:website": "https://www.wh36.uni-karlsruhe.de",
        "name": "Studentenwohnheim WH36",
        "operator": "Studierendenwerk Karlsruhe",
        "roof:colour": "grey",
        "roof:material": "gravel",
        "roof:shape": "flat",
        "source:geometry": "Maps4BW (LGL, www.lgl-bw.de)",
        "start_date": "1981",
        "url": "http://www.sw-ka.de/de/wohnen/wohnheime_ka/waldhornstrasse_36/",
        "wheelchair": "limited",
        "wheelchair:description": "Gebäude A, B und C sind über hohen Treppen erreichbar, D und E nicht.",
        "@geometry": "center"
      },
      "geometry": {
        "type": "Point",
        "coordinates": [
          8.4114622,
          49.0083234
        ]
      },
      "id": "way/108777113"
    },
    {
      "type": "Feature",
      "properties": {
        "@id": "way/108777161",
        "building": "dormitory",
        "source:geometry": "Maps4BW (LGL, www.lgl-bw.de)",
        "start_date": "1980s",
        "@geometry": "center"
      },
      "geometry": {
        "type": "Point",
        "coordinates": [
          8.4107066,
          49.0082674
        ]
      },
      "id": "way/108777161"
    },
    {
      "type": "Feature",
      "properties": {
        "@id": "way/108777163",
        "addr:city": "Karlsruhe",
        "addr:country": "DE",
        "addr:housenumber": "11",
        "addr:postcode": "76131",
        "addr:street": "Fasanenstraße",
        "building": "dormitory",
        "building:levels": "3",
        "roof:levels": "1",
        "roof:shape": "gabled",
        "@geometry": "center"
      },
      "geometry": {
        "type": "Point",
        "coordinates": [
          8.41329,
          49.0081894
        ]
      },
      "id": "way/108777163"
    },
    {
      "type": "Feature",
      "properties": {
        "@id": "way/108777167",
        "addr:city": "Karlsruhe",
        "addr:country": "DE",
        "addr:housenumber": "13",
        "addr:postcode": "76131",
        "addr:street": "Zähringerstraße",
        "building": "dormitory",
        "building:levels": "3",
        "roof:levels": "1",
        "roof:shape": "gabled",
        "@geometry": "center"
      },
      "geometry": {
        "type": "Point",
        "coordinates": [
          8.4134306,
          49.0084078
        ]
      },
      "id": "way/108777167"
    },
    {
      "type": "Feature",
      "properties": {
        "@id": "way/108832338",
        "addr:city": "Karlsruhe",
        "addr:country": "DE",
        "addr:housenumber": "37",
        "addr:postcode": "76131",
        "addr:street": "Gottesauer Straße",
        "building": "dormitory",
        "building:levels": "5",
        "operator": "Upartments Real Estate GmbH",
        "roof:levels": "0",
        "start_date": "2011",
        "@geometry": "center"
      },
      "geometry": {
        "type": "Point",
        "coordinates": [
          8.421194,
          49.0066214
        ]
      },
      "id": "way/108832338"
    },
    {
      "type": "Feature",
      "properties": {
        "@id": "way/108953176",
        "addr:city": "Karlsruhe",
        "addr:country": "DE",
        "addr:housenumber": "7",
        "addr:postcode": "76131",
        "addr:street": "Klosterweg",
        "building": "dormitory",
        "building:levels": "6",
        "description": "Studentenwohnheim",
        "operator": "Studierendenwerk Karlsruhe",
        "roof:levels": "0",
        "roof:shape": "flat",
        "source:geometry": "Maps4BW, LGL, www.lgl-bw.de",
        "@geometry": "center"
      },
      "geometry": {
        "type": "Point",
        "coordinates": [
          8.4217819,
          49.016017
        ]
      },
      "id": "way/108953176"
    },
    {
      "type": "Feature",
      "properties": {
        "@id": "way/109187743",
        "addr:city": "Stuttgart",
        "addr:country": "DE",
        "addr:housenumber": "5",
        "addr:postcode": "70174",
        "addr:street": "Panoramastraße",
        "building": "dormitory",
        "building:levels": "5",
        "name": "Joseph-von-Egle-Studentenwohnheim",
        "smoking": "outside",
        "@geometry": "center"
      },
      "geometry": {
        "type": "Point",
        "coordinates": [
          9.171845,
          48.7850797
        ]
      },
      "id": "way/109187743"
    },
    {
      "type": "Feature",
      "properties": {
        "@id": "way/110948488",
        "building": "dormitory",
        "name": "C",
        "@geometry": "center"
      },
      "geometry": {
        "type": "Point",
        "coordinates": [
          8.5128817,
          49.4760989
        ]
      },
      "id": "way/110948488"
    },
    {
      "type": "Feature",
      "properties": {
        "@id": "way/110948489",
        "building": "dormitory",
        "name": "B",
        "@geometry": "center"
      },
      "geometry": {
        "type": "Point",
        "coordinates": [
          8.5128634,
          49.4756539
        ]
      },
      "id": "way/110948489"
    },
    {
      "type": "Feature",
      "properties": {
        "@id": "way/111800134",
        "addr:city": "Stuttgart",
        "addr:housenumber": "23",
        "addr:postcode": "70376",
        "addr:street": "Brückenstraße",
        "building": "dormitory",
        "building:levels": "3",
        "name": "Studentenwohnheim",
        "operator": "Studentenwerk Stuttgart",
        "roof:levels": "2",
        "roof:shape": "gabled",
        "@geometry": "center"
      },
      "geometry": {
        "type": "Point",
        "coordinates": [
          9.2105236,
          48.8075301
        ]
      },
      "id": "way/111800134"
    },
    {
      "type": "Feature",
      "properties": {
        "@id": "way/116352165",
        "addr:city": "Stuttgart",
        "addr:country": "DE",
        "addr:housenumber": "48D",
        "addr:postcode": "70569",
        "addr:street": "Pfaffenwaldring",
        "building": "dormitory",
        "building:levels": "5",
        "operator": "Studierendenwerk Stuttgart",
        "roof:shape": "flat",
        "source": "Maps4BW, LGL, www.lgl-bw.de",
        "@geometry": "center"
      },
      "geometry": {
        "type": "Point",
        "coordinates": [
          9.1000954,
          48.7462375
        ]
      },
      "id": "way/116352165"
    },
    {
      "type": "Feature",
      "properties": {
        "@id": "way/118078065",
        "addr:city": "Karlsruhe",
        "addr:country": "DE",
        "addr:housenumber": "2",
        "addr:postcode": "76137",
        "addr:street": "Albtalstraße",
        "building": "dormitory",
        "source:geometry": "Maps4BW, LGL, www.lgl-bw.de",
        "@geometry": "center"
      },
      "geometry": {
        "type": "Point",
        "coordinates": [
          8.394388,
          48.9968661
        ]
      },
      "id": "way/118078065"
    },
    {
      "type": "Feature",
      "properties": {
        "@id": "way/119323314",
        "addr:city": "Mannheim",
        "addr:housenumber": "8",
        "addr:street": "N6",
        "building": "dormitory",
        "building:levels": "11",
        "contact:phone": "+49 176 16212607",
        "height": "33",
        "int_name": "dorm",
        "name": "Studierendenwohnheim N6",
        "name:de": "Hermann-Heimerich-Haus",
        "operator": "Studierendenwerk Mannheim",
        "smoking": "no",
        "website": "https://www.stw-ma.de/Wohnen/Wohnh%C3%A4user/Wohnhaus+N+6_+8-p-282.html",
        "wheelchair": "no",
        "@geometry": "center"
      },
      "geometry": {
        "type": "Point",
        "coordinates": [
          8.4694879,
          49.4844057
        ]
      },
      "id": "way/119323314"
    },
    {
      "type": "Feature",
      "properties": {
        "@id": "way/125079093",
        "addr:city": "Karlsruhe",
        "addr:country": "DE",
        "addr:housenumber": "4",
        "addr:postcode": "76199",
        "addr:street": "Graf-Eberstein-Straße",
        "building": "dormitory",
        "source:addr": "Maps4BW, LGL, www.lgl-bw.de",
        "source:outline": "Maps4BW (LGL-BW, www.lgl-bw.de); bing",
        "@geometry": "center"
      },
      "geometry": {
        "type": "Point",
        "coordinates": [
          8.4105407,
          48.9707473
        ]
      },
      "id": "way/125079093"
    },
    {
      "type": "Feature",
      "properties": {
        "@id": "way/130409751",
        "addr:city": "Stuttgart",
        "addr:country": "DE",
        "addr:housenumber": "115",
        "addr:postcode": "70191",
        "addr:street": "Hunklinge",
        "building": "dormitory",
        "building:levels": "2",
        "height": "7",
        "roof:material": "grass",
        "roof:shape": "flat",
        "@geometry": "center"
      },
      "geometry": {
        "type": "Point",
        "coordinates": [
          9.18824,
          48.8084528
        ]
      },
      "id": "way/130409751"
    },
    {
      "type": "Feature",
      "properties": {
        "@id": "way/130409753",
        "addr:city": "Stuttgart",
        "addr:country": "DE",
        "addr:housenumber": "117",
        "addr:postcode": "70191",
        "addr:street": "Hunklinge",
        "building": "dormitory",
        "building:levels": "2",
        "height": "7",
        "roof:material": "grass",
        "roof:shape": "flat",
        "@geometry": "center"
      },
      "geometry": {
        "type": "Point",
        "coordinates": [
          9.187959,
          48.8084839
        ]
      },
      "id": "way/130409753"
    },
    {
      "type": "Feature",
      "properties": {
        "@id": "way/132160804",
        "addr:city": "Stuttgart",
        "addr:country": "DE",
        "addr:housenumber": "14",
        "addr:postcode": "70599",
        "addr:street": "Körschstraße",
        "building": "dormitory",
        "building:levels": "2",
        "roof:levels": "1",
        "roof:shape": "gabled",
        "@geometry": "center"
      },
      "geometry": {
        "type": "Point",
        "coordinates": [
          9.2095256,
          48.7037452
        ]
      },
      "id": "way/132160804"
    },
    {
      "type": "Feature",
      "properties": {
        "@id": "way/141502344",
        "addr:city": "Karlsruhe",
        "addr:country": "DE",
        "addr:housenumber": "14",
        "addr:postcode": "76149",
        "addr:street": "Tennesseeallee",
        "building": "dormitory",
        "building:levels": "5",
        "name": "Max-Kade-Haus",
        "operator": "Studierendenwerk Karlsruhe",
        "roof:shape": "flat",
        "source:geometry": "Maps4BW, LGL, www.lgl-bw.de",
        "start_date": "2012",
        "@geometry": "center"
      },
      "geometry": {
        "type": "Point",
        "coordinates": [
          8.3890731,
          49.020285
        ]
      },
      "id": "way/141502344"
    },
    {
      "type": "Feature",
      "properties": {
        "@id": "way/142592444",
        "addr:housenumber": "7-9",
        "addr:place": "E6",
        "building": "dormitory",
        "building:levels": "3",
        "roof:colour": "maroon",
        "roof:height": "7",
        "roof:shape": "hipped",
        "@geometry": "center"
      },
      "geometry": {
        "type": "Point",
        "coordinates": [
          8.4616466,
          49.4900405
        ]
      },
      "id": "way/142592444"
    },
    {
      "type": "Feature",
      "properties": {
        "@id": "way/142592445",
        "addr:housenumber": "10",
        "addr:place": "E6",
        "building": "dormitory",
        "building:levels": "2",
        "roof:colour": "maroon",
        "roof:height": "5",
        "roof:shape": "hipped",
        "@geometry": "center"
      },
      "geometry": {
        "type": "Point",
        "coordinates": [
          8.4612952,
          49.4898153
        ]
      },
      "id": "way/142592445"
    },
    {
      "type": "Feature",
      "properties": {
        "@id": "way/142704827",
        "addr:city": "Stuttgart",
        "addr:country": "DE",
        "addr:housenumber": "22",
        "addr:postcode": "70374",
        "addr:street": "In den Wannenäckern",
        "addr:suburb": "Bad Cannstatt",
        "building": "dormitory",
        "building:levels": "2",
        "roof:levels": "1",
        "roof:shape": "skillion",
        "@geometry": "center"
      },
      "geometry": {
        "type": "Point",
        "coordinates": [
          9.2368383,
          48.8114456
        ]
      },
      "id": "way/142704827"
    },
    {
      "type": "Feature",
      "properties": {
        "@id": "way/142704828",
        "addr:city": "Stuttgart",
        "addr:country": "DE",
        "addr:housenumber": "24",
        "addr:postcode": "70374",
        "addr:street": "In den Wannenäckern",
        "addr:suburb": "Bad Cannstatt",
        "building": "dormitory",
        "@geometry": "center"
      },
      "geometry": {
        "type": "Point",
        "coordinates": [
          9.2369754,
          48.8116799
        ]
      },
      "id": "way/142704828"
    },
    {
      "type": "Feature",
      "properties": {
        "@id": "way/142704831",
        "addr:city": "Stuttgart",
        "addr:country": "DE",
        "addr:housenumber": "26",
        "addr:postcode": "70374",
        "addr:street": "In den Wannenäckern",
        "addr:suburb": "Bad Cannstatt",
        "building": "dormitory",
        "building:levels": "2",
        "roof:levels": "1",
        "roof:shape": "skillion",
        "@geometry": "center"
      },
      "geometry": {
        "type": "Point",
        "coordinates": [
          9.2372308,
          48.8115278
        ]
      },
      "id": "way/142704831"
    },
    {
      "type": "Feature",
      "properties": {
        "@id": "way/144217141",
        "addr:city": "Stuttgart",
        "addr:housenumber": "51",
        "addr:postcode": "70599",
        "addr:street": "Egilolfstraße",
        "building": "dormitory",
        "operator": "Studierendenwerk Tübingen-Hohenheim",
        "@geometry": "center"
      },
      "geometry": {
        "type": "Point",
        "coordinates": [
          9.207675,
          48.7157986
        ]
      },
      "id": "way/144217141"
    },
    {
      "type": "Feature",
      "properties": {
        "@id": "way/146902898",
        "addr:city": "Stuttgart",
        "addr:country": "DE",
        "addr:housenumber": "64",
        "addr:postcode": "70437",
        "addr:street": "Himmelsleiter",
        "building": "dormitory",
        "name": "Christoph-Ulrich-Hahn-Haus (Altbau)",
        "operator": "Evangelische Gesellschaft Stuttgart e.V.",
        "start_date": "1968",
        "@geometry": "center"
      },
      "geometry": {
        "type": "Point",
        "coordinates": [
          9.2008463,
          48.8375315
        ]
      },
      "id": "way/146902898"
    },
    {
      "type": "Feature",
      "properties": {
        "@id": "way/146902900",
        "building": "dormitory",
        "@geometry": "center"
      },
      "geometry": {
        "type": "Point",
        "coordinates": [
          9.2005102,
          48.8372695
        ]
      },
      "id": "way/146902900"
    },
    {
      "type": "Feature",
      "properties": {
        "@id": "way/146902904",
        "building": "dormitory",
        "@geometry": "center"
      },
      "geometry": {
        "type": "Point",
        "coordinates": [
          9.2002772,
          48.8374925
        ]
      },
      "id": "way/146902904"
    },
    {
      "type": "Feature",
      "properties": {
        "@id": "way/148515473",
        "addr:city": "Mannheim",
        "addr:country": "DE",
        "addr:housenumber": "112-114",
        "addr:postcode": "68165",
        "addr:street": "Augartenstraße",
        "building": "dormitory",
        "building:levels": "6",
        "name": "Studentenwohnhaus Augartenstraße",
        "roof:levels": "1",
        "@geometry": "center"
      },
      "geometry": {
        "type": "Point",
        "coordinates": [
          8.4855653,
          49.4744441
        ]
      },
      "id": "way/148515473"
    },
    {
      "type": "Feature",
      "properties": {
        "@id": "way/150384643",
        "WLAN": "yes",
        "addr:city": "Mannheim",
        "addr:country": "DE",
        "addr:housenumber": "35",
        "addr:postcode": "68159",
        "addr:street": "Hafenstraße",
        "building": "dormitory",
        "building:levels": "6",
        "contact:facebook": "https://www.facebook.com/stw.ma",
        "contact:instagram": "https://www.instagram.com/studierendenwerk_mannheim",
        "contact:twitter": "https://www.twitter.com/StwMannheim",
        "contact:website": "https://www.stw-ma.de/",
        "name": "Studierendenwohnheim",
        "operator": "Studierendenwerk Mannheim",
        "wheelchair": "no",
        "@geometry": "center"
      },
      "geometry": {
        "type": "Point",
        "coordinates": [
          8.4572953,
          49.4966955
        ]
      },
      "id": "way/150384643"
    },
    {
      "type": "Feature",
      "properties": {
        "@id": "way/150384645",
        "WLAN": "yes",
        "addr:city": "Mannheim",
        "addr:country": "DE",
        "addr:housenumber": "37",
        "addr:postcode": "68159",
        "addr:street": "Hafenstraße",
        "building": "dormitory",
        "building:levels": "6",
        "contact:facebook": "https://www.facebook.com/stw.ma",
        "contact:instagram": "https://www.instagram.com/studierendenwerk_mannheim",
        "contact:twitter": "https://www.twitter.com/StwMannheim",
        "contact:website": "https://www.stw-ma.de/",
        "name": "Studierendenwohnheim",
        "operator": "Studierendenwerk Mannheim",
        "wheelchair": "no",
        "@geometry": "center"
      },
      "geometry": {
        "type": "Point",
        "coordinates": [
          8.457326,
          49.4968668
        ]
      },
      "id": "way/150384645"
    },
    {
      "type": "Feature",
      "properties": {
        "@id": "way/150384649",
        "WLAN": "yes",
        "addr:city": "Mannheim",
        "addr:country": "DE",
        "addr:housenumber": "39",
        "addr:postcode": "68159",
        "addr:street": "Hafenstraße",
        "building": "dormitory",
        "building:levels": "6",
        "contact:facebook": "https://www.facebook.com/stw.ma",
        "contact:instagram": "https://www.instagram.com/studierendenwerk_mannheim",
        "contact:twitter": "https://www.twitter.com/StwMannheim",
        "contact:website": "https://www.stw-ma.de/",
        "name": "Studierendenwohnheim",
        "operator": "Studierendenwerk Mannheim",
        "wheelchair": "no",
        "@geometry": "center"
      },
      "geometry": {
        "type": "Point",
        "coordinates": [
          8.4573685,
          49.4970806
        ]
      },
      "id": "way/150384649"
    },
    {
      "type": "Feature",
      "properties": {
        "@id": "way/150384651",
        "WLAN": "yes",
        "addr:city": "Mannheim",
        "addr:country": "DE",
        "addr:housenumber": "41",
        "addr:postcode": "68159",
        "addr:street": "Hafenstraße",
        "building": "dormitory",
        "building:levels": "6",
        "contact:facebook": "https://www.facebook.com/stw.ma",
        "contact:instagram": "https://www.instagram.com/studierendenwerk_mannheim",
        "contact:twitter": "https://www.twitter.com/StwMannheim",
        "contact:website": "https://www.stw-ma.de/",
        "name": "Studierendenwohnheim",
        "operator": "Studierendenwerk Mannheim",
        "wheelchair": "no",
        "@geometry": "center"
      },
      "geometry": {
        "type": "Point",
        "coordinates": [
          8.4574,
          49.4972497
        ]
      },
      "id": "way/150384651"
    },
    {
      "type": "Feature",
      "properties": {
        "@id": "way/150384652",
        "addr:city": "Mannheim",
        "addr:country": "DE",
        "addr:housenumber": "43",
        "addr:postcode": "68159",
        "addr:street": "Hafenstraße",
        "building": "dormitory",
        "building:levels": "6",
        "contact:facebook": "https://www.facebook.com/stw.ma",
        "contact:instagram": "https://www.instagram.com/studierendenwerk_mannheim",
        "contact:twitter": "https://www.twitter.com/StwMannheim",
        "contact:website": "https://www.stw-ma.de/",
        "internet_access": "wlan",
        "name": "Studierendenwohnheim",
        "operator": "Studierendenwerk Mannheim",
        "wheelchair": "no",
        "@geometry": "center"
      },
      "geometry": {
        "type": "Point",
        "coordinates": [
          8.4574749,
          49.4974587
        ]
      },
      "id": "way/150384652"
    },
    {
      "type": "Feature",
      "properties": {
        "@id": "way/150384653",
        "addr:city": "Mannheim",
        "addr:country": "DE",
        "addr:housenumber": "45",
        "addr:postcode": "68159",
        "addr:street": "Hafenstraße",
        "building": "dormitory",
        "building:levels": "6",
        "contact:facebook": "https://www.facebook.com/stw.ma",
        "contact:instagram": "https://www.instagram.com/studierendenwerk_mannheim",
        "contact:twitter": "https://www.twitter.com/StwMannheim",
        "contact:website": "https://www.stw-ma.de/",
        "internet_access": "wlan",
        "name": "Studierendenwohnheim",
        "operator": "Studierendenwerk Mannheim",
        "wheelchair": "no",
        "@geometry": "center"
      },
      "geometry": {
        "type": "Point",
        "coordinates": [
          8.4575073,
          49.4976274
        ]
      },
      "id": "way/150384653"
    },
    {
      "type": "Feature",
      "properties": {
        "@id": "way/150817460",
        "addr:city": "Mannheim",
        "addr:country": "DE",
        "addr:housenumber": "167",
        "addr:postcode": "68199",
        "addr:street": "Neckarauer Straße",
        "building": "dormitory",
        "building:levels": "4",
        "dormitory": "student",
        "roof:levels": "1",
        "@geometry": "center"
      },
      "geometry": {
        "type": "Point",
        "coordinates": [
          8.4876786,
          49.4637407
        ]
      },
      "id": "way/150817460"
    },
    {
      "type": "Feature",
      "properties": {
        "@id": "way/150817461",
        "addr:city": "Mannheim",
        "addr:country": "DE",
        "addr:housenumber": "169",
        "addr:postcode": "68199",
        "addr:street": "Neckarauer Straße",
        "building": "dormitory",
        "building:levels": "4",
        "dormitory": "student",
        "roof:levels": "1",
        "@geometry": "center"
      },
      "geometry": {
        "type": "Point",
        "coordinates": [
          8.4875642,
          49.4638863
        ]
      },
      "id": "way/150817461"
    },
    {
      "type": "Feature",
      "properties": {
        "@id": "way/150817462",
        "addr:city": "Mannheim",
        "addr:country": "DE",
        "addr:housenumber": "171",
        "addr:postcode": "68199",
        "addr:street": "Neckarauer Straße",
        "building": "dormitory",
        "building:levels": "5",
        "dormitory": "student",
        "roof:levels": "1",
        "@geometry": "center"
      },
      "geometry": {
        "type": "Point",
        "coordinates": [
          8.4874399,
          49.4640399
        ]
      },
      "id": "way/150817462"
    },
    {
      "type": "Feature",
      "properties": {
        "@id": "way/150817463",
        "addr:city": "Mannheim",
        "addr:country": "DE",
        "addr:housenumber": "173",
        "addr:postcode": "68199",
        "addr:street": "Neckarauer Straße",
        "building": "dormitory",
        "building:levels": "5",
        "dormitory": "student",
        "roof:levels": "1",
        "@geometry": "center"
      },
      "geometry": {
        "type": "Point",
        "coordinates": [
          8.4873352,
          49.4641872
        ]
      },
      "id": "way/150817463"
    },
    {
      "type": "Feature",
      "properties": {
        "@id": "way/151651652",
        "addr:housenumber": "6",
        "addr:place": "E6",
        "building": "dormitory",
        "building:colour": "#F8F8F8",
        "building:levels": "3",
        "roof:colour": "#707060",
        "roof:shape": "flat",
        "@geometry": "center"
      },
      "geometry": {
        "type": "Point",
        "coordinates": [
          8.4619753,
          49.4900573
        ]
      },
      "id": "way/151651652"
    },
    {
      "type": "Feature",
      "properties": {
        "@id": "way/152595728",
        "addr:city": "Mannheim",
        "addr:country": "DE",
        "addr:housenumber": "1",
        "addr:postcode": "68199",
        "addr:street": "Hans-Sachs-Ring",
        "building": "dormitory",
        "building:levels": "6",
        "roof:levels": "1",
        "roof:shape": "gabled",
        "@geometry": "center"
      },
      "geometry": {
        "type": "Point",
        "coordinates": [
          8.4809443,
          49.4565666
        ]
      },
      "id": "way/152595728"
    },
    {
      "type": "Feature",
      "properties": {
        "@id": "way/152595729",
        "addr:city": "Mannheim",
        "addr:country": "DE",
        "addr:housenumber": "3",
        "addr:postcode": "68199",
        "addr:street": "Hans-Sachs-Ring",
        "building": "dormitory",
        "building:levels": "6",
        "roof:levels": "1",
        "roof:shape": "gabled",
        "@geometry": "center"
      },
      "geometry": {
        "type": "Point",
        "coordinates": [
          8.4806969,
          49.4564923
        ]
      },
      "id": "way/152595729"
    },
    {
      "type": "Feature",
      "properties": {
        "@id": "way/152595730",
        "addr:city": "Mannheim",
        "addr:country": "DE",
        "addr:housenumber": "5",
        "addr:postcode": "68199",
        "addr:street": "Hans-Sachs-Ring",
        "building": "dormitory",
        "building:levels": "6",
        "roof:levels": "1",
        "roof:shape": "gabled",
        "@geometry": "center"
      },
      "geometry": {
        "type": "Point",
        "coordinates": [
          8.4804574,
          49.4564185
        ]
      },
      "id": "way/152595730"
    },
    {
      "type": "Feature",
      "properties": {
        "@id": "way/152595731",
        "addr:city": "Mannheim",
        "addr:country": "DE",
        "addr:housenumber": "80",
        "addr:postcode": "68199",
        "addr:street": "Steubenstraße",
        "building": "dormitory",
        "building:levels": "6",
        "roof:levels": "1",
        "roof:shape": "gabled",
        "@geometry": "center"
      },
      "geometry": {
        "type": "Point",
        "coordinates": [
          8.4810809,
          49.4564671
        ]
      },
      "id": "way/152595731"
    },
    {
      "type": "Feature",
      "properties": {
        "@id": "way/155275789",
        "addr:city": "Schriesheim",
        "addr:country": "DE",
        "addr:housenumber": "32a",
        "addr:postcode": "69198",
        "addr:street": "Heidelberger Straße",
        "building": "dormitory",
        "@geometry": "center"
      },
      "geometry": {
        "type": "Point",
        "coordinates": [
          8.6642987,
          49.4740905
        ]
      },
      "id": "way/155275789"
    },
    {
      "type": "Feature",
      "properties": {
        "@id": "way/155275791",
        "addr:city": "Schriesheim",
        "addr:country": "DE",
        "addr:housenumber": "32a",
        "addr:postcode": "69198",
        "addr:street": "Heidelberger Straße",
        "building": "dormitory",
        "@geometry": "center"
      },
      "geometry": {
        "type": "Point",
        "coordinates": [
          8.664453,
          49.4742098
        ]
      },
      "id": "way/155275791"
    },
    {
      "type": "Feature",
      "properties": {
        "@id": "way/155275792",
        "addr:city": "Schriesheim",
        "addr:country": "DE",
        "addr:housenumber": "32a",
        "addr:postcode": "69198",
        "addr:street": "Heidelberger Straße",
        "building": "dormitory",
        "building:levels": "4",
        "name": "Friedrich-Hauss-Studienzentrum",
        "website": "https://www.fhsz.de/",
        "@geometry": "center"
      },
      "geometry": {
        "type": "Point",
        "coordinates": [
          8.66445,
          49.4741049
        ]
      },
      "id": "way/155275792"
    },
    {
      "type": "Feature",
      "properties": {
        "@id": "way/156089396",
        "addr:city": "Stuttgart",
        "addr:country": "DE",
        "addr:housenumber": "24A",
        "addr:postcode": "70569",
        "addr:street": "Allmandring",
        "building": "dormitory",
        "building:levels": "4",
        "operator": "Studierendenwerk Stuttgart",
        "roof:levels": "0",
        "roof:shape": "flat",
        "source": "Maps4BW, LGL, www.lgl-bw.de",
        "@geometry": "center"
      },
      "geometry": {
        "type": "Point",
        "coordinates": [
          9.0973631,
          48.7443088
        ]
      },
      "id": "way/156089396"
    },
    {
      "type": "Feature",
      "properties": {
        "@id": "way/156089407",
        "addr:city": "Stuttgart",
        "addr:country": "DE",
        "addr:housenumber": "24D",
        "addr:postcode": "70569",
        "addr:street": "Allmandring",
        "building": "dormitory",
        "building:levels": "4",
        "operator": "Studierendenwerk Stuttgart",
        "roof:levels": "0",
        "roof:shape": "flat",
        "source": "Maps4BW, LGL, www.lgl-bw.de",
        "@geometry": "center"
      },
      "geometry": {
        "type": "Point",
        "coordinates": [
          9.0971265,
          48.7445766
        ]
      },
      "id": "way/156089407"
    },
    {
      "type": "Feature",
      "properties": {
        "@id": "way/156089413",
        "addr:city": "Stuttgart",
        "addr:country": "DE",
        "addr:housenumber": "24B",
        "addr:postcode": "70569",
        "addr:street": "Allmandring",
        "building": "dormitory",
        "building:levels": "4",
        "operator": "Studierendenwerk Stuttgart",
        "roof:levels": "0",
        "roof:shape": "flat",
        "source": "Maps4BW, LGL, www.lgl-bw.de",
        "@geometry": "center"
      },
      "geometry": {
        "type": "Point",
        "coordinates": [
          9.0969597,
          48.7441775
        ]
      },
      "id": "way/156089413"
    },
    {
      "type": "Feature",
      "properties": {
        "@id": "way/156089418",
        "addr:city": "Stuttgart",
        "addr:country": "DE",
        "addr:housenumber": "24C",
        "addr:postcode": "70569",
        "addr:street": "Allmandring",
        "building": "dormitory",
        "building:levels": "4",
        "operator": "Studierendenwerk Stuttgart",
        "roof:levels": "0",
        "roof:shape": "flat",
        "source": "Maps4BW, LGL, www.lgl-bw.de",
        "@geometry": "center"
      },
      "geometry": {
        "type": "Point",
        "coordinates": [
          9.0967225,
          48.7444465
        ]
      },
      "id": "way/156089418"
    },
    {
      "type": "Feature",
      "properties": {
        "@id": "way/162151442",
        "addr:city": "Mannheim",
        "addr:housenumber": "4a",
        "addr:postcode": "68163",
        "addr:street": "Seckenheimer Landstraße",
        "building": "dormitory",
        "building:levels": "3",
        "name": "Studentenwohnheim Eastsite",
        "@geometry": "center"
      },
      "geometry": {
        "type": "Point",
        "coordinates": [
          8.5068655,
          49.4769544
        ]
      },
      "id": "way/162151442"
    },
    {
      "type": "Feature",
      "properties": {
        "@id": "way/162152460",
        "building": "dormitory",
        "name": "A",
        "@geometry": "center"
      },
      "geometry": {
        "type": "Point",
        "coordinates": [
          8.5121875,
          49.4756151
        ]
      },
      "id": "way/162152460"
    },
    {
      "type": "Feature",
      "properties": {
        "@id": "way/162614773",
        "building": "dormitory",
        "level": "2",
        "roof:colour": "brown",
        "roof:shape": "hipped",
        "@geometry": "center"
      },
      "geometry": {
        "type": "Point",
        "coordinates": [
          8.492639,
          49.5326511
        ]
      },
      "id": "way/162614773"
    },
    {
      "type": "Feature",
      "properties": {
        "@id": "way/163630158",
        "building": "dormitory",
        "building:levels": "2",
        "name": "4242",
        "@geometry": "center"
      },
      "geometry": {
        "type": "Point",
        "coordinates": [
          8.5643466,
          49.4030691
        ]
      },
      "id": "way/163630158"
    },
    {
      "type": "Feature",
      "properties": {
        "@id": "way/163630166",
        "building": "dormitory",
        "building:levels": "2",
        "@geometry": "center"
      },
      "geometry": {
        "type": "Point",
        "coordinates": [
          8.5644864,
          49.4021209
        ]
      },
      "id": "way/163630166"
    },
    {
      "type": "Feature",
      "properties": {
        "@id": "way/166051776",
        "addr:city": "Mannheim",
        "addr:country": "DE",
        "addr:housenumber": "15",
        "addr:place": "B7",
        "addr:postcode": "68159",
        "building": "dormitory",
        "building:levels": "6",
        "operator": "Studierendenwerk Mannheim",
        "roof:colour": "brown",
        "@geometry": "center"
      },
      "geometry": {
        "type": "Point",
        "coordinates": [
          8.4565392,
          49.4888461
        ]
      },
      "id": "way/166051776"
    },
    {
      "type": "Feature",
      "properties": {
        "@id": "way/166051782",
        "addr:city": "Mannheim",
        "addr:country": "DE",
        "addr:housenumber": "14",
        "addr:place": "B7",
        "addr:postcode": "68159",
        "building": "dormitory",
        "building:levels": "6",
        "operator": "Studierendenwerk Mannheim",
        "roof:colour": "brown",
        "@geometry": "center"
      },
      "geometry": {
        "type": "Point",
        "coordinates": [
          8.4566011,
          49.4889723
        ]
      },
      "id": "way/166051782"
    },
    {
      "type": "Feature",
      "properties": {
        "@id": "way/166336017",
        "addr:housenumber": "15",
        "addr:street": "Käthe-Kollwitz-Straße",
        "building": "dormitory",
        "name": "CAMPUS68",
        "note": "https://www.alan-soehne.de/bauvorhaben/alan-campus-am-herzogenriedpark/",
        "old_name": "Internationaler Bund",
        "was:amenity": "social_facility",
        "website": "https://www.campus68.de/",
        "@geometry": "center"
      },
      "geometry": {
        "type": "Point",
        "coordinates": [
          8.4728281,
          49.5063202
        ]
      },
      "id": "way/166336017"
    },
    {
      "type": "Feature",
      "properties": {
        "@id": "way/167875847",
        "building": "dormitory",
        "building:colour": "white",
        "building:levels": "8",
        "name": "Wohnen für Studierende",
        "operator": "Studentenwerk Stuttgart",
        "roof:shape": "flat",
        "@geometry": "center"
      },
      "geometry": {
        "type": "Point",
        "coordinates": [
          9.1486314,
          48.7309235
        ]
      },
      "id": "way/167875847"
    },
    {
      "type": "Feature",
      "properties": {
        "@id": "way/167875848",
        "addr:city": "Stuttgart",
        "addr:country": "DE",
        "addr:housenumber": "35",
        "addr:postcode": "70567",
        "addr:street": "Filderbahnplatz",
        "building": "dormitory",
        "building:levels": "9",
        "name": "Wohnen für Studierende",
        "operator": "Studentenwerk Stuttgart",
        "roof:shape": "flat",
        "@geometry": "center"
      },
      "geometry": {
        "type": "Point",
        "coordinates": [
          9.14916,
          48.7308156
        ]
      },
      "id": "way/167875848"
    },
    {
      "type": "Feature",
      "properties": {
        "@id": "way/167875849",
        "addr:city": "Stuttgart",
        "addr:country": "DE",
        "addr:housenumber": "37",
        "addr:postcode": "70567",
        "addr:street": "Filderbahnplatz",
        "building": "dormitory",
        "building:levels": "10",
        "name": "Wohnen für Studierende",
        "operator": "Studentenwerk Stuttgart",
        "roof:shape": "flat",
        "@geometry": "center"
      },
      "geometry": {
        "type": "Point",
        "coordinates": [
          9.1493062,
          48.7310574
        ]
      },
      "id": "way/167875849"
    },
    {
      "type": "Feature",
      "properties": {
        "@id": "way/171677979",
        "addr:city": "Ludwigshafen am Rhein",
        "addr:country": "DE",
        "addr:housenumber": "13",
        "addr:postcode": "67059",
        "addr:street": "Heinigstraße",
        "building": "dormitory",
        "building:levels": "7",
        "building:units": "155",
        "operator:website": "https://stw-vp.de/de/wohnen/studentisches-wohnen/hei/",
        "source": "HiRes aerial imagery",
        "wheelchair": "yes",
        "year_of_construction": "1991",
        "@geometry": "center"
      },
      "geometry": {
        "type": "Point",
        "coordinates": [
          8.44419,
          49.4773286
        ]
      },
      "id": "way/171677979"
    },
    {
      "type": "Feature",
      "properties": {
        "@id": "way/173717518",
        "addr:city": "Karlsruhe",
        "addr:country": "DE",
        "addr:housenumber": "4",
        "addr:postcode": "76131",
        "addr:street": "Sebastian-Kneipp-Straße",
        "building": "dormitory",
        "building:levels": "3",
        "club": "fraternity",
        "name": "Karlsruher Burschenschaft Arminia",
        "website": "https://www.arminia-karlsruhe.de/",
        "@geometry": "center"
      },
      "geometry": {
        "type": "Point",
        "coordinates": [
          8.4232611,
          49.0148587
        ]
      },
      "id": "way/173717518"
    },
    {
      "type": "Feature",
      "properties": {
        "@id": "way/173717521",
        "addr:city": "Karlsruhe",
        "addr:country": "DE",
        "addr:housenumber": "1",
        "addr:postcode": "76131",
        "addr:street": "Parkstraße",
        "building": "dormitory",
        "building:levels": "3",
        "name": "Karlsruher Burschenschaft Teutonia",
        "roof:levels": "1",
        "roof:shape": "gabled",
        "source:geometry": "Maps4BW, LGL, www.lgl-bw.de",
        "@geometry": "center"
      },
      "geometry": {
        "type": "Point",
        "coordinates": [
          8.4227196,
          49.0145228
        ]
      },
      "id": "way/173717521"
    },
    {
      "type": "Feature",
      "properties": {
        "@id": "way/192987585",
        "addr:city": "Mannheim",
        "addr:housenumber": "28",
        "addr:place": "G7",
        "addr:postcode": "68159",
        "building": "dormitory",
        "name": "Studentenwohnhaus G7, 28",
        "website": "http://www.studentenwerk-mannheim.de/egotec/Wohnen/Wohnh%C3%A4user/G+7_+26_28/Informationen-p-1328.html",
        "@geometry": "center"
      },
      "geometry": {
        "type": "Point",
        "coordinates": [
          8.4600395,
          49.4922217
        ]
      },
      "id": "way/192987585"
    },
    {
      "type": "Feature",
      "properties": {
        "@id": "way/193681264",
        "addr:postcode": "76131",
        "addr:street": "Gottesauer Straße",
        "building": "dormitory",
        "operator": "Upartments Real Estate GmbH",
        "start_date": "2011",
        "@geometry": "center"
      },
      "geometry": {
        "type": "Point",
        "coordinates": [
          8.4214519,
          49.0067376
        ]
      },
      "id": "way/193681264"
    },
    {
      "type": "Feature",
      "properties": {
        "@id": "way/193681265",
        "addr:postcode": "76131",
        "addr:street": "Gottesauer Straße",
        "building": "dormitory",
        "operator": "Upartments Real Estate GmbH",
        "start_date": "2011",
        "@geometry": "center"
      },
      "geometry": {
        "type": "Point",
        "coordinates": [
          8.4214206,
          49.0069025
        ]
      },
      "id": "way/193681265"
    },
    {
      "type": "Feature",
      "properties": {
        "@id": "way/193681266",
        "addr:housename": "2.2",
        "addr:postcode": "76131",
        "addr:street": "Gottesauer Straße",
        "building": "dormitory",
        "operator": "Upartments Real Estate GmbH",
        "start_date": "2011",
        "@geometry": "center"
      },
      "geometry": {
        "type": "Point",
        "coordinates": [
          8.4216443,
          49.0071285
        ]
      },
      "id": "way/193681266"
    },
    {
      "type": "Feature",
      "properties": {
        "@id": "way/193681267",
        "addr:housenumber": "G2.2",
        "addr:postcode": "76131",
        "addr:street": "Gottesauer Straße",
        "building": "dormitory",
        "operator": "Upartments Real Estate GmbH",
        "start_date": "2011",
        "@geometry": "center"
      },
      "geometry": {
        "type": "Point",
        "coordinates": [
          8.4216589,
          49.0069647
        ]
      },
      "id": "way/193681267"
    },
    {
      "type": "Feature",
      "properties": {
        "@id": "way/196468492",
        "addr:city": "Schriesheim",
        "addr:country": "DE",
        "addr:housenumber": "32a",
        "addr:postcode": "69198",
        "addr:street": "Heidelberger Straße",
        "building": "dormitory",
        "@geometry": "center"
      },
      "geometry": {
        "type": "Point",
        "coordinates": [
          8.6641338,
          49.4741535
        ]
      },
      "id": "way/196468492"
    },
    {
      "type": "Feature",
      "properties": {
        "@id": "way/197559085",
        "addr:city": "Mannheim",
        "addr:country": "DE",
        "addr:housenumber": "12",
        "addr:place": "D6",
        "addr:postcode": "68159",
        "building": "dormitory",
        "building:levels": "6",
        "name": "Alfred-Delp-Haus",
        "roof:colour": "#707060",
        "roof:shape": "flat",
        "website": "http://site.alfred-delp-haus.de/",
        "@geometry": "center"
      },
      "geometry": {
        "type": "Point",
        "coordinates": [
          8.4608487,
          49.4893579
        ]
      },
      "id": "way/197559085"
    },
    {
      "type": "Feature",
      "properties": {
        "@id": "way/197559107",
        "addr:city": "Mannheim",
        "addr:country": "DE",
        "addr:housenumber": "15",
        "addr:place": "D6",
        "addr:postcode": "68159",
        "building": "dormitory",
        "building:levels": "6",
        "name": "Katholische Hochschulgemeinde",
        "roof:colour": "#707060",
        "roof:shape": "flat",
        "website": "https://khg-mannheim.de/",
        "@geometry": "center"
      },
      "geometry": {
        "type": "Point",
        "coordinates": [
          8.4607416,
          49.4891695
        ]
      },
      "id": "way/197559107"
    },
    {
      "type": "Feature",
      "properties": {
        "@id": "way/204631619",
        "building": "dormitory",
        "wheelchair": "yes",
        "@geometry": "center"
      },
      "geometry": {
        "type": "Point",
        "coordinates": [
          9.2503248,
          48.6280378
        ]
      },
      "id": "way/204631619"
    },
    {
      "type": "Feature",
      "properties": {
        "@id": "way/217619054",
        "addr:city": "Mannheim",
        "addr:country": "DE",
        "addr:housenumber": "105",
        "addr:postcode": "68199",
        "addr:street": "Schulstraße",
        "building": "dormitory",
        "building:levels": "3",
        "fax": "+49 621 71880779",
        "name": "TDB Bildungsverein e.V. Wohnheim",
        "phone": "+49 621 859562",
        "website": "https://www.tdb-mannheim.de/",
        "@geometry": "center"
      },
      "geometry": {
        "type": "Point",
        "coordinates": [
          8.4917788,
          49.4606667
        ]
      },
      "id": "way/217619054"
    },
    {
      "type": "Feature",
      "properties": {
        "@id": "way/218557265",
        "addr:city": "Mannheim",
        "addr:country": "DE",
        "addr:housenumber": "39",
        "addr:postcode": "68199",
        "addr:street": "Speyerer Straße",
        "building": "dormitory",
        "building:levels": "4",
        "roof:levels": "1",
        "roof:shape": "hipped",
        "@geometry": "center"
      },
      "geometry": {
        "type": "Point",
        "coordinates": [
          8.4795721,
          49.4661524
        ]
      },
      "id": "way/218557265"
    },
    {
      "type": "Feature",
      "properties": {
        "@id": "way/218557267",
        "addr:city": "Mannheim",
        "addr:country": "DE",
        "addr:housenumber": "41",
        "addr:postcode": "68199",
        "addr:street": "Speyerer Straße",
        "building": "dormitory",
        "building:levels": "4",
        "roof:levels": "1",
        "roof:shape": "hipped",
        "@geometry": "center"
      },
      "geometry": {
        "type": "Point",
        "coordinates": [
          8.4793734,
          49.4660615
        ]
      },
      "id": "way/218557267"
    },
    {
      "type": "Feature",
      "properties": {
        "@id": "way/218557274",
        "addr:city": "Mannheim",
        "addr:country": "DE",
        "addr:housenumber": "55",
        "addr:postcode": "68199",
        "addr:street": "Speyerer Straße",
        "building": "dormitory",
        "building:levels": "4",
        "roof:levels": "1",
        "roof:shape": "hipped",
        "@geometry": "center"
      },
      "geometry": {
        "type": "Point",
        "coordinates": [
          8.4777078,
          49.4653988
        ]
      },
      "id": "way/218557274"
    },
    {
      "type": "Feature",
      "properties": {
        "@id": "way/218557275",
        "addr:city": "Mannheim",
        "addr:country": "DE",
        "addr:housenumber": "57",
        "addr:postcode": "68199",
        "addr:street": "Speyerer Straße",
        "building": "dormitory",
        "building:levels": "4",
        "roof:levels": "1",
        "roof:shape": "hipped",
        "@geometry": "center"
      },
      "geometry": {
        "type": "Point",
        "coordinates": [
          8.4774923,
          49.4653268
        ]
      },
      "id": "way/218557275"
    },
    {
      "type": "Feature",
      "properties": {
        "@id": "way/220257054",
        "addr:city": "Karlsruhe",
        "addr:housename": "D3.1",
        "addr:housenumber": "9",
        "addr:postcode": "76131",
        "addr:street": "Degenfeldstraße",
        "building": "dormitory",
        "operator": "Upartments Real Estate GmbH",
        "start_date": "2011",
        "@geometry": "center"
      },
      "geometry": {
        "type": "Point",
        "coordinates": [
          8.4219389,
          49.0073342
        ]
      },
      "id": "way/220257054"
    },
    {
      "type": "Feature",
      "properties": {
        "@id": "way/220257055",
        "addr:city": "Karlsruhe",
        "addr:housename": "D4.0",
        "addr:housenumber": "5",
        "addr:postcode": "76131",
        "addr:street": "Degenfeldstraße",
        "building": "dormitory",
        "operator": "Upartments Real Estate GmbH",
        "start_date": "2011",
        "@geometry": "center"
      },
      "geometry": {
        "type": "Point",
        "coordinates": [
          8.4210577,
          49.0074946
        ]
      },
      "id": "way/220257055"
    },
    {
      "type": "Feature",
      "properties": {
        "@id": "way/220257056",
        "addr:city": "Karlsruhe",
        "addr:country": "DE",
        "addr:housename": "D3.2",
        "addr:housenumber": "7",
        "addr:postcode": "76131",
        "addr:street": "Degenfeldstraße",
        "building": "dormitory",
        "operator": "Upartments Real Estate GmbH",
        "start_date": "2011",
        "@geometry": "center"
      },
      "geometry": {
        "type": "Point",
        "coordinates": [
          8.4214502,
          49.0074238
        ]
      },
      "id": "way/220257056"
    },
    {
      "type": "Feature",
      "properties": {
        "@id": "way/223921899",
        "addr:city": "Mannheim",
        "addr:housenumber": "19",
        "addr:street": "Pettenkoferstraße",
        "building": "dormitory",
        "building:levels": "4",
        "name": "Studentenwohnheim",
        "ref": "9150",
        "wheelchair": "no",
        "@geometry": "center"
      },
      "geometry": {
        "type": "Point",
        "coordinates": [
          8.4713024,
          49.5041487
        ]
      },
      "id": "way/223921899"
    },
    {
      "type": "Feature",
      "properties": {
        "@id": "way/225720685",
        "addr:city": "Schriesheim",
        "addr:country": "DE",
        "addr:housenumber": "32c",
        "addr:postcode": "69198",
        "addr:street": "Heidelberger Straße",
        "building": "dormitory",
        "building:levels": "3",
        "@geometry": "center"
      },
      "geometry": {
        "type": "Point",
        "coordinates": [
          8.6643064,
          49.4742317
        ]
      },
      "id": "way/225720685"
    },
    {
      "type": "Feature",
      "properties": {
        "@id": "way/226746496",
        "building": "dormitory",
        "building:levels": "5",
        "roof:shape": "flat",
        "@geometry": "center"
      },
      "geometry": {
        "type": "Point",
        "coordinates": [
          8.5090235,
          49.5304083
        ]
      },
      "id": "way/226746496"
    },
    {
      "type": "Feature",
      "properties": {
        "@id": "way/226746544",
        "building": "dormitory",
        "roof:shape": "flat",
        "@geometry": "center"
      },
      "geometry": {
        "type": "Point",
        "coordinates": [
          8.5077149,
          49.5300721
        ]
      },
      "id": "way/226746544"
    },
    {
      "type": "Feature",
      "properties": {
        "@id": "way/226746590",
        "addr:housenumber": "70",
        "addr:street": "Rottannenweg",
        "building": "dormitory",
        "roof:shape": "flat",
        "@geometry": "center"
      },
      "geometry": {
        "type": "Point",
        "coordinates": [
          8.5078805,
          49.5303129
        ]
      },
      "id": "way/226746590"
    },
    {
      "type": "Feature",
      "properties": {
        "@id": "way/226746591",
        "building": "dormitory",
        "roof:shape": "flat",
        "@geometry": "center"
      },
      "geometry": {
        "type": "Point",
        "coordinates": [
          8.5078286,
          49.5303417
        ]
      },
      "id": "way/226746591"
    },
    {
      "type": "Feature",
      "properties": {
        "@id": "way/233902595",
        "addr:city": "Stuttgart",
        "addr:country": "DE",
        "addr:housenumber": "68",
        "addr:postcode": "70597",
        "addr:street": "Jahnstraße",
        "building": "dormitory",
        "building:levels": "4",
        "@geometry": "center"
      },
      "geometry": {
        "type": "Point",
        "coordinates": [
          9.1801912,
          48.7527732
        ]
      },
      "id": "way/233902595"
    },
    {
      "type": "Feature",
      "properties": {
        "@id": "way/251044139",
        "addr:housenumber": "71",
        "addr:street": "Steinhaldenstraße",
        "building": "dormitory",
        "building:levels": "2",
        "roof:levels": "0",
        "roof:shape": "skillion",
        "@geometry": "center"
      },
      "geometry": {
        "type": "Point",
        "coordinates": [
          9.2327925,
          48.8198094
        ]
      },
      "id": "way/251044139"
    },
    {
      "type": "Feature",
      "properties": {
        "@id": "way/252555819",
        "addr:city": "Stuttgart",
        "addr:country": "DE",
        "addr:housenumber": "68A",
        "addr:postcode": "70569",
        "addr:street": "Pfaffenwaldring",
        "building": "dormitory",
        "building:levels": "3",
        "operator": "Studierendenwerk Stuttgart",
        "roof:levels": "1",
        "roof:shape": "skillion",
        "source": "Maps4BW, LGL, www.lgl-bw.de",
        "@geometry": "center"
      },
      "geometry": {
        "type": "Point",
        "coordinates": [
          9.1019448,
          48.7432335
        ]
      },
      "id": "way/252555819"
    },
    {
      "type": "Feature",
      "properties": {
        "@id": "way/252555820",
        "addr:city": "Stuttgart",
        "addr:country": "DE",
        "addr:housenumber": "68B",
        "addr:postcode": "70569",
        "addr:street": "Pfaffenwaldring",
        "building": "dormitory",
        "building:levels": "3",
        "operator": "Studierendenwerk Stuttgart",
        "roof:levels": "1",
        "roof:shape": "skillion",
        "source": "Maps4BW, LGL, www.lgl-bw.de",
        "@geometry": "center"
      },
      "geometry": {
        "type": "Point",
        "coordinates": [
          9.1019327,
          48.7431167
        ]
      },
      "id": "way/252555820"
    },
    {
      "type": "Feature",
      "properties": {
        "@id": "way/252555821",
        "addr:city": "Stuttgart",
        "addr:country": "DE",
        "addr:housenumber": "70",
        "addr:postcode": "70569",
        "addr:street": "Pfaffenwaldring",
        "building": "dormitory",
        "building:levels": "3",
        "operator": "Studierendenwerk Stuttgart",
        "roof:levels": "1",
        "roof:shape": "skillion",
        "source": "Maps4BW, LGL, www.lgl-bw.de",
        "@geometry": "center"
      },
      "geometry": {
        "type": "Point",
        "coordinates": [
          9.10192,
          48.7430009
        ]
      },
      "id": "way/252555821"
    },
    {
      "type": "Feature",
      "properties": {
        "@id": "way/252555822",
        "addr:city": "Stuttgart",
        "addr:country": "DE",
        "addr:housenumber": "66B",
        "addr:postcode": "70569",
        "addr:street": "Pfaffenwaldring",
        "building": "dormitory",
        "operator": "Studierendenwerk Stuttgart",
        "source": "Maps4BW, LGL, www.lgl-bw.de",
        "@geometry": "center"
      },
      "geometry": {
        "type": "Point",
        "coordinates": [
          9.1019759,
          48.7434557
        ]
      },
      "id": "way/252555822"
    },
    {
      "type": "Feature",
      "properties": {
        "@id": "way/252555823",
        "addr:city": "Stuttgart",
        "addr:country": "DE",
        "addr:housenumber": "66A",
        "addr:postcode": "70569",
        "addr:street": "Pfaffenwaldring",
        "building": "dormitory",
        "building:levels": "3",
        "operator": "Studierendenwerk Stuttgart",
        "roof:levels": "1",
        "roof:shape": "skillion",
        "source": "Maps4BW, LGL, www.lgl-bw.de",
        "@geometry": "center"
      },
      "geometry": {
        "type": "Point",
        "coordinates": [
          9.1021388,
          48.7434523
        ]
      },
      "id": "way/252555823"
    },
    {
      "type": "Feature",
      "properties": {
        "@id": "way/252555824",
        "addr:city": "Stuttgart",
        "addr:country": "DE",
        "addr:housenumber": "66C",
        "addr:postcode": "70569",
        "addr:street": "Pfaffenwaldring",
        "building": "dormitory",
        "building:levels": "3",
        "operator": "Studierendenwerk Stuttgart",
        "roof:levels": "1",
        "roof:shape": "skillion",
        "source": "Maps4BW, LGL, www.lgl-bw.de",
        "@geometry": "center"
      },
      "geometry": {
        "type": "Point",
        "coordinates": [
          9.1019568,
          48.7433494
        ]
      },
      "id": "way/252555824"
    },
    {
      "type": "Feature",
      "properties": {
        "@id": "way/252555825",
        "addr:city": "Stuttgart",
        "addr:country": "DE",
        "addr:housenumber": "64B",
        "addr:postcode": "70569",
        "addr:street": "Pfaffenwaldring",
        "building": "dormitory",
        "building:levels": "3",
        "operator": "Studierendenwerk Stuttgart",
        "roof:levels": "1",
        "roof:shape": "skillion",
        "source": "Maps4BW, LGL, www.lgl-bw.de",
        "@geometry": "center"
      },
      "geometry": {
        "type": "Point",
        "coordinates": [
          9.1023159,
          48.7434448
        ]
      },
      "id": "way/252555825"
    },
    {
      "type": "Feature",
      "properties": {
        "@id": "way/270847418",
        "addr:city": "Mannheim",
        "addr:country": "DE",
        "addr:housenumber": "10",
        "addr:street": "Wetzlarer Winkel",
        "building": "dormitory",
        "@geometry": "center"
      },
      "geometry": {
        "type": "Point",
        "coordinates": [
          8.4921816,
          49.5231262
        ]
      },
      "id": "way/270847418"
    },
    {
      "type": "Feature",
      "properties": {
        "@id": "way/288763715",
        "addr:city": "Stuttgart",
        "addr:country": "DE",
        "addr:housenumber": "16",
        "addr:postcode": "70174",
        "addr:street": "Rosenbergstraße",
        "building": "dormitory",
        "building:levels": "6",
        "roof:colour": "gray",
        "roof:levels": "1",
        "roof:shape": "flat",
        "@geometry": "center"
      },
      "geometry": {
        "type": "Point",
        "coordinates": [
          9.1666028,
          48.7821025
        ]
      },
      "id": "way/288763715"
    },
    {
      "type": "Feature",
      "properties": {
        "@id": "way/290258034",
        "addr:housenumber": "19",
        "addr:street": "Planetenweg",
        "building": "dormitory",
        "building:levels": "4",
        "roof:shape": "flat",
        "@geometry": "center"
      },
      "geometry": {
        "type": "Point",
        "coordinates": [
          8.508373,
          49.524172
        ]
      },
      "id": "way/290258034"
    },
    {
      "type": "Feature",
      "properties": {
        "@id": "way/300642718",
        "addr:city": "Mannheim",
        "building": "dormitory",
        "building:levels": "3",
        "roof:shape": "flat",
        "@geometry": "center"
      },
      "geometry": {
        "type": "Point",
        "coordinates": [
          8.5079019,
          49.5254898
        ]
      },
      "id": "way/300642718"
    },
    {
      "type": "Feature",
      "properties": {
        "@id": "way/304172873",
        "addr:city": "Stuttgart",
        "addr:country": "DE",
        "addr:housenumber": "50B",
        "addr:postcode": "70569",
        "addr:street": "Pfaffenwaldring",
        "building": "dormitory",
        "building:levels": "3",
        "operator": "Studierendenwerk Stuttgart",
        "roof:levels": "3",
        "roof:shape": "flat",
        "source": "Maps4BW, LGL, www.lgl-bw.de",
        "@geometry": "center"
      },
      "geometry": {
        "type": "Point",
        "coordinates": [
          9.101543,
          48.7462774
        ]
      },
      "id": "way/304172873"
    },
    {
      "type": "Feature",
      "properties": {
        "@id": "way/304172874",
        "addr:city": "Stuttgart",
        "addr:country": "DE",
        "addr:housenumber": "50A",
        "addr:postcode": "70569",
        "addr:street": "Pfaffenwaldring",
        "building": "dormitory",
        "building:levels": "3",
        "operator": "Studierendenwerk Stuttgart",
        "roof:levels": "3",
        "roof:shape": "flat",
        "source": "Maps4BW, LGL, www.lgl-bw.de",
        "@geometry": "center"
      },
      "geometry": {
        "type": "Point",
        "coordinates": [
          9.1021433,
          48.7462537
        ]
      },
      "id": "way/304172874"
    },
    {
      "type": "Feature",
      "properties": {
        "@id": "way/304769189",
        "building": "dormitory",
        "building:levels": "3",
        "roof:shape": "gabled",
        "@geometry": "center"
      },
      "geometry": {
        "type": "Point",
        "coordinates": [
          8.5986359,
          49.4947516
        ]
      },
      "id": "way/304769189"
    },
    {
      "type": "Feature",
      "properties": {
        "@id": "way/306808153",
        "addr:city": "Stuttgart",
        "addr:country": "DE",
        "addr:housenumber": "53",
        "addr:postcode": "70599",
        "addr:street": "Egilolfstraße",
        "building": "dormitory",
        "source": "yahoo",
        "@geometry": "center"
      },
      "geometry": {
        "type": "Point",
        "coordinates": [
          9.2068876,
          48.715394
        ]
      },
      "id": "way/306808153"
    },
    {
      "type": "Feature",
      "properties": {
        "@id": "way/306808155",
        "addr:city": "Stuttgart",
        "addr:country": "DE",
        "addr:housenumber": "55",
        "addr:postcode": "70599",
        "addr:street": "Egilolfstraße",
        "building": "dormitory",
        "source": "yahoo",
        "@geometry": "center"
      },
      "geometry": {
        "type": "Point",
        "coordinates": [
          9.2066849,
          48.7152833
        ]
      },
      "id": "way/306808155"
    },
    {
      "type": "Feature",
      "properties": {
        "@id": "way/306808157",
        "addr:city": "Stuttgart",
        "addr:country": "DE",
        "addr:housenumber": "59",
        "addr:postcode": "70599",
        "addr:street": "Egilolfstraße",
        "building": "dormitory",
        "source": "yahoo",
        "@geometry": "center"
      },
      "geometry": {
        "type": "Point",
        "coordinates": [
          9.2068751,
          48.7150111
        ]
      },
      "id": "way/306808157"
    },
    {
      "type": "Feature",
      "properties": {
        "@id": "way/308807530",
        "addr:city": "Leinfelden-Echterdingen",
        "addr:country": "DE",
        "addr:housenumber": "1",
        "addr:postcode": "70771",
        "addr:street": "Haublickstraße",
        "addr:suburb": "Musberg",
        "building": "dormitory",
        "building:levels": "3",
        "roof:levels": "1",
        "@geometry": "center"
      },
      "geometry": {
        "type": "Point",
        "coordinates": [
          9.1206911,
          48.6921621
        ]
      },
      "id": "way/308807530"
    },
    {
      "type": "Feature",
      "properties": {
        "@id": "way/317827300",
        "addr:place": "B7",
        "building": "dormitory",
        "building:levels": "4",
        "operator": "Studierendenwerk Mannheim",
        "roof:levels": "1",
        "roof:shape": "gabled",
        "@geometry": "center"
      },
      "geometry": {
        "type": "Point",
        "coordinates": [
          8.4567881,
          49.48883
        ]
      },
      "id": "way/317827300"
    },
    {
      "type": "Feature",
      "properties": {
        "@id": "way/320857499",
        "addr:city": "Stuttgart",
        "addr:country": "DE",
        "addr:housenumber": "1",
        "addr:postcode": "70599",
        "addr:street": "Im Chausseefeld",
        "building": "dormitory",
        "building:levels": "3",
        "roof:levels": "1",
        "roof:shape": "skillion",
        "source": "yahoo",
        "@geometry": "center"
      },
      "geometry": {
        "type": "Point",
        "coordinates": [
          9.1985036,
          48.7140948
        ]
      },
      "id": "way/320857499"
    },
    {
      "type": "Feature",
      "properties": {
        "@id": "way/320857562",
        "addr:city": "Stuttgart",
        "addr:country": "DE",
        "addr:housenumber": "5",
        "addr:postcode": "70599",
        "addr:street": "Im Chausseefeld",
        "building": "dormitory",
        "building:levels": "3",
        "roof:levels": "1",
        "roof:shape": "skillion",
        "source": "yahoo",
        "@geometry": "center"
      },
      "geometry": {
        "type": "Point",
        "coordinates": [
          9.1979267,
          48.7139366
        ]
      },
      "id": "way/320857562"
    },
    {
      "type": "Feature",
      "properties": {
        "@id": "way/320857570",
        "addr:city": "Stuttgart",
        "addr:country": "DE",
        "addr:housenumber": "7",
        "addr:postcode": "70599",
        "addr:street": "Im Chausseefeld",
        "building": "dormitory",
        "building:levels": "3",
        "roof:levels": "0",
        "roof:shape": "flat",
        "source": "yahoo",
        "@geometry": "center"
      },
      "geometry": {
        "type": "Point",
        "coordinates": [
          9.1976694,
          48.7138917
        ]
      },
      "id": "way/320857570"
    },
    {
      "type": "Feature",
      "properties": {
        "@id": "way/320857579",
        "addr:city": "Stuttgart",
        "addr:country": "DE",
        "addr:housenumber": "9",
        "addr:postcode": "70599",
        "addr:street": "Im Chausseefeld",
        "building": "dormitory",
        "building:levels": "3",
        "roof:levels": "1",
        "roof:shape": "skillion",
        "source": "yahoo",
        "@geometry": "center"
      },
      "geometry": {
        "type": "Point",
        "coordinates": [
          9.1973985,
          48.7139331
        ]
      },
      "id": "way/320857579"
    },
    {
      "type": "Feature",
      "properties": {
        "@id": "way/321000431",
        "building": "dormitory",
        "source:geometry": "Maps4BW, LGL, www.lgl-bw.de",
        "@geometry": "center"
      },
      "geometry": {
        "type": "Point",
        "coordinates": [
          8.409205,
          48.9966754
        ]
      },
      "id": "way/321000431"
    },
    {
      "type": "Feature",
      "properties": {
        "@id": "way/322078678",
        "addr:city": "Mannheim",
        "addr:housenumber": "26",
        "addr:place": "G7",
        "addr:postcode": "68159",
        "building": "dormitory",
        "building:colour": "#d4c3a2",
        "building:levels": "5",
        "roof:colour": "#F5BCA9",
        "roof:levels": "1.5",
        "roof:shape": "gabled",
        "source:geometry": "LGL, www.lgl-bw.de",
        "website": "http://www.studentenwerk-mannheim.de/egotec/Wohnen/Wohnh%C3%A4user/G+7_+26_28/Informationen-p-1328.html",
        "@geometry": "center"
      },
      "geometry": {
        "type": "Point",
        "coordinates": [
          8.4599366,
          49.4925343
        ]
      },
      "id": "way/322078678"
    },
    {
      "type": "Feature",
      "properties": {
        "@id": "way/322435762",
        "addr:city": "Mannheim",
        "addr:country": "DE",
        "addr:housenumber": "10",
        "addr:place": "K4",
        "addr:postcode": "68159",
        "building": "dormitory",
        "name": "Christliches Studentenwohnheim Haus Friede",
        "source:geometry": "LGL, www.lgl-bw.de",
        "@geometry": "center"
      },
      "geometry": {
        "type": "Point",
        "coordinates": [
          8.4676964,
          49.4934119
        ]
      },
      "id": "way/322435762"
    },
    {
      "type": "Feature",
      "properties": {
        "@id": "way/326051227",
        "addr:city": "Ludwigshafen am Rhein",
        "addr:country": "DE",
        "addr:housenumber": "18",
        "addr:postcode": "67071",
        "addr:street": "Mörikestraße",
        "addr:suburb": "Oggersheim",
        "building": "dormitory",
        "@geometry": "center"
      },
      "geometry": {
        "type": "Point",
        "coordinates": [
          8.3654134,
          49.4881016
        ]
      },
      "id": "way/326051227"
    },
    {
      "type": "Feature",
      "properties": {
        "@id": "way/326051248",
        "addr:city": "Ludwigshafen am Rhein",
        "addr:country": "DE",
        "addr:housenumber": "20",
        "addr:postcode": "67071",
        "addr:street": "Mörikestraße",
        "addr:suburb": "Oggersheim",
        "building": "dormitory",
        "@geometry": "center"
      },
      "geometry": {
        "type": "Point",
        "coordinates": [
          8.3653271,
          49.4882768
        ]
      },
      "id": "way/326051248"
    },
    {
      "type": "Feature",
      "properties": {
        "@id": "way/326051263",
        "addr:city": "Ludwigshafen am Rhein",
        "addr:country": "DE",
        "addr:housenumber": "22",
        "addr:postcode": "67071",
        "addr:street": "Mörikestraße",
        "addr:suburb": "Oggersheim",
        "building": "dormitory",
        "@geometry": "center"
      },
      "geometry": {
        "type": "Point",
        "coordinates": [
          8.3652168,
          49.4885194
        ]
      },
      "id": "way/326051263"
    },
    {
      "type": "Feature",
      "properties": {
        "@id": "way/326455175",
        "addr:city": "Stuttgart",
        "addr:country": "DE",
        "addr:housenumber": "26",
        "addr:postcode": "70174",
        "addr:street": "Hospitalstraße",
        "building": "dormitory",
        "building:levels": "5",
        "denomination": "roman_catholic",
        "description": "katholisches Studentenwohnheim der Diözese Rottenburg-Stuttgart",
        "name": "Rupert-Mayer-Haus",
        "religion": "christian",
        "roof:levels": "0",
        "roof:shape": "flat",
        "website": "https://rupert-mayer-haus.drs.de/",
        "@geometry": "center"
      },
      "geometry": {
        "type": "Point",
        "coordinates": [
          9.1718009,
          48.7769691
        ]
      },
      "id": "way/326455175"
    },
    {
      "type": "Feature",
      "properties": {
        "@id": "way/332372124",
        "addr:housenumber": "43",
        "addr:street": "Speyerer Straße",
        "building": "dormitory",
        "building:levels": "4",
        "roof:levels": "1",
        "roof:shape": "hipped",
        "@geometry": "center"
      },
      "geometry": {
        "type": "Point",
        "coordinates": [
          8.4790898,
          49.4658872
        ]
      },
      "id": "way/332372124"
    },
    {
      "type": "Feature",
      "properties": {
        "@id": "way/332372126",
        "addr:housenumber": "45",
        "addr:street": "Speyerer Straße",
        "building": "dormitory",
        "building:levels": "4",
        "roof:levels": "1",
        "roof:shape": "hipped",
        "@geometry": "center"
      },
      "geometry": {
        "type": "Point",
        "coordinates": [
          8.4788863,
          49.4658068
        ]
      },
      "id": "way/332372126"
    },
    {
      "type": "Feature",
      "properties": {
        "@id": "way/332372128",
        "addr:housenumber": "47",
        "addr:street": "Speyerer Straße",
        "building": "dormitory",
        "building:levels": "4",
        "roof:levels": "1",
        "roof:shape": "hipped",
        "@geometry": "center"
      },
      "geometry": {
        "type": "Point",
        "coordinates": [
          8.4786828,
          49.4657264
        ]
      },
      "id": "way/332372128"
    },
    {
      "type": "Feature",
      "properties": {
        "@id": "way/332372130",
        "addr:housenumber": "49",
        "addr:street": "Speyerer Straße",
        "building": "dormitory",
        "building:levels": "4",
        "roof:levels": "1",
        "roof:shape": "hipped",
        "@geometry": "center"
      },
      "geometry": {
        "type": "Point",
        "coordinates": [
          8.4784794,
          49.4656459
        ]
      },
      "id": "way/332372130"
    },
    {
      "type": "Feature",
      "properties": {
        "@id": "way/332372132",
        "addr:housenumber": "51",
        "addr:street": "Speyerer Straße",
        "building": "dormitory",
        "building:levels": "4",
        "roof:levels": "1",
        "roof:shape": "hipped",
        "@geometry": "center"
      },
      "geometry": {
        "type": "Point",
        "coordinates": [
          8.4782759,
          49.4655655
        ]
      },
      "id": "way/332372132"
    },
    {
      "type": "Feature",
      "properties": {
        "@id": "way/332372134",
        "addr:housenumber": "53",
        "addr:street": "Speyerer Straße",
        "building": "dormitory",
        "building:levels": "4",
        "roof:levels": "1",
        "roof:shape": "hipped",
        "@geometry": "center"
      },
      "geometry": {
        "type": "Point",
        "coordinates": [
          8.4780724,
          49.4654851
        ]
      },
      "id": "way/332372134"
    },
    {
      "type": "Feature",
      "properties": {
        "@id": "way/349661324",
        "building": "dormitory",
        "source:outline": "bing",
        "@geometry": "center"
      },
      "geometry": {
        "type": "Point",
        "coordinates": [
          8.2983164,
          49.044084
        ]
      },
      "id": "way/349661324"
    },
    {
      "type": "Feature",
      "properties": {
        "@id": "way/356386053",
        "addr:city": "Karlsruhe",
        "addr:country": "DE",
        "addr:housename": "K2",
        "addr:housenumber": "30",
        "addr:postcode": "76131",
        "addr:street": "Klosterweg",
        "addr:suburb": "Oststadt",
        "building": "dormitory",
        "building:colour": "#E0E6DF",
        "building:levels": "7",
        "note:editor": "square_k2",
        "ref": "K2",
        "roof:colour": "#856B5B",
        "roof:shape": "flat",
        "wheelchair": "limited",
        "@geometry": "center"
      },
      "geometry": {
        "type": "Point",
        "coordinates": [
          8.4222577,
          49.0201005
        ]
      },
      "id": "way/356386053"
    },
    {
      "type": "Feature",
      "properties": {
        "@id": "way/356388252",
        "addr:city": "Karlsruhe",
        "addr:country": "DE",
        "addr:housename": "K5",
        "addr:housenumber": "38",
        "addr:postcode": "76131",
        "addr:street": "Klosterweg",
        "addr:suburb": "Oststadt",
        "building": "dormitory",
        "building:colour": "#E0E6DF",
        "building:levels": "6",
        "ref": "K5",
        "roof:colour": "#856B5B",
        "roof:shape": "flat",
        "wheelchair": "limited",
        "@geometry": "center"
      },
      "geometry": {
        "type": "Point",
        "coordinates": [
          8.4238692,
          49.0199343
        ]
      },
      "id": "way/356388252"
    },
    {
      "type": "Feature",
      "properties": {
        "@id": "way/356388258",
        "addr:city": "Karlsruhe",
        "addr:country": "DE",
        "addr:housename": "K1",
        "addr:housenumber": "28",
        "addr:postcode": "76131",
        "addr:street": "Klosterweg",
        "addr:suburb": "Oststadt",
        "building": "dormitory",
        "building:colour": "#E0E6DF",
        "building:levels": "4",
        "note:editor": "square_k1",
        "ref": "K1",
        "roof:colour": "#856B5B",
        "roof:levels": "0",
        "roof:shape": "flat",
        "wheelchair": "limited",
        "@geometry": "center"
      },
      "geometry": {
        "type": "Point",
        "coordinates": [
          8.4225256,
          49.0194929
        ]
      },
      "id": "way/356388258"
    },
    {
      "type": "Feature",
      "properties": {
        "@id": "way/356388264",
        "addr:city": "Karlsruhe",
        "addr:country": "DE",
        "addr:housename": "K4",
        "addr:housenumber": "36",
        "addr:postcode": "76131",
        "addr:street": "Klosterweg",
        "addr:suburb": "Oststadt",
        "building": "dormitory",
        "building:colour": "#E0E6DF",
        "building:levels": "6",
        "note:editor": "square_k4",
        "ref": "K4",
        "roof:colour": "#856B5B",
        "roof:shape": "flat",
        "wheelchair": "limited",
        "@geometry": "center"
      },
      "geometry": {
        "type": "Point",
        "coordinates": [
          8.4236223,
          49.0206335
        ]
      },
      "id": "way/356388264"
    },
    {
      "type": "Feature",
      "properties": {
        "@id": "way/356388269",
        "addr:city": "Karlsruhe",
        "addr:country": "DE",
        "addr:housename": "K3",
        "addr:housenumber": "34",
        "addr:postcode": "76131",
        "addr:street": "Klosterweg",
        "addr:suburb": "Oststadt",
        "building": "dormitory",
        "building:colour": "#E0E6DF",
        "building:levels": "6",
        "note:editor": "square_k3",
        "ref": "K3",
        "roof:colour": "#856B5B",
        "roof:shape": "flat",
        "wheelchair": "limited",
        "@geometry": "center"
      },
      "geometry": {
        "type": "Point",
        "coordinates": [
          8.4230334,
          49.0204099
        ]
      },
      "id": "way/356388269"
    },
    {
      "type": "Feature",
      "properties": {
        "@id": "way/363049300",
        "addr:city": "Stuttgart",
        "addr:country": "DE",
        "addr:housenumber": "80",
        "addr:postcode": "70378",
        "addr:street": "Wagrainstraße",
        "building": "dormitory",
        "building:levels": "2",
        "height": "6",
        "roof:shape": "flat",
        "@geometry": "center"
      },
      "geometry": {
        "type": "Point",
        "coordinates": [
          9.2153818,
          48.8295973
        ]
      },
      "id": "way/363049300"
    },
    {
      "type": "Feature",
      "properties": {
        "@id": "way/363049301",
        "addr:city": "Stuttgart",
        "addr:country": "DE",
        "addr:housenumber": "80a",
        "addr:postcode": "70378",
        "addr:street": "Wagrainstraße",
        "building": "dormitory",
        "building:levels": "2",
        "height": "6",
        "roof:shape": "flat",
        "@geometry": "center"
      },
      "geometry": {
        "type": "Point",
        "coordinates": [
          9.2152709,
          48.829416
        ]
      },
      "id": "way/363049301"
    },
    {
      "type": "Feature",
      "properties": {
        "@id": "way/363049302",
        "addr:city": "Stuttgart",
        "addr:country": "DE",
        "addr:housenumber": "80b",
        "addr:postcode": "70378",
        "addr:street": "Wagrainstraße",
        "building": "dormitory",
        "building:levels": "2",
        "height": "6",
        "roof:shape": "flat",
        "@geometry": "center"
      },
      "geometry": {
        "type": "Point",
        "coordinates": [
          9.215134,
          48.8292102
        ]
      },
      "id": "way/363049302"
    },
    {
      "type": "Feature",
      "properties": {
        "@id": "way/364702819",
        "building": "dormitory",
        "@geometry": "center"
      },
      "geometry": {
        "type": "Point",
        "coordinates": [
          8.3813415,
          49.0005312
        ]
      },
      "id": "way/364702819"
    },
    {
      "type": "Feature",
      "properties": {
        "@id": "way/367653721",
        "addr:city": "Stuttgart",
        "addr:country": "DE",
        "addr:housenumber": "51",
        "addr:postcode": "70372",
        "addr:street": "Mercedesstraße",
        "building": "dormitory",
        "building:levels": "2",
        "height": "6",
        "roof:shape": "flat",
        "@geometry": "center"
      },
      "geometry": {
        "type": "Point",
        "coordinates": [
          9.225569,
          48.795235
        ]
      },
      "id": "way/367653721"
    },
    {
      "type": "Feature",
      "properties": {
        "@id": "way/367653722",
        "addr:city": "Stuttgart",
        "addr:country": "DE",
        "addr:housenumber": "51a",
        "addr:postcode": "70372",
        "addr:street": "Mercedesstraße",
        "building": "dormitory",
        "building:levels": "2",
        "height": "6",
        "roof:shape": "flat",
        "@geometry": "center"
      },
      "geometry": {
        "type": "Point",
        "coordinates": [
          9.2259728,
          48.7951867
        ]
      },
      "id": "way/367653722"
    },
    {
      "type": "Feature",
      "properties": {
        "@id": "way/367653723",
        "addr:city": "Stuttgart",
        "addr:country": "DE",
        "addr:housenumber": "51b",
        "addr:postcode": "70372",
        "addr:street": "Mercedesstraße",
        "building": "dormitory",
        "building:levels": "2",
        "height": "6",
        "roof:shape": "flat",
        "@geometry": "center"
      },
      "geometry": {
        "type": "Point",
        "coordinates": [
          9.2262809,
          48.7951491
        ]
      },
      "id": "way/367653723"
    },
    {
      "type": "Feature",
      "properties": {
        "@id": "way/372414548",
        "building": "dormitory",
        "building:levels": "5",
        "capacity": "125",
        "check_date": "2016-08-18",
        "name": "Studentisches Wohnen Campus Stuttgart II",
        "operator": "Kapitalpartner Konzept",
        "roof:shape": "flat",
        "website": "http://www.kapitalpartner-campus.de/de/objekte/stuttgart-ii/ueberblick.html",
        "@geometry": "center"
      },
      "geometry": {
        "type": "Point",
        "coordinates": [
          9.1072811,
          48.7230277
        ]
      },
      "id": "way/372414548"
    },
    {
      "type": "Feature",
      "properties": {
        "@id": "way/372414550",
        "addr:city": "Stuttgart",
        "addr:country": "DE",
        "addr:housenumber": "2/1",
        "addr:postcode": "70563",
        "addr:street": "Vischerstraße",
        "building": "dormitory",
        "building:levels": "5",
        "capacity": "149",
        "check_date": "2016-08-18",
        "name": "Studentisches Wohnen Campus Stuttgart",
        "operator": "Kapitalpartner Konzept",
        "roof:shape": "flat",
        "start_date": "2015-05",
        "website": "http://www.kapitalpartner-campus.de/de/objekte/stuttgart/ueberblick.html",
        "@geometry": "center"
      },
      "geometry": {
        "type": "Point",
        "coordinates": [
          9.1077161,
          48.7238003
        ]
      },
      "id": "way/372414550"
    },
    {
      "type": "Feature",
      "properties": {
        "@id": "way/376609765",
        "addr:city": "Stuttgart",
        "addr:country": "DE",
        "addr:housenumber": "147",
        "addr:postcode": "70193",
        "addr:street": "Am Kräherwald",
        "building": "dormitory",
        "building:levels": "3",
        "name": "Wohnheim Im sonnigen Winkel",
        "operator": "Rudolf-Sophien-Stift gGmbH",
        "roof:colour": "gray",
        "roof:levels": "2",
        "roof:shape": "gabled",
        "@geometry": "center"
      },
      "geometry": {
        "type": "Point",
        "coordinates": [
          9.1504502,
          48.7865027
        ]
      },
      "id": "way/376609765"
    },
    {
      "type": "Feature",
      "properties": {
        "@id": "way/376770414",
        "addr:city": "Stuttgart",
        "addr:country": "DE",
        "addr:housenumber": "33B",
        "addr:postcode": "70376",
        "addr:street": "Burgholzstraße",
        "building": "dormitory",
        "building:levels": "2",
        "@geometry": "center"
      },
      "geometry": {
        "type": "Point",
        "coordinates": [
          9.207093,
          48.8219622
        ]
      },
      "id": "way/376770414"
    },
    {
      "type": "Feature",
      "properties": {
        "@id": "way/376770415",
        "addr:city": "Stuttgart",
        "addr:country": "DE",
        "addr:housenumber": "33D",
        "addr:postcode": "70376",
        "addr:street": "Burgholzstraße",
        "building": "dormitory",
        "building:levels": "2",
        "@geometry": "center"
      },
      "geometry": {
        "type": "Point",
        "coordinates": [
          9.2063827,
          48.821843
        ]
      },
      "id": "way/376770415"
    },
    {
      "type": "Feature",
      "properties": {
        "@id": "way/376770418",
        "addr:city": "Stuttgart",
        "addr:country": "DE",
        "addr:housenumber": "33A",
        "addr:postcode": "70376",
        "addr:street": "Burgholzstraße",
        "building": "dormitory",
        "building:levels": "2",
        "@geometry": "center"
      },
      "geometry": {
        "type": "Point",
        "coordinates": [
          9.207094,
          48.8217816
        ]
      },
      "id": "way/376770418"
    },
    {
      "type": "Feature",
      "properties": {
        "@id": "way/376770423",
        "addr:city": "Stuttgart",
        "addr:country": "DE",
        "addr:housenumber": "33C",
        "addr:postcode": "70376",
        "addr:street": "Burgholzstraße",
        "building": "dormitory",
        "building:levels": "2",
        "@geometry": "center"
      },
      "geometry": {
        "type": "Point",
        "coordinates": [
          9.2066565,
          48.8218437
        ]
      },
      "id": "way/376770423"
    },
    {
      "type": "Feature",
      "properties": {
        "@id": "way/376770492",
        "addr:country": "DE",
        "addr:housenumber": "1-5",
        "addr:postcode": "70191",
        "addr:street": "Rosensteinstraße",
        "building": "dormitory",
        "building:levels": "8",
        "contact:website": "https://www.studierendenwerk-stuttgart.de/wohnen/wohnanlagen/rosensteinstrasse",
        "internet_access:fee": "customers",
        "name": "Wohnhaus Rosensteinstraße",
        "operator": "Studierendenwerk Stuttgart",
        "owner": "Siedlungswerk GmbH",
        "ref:stgt": "273",
        "roof:material": "grass",
        "roof:shape": "flat",
        "rooms": "346",
        "smoking": "no",
        "start_date": "2014-12-11",
        "@geometry": "center"
      },
      "geometry": {
        "type": "Point",
        "coordinates": [
          9.190773,
          48.7934562
        ]
      },
      "id": "way/376770492"
    },
    {
      "type": "Feature",
      "properties": {
        "@id": "way/378054069",
        "addr:city": "Pfinztal",
        "addr:country": "DE",
        "addr:housenumber": "61",
        "addr:postcode": "76327",
        "addr:street": "Jöhlinger Straße",
        "addr:suburb": "Berghausen",
        "building": "dormitory",
        "building:levels": "3",
        "roof:shape": "flat",
        "source:addr": "Maps4BW, LGL, www.lgl-bw.de",
        "source:geometry": "Maps4BW, LGL, www.lgl-bw.de",
        "start_date": "2014..2015",
        "@geometry": "center"
      },
      "geometry": {
        "type": "Point",
        "coordinates": [
          8.5319726,
          49.0105066
        ]
      },
      "id": "way/378054069"
    },
    {
      "type": "Feature",
      "properties": {
        "@id": "way/378237375",
        "addr:city": "Esslingen am Neckar",
        "addr:housenumber": "115-117",
        "addr:postcode": "73728",
        "addr:street": "Mettinger Straße",
        "building": "dormitory",
        "building:levels": "6",
        "name": "Wohnanlage Am Rossneckar",
        "operator": "Studierendenwerk Stuttgart",
        "roof:levels": "0",
        "roof:shape": "flat",
        "start_date": "2013-10",
        "website": "https://www.studierendenwerk-stuttgart.de/wohnanlage/am-rossneckar",
        "@geometry": "center"
      },
      "geometry": {
        "type": "Point",
        "coordinates": [
          9.2903861,
          48.7417151
        ]
      },
      "id": "way/378237375"
    },
    {
      "type": "Feature",
      "properties": {
        "@id": "way/378237386",
        "addr:city": "Esslingen am Neckar",
        "addr:country": "DE",
        "addr:housenumber": "129",
        "addr:postcode": "73728",
        "addr:street": "Mettinger Straße",
        "building": "dormitory",
        "building:levels": "5",
        "roof:shape": "flat",
        "source": "Luftbilder Stuttgart 2017",
        "start_date": "2016",
        "@geometry": "center"
      },
      "geometry": {
        "type": "Point",
        "coordinates": [
          9.2890231,
          48.7415551
        ]
      },
      "id": "way/378237386"
    },
    {
      "type": "Feature",
      "properties": {
        "@id": "way/383184360",
        "addr:city": "Stuttgart",
        "addr:country": "DE",
        "addr:housenumber": "121A",
        "addr:postcode": "70499",
        "addr:street": "Solitudestraße",
        "building": "dormitory",
        "building:levels": "2",
        "height": "6",
        "roof:shape": "flat",
        "start_date": "2016-02-22",
        "@geometry": "center"
      },
      "geometry": {
        "type": "Point",
        "coordinates": [
          9.1043424,
          48.8071713
        ]
      },
      "id": "way/383184360"
    },
    {
      "type": "Feature",
      "properties": {
        "@id": "way/383184361",
        "addr:city": "Stuttgart",
        "addr:country": "DE",
        "addr:housenumber": "121",
        "addr:postcode": "70499",
        "addr:street": "Solitudestraße",
        "building": "dormitory",
        "building:levels": "2",
        "height": "6",
        "roof:shape": "flat",
        "start_date": "2016-02-22",
        "@geometry": "center"
      },
      "geometry": {
        "type": "Point",
        "coordinates": [
          9.1047035,
          48.8073607
        ]
      },
      "id": "way/383184361"
    },
    {
      "type": "Feature",
      "properties": {
        "@id": "way/389820854",
        "addr:city": "Stuttgart",
        "addr:country": "DE",
        "addr:housenumber": "36",
        "addr:postcode": "70376",
        "addr:street": "Quellenstraße",
        "building": "dormitory",
        "building:levels": "2",
        "height": "6",
        "start_date": "2016-07-25",
        "@geometry": "center"
      },
      "geometry": {
        "type": "Point",
        "coordinates": [
          9.1991699,
          48.8093531
        ]
      },
      "id": "way/389820854"
    },
    {
      "type": "Feature",
      "properties": {
        "@id": "way/389820855",
        "addr:city": "Stuttgart",
        "addr:country": "DE",
        "addr:housenumber": "36a",
        "addr:postcode": "70376",
        "addr:street": "Quellenstraße",
        "building": "dormitory",
        "building:levels": "2",
        "height": "6",
        "start_date": "2016-07-25",
        "@geometry": "center"
      },
      "geometry": {
        "type": "Point",
        "coordinates": [
          9.1988844,
          48.8093066
        ]
      },
      "id": "way/389820855"
    },
    {
      "type": "Feature",
      "properties": {
        "@id": "way/390925644",
        "addr:city": "Stuttgart",
        "addr:country": "DE",
        "addr:housenumber": "4",
        "addr:postcode": "70190",
        "addr:street": "Heilmannstraße",
        "building": "dormitory",
        "@geometry": "center"
      },
      "geometry": {
        "type": "Point",
        "coordinates": [
          9.1916679,
          48.7879168
        ]
      },
      "id": "way/390925644"
    },
    {
      "type": "Feature",
      "properties": {
        "@id": "way/409563522",
        "addr:city": "Stuttgart",
        "addr:country": "DE",
        "addr:housenumber": "12",
        "addr:postcode": "70378",
        "addr:street": "Sturmvogelweg",
        "building": "dormitory",
        "building:levels": "2",
        "height": "6",
        "roof:shape": "flat",
        "start_date": "2016-03-26",
        "@geometry": "center"
      },
      "geometry": {
        "type": "Point",
        "coordinates": [
          9.2377309,
          48.8317448
        ]
      },
      "id": "way/409563522"
    },
    {
      "type": "Feature",
      "properties": {
        "@id": "way/409563524",
        "addr:city": "Stuttgart",
        "addr:country": "DE",
        "addr:housenumber": "12a",
        "addr:postcode": "70378",
        "addr:street": "Sturmvogelweg",
        "building": "dormitory",
        "building:levels": "2",
        "height": "6",
        "roof:shape": "flat",
        "start_date": "2016-03-26",
        "@geometry": "center"
      },
      "geometry": {
        "type": "Point",
        "coordinates": [
          9.2380234,
          48.8317499
        ]
      },
      "id": "way/409563524"
    },
    {
      "type": "Feature",
      "properties": {
        "@id": "way/409616747",
        "addr:city": "Stuttgart",
        "addr:country": "DE",
        "addr:housenumber": "2D",
        "addr:postcode": "70174",
        "addr:street": "Breitscheidstraße",
        "building": "dormitory",
        "building:levels": "2",
        "construction": "dormitory",
        "height": "6",
        "roof:colour": "gray",
        "roof:shape": "flat",
        "@geometry": "center"
      },
      "geometry": {
        "type": "Point",
        "coordinates": [
          9.1709418,
          48.7803989
        ]
      },
      "id": "way/409616747"
    },
    {
      "type": "Feature",
      "properties": {
        "@id": "way/409616752",
        "addr:city": "Stuttgart",
        "addr:country": "DE",
        "addr:housenumber": "2E",
        "addr:postcode": "70174",
        "addr:street": "Breitscheidstraße",
        "building": "dormitory",
        "building:levels": "2",
        "height": "6",
        "roof:colour": "gray",
        "roof:shape": "flat",
        "@geometry": "center"
      },
      "geometry": {
        "type": "Point",
        "coordinates": [
          9.1709317,
          48.7805714
        ]
      },
      "id": "way/409616752"
    },
    {
      "type": "Feature",
      "properties": {
        "@id": "way/409852549",
        "building": "dormitory",
        "building:levels": "3",
        "height": "12",
        "name": "Campo IV",
        "roof:height": "4",
        "roof:levels": "1",
        "roof:shape": "gabled",
        "@geometry": "center"
      },
      "geometry": {
        "type": "Point",
        "coordinates": [
          9.2043405,
          48.703729
        ]
      },
      "id": "way/409852549"
    },
    {
      "type": "Feature",
      "properties": {
        "@id": "way/429388851",
        "addr:city": "Stuttgart",
        "addr:country": "DE",
        "addr:housenumber": "24",
        "addr:postcode": "70188",
        "addr:street": "Am Klingenbach",
        "building": "dormitory",
        "building:levels": "2",
        "@geometry": "center"
      },
      "geometry": {
        "type": "Point",
        "coordinates": [
          9.2116208,
          48.7820776
        ]
      },
      "id": "way/429388851"
    },
    {
      "type": "Feature",
      "properties": {
        "@id": "way/429723335",
        "addr:city": "Karlsruhe",
        "addr:country": "DE",
        "addr:housenumber": "2c",
        "addr:postcode": "76131",
        "addr:street": "Rintheimer Querallee",
        "addr:suburb": "Rinheim",
        "building": "dormitory",
        "building:levels": "2",
        "capacity": "69",
        "heritage": "yes",
        "operator": "Studierendenwerk Karlsruhe",
        "roof:levels": "2",
        "roof:material": "roof_tiles",
        "roof:shape": "hipped",
        "source:geometry": "Maps4BW, LGL, www.lgl-bw.de",
        "start_date": "1938",
        "@geometry": "center"
      },
      "geometry": {
        "type": "Point",
        "coordinates": [
          8.4325192,
          49.0211392
        ]
      },
      "id": "way/429723335"
    },
    {
      "type": "Feature",
      "properties": {
        "@id": "way/436386726",
        "addr:city": "Stuttgart",
        "addr:country": "DE",
        "addr:housenumber": "1A",
        "addr:postcode": "70499",
        "addr:street": "Steinröhre",
        "building": "dormitory",
        "building:levels": "2",
        "height": "6",
        "roof:shape": "flat",
        "start_date": "2016-01-18",
        "@geometry": "center"
      },
      "geometry": {
        "type": "Point",
        "coordinates": [
          9.080684,
          48.8174602
        ]
      },
      "id": "way/436386726"
    },
    {
      "type": "Feature",
      "properties": {
        "@id": "way/436386730",
        "addr:city": "Stuttgart",
        "addr:country": "DE",
        "addr:housenumber": "1B",
        "addr:postcode": "70499",
        "addr:street": "Steinröhre",
        "building": "dormitory",
        "building:levels": "2",
        "height": "6",
        "roof:shape": "flat",
        "start_date": "2016-01-18",
        "@geometry": "center"
      },
      "geometry": {
        "type": "Point",
        "coordinates": [
          9.0810492,
          48.8175404
        ]
      },
      "id": "way/436386730"
    },
    {
      "type": "Feature",
      "properties": {
        "@id": "way/436386739",
        "addr:city": "Stuttgart",
        "addr:country": "DE",
        "addr:housenumber": "1C",
        "addr:postcode": "70499",
        "addr:street": "Steinröhre",
        "building": "dormitory",
        "building:levels": "2",
        "height": "6",
        "roof:shape": "flat",
        "start_date": "2016-01-18",
        "@geometry": "center"
      },
      "geometry": {
        "type": "Point",
        "coordinates": [
          9.0814899,
          48.8175219
        ]
      },
      "id": "way/436386739"
    },
    {
      "type": "Feature",
      "properties": {
        "@id": "way/436386746",
        "addr:city": "Stuttgart",
        "addr:country": "DE",
        "addr:housenumber": "1D",
        "addr:postcode": "70499",
        "addr:street": "Steinröhre",
        "building": "dormitory",
        "building:levels": "2",
        "height": "6",
        "roof:shape": "flat",
        "start_date": "2016-01-18",
        "@geometry": "center"
      },
      "geometry": {
        "type": "Point",
        "coordinates": [
          9.0818057,
          48.8175885
        ]
      },
      "id": "way/436386746"
    },
    {
      "type": "Feature",
      "properties": {
        "@id": "way/436386751",
        "addr:city": "Stuttgart",
        "addr:country": "DE",
        "addr:housenumber": "1E",
        "addr:postcode": "70499",
        "addr:street": "Steinröhre",
        "building": "dormitory",
        "building:levels": "2",
        "height": "6",
        "roof:shape": "flat",
        "start_date": "2016-01-18",
        "@geometry": "center"
      },
      "geometry": {
        "type": "Point",
        "coordinates": [
          9.0820761,
          48.8176447
        ]
      },
      "id": "way/436386751"
    },
    {
      "type": "Feature",
      "properties": {
        "@id": "way/438040072",
        "addr:city": "Stuttgart",
        "addr:country": "DE",
        "addr:housenumber": "49",
        "addr:postcode": "70469",
        "addr:street": "Krailenshaldenstraße",
        "addr:suburb": "Feuerbach-Ost",
        "building": "dormitory",
        "building:levels": "2",
        "height": "6",
        "roof:shape": "flat",
        "@geometry": "center"
      },
      "geometry": {
        "type": "Point",
        "coordinates": [
          9.1792396,
          48.8162336
        ]
      },
      "id": "way/438040072"
    },
    {
      "type": "Feature",
      "properties": {
        "@id": "way/438040073",
        "addr:city": "Stuttgart",
        "addr:country": "DE",
        "addr:housenumber": "49A",
        "addr:postcode": "70469",
        "addr:street": "Krailenshaldenstraße",
        "addr:suburb": "Feuerbach-Ost",
        "building": "dormitory",
        "building:levels": "2",
        "height": "6",
        "roof:shape": "flat",
        "@geometry": "center"
      },
      "geometry": {
        "type": "Point",
        "coordinates": [
          9.1794648,
          48.8164973
        ]
      },
      "id": "way/438040073"
    },
    {
      "type": "Feature",
      "properties": {
        "@id": "way/438040074",
        "addr:city": "Stuttgart",
        "addr:country": "DE",
        "addr:housenumber": "49B",
        "addr:postcode": "70469",
        "addr:street": "Krailenshaldenstraße",
        "addr:suburb": "Feuerbach-Ost",
        "building": "dormitory",
        "building:levels": "2",
        "height": "6",
        "roof:shape": "flat",
        "@geometry": "center"
      },
      "geometry": {
        "type": "Point",
        "coordinates": [
          9.1795586,
          48.8160881
        ]
      },
      "id": "way/438040074"
    },
    {
      "type": "Feature",
      "properties": {
        "@id": "way/438040075",
        "addr:city": "Stuttgart",
        "addr:country": "DE",
        "addr:housenumber": "49C",
        "addr:postcode": "70469",
        "addr:street": "Krailenshaldenstraße",
        "addr:suburb": "Feuerbach-Ost",
        "building": "dormitory",
        "building:levels": "2",
        "height": "6",
        "roof:shape": "flat",
        "@geometry": "center"
      },
      "geometry": {
        "type": "Point",
        "coordinates": [
          9.1794657,
          48.8156829
        ]
      },
      "id": "way/438040075"
    },
    {
      "type": "Feature",
      "properties": {
        "@id": "way/503179753",
        "addr:city": "Stuttgart",
        "addr:country": "DE",
        "addr:housenumber": "3F",
        "addr:postcode": "70569",
        "addr:street": "Allmandring",
        "building": "dormitory",
        "building:levels": "3",
        "operator": "Studierendenwerk Stuttgart",
        "roof:levels": "0",
        "roof:shape": "flat",
        "source": "Maps4BW, LGL, www.lgl-bw.de",
        "@geometry": "center"
      },
      "geometry": {
        "type": "Point",
        "coordinates": [
          9.1007176,
          48.7428823
        ]
      },
      "id": "way/503179753"
    },
    {
      "type": "Feature",
      "properties": {
        "@id": "way/503179754",
        "addr:city": "Stuttgart",
        "addr:country": "DE",
        "addr:housenumber": "3H",
        "addr:postcode": "70569",
        "addr:street": "Allmandring",
        "building": "dormitory",
        "building:levels": "3",
        "operator": "Studierendenwerk Stuttgart",
        "roof:levels": "0",
        "roof:shape": "flat",
        "source": "Maps4BW, LGL, www.lgl-bw.de",
        "@geometry": "center"
      },
      "geometry": {
        "type": "Point",
        "coordinates": [
          9.1004002,
          48.7428895
        ]
      },
      "id": "way/503179754"
    },
    {
      "type": "Feature",
      "properties": {
        "@id": "way/503179755",
        "addr:city": "Stuttgart",
        "addr:country": "DE",
        "addr:housenumber": "3H",
        "addr:postcode": "70569",
        "addr:street": "Allmandring",
        "building": "dormitory",
        "building:levels": "3",
        "operator": "Studierendenwerk Stuttgart",
        "roof:levels": "0",
        "roof:shape": "flat",
        "source": "Maps4BW, LGL, www.lgl-bw.de",
        "@geometry": "center"
      },
      "geometry": {
        "type": "Point",
        "coordinates": [
          9.1001784,
          48.7429012
        ]
      },
      "id": "way/503179755"
    },
    {
      "type": "Feature",
      "properties": {
        "@id": "way/503179756",
        "addr:city": "Stuttgart",
        "addr:country": "DE",
        "addr:housenumber": "3G",
        "addr:postcode": "70569",
        "addr:street": "Allmandring",
        "building": "dormitory",
        "building:levels": "3",
        "operator": "Studierendenwerk Stuttgart",
        "roof:levels": "0",
        "roof:shape": "flat",
        "source": "Maps4BW, LGL, www.lgl-bw.de",
        "@geometry": "center"
      },
      "geometry": {
        "type": "Point",
        "coordinates": [
          9.1006921,
          48.7426442
        ]
      },
      "id": "way/503179756"
    },
    {
      "type": "Feature",
      "properties": {
        "@id": "way/503179757",
        "addr:city": "Stuttgart",
        "addr:country": "DE",
        "addr:housenumber": "3F",
        "addr:postcode": "70569",
        "addr:street": "Allmandring",
        "building": "dormitory",
        "building:levels": "3",
        "operator": "Studierendenwerk Stuttgart",
        "roof:levels": "0",
        "roof:shape": "flat",
        "source": "Maps4BW, LGL, www.lgl-bw.de",
        "@geometry": "center"
      },
      "geometry": {
        "type": "Point",
        "coordinates": [
          9.1009411,
          48.7428708
        ]
      },
      "id": "way/503179757"
    },
    {
      "type": "Feature",
      "properties": {
        "@id": "way/503179759",
        "addr:city": "Stuttgart",
        "addr:country": "DE",
        "addr:housenumber": "3E",
        "addr:postcode": "70569",
        "addr:street": "Allmandring",
        "building": "dormitory",
        "building:levels": "3",
        "operator": "Studierendenwerk Stuttgart",
        "roof:levels": "0",
        "roof:shape": "flat",
        "source": "Maps4BW, LGL, www.lgl-bw.de",
        "@geometry": "center"
      },
      "geometry": {
        "type": "Point",
        "coordinates": [
          9.1009649,
          48.7430968
        ]
      },
      "id": "way/503179759"
    },
    {
      "type": "Feature",
      "properties": {
        "@id": "way/503179760",
        "addr:city": "Stuttgart",
        "addr:country": "DE",
        "addr:housenumber": "3C",
        "addr:postcode": "70569",
        "addr:street": "Allmandring",
        "building": "dormitory",
        "building:levels": "3",
        "operator": "Studierendenwerk Stuttgart",
        "roof:levels": "0",
        "roof:shape": "flat",
        "source": "Maps4BW, LGL, www.lgl-bw.de",
        "@geometry": "center"
      },
      "geometry": {
        "type": "Point",
        "coordinates": [
          9.1012823,
          48.7430836
        ]
      },
      "id": "way/503179760"
    },
    {
      "type": "Feature",
      "properties": {
        "@id": "way/503179761",
        "addr:city": "Stuttgart",
        "addr:country": "DE",
        "addr:housenumber": "3C",
        "addr:postcode": "70569",
        "addr:street": "Allmandring",
        "building": "dormitory",
        "building:levels": "3",
        "operator": "Studierendenwerk Stuttgart",
        "roof:levels": "0",
        "roof:shape": "flat",
        "source": "Maps4BW, LGL, www.lgl-bw.de",
        "@geometry": "center"
      },
      "geometry": {
        "type": "Point",
        "coordinates": [
          9.1015043,
          48.7430719
        ]
      },
      "id": "way/503179761"
    },
    {
      "type": "Feature",
      "properties": {
        "@id": "way/503191295",
        "addr:city": "Stuttgart",
        "addr:country": "DE",
        "addr:housenumber": "104B",
        "addr:postcode": "70569",
        "addr:street": "Universitätsstraße",
        "building": "dormitory",
        "building:levels": "2",
        "operator": "Studierendenwerk Stuttgart",
        "roof:levels": "1",
        "roof:shape": "gabled",
        "@geometry": "center"
      },
      "geometry": {
        "type": "Point",
        "coordinates": [
          9.1028703,
          48.7422221
        ]
      },
      "id": "way/503191295"
    },
    {
      "type": "Feature",
      "properties": {
        "@id": "way/503191296",
        "addr:city": "Stuttgart",
        "addr:country": "DE",
        "addr:housenumber": "102C",
        "addr:postcode": "70569",
        "addr:street": "Universitätsstraße",
        "building": "dormitory",
        "building:levels": "3",
        "operator": "Studierendenwerk Stuttgart",
        "roof:levels": "1",
        "roof:shape": "gabled",
        "@geometry": "center"
      },
      "geometry": {
        "type": "Point",
        "coordinates": [
          9.1028576,
          48.7419984
        ]
      },
      "id": "way/503191296"
    },
    {
      "type": "Feature",
      "properties": {
        "@id": "way/503191297",
        "addr:city": "Stuttgart",
        "addr:country": "DE",
        "addr:housenumber": "102B",
        "addr:postcode": "70569",
        "addr:street": "Universitätsstraße",
        "building": "dormitory",
        "building:levels": "2",
        "operator": "Studierendenwerk Stuttgart",
        "roof:levels": "1",
        "roof:shape": "gabled",
        "@geometry": "center"
      },
      "geometry": {
        "type": "Point",
        "coordinates": [
          9.1028359,
          48.7418914
        ]
      },
      "id": "way/503191297"
    },
    {
      "type": "Feature",
      "properties": {
        "@id": "way/503191298",
        "addr:city": "Stuttgart",
        "addr:country": "DE",
        "addr:housenumber": "102A",
        "addr:postcode": "70569",
        "addr:street": "Universitätsstraße",
        "building": "dormitory",
        "building:levels": "3",
        "operator": "Studierendenwerk Stuttgart",
        "roof:levels": "1",
        "roof:shape": "skillion",
        "@geometry": "center"
      },
      "geometry": {
        "type": "Point",
        "coordinates": [
          9.1026726,
          48.741894
        ]
      },
      "id": "way/503191298"
    },
    {
      "type": "Feature",
      "properties": {
        "@id": "way/503191300",
        "addr:city": "Stuttgart",
        "addr:country": "DE",
        "addr:housenumber": "100",
        "addr:postcode": "70569",
        "addr:street": "Universitätsstraße",
        "building": "dormitory",
        "building:levels": "3",
        "operator": "Studierendenwerk Stuttgart",
        "roof:levels": "1",
        "roof:shape": "skillion",
        "@geometry": "center"
      },
      "geometry": {
        "type": "Point",
        "coordinates": [
          9.1024993,
          48.7419022
        ]
      },
      "id": "way/503191300"
    },
    {
      "type": "Feature",
      "properties": {
        "@id": "way/503191301",
        "addr:city": "Stuttgart",
        "addr:country": "DE",
        "addr:housenumber": "98B",
        "addr:postcode": "70569",
        "addr:street": "Universitätsstraße",
        "building": "dormitory",
        "building:levels": "2",
        "operator": "Studierendenwerk Stuttgart",
        "roof:levels": "1",
        "roof:shape": "skillion",
        "@geometry": "center"
      },
      "geometry": {
        "type": "Point",
        "coordinates": [
          9.1023261,
          48.7419099
        ]
      },
      "id": "way/503191301"
    },
    {
      "type": "Feature",
      "properties": {
        "@id": "way/503191302",
        "addr:city": "Stuttgart",
        "addr:country": "DE",
        "addr:housenumber": "98A",
        "addr:postcode": "70569",
        "addr:street": "Universitätsstraße",
        "building": "dormitory",
        "building:levels": "3",
        "operator": "Studierendenwerk Stuttgart",
        "roof:levels": "1",
        "roof:shape": "skillion",
        "@geometry": "center"
      },
      "geometry": {
        "type": "Point",
        "coordinates": [
          9.1021509,
          48.741918
        ]
      },
      "id": "way/503191302"
    },
    {
      "type": "Feature",
      "properties": {
        "@id": "way/503191303",
        "addr:city": "Stuttgart",
        "addr:country": "DE",
        "addr:housenumber": "96C",
        "addr:postcode": "70569",
        "addr:street": "Universitätsstraße",
        "building": "dormitory",
        "building:levels": "3",
        "operator": "Studierendenwerk Stuttgart",
        "roof:levels": "1",
        "roof:shape": "skillion",
        "@geometry": "center"
      },
      "geometry": {
        "type": "Point",
        "coordinates": [
          9.1019771,
          48.7419258
        ]
      },
      "id": "way/503191303"
    },
    {
      "type": "Feature",
      "properties": {
        "@id": "way/503191304",
        "addr:city": "Stuttgart",
        "addr:country": "DE",
        "addr:housenumber": "96B",
        "addr:postcode": "70569",
        "addr:street": "Universitätsstraße",
        "building": "dormitory",
        "building:levels": "1",
        "operator": "Studierendenwerk Stuttgart",
        "roof:levels": "1",
        "@geometry": "center"
      },
      "geometry": {
        "type": "Point",
        "coordinates": [
          9.1018153,
          48.74194
        ]
      },
      "id": "way/503191304"
    },
    {
      "type": "Feature",
      "properties": {
        "@id": "way/503191305",
        "addr:city": "Stuttgart",
        "addr:country": "DE",
        "addr:housenumber": "96A",
        "addr:postcode": "70569",
        "addr:street": "Universitätsstraße",
        "building": "dormitory",
        "building:levels": "2",
        "operator": "Studierendenwerk Stuttgart",
        "roof:levels": "1",
        "roof:shape": "skillion",
        "@geometry": "center"
      },
      "geometry": {
        "type": "Point",
        "coordinates": [
          9.1018174,
          48.7420483
        ]
      },
      "id": "way/503191305"
    },
    {
      "type": "Feature",
      "properties": {
        "@id": "way/503191306",
        "addr:city": "Stuttgart",
        "addr:country": "DE",
        "addr:housenumber": "94",
        "addr:postcode": "70569",
        "addr:street": "Universitätsstraße",
        "building": "dormitory",
        "building:levels": "2",
        "operator": "Studierendenwerk Stuttgart",
        "roof:levels": "1",
        "roof:shape": "skillion",
        "@geometry": "center"
      },
      "geometry": {
        "type": "Point",
        "coordinates": [
          9.1018309,
          48.7421627
        ]
      },
      "id": "way/503191306"
    },
    {
      "type": "Feature",
      "properties": {
        "@id": "way/503191307",
        "addr:city": "Stuttgart",
        "addr:country": "DE",
        "addr:housenumber": "92B",
        "addr:postcode": "70569",
        "addr:street": "Universitätsstraße",
        "building": "dormitory",
        "building:levels": "2",
        "operator": "Studierendenwerk Stuttgart",
        "roof:levels": "1",
        "roof:shape": "skillion",
        "@geometry": "center"
      },
      "geometry": {
        "type": "Point",
        "coordinates": [
          9.1018427,
          48.7422767
        ]
      },
      "id": "way/503191307"
    },
    {
      "type": "Feature",
      "properties": {
        "@id": "way/503191308",
        "addr:city": "Stuttgart",
        "addr:country": "DE",
        "addr:housenumber": "92A",
        "addr:postcode": "70569",
        "addr:street": "Universitätsstraße",
        "building": "dormitory",
        "building:levels": "2",
        "operator": "Studierendenwerk Stuttgart",
        "roof:levels": "1",
        "roof:shape": "skillion",
        "@geometry": "center"
      },
      "geometry": {
        "type": "Point",
        "coordinates": [
          9.1018545,
          48.7423932
        ]
      },
      "id": "way/503191308"
    },
    {
      "type": "Feature",
      "properties": {
        "@id": "way/503191309",
        "addr:city": "Stuttgart",
        "addr:country": "DE",
        "addr:housenumber": "90",
        "addr:postcode": "70569",
        "addr:street": "Universitätsstraße",
        "building": "dormitory",
        "building:levels": "2",
        "operator": "Studierendenwerk Stuttgart",
        "roof:levels": "1",
        "roof:shape": "skillion",
        "@geometry": "center"
      },
      "geometry": {
        "type": "Point",
        "coordinates": [
          9.1018658,
          48.7425085
        ]
      },
      "id": "way/503191309"
    },
    {
      "type": "Feature",
      "properties": {
        "@id": "way/503191310",
        "addr:city": "Stuttgart",
        "addr:country": "DE",
        "addr:housenumber": "82A",
        "addr:postcode": "70569",
        "addr:street": "Universitätsstraße",
        "building": "dormitory",
        "building:levels": "3",
        "operator": "Studierendenwerk Stuttgart",
        "roof:levels": "1",
        "roof:shape": "skillion",
        "@geometry": "center"
      },
      "geometry": {
        "type": "Point",
        "coordinates": [
          9.1023625,
          48.7422537
        ]
      },
      "id": "way/503191310"
    },
    {
      "type": "Feature",
      "properties": {
        "@id": "way/503191311",
        "addr:city": "Stuttgart",
        "addr:country": "DE",
        "addr:housenumber": "82B",
        "addr:postcode": "70569",
        "addr:street": "Universitätsstraße",
        "building": "dormitory",
        "operator": "Studierendenwerk Stuttgart",
        "@geometry": "center"
      },
      "geometry": {
        "type": "Point",
        "coordinates": [
          9.1025257,
          48.7422516
        ]
      },
      "id": "way/503191311"
    },
    {
      "type": "Feature",
      "properties": {
        "@id": "way/503191312",
        "addr:city": "Stuttgart",
        "addr:country": "DE",
        "addr:housenumber": "82C",
        "addr:postcode": "70569",
        "addr:street": "Universitätsstraße",
        "building": "dormitory",
        "building:levels": "3",
        "operator": "Studierendenwerk Stuttgart",
        "roof:levels": "1",
        "roof:shape": "skillion",
        "@geometry": "center"
      },
      "geometry": {
        "type": "Point",
        "coordinates": [
          9.1025466,
          48.7423589
        ]
      },
      "id": "way/503191312"
    },
    {
      "type": "Feature",
      "properties": {
        "@id": "way/503191313",
        "addr:city": "Stuttgart",
        "addr:country": "DE",
        "addr:housenumber": "84A",
        "addr:postcode": "70569",
        "addr:street": "Universitätsstraße",
        "building": "dormitory",
        "building:levels": "3",
        "operator": "Studierendenwerk Stuttgart",
        "roof:levels": "1",
        "roof:shape": "skillion",
        "@geometry": "center"
      },
      "geometry": {
        "type": "Point",
        "coordinates": [
          9.1025587,
          48.7424744
        ]
      },
      "id": "way/503191313"
    },
    {
      "type": "Feature",
      "properties": {
        "@id": "way/503191314",
        "addr:city": "Stuttgart",
        "addr:country": "DE",
        "addr:housenumber": "84B",
        "addr:postcode": "70569",
        "addr:street": "Universitätsstraße",
        "building": "dormitory",
        "building:levels": "2",
        "operator": "Studierendenwerk Stuttgart",
        "roof:levels": "1",
        "roof:shape": "skillion",
        "@geometry": "center"
      },
      "geometry": {
        "type": "Point",
        "coordinates": [
          9.1025629,
          48.7425827
        ]
      },
      "id": "way/503191314"
    },
    {
      "type": "Feature",
      "properties": {
        "@id": "way/503191317",
        "addr:city": "Stuttgart",
        "addr:country": "DE",
        "addr:housenumber": "84C",
        "addr:postcode": "70569",
        "addr:street": "Universitätsstraße",
        "building": "dormitory",
        "building:levels": "3",
        "operator": "Studierendenwerk Stuttgart",
        "roof:levels": "1",
        "roof:shape": "skillion",
        "@geometry": "center"
      },
      "geometry": {
        "type": "Point",
        "coordinates": [
          9.1024018,
          48.7425963
        ]
      },
      "id": "way/503191317"
    },
    {
      "type": "Feature",
      "properties": {
        "@id": "way/503191318",
        "addr:city": "Stuttgart",
        "addr:country": "DE",
        "addr:housenumber": "86",
        "addr:postcode": "70569",
        "addr:street": "Universitätsstraße",
        "building": "dormitory",
        "building:levels": "3",
        "operator": "Studierendenwerk Stuttgart",
        "roof:levels": "1",
        "roof:shape": "skillion",
        "@geometry": "center"
      },
      "geometry": {
        "type": "Point",
        "coordinates": [
          9.1022263,
          48.7426041
        ]
      },
      "id": "way/503191318"
    },
    {
      "type": "Feature",
      "properties": {
        "@id": "way/503191319",
        "addr:city": "Stuttgart",
        "addr:country": "DE",
        "addr:housenumber": "88",
        "addr:postcode": "70569",
        "addr:street": "Universitätsstraße",
        "building": "dormitory",
        "building:levels": "3",
        "operator": "Studierendenwerk Stuttgart",
        "roof:levels": "1",
        "roof:shape": "skillion",
        "@geometry": "center"
      },
      "geometry": {
        "type": "Point",
        "coordinates": [
          9.1020511,
          48.7426119
        ]
      },
      "id": "way/503191319"
    },
    {
      "type": "Feature",
      "properties": {
        "@id": "way/503337647",
        "addr:city": "Stuttgart",
        "addr:country": "DE",
        "addr:housenumber": "76B",
        "addr:postcode": "70569",
        "addr:street": "Pfaffenwaldring",
        "building": "dormitory",
        "building:levels": "2",
        "operator": "Studierendenwerk Stuttgart",
        "roof:levels": "1",
        "roof:shape": "skillion",
        "source": "Maps4BW, LGL, www.lgl-bw.de",
        "@geometry": "center"
      },
      "geometry": {
        "type": "Point",
        "coordinates": [
          9.1024549,
          48.7432002
        ]
      },
      "id": "way/503337647"
    },
    {
      "type": "Feature",
      "properties": {
        "@id": "way/503337648",
        "addr:city": "Stuttgart",
        "addr:country": "DE",
        "addr:housenumber": "76A",
        "addr:postcode": "70569",
        "addr:street": "Pfaffenwaldring",
        "building": "dormitory",
        "building:levels": "3",
        "operator": "Studierendenwerk Stuttgart",
        "roof:levels": "1",
        "roof:shape": "skillion",
        "source": "Maps4BW, LGL, www.lgl-bw.de",
        "@geometry": "center"
      },
      "geometry": {
        "type": "Point",
        "coordinates": [
          9.1024512,
          48.7430913
        ]
      },
      "id": "way/503337648"
    },
    {
      "type": "Feature",
      "properties": {
        "@id": "way/503337649",
        "addr:city": "Stuttgart",
        "addr:country": "DE",
        "addr:housenumber": "74C",
        "addr:postcode": "70569",
        "addr:street": "Pfaffenwaldring",
        "building": "dormitory",
        "operator": "Studierendenwerk Stuttgart",
        "source": "Maps4BW, LGL, www.lgl-bw.de",
        "@geometry": "center"
      },
      "geometry": {
        "type": "Point",
        "coordinates": [
          9.1024384,
          48.7429738
        ]
      },
      "id": "way/503337649"
    },
    {
      "type": "Feature",
      "properties": {
        "@id": "way/503337650",
        "addr:city": "Stuttgart",
        "addr:country": "DE",
        "addr:housenumber": "72",
        "addr:postcode": "70569",
        "addr:street": "Pfaffenwaldring",
        "building": "dormitory",
        "building:levels": "3",
        "operator": "Studierendenwerk Stuttgart",
        "roof:levels": "1",
        "roof:shape": "skillion",
        "source": "Maps4BW, LGL, www.lgl-bw.de",
        "@geometry": "center"
      },
      "geometry": {
        "type": "Point",
        "coordinates": [
          9.1020782,
          48.742879
        ]
      },
      "id": "way/503337650"
    },
    {
      "type": "Feature",
      "properties": {
        "@id": "way/503337651",
        "addr:city": "Stuttgart",
        "addr:country": "DE",
        "addr:housenumber": "74A",
        "addr:postcode": "70569",
        "addr:street": "Pfaffenwaldring",
        "building": "dormitory",
        "building:levels": "3",
        "operator": "Studierendenwerk Stuttgart",
        "roof:levels": "1",
        "roof:shape": "skillion",
        "source": "Maps4BW, LGL, www.lgl-bw.de",
        "@geometry": "center"
      },
      "geometry": {
        "type": "Point",
        "coordinates": [
          9.1022546,
          48.7428704
        ]
      },
      "id": "way/503337651"
    },
    {
      "type": "Feature",
      "properties": {
        "@id": "way/503337652",
        "addr:city": "Stuttgart",
        "addr:country": "DE",
        "addr:housenumber": "74B",
        "addr:postcode": "70569",
        "addr:street": "Pfaffenwaldring",
        "building": "dormitory",
        "operator": "Studierendenwerk Stuttgart",
        "source": "Maps4BW, LGL, www.lgl-bw.de",
        "@geometry": "center"
      },
      "geometry": {
        "type": "Point",
        "coordinates": [
          9.1024194,
          48.7428673
        ]
      },
      "id": "way/503337652"
    },
    {
      "type": "Feature",
      "properties": {
        "@id": "way/504380075",
        "addr:city": "Stuttgart",
        "addr:country": "DE",
        "addr:housenumber": "50B",
        "addr:postcode": "70569",
        "addr:street": "Pfaffenwaldring",
        "building": "dormitory",
        "building:levels": "3",
        "operator": "Studierendenwerk Stuttgart",
        "roof:levels": "3",
        "roof:shape": "flat",
        "source": "Maps4BW, LGL, www.lgl-bw.de",
        "@geometry": "center"
      },
      "geometry": {
        "type": "Point",
        "coordinates": [
          9.1017529,
          48.7462703
        ]
      },
      "id": "way/504380075"
    },
    {
      "type": "Feature",
      "properties": {
        "@id": "way/504380080",
        "addr:city": "Stuttgart",
        "addr:country": "DE",
        "addr:housenumber": "50A",
        "addr:postcode": "70569",
        "addr:street": "Pfaffenwaldring",
        "building": "dormitory",
        "building:levels": "3",
        "operator": "Studierendenwerk Stuttgart",
        "roof:levels": "3",
        "roof:shape": "flat",
        "source": "Maps4BW, LGL, www.lgl-bw.de",
        "@geometry": "center"
      },
      "geometry": {
        "type": "Point",
        "coordinates": [
          9.102161,
          48.7464326
        ]
      },
      "id": "way/504380080"
    },
    {
      "type": "Feature",
      "properties": {
        "@id": "way/504380081",
        "addr:city": "Stuttgart",
        "addr:country": "DE",
        "addr:housenumber": "50B",
        "addr:postcode": "70569",
        "addr:street": "Pfaffenwaldring",
        "building": "dormitory",
        "building:levels": "3",
        "operator": "Studierendenwerk Stuttgart",
        "roof:levels": "3",
        "roof:shape": "flat",
        "source": "Maps4BW, LGL, www.lgl-bw.de",
        "@geometry": "center"
      },
      "geometry": {
        "type": "Point",
        "coordinates": [
          9.1017711,
          48.7464506
        ]
      },
      "id": "way/504380081"
    },
    {
      "type": "Feature",
      "properties": {
        "@id": "way/504380082",
        "addr:city": "Stuttgart",
        "addr:country": "DE",
        "addr:housenumber": "50B",
        "addr:postcode": "70569",
        "addr:street": "Pfaffenwaldring",
        "building": "dormitory",
        "building:levels": "3",
        "operator": "Studierendenwerk Stuttgart",
        "roof:levels": "3",
        "roof:shape": "flat",
        "source": "Maps4BW, LGL, www.lgl-bw.de",
        "@geometry": "center"
      },
      "geometry": {
        "type": "Point",
        "coordinates": [
          9.1015624,
          48.746458
        ]
      },
      "id": "way/504380082"
    },
    {
      "type": "Feature",
      "properties": {
        "@id": "way/504380083",
        "addr:city": "Stuttgart",
        "addr:country": "DE",
        "addr:housenumber": "50C",
        "addr:postcode": "70569",
        "addr:street": "Pfaffenwaldring",
        "building": "dormitory",
        "building:levels": "3",
        "operator": "Studierendenwerk Stuttgart",
        "roof:levels": "3",
        "roof:shape": "flat",
        "source": "Maps4BW, LGL, www.lgl-bw.de",
        "@geometry": "center"
      },
      "geometry": {
        "type": "Point",
        "coordinates": [
          9.1013861,
          48.7464679
        ]
      },
      "id": "way/504380083"
    },
    {
      "type": "Feature",
      "properties": {
        "@id": "way/504380086",
        "addr:city": "Stuttgart",
        "addr:country": "DE",
        "addr:housenumber": "50C",
        "addr:postcode": "70569",
        "addr:street": "Pfaffenwaldring",
        "building": "dormitory",
        "building:levels": "3",
        "operator": "Studierendenwerk Stuttgart",
        "roof:levels": "3",
        "roof:shape": "flat",
        "source": "Maps4BW, LGL, www.lgl-bw.de",
        "@geometry": "center"
      },
      "geometry": {
        "type": "Point",
        "coordinates": [
          9.1011754,
          48.7464739
        ]
      },
      "id": "way/504380086"
    },
    {
      "type": "Feature",
      "properties": {
        "@id": "way/504380089",
        "addr:city": "Stuttgart",
        "addr:country": "DE",
        "addr:housenumber": "50C",
        "addr:postcode": "70569",
        "addr:street": "Pfaffenwaldring",
        "building": "dormitory",
        "building:levels": "3",
        "operator": "Studierendenwerk Stuttgart",
        "roof:levels": "3",
        "roof:shape": "flat",
        "source": "Maps4BW, LGL, www.lgl-bw.de",
        "@geometry": "center"
      },
      "geometry": {
        "type": "Point",
        "coordinates": [
          9.1013669,
          48.7462882
        ]
      },
      "id": "way/504380089"
    },
    {
      "type": "Feature",
      "properties": {
        "@id": "way/504380091",
        "addr:city": "Stuttgart",
        "addr:country": "DE",
        "addr:housenumber": "50C",
        "addr:postcode": "70569",
        "addr:street": "Pfaffenwaldring",
        "building": "dormitory",
        "building:levels": "3",
        "operator": "Studierendenwerk Stuttgart",
        "roof:levels": "3",
        "roof:shape": "flat",
        "source": "Maps4BW, LGL, www.lgl-bw.de",
        "@geometry": "center"
      },
      "geometry": {
        "type": "Point",
        "coordinates": [
          9.1011567,
          48.7462952
        ]
      },
      "id": "way/504380091"
    },
    {
      "type": "Feature",
      "properties": {
        "@id": "way/504522314",
        "addr:city": "Stuttgart",
        "addr:country": "DE",
        "addr:housenumber": "48B",
        "addr:postcode": "70569",
        "addr:street": "Pfaffenwaldring",
        "building": "dormitory",
        "building:levels": "5",
        "operator": "Studierendenwerk Stuttgart",
        "roof:shape": "flat",
        "source": "Maps4BW, LGL, www.lgl-bw.de",
        "@geometry": "center"
      },
      "geometry": {
        "type": "Point",
        "coordinates": [
          9.1001308,
          48.7465579
        ]
      },
      "id": "way/504522314"
    },
    {
      "type": "Feature",
      "properties": {
        "@id": "way/504522315",
        "addr:city": "Stuttgart",
        "addr:country": "DE",
        "addr:housenumber": "48A",
        "addr:postcode": "70569",
        "addr:street": "Pfaffenwaldring",
        "building": "dormitory",
        "building:levels": "5",
        "operator": "Studierendenwerk Stuttgart",
        "roof:shape": "flat",
        "source": "Maps4BW, LGL, www.lgl-bw.de",
        "@geometry": "center"
      },
      "geometry": {
        "type": "Point",
        "coordinates": [
          9.1003343,
          48.7463846
        ]
      },
      "id": "way/504522315"
    },
    {
      "type": "Feature",
      "properties": {
        "@id": "way/504522316",
        "addr:city": "Stuttgart",
        "addr:country": "DE",
        "addr:housenumber": "48E",
        "addr:postcode": "70569",
        "addr:street": "Pfaffenwaldring",
        "building": "dormitory",
        "building:levels": "5",
        "operator": "Studierendenwerk Stuttgart",
        "roof:shape": "flat",
        "source": "Maps4BW, LGL, www.lgl-bw.de",
        "@geometry": "center"
      },
      "geometry": {
        "type": "Point",
        "coordinates": [
          9.100335,
          48.7462256
        ]
      },
      "id": "way/504522316"
    },
    {
      "type": "Feature",
      "properties": {
        "@id": "way/504522317",
        "addr:city": "Stuttgart",
        "addr:country": "DE",
        "addr:housenumber": "48F",
        "addr:postcode": "70569",
        "addr:street": "Pfaffenwaldring",
        "building": "dormitory",
        "building:levels": "5",
        "operator": "Studierendenwerk Stuttgart",
        "roof:shape": "flat",
        "source": "Maps4BW, LGL, www.lgl-bw.de",
        "@geometry": "center"
      },
      "geometry": {
        "type": "Point",
        "coordinates": [
          9.1005775,
          48.7462148
        ]
      },
      "id": "way/504522317"
    },
    {
      "type": "Feature",
      "properties": {
        "@id": "way/504522318",
        "addr:city": "Stuttgart",
        "addr:country": "DE",
        "addr:housenumber": "48G",
        "addr:postcode": "70569",
        "addr:street": "Pfaffenwaldring",
        "building": "dormitory",
        "building:levels": "5",
        "operator": "Studierendenwerk Stuttgart",
        "roof:shape": "flat",
        "source": "Maps4BW, LGL, www.lgl-bw.de",
        "@geometry": "center"
      },
      "geometry": {
        "type": "Point",
        "coordinates": [
          9.1008184,
          48.7462041
        ]
      },
      "id": "way/504522318"
    },
    {
      "type": "Feature",
      "properties": {
        "@id": "way/504526727",
        "addr:city": "Stuttgart",
        "addr:country": "DE",
        "addr:housenumber": "46F",
        "addr:postcode": "70569",
        "addr:street": "Pfaffenwaldring",
        "building": "dormitory",
        "building:levels": "5",
        "operator": "Studierendenwerk Stuttgart",
        "roof:shape": "flat",
        "source": "Maps4BW, LGL, www.lgl-bw.de",
        "@geometry": "center"
      },
      "geometry": {
        "type": "Point",
        "coordinates": [
          9.1008761,
          48.7466859
        ]
      },
      "id": "way/504526727"
    },
    {
      "type": "Feature",
      "properties": {
        "@id": "way/504526728",
        "addr:city": "Stuttgart",
        "addr:country": "DE",
        "addr:housenumber": "46B",
        "addr:postcode": "70569",
        "addr:street": "Pfaffenwaldring",
        "building": "dormitory",
        "building:levels": "5",
        "operator": "Studierendenwerk Stuttgart",
        "roof:levels": "0",
        "roof:shape": "flat",
        "source": "Maps4BW, LGL, www.lgl-bw.de",
        "@geometry": "center"
      },
      "geometry": {
        "type": "Point",
        "coordinates": [
          9.1004272,
          48.747027
        ]
      },
      "id": "way/504526728"
    },
    {
      "type": "Feature",
      "properties": {
        "@id": "way/504526729",
        "addr:city": "Stuttgart",
        "addr:country": "DE",
        "addr:housenumber": "46C",
        "addr:postcode": "70569",
        "addr:street": "Pfaffenwaldring",
        "building": "dormitory",
        "building:levels": "5",
        "operator": "Studierendenwerk Stuttgart",
        "roof:shape": "flat",
        "source": "Maps4BW, LGL, www.lgl-bw.de",
        "@geometry": "center"
      },
      "geometry": {
        "type": "Point",
        "coordinates": [
          9.100411,
          48.7468666
        ]
      },
      "id": "way/504526729"
    },
    {
      "type": "Feature",
      "properties": {
        "@id": "way/504526730",
        "addr:city": "Stuttgart",
        "addr:country": "DE",
        "addr:housenumber": "46D",
        "addr:postcode": "70569",
        "addr:street": "Pfaffenwaldring",
        "building": "dormitory",
        "building:levels": "5",
        "operator": "Studierendenwerk Stuttgart",
        "roof:shape": "flat",
        "source": "Maps4BW, LGL, www.lgl-bw.de",
        "@geometry": "center"
      },
      "geometry": {
        "type": "Point",
        "coordinates": [
          9.1003936,
          48.7467068
        ]
      },
      "id": "way/504526730"
    },
    {
      "type": "Feature",
      "properties": {
        "@id": "way/504526731",
        "addr:city": "Stuttgart",
        "addr:country": "DE",
        "addr:housenumber": "46E",
        "addr:postcode": "70569",
        "addr:street": "Pfaffenwaldring",
        "building": "dormitory",
        "building:levels": "5",
        "operator": "Studierendenwerk Stuttgart",
        "roof:shape": "flat",
        "source": "Maps4BW, LGL, www.lgl-bw.de",
        "@geometry": "center"
      },
      "geometry": {
        "type": "Point",
        "coordinates": [
          9.1006332,
          48.7466978
        ]
      },
      "id": "way/504526731"
    },
    {
      "type": "Feature",
      "properties": {
        "@id": "way/504534822",
        "addr:city": "Stuttgart",
        "addr:country": "DE",
        "addr:housenumber": "42G",
        "addr:postcode": "70569",
        "addr:street": "Pfaffenwaldring",
        "building": "dormitory",
        "building:levels": "5",
        "operator": "Studierendenwerk Stuttgart",
        "roof:shape": "flat",
        "source": "Maps4BW, LGL, www.lgl-bw.de",
        "@geometry": "center"
      },
      "geometry": {
        "type": "Point",
        "coordinates": [
          9.1019611,
          48.7468206
        ]
      },
      "id": "way/504534822"
    },
    {
      "type": "Feature",
      "properties": {
        "@id": "way/504534827",
        "addr:city": "Stuttgart",
        "addr:country": "DE",
        "addr:housenumber": "42E",
        "addr:postcode": "70569",
        "addr:street": "Pfaffenwaldring",
        "building": "dormitory",
        "building:levels": "5",
        "operator": "Studierendenwerk Stuttgart",
        "roof:shape": "flat",
        "source": "Maps4BW, LGL, www.lgl-bw.de",
        "@geometry": "center"
      },
      "geometry": {
        "type": "Point",
        "coordinates": [
          9.1020005,
          48.7471841
        ]
      },
      "id": "way/504534827"
    },
    {
      "type": "Feature",
      "properties": {
        "@id": "way/504534832",
        "addr:city": "Stuttgart",
        "addr:country": "DE",
        "addr:housenumber": "42A",
        "addr:postcode": "70569",
        "addr:street": "Pfaffenwaldring",
        "building": "dormitory",
        "building:levels": "5",
        "operator": "Studierendenwerk Stuttgart",
        "roof:shape": "flat",
        "source": "Maps4BW, LGL, www.lgl-bw.de",
        "@geometry": "center"
      },
      "geometry": {
        "type": "Point",
        "coordinates": [
          9.1022219,
          48.7471718
        ]
      },
      "id": "way/504534832"
    },
    {
      "type": "Feature",
      "properties": {
        "@id": "way/504534836",
        "addr:city": "Stuttgart",
        "addr:country": "DE",
        "addr:housenumber": "42C",
        "addr:postcode": "70569",
        "addr:street": "Pfaffenwaldring",
        "building": "dormitory",
        "building:levels": "5",
        "operator": "Studierendenwerk Stuttgart",
        "roof:shape": "flat",
        "source": "Maps4BW, LGL, www.lgl-bw.de",
        "@geometry": "center"
      },
      "geometry": {
        "type": "Point",
        "coordinates": [
          9.1021842,
          48.7468087
        ]
      },
      "id": "way/504534836"
    },
    {
      "type": "Feature",
      "properties": {
        "@id": "way/504534838",
        "addr:city": "Stuttgart",
        "addr:country": "DE",
        "addr:housenumber": "42D",
        "addr:postcode": "70569",
        "addr:street": "Pfaffenwaldring",
        "building": "dormitory",
        "building:levels": "5",
        "operator": "Studierendenwerk Stuttgart",
        "roof:shape": "flat",
        "source": "Maps4BW, LGL, www.lgl-bw.de",
        "@geometry": "center"
      },
      "geometry": {
        "type": "Point",
        "coordinates": [
          9.1021653,
          48.746636
        ]
      },
      "id": "way/504534838"
    },
    {
      "type": "Feature",
      "properties": {
        "@id": "way/504534862",
        "addr:city": "Stuttgart",
        "addr:country": "DE",
        "addr:housenumber": "44D",
        "addr:postcode": "70569",
        "addr:street": "Pfaffenwaldring",
        "addr:suburb": "Vaihingen",
        "building": "dormitory",
        "building:levels": "5",
        "operator": "Studierendenwerk Stuttgart",
        "roof:shape": "flat",
        "source": "Maps4BW, LGL, www.lgl-bw.de",
        "@geometry": "center"
      },
      "geometry": {
        "type": "Point",
        "coordinates": [
          9.1012346,
          48.7469708
        ]
      },
      "id": "way/504534862"
    },
    {
      "type": "Feature",
      "properties": {
        "@id": "way/504534864",
        "addr:city": "Stuttgart",
        "addr:country": "DE",
        "addr:housenumber": "44C",
        "addr:postcode": "70569",
        "addr:street": "Pfaffenwaldring",
        "addr:suburb": "Vaihingen",
        "building": "dormitory",
        "building:levels": "5",
        "operator": "Studierendenwerk Stuttgart",
        "roof:shape": "flat",
        "source": "Maps4BW, LGL, www.lgl-bw.de",
        "@geometry": "center"
      },
      "geometry": {
        "type": "Point",
        "coordinates": [
          9.1012515,
          48.7471317
        ]
      },
      "id": "way/504534864"
    },
    {
      "type": "Feature",
      "properties": {
        "@id": "way/504534865",
        "addr:city": "Stuttgart",
        "addr:country": "DE",
        "addr:housenumber": "44B",
        "addr:postcode": "70569",
        "addr:street": "Pfaffenwaldring",
        "addr:suburb": "Vaihingen",
        "building": "dormitory",
        "building:levels": "5",
        "operator": "Studierendenwerk Stuttgart",
        "roof:shape": "flat",
        "source": "Maps4BW, LGL, www.lgl-bw.de",
        "@geometry": "center"
      },
      "geometry": {
        "type": "Point",
        "coordinates": [
          9.1014343,
          48.7467464
        ]
      },
      "id": "way/504534865"
    },
    {
      "type": "Feature",
      "properties": {
        "@id": "way/504534866",
        "addr:city": "Stuttgart",
        "addr:country": "DE",
        "addr:housenumber": "44A",
        "addr:postcode": "70569",
        "addr:street": "Pfaffenwaldring",
        "addr:suburb": "Vaihingen",
        "building": "dormitory",
        "building:levels": "5",
        "operator": "Studierendenwerk Stuttgart",
        "roof:shape": "flat",
        "source": "Maps4BW, LGL, www.lgl-bw.de",
        "@geometry": "center"
      },
      "geometry": {
        "type": "Point",
        "coordinates": [
          9.1014904,
          48.7471187
        ]
      },
      "id": "way/504534866"
    },
    {
      "type": "Feature",
      "properties": {
        "@id": "way/510400087",
        "addr:city": "Karlsruhe",
        "addr:housenumber": "82a",
        "addr:postcode": "76137",
        "addr:street": "Werderstraße",
        "building": "dormitory",
        "building:levels": "4",
        "roof:levels": "1",
        "start_date": "2017",
        "@geometry": "center"
      },
      "geometry": {
        "type": "Point",
        "coordinates": [
          8.4112581,
          49.001477
        ]
      },
      "id": "way/510400087"
    },
    {
      "type": "Feature",
      "properties": {
        "@id": "way/512317063",
        "addr:city": "Mannheim",
        "addr:housenumber": "8",
        "addr:postcode": "68163",
        "addr:street": "Oskar-Meixner-Straße",
        "building": "dormitory",
        "building:levels": "6",
        "name": "Studentenwohnheim",
        "roof:shape": "flat",
        "start_date": "~2017",
        "@geometry": "center"
      },
      "geometry": {
        "type": "Point",
        "coordinates": [
          8.4860487,
          49.4694647
        ]
      },
      "id": "way/512317063"
    },
    {
      "type": "Feature",
      "properties": {
        "@id": "way/533569216",
        "addr:city": "Stuttgart",
        "addr:country": "DE",
        "addr:housenumber": "57",
        "addr:postcode": "70567",
        "addr:street": "Vaihinger Straße",
        "building": "dormitory",
        "building:levels": "3",
        "name": "campo III",
        "roof:levels": "2",
        "roof:shape": "gabled",
        "start_date": "2015",
        "website": "https://www.campo-wohnen.de/standorte/campo-iii/",
        "@geometry": "center"
      },
      "geometry": {
        "type": "Point",
        "coordinates": [
          9.1451346,
          48.7277368
        ]
      },
      "id": "way/533569216"
    },
    {
      "type": "Feature",
      "properties": {
        "@id": "way/579034033",
        "addr:city": "Karlsruhe",
        "addr:country": "DE",
        "addr:housenumber": "4",
        "addr:postcode": "76131",
        "addr:street": "Zähringerstraße",
        "building": "dormitory",
        "building:levels": "3",
        "roof:levels": "1",
        "roof:shape": "gabled",
        "@geometry": "center"
      },
      "geometry": {
        "type": "Point",
        "coordinates": [
          8.4147511,
          49.0085636
        ]
      },
      "id": "way/579034033"
    },
    {
      "type": "Feature",
      "properties": {
        "@id": "way/579053001",
        "building": "dormitory",
        "source:geometry": "Bing 2020",
        "start_date": "2017",
        "@geometry": "center"
      },
      "geometry": {
        "type": "Point",
        "coordinates": [
          8.4165785,
          49.0932923
        ]
      },
      "id": "way/579053001"
    },
    {
      "type": "Feature",
      "properties": {
        "@id": "way/579053002",
        "building": "dormitory",
        "source:geometry": "Bing 2020",
        "start_date": "2017",
        "@geometry": "center"
      },
      "geometry": {
        "type": "Point",
        "coordinates": [
          8.4161113,
          49.0935224
        ]
      },
      "id": "way/579053002"
    },
    {
      "type": "Feature",
      "properties": {
        "@id": "way/579053003",
        "building": "dormitory",
        "source:geometry": "Bing 2020",
        "start_date": "2017",
        "@geometry": "center"
      },
      "geometry": {
        "type": "Point",
        "coordinates": [
          8.4158617,
          49.0930997
        ]
      },
      "id": "way/579053003"
    },
    {
      "type": "Feature",
      "properties": {
        "@id": "way/579053004",
        "building": "dormitory",
        "source:geometry": "Bing 2020",
        "start_date": "2017",
        "@geometry": "center"
      },
      "geometry": {
        "type": "Point",
        "coordinates": [
          8.4160868,
          49.0929725
        ]
      },
      "id": "way/579053004"
    },
    {
      "type": "Feature",
      "properties": {
        "@id": "way/642602835",
        "addr:city": "Stuttgart",
        "addr:housenumber": "1",
        "addr:postcode": "70563",
        "addr:street": "Seerosenstraße",
        "building": "dormitory",
        "building:levels": "3",
        "building:material": "plaster",
        "name": "campo V",
        "roof:levels": "1",
        "roof:shape": "gabled",
        "website": "https://www.campo-wohnen.de/standorte/campo-v/",
        "@geometry": "center"
      },
      "geometry": {
        "type": "Point",
        "coordinates": [
          9.1066374,
          48.7301755
        ]
      },
      "id": "way/642602835"
    },
    {
      "type": "Feature",
      "properties": {
        "@id": "way/650737550",
        "addr:city": "Stuttgart",
        "addr:country": "DE",
        "addr:housenumber": "35C",
        "addr:postcode": "70567",
        "addr:street": "Balinger Straße",
        "building": "dormitory",
        "building:levels": "2",
        "roof:shape": "flat",
        "@geometry": "center"
      },
      "geometry": {
        "type": "Point",
        "coordinates": [
          9.1414508,
          48.7302321
        ]
      },
      "id": "way/650737550"
    },
    {
      "type": "Feature",
      "properties": {
        "@id": "way/669440367",
        "addr:city": "Karlsruhe",
        "addr:country": "DE",
        "addr:housenumber": "6",
        "addr:postcode": "76139",
        "addr:street": "Beuthener Straße",
        "addr:suburb": "Waldstadt",
        "building": "dormitory",
        "building:levels": "5",
        "name": "Wohnheim Beuthener Straße 6",
        "operator": "Studentenwerk Karlsruhe",
        "roof:levels": "1",
        "roof:shape": "many",
        "source:geometry": "Maps4BW, LGL, www.lgl-bw.de",
        "website": "http://www.studentenwerk-karlsruhe.de/de/wohnen/wohnheime_ka/beuthener_strasse_6/",
        "@geometry": "center"
      },
      "geometry": {
        "type": "Point",
        "coordinates": [
          8.4458496,
          49.0346536
        ]
      },
      "id": "way/669440367"
    },
    {
      "type": "Feature",
      "properties": {
        "@id": "way/741630373",
        "addr:city": "Stuttgart",
        "addr:country": "DE",
        "addr:housenumber": "26K",
        "addr:postcode": "70569",
        "addr:street": "Allmandring",
        "building": "dormitory",
        "building:levels": "5",
        "roof:levels": "0",
        "roof:shape": "flat",
        "@geometry": "center"
      },
      "geometry": {
        "type": "Point",
        "coordinates": [
          9.0946756,
          48.7441325
        ]
      },
      "id": "way/741630373"
    },
    {
      "type": "Feature",
      "properties": {
        "@id": "way/741630374",
        "addr:city": "Stuttgart",
        "addr:country": "DE",
        "addr:housenumber": "26I",
        "addr:postcode": "70569",
        "addr:street": "Allmandring",
        "building": "dormitory",
        "building:levels": "4",
        "roof:levels": "0",
        "roof:shape": "flat",
        "@geometry": "center"
      },
      "geometry": {
        "type": "Point",
        "coordinates": [
          9.0952568,
          48.7440908
        ]
      },
      "id": "way/741630374"
    },
    {
      "type": "Feature",
      "properties": {
        "@id": "way/741630375",
        "addr:city": "Stuttgart",
        "addr:country": "DE",
        "addr:housenumber": "26H",
        "addr:postcode": "70569",
        "addr:street": "Allmandring",
        "building": "dormitory",
        "building:levels": "4",
        "roof:levels": "0",
        "roof:shape": "flat",
        "@geometry": "center"
      },
      "geometry": {
        "type": "Point",
        "coordinates": [
          9.0947988,
          48.7438392
        ]
      },
      "id": "way/741630375"
    },
    {
      "type": "Feature",
      "properties": {
        "@id": "way/741630376",
        "addr:city": "Stuttgart",
        "addr:country": "DE",
        "addr:housenumber": "26G",
        "addr:postcode": "70569",
        "addr:street": "Allmandring",
        "building": "dormitory",
        "building:levels": "4",
        "roof:levels": "0",
        "roof:shape": "flat",
        "@geometry": "center"
      },
      "geometry": {
        "type": "Point",
        "coordinates": [
          9.0953151,
          48.7437846
        ]
      },
      "id": "way/741630376"
    },
    {
      "type": "Feature",
      "properties": {
        "@id": "way/741630377",
        "addr:city": "Stuttgart",
        "addr:country": "DE",
        "addr:housenumber": "26E",
        "addr:postcode": "70569",
        "addr:street": "Allmandring",
        "building": "dormitory",
        "building:levels": "5",
        "roof:levels": "0",
        "roof:shape": "flat",
        "@geometry": "center"
      },
      "geometry": {
        "type": "Point",
        "coordinates": [
          9.095377,
          48.7434788
        ]
      },
      "id": "way/741630377"
    },
    {
      "type": "Feature",
      "properties": {
        "@id": "way/741630378",
        "addr:city": "Stuttgart",
        "addr:country": "DE",
        "addr:housenumber": "26F",
        "addr:postcode": "70569",
        "addr:street": "Allmandring",
        "building": "dormitory",
        "building:levels": "4",
        "roof:levels": "0",
        "roof:shape": "flat",
        "@geometry": "center"
      },
      "geometry": {
        "type": "Point",
        "coordinates": [
          9.0949187,
          48.7435427
        ]
      },
      "id": "way/741630378"
    },
    {
      "type": "Feature",
      "properties": {
        "@id": "way/741631270",
        "addr:city": "Stuttgart",
        "addr:country": "DE",
        "addr:housenumber": "26L",
        "addr:postcode": "70569",
        "addr:street": "Allmandring",
        "building": "dormitory",
        "building:colour": "tan",
        "building:levels": "5",
        "roof:levels": "0",
        "roof:shape": "flat",
        "@geometry": "center"
      },
      "geometry": {
        "type": "Point",
        "coordinates": [
          9.0952016,
          48.7443958
        ]
      },
      "id": "way/741631270"
    },
    {
      "type": "Feature",
      "properties": {
        "@id": "way/759415978",
        "addr:housenumber": "27",
        "addr:street": "Henriette-Obermüller-Straße",
        "building": "dormitory",
        "building:levels": "1",
        "fixme": "what is this?",
        "roof:levels": "0",
        "source:geometry": "Maps4BW, LGL, www.lgl-bw.de",
        "start_date": "~2004",
        "@geometry": "center"
      },
      "geometry": {
        "type": "Point",
        "coordinates": [
          8.4146867,
          49.0020227
        ]
      },
      "id": "way/759415978"
    },
    {
      "type": "Feature",
      "properties": {
        "@id": "way/782309192",
        "building": "dormitory",
        "@geometry": "center"
      },
      "geometry": {
        "type": "Point",
        "coordinates": [
          9.2098615,
          48.716762
        ]
      },
      "id": "way/782309192"
    },
    {
      "type": "Feature",
      "properties": {
        "@id": "way/782309193",
        "addr:city": "Stuttgart",
        "addr:housenumber": "45",
        "addr:postcode": "70599",
        "addr:street": "Egilolfstraße",
        "building": "dormitory",
        "building:levels": "3",
        "roof:levels": "0",
        "roof:shape": "flat",
        "@geometry": "center"
      },
      "geometry": {
        "type": "Point",
        "coordinates": [
          9.2096576,
          48.7165361
        ]
      },
      "id": "way/782309193"
    },
    {
      "type": "Feature",
      "properties": {
        "@id": "way/782309194",
        "addr:city": "Stuttgart",
        "addr:housenumber": "41",
        "addr:postcode": "70599",
        "addr:street": "Egilolfstraße",
        "building": "dormitory",
        "@geometry": "center"
      },
      "geometry": {
        "type": "Point",
        "coordinates": [
          9.2100856,
          48.7169281
        ]
      },
      "id": "way/782309194"
    },
    {
      "type": "Feature",
      "properties": {
        "@id": "way/782309195",
        "addr:city": "Stuttgart",
        "addr:housenumber": "43",
        "addr:postcode": "70599",
        "addr:street": "Egilolfstraße",
        "building": "dormitory",
        "@geometry": "center"
      },
      "geometry": {
        "type": "Point",
        "coordinates": [
          9.2101375,
          48.7164827
        ]
      },
      "id": "way/782309195"
    },
    {
      "type": "Feature",
      "properties": {
        "@id": "way/871673939",
        "addr:place": "E6",
        "building": "dormitory",
        "building:levels": "1",
        "roof:colour": "#606060",
        "roof:shape": "flat",
        "@geometry": "center"
      },
      "geometry": {
        "type": "Point",
        "coordinates": [
          8.4613562,
          49.4899039
        ]
      },
      "id": "way/871673939"
    },
    {
      "type": "Feature",
      "properties": {
        "@id": "way/943852731",
        "building": "dormitory",
        "building:levels": "3",
        "roof:shape": "flat",
        "@geometry": "center"
      },
      "geometry": {
        "type": "Point",
        "coordinates": [
          8.5096935,
          49.4759399
        ]
      },
      "id": "way/943852731"
    },
    {
      "type": "Feature",
      "properties": {
        "@id": "way/943852732",
        "building": "dormitory",
        "building:levels": "3",
        "roof:shape": "flat",
        "@geometry": "center"
      },
      "geometry": {
        "type": "Point",
        "coordinates": [
          8.5094553,
          49.4757463
        ]
      },
      "id": "way/943852732"
    },
    {
      "type": "Feature",
      "properties": {
        "@id": "way/943852733",
        "building": "dormitory",
        "building:levels": "4",
        "roof:shape": "flat",
        "@geometry": "center"
      },
      "geometry": {
        "type": "Point",
        "coordinates": [
          8.5093329,
          49.4761991
        ]
      },
      "id": "way/943852733"
    },
    {
      "type": "Feature",
      "properties": {
        "@id": "way/943852734",
        "building": "dormitory",
        "building:levels": "4",
        "roof:shape": "flat",
        "@geometry": "center"
      },
      "geometry": {
        "type": "Point",
        "coordinates": [
          8.509031,
          49.4760692
        ]
      },
      "id": "way/943852734"
    },
    {
      "type": "Feature",
      "properties": {
        "@id": "way/943852735",
        "building": "dormitory",
        "building:levels": "3",
        "roof:shape": "flat",
        "@geometry": "center"
      },
      "geometry": {
        "type": "Point",
        "coordinates": [
          8.5086345,
          49.4761156
        ]
      },
      "id": "way/943852735"
    },
    {
      "type": "Feature",
      "properties": {
        "@id": "way/943852736",
        "building": "dormitory",
        "building:levels": "3",
        "roof:shape": "flat",
        "@geometry": "center"
      },
      "geometry": {
        "type": "Point",
        "coordinates": [
          8.5084393,
          49.4763429
        ]
      },
      "id": "way/943852736"
    },
    {
      "type": "Feature",
      "properties": {
        "@id": "way/943852737",
        "building": "dormitory",
        "building:levels": "4",
        "roof:shape": "flat",
        "@geometry": "center"
      },
      "geometry": {
        "type": "Point",
        "coordinates": [
          8.5080744,
          49.4759359
        ]
      },
      "id": "way/943852737"
    },
    {
      "type": "Feature",
      "properties": {
        "@id": "way/943852738",
        "building": "dormitory",
        "building:levels": "4",
        "roof:shape": "flat",
        "@geometry": "center"
      },
      "geometry": {
        "type": "Point",
        "coordinates": [
          8.5079031,
          49.4761587
        ]
      },
      "id": "way/943852738"
    },
    {
      "type": "Feature",
      "properties": {
        "@id": "way/1004702682",
        "building": "dormitory",
        "@geometry": "center"
      },
      "geometry": {
        "type": "Point",
        "coordinates": [
          9.1720357,
          48.7850596
        ]
      },
      "id": "way/1004702682"
    },
    {
      "type": "Feature",
      "properties": {
        "@id": "way/1011261436",
        "building": "dormitory",
        "building:levels": "4",
        "name": "Roman-Nitsch-Haus",
        "roof:levels": "1",
        "@geometry": "center"
      },
      "geometry": {
        "type": "Point",
        "coordinates": [
          8.4839517,
          49.5240734
        ]
      },
      "id": "way/1011261436"
    },
    {
      "type": "Feature",
      "properties": {
        "@id": "way/1037821346",
        "addr:housename": "K6",
        "addr:housenumber": "25",
        "addr:postcode": "76131",
        "addr:street": "Hagsfelder Allee",
        "building": "dormitory",
        "building:levels": "4",
        "name": "Schroff-Kolleg",
        "note:editor": "square_k6",
        "operator": "Studentenwohnheim des Karlsruher Instituts für Technologie (KIT) e.V.",
        "ref": "K6",
        "roof:shape": "flat",
        "source:geometry": "Maxar 2021",
        "start_date": "2022-03-01",
        "@geometry": "center"
      },
      "geometry": {
        "type": "Point",
        "coordinates": [
          8.4253031,
          49.0188948
        ]
      },
      "id": "way/1037821346"
    },
    {
      "type": "Feature",
      "properties": {
        "@id": "way/1077499005",
        "addr:city": "Stuttgart",
        "addr:country": "DE",
        "addr:housenumber": "68",
        "addr:postcode": "70437",
        "addr:street": "Himmelsleiter",
        "building": "dormitory",
        "name": "Christoph-Ulrich-Hahn-Haus (Neubau)",
        "operator": "Evangelische Gesellschaft Stuttgart e.V.",
        "source:geometry": "Stuttgart Luftbild (´23)",
        "start_date": "2024-04",
        "@geometry": "center"
      },
      "geometry": {
        "type": "Point",
        "coordinates": [
          9.2013814,
          48.8376478
        ]
      },
      "id": "way/1077499005"
    },
    {
      "type": "Feature",
      "properties": {
        "@id": "way/1112536621",
        "addr:housenumber": "53",
        "addr:street": "Steckfeldstraße",
        "building": "dormitory",
        "building:levels": "4",
        "check_date": "2023-05-29",
        "roof:levels": "0",
        "roof:shape": "flat",
        "@geometry": "center"
      },
      "geometry": {
        "type": "Point",
        "coordinates": [
          9.1996747,
          48.7154211
        ]
      },
      "id": "way/1112536621"
    },
    {
      "type": "Feature",
      "properties": {
        "@id": "way/1215467976",
        "addr:city": "Kornwestheim",
        "addr:housenumber": "210/1",
        "addr:postcode": "70806",
        "addr:street": "Stuttgarter Straße",
        "building": "dormitory",
        "@geometry": "center"
      },
      "geometry": {
        "type": "Point",
        "coordinates": [
          9.1820478,
          48.8494258
        ]
      },
      "id": "way/1215467976"
    },
    {
      "type": "Feature",
      "properties": {
        "@id": "way/1215467977",
        "addr:city": "Kornwestheim",
        "addr:housenumber": "210",
        "addr:postcode": "70806",
        "addr:street": "Stuttgarter Straße",
        "building": "dormitory",
        "@geometry": "center"
      },
      "geometry": {
        "type": "Point",
        "coordinates": [
          9.1824086,
          48.8493178
        ]
      },
      "id": "way/1215467977"
    },
    {
      "type": "Feature",
      "properties": {
        "@id": "way/1223583462",
        "addr:place": "E6",
        "building": "dormitory",
        "building:colour": "#eccfc7",
        "building:levels": "3",
        "roof:colour": "brown",
        "roof:levels": "1.5",
        "roof:shape": "hipped",
        "@geometry": "center"
      },
      "geometry": {
        "type": "Point",
        "coordinates": [
          8.4618239,
          49.4896302
        ]
      },
      "id": "way/1223583462"
    },
    {
      "type": "Feature",
      "properties": {
        "@id": "way/1255168530",
        "addr:city": "Esslingen am Neckar",
        "addr:postcode": "73728",
        "addr:street": "Pliensauwasen",
        "building": "dormitory",
        "@geometry": "center"
      },
      "geometry": {
        "type": "Point",
        "coordinates": [
          9.3041974,
          48.7360776
        ]
      },
      "id": "way/1255168530"
    },
    {
      "type": "Feature",
      "properties": {
        "@id": "way/1274046141",
        "building": "dormitory",
        "@geometry": "center"
      },
      "geometry": {
        "type": "Point",
        "coordinates": [
          8.5383658,
          49.4108441
        ]
      },
      "id": "way/1274046141"
    },
    {
      "type": "Feature",
      "properties": {
        "@id": "way/1443816546",
        "addr:city": "Mannheim",
        "addr:housenumber": "14-15",
        "addr:place": "B6",
        "building": "dormitory",
        "building:levels": "6",
        "description": "200 hochschulnahen Bettplätzen für Studierende.\nDas Gebäude wurde in hybrider Holz-Modulbauweise als KfW-Energieeffizienzhaus nach dem Standard 40plus erstellt.",
        "operator": "Studierendenwerk Mannheim",
        "roof:levels": "0",
        "website": "https://www.stw-ma.de/wohnen/wohnhaeuser/b-6/",
        "@geometry": "center"
      },
      "geometry": {
        "type": "Point",
        "coordinates": [
          8.4589776,
          49.4880807
        ]
      },
      "id": "way/1443816546"
    },
    {
      "type": "Feature",
      "properties": {
        "@id": "way/1462146751",
        "building": "dormitory",
        "operator": "Studierendenwerk Mannheim",
        "roof:shape": "flat",
        "@geometry": "center"
      },
      "geometry": {
        "type": "Point",
        "coordinates": [
          8.4572239,
          49.4886944
        ]
      },
      "id": "way/1462146751"
    },
    {
      "type": "Feature",
      "properties": {
        "@id": "way/1462146752",
        "building": "dormitory",
        "building:levels": "3",
        "operator": "Studierendenwerk Mannheim",
        "roof:shape": "flat",
        "@geometry": "center"
      },
      "geometry": {
        "type": "Point",
        "coordinates": [
          8.4569145,
          49.4886449
        ]
      },
      "id": "way/1462146752"
    }
  ]
}