vehicle_id,feed_id,last_reported,geometry
DOG:Vehicle:0cd18168-247f-4c34-8012-917e13e06463,dott_mannheim,2026-05-21 15:17:54+02,POINT (8.464635 49.499885)
DOG:Vehicle:db2bb31b-5d2f-4729-97e0-5075d750d93c,dott_mannheim,2026-05-21 15:18:42+02,POINT (8.482458 49.513831)
DOG:Vehicle:bdf9ea1b-402c-44d1-8105-8dd5120d0f0f,dott_mannheim,2026-05-21 15:18:49+02,POINT (8.503591 49.498549)
DOG:Vehicle:d8d8f178-4e1b-4af3-858a-bb5a2996530f,dott_mannheim,2026-05-21 15:18:58+02,POINT (8.495311 49.464306)
DOG:Vehicle:370982a0-4f45-4a6b-be26-d729351913a7,dott_mannheim,2026-05-21 15:19:44+02,POINT (8.454066 49.478041)
DOG:Vehicle:549940ae-5702-4cba-b2a5-de662efea5e9,dott_mannheim,2026-05-21 15:19:46+02,POINT (8.436744 49.492419)
DOG:Vehicle:7fc10aec-2bb5-4173-8dd5-9abdf1ffaf6c,dott_mannheim,2026-05-21 15:19:53+02,POINT (8.469461 49.464144)
DOG:Vehicle:69aa760e-396c-4153-bd60-83a55a9b70a6,dott_mannheim,2026-05-21 15:20:15+02,POINT (8.491266 49.493262)
DOG:Vehicle:d67e11ad-55ab-447a-8186-ab4bbd2d6862,dott_mannheim,2026-05-21 15:20:23+02,POINT (8.488065 49.504572)
DOG:Vehicle:c4493313-51e7-4c3e-b381-70e18e87c8c6,dott_mannheim,2026-05-21 15:21:10+02,POINT (8.47045 49.480758)
DOG:Vehicle:470d2999-515c-42a1-98a5-f5f61f1e2a27,dott_mannheim,2026-05-21 15:21:16+02,POINT (8.509801 49.454172)
DOG:Vehicle:e7e74b42-5859-4133-8b50-1b276b607fb9,dott_mannheim,2026-05-21 15:21:19+02,POINT (8.446972 49.481516)
DOG:Vehicle:50027a1d-21be-460a-8113-0a686008ce78,dott_mannheim,2026-05-21 15:21:37+02,POINT (8.478433 49.482866)
DOG:Vehicle:de9db5fe-2c55-4d5a-b7a2-cdb6ac9fafcd,dott_mannheim,2026-05-21 15:21:39+02,POINT (8.557371 49.46229)
DOG:Vehicle:802a72f1-0f19-4471-a6dc-5e857190d509,dott_mannheim,2026-05-21 15:21:48+02,POINT (8.459563 49.486974)
DOG:Vehicle:39937ada-b66d-4ee9-a9e3-0ce7314b2c1a,dott_mannheim,2026-05-21 15:22:20+02,POINT (8.555438 49.467028)
DOG:Vehicle:c3b53de4-2940-4863-8f00-5d00fde54853,dott_mannheim,2026-05-21 15:22:20+02,POINT (8.446257 49.478695)
DOG:Vehicle:033598bc-4392-4453-b0c7-3435413b69f9,dott_mannheim,2026-05-21 15:22:35+02,POINT (8.509604 49.478638)
DOG:Vehicle:e555f412-9f19-4c61-b08a-aaa91f047d30,dott_mannheim,2026-05-21 15:22:43+02,POINT (8.483084 49.460943)
DOG:Vehicle:2d802c50-bdac-40bd-928d-6bdf7a850d3c,dott_mannheim,2026-05-21 15:23:28+02,POINT (8.457751 49.49812)
DOG:Vehicle:3aa957d9-1770-4c2b-9be1-7b8415740fd1,dott_mannheim,2026-05-21 15:23:51+02,POINT (8.463053 49.482952)
DOG:Vehicle:0a14dc97-cf92-4c70-8ece-8668739910ec,dott_mannheim,2026-05-21 15:24:05+02,POINT (8.489948 49.494097)
DOG:Vehicle:6e0c1cab-5835-4f8e-833c-a440d9961a38,dott_mannheim,2026-05-21 15:24:12+02,POINT (8.45429 49.478134)
DOG:Vehicle:dd3e7346-e684-4f35-8b86-400e16ef042b,dott_mannheim,2026-05-21 15:24:29+02,POINT (8.460632 49.499935)
DOG:Vehicle:19539d84-057e-4954-8a2b-8542be910304,dott_mannheim,2026-05-21 15:24:34+02,POINT (8.503836 49.497867)
DOG:Vehicle:6f2d5e5e-2444-4014-be65-2e87320e5ac1,dott_mannheim,2026-05-21 15:24:37+02,POINT (8.463676 49.481161)
DOG:Vehicle:b12d1ccb-b331-480b-b3c8-02c9ce79fa5d,dott_mannheim,2026-05-21 15:24:41+02,POINT (8.47295 49.478481)
DOG:Vehicle:036bb514-5a69-4b30-b737-1fe60cc6e456,dott_mannheim,2026-05-21 15:24:46+02,POINT (8.46586 49.488662)
DOG:Vehicle:ca294ca6-ecb2-421c-a4f7-f390bdd1c135,dott_mannheim,2026-05-21 15:25:09+02,POINT (8.490296 49.467928)
DOG:Vehicle:f5f5421f-6607-4cbc-a01a-9a8c90c15827,dott_mannheim,2026-05-21 15:25:26+02,POINT (8.49896 49.506534)
DOG:Vehicle:0aaad916-3d27-4dd9-9bbe-0d61c7f00b71,dott_mannheim,2026-05-21 15:25:30+02,POINT (8.451777 49.471625)
DOG:Vehicle:0d11d443-9188-4f87-96d8-9dbde53f0618,dott_mannheim,2026-05-21 15:25:58+02,POINT (8.472873 49.478423)
DOG:Vehicle:1d8d5fdd-d3c6-4e01-a9d5-24ee3a923483,dott_mannheim,2026-05-21 15:25:58+02,POINT (8.459096 49.493523)
DOG:Vehicle:3b48d07b-5501-4ddf-ae75-960d0d57b0ac,dott_mannheim,2026-05-21 15:26:03+02,POINT (8.466964 49.470309)
DOG:Vehicle:1cdf184f-974b-40ab-a661-f13af29de228,dott_mannheim,2026-05-21 15:26:13+02,POINT (8.489891 49.454691)
DOG:Vehicle:c2c9a67c-2fea-4602-8692-fde9068c3fe7,dott_mannheim,2026-05-21 15:26:31+02,POINT (8.491353 49.506365)
DOG:Vehicle:a0acc9c3-ae92-4524-8f56-857155629a48,dott_mannheim,2026-05-21 15:26:35+02,POINT (8.497552 49.453526)
DOG:Vehicle:cc46b4b0-685a-43de-b9a1-b003f60b6c42,dott_mannheim,2026-05-21 15:26:48+02,POINT (8.438812 49.488731)
DOG:Vehicle:b5023cc8-915a-4977-9ff8-c77f1ff2e814,dott_mannheim,2026-05-21 15:26:57+02,POINT (8.50494 49.52187)
DOG:Vehicle:b80e7310-cf37-4c3f-9922-92bf026a8992,dott_mannheim,2026-05-21 15:26:57+02,POINT (8.501751 49.5148)
DOG:Vehicle:848a9f60-ed2b-4028-b5ab-33159123e554,dott_mannheim,2026-05-21 15:26:59+02,POINT (8.448444 49.483964)
DOG:Vehicle:56fa4071-3597-48d4-8bc9-64556c694d74,dott_mannheim,2026-05-21 15:27:02+02,POINT (8.495306 49.464271)
DOG:Vehicle:3d1e120d-73ef-425b-9de8-a84a9990777d,dott_mannheim,2026-05-21 15:27:13+02,POINT (8.472412 49.487213)
DOG:Vehicle:dab8681e-50a0-4e5d-94d7-2f8746787cd2,dott_mannheim,2026-05-21 15:27:19+02,POINT (8.487938 49.476099)
DOG:Vehicle:8fb6e4c3-5cf9-4259-b957-ae1d80e0f38d,dott_mannheim,2026-05-21 15:27:29+02,POINT (8.479399 49.484379)
DOG:Vehicle:dd3a0aa6-e86f-4d16-a13c-99998fe64285,dott_mannheim,2026-05-21 15:27:37+02,POINT (8.477301 49.459119)
DOG:Vehicle:ad7ca4aa-d213-4f9d-adc8-27a9ba7c5a17,dott_mannheim,2026-05-21 15:27:42+02,POINT (8.475506 49.480756)
DOG:Vehicle:909546a7-ab22-40f6-b7ac-3430054e1ae3,dott_mannheim,2026-05-21 15:27:48+02,POINT (8.491206 49.496912)
DOG:Vehicle:df0a0491-7f8f-4dcb-a46a-e9a4be64446a,dott_mannheim,2026-05-21 15:27:52+02,POINT (8.463328 49.502379)
DOG:Vehicle:a443c57b-edee-4e37-b834-94677c9c1b0b,dott_mannheim,2026-05-21 15:27:55+02,POINT (8.502757 49.499195)
DOG:Vehicle:cd899c1c-8540-48e2-917e-d9e6c04adf17,dott_mannheim,2026-05-21 15:27:58+02,POINT (8.489067 49.528435)
DOG:Vehicle:676b67a4-bca6-4aad-8853-0e1e836cfdf9,dott_mannheim,2026-05-21 15:28:17+02,POINT (8.468101 49.492394)
DOG:Vehicle:aeaf42d7-9c18-4574-a23f-8fb55ab0dccf,dott_mannheim,2026-05-21 15:28:19+02,POINT (8.460576 49.457706)
DOG:Vehicle:92219e75-dedd-4f99-ac81-668003368cb8,dott_mannheim,2026-05-21 15:28:25+02,POINT (8.481459 49.52544)
DOG:Vehicle:61db82ae-b58a-4642-acd8-dc3d0b813122,dott_mannheim,2026-05-21 15:28:31+02,POINT (8.466039 49.48613)
DOG:Vehicle:0301c1a7-9b7f-478c-be25-cc679d1e9301,dott_mannheim,2026-05-21 15:28:35+02,POINT (8.500817 49.507471)
DOG:Vehicle:fe48886a-6196-428c-a46e-c9594b0a42d8,dott_mannheim,2026-05-21 15:28:36+02,POINT (8.501369 49.461015)
DOG:Vehicle:57427cb7-e64e-4786-a229-5febdc1e60c4,dott_mannheim,2026-05-21 15:28:40+02,POINT (8.49527 49.498886)
DOG:Vehicle:ac72b01b-3a23-45d5-8251-f0e88ed4340d,dott_mannheim,2026-05-21 15:28:47+02,POINT (8.506907 49.478247)
DOG:Vehicle:4590c8ef-397c-4663-b57e-a13ca13c3a3a,dott_mannheim,2026-05-21 15:28:56+02,POINT (8.469763 49.470401)
DOG:Vehicle:ae6d8ba3-447b-45a3-bf3a-69080945f7b2,dott_mannheim,2026-05-21 15:28:57+02,POINT (8.462873 49.484804)
DOG:Vehicle:86b8d1f3-2614-4203-bfce-d0f3d65fbc3c,dott_mannheim,2026-05-21 15:28:59+02,POINT (8.467132 49.500882)
DOG:Vehicle:d7eb7b6e-9ded-47ed-b259-c6f1be288b16,dott_mannheim,2026-05-21 15:29:01+02,POINT (8.49832 49.47356)
DOG:Vehicle:00d26547-fded-4f30-8319-922dd1aa48a2,dott_mannheim,2026-05-21 15:29:08+02,POINT (8.489023 49.48804)
DOG:Vehicle:82826c2e-fc66-47b0-830e-1599443ce57e,dott_mannheim,2026-05-21 15:29:51+02,POINT (8.519547 49.478405)
DOG:Vehicle:54a5befd-4d83-4432-8d5f-ee21e7f27e1b,dott_mannheim,2026-05-21 15:29:52+02,POINT (8.470906 49.50864)
DOG:Vehicle:d511e276-e4e9-4ba3-8c50-794d20d830cc,dott_mannheim,2026-05-21 15:29:55+02,POINT (8.450353 49.479363)
DOG:Vehicle:9aaa2ec8-22af-4080-9657-bfe36d2d1671,dott_mannheim,2026-05-21 15:29:59+02,POINT (8.46558 49.488502)
DOG:Vehicle:73660140-5f44-4e80-a968-f9c4fecea18f,dott_mannheim,2026-05-21 15:30:11+02,POINT (8.491688 49.492844)
DOG:Vehicle:d59955d9-b2fa-4292-ad8d-cff01202fab0,dott_mannheim,2026-05-21 15:30:22+02,POINT (8.457665 49.497201)
DOG:Vehicle:4df995b8-3a72-4484-9735-e485e7a6d78e,dott_mannheim,2026-05-21 15:30:35+02,POINT (8.504577 49.469641)
DOG:Vehicle:a6ad7395-4087-4f4f-b1f3-a5dbdd2d1fac,dott_mannheim,2026-05-21 15:30:40+02,POINT (8.47216 49.478644)
DOG:Vehicle:04aa777c-60ea-489d-81aa-1493cf0cd44c,dott_mannheim,2026-05-21 15:30:47+02,POINT (8.489227 49.45656)
DOG:Vehicle:77817a15-91a2-4123-b3df-e18a32533299,dott_mannheim,2026-05-21 15:30:54+02,POINT (8.482392 49.459083)
DOG:Vehicle:b3a763a5-2711-4ac3-a424-2d6dd8e5a8a4,dott_mannheim,2026-05-21 15:31:02+02,POINT (8.474962 49.483046)
DOG:Vehicle:05fb7df0-ebd6-4712-a13b-b35f74c7370b,dott_mannheim,2026-05-21 15:31:17+02,POINT (8.481561 49.524698)
DOG:Vehicle:a96cc274-251d-4fde-8ca0-5a0b4a3db46c,dott_mannheim,2026-05-21 15:31:20+02,POINT (8.492343 49.456108)
DOG:Vehicle:626e9195-a9a4-45d6-9112-a3c83eefcd05,dott_mannheim,2026-05-21 15:31:21+02,POINT (8.495337 49.501046)
DOG:Vehicle:47f31cf6-63c5-48e7-b3ca-ceb3aafce69a,dott_mannheim,2026-05-21 15:31:38+02,POINT (8.455622 49.475256)
DOG:Vehicle:37b30a12-e73e-4229-8653-70b12a6cdbb7,dott_mannheim,2026-05-21 15:32:23+02,POINT (8.478826 49.520329)
DOG:Vehicle:641cb2ac-18fc-4d3b-94be-d0055a41ab98,dott_mannheim,2026-05-21 15:32:31+02,POINT (8.469731 49.508885)
DOG:Vehicle:140f70fb-5c7a-4f61-b842-1ba2931cf8a8,dott_mannheim,2026-05-21 15:32:40+02,POINT (8.475827 49.486074)
DOG:Vehicle:89979894-a288-4c75-88da-9a1193d1909a,dott_mannheim,2026-05-21 15:32:43+02,POINT (8.495342 49.4643)
DOG:Vehicle:c7303faa-4939-4889-ac2e-905c08f47db8,dott_mannheim,2026-05-21 15:32:55+02,POINT (8.486158 49.504821)
DOG:Vehicle:8142294c-8f0f-4215-92f9-10bab64ea63a,dott_mannheim,2026-05-21 15:33:04+02,POINT (8.484062 49.460999)
DOG:Vehicle:2c2fa675-e1e1-47ab-8780-6ce409fdc13e,dott_mannheim,2026-05-21 15:33:15+02,POINT (8.46605 49.463561)
DOG:Vehicle:f46cf04c-4b06-463d-8b32-2a1bb25302dd,dott_mannheim,2026-05-21 15:33:20+02,POINT (8.52026 49.51266)
DOG:Vehicle:e72f736d-f4cf-4f5f-9b54-d9bd7f092563,dott_mannheim,2026-05-21 15:33:27+02,POINT (8.488893 49.455758)
DOG:Vehicle:e1c41ac7-c7dc-4b65-8431-da9354c22041,dott_mannheim,2026-05-21 15:33:35+02,POINT (8.470204 49.484893)
DOG:Vehicle:19562c5f-905f-4783-b156-1a0ea9e2283b,dott_mannheim,2026-05-21 15:34:09+02,POINT (8.549464 49.47094)
DOG:Vehicle:874b23de-624d-4656-a5a3-b986c4dac44a,dott_mannheim,2026-05-21 15:34:18+02,POINT (8.473044 49.483095)
DOG:Vehicle:c2d85767-21f4-4c73-8ead-cf07d9a28346,dott_mannheim,2026-05-21 15:34:23+02,POINT (8.507957 49.458437)
DOG:Vehicle:6034109f-bcde-4ba0-9606-40b5575afd5a,dott_mannheim,2026-05-21 15:34:28+02,POINT (8.470754 49.50846)
DOG:Vehicle:0a0fedc8-e7a1-4b0e-bbdc-e4dbafbd41cb,dott_mannheim,2026-05-21 15:34:39+02,POINT (8.471846 49.470421)
DOG:Vehicle:c2a0ebf5-892d-4cc5-b6e5-ea4975071a53,dott_mannheim,2026-05-21 15:35:36+02,POINT (8.488797 49.48086)
DOG:Vehicle:594cb99d-b017-4305-a624-6e35a5becdbd,dott_mannheim,2026-05-21 15:35:38+02,POINT (8.505623 49.476306)
DOG:Vehicle:cc60807c-437a-496d-83e0-a97d8ef2a38d,dott_mannheim,2026-05-21 15:35:39+02,POINT (8.495499 49.464235)
DOG:Vehicle:8bc32998-863f-4c61-adaa-f237a45a687e,dott_mannheim,2026-05-21 15:35:50+02,POINT (8.500081 49.474211)
DOG:Vehicle:ff3d8c64-27c5-440d-a5cc-b0e93626eb91,dott_mannheim,2026-05-21 15:35:51+02,POINT (8.538384 49.452687)
DOG:Vehicle:f4fb21b9-8c19-43b5-92ac-f6f131472cfa,dott_mannheim,2026-05-21 15:35:55+02,POINT (8.538252 49.518343)
DOG:Vehicle:e28dde1d-2e1c-4f8e-9598-fbfe164793aa,dott_mannheim,2026-05-21 15:35:56+02,POINT (8.48929 49.480228)
DOG:Vehicle:2493740e-57c5-44c2-b5b9-b3ea6d094328,dott_mannheim,2026-05-21 15:35:58+02,POINT (8.47086 49.50842)
DOG:Vehicle:c39aaf5c-8f7a-4e35-99d4-682af7129e03,dott_mannheim,2026-05-21 15:35:58+02,POINT (8.472208 49.478533)
DOG:Vehicle:43b06a34-567a-4513-9208-38e64e095cf8,dott_mannheim,2026-05-21 15:36:02+02,POINT (8.441636 49.482297)
DOG:Vehicle:dad5af3c-ef9c-4d17-8e5f-76ede7dff823,dott_mannheim,2026-05-21 15:17:50+02,POINT (8.492645 49.493193)
DOG:Vehicle:aa9e91ce-aa79-424e-8426-58a375a54cab,dott_mannheim,2026-05-21 15:19:21+02,POINT (8.494876 49.500149)
DOG:Vehicle:1c758a91-4a30-4652-8c65-4f1e25db362a,dott_mannheim,2026-05-21 15:20:21+02,POINT (8.472277 49.50595)
DOG:Vehicle:d9adb29d-f173-4d96-9d80-537e2f39a2ea,dott_mannheim,2026-05-21 15:20:24+02,POINT (8.509318 49.496353)
DOG:Vehicle:88500b18-32fd-40ff-8192-b06bde2f890c,dott_mannheim,2026-05-21 15:21:05+02,POINT (8.47059 49.508493)
DOG:Vehicle:d64366ec-3e56-4923-8ca6-3b1c8a7d4450,dott_mannheim,2026-05-21 15:21:15+02,POINT (8.487942 49.462211)
DOG:Vehicle:b431e7ea-741e-4e73-888b-df94ff9f33ad,dott_mannheim,2026-05-21 15:21:16+02,POINT (8.452761 49.480108)
DOG:Vehicle:16a44220-66e0-4f78-95a1-999046d06c75,dott_mannheim,2026-05-21 15:21:20+02,POINT (8.466355 49.486133)
DOG:Vehicle:66e90540-2395-4219-8ff9-0e97ef4eb9fd,dott_mannheim,2026-05-21 15:21:42+02,POINT (8.471692 49.502673)
DOG:Vehicle:a97aa812-7e6e-4078-9625-94bdbdcc9f3d,dott_mannheim,2026-05-21 15:22:00+02,POINT (8.506075 49.47812)
DOG:Vehicle:d17df072-45d0-49c2-953d-b00d318b8f9d,dott_mannheim,2026-05-21 15:22:09+02,POINT (8.495342 49.464293)
DOG:Vehicle:daba5ec1-b448-4d6a-9fd2-3dfaea401adc,dott_mannheim,2026-05-21 15:22:36+02,POINT (8.485271 49.456056)
DOG:Vehicle:d28e0c0d-ac7a-4dfb-a8d5-0b7bd388fc13,dott_mannheim,2026-05-21 15:22:42+02,POINT (8.502433 49.49467)
DOG:Vehicle:fea2c12f-dabe-453e-ac0e-bb98b4d8a758,dott_mannheim,2026-05-21 15:22:49+02,POINT (8.47443 49.496679)
DOG:Vehicle:87225a55-9432-436f-b0b5-1732a849354e,dott_mannheim,2026-05-21 15:22:53+02,POINT (8.483057 49.492536)
DOG:Vehicle:405f5cd5-8dca-426f-9a82-6ded8c40d4f1,dott_mannheim,2026-05-21 15:23:01+02,POINT (8.471432 49.505419)
DOG:Vehicle:2d3bd8b2-6e88-43ed-baa5-bacb0fcd5901,dott_mannheim,2026-05-21 15:23:12+02,POINT (8.557954 49.466053)
DOG:Vehicle:e9e2dc57-91f7-4b3e-8db8-ece30f80fec5,dott_mannheim,2026-05-21 15:23:19+02,POINT (8.46814 49.482298)
DOG:Vehicle:8477ec99-1a5a-4cff-b66a-ef57041273da,dott_mannheim,2026-05-21 15:23:28+02,POINT (8.451777 49.471712)
DOG:Vehicle:f8488b5c-21a4-4ada-b945-bde37600b933,dott_mannheim,2026-05-21 15:23:28+02,POINT (8.473295 49.479835)
DOG:Vehicle:1a7f9a36-a565-4265-bab1-c491f5890019,dott_mannheim,2026-05-21 15:23:43+02,POINT (8.491381 49.493684)
DOG:Vehicle:d1d62de0-54ef-45b3-80c3-8ff55e58e182,dott_mannheim,2026-05-21 15:23:53+02,POINT (8.502529 49.492089)
DOG:Vehicle:7dbf3dd9-735b-44c6-8360-9460ede1d158,dott_mannheim,2026-05-21 15:24:04+02,POINT (8.489892 49.478449)
DOG:Vehicle:5f9839a7-8d26-42b8-af9e-7254fca4b757,dott_mannheim,2026-05-21 15:24:05+02,POINT (8.490885 49.509609)
DOG:Vehicle:98c5fa8f-356f-4b15-a137-3af712eef744,dott_mannheim,2026-05-21 15:24:15+02,POINT (8.50501 49.521862)
DOG:Vehicle:ddfa9a9c-f293-4749-8d01-d1be2bddc46f,dott_mannheim,2026-05-21 15:24:22+02,POINT (8.493279 49.496432)
DOG:Vehicle:af399ea4-ca2a-4aa6-b15e-1df15e1038fa,dott_mannheim,2026-05-21 15:24:24+02,POINT (8.502466 49.502615)
DOG:Vehicle:639fb438-f703-413a-9c1e-d3d10a28fccc,dott_mannheim,2026-05-21 15:24:38+02,POINT (8.470789 49.482438)
DOG:Vehicle:f8bd6a8d-7d2d-4bdc-9bd9-7c11b789900c,dott_mannheim,2026-05-21 15:24:43+02,POINT (8.498274 49.453619)
DOG:Vehicle:3ebd0eab-e031-4cf6-b770-dbb98b459fbd,dott_mannheim,2026-05-21 15:24:45+02,POINT (8.509283 49.46932)
DOG:Vehicle:e829d80c-b50d-4156-bc0b-799c54be6987,dott_mannheim,2026-05-21 15:24:47+02,POINT (8.472356 49.487365)
DOG:Vehicle:4cfc4659-8a82-42c6-a1e1-d3c70068f4e1,dott_mannheim,2026-05-21 15:25:01+02,POINT (8.485318 49.525664)
DOG:Vehicle:97e88e98-8e78-4080-bed2-80f2048e0a02,dott_mannheim,2026-05-21 15:25:27+02,POINT (8.468308 49.487781)
DOG:Vehicle:dcce88e1-45b3-417b-9dc1-ef16fa137fa8,dott_mannheim,2026-05-21 15:25:39+02,POINT (8.486724 49.465422)
DOG:Vehicle:b0085c5c-6537-4b6d-9f4d-2a9397c772cc,dott_mannheim,2026-05-21 15:25:48+02,POINT (8.502531 49.494718)
DOG:Vehicle:ae00f286-f425-41b1-8798-6737eb9be751,dott_mannheim,2026-05-21 15:26:05+02,POINT (8.473404 49.479454)
DOG:Vehicle:6f63d6a2-3e71-4c7f-ab44-ce2c4ec12c01,dott_mannheim,2026-05-21 15:26:17+02,POINT (8.489958 49.452532)
DOG:Vehicle:3ab32440-155e-4d8f-9cd6-3bd04b186009,dott_mannheim,2026-05-21 15:26:21+02,POINT (8.487505 49.504725)
DOG:Vehicle:f0502d58-5bbe-4133-9cbc-9b80d8b4c101,dott_mannheim,2026-05-21 15:26:21+02,POINT (8.441095 49.474893)
DOG:Vehicle:5cb2a5d4-5120-469f-93ea-71a40875e4c6,dott_mannheim,2026-05-21 15:26:25+02,POINT (8.520774 49.512716)
DOG:Vehicle:6dddcbd7-a964-4958-a275-b4e693a9f782,dott_mannheim,2026-05-21 15:26:26+02,POINT (8.455677 49.475235)
DOG:Vehicle:61e1aea3-c9e5-404e-86a8-23cd93e8f98e,dott_mannheim,2026-05-21 15:26:30+02,POINT (8.476898 49.488513)
DOG:Vehicle:2334fb9b-cb42-4fae-b2ae-3926a649e2ef,dott_mannheim,2026-05-21 15:26:32+02,POINT (8.504644 49.521875)
DOG:Vehicle:7097584f-22ed-4bd0-b2d5-3734d550614e,dott_mannheim,2026-05-21 15:26:46+02,POINT (8.548615 49.465787)
DOG:Vehicle:0a1c145c-aefb-4813-b461-0c8a31b5ffd4,dott_mannheim,2026-05-21 15:26:52+02,POINT (8.477586 49.460494)
DOG:Vehicle:c732b63c-f665-4495-8cee-2d2a7af67ead,dott_mannheim,2026-05-21 15:27:05+02,POINT (8.469465 49.500068)
DOG:Vehicle:c7c20b57-d94d-46ff-b256-0af47009d03d,dott_mannheim,2026-05-21 15:27:16+02,POINT (8.457843 49.497302)
DOG:Vehicle:cc2f42e3-406f-4f09-be3c-e1d1ca4837f7,dott_mannheim,2026-05-21 15:27:32+02,POINT (8.484024 49.489502)
DOG:Vehicle:2509a2a6-2688-43da-81d9-bf58944a4a9e,dott_mannheim,2026-05-21 15:27:35+02,POINT (8.490298 49.450455)
DOG:Vehicle:507c6c25-adca-4415-9f4b-6430c8ac0c3c,dott_mannheim,2026-05-21 15:27:43+02,POINT (8.487617 49.522488)
DOG:Vehicle:4c38a92d-1f33-41d3-aafd-c0f274090056,dott_mannheim,2026-05-21 15:27:55+02,POINT (8.456051 49.469574)
DOG:Vehicle:4bf35dbe-2daf-4d7c-b86c-dbb529c58e50,dott_mannheim,2026-05-21 15:27:56+02,POINT (8.463419 49.504391)
DOG:Vehicle:a261c86f-03dd-4696-9cc7-027fe545b0f4,dott_mannheim,2026-05-21 15:28:02+02,POINT (8.465852 49.486792)
DOG:Vehicle:7932f3d1-c2fb-4788-9d25-26efec8aab89,dott_mannheim,2026-05-21 15:28:09+02,POINT (8.479779 49.455726)
DOG:Vehicle:84a7afe7-c736-4ce1-b6b7-d31f5d8e8d4e,dott_mannheim,2026-05-21 15:28:14+02,POINT (8.483756 49.524389)
DOG:Vehicle:c7414d94-53a6-4ab2-a1ce-429d32f1f1f4,dott_mannheim,2026-05-21 15:28:20+02,POINT (8.49566 49.476643)
DOG:Vehicle:35365eed-3631-4a28-a887-931bb732c9f2,dott_mannheim,2026-05-21 15:28:32+02,POINT (8.470856 49.508686)
DOG:Vehicle:f85939d0-ce11-4f3f-8915-3ff6bc489446,dott_mannheim,2026-05-21 15:28:32+02,POINT (8.481395 49.460492)
DOG:Vehicle:e058247d-bffc-4eab-b7c1-ed7d7ea404a1,dott_mannheim,2026-05-21 15:28:35+02,POINT (8.468545 49.509602)
DOG:Vehicle:1427eefa-6c49-4a3e-99ea-68a4a2da148e,dott_mannheim,2026-05-21 15:28:44+02,POINT (8.477114 49.481282)
DOG:Vehicle:f6960778-64cf-4038-85b5-fbb7c75a2184,dott_mannheim,2026-05-21 15:28:47+02,POINT (8.497475 49.497749)
DOG:Vehicle:151f38e2-c318-4066-ac14-81e9009c1772,dott_mannheim,2026-05-21 15:28:54+02,POINT (8.525992 49.510961)
DOG:Vehicle:c991b572-4e7b-4b9d-9c29-4eac0d6bfa3d,dott_mannheim,2026-05-21 15:28:57+02,POINT (8.482008 49.493761)
DOG:Vehicle:fa41b1ee-eaef-4984-ad1f-58b5dcc519f2,dott_mannheim,2026-05-21 15:29:20+02,POINT (8.439892 49.484585)
DOG:Vehicle:a090074e-caf4-428c-9e5c-7617a45639b4,dott_mannheim,2026-05-21 15:29:32+02,POINT (8.494243 49.511501)
DOG:Vehicle:18b6f0ea-7039-4b98-9a25-8077e4ac3351,dott_mannheim,2026-05-21 15:29:34+02,POINT (8.485949 49.505763)
DOG:Vehicle:3f203d9b-5bfe-404b-8b61-bef785e1d20d,dott_mannheim,2026-05-21 15:29:38+02,POINT (8.46184 49.487658)
DOG:Vehicle:9a52aa98-2f33-485c-bfd7-bdb67f9443f6,dott_mannheim,2026-05-21 15:29:43+02,POINT (8.462294 49.502163)
DOG:Vehicle:a00e33ec-749c-4695-864b-e6ecc060ceca,dott_mannheim,2026-05-21 15:29:45+02,POINT (8.499372 49.500966)
DOG:Vehicle:695a7f6d-f1a8-4d30-9cb1-41a809083521,dott_mannheim,2026-05-21 15:29:55+02,POINT (8.487773 49.480474)
DOG:Vehicle:39b2a520-3869-42a5-b786-d962a4fa9e9c,dott_mannheim,2026-05-21 15:30:07+02,POINT (8.504938 49.521864)
DOG:Vehicle:9382194d-8cad-4e57-abd4-e2d43e6e8728,dott_mannheim,2026-05-21 15:30:17+02,POINT (8.480633 49.475895)
DOG:Vehicle:55a99e48-e015-46c9-bf63-c816a12051a2,dott_mannheim,2026-05-21 15:30:19+02,POINT (8.520449 49.512152)
DOG:Vehicle:5202e41f-b582-4b30-8bab-1769bd57ae55,dott_mannheim,2026-05-21 15:30:20+02,POINT (8.486936 49.484464)
DOG:Vehicle:13d5bc93-4805-4440-8507-2e21aa54f9c9,dott_mannheim,2026-05-21 15:30:26+02,POINT (8.462914 49.484811)
DOG:Vehicle:4ba53fc5-e694-4504-97dd-432e9d23aeb4,dott_mannheim,2026-05-21 15:30:29+02,POINT (8.473549 49.534002)
DOG:Vehicle:c4142c17-8c2a-46ed-8365-817ba7033505,dott_mannheim,2026-05-21 15:30:35+02,POINT (8.440871 49.487046)
DOG:Vehicle:db3ededf-fd6c-4c56-b8d3-79a716d7f5db,dott_mannheim,2026-05-21 15:30:35+02,POINT (8.531405 49.447013)
DOG:Vehicle:6ce0f3d3-9880-47e1-a9ea-467c38fa110e,dott_mannheim,2026-05-21 15:30:39+02,POINT (8.487891 49.477483)
DOG:Vehicle:1ad5a1c4-b3a8-4f88-a5e2-434ea5b7e3dc,dott_mannheim,2026-05-21 15:30:56+02,POINT (8.487066 49.479488)
DOG:Vehicle:063efd64-9f28-4bae-9b8a-efa870d60924,dott_mannheim,2026-05-21 15:30:57+02,POINT (8.469351 49.498263)
DOG:Vehicle:59483833-5a38-4995-b0a1-ce0fb31d23c1,dott_mannheim,2026-05-21 15:31:10+02,POINT (8.4755 49.496809)
DOG:Vehicle:ef4eaf56-82ed-4c7b-b34c-153a1bd46d7c,dott_mannheim,2026-05-21 15:31:10+02,POINT (8.47222 49.478431)
DOG:Vehicle:29ff151f-27a5-4911-af20-5cf14a780a07,dott_mannheim,2026-05-21 15:31:27+02,POINT (8.474279 49.496675)
DOG:Vehicle:ae86dc8c-3c9b-440c-afd7-dd7c2a96398d,dott_mannheim,2026-05-21 15:31:37+02,POINT (8.475148 49.485115)
DOG:Vehicle:56820ffe-974a-44b4-b44f-822f4bf70cf4,dott_mannheim,2026-05-21 15:31:38+02,POINT (8.486815 49.465435)
DOG:Vehicle:57e72339-2398-477f-b7db-d20e06a130a6,dott_mannheim,2026-05-21 15:31:39+02,POINT (8.492432 49.504152)
DOG:Vehicle:bba80699-5496-4a31-a14d-5f87bd72c0ad,dott_mannheim,2026-05-21 15:31:55+02,POINT (8.534172 49.474754)
DOG:Vehicle:1023f713-2926-454c-b8f4-28008bfc4481,dott_mannheim,2026-05-21 15:32:02+02,POINT (8.462967 49.484624)
DOG:Vehicle:28a349d7-79af-4e23-bdb7-c23e46ccf5a8,dott_mannheim,2026-05-21 15:32:14+02,POINT (8.489869 49.461101)
DOG:Vehicle:b22a9f64-f52a-4d8f-9a12-eafcd803282a,dott_mannheim,2026-05-21 15:32:17+02,POINT (8.480435 49.497877)
DOG:Vehicle:01b73f38-65a8-4516-87a6-93533ec5afe3,dott_mannheim,2026-05-21 15:32:36+02,POINT (8.483523 49.477669)
DOG:Vehicle:7aa57609-36b4-4c42-bf30-c1be1f4c55e1,dott_mannheim,2026-05-21 15:32:37+02,POINT (8.488 49.454084)
DOG:Vehicle:ed374b7a-a1bb-4074-91da-e20a2cf97064,dott_mannheim,2026-05-21 15:32:41+02,POINT (8.512374 49.50751)
DOG:Vehicle:b1526df1-2494-4ad7-b6fd-03e96b3b6071,dott_mannheim,2026-05-21 15:32:45+02,POINT (8.488689 49.526707)
DOG:Vehicle:c86050f7-34b7-469e-80e6-bede733b5caf,dott_mannheim,2026-05-21 15:32:48+02,POINT (8.47842 49.496604)
DOG:Vehicle:d73d2200-12ce-4459-8544-da9950c7134e,dott_mannheim,2026-05-21 15:32:48+02,POINT (8.474375 49.49669)
DOG:Vehicle:e3532620-fd1d-467e-a2d7-74151118ac98,dott_mannheim,2026-05-21 15:32:54+02,POINT (8.499308 49.500965)
DOG:Vehicle:2bad383b-b78d-43ba-a27c-56d52839b9b6,dott_mannheim,2026-05-21 15:33:01+02,POINT (8.490664 49.527971)
DOG:Vehicle:c491aaeb-b6f7-4b11-bddf-531e18e2bc1e,dott_mannheim,2026-05-21 15:33:17+02,POINT (8.472289 49.482492)
DOG:Vehicle:5aa0f286-332c-439d-a11f-97a29bf061c1,dott_mannheim,2026-05-21 15:33:44+02,POINT (8.473918 49.484207)
DOG:Vehicle:d0075ac4-1a95-4247-8acc-59889f0e1714,dott_mannheim,2026-05-21 15:33:53+02,POINT (8.508645 49.482289)
DOG:Vehicle:98b3bbd0-fc9c-4dd8-8b8e-285aeabed168,dott_mannheim,2026-05-21 15:34:00+02,POINT (8.509025 49.445481)
DOG:Vehicle:bdd19e96-fa7e-47e5-a62a-7cf8e1daee45,dott_mannheim,2026-05-21 15:34:11+02,POINT (8.467514 49.488116)
DOG:Vehicle:275d8a07-f81a-454f-8808-1b937e81d5c3,dott_mannheim,2026-05-21 15:34:22+02,POINT (8.488153 49.496669)
DOG:Vehicle:622edeea-ec20-4b4a-b042-e363b9cb1475,dott_mannheim,2026-05-21 15:34:26+02,POINT (8.495424 49.464309)
DOG:Vehicle:8625d1d5-a4c0-4a91-95a8-824a2b1c309d,dott_mannheim,2026-05-21 15:34:31+02,POINT (8.474723 49.485368)
DOG:Vehicle:6ad812c5-5ff2-4320-843d-f3cd78ccbe39,dott_mannheim,2026-05-21 15:34:40+02,POINT (8.471957 49.525432)
DOG:Vehicle:9a0cec53-420b-4ee1-956e-480c6a3bd84d,dott_mannheim,2026-05-21 15:34:43+02,POINT (8.464629 49.503838)
DOG:Vehicle:87198d1d-9fab-4b87-bb14-9abb90fd9f42,dott_mannheim,2026-05-21 15:34:49+02,POINT (8.496703 49.508372)
DOG:Vehicle:4b9db32b-c29c-4010-af80-ae6de5217d3e,dott_mannheim,2026-05-21 15:34:55+02,POINT (8.445996 49.469709)
DOG:Vehicle:da97013a-a608-4586-8a0d-d95ed50f6899,dott_mannheim,2026-05-21 15:34:55+02,POINT (8.488102 49.477944)
DOG:Vehicle:88566f93-44d8-4f63-beff-6fa843fc0a6b,dott_mannheim,2026-05-21 15:35:02+02,POINT (8.450305 49.479269)
DOG:Vehicle:1b4693b8-abf3-4770-87f6-f5ee9a3a4ea7,dott_mannheim,2026-05-21 15:35:17+02,POINT (8.482226 49.525278)
DOG:Vehicle:689890a2-6f9d-42ce-9cc6-894b825f88fc,dott_mannheim,2026-05-21 15:35:20+02,POINT (8.527651 49.478951)
DOG:Vehicle:51641013-fd31-4cb3-afcf-2ae1ae91b992,dott_mannheim,2026-05-21 15:35:39+02,POINT (8.515634 49.442769)
DOG:Vehicle:df074ea6-983f-4a84-a00d-52c5d7ab9dd9,dott_mannheim,2026-05-21 15:35:39+02,POINT (8.528759 49.515299)
DOG:Vehicle:e6335075-1f52-4ca6-b3ab-a01173f44d6b,dott_mannheim,2026-05-21 15:35:40+02,POINT (8.465273 49.48403)
DOG:Vehicle:e1d2bfa2-e4ba-44b6-bb90-127f814128a4,dott_mannheim,2026-05-21 15:35:53+02,POINT (8.462382 49.502155)
DOG:Vehicle:bf91fe1b-e4fb-4541-9497-8c69ee8ca242,dott_mannheim,2026-05-21 15:35:54+02,POINT (8.45534 49.477639)
DOG:Vehicle:82a7cb51-136d-4e70-81e6-143e59666702,dott_mannheim,2026-05-21 15:35:55+02,POINT (8.450856 49.480499)
DOG:Vehicle:f105fac4-6cfe-4bea-a43a-9e6462a876c9,dott_mannheim,2026-05-21 15:35:59+02,POINT (8.49068 49.492443)
DOG:Vehicle:8036fcea-3129-47f2-813d-b67991718248,dott_mannheim,2026-05-21 15:36:01+02,POINT (8.455575 49.475301)
DOG:Vehicle:cfcb8512-be90-4b1d-a9dd-4a27a0abfc13,dott_mannheim,2026-05-21 15:36:03+02,POINT (8.47494 49.48303)
DOG:Vehicle:2e1d6fc3-4699-49bc-a55d-daf2274b4ed5,dott_mannheim,2026-05-21 15:36:18+02,POINT (8.446209 49.478746)
DOG:Vehicle:e6d5a810-376b-4144-9482-9c4810b635d0,dott_mannheim,2026-05-21 15:19:03+02,POINT (8.508904 49.447388)
DOG:Vehicle:8578ea59-8b10-45a0-b4d8-9d8ddcbe210a,dott_mannheim,2026-05-21 15:19:13+02,POINT (8.4729 49.478435)
DOG:Vehicle:07b7428f-e90c-4e55-b45b-de0ab87bbdf8,dott_mannheim,2026-05-21 15:19:33+02,POINT (8.451817 49.478484)
DOG:Vehicle:32652a73-b071-4a8c-8e05-e1d9a9bc483e,dott_mannheim,2026-05-21 15:20:00+02,POINT (8.468732 49.480777)
DOG:Vehicle:fa812900-0cef-4999-9d12-771be8227e66,dott_mannheim,2026-05-21 15:20:01+02,POINT (8.457808 49.497911)
DOG:Vehicle:2fea2411-ed5c-4bae-83eb-101ca953d763,dott_mannheim,2026-05-21 15:21:14+02,POINT (8.467553 49.490419)
DOG:Vehicle:60f14046-0fdc-43e7-88b6-b116667dbf71,dott_mannheim,2026-05-21 15:21:22+02,POINT (8.461524 49.499808)
DOG:Vehicle:dea7155f-eb1e-4ca4-ae17-33885b675c06,dott_mannheim,2026-05-21 15:21:39+02,POINT (8.532248 49.520731)
DOG:Vehicle:eb1b8f38-cbf6-4f14-b7ce-02d9d4d8fea2,dott_mannheim,2026-05-21 15:22:02+02,POINT (8.466248 49.502994)
DOG:Vehicle:61018683-c339-4559-9074-d8da23f0a3d9,dott_mannheim,2026-05-21 15:22:18+02,POINT (8.464154 49.485661)
DOG:Vehicle:cb232978-75ca-4069-a441-bfeee0936aa5,dott_mannheim,2026-05-21 15:22:40+02,POINT (8.472506 49.487113)
DOG:Vehicle:85532209-1855-4bf9-ad1e-6d35102a4398,dott_mannheim,2026-05-21 15:22:58+02,POINT (8.539665 49.452323)
DOG:Vehicle:9b54b24a-dae7-4ff2-8b93-12a32b96a6b6,dott_mannheim,2026-05-21 15:23:01+02,POINT (8.487629 49.45294)
DOG:Vehicle:489f2761-fb23-4f9e-81c2-fa073899f797,dott_mannheim,2026-05-21 15:23:13+02,POINT (8.522401 49.477635)
DOG:Vehicle:d06362ac-7d97-40b4-bedc-a57fda082338,dott_mannheim,2026-05-21 15:23:22+02,POINT (8.494719 49.508788)
DOG:Vehicle:3af28804-d393-44e6-a747-7f6f1702f32a,dott_mannheim,2026-05-21 15:23:31+02,POINT (8.490816 49.479279)
DOG:Vehicle:15796a4e-5233-43a2-9860-e4be33d86f83,dott_mannheim,2026-05-21 15:23:35+02,POINT (8.462913 49.484717)
DOG:Vehicle:3d3eda12-f52a-4b9c-9925-d544df107d26,dott_mannheim,2026-05-21 15:23:47+02,POINT (8.557853 49.460441)
DOG:Vehicle:a52e88e1-bd0e-4e21-bd92-9c7e2d555c0b,dott_mannheim,2026-05-21 15:23:49+02,POINT (8.522356 49.477686)
DOG:Vehicle:73db5e74-f1e9-4de7-b4e1-1ddaa7be458d,dott_mannheim,2026-05-21 15:23:50+02,POINT (8.47002 49.503919)
DOG:Vehicle:1e66f95d-b3ea-4635-a49a-e0a8e8be567e,dott_mannheim,2026-05-21 15:23:53+02,POINT (8.465067 49.48172)
DOG:Vehicle:e40dc993-3210-48f2-837f-72db983496ca,dott_mannheim,2026-05-21 15:24:03+02,POINT (8.47498 49.483009)
DOG:Vehicle:357b2d1b-4977-4872-8cf4-bd30ea7fb81b,dott_mannheim,2026-05-21 15:24:04+02,POINT (8.465995 49.486045)
DOG:Vehicle:5b453fd7-cb7e-4320-8c1d-cfbc5a6b2c8d,dott_mannheim,2026-05-21 15:24:18+02,POINT (8.493762 49.460842)
DOG:Vehicle:482dc9b5-87b7-4310-adfb-8da3ba6fd156,dott_mannheim,2026-05-21 15:24:34+02,POINT (8.527803 49.516372)
DOG:Vehicle:48991f4c-5a33-4db0-abf5-697250acbf93,dott_mannheim,2026-05-21 15:24:43+02,POINT (8.501981 49.512093)
DOG:Vehicle:3dd4f4f4-71ad-420c-bd07-5e976868c617,dott_mannheim,2026-05-21 15:24:52+02,POINT (8.505621 49.477733)
DOG:Vehicle:588bbde7-5859-42bb-8b15-5051eafc06c4,dott_mannheim,2026-05-21 15:24:52+02,POINT (8.4914 49.50652)
DOG:Vehicle:3cced451-2e80-478b-9e28-8a00c64cc7ad,dott_mannheim,2026-05-21 15:24:54+02,POINT (8.436392 49.491359)
DOG:Vehicle:dc071b66-e65e-4147-a4cf-09b702fc742e,dott_mannheim,2026-05-21 15:24:55+02,POINT (8.48824 49.475995)
DOG:Vehicle:c534461a-1cdf-4ced-b34d-3ede94c69e5c,dott_mannheim,2026-05-21 15:25:02+02,POINT (8.509954 49.443643)
DOG:Vehicle:47c0b721-fc09-455d-b30a-708b1a13d74f,dott_mannheim,2026-05-21 15:25:05+02,POINT (8.451664 49.478515)
DOG:Vehicle:70e42ac2-f0ac-4d1b-8137-d17eeb012a26,dott_mannheim,2026-05-21 15:25:07+02,POINT (8.476735 49.461576)
DOG:Vehicle:6fb91f4f-2bc8-44a9-9a8f-d6b4ac0e1d5e,dott_mannheim,2026-05-21 15:25:09+02,POINT (8.448493 49.48408)
DOG:Vehicle:d9e8c35d-d70a-4358-b85e-027644ae5d9d,dott_mannheim,2026-05-21 15:25:09+02,POINT (8.537567 49.451798)
DOG:Vehicle:778d968f-416f-41a5-8a82-f93dbe2fdfb8,dott_mannheim,2026-05-21 15:25:10+02,POINT (8.474236 49.487504)
DOG:Vehicle:8d096c15-34fc-4bf3-acc0-066b8f3300b8,dott_mannheim,2026-05-21 15:25:11+02,POINT (8.501752 49.508728)
DOG:Vehicle:f4a1f788-5642-4ce9-8b0c-6a22d2a4f1c3,dott_mannheim,2026-05-21 15:25:18+02,POINT (8.471558 49.503831)
DOG:Vehicle:10701364-3d6a-4f36-b27c-ecc839469864,dott_mannheim,2026-05-21 15:25:27+02,POINT (8.508963 49.445425)
DOG:Vehicle:acd04226-7ced-476b-933d-4aa7563eeba2,dott_mannheim,2026-05-21 15:25:42+02,POINT (8.536118 49.51627)
DOG:Vehicle:fda4a16a-fddd-4d50-8577-91980456b012,dott_mannheim,2026-05-21 15:25:52+02,POINT (8.494751 49.475721)
DOG:Vehicle:1e05a4a3-55a4-4f79-87c4-8654b9ed81e6,dott_mannheim,2026-05-21 15:25:54+02,POINT (8.493417 49.493866)
DOG:Vehicle:e5aec657-c93e-44db-a0b0-c509bf5713cd,dott_mannheim,2026-05-21 15:26:00+02,POINT (8.490755 49.49214)
DOG:Vehicle:efe7bf5e-059e-4b0d-9eee-968b48dac347,dott_mannheim,2026-05-21 15:26:15+02,POINT (8.464255 49.482598)
DOG:Vehicle:96e7bb30-fc41-4144-b6d5-2d4188783cd7,dott_mannheim,2026-05-21 15:26:17+02,POINT (8.51847 49.507413)
DOG:Vehicle:e1cba088-d229-433d-9c0c-be5b5dbc0cda,dott_mannheim,2026-05-21 15:26:26+02,POINT (8.465418 49.504216)
DOG:Vehicle:e1023189-bcd9-4f4b-933c-81c2f1caa2f5,dott_mannheim,2026-05-21 15:26:30+02,POINT (8.506162 49.47812)
DOG:Vehicle:b9c7d2eb-cb2d-49f0-8af7-9e37832a1bd1,dott_mannheim,2026-05-21 15:26:40+02,POINT (8.501967 49.468027)
DOG:Vehicle:2f0f0fb4-e3c9-44a1-81a4-6848a2286d4a,dott_mannheim,2026-05-21 15:26:42+02,POINT (8.510118 49.466745)
DOG:Vehicle:78025eba-de46-4cb0-898c-edf7b1510af8,dott_mannheim,2026-05-21 15:26:42+02,POINT (8.470832 49.48886)
DOG:Vehicle:4cee730b-a036-4c96-90c3-692d3e358575,dott_mannheim,2026-05-21 15:26:45+02,POINT (8.469429 49.487882)
DOG:Vehicle:ab95f5da-8282-4bc6-a8a6-33835be1d9bc,dott_mannheim,2026-05-21 15:26:46+02,POINT (8.43867 49.489005)
DOG:Vehicle:6ab7e313-b1dd-4945-b848-ba2cbbe4a8f9,dott_mannheim,2026-05-21 15:26:49+02,POINT (8.457842 49.497924)
DOG:Vehicle:7f099f82-5189-4755-a2bd-c05a02fc4288,dott_mannheim,2026-05-21 15:27:04+02,POINT (8.469385 49.464578)
DOG:Vehicle:837aaeba-d1ae-4e09-ba93-b9402c9cc4c6,dott_mannheim,2026-05-21 15:27:05+02,POINT (8.485927 49.506267)
DOG:Vehicle:616ba32d-d8f0-4d32-9b1d-8f97e8797cd6,dott_mannheim,2026-05-21 15:27:11+02,POINT (8.448611 49.484108)
DOG:Vehicle:a65c537f-31bf-457a-bc46-35420a7ef34e,dott_mannheim,2026-05-21 15:27:13+02,POINT (8.441424 49.480984)
DOG:Vehicle:c0685645-83ff-4b88-9238-2ae8a7d22721,dott_mannheim,2026-05-21 15:27:13+02,POINT (8.48634 49.474436)
DOG:Vehicle:cd8d8f39-33ac-4b5a-9e0c-a9d5c39f7b05,dott_mannheim,2026-05-21 15:27:15+02,POINT (8.462806 49.484629)
DOG:Vehicle:8462708e-4d82-4117-b847-5309eaedfa7f,dott_mannheim,2026-05-21 15:27:18+02,POINT (8.465944 49.47408)
DOG:Vehicle:8bfd2db2-9097-466f-baea-efc20618e4b7,dott_mannheim,2026-05-21 15:27:34+02,POINT (8.506814 49.468305)
DOG:Vehicle:fe09490d-d456-447b-9f5a-e3e547fdc38a,dott_mannheim,2026-05-21 15:27:41+02,POINT (8.457834 49.497969)
DOG:Vehicle:53fc0ecc-0241-4ff9-80dc-f80b844dd2dd,dott_mannheim,2026-05-21 15:27:52+02,POINT (8.477203 49.497274)
DOG:Vehicle:d110187f-d639-419f-b709-47af13893ae5,dott_mannheim,2026-05-21 15:27:54+02,POINT (8.508398 49.482276)
DOG:Vehicle:06681cac-f9c0-493b-9981-d794d3dd7b8d,dott_mannheim,2026-05-21 15:28:23+02,POINT (8.505676 49.500424)
DOG:Vehicle:3ede7a62-cf89-4b6a-9a05-69d0a2045eb3,dott_mannheim,2026-05-21 15:28:27+02,POINT (8.497351 49.458859)
DOG:Vehicle:de973d97-d8c9-40ea-9ac7-56df6273ca03,dott_mannheim,2026-05-21 15:28:38+02,POINT (8.549591 49.463775)
DOG:Vehicle:054098f3-5c76-4786-be6c-9a1708e44907,dott_mannheim,2026-05-21 15:28:41+02,POINT (8.501763 49.499977)
DOG:Vehicle:279668d7-62eb-4687-b07f-c8860aab059b,dott_mannheim,2026-05-21 15:28:59+02,POINT (8.485013 49.506157)
DOG:Vehicle:2896798d-f3c8-463f-8f75-c1f6f0041e98,dott_mannheim,2026-05-21 15:29:03+02,POINT (8.513577 49.478587)
DOG:Vehicle:e8d5c931-0018-4f16-ad9a-c8f0b8496615,dott_mannheim,2026-05-21 15:29:07+02,POINT (8.488046 49.466198)
DOG:Vehicle:a84480e3-2694-44f9-9601-4e5aad9dcd2c,dott_mannheim,2026-05-21 15:29:10+02,POINT (8.467311 49.483695)
DOG:Vehicle:fb4815e6-2114-4430-a5ca-81cbe482319e,dott_mannheim,2026-05-21 15:29:12+02,POINT (8.506669 49.500859)
DOG:Vehicle:daf846cd-82a3-4de8-bf47-75d4ef1235c5,dott_mannheim,2026-05-21 15:29:31+02,POINT (8.450338 49.480837)
DOG:Vehicle:87ae5fdb-e8b5-4209-93bd-72651b1ff4b3,dott_mannheim,2026-05-21 15:29:32+02,POINT (8.551365 49.463784)
DOG:Vehicle:9dff9f91-df7c-4876-8e9c-eb665f25cb95,dott_mannheim,2026-05-21 15:29:33+02,POINT (8.471061 49.476008)
DOG:Vehicle:3d31430d-0bb6-4427-b15a-3744eadb2a7d,dott_mannheim,2026-05-21 15:29:36+02,POINT (8.465078 49.495017)
DOG:Vehicle:83cc3d9f-b60f-467b-8652-64f6208c0493,dott_mannheim,2026-05-21 15:29:39+02,POINT (8.501694 49.489316)
DOG:Vehicle:0b7cfc19-72a5-42db-9a5a-d8a57925f8f7,dott_mannheim,2026-05-21 15:29:48+02,POINT (8.484011 49.504948)
DOG:Vehicle:fe37e1db-ce87-42e0-bdd2-ce023e46bd0d,dott_mannheim,2026-05-21 15:29:49+02,POINT (8.486546 49.48449)
DOG:Vehicle:98f952d3-555a-482c-b3c0-3245d809b127,dott_mannheim,2026-05-21 15:29:55+02,POINT (8.471838 49.486476)
DOG:Vehicle:420cb2af-d321-4d68-af6b-4754ebf0fa7f,dott_mannheim,2026-05-21 15:30:03+02,POINT (8.475563 49.516296)
DOG:Vehicle:761b80e6-50f8-4f8b-a8e8-d167128e0a87,dott_mannheim,2026-05-21 15:30:04+02,POINT (8.468765 49.484374)
DOG:Vehicle:92c56c66-e7ac-4c61-bdc8-496715f90cf7,dott_mannheim,2026-05-21 15:30:19+02,POINT (8.437159 49.490848)
DOG:Vehicle:237b6a45-b155-429a-b24f-2424c091f93e,dott_mannheim,2026-05-21 15:30:28+02,POINT (8.466469 49.503162)
DOG:Vehicle:be7f66ac-0f27-43ef-a731-e57cc719cf98,dott_mannheim,2026-05-21 15:30:31+02,POINT (8.445867 49.469704)
DOG:Vehicle:880573c4-05cd-4d3c-a1c6-a8c45d3f72f6,dott_mannheim,2026-05-21 15:30:36+02,POINT (8.44645 49.465822)
DOG:Vehicle:0b4cd1ad-9f38-436c-a1f5-31db3e95040c,dott_mannheim,2026-05-21 15:30:39+02,POINT (8.491033 49.46119)
DOG:Vehicle:79d6607c-0da5-4d2e-96e8-eb99524eb06e,dott_mannheim,2026-05-21 15:30:59+02,POINT (8.49737 49.458918)
DOG:Vehicle:792ca25e-e7d6-45cc-b429-17e491ca1a77,dott_mannheim,2026-05-21 15:31:01+02,POINT (8.508268 49.482102)
DOG:Vehicle:39d2aef5-74b3-41aa-881c-8763bc9cd614,dott_mannheim,2026-05-21 15:31:18+02,POINT (8.539878 49.453843)
DOG:Vehicle:e3db77cb-5db4-4e71-95ac-a553ba825f25,dott_mannheim,2026-05-21 15:31:26+02,POINT (8.471664 49.496454)
DOG:Vehicle:473a381a-c14a-4ea4-aad8-c2584a7ec2fc,dott_mannheim,2026-05-21 15:31:40+02,POINT (8.474296 49.49665)
DOG:Vehicle:faf3be97-9e2c-4903-9c90-3d1a40faa3fc,dott_mannheim,2026-05-21 15:31:46+02,POINT (8.488074 49.494546)
DOG:Vehicle:8a702ab8-dcbb-44ce-9237-7392154899c2,dott_mannheim,2026-05-21 15:31:50+02,POINT (8.501691 49.489274)
DOG:Vehicle:86e71490-984a-441a-9503-b849e07fed80,dott_mannheim,2026-05-21 15:32:00+02,POINT (8.462784 49.484757)
DOG:Vehicle:1fb51872-b918-42ea-8be4-ecabb12cef64,dott_mannheim,2026-05-21 15:32:03+02,POINT (8.526191 49.511402)
DOG:Vehicle:b00def30-8bb5-4f11-b50e-46ffee21606e,dott_mannheim,2026-05-21 15:32:03+02,POINT (8.53136 49.520885)
DOG:Vehicle:254f4f06-7104-4aa6-822c-03b5a3eebd09,dott_mannheim,2026-05-21 15:32:08+02,POINT (8.528732 49.515358)
DOG:Vehicle:68e61027-c28e-420d-bb78-9a97e7ddafb5,dott_mannheim,2026-05-21 15:32:17+02,POINT (8.482968 49.488788)
DOG:Vehicle:bee49d3b-703b-472e-8ebe-123783d533bd,dott_mannheim,2026-05-21 15:32:24+02,POINT (8.482282 49.525512)
DOG:Vehicle:e32a669b-8f1c-4dfb-8b02-23078ac4ef31,dott_mannheim,2026-05-21 15:32:41+02,POINT (8.467658 49.477989)
DOG:Vehicle:e35095c4-338e-4b04-85e5-7eb348ccb49d,dott_mannheim,2026-05-21 15:32:43+02,POINT (8.477191 49.506033)
DOG:Vehicle:77dc7a22-1ac2-4a66-b70c-ccdf65434e97,dott_mannheim,2026-05-21 15:32:47+02,POINT (8.470911 49.46973)
DOG:Vehicle:76846983-a4cf-4e40-b06e-45fb24134074,dott_mannheim,2026-05-21 15:32:48+02,POINT (8.480283 49.471379)
DOG:Vehicle:3bbedadf-72ad-47fe-862e-ad4a1c830852,dott_mannheim,2026-05-21 15:32:51+02,POINT (8.472714 49.468195)
DOG:Vehicle:396ab83f-baee-42e8-87da-02e61aad9e99,dott_mannheim,2026-05-21 15:32:54+02,POINT (8.486826 49.504214)
DOG:Vehicle:d041e03b-ed62-4b90-957c-0df6936ed90e,dott_mannheim,2026-05-21 15:32:58+02,POINT (8.488492 49.457397)
DOG:Vehicle:d788c292-ed16-4e9c-ba65-6789b08cd96c,dott_mannheim,2026-05-21 15:33:16+02,POINT (8.472333 49.449507)
DOG:Vehicle:bdd03db2-716a-4775-84f9-9c62effe12da,dott_mannheim,2026-05-21 15:33:24+02,POINT (8.496456 49.504258)
DOG:Vehicle:1c4133d7-4e1a-4a81-9ccf-05484e014cc0,dott_mannheim,2026-05-21 15:33:33+02,POINT (8.470023 49.471376)
DOG:Vehicle:e1cab5f1-6e57-4aa5-876b-1e6637bdf153,dott_mannheim,2026-05-21 15:33:35+02,POINT (8.531697 49.44703)
DOG:Vehicle:8eecf601-a4de-43db-8995-1b5329fb2c12,dott_mannheim,2026-05-21 15:33:37+02,POINT (8.507429 49.477514)
DOG:Vehicle:b9e3a783-caa3-40b5-b646-fd27beb9c020,dott_mannheim,2026-05-21 15:33:38+02,POINT (8.475396 49.462399)
DOG:Vehicle:59efa908-2085-43f8-a642-668900dac7a7,dott_mannheim,2026-05-21 15:33:40+02,POINT (8.46618 49.486189)
DOG:Vehicle:9c826634-d68b-47d6-9106-233d7b5be054,dott_mannheim,2026-05-21 15:33:40+02,POINT (8.480238 49.508613)
DOG:Vehicle:5663221e-197d-4165-ae95-282b316364dd,dott_mannheim,2026-05-21 15:33:43+02,POINT (8.463743 49.477076)
DOG:Vehicle:3e10073e-6b23-42af-a2ac-cf67f3c92648,dott_mannheim,2026-05-21 15:33:47+02,POINT (8.502354 49.494683)
DOG:Vehicle:398a85dc-1cf7-4f97-b945-d053f94ee5d5,dott_mannheim,2026-05-21 15:33:49+02,POINT (8.454343 49.478012)
DOG:Vehicle:3140b5f6-79f0-473e-9e1e-3cc1d99fb46d,dott_mannheim,2026-05-21 15:34:03+02,POINT (8.506973 49.508085)
DOG:Vehicle:39c020aa-365c-48b3-a267-417d2c7ce0b7,dott_mannheim,2026-05-21 15:34:07+02,POINT (8.484106 49.505856)
DOG:Vehicle:c894830c-01bc-4746-b14a-3549ba070f53,dott_mannheim,2026-05-21 15:34:15+02,POINT (8.493248 49.496058)
DOG:Vehicle:13eae3df-b833-489c-a327-2c44e0ceebbd,dott_mannheim,2026-05-21 15:34:39+02,POINT (8.471266 49.487669)
DOG:Vehicle:bfb16be6-968f-45b5-9a0c-215fa864c4a2,dott_mannheim,2026-05-21 15:34:39+02,POINT (8.548032 49.469339)
DOG:Vehicle:df07ebf9-e030-44f4-8eba-aa85932e4382,dott_mannheim,2026-05-21 15:34:40+02,POINT (8.484955 49.489339)
DOG:Vehicle:e2073b57-370c-4c2e-ab4a-eda8b78ab645,dott_mannheim,2026-05-21 15:34:50+02,POINT (8.472861 49.478322)
DOG:Vehicle:68c06c18-acea-4559-9709-cf745805ebc2,dott_mannheim,2026-05-21 15:35:01+02,POINT (8.507276 49.477113)
DOG:Vehicle:db964c15-6c66-49d4-b5b3-dcb4efbc011d,dott_mannheim,2026-05-21 15:35:07+02,POINT (8.497676 49.453598)
DOG:Vehicle:4d1e96ce-4df1-4782-9ea8-36afa838bbf8,dott_mannheim,2026-05-21 15:35:14+02,POINT (8.476141 49.517076)
DOG:Vehicle:34557b23-75b1-4991-bb6b-dc8eb19f4868,dott_mannheim,2026-05-21 15:35:22+02,POINT (8.467142 49.531234)
DOG:Vehicle:eb20cf3f-63b7-404a-830f-da19b4b6cdc4,dott_mannheim,2026-05-21 15:35:35+02,POINT (8.449145 49.480129)
DOG:Vehicle:b6700a4c-f1a4-4ce1-9bd2-bd6ce5b065f1,dott_mannheim,2026-05-21 15:35:53+02,POINT (8.474402 49.474645)
DOG:Vehicle:cde8175d-a59c-4a53-be7f-d29af3c38397,dott_mannheim,2026-05-21 15:36:02+02,POINT (8.509615 49.47854)
DOG:Vehicle:fabbf250-4ac8-46c1-8628-c51729405eee,dott_mannheim,2026-05-21 15:36:10+02,POINT (8.478645 49.480508)
DOG:Vehicle:8dc1c18e-2510-4a25-80db-438b2c60feba,dott_mannheim,2026-05-21 15:36:11+02,POINT (8.526185 49.51147)
DOG:Vehicle:51e6a370-afd2-4635-b809-7860ad4e702a,dott_mannheim,2026-05-21 15:36:13+02,POINT (8.513145 49.477874)
DOG:Vehicle:1f6174eb-3039-411d-b53f-f0905d8c12c1,dott_mannheim,2026-05-21 15:36:20+02,POINT (8.5392 49.456391)
DOG:Vehicle:8ab13254-f9c5-4300-88f0-725ea6e141ed,dott_mannheim,2026-05-21 15:36:22+02,POINT (8.47074 49.480568)
DOG:Vehicle:dd62210a-43bd-473c-ae07-d34083edbbc1,dott_mannheim,2026-05-21 15:36:24+02,POINT (8.482561 49.455596)
DOG:Vehicle:4b6d99fa-1e4b-46aa-acce-59866a405c8e,dott_mannheim,2026-05-21 15:36:27+02,POINT (8.539244 49.453071)
DOG:Vehicle:57a16fe8-dcae-4a5b-acf8-caec69579c82,dott_mannheim,2026-05-21 15:19:21+02,POINT (8.481618 49.499925)
DOG:Vehicle:b7d97189-5a54-416b-a54a-ab1d21714549,dott_mannheim,2026-05-21 15:19:32+02,POINT (8.531644 49.447017)
DOG:Vehicle:15281b4c-b364-4287-ad61-81019552da5d,dott_mannheim,2026-05-21 15:21:00+02,POINT (8.491937 49.482327)
DOG:Vehicle:399cbafd-ea2f-40e7-bd82-4495f369c7b7,dott_mannheim,2026-05-21 15:21:00+02,POINT (8.530701 49.446589)
DOG:Vehicle:b8e1d4a0-a199-408b-b03d-19cb54716cf1,dott_mannheim,2026-05-21 15:21:21+02,POINT (8.479843 49.527659)
DOG:Vehicle:42e28565-386d-49ee-a5a5-9439420c97ee,dott_mannheim,2026-05-21 15:21:25+02,POINT (8.436743 49.492388)
DOG:Vehicle:564077f8-020c-430f-be81-599107b22271,dott_mannheim,2026-05-21 15:21:34+02,POINT (8.43676 49.492406)
DOG:Vehicle:ec1035cb-ec8f-4b52-80eb-987a8e5b44fb,dott_mannheim,2026-05-21 15:21:43+02,POINT (8.462952 49.484789)
DOG:Vehicle:ff113405-f69c-4921-b3a0-98b687eb33e4,dott_mannheim,2026-05-21 15:21:52+02,POINT (8.531213 49.446386)
DOG:Vehicle:ef8c60ac-9720-4767-8274-939eac47d233,dott_mannheim,2026-05-21 15:21:56+02,POINT (8.46863 49.480831)
DOG:Vehicle:1d86ef88-0d04-4048-98c0-b8afbde26a92,dott_mannheim,2026-05-21 15:22:04+02,POINT (8.478896 49.462909)
DOG:Vehicle:73789034-b083-4b26-9255-4234586a2cb1,dott_mannheim,2026-05-21 15:22:10+02,POINT (8.531821 49.519259)
DOG:Vehicle:b2764933-bdee-4eb3-9d55-3ea2752d9a53,dott_mannheim,2026-05-21 15:22:22+02,POINT (8.489984 49.450546)
DOG:Vehicle:92d69d06-24ad-4e95-a108-fdf1f106f2d1,dott_mannheim,2026-05-21 15:22:42+02,POINT (8.502462 49.451362)
DOG:Vehicle:0521f17d-1887-408b-b4f1-9d6e5c3295e1,dott_mannheim,2026-05-21 15:22:48+02,POINT (8.500295 49.454434)
DOG:Vehicle:d9e36475-db6c-48c0-878d-18cdb5c919ee,dott_mannheim,2026-05-21 15:22:52+02,POINT (8.482946 49.49899)
DOG:Vehicle:d480cd6a-9dbb-40a1-b496-2466c287e6f9,dott_mannheim,2026-05-21 15:22:53+02,POINT (8.479547 49.516751)
DOG:Vehicle:81b893fb-f578-42df-b3b3-5302c0d23b86,dott_mannheim,2026-05-21 15:22:56+02,POINT (8.494884 49.49975)
DOG:Vehicle:5b195974-1bef-450c-8fe1-1e77e3c7ae20,dott_mannheim,2026-05-21 15:24:10+02,POINT (8.478291 49.465761)
DOG:Vehicle:d309fe7d-0378-499b-af8f-5b23a0fe6a11,dott_mannheim,2026-05-21 15:24:15+02,POINT (8.479948 49.456986)
DOG:Vehicle:a7b8046d-a8b5-412d-93f9-759205f5f716,dott_mannheim,2026-05-21 15:24:18+02,POINT (8.47396 49.496861)
DOG:Vehicle:1f09eeac-20aa-4843-a152-e6fc6c80565f,dott_mannheim,2026-05-21 15:24:33+02,POINT (8.479319 49.487773)
DOG:Vehicle:a5d42b4a-7366-4c61-a285-868c50c5ab35,dott_mannheim,2026-05-21 15:24:33+02,POINT (8.500524 49.497853)
DOG:Vehicle:b3d34d21-f5a0-4748-a533-2c538f65218a,dott_mannheim,2026-05-21 15:24:40+02,POINT (8.477471 49.460706)
DOG:Vehicle:99584bdb-fd03-40e8-b5c7-dd85a2024494,dott_mannheim,2026-05-21 15:24:41+02,POINT (8.460973 49.494348)
DOG:Vehicle:d3f88a80-000d-46db-af87-c0949c04bc66,dott_mannheim,2026-05-21 15:25:00+02,POINT (8.474885 49.516042)
DOG:Vehicle:aaa4a243-1b31-4411-9dfd-1251f68ed2e1,dott_mannheim,2026-05-21 15:25:04+02,POINT (8.537576 49.451836)
DOG:Vehicle:c91ca44a-5336-44a6-b4cd-8aac5915d7c1,dott_mannheim,2026-05-21 15:25:13+02,POINT (8.507048 49.478529)
DOG:Vehicle:b9ea241a-ebe7-4b8f-a629-6128624319fe,dott_mannheim,2026-05-21 15:25:14+02,POINT (8.455611 49.475248)
DOG:Vehicle:f0ad08ff-7dbe-45b2-bc8b-9535c724cd96,dott_mannheim,2026-05-21 15:25:17+02,POINT (8.471465 49.505646)
DOG:Vehicle:05654d61-7b6a-4fe4-ab87-976f95fd8083,dott_mannheim,2026-05-21 15:25:18+02,POINT (8.474296 49.496644)
DOG:Vehicle:fcdd0d2a-1d5d-4e9a-b0c3-26dfdce9fe40,dott_mannheim,2026-05-21 15:25:21+02,POINT (8.504429 49.493206)
DOG:Vehicle:a4ddb555-6d3a-4abf-8883-9c3746b430c2,dott_mannheim,2026-05-21 15:25:38+02,POINT (8.557884 49.460152)
DOG:Vehicle:5fa18be4-371e-4837-8318-7e9d389d9d61,dott_mannheim,2026-05-21 15:25:43+02,POINT (8.50365 49.470432)
DOG:Vehicle:d86e9705-2ac4-474e-b7f9-a392ba04da73,dott_mannheim,2026-05-21 15:25:46+02,POINT (8.517188 49.50629)
DOG:Vehicle:ede30728-dd08-4982-91b0-d2719d38038d,dott_mannheim,2026-05-21 15:25:48+02,POINT (8.489962 49.452553)
DOG:Vehicle:c21b6084-a90a-4194-906b-5da5c25e9da0,dott_mannheim,2026-05-21 15:25:57+02,POINT (8.496982 49.509065)
DOG:Vehicle:6f33c898-c551-4c88-a538-5e5e54a072a2,dott_mannheim,2026-05-21 15:26:03+02,POINT (8.482365 49.459081)
DOG:Vehicle:2a2540b5-256b-4063-b8c2-701d3d934da1,dott_mannheim,2026-05-21 15:26:06+02,POINT (8.556752 49.460878)
DOG:Vehicle:7b41af66-e09f-4b1e-a774-567c77c4bac3,dott_mannheim,2026-05-21 15:26:06+02,POINT (8.522092 49.52314)
DOG:Vehicle:5df67584-af4b-4091-bbbb-4b1c23b061ea,dott_mannheim,2026-05-21 15:26:17+02,POINT (8.502829 49.499181)
DOG:Vehicle:28815722-975b-495b-a5f6-a1b8e8f6c473,dott_mannheim,2026-05-21 15:26:21+02,POINT (8.489791 49.464177)
DOG:Vehicle:e2002297-9694-4b21-ab40-77c4610c1b4f,dott_mannheim,2026-05-21 15:26:25+02,POINT (8.486821 49.463364)
DOG:Vehicle:957e5ad9-718b-4a37-a3da-3615cd1406d0,dott_mannheim,2026-05-21 15:26:31+02,POINT (8.507591 49.51142)
DOG:Vehicle:e3e38a45-96c6-440c-bab6-9378e5c22ddd,dott_mannheim,2026-05-21 15:26:31+02,POINT (8.468454 49.492956)
DOG:Vehicle:3da8c41c-7f3a-42cc-b067-1eeaad618e91,dott_mannheim,2026-05-21 15:26:32+02,POINT (8.510488 49.447425)
DOG:Vehicle:ffa028ed-2274-443d-8b7f-de7ba01bf01c,dott_mannheim,2026-05-21 15:26:38+02,POINT (8.468418 49.509636)
DOG:Vehicle:f1509641-f5d6-4d03-aa99-126f3f2d15b4,dott_mannheim,2026-05-21 15:26:48+02,POINT (8.489921 49.45256)
DOG:Vehicle:45fc2ce3-519d-473d-9042-09d7ecb09995,dott_mannheim,2026-05-21 15:26:56+02,POINT (8.520392 49.478487)
DOG:Vehicle:f0dbb22c-1ba1-461f-8b99-cce3230bfebe,dott_mannheim,2026-05-21 15:27:03+02,POINT (8.49044 49.457853)
DOG:Vehicle:8b10d330-bec5-43d1-bd0c-ed007d5db5c9,dott_mannheim,2026-05-21 15:27:05+02,POINT (8.506722 49.502843)
DOG:Vehicle:35527fd9-3e4a-4f09-a882-0605e405a971,dott_mannheim,2026-05-21 15:27:06+02,POINT (8.472913 49.479169)
DOG:Vehicle:1172706f-fad5-4a2f-b2b9-9f44fd628666,dott_mannheim,2026-05-21 15:27:09+02,POINT (8.450519 49.475753)
DOG:Vehicle:06f4932d-b1c6-497a-9932-2dbcc136f604,dott_mannheim,2026-05-21 15:27:12+02,POINT (8.550253 49.465207)
DOG:Vehicle:71ff4807-c38b-4e7a-97d1-6900b65cb208,dott_mannheim,2026-05-21 15:27:16+02,POINT (8.448269 49.484031)
DOG:Vehicle:7d9302f7-5723-4560-a3d2-334661220e4d,dott_mannheim,2026-05-21 15:27:16+02,POINT (8.466082 49.463547)
DOG:Vehicle:3729839b-c2fb-4ab7-86d4-81a65d32b048,dott_mannheim,2026-05-21 15:27:17+02,POINT (8.499915 49.515366)
DOG:Vehicle:afbda1ac-fc2f-4a7f-9fd9-c2b8d2a1d666,dott_mannheim,2026-05-21 15:27:19+02,POINT (8.498671 49.472793)
DOG:Vehicle:6772c573-3db6-474a-9410-5e9ec8f7c168,dott_mannheim,2026-05-21 15:27:22+02,POINT (8.5302 49.520554)
DOG:Vehicle:5ce6eee0-7b76-4a3a-a968-647d7eaba678,dott_mannheim,2026-05-21 15:27:25+02,POINT (8.500938 49.530158)
DOG:Vehicle:094154ea-c6c4-47c1-949e-e23a501d12ee,dott_mannheim,2026-05-21 15:27:26+02,POINT (8.479446 49.480545)
DOG:Vehicle:f49680f1-23a2-4883-88a2-0102c3983d9c,dott_mannheim,2026-05-21 15:27:30+02,POINT (8.484453 49.457504)
DOG:Vehicle:c8c090e5-8b01-42ac-9225-cb5eba597f47,dott_mannheim,2026-05-21 15:27:41+02,POINT (8.474741 49.50943)
DOG:Vehicle:3ad23b6f-8961-4254-8cf7-d37ac57c28ce,dott_mannheim,2026-05-21 15:27:42+02,POINT (8.506734 49.477672)
DOG:Vehicle:276ea1c7-33bb-452b-97cf-3cf49df58f43,dott_mannheim,2026-05-21 15:27:45+02,POINT (8.490283 49.478283)
DOG:Vehicle:15b08fff-8cc0-4762-875a-a3d8d62ce0cb,dott_mannheim,2026-05-21 15:27:47+02,POINT (8.456302 49.478135)
DOG:Vehicle:bc922c64-ac20-4e60-89b4-e2f3848c9b80,dott_mannheim,2026-05-21 15:27:52+02,POINT (8.488842 49.488134)
DOG:Vehicle:f40029ae-2326-4cbd-8269-20b39a6ba895,dott_mannheim,2026-05-21 15:28:14+02,POINT (8.500072 49.502831)
DOG:Vehicle:f45bff0e-6026-4e7b-bac2-6967915a5c00,dott_mannheim,2026-05-21 15:28:17+02,POINT (8.470338 49.480774)
DOG:Vehicle:9efc8c27-d89d-49f8-ae09-bd6d77e5c6c7,dott_mannheim,2026-05-21 15:28:19+02,POINT (8.480225 49.481213)
DOG:Vehicle:d71029fd-af11-41d1-9d6d-58ab2a63bee5,dott_mannheim,2026-05-21 15:28:21+02,POINT (8.514819 49.44264)
DOG:Vehicle:88dde00e-b368-4b41-9913-1bf72930bef9,dott_mannheim,2026-05-21 15:28:31+02,POINT (8.452892 49.480321)
DOG:Vehicle:bf331f4c-9c15-42ff-a04a-b6256307bb5e,dott_mannheim,2026-05-21 15:28:34+02,POINT (8.462749 49.484882)
DOG:Vehicle:7ef2d803-cbff-46bf-bd41-e658ac87c9a0,dott_mannheim,2026-05-21 15:28:35+02,POINT (8.494784 49.523397)
DOG:Vehicle:096b6a20-ba6e-4158-9cd4-f0bd21dda6ed,dott_mannheim,2026-05-21 15:28:43+02,POINT (8.491721 49.477562)
DOG:Vehicle:ccc0eabb-29ed-41ae-9499-07914709cefd,dott_mannheim,2026-05-21 15:28:43+02,POINT (8.46894 49.50974)
DOG:Vehicle:4f88fc7a-782b-4417-832a-861f99b9e1ce,dott_mannheim,2026-05-21 15:28:53+02,POINT (8.467487 49.5031)
DOG:Vehicle:731640a8-1485-48c0-a3fd-153a6c629c7d,dott_mannheim,2026-05-21 15:28:57+02,POINT (8.497602 49.453593)
DOG:Vehicle:421d55e1-9069-4212-a771-00ab389fb4cc,dott_mannheim,2026-05-21 15:28:59+02,POINT (8.488316 49.527389)
DOG:Vehicle:83d2e5c0-6ed8-4ca7-8b08-98e6af8a3a6d,dott_mannheim,2026-05-21 15:28:59+02,POINT (8.462904 49.484832)
DOG:Vehicle:488bd75a-2bed-4e3d-ad7b-bdf7131da99f,dott_mannheim,2026-05-21 15:29:03+02,POINT (8.465637 49.474152)
DOG:Vehicle:3cbc85be-d14b-4fa9-b698-218b42ab9fb5,dott_mannheim,2026-05-21 15:29:12+02,POINT (8.496617 49.523176)
DOG:Vehicle:ae162d83-437e-4ca3-a00c-8c598b215cdd,dott_mannheim,2026-05-21 15:29:42+02,POINT (8.462068 49.479375)
DOG:Vehicle:dc07c6da-2175-484b-86e8-32f65fe4836b,dott_mannheim,2026-05-21 15:29:49+02,POINT (8.476417 49.498508)
DOG:Vehicle:446bf3cf-97bb-4113-829a-b98fba9ea274,dott_mannheim,2026-05-21 15:29:52+02,POINT (8.537132 49.454381)
DOG:Vehicle:4ff8f822-67ae-4648-bbe5-4f0f304eb685,dott_mannheim,2026-05-21 15:29:52+02,POINT (8.449454 49.481952)
DOG:Vehicle:38444a90-ea22-4696-8dab-1de332f36889,dott_mannheim,2026-05-21 15:29:55+02,POINT (8.459257 49.497269)
DOG:Vehicle:2bb5fc3b-67e4-48d3-9647-ff61e42b2358,dott_mannheim,2026-05-21 15:29:58+02,POINT (8.487969 49.46449)
DOG:Vehicle:7fb953fd-4f27-4bbc-962b-9aa6c93a0cf9,dott_mannheim,2026-05-21 15:30:16+02,POINT (8.498065 49.497234)
DOG:Vehicle:d83fabb4-bfec-4b50-a4c2-6ee6da30fef7,dott_mannheim,2026-05-21 15:30:17+02,POINT (8.477922 49.457634)
DOG:Vehicle:bdaffc28-0c95-4de3-8a6f-f76df9acee3d,dott_mannheim,2026-05-21 15:30:21+02,POINT (8.462791 49.457393)
DOG:Vehicle:3accb978-eeab-49cc-99e2-0da308905d1b,dott_mannheim,2026-05-21 15:30:22+02,POINT (8.510246 49.513575)
DOG:Vehicle:21e341f0-f00d-47d4-b481-b2b207f14e59,dott_mannheim,2026-05-21 15:30:33+02,POINT (8.511961 49.509406)
DOG:Vehicle:e3dda5f2-0f6a-463d-8fe9-4eb7696b9b16,dott_mannheim,2026-05-21 15:30:37+02,POINT (8.497253 49.503732)
DOG:Vehicle:db0d82e1-900a-4582-bebd-f2eeec43e233,dott_mannheim,2026-05-21 15:30:40+02,POINT (8.44779 49.476827)
DOG:Vehicle:7b672c2d-7f53-432a-8787-d48d9471296b,dott_mannheim,2026-05-21 15:30:43+02,POINT (8.491491 49.478267)
DOG:Vehicle:33be4a37-c950-478c-a538-3c2342aafba7,dott_mannheim,2026-05-21 15:30:46+02,POINT (8.444692 49.47758)
DOG:Vehicle:ad1edd4b-3272-4a67-ae3a-3373a926c2f2,dott_mannheim,2026-05-21 15:30:46+02,POINT (8.490106 49.480925)
DOG:Vehicle:9e5ef212-86ae-41a3-aab0-01bd1c7c9a76,dott_mannheim,2026-05-21 15:30:52+02,POINT (8.532822 49.525043)
DOG:Vehicle:04bb0d9d-0453-42b0-9b13-55582ec29256,dott_mannheim,2026-05-21 15:30:56+02,POINT (8.471663 49.502723)
DOG:Vehicle:e072949d-dbe7-4c40-82af-85142065915c,dott_mannheim,2026-05-21 15:30:59+02,POINT (8.471973 49.496739)
DOG:Vehicle:45179335-80a5-4518-a9c9-6f77b9064508,dott_mannheim,2026-05-21 15:31:28+02,POINT (8.471389 49.487628)
DOG:Vehicle:39735d8e-4056-4f71-8109-604e414908b0,dott_mannheim,2026-05-21 15:31:45+02,POINT (8.485724 49.469589)
DOG:Vehicle:7d04a9ac-9572-4e08-8056-301b8471cb43,dott_mannheim,2026-05-21 15:31:47+02,POINT (8.468483 49.488835)
DOG:Vehicle:18ff53b1-7d0f-4ada-84ed-6a01b4cdf9d3,dott_mannheim,2026-05-21 15:31:52+02,POINT (8.469926 49.480111)
DOG:Vehicle:0fb7aa3e-8990-4684-8042-2179ddeebd03,dott_mannheim,2026-05-21 15:31:57+02,POINT (8.522543 49.515358)
DOG:Vehicle:6cd3b105-2058-4041-8742-5d745c4419d8,dott_mannheim,2026-05-21 15:31:58+02,POINT (8.478959 49.479452)
DOG:Vehicle:cf820f79-9db1-4d1b-8cc0-6cd8ed53a259,dott_mannheim,2026-05-21 15:31:59+02,POINT (8.527784 49.474363)
DOG:Vehicle:8b50c3ae-9737-4ac6-91fe-5076ad5b5082,dott_mannheim,2026-05-21 15:32:05+02,POINT (8.470839 49.469672)
DOG:Vehicle:41a9d011-fb6c-4ac7-8e37-e7fd6f5ea3d0,dott_mannheim,2026-05-21 15:32:17+02,POINT (8.468153 49.494008)
DOG:Vehicle:34835cbf-163f-4760-92db-391f5ac09155,dott_mannheim,2026-05-21 15:32:39+02,POINT (8.466387 49.486097)
DOG:Vehicle:d7119d93-2926-41c6-8d2e-4d27d924d1d2,dott_mannheim,2026-05-21 15:32:39+02,POINT (8.467551 49.488022)
DOG:Vehicle:4881c1c4-1507-45e3-bfc5-62e3df50977e,dott_mannheim,2026-05-21 15:32:43+02,POINT (8.483737 49.508179)
DOG:Vehicle:361acc65-9e6b-4a31-9386-4ada46b12a1b,dott_mannheim,2026-05-21 15:32:47+02,POINT (8.479934 49.471827)
DOG:Vehicle:0e12d07a-15e7-4c9c-b9fe-9963f1709d32,dott_mannheim,2026-05-21 15:32:48+02,POINT (8.460631 49.499978)
DOG:Vehicle:543d8303-d83f-4902-b7d4-3ccf576f0384,dott_mannheim,2026-05-21 15:32:53+02,POINT (8.465729 49.499181)
DOG:Vehicle:d8234ded-49f9-4d8f-ba8c-cd589db304b0,dott_mannheim,2026-05-21 15:33:12+02,POINT (8.445474 49.481585)
DOG:Vehicle:8baa8a67-3f20-4c06-86ec-e01ef9581da4,dott_mannheim,2026-05-21 15:33:15+02,POINT (8.537576 49.455625)
DOG:Vehicle:73528a01-09e4-4b85-915e-c8107abf641b,dott_mannheim,2026-05-21 15:33:26+02,POINT (8.483139 49.470713)
DOG:Vehicle:08904275-38e4-474c-ae00-a54a3a3a1fc6,dott_mannheim,2026-05-21 15:33:29+02,POINT (8.5054 49.477658)
DOG:Vehicle:8d9afea8-e28d-43db-9de9-fcafde6f008c,dott_mannheim,2026-05-21 15:33:35+02,POINT (8.473183 49.466078)
DOG:Vehicle:2a1be989-1d55-4c86-90aa-f65deea77ae7,dott_mannheim,2026-05-21 15:33:41+02,POINT (8.476064 49.496899)
DOG:Vehicle:dd7acc31-c5ef-409f-b609-37edcea6db06,dott_mannheim,2026-05-21 15:33:46+02,POINT (8.476353 49.497)
DOG:Vehicle:404f0ec3-11a1-4517-a369-b4d7384fb171,dott_mannheim,2026-05-21 15:33:48+02,POINT (8.469117 49.485314)
DOG:Vehicle:63e29790-78b6-4832-9185-639def176fb5,dott_mannheim,2026-05-21 15:33:49+02,POINT (8.454394 49.478)
DOG:Vehicle:741bc916-9e39-411d-bab3-c932dacfe831,dott_mannheim,2026-05-21 15:33:50+02,POINT (8.483555 49.469307)
DOG:Vehicle:8c4ef1ff-dcd1-4cb6-a8ff-beedb86b34bc,dott_mannheim,2026-05-21 15:34:01+02,POINT (8.514653 49.480595)
DOG:Vehicle:287da7ae-5744-4767-ab82-327c2926cad7,dott_mannheim,2026-05-21 15:34:04+02,POINT (8.509766 49.454177)
DOG:Vehicle:848c1775-e5d9-409c-9391-981d41b6a4e8,dott_mannheim,2026-05-21 15:34:06+02,POINT (8.476253 49.480995)
DOG:Vehicle:c09bf76d-e855-4c29-b496-ea632ef65f4f,dott_mannheim,2026-05-21 15:34:10+02,POINT (8.468657 49.480749)
DOG:Vehicle:a2455f2c-2b63-4124-ba8e-e1d7260db5a5,dott_mannheim,2026-05-21 15:34:11+02,POINT (8.464573 49.503842)
DOG:Vehicle:a7b1a25b-ab2d-4134-806f-b7410ba4a18f,dott_mannheim,2026-05-21 15:34:14+02,POINT (8.477838 49.485731)
DOG:Vehicle:4df2ba5d-d7a0-4173-b7f5-283466c9264d,dott_mannheim,2026-05-21 15:34:15+02,POINT (8.531554 49.520841)
DOG:Vehicle:098bb5e9-ae7c-4c93-be27-ef9c36ef80f9,dott_mannheim,2026-05-21 15:34:22+02,POINT (8.484968 49.480158)
DOG:Vehicle:bda07501-e4ac-499f-9480-447d131237b0,dott_mannheim,2026-05-21 15:34:31+02,POINT (8.449401 49.472193)
DOG:Vehicle:74685e57-ec30-424c-ac25-824d05200df2,dott_mannheim,2026-05-21 15:34:32+02,POINT (8.484604 49.476826)
DOG:Vehicle:ac47e2f7-7a92-4e21-abaf-edf4c7c5fefa,dott_mannheim,2026-05-21 15:34:36+02,POINT (8.537499 49.518237)
DOG:Vehicle:6f8f95e2-7dc7-42d3-b88e-080f62ba815c,dott_mannheim,2026-05-21 15:34:48+02,POINT (8.489395 49.46407)
DOG:Vehicle:c690e944-bab5-47f8-9d52-94b0a2a2e9cf,dott_mannheim,2026-05-21 15:34:54+02,POINT (8.469922 49.490328)
DOG:Vehicle:86369288-c63e-4925-b6c5-99b01b332397,dott_mannheim,2026-05-21 15:35:01+02,POINT (8.471433 49.503612)
DOG:Vehicle:ab65de54-a463-4d0c-9114-65d676ddb75c,dott_mannheim,2026-05-21 15:35:07+02,POINT (8.49415 49.521772)
DOG:Vehicle:f4854125-b95a-4d32-aa3b-8741fb5d4b44,dott_mannheim,2026-05-21 15:35:07+02,POINT (8.468651 49.494033)
DOG:Vehicle:54bf1d95-6175-4636-9286-779281e5dcde,dott_mannheim,2026-05-21 15:35:11+02,POINT (8.482724 49.470638)
DOG:Vehicle:79597db1-05d6-423b-856d-f1ac496d2f8c,dott_mannheim,2026-05-21 15:35:11+02,POINT (8.470421 49.497022)
DOG:Vehicle:e16566e2-5daf-49b3-93b7-f030e4701362,dott_mannheim,2026-05-21 15:35:12+02,POINT (8.465839 49.501741)
DOG:Vehicle:a138d9b2-b031-4a6f-aef7-5199ce0de6b7,dott_mannheim,2026-05-21 15:35:21+02,POINT (8.462852 49.48475)
DOG:Vehicle:4d079477-8207-4f18-b580-44a7634d315c,dott_mannheim,2026-05-21 15:35:33+02,POINT (8.507292 49.474396)
DOG:Vehicle:ddf81b1d-0ccb-46fb-bbae-045810e17b64,dott_mannheim,2026-05-21 15:35:39+02,POINT (8.538036 49.45314)
DOG:Vehicle:6c297875-478e-4939-b73a-213de92d685b,dott_mannheim,2026-05-21 15:35:42+02,POINT (8.488683 49.480872)
DOG:Vehicle:9b5e0fba-9bfd-4cbf-918d-eee499b821b3,dott_mannheim,2026-05-21 15:35:44+02,POINT (8.470073 49.492949)
DOG:Vehicle:bc0532d5-8a1e-4924-8edb-b720dd894d26,dott_mannheim,2026-05-21 15:35:49+02,POINT (8.471155 49.483759)
DOG:Vehicle:30887bac-0159-4cbd-86cc-9ea411e304da,dott_mannheim,2026-05-21 15:36:02+02,POINT (8.463685 49.482327)
DOG:Vehicle:6031a96e-bbcd-458f-a80b-9c67c228dce5,dott_mannheim,2026-05-21 15:36:03+02,POINT (8.462854 49.484585)
DOG:Vehicle:de9af382-7839-4ca7-8b8c-4a5b993f85a0,dott_mannheim,2026-05-21 15:36:12+02,POINT (8.474233 49.496555)
DOG:Vehicle:7cd99913-01a4-44d7-a2d8-b641e0947ec0,dott_mannheim,2026-05-21 15:36:13+02,POINT (8.504147 49.49835)
DOG:Vehicle:fe9ae066-c98f-4a58-949a-bcdbd473f147,dott_mannheim,2026-05-21 15:36:14+02,POINT (8.467615 49.482794)
DOG:Vehicle:ad4f51ec-c2f5-4714-a4ad-30037bc500f4,dott_mannheim,2026-05-21 15:36:18+02,POINT (8.536521 49.473374)
DOG:Vehicle:fb6889ab-8e45-4187-8d13-f1b177acba20,dott_mannheim,2026-05-21 15:36:20+02,POINT (8.526452 49.511392)
VOJ:Vehicle:0010e14e-52f5-44e1-a77a-6d14603d8121,voi_de,2026-05-21 15:38:27+02,POINT (8.525775 49.503051)
VOJ:Vehicle:023df912-4d9f-446a-81ed-e6d4b63bd5d5,voi_de,2026-05-21 15:38:27+02,POINT (8.448632 49.484075)
VOJ:Vehicle:02fa83b7-0e01-4c3e-bffe-af8dde8a2ea1,voi_de,2026-05-21 15:38:27+02,POINT (8.531051 49.515706)
VOJ:Vehicle:03d39891-a7ef-4885-9159-edb66b124201,voi_de,2026-05-21 15:38:27+02,POINT (8.479238 49.475714)
VOJ:Vehicle:051e99ca-8311-42f1-9933-883fd99670bd,voi_de,2026-05-21 15:38:27+02,POINT (8.507879 49.482669)
VOJ:Vehicle:07768009-4a5b-4a40-bdc8-79aa60fbf51e,voi_de,2026-05-21 15:38:27+02,POINT (8.451687 49.478522)
VOJ:Vehicle:08d448c5-87e5-4a52-850f-bb168260bb40,voi_de,2026-05-21 15:38:27+02,POINT (8.544555 49.496333)
VOJ:Vehicle:08e1fb37-5132-4781-b5c1-0f611db9027b,voi_de,2026-05-21 15:38:27+02,POINT (8.468213 49.50198)
VOJ:Vehicle:0a6b7f6b-eaa0-40a0-bc35-60c1c7128619,voi_de,2026-05-21 15:38:27+02,POINT (8.481033 49.543611)
VOJ:Vehicle:0b53e3e7-17c2-44b2-933f-051e5ddded22,voi_de,2026-05-21 15:38:27+02,POINT (8.488296 49.448438)
VOJ:Vehicle:0c7b98ff-b67c-4870-9673-bb2aafd8d53e,voi_de,2026-05-21 15:38:27+02,POINT (8.463087 49.482541)
VOJ:Vehicle:0edb88a5-912f-4f12-b038-de111b884e2b,voi_de,2026-05-21 15:38:27+02,POINT (8.500754 49.507404)
VOJ:Vehicle:123888cf-d01e-4d19-984d-48c9e98eb914,voi_de,2026-05-21 15:38:27+02,POINT (8.470751 49.48475)
VOJ:Vehicle:12a8b361-773d-415f-ba6c-8df061376dc6,voi_de,2026-05-21 15:38:27+02,POINT (8.46669 49.490703)
VOJ:Vehicle:15151776-ac1d-467a-880e-a5bf58af8c49,voi_de,2026-05-21 15:38:27+02,POINT (8.495237 49.50352)
VOJ:Vehicle:15784342-2c60-4b12-82bd-39ffd6ac06bd,voi_de,2026-05-21 15:38:27+02,POINT (8.440815 49.487153)
VOJ:Vehicle:1ac1e297-0942-4a0f-b9c2-e6a6be930442,voi_de,2026-05-21 15:38:27+02,POINT (8.465102 49.483481)
VOJ:Vehicle:1fbfc3e5-5c0b-4785-92b9-5296576e5082,voi_de,2026-05-21 15:38:27+02,POINT (8.486451 49.479932)
VOJ:Vehicle:1ffc16ce-5eb4-4676-9f94-7ca64c541c07,voi_de,2026-05-21 15:38:27+02,POINT (8.462868 49.484686)
VOJ:Vehicle:25efaf5d-4951-48ce-96d0-4b1e1955c85f,voi_de,2026-05-21 15:38:27+02,POINT (8.467942 49.497039)
VOJ:Vehicle:268f7dfa-2982-4937-b031-4e2dc82e13b8,voi_de,2026-05-21 15:38:27+02,POINT (8.535073 49.511386)
VOJ:Vehicle:28c8f5f1-dcef-4459-8046-13bcfbe4f828,voi_de,2026-05-21 15:38:27+02,POINT (8.469939 49.498396)
VOJ:Vehicle:2a89a268-b79f-4b7c-be68-ac992236bfe4,voi_de,2026-05-21 15:38:27+02,POINT (8.46707 49.503508)
VOJ:Vehicle:2bfe822a-9b6c-43f2-b5ee-9aebc3884867,voi_de,2026-05-21 15:38:27+02,POINT (8.459058 49.486619)
VOJ:Vehicle:2db8ae9b-e336-4901-a0b7-34173b961a03,voi_de,2026-05-21 15:38:27+02,POINT (8.467682 49.500158)
VOJ:Vehicle:2e7ab64d-42ca-45b2-a9cf-22746f76fdee,voi_de,2026-05-21 15:38:27+02,POINT (8.472726 49.552395)
VOJ:Vehicle:2eac1f80-d3db-466e-97c1-206df82d2a44,voi_de,2026-05-21 15:38:27+02,POINT (8.446183 49.480503)
VOJ:Vehicle:3159a981-9fac-441f-a14d-650cf5a67639,voi_de,2026-05-21 15:38:27+02,POINT (8.451746 49.478499)
VOJ:Vehicle:31ec8153-c504-44b2-be71-303410dfd738,voi_de,2026-05-21 15:38:27+02,POINT (8.470364 49.48068)
VOJ:Vehicle:34839c87-6e15-4d47-97ad-8b6ec1a859a7,voi_de,2026-05-21 15:38:27+02,POINT (8.444377 49.483985)
VOJ:Vehicle:365ef0ce-917a-47d0-b22e-94184652a2ef,voi_de,2026-05-21 15:38:27+02,POINT (8.471874 49.496567)
VOJ:Vehicle:3da13db5-3685-4059-8fa8-47dd72e09570,voi_de,2026-05-21 15:38:27+02,POINT (8.437038 49.490902)
VOJ:Vehicle:3fa9ad86-59c9-4769-8168-79a3c733b385,voi_de,2026-05-21 15:38:27+02,POINT (8.467198 49.501766)
VOJ:Vehicle:4121e6ea-0f08-4ed9-8109-72a397cb3fd2,voi_de,2026-05-21 15:38:27+02,POINT (8.452456 49.480212)
VOJ:Vehicle:45e5be66-8bfd-4d10-9ff3-22664ee27ab8,voi_de,2026-05-21 15:38:27+02,POINT (8.468851 49.491823)
VOJ:Vehicle:46cf47c1-3716-490b-b3e8-4f4de3cf6743,voi_de,2026-05-21 15:38:27+02,POINT (8.506724 49.478233)
VOJ:Vehicle:4ad79211-0ee8-4674-b793-fee9b6e8f89d,voi_de,2026-05-21 15:38:27+02,POINT (8.4915 49.464631)
VOJ:Vehicle:4b807911-7a84-43a3-8385-57cf7a9df927,voi_de,2026-05-21 15:38:27+02,POINT (8.455931 49.469563)
VOJ:Vehicle:4b9ccec0-abfe-4cd3-bf5a-e36d357821da,voi_de,2026-05-21 15:38:27+02,POINT (8.458761 49.487411)
VOJ:Vehicle:4d1c16ef-e704-4184-8740-0b7cc5cdc78e,voi_de,2026-05-21 15:38:27+02,POINT (8.444204 49.483881)
VOJ:Vehicle:4db1dd37-0db2-4b38-97e7-ec198de01106,voi_de,2026-05-21 15:38:27+02,POINT (8.479742 49.516175)
VOJ:Vehicle:4e5935a2-2ccf-4352-98e4-150bea8f94d4,voi_de,2026-05-21 15:38:27+02,POINT (8.472999 49.547964)
VOJ:Vehicle:4e5dcef5-86b3-4a09-a0ae-db690e06cf1e,voi_de,2026-05-21 15:38:27+02,POINT (8.473146 49.465993)
VOJ:Vehicle:4f4366cd-ea5f-41d1-8130-9ae897fcc377,voi_de,2026-05-21 15:38:27+02,POINT (8.536489 49.474721)
VOJ:Vehicle:562e2121-1c51-4ed3-ada8-9dfd58272a9b,voi_de,2026-05-21 15:38:27+02,POINT (8.463922 49.491309)
VOJ:Vehicle:587cbda0-2913-4091-9b67-451957d58414,voi_de,2026-05-21 15:38:27+02,POINT (8.475557 49.486253)
VOJ:Vehicle:5b07d1d3-1fbe-4166-8a7b-944697f506a3,voi_de,2026-05-21 15:38:27+02,POINT (8.475295 49.448474)
VOJ:Vehicle:5cc6c82c-a48a-4863-b556-7d4a853cda76,voi_de,2026-05-21 15:38:27+02,POINT (8.49652 49.478348)
VOJ:Vehicle:6067f56c-8f4e-4cd9-86c8-88a05cba5fe8,voi_de,2026-05-21 15:38:27+02,POINT (8.485001 49.532182)
VOJ:Vehicle:64d70c37-18c0-4901-8f7c-6019d2880b69,voi_de,2026-05-21 15:38:27+02,POINT (8.448944 49.480153)
VOJ:Vehicle:6b6b3c9d-6ab0-4285-9689-6bd0ea47d30e,voi_de,2026-05-21 15:38:27+02,POINT (8.491314 49.534022)
VOJ:Vehicle:74b921ad-a38c-45aa-a2f1-986b4aa74db7,voi_de,2026-05-21 15:38:27+02,POINT (8.508922 49.465972)
VOJ:Vehicle:77ae854d-0e9d-429b-913f-2396f06713a9,voi_de,2026-05-21 15:38:27+02,POINT (8.462918 49.484757)
VOJ:Vehicle:78139c77-0c2e-4221-a033-546e0cbdb6db,voi_de,2026-05-21 15:38:27+02,POINT (8.467697 49.502777)
VOJ:Vehicle:78445601-f678-43a8-abae-714aea1295fa,voi_de,2026-05-21 15:38:27+02,POINT (8.450463 49.479297)
VOJ:Vehicle:7dea06ca-7447-46d6-b92f-17143d9a9ea4,voi_de,2026-05-21 15:38:27+02,POINT (8.50806 49.513124)
VOJ:Vehicle:7e7c6ccf-8729-40fc-940a-bfa5a5e33735,voi_de,2026-05-21 15:38:27+02,POINT (8.464892 49.493502)
VOJ:Vehicle:7fd1afb4-5451-49c4-93d1-ab136abc4e76,voi_de,2026-05-21 15:38:27+02,POINT (8.479078 49.490772)
VOJ:Vehicle:828bc5b8-3273-450a-95e5-cf12d190454d,voi_de,2026-05-21 15:38:27+02,POINT (8.472554 49.552325)
VOJ:Vehicle:82ee0c7a-a612-4acc-8a4d-f4521c7c9454,voi_de,2026-05-21 15:38:27+02,POINT (8.459744 49.494394)
VOJ:Vehicle:83574c32-20b3-443e-941b-a4275da9961a,voi_de,2026-05-21 15:38:27+02,POINT (8.482231 49.483418)
VOJ:Vehicle:8df86a51-d2b4-444d-9cb9-050b98ba8967,voi_de,2026-05-21 15:38:27+02,POINT (8.48649 49.537491)
VOJ:Vehicle:8f66e218-0fae-4654-a9e1-ae52d9f6d58a,voi_de,2026-05-21 15:38:27+02,POINT (8.450548 49.47932)
VOJ:Vehicle:9321cbb0-0aea-4733-82a5-84733cd0debd,voi_de,2026-05-21 15:38:27+02,POINT (8.498828 49.473517)
VOJ:Vehicle:932963b2-fe61-4f82-af4a-18d1d75f84c7,voi_de,2026-05-21 15:38:27+02,POINT (8.515073 49.512168)
VOJ:Vehicle:93629359-df38-4084-95a7-18a097f74de0,voi_de,2026-05-21 15:38:27+02,POINT (8.530102 49.511391)
VOJ:Vehicle:95717a24-8e65-4f0b-8e2f-2bf56d2c6e33,voi_de,2026-05-21 15:38:27+02,POINT (8.479816 49.482661)
VOJ:Vehicle:9b88442f-afc4-4451-a100-9579448f3963,voi_de,2026-05-21 15:38:27+02,POINT (8.447929 49.473737)
VOJ:Vehicle:a0da3651-ff57-416f-ab84-b699d45023cf,voi_de,2026-05-21 15:38:27+02,POINT (8.500812 49.478028)
VOJ:Vehicle:a77cb7d1-2b2f-4017-8ec8-edda2cdd65a0,voi_de,2026-05-21 15:38:27+02,POINT (8.500355 49.45165)
VOJ:Vehicle:a81e0982-b7d4-4dd3-bf38-de4e8ae4e67c,voi_de,2026-05-21 15:38:27+02,POINT (8.436949 49.49088)
VOJ:Vehicle:a87ec104-2a89-47c4-8d10-244aeb0247e1,voi_de,2026-05-21 15:38:27+02,POINT (8.501199 49.4968)
VOJ:Vehicle:aa6e44da-ff2f-4b9b-afd9-f2c833ab08b0,voi_de,2026-05-21 15:38:27+02,POINT (8.531825 49.519326)
VOJ:Vehicle:aaa54abb-a1bb-4287-8ecd-4c46fbda312f,voi_de,2026-05-21 15:38:27+02,POINT (8.470029 49.542404)
VOJ:Vehicle:ac381d38-a57b-4ced-b205-b6b485554203,voi_de,2026-05-21 15:38:27+02,POINT (8.450509 49.479347)
VOJ:Vehicle:ac7a1978-e82c-4213-8732-03e1fa0cdb58,voi_de,2026-05-21 15:38:27+02,POINT (8.463048 49.482844)
VOJ:Vehicle:af58b82d-4d5b-41e7-897c-8d4ada3a5709,voi_de,2026-05-21 15:38:27+02,POINT (8.457628 49.496062)
VOJ:Vehicle:bac497d2-caaf-4b5e-88e6-a885804b5a57,voi_de,2026-05-21 15:38:27+02,POINT (8.490884 49.509947)
VOJ:Vehicle:bb320c57-373b-4a38-ae1c-69eaefd99e9b,voi_de,2026-05-21 15:38:27+02,POINT (8.473481 49.479875)
VOJ:Vehicle:bf1382f2-6988-427e-a4d8-8c095fb49010,voi_de,2026-05-21 15:38:27+02,POINT (8.464624 49.506177)
VOJ:Vehicle:c3ffb00e-8ec4-4179-967d-292bb1025818,voi_de,2026-05-21 15:38:27+02,POINT (8.452998 49.48012)
VOJ:Vehicle:c5dd4d30-c933-4f69-b07c-61af413f1286,voi_de,2026-05-21 15:38:27+02,POINT (8.544606 49.500179)
VOJ:Vehicle:cb767823-4e5e-4bdd-8ceb-e080525e1b7d,voi_de,2026-05-21 15:38:27+02,POINT (8.474021 49.484126)
VOJ:Vehicle:cb7ed878-945a-4adc-b792-a762d12751c9,voi_de,2026-05-21 15:38:27+02,POINT (8.474444 49.547436)
VOJ:Vehicle:d03faef1-4f8e-4af9-87d9-73f309cc3057,voi_de,2026-05-21 15:38:27+02,POINT (8.468104 49.474942)
VOJ:Vehicle:d12bb341-16e5-4683-b944-b33597a922d4,voi_de,2026-05-21 15:38:27+02,POINT (8.472022 49.497608)
VOJ:Vehicle:d67d68f5-c2a9-4564-b318-37c4668ac131,voi_de,2026-05-21 15:38:27+02,POINT (8.447947 49.473693)
VOJ:Vehicle:dacc619e-d1cf-4db6-8e2e-1d9a0ab5da26,voi_de,2026-05-21 15:38:27+02,POINT (8.450587 49.47929)
VOJ:Vehicle:db4d13a1-2db6-4a42-bebe-484b35c75cd7,voi_de,2026-05-21 15:38:27+02,POINT (8.496905 49.472296)
VOJ:Vehicle:dcc2a1cb-c3ff-4ffc-8f49-c3c638763dbf,voi_de,2026-05-21 15:38:27+02,POINT (8.47235 49.497929)
VOJ:Vehicle:dd48c498-a9a8-42c1-9dfa-c142beea3fe4,voi_de,2026-05-21 15:38:27+02,POINT (8.467669 49.477957)
VOJ:Vehicle:ddb0d2fa-6bed-499e-98f9-943cbf5f5076,voi_de,2026-05-21 15:38:27+02,POINT (8.485551 49.457933)
VOJ:Vehicle:ddfffab5-7c4d-4ca0-a5c2-3e6e6a99071a,voi_de,2026-05-21 15:38:27+02,POINT (8.444377 49.483859)
VOJ:Vehicle:e07b72f9-fac0-4d20-9409-b9c20320d715,voi_de,2026-05-21 15:38:27+02,POINT (8.521298 49.49323)
VOJ:Vehicle:e10562f7-2bf1-4769-881e-5d893643e443,voi_de,2026-05-21 15:38:27+02,POINT (8.453036 49.480102)
VOJ:Vehicle:e3e57766-39d5-4652-a4a5-dd30b3d3e225,voi_de,2026-05-21 15:38:27+02,POINT (8.436388 49.49134)
VOJ:Vehicle:e4fb847c-8d9e-40fe-a4c0-544905640efa,voi_de,2026-05-21 15:38:27+02,POINT (8.46952 49.473078)
VOJ:Vehicle:e54645f6-79ad-419c-a27f-1c408bd171c5,voi_de,2026-05-21 15:38:27+02,POINT (8.470438 49.450153)
VOJ:Vehicle:e58ffaae-f90b-4c16-ab2a-8eed2517edae,voi_de,2026-05-21 15:38:27+02,POINT (8.490355 49.478614)
VOJ:Vehicle:e5eb1d34-9f96-4fbe-bb83-41aa42d1ac1c,voi_de,2026-05-21 15:38:27+02,POINT (8.463767 49.482386)
VOJ:Vehicle:e64678cd-7bc6-4d00-9ff9-28f95c1f4cea,voi_de,2026-05-21 15:38:27+02,POINT (8.491808 49.526505)
VOJ:Vehicle:e7739af4-9b3e-451b-901e-9058f754a5be,voi_de,2026-05-21 15:38:27+02,POINT (8.488485 49.479223)
VOJ:Vehicle:ea926256-6353-498c-97fd-08eaa3d54f33,voi_de,2026-05-21 15:38:27+02,POINT (8.488206 49.448333)
VOJ:Vehicle:ec769c6f-f027-4c5a-bcc9-1209ab260dbe,voi_de,2026-05-21 15:38:27+02,POINT (8.495208 49.515548)
VOJ:Vehicle:ed16ef75-c688-4dba-b234-31377c10992c,voi_de,2026-05-21 15:38:27+02,POINT (8.469958 49.484507)
VOJ:Vehicle:f41bb458-55b2-47fd-a7de-797e64f27d4f,voi_de,2026-05-21 15:38:27+02,POINT (8.490736 49.460404)
VOJ:Vehicle:f7b5a7b3-3951-4855-887f-e078a69454a3,voi_de,2026-05-21 15:38:27+02,POINT (8.509195 49.465317)
VOJ:Vehicle:fb275652-47d6-4880-ba4b-5b475a622c81,voi_de,2026-05-21 15:38:27+02,POINT (8.44716 49.483841)
VOJ:Vehicle:fbc0199e-63e1-4a41-bf16-88495e31fa62,voi_de,2026-05-21 15:38:27+02,POINT (8.487826 49.524119)
VOJ:Vehicle:fecc7014-9547-43af-8943-21726e0fe131,voi_de,2026-05-21 15:38:27+02,POINT (8.470892 49.508812)
VOJ:Vehicle:ffbda2b5-4098-42c8-9f58-7467f36bcd2d,voi_de,2026-05-21 15:38:27+02,POINT (8.533013 49.506381)
VOJ:Vehicle:0069340e-ea8c-439b-ab5c-4e483c981169,voi_de,2026-05-21 15:38:27+02,POINT (8.486045 49.469079)
VOJ:Vehicle:00e0f4d1-207d-42f2-9fdf-9aff84c625e6,voi_de,2026-05-21 15:38:27+02,POINT (8.48607 49.469791)
VOJ:Vehicle:04bb50de-e8cc-4786-b6a8-a672d4a50e62,voi_de,2026-05-21 15:38:27+02,POINT (8.462022 49.500762)
VOJ:Vehicle:064098f3-30fe-4d1f-a7a9-af1748bf2d81,voi_de,2026-05-21 15:38:27+02,POINT (8.452592 49.48026)
VOJ:Vehicle:0f91627d-b41f-4cb8-bf97-be4f2e7d960f,voi_de,2026-05-21 15:38:27+02,POINT (8.507297 49.514198)
VOJ:Vehicle:112dbc5b-5f38-4399-95c4-643f5267f015,voi_de,2026-05-21 15:38:27+02,POINT (8.480563 49.462888)
VOJ:Vehicle:12c032f0-cc98-4d0e-9e8e-ed6e1b509011,voi_de,2026-05-21 15:38:27+02,POINT (8.480976 49.541413)
VOJ:Vehicle:19eb9a3c-e05f-41a5-a294-c6c3baa205be,voi_de,2026-05-21 15:38:27+02,POINT (8.508027 49.513045)
VOJ:Vehicle:1dc62730-6451-46b9-96ed-3ad54ef9ff79,voi_de,2026-05-21 15:38:27+02,POINT (8.47003 49.50301)
VOJ:Vehicle:1e76193f-533c-4da2-8adb-2b0d2919a053,voi_de,2026-05-21 15:38:27+02,POINT (8.475513 49.486248)
VOJ:Vehicle:1f1e9d73-9e9e-4ab7-8f8f-6aea23b5c5bf,voi_de,2026-05-21 15:38:27+02,POINT (8.444546 49.47784)
VOJ:Vehicle:24e24b59-b361-42a9-a522-ad461cd223e3,voi_de,2026-05-21 15:38:27+02,POINT (8.526954 49.511418)
VOJ:Vehicle:27094088-93b3-45bf-9010-2c1e38e2fb6c,voi_de,2026-05-21 15:38:27+02,POINT (8.542739 49.494013)
VOJ:Vehicle:297051a4-3ab6-4698-ba10-fbf334d95889,voi_de,2026-05-21 15:38:27+02,POINT (8.558486 49.466229)
VOJ:Vehicle:303af7cc-1278-4028-b281-952808a3bab6,voi_de,2026-05-21 15:38:27+02,POINT (8.46973 49.479999)
VOJ:Vehicle:30a2533f-c79f-4de7-bda2-4b75baf9b414,voi_de,2026-05-21 15:38:27+02,POINT (8.497051 49.503011)
VOJ:Vehicle:35607e1c-70ec-4340-8d35-13b807c6b2a4,voi_de,2026-05-21 15:38:27+02,POINT (8.471966 49.550922)
VOJ:Vehicle:377dca82-ec9b-40f2-bd35-c52cbcadca4a,voi_de,2026-05-21 15:38:27+02,POINT (8.498511 49.503362)
VOJ:Vehicle:38d7dc0f-dfc2-4e5d-b6bd-7b7ffd4e19e8,voi_de,2026-05-21 15:38:27+02,POINT (8.520414 49.464748)
VOJ:Vehicle:3af7905d-1f55-42ce-85e3-0fc9fe3951d9,voi_de,2026-05-21 15:38:27+02,POINT (8.449134 49.480153)
VOJ:Vehicle:3d8d500a-a49f-4501-9640-802d3dffda3d,voi_de,2026-05-21 15:38:27+02,POINT (8.485048 49.484261)
VOJ:Vehicle:3f2d4819-4cf7-4d77-ae27-20b61fa55ae3,voi_de,2026-05-21 15:38:27+02,POINT (8.474417 49.510432)
VOJ:Vehicle:41292e86-163e-4f5b-8e40-32fd2046a89d,voi_de,2026-05-21 15:38:27+02,POINT (8.472659 49.550603)
VOJ:Vehicle:46cd5a0a-7c6e-4170-8ce7-6bbd4c08e540,voi_de,2026-05-21 15:38:27+02,POINT (8.534914 49.473317)
VOJ:Vehicle:47dc0840-1cd5-4956-890c-857567e0c407,voi_de,2026-05-21 15:38:27+02,POINT (8.463875 49.482581)
VOJ:Vehicle:48ed3b08-f393-4241-9582-77f0c562fbb6,voi_de,2026-05-21 15:38:27+02,POINT (8.479777 49.482701)
VOJ:Vehicle:4ac918dc-632b-447a-9c41-dd8ede53bcf0,voi_de,2026-05-21 15:38:27+02,POINT (8.527393 49.508569)
VOJ:Vehicle:4c09c2f9-cf42-441f-9f7c-7dcc82b0b5e0,voi_de,2026-05-21 15:38:27+02,POINT (8.440834 49.487058)
VOJ:Vehicle:4d9f45bf-4028-495e-aa28-14beb9983f41,voi_de,2026-05-21 15:38:27+02,POINT (8.455244 49.475287)
VOJ:Vehicle:514a23c3-37e0-43d4-95a0-b9ee4e4b06ae,voi_de,2026-05-21 15:38:27+02,POINT (8.477946 49.497668)
VOJ:Vehicle:5259ab32-2e3a-475f-ae16-05d23b872a54,voi_de,2026-05-21 15:38:27+02,POINT (8.470466 49.480599)
VOJ:Vehicle:54326516-992c-4b3c-a8c3-f9cf1c4711ca,voi_de,2026-05-21 15:38:27+02,POINT (8.555898 49.462084)
VOJ:Vehicle:56ac0731-4b42-4ef5-813e-89219f7c17d2,voi_de,2026-05-21 15:38:27+02,POINT (8.483062 49.463619)
VOJ:Vehicle:59b348e4-0b4d-4672-8e69-6ce97fd0e1c0,voi_de,2026-05-21 15:38:27+02,POINT (8.459698 49.486882)
VOJ:Vehicle:5d6b5a0e-866a-4645-8050-b34217b4be70,voi_de,2026-05-21 15:38:27+02,POINT (8.542854 49.508046)
VOJ:Vehicle:5e79e38a-d6ef-43b5-abc4-7605b2d8d4fb,voi_de,2026-05-21 15:38:27+02,POINT (8.462865 49.482149)
VOJ:Vehicle:5ffc01a3-94a6-4888-b95d-b860fe408efe,voi_de,2026-05-21 15:38:27+02,POINT (8.481252 49.48284)
VOJ:Vehicle:6302d044-dc9a-4646-981d-c5ff99c1ae55,voi_de,2026-05-21 15:38:27+02,POINT (8.498297 49.510838)
VOJ:Vehicle:64485ef1-945c-40aa-af35-dac817a828e1,voi_de,2026-05-21 15:38:27+02,POINT (8.468738 49.46909)
VOJ:Vehicle:64979fbc-b3e4-4de6-b602-39c3c341dd53,voi_de,2026-05-21 15:38:27+02,POINT (8.533486 49.474988)
VOJ:Vehicle:65ea881f-8c11-42f0-b3a3-b1be715c66af,voi_de,2026-05-21 15:38:27+02,POINT (8.459716 49.486943)
VOJ:Vehicle:65ffdeaa-ca55-49a8-abd3-067edfc6b2ba,voi_de,2026-05-21 15:38:27+02,POINT (8.470932 49.483717)
VOJ:Vehicle:67df636c-ab37-4f2f-a728-866cc7eb9c73,voi_de,2026-05-21 15:38:27+02,POINT (8.471217 49.544676)
VOJ:Vehicle:6a7fa0f3-5701-431d-a604-863555bec85b,voi_de,2026-05-21 15:38:27+02,POINT (8.527463 49.513906)
VOJ:Vehicle:6d85f163-0012-4b76-ba93-552fcd5c870b,voi_de,2026-05-21 15:38:27+02,POINT (8.481769 49.528271)
VOJ:Vehicle:6dc4ae71-0fea-488d-b46d-f9f2360aa2c0,voi_de,2026-05-21 15:38:27+02,POINT (8.448635 49.484166)
VOJ:Vehicle:71e198c2-5ea7-46cd-b299-b4924a628a51,voi_de,2026-05-21 15:38:27+02,POINT (8.479862 49.48072)
VOJ:Vehicle:71eadaf5-fdcc-43e1-a15c-4e0d718e8c30,voi_de,2026-05-21 15:38:27+02,POINT (8.478213 49.477586)
VOJ:Vehicle:72e97898-1d9d-4fcd-bd22-687608d7f7ef,voi_de,2026-05-21 15:38:27+02,POINT (8.530024 49.496342)
VOJ:Vehicle:7436c2e8-dd2b-406f-9abd-8b2c30cb658c,voi_de,2026-05-21 15:38:27+02,POINT (8.445538 49.482938)
VOJ:Vehicle:77238641-783d-4366-bd49-758c53500f9b,voi_de,2026-05-21 15:38:27+02,POINT (8.473012 49.508271)
VOJ:Vehicle:7a4ae15f-4493-47f6-93ab-34c45df80ec2,voi_de,2026-05-21 15:38:27+02,POINT (8.468624 49.480785)
VOJ:Vehicle:7a9379f6-5c82-4980-af7e-3cc4c19d0536,voi_de,2026-05-21 15:38:27+02,POINT (8.529476 49.5221)
VOJ:Vehicle:7af66fe5-44f8-41e5-a602-575ddeb73517,voi_de,2026-05-21 15:38:27+02,POINT (8.452257 49.480293)
VOJ:Vehicle:7b70f530-0a84-44e7-971f-bae0aa2e27c3,voi_de,2026-05-21 15:38:27+02,POINT (8.471597 49.483364)
VOJ:Vehicle:7d3b6ea1-4909-4161-b310-89a467354c31,voi_de,2026-05-21 15:38:27+02,POINT (8.496994 49.522504)
VOJ:Vehicle:7dd74c9a-7fa1-4792-9bc8-7d93647b5846,voi_de,2026-05-21 15:38:27+02,POINT (8.465431 49.483317)
VOJ:Vehicle:7edf583b-09e1-4d27-aab0-99172a249ab8,voi_de,2026-05-21 15:38:27+02,POINT (8.466337 49.505331)
VOJ:Vehicle:826bab62-1d9a-4e61-bb48-83239741c84e,voi_de,2026-05-21 15:38:27+02,POINT (8.50672 49.479971)
VOJ:Vehicle:8466304d-b3f0-4fd6-bf8a-ec76ee86cc25,voi_de,2026-05-21 15:38:27+02,POINT (8.517144 49.462841)
VOJ:Vehicle:85364824-aad0-4c00-bd27-de160a6ceafc,voi_de,2026-05-21 15:38:27+02,POINT (8.496444 49.478364)
VOJ:Vehicle:86871ac5-9f93-4d82-ba74-197bb21017eb,voi_de,2026-05-21 15:38:27+02,POINT (8.450093 49.496484)
VOJ:Vehicle:8a6c9a8d-a803-4206-9be9-981dede54fa3,voi_de,2026-05-21 15:38:27+02,POINT (8.470595 49.466438)
VOJ:Vehicle:8c5eb054-33fb-4431-b004-81951620c334,voi_de,2026-05-21 15:38:27+02,POINT (8.468633 49.509744)
VOJ:Vehicle:8d140a4c-dec1-49ca-b07e-99eb9a636010,voi_de,2026-05-21 15:38:27+02,POINT (8.472317 49.4756)
VOJ:Vehicle:8f68cd58-55f3-4b9c-87e6-8e7b07955425,voi_de,2026-05-21 15:38:27+02,POINT (8.448908 49.478702)
VOJ:Vehicle:8fa806de-8d73-43ed-a0c4-edbcc7e30a08,voi_de,2026-05-21 15:38:27+02,POINT (8.450497 49.479251)
VOJ:Vehicle:91d9e715-5dba-4f27-86ac-0dd238088882,voi_de,2026-05-21 15:38:27+02,POINT (8.488454 49.459119)
VOJ:Vehicle:92308275-5705-46c7-8738-b69c8caf7f94,voi_de,2026-05-21 15:38:27+02,POINT (8.444236 49.483778)
VOJ:Vehicle:948e83ed-fc4b-49d6-9116-3c2671bed496,voi_de,2026-05-21 15:38:27+02,POINT (8.563873 49.458403)
VOJ:Vehicle:94bd7b34-0e39-4640-a2d4-aca2a96a522c,voi_de,2026-05-21 15:38:27+02,POINT (8.495715 49.448693)
VOJ:Vehicle:95e2155e-259e-42d7-a52a-a67452c3bf2b,voi_de,2026-05-21 15:38:27+02,POINT (8.468883 49.483268)
VOJ:Vehicle:96fe8533-363b-46b0-aaf0-dfbb8bccaa48,voi_de,2026-05-21 15:38:27+02,POINT (8.537362 49.518555)
VOJ:Vehicle:9732bc4c-30a4-4d7c-b128-9ead375acb76,voi_de,2026-05-21 15:38:27+02,POINT (8.526648 49.518779)
VOJ:Vehicle:9c464489-8152-4d3a-9e5d-96d7262cceb3,voi_de,2026-05-21 15:38:27+02,POINT (8.54135 49.509929)
VOJ:Vehicle:9fc25b6f-065f-48a2-a21b-63262cb12b85,voi_de,2026-05-21 15:38:27+02,POINT (8.450587 49.480151)
VOJ:Vehicle:a300b072-5fc4-480f-884f-6b4385bdb6d6,voi_de,2026-05-21 15:38:27+02,POINT (8.547286 49.494296)
VOJ:Vehicle:a5e5083b-a46b-4413-a5b9-a6f47af53e7f,voi_de,2026-05-21 15:38:27+02,POINT (8.537406 49.518563)
VOJ:Vehicle:a60c1993-745f-4a9d-84b1-1cf80e05a350,voi_de,2026-05-21 15:38:27+02,POINT (8.475964 49.534751)
VOJ:Vehicle:a65f8b93-6b46-4ac1-b05d-453d19c787ef,voi_de,2026-05-21 15:38:27+02,POINT (8.47923 49.449967)
VOJ:Vehicle:a7db9c1e-1a37-41ec-8d96-8caf4502480a,voi_de,2026-05-21 15:38:27+02,POINT (8.47398 49.487483)
VOJ:Vehicle:abbe0303-57ce-4036-9291-5692367e0c4d,voi_de,2026-05-21 15:38:27+02,POINT (8.520526 49.486176)
VOJ:Vehicle:abd94baa-65ab-47f9-8ef4-a9ff457aa988,voi_de,2026-05-21 15:38:27+02,POINT (8.508976 49.48067)
VOJ:Vehicle:ae3e5f2c-a448-48bc-bf94-dd22ca5e0cf5,voi_de,2026-05-21 15:38:27+02,POINT (8.535874 49.512888)
VOJ:Vehicle:b0561345-faa2-4918-899a-f890b391b700,voi_de,2026-05-21 15:38:27+02,POINT (8.445921 49.469865)
VOJ:Vehicle:b5e846b0-59e1-46f4-af75-b03aa4b247c6,voi_de,2026-05-21 15:38:27+02,POINT (8.447944 49.476868)
VOJ:Vehicle:b71f615d-465d-4654-978b-c40bee05644f,voi_de,2026-05-21 15:38:27+02,POINT (8.472975 49.478469)
VOJ:Vehicle:b8c75559-cac3-436c-b096-a6d722a3b9fe,voi_de,2026-05-21 15:38:27+02,POINT (8.532694 49.505817)
VOJ:Vehicle:b9c45dd0-1fd6-406e-ab36-814d28cfde4c,voi_de,2026-05-21 15:38:27+02,POINT (8.481018 49.449852)
VOJ:Vehicle:ba27018f-1a19-4409-b3c4-bb8539805d3f,voi_de,2026-05-21 15:38:27+02,POINT (8.51866 49.490386)
VOJ:Vehicle:bc0271c8-a923-4a15-a4fe-830f9bb86d2f,voi_de,2026-05-21 15:38:27+02,POINT (8.53577 49.512054)
VOJ:Vehicle:bc58b78e-03b8-4215-a3aa-16f5085a8456,voi_de,2026-05-21 15:38:27+02,POINT (8.450116 49.496649)
VOJ:Vehicle:bfe0b696-bd32-4847-b4ff-33c5be346dfd,voi_de,2026-05-21 15:38:27+02,POINT (8.442062 49.477804)
VOJ:Vehicle:c2fee358-6a69-4811-a8c2-501aa7c61cd8,voi_de,2026-05-21 15:38:27+02,POINT (8.469741 49.480013)
VOJ:Vehicle:c76e0144-807b-4830-96f0-8ad151f6e759,voi_de,2026-05-21 15:38:27+02,POINT (8.497333 49.530329)
VOJ:Vehicle:cb4c370f-f595-42c9-8e86-fd6694e1dd77,voi_de,2026-05-21 15:38:27+02,POINT (8.501389 49.460993)
VOJ:Vehicle:cbfbd504-3c2a-405c-9e36-496caaecffb4,voi_de,2026-05-21 15:38:27+02,POINT (8.490506 49.491782)
VOJ:Vehicle:d1968711-97d6-40bc-bf8e-17ba98d35f0e,voi_de,2026-05-21 15:38:27+02,POINT (8.466817 49.504479)
VOJ:Vehicle:d3fc4623-5259-4f2a-ae8d-d48519fddb6d,voi_de,2026-05-21 15:38:27+02,POINT (8.525156 49.484519)
VOJ:Vehicle:d6439e23-5a09-44e0-b367-16cd9d39ea85,voi_de,2026-05-21 15:38:27+02,POINT (8.485956 49.465559)
VOJ:Vehicle:d8698657-a964-4a55-ba12-349c0ebfe374,voi_de,2026-05-21 15:38:27+02,POINT (8.551902 49.466012)
VOJ:Vehicle:d9b107b4-e637-4a41-8060-c9cb76fcd3f2,voi_de,2026-05-21 15:38:27+02,POINT (8.462052 49.500289)
VOJ:Vehicle:dab80e30-90e4-4129-a826-f1f773c9ce21,voi_de,2026-05-21 15:38:27+02,POINT (8.44199 49.477732)
VOJ:Vehicle:dbacbb4f-f2fc-4ff2-bbeb-dc4afabae55e,voi_de,2026-05-21 15:38:27+02,POINT (8.474267 49.481276)
VOJ:Vehicle:ddd550c2-7d9e-4679-ae42-9ac8fcd04964,voi_de,2026-05-21 15:38:27+02,POINT (8.557007 49.463651)
VOJ:Vehicle:de407d21-4a58-4e88-bbed-b92b33ed0b36,voi_de,2026-05-21 15:38:27+02,POINT (8.490253 49.497183)
VOJ:Vehicle:e11cb28c-a6fb-411e-88e5-7bd5d5eafc7b,voi_de,2026-05-21 15:38:27+02,POINT (8.510609 49.47851)
VOJ:Vehicle:e4f33762-fc33-4ae6-a046-3df19d0929ec,voi_de,2026-05-21 15:38:27+02,POINT (8.450452 49.479228)
VOJ:Vehicle:e72f2e87-f3b2-4a14-ac26-399e7d0a0a9c,voi_de,2026-05-21 15:38:27+02,POINT (8.536276 49.509467)
VOJ:Vehicle:e992cef6-5784-4a51-8ac5-a23042e9d6a2,voi_de,2026-05-21 15:38:27+02,POINT (8.474008 49.517873)
VOJ:Vehicle:ed49ca57-4f61-4d8f-95f3-9daff2da72ef,voi_de,2026-05-21 15:38:27+02,POINT (8.543733 49.500459)
VOJ:Vehicle:edc02c0c-3f65-4129-a7d4-0eadb603fea2,voi_de,2026-05-21 15:38:27+02,POINT (8.467717 49.491027)
VOJ:Vehicle:edf2697d-9e1c-4fbf-9602-df4c37bd5b10,voi_de,2026-05-21 15:38:27+02,POINT (8.516425 49.504793)
VOJ:Vehicle:f07b90c7-4472-4daa-83c6-d97b306fdb61,voi_de,2026-05-21 15:38:27+02,POINT (8.45056 49.479288)
VOJ:Vehicle:f09c06e6-7904-4df2-8f0c-f2f70397972a,voi_de,2026-05-21 15:38:27+02,POINT (8.470551 49.482299)
VOJ:Vehicle:f349e7c3-6673-4fa7-85cc-e803b74c1ca8,voi_de,2026-05-21 15:38:27+02,POINT (8.49988 49.524264)
VOJ:Vehicle:f4798513-4fca-48c7-95b7-8dde5fd91f31,voi_de,2026-05-21 15:38:27+02,POINT (8.468438 49.481052)
VOJ:Vehicle:f6a668b6-53d2-41bc-9d4f-d7056a1f4d67,voi_de,2026-05-21 15:38:27+02,POINT (8.563282 49.457858)
VOJ:Vehicle:fa39da83-0196-40c0-b42c-e3d46182d5fe,voi_de,2026-05-21 15:38:27+02,POINT (8.479112 49.4721)
VOJ:Vehicle:fe40fbf6-2dd0-4905-b256-9f0b7f8996f6,voi_de,2026-05-21 15:38:27+02,POINT (8.478037 49.495361)
VOJ:Vehicle:052e1262-5787-441b-b9d5-c46c3eb0e449,voi_de,2026-05-21 15:38:27+02,POINT (8.489421 49.458092)
VOJ:Vehicle:05fdedd6-b75d-4aa4-9cd7-1cc436f6aeb8,voi_de,2026-05-21 15:38:27+02,POINT (8.449792 49.481957)
VOJ:Vehicle:07191569-42c0-42c9-a497-093c5b77bd3f,voi_de,2026-05-21 15:38:27+02,POINT (8.46286 49.484776)
VOJ:Vehicle:088d14e3-ec29-4c84-9ff3-846779caec55,voi_de,2026-05-21 15:38:27+02,POINT (8.536666 49.498997)
VOJ:Vehicle:08ba0dd7-7c94-480e-a2d2-c9563e4a07ca,voi_de,2026-05-21 15:38:27+02,POINT (8.5321 49.518172)
VOJ:Vehicle:0af28d52-8cdd-4d4f-b210-e2d1ecc61fda,voi_de,2026-05-21 15:38:27+02,POINT (8.495439 49.499332)
VOJ:Vehicle:0b214625-2988-405b-a64d-1e8f1ea59c1e,voi_de,2026-05-21 15:38:27+02,POINT (8.454988 49.477624)
VOJ:Vehicle:0bfa47f4-26b1-49b4-b549-c9cca3313112,voi_de,2026-05-21 15:38:27+02,POINT (8.488083 49.492803)
VOJ:Vehicle:0bfb1c2d-b052-4e06-b1ad-53731330710d,voi_de,2026-05-21 15:38:27+02,POINT (8.521308 49.493224)
VOJ:Vehicle:0d3e9551-8636-4614-aba4-b46f6658f5bc,voi_de,2026-05-21 15:38:27+02,POINT (8.508855 49.517396)
VOJ:Vehicle:11cf4f09-196e-40fa-a09c-9aee4ceb7fe8,voi_de,2026-05-21 15:38:27+02,POINT (8.529087 49.514788)
VOJ:Vehicle:14b022ca-de56-4122-9a0c-c2a807fbb5c9,voi_de,2026-05-21 15:38:27+02,POINT (8.540442 49.454335)
VOJ:Vehicle:1a1b57cc-b50f-4766-a079-7dd15d4ee4ed,voi_de,2026-05-21 15:38:27+02,POINT (8.477503 49.542854)
VOJ:Vehicle:1c30fd87-751b-4966-8e02-a06e0a8885ee,voi_de,2026-05-21 15:38:27+02,POINT (8.528231 49.484036)
VOJ:Vehicle:2005f454-8995-4034-bbaa-1a4e678c79d0,voi_de,2026-05-21 15:38:27+02,POINT (8.483778 49.509148)
VOJ:Vehicle:211a35f5-2a04-4d5c-a714-ac0179b9a968,voi_de,2026-05-21 15:38:27+02,POINT (8.505956 49.475652)
VOJ:Vehicle:229b1f19-61c9-4b31-8296-645bfa4d637f,voi_de,2026-05-21 15:38:27+02,POINT (8.494038 49.455891)
VOJ:Vehicle:22f405cf-6fab-482f-ba99-a2b5f9794309,voi_de,2026-05-21 15:38:27+02,POINT (8.490385 49.525247)
VOJ:Vehicle:2344344e-4bb4-4121-adf1-4899e90fd388,voi_de,2026-05-21 15:38:27+02,POINT (8.452595 49.480253)
VOJ:Vehicle:2855c81d-c65d-4566-8db2-6badcde05c6b,voi_de,2026-05-21 15:38:27+02,POINT (8.482674 49.475174)
VOJ:Vehicle:28e1411c-8a79-48cf-a3cb-fa8ad6a6ffc8,voi_de,2026-05-21 15:38:27+02,POINT (8.479752 49.450172)
VOJ:Vehicle:2c58119d-3b0b-4d77-ade9-2f2eca7c04a3,voi_de,2026-05-21 15:38:27+02,POINT (8.528192 49.508389)
VOJ:Vehicle:2cb57913-4ceb-4aa4-ac57-c9b7d4681fbf,voi_de,2026-05-21 15:38:27+02,POINT (8.487745 49.453113)
VOJ:Vehicle:2eb21076-46ce-498f-b53c-44bc565575ef,voi_de,2026-05-21 15:38:27+02,POINT (8.473631 49.496857)
VOJ:Vehicle:2f607060-af93-4724-a16f-38f647eeea8b,voi_de,2026-05-21 15:38:27+02,POINT (8.516556 49.444034)
VOJ:Vehicle:309ebf0d-b5ad-452e-b838-c2c74f979ce7,voi_de,2026-05-21 15:38:27+02,POINT (8.477048 49.497423)
VOJ:Vehicle:31fe1045-d59e-4a02-947e-626e2209411e,voi_de,2026-05-21 15:38:27+02,POINT (8.532861 49.509812)
VOJ:Vehicle:32185eb7-cddc-4e48-8ff9-c6578256d33b,voi_de,2026-05-21 15:38:27+02,POINT (8.468372 49.483715)
VOJ:Vehicle:32e2a883-16c6-48e9-9f3f-4c7bc5303c31,voi_de,2026-05-21 15:38:27+02,POINT (8.450287 49.496783)
VOJ:Vehicle:34ca5328-9631-453e-9c23-63dfab302998,voi_de,2026-05-21 15:38:27+02,POINT (8.469627 49.479989)
VOJ:Vehicle:35da5bb0-79e7-4995-8d7b-aa93f413f32c,voi_de,2026-05-21 15:38:27+02,POINT (8.505388 49.495225)
VOJ:Vehicle:35da86ff-41bb-4278-a17c-30a6296ca2e8,voi_de,2026-05-21 15:38:27+02,POINT (8.489723 49.453656)
VOJ:Vehicle:36503d92-37dd-4f01-aba7-a42d3bb1c2eb,voi_de,2026-05-21 15:38:27+02,POINT (8.490446 49.493405)
VOJ:Vehicle:3668ec48-a076-416f-a214-b21977e75b5e,voi_de,2026-05-21 15:38:27+02,POINT (8.463398 49.504315)
VOJ:Vehicle:36d3719d-4e76-484d-8abd-f265700b0d62,voi_de,2026-05-21 15:38:27+02,POINT (8.468787 49.483179)
VOJ:Vehicle:377cd2fc-e514-4209-a68d-e506824fa1d1,voi_de,2026-05-21 15:38:27+02,POINT (8.473989 49.543939)
VOJ:Vehicle:391ecbb0-f0b1-40c4-9e72-aa70f418c1b3,voi_de,2026-05-21 15:38:27+02,POINT (8.52832 49.486546)
VOJ:Vehicle:3eba2a7e-e3d3-49cf-9619-2981e02ba68a,voi_de,2026-05-21 15:38:27+02,POINT (8.465283 49.483194)
VOJ:Vehicle:3eec2e5e-f3e3-4095-a1fd-6725ec4f88a5,voi_de,2026-05-21 15:38:27+02,POINT (8.490086 49.465892)
VOJ:Vehicle:43bd8012-d7a4-442e-9b2e-6247651375f5,voi_de,2026-05-21 15:38:27+02,POINT (8.55429 49.497351)
VOJ:Vehicle:44a2dfd2-6e6b-4c10-8182-ff0df11ed09f,voi_de,2026-05-21 15:38:27+02,POINT (8.471817 49.500259)
VOJ:Vehicle:4760c89f-69ab-4e32-8d14-0ecc3bc56235,voi_de,2026-05-21 15:38:27+02,POINT (8.461136 49.502135)
VOJ:Vehicle:488993ff-234a-4054-b280-9b3515a2bc24,voi_de,2026-05-21 15:38:27+02,POINT (8.482915 49.525384)
VOJ:Vehicle:49a964c5-c379-44b1-a8bc-1191f521e04d,voi_de,2026-05-21 15:38:27+02,POINT (8.45605 49.469513)
VOJ:Vehicle:4a34ff24-767b-42bf-b956-1eca4c14ae1c,voi_de,2026-05-21 15:38:27+02,POINT (8.475595 49.465127)
VOJ:Vehicle:4b8000ad-3f0b-4cdf-8df2-ca61c9729382,voi_de,2026-05-21 15:38:27+02,POINT (8.470078 49.545439)
VOJ:Vehicle:4d818e61-3045-407f-af41-5d72c1f08ed9,voi_de,2026-05-21 15:38:27+02,POINT (8.506307 49.508044)
VOJ:Vehicle:4e20a914-d056-4d2b-bcb0-61dfb08116df,voi_de,2026-05-21 15:38:27+02,POINT (8.471682 49.455193)
VOJ:Vehicle:4f9469a2-1809-44ad-9f54-100616ddef2a,voi_de,2026-05-21 15:38:27+02,POINT (8.47514 49.511037)
VOJ:Vehicle:50b01d05-5e16-4e6c-aad9-989f6a5bea20,voi_de,2026-05-21 15:38:27+02,POINT (8.465808 49.473808)
VOJ:Vehicle:543eecd3-e21a-4bd3-a446-a7746d98b803,voi_de,2026-05-21 15:38:27+02,POINT (8.518238 49.489084)
VOJ:Vehicle:553d581a-64ae-4106-8241-cc4d0b07cabc,voi_de,2026-05-21 15:38:27+02,POINT (8.504319 49.509727)
VOJ:Vehicle:55b8068a-530e-4dc2-96de-e05d39111465,voi_de,2026-05-21 15:38:27+02,POINT (8.528725 49.507518)
VOJ:Vehicle:563ecb4a-f58a-4255-8a54-78d67d4e8a1c,voi_de,2026-05-21 15:38:27+02,POINT (8.46339 49.482346)
VOJ:Vehicle:56702f00-9ce1-4a46-9442-2b1ce85799f0,voi_de,2026-05-21 15:38:27+02,POINT (8.439793 49.484659)
VOJ:Vehicle:573508fe-5bf5-44b2-9cf6-994a6a621de0,voi_de,2026-05-21 15:38:27+02,POINT (8.467691 49.477982)
VOJ:Vehicle:5831f44a-e01f-411a-af0a-1aa6b6ff40e0,voi_de,2026-05-21 15:38:27+02,POINT (8.540022 49.488703)
VOJ:Vehicle:59029453-8b53-491e-a3e4-463eedbff88c,voi_de,2026-05-21 15:38:27+02,POINT (8.446153 49.480677)
VOJ:Vehicle:5a4ca891-4eed-4623-bff9-d8f1ed5e46af,voi_de,2026-05-21 15:38:27+02,POINT (8.452537 49.480231)
VOJ:Vehicle:5b358acd-3316-4439-bf57-d43375f325c2,voi_de,2026-05-21 15:38:27+02,POINT (8.464649 49.495105)
VOJ:Vehicle:5b8307a4-d444-46bf-8b9f-a3390842ac49,voi_de,2026-05-21 15:38:27+02,POINT (8.469648 49.4799)
VOJ:Vehicle:5c0bd7a2-6e37-4322-b728-431fd1d90b42,voi_de,2026-05-21 15:38:27+02,POINT (8.507114 49.479751)
VOJ:Vehicle:5c4d546d-fea4-490f-a4c8-57a683a78b42,voi_de,2026-05-21 15:38:27+02,POINT (8.471733 49.483527)
VOJ:Vehicle:5d584c2d-ea2b-4d18-9741-78e2d6807ced,voi_de,2026-05-21 15:38:27+02,POINT (8.448588 49.484131)
VOJ:Vehicle:61296360-b454-44b1-a058-d2b23663b663,voi_de,2026-05-21 15:38:27+02,POINT (8.489673 49.499)
VOJ:Vehicle:6644b78a-5715-4f4e-86e9-ec3d8a210a0c,voi_de,2026-05-21 15:38:27+02,POINT (8.484862 49.480252)
VOJ:Vehicle:66d3e5c1-f588-4560-b421-b322aeb00f8f,voi_de,2026-05-21 15:38:27+02,POINT (8.50819 49.513883)
VOJ:Vehicle:66ebf18c-ce30-48c2-932a-c0dad07cad41,voi_de,2026-05-21 15:38:27+02,POINT (8.480164 49.553601)
VOJ:Vehicle:67924ccb-c0f8-4e78-99db-20c825a0981b,voi_de,2026-05-21 15:38:27+02,POINT (8.472795 49.53663)
VOJ:Vehicle:6863cf85-87c6-4812-8726-66a3fda41335,voi_de,2026-05-21 15:38:27+02,POINT (8.477132 49.551105)
VOJ:Vehicle:6ba470a3-0ee9-4863-8406-906db622dbd5,voi_de,2026-05-21 15:38:27+02,POINT (8.476897 49.534644)
VOJ:Vehicle:6da3bbe2-4b2b-48c4-8733-73a57f8373d8,voi_de,2026-05-21 15:38:27+02,POINT (8.493339 49.49635)
VOJ:Vehicle:6eb57d57-44a8-452c-931b-1622944ee103,voi_de,2026-05-21 15:38:27+02,POINT (8.47012 49.505615)
VOJ:Vehicle:7017758a-dc51-4c91-ae39-f517bf1c6c3a,voi_de,2026-05-21 15:38:27+02,POINT (8.492619 49.503517)
VOJ:Vehicle:71158a50-c207-41b3-8bf3-27080b2d560a,voi_de,2026-05-21 15:38:27+02,POINT (8.475086 49.551207)
VOJ:Vehicle:726cfc02-9cd1-4b13-8706-b0d2a4f20680,voi_de,2026-05-21 15:38:27+02,POINT (8.499448 49.530303)
VOJ:Vehicle:72b60c6c-5df4-4912-a76a-57e0e0622b1a,voi_de,2026-05-21 15:38:27+02,POINT (8.468944 49.502513)
VOJ:Vehicle:76eb3191-186b-4e9a-9008-6f470d0c8792,voi_de,2026-05-21 15:38:27+02,POINT (8.485207 49.489113)
VOJ:Vehicle:783eba07-189a-42e6-aecc-10078481fec9,voi_de,2026-05-21 15:38:27+02,POINT (8.457004 49.494621)
VOJ:Vehicle:7a2c3371-1046-4074-b98a-83898668ced3,voi_de,2026-05-21 15:38:27+02,POINT (8.440763 49.4871)
VOJ:Vehicle:7acb67db-7743-47d6-8f48-3182e6e21754,voi_de,2026-05-21 15:38:27+02,POINT (8.507885 49.50147)
VOJ:Vehicle:7b3b6dd0-6dd1-4ccc-8223-9e288e81814a,voi_de,2026-05-21 15:38:27+02,POINT (8.495779 49.499198)
VOJ:Vehicle:7b6e1630-391c-47ea-a499-189f7c8e04bc,voi_de,2026-05-21 15:38:27+02,POINT (8.478324 49.488808)
VOJ:Vehicle:7cf2ac84-183a-4240-a686-7f286064e048,voi_de,2026-05-21 15:38:27+02,POINT (8.492156 49.507238)
VOJ:Vehicle:7d407be5-1acf-48ff-9c63-96b59832f95d,voi_de,2026-05-21 15:38:27+02,POINT (8.460291 49.485327)
VOJ:Vehicle:7fc2b21b-a5b6-465c-ab06-de8f73b5a035,voi_de,2026-05-21 15:38:27+02,POINT (8.500832 49.507448)
VOJ:Vehicle:8490d6f1-4361-448d-99fe-667a8295d01e,voi_de,2026-05-21 15:38:27+02,POINT (8.517849 49.444668)
VOJ:Vehicle:84cce327-5f17-424f-8107-3db6725a2a57,voi_de,2026-05-21 15:38:27+02,POINT (8.481858 49.480509)
VOJ:Vehicle:86945e66-556a-41de-b3dc-4b62950e7e67,voi_de,2026-05-21 15:38:27+02,POINT (8.480058 49.545071)
VOJ:Vehicle:869e5334-5722-4406-9424-5eb114f20bbb,voi_de,2026-05-21 15:38:27+02,POINT (8.527101 49.519594)
VOJ:Vehicle:87a6d8c1-ec32-4971-b58a-f2bd101e7bf4,voi_de,2026-05-21 15:38:27+02,POINT (8.496107 49.509967)
VOJ:Vehicle:8b0bbf74-197d-4b51-9174-4a52cf374367,voi_de,2026-05-21 15:38:27+02,POINT (8.45055 49.47578)
VOJ:Vehicle:8cbbfdb8-2237-4e19-8fa6-3402a2b76342,voi_de,2026-05-21 15:38:27+02,POINT (8.449144 49.48014)
VOJ:Vehicle:8ea5b910-e492-48f6-a66d-b76759591425,voi_de,2026-05-21 15:38:27+02,POINT (8.476476 49.464987)
VOJ:Vehicle:905299ea-663a-4b47-9db7-ed95d5e3b672,voi_de,2026-05-21 15:38:27+02,POINT (8.513194 49.477557)
VOJ:Vehicle:91789e71-e9e6-4e37-932c-23d81fb68936,voi_de,2026-05-21 15:38:27+02,POINT (8.47324 49.495075)
VOJ:Vehicle:91ca91b1-5723-433d-80ad-d4f2f2e301fd,voi_de,2026-05-21 15:38:27+02,POINT (8.527565 49.508723)
VOJ:Vehicle:92b90c4b-e05c-4b13-be45-61237a6e567e,voi_de,2026-05-21 15:38:27+02,POINT (8.450757 49.480224)
VOJ:Vehicle:9427293d-e4fe-4311-9cc0-f4c6e2ffc979,voi_de,2026-05-21 15:38:27+02,POINT (8.482821 49.513632)
VOJ:Vehicle:9485376a-d165-4b5d-8524-6a8319f119a9,voi_de,2026-05-21 15:38:27+02,POINT (8.453188 49.480139)
VOJ:Vehicle:94b8c05d-6a4b-4c8c-95f2-144780f58bfc,voi_de,2026-05-21 15:38:27+02,POINT (8.474003 49.48408)
VOJ:Vehicle:95270d58-48dc-4196-bd0c-df1717ab66ca,voi_de,2026-05-21 15:38:27+02,POINT (8.47454 49.487214)
VOJ:Vehicle:985acf9f-8974-4523-a376-134148834945,voi_de,2026-05-21 15:38:27+02,POINT (8.528255 49.485687)
VOJ:Vehicle:98f7998d-23a4-4427-9a4c-48cb141ff00d,voi_de,2026-05-21 15:38:27+02,POINT (8.526571 49.507215)
VOJ:Vehicle:99105662-ec80-4e25-ad93-a921329cbd8d,voi_de,2026-05-21 15:38:27+02,POINT (8.534241 49.515801)
VOJ:Vehicle:993f2c23-9f2e-4ede-a208-b3ae722fbe17,voi_de,2026-05-21 15:38:27+02,POINT (8.510565 49.478459)
VOJ:Vehicle:9d22b9d8-eea4-4f0a-9261-c4d423a8cb0a,voi_de,2026-05-21 15:38:27+02,POINT (8.496503 49.478246)
VOJ:Vehicle:a09b1681-f4bb-4315-89dd-d8c8550085bb,voi_de,2026-05-21 15:38:27+02,POINT (8.467969 49.502457)
VOJ:Vehicle:acd98420-a0de-4dea-b99f-c7b4d0bafb68,voi_de,2026-05-21 15:38:27+02,POINT (8.467687 49.464643)
VOJ:Vehicle:ae016f4e-62a7-42d6-8e66-8766e9f49f16,voi_de,2026-05-21 15:38:27+02,POINT (8.493172 49.489575)
VOJ:Vehicle:b1e4ec5b-75b2-4e86-b18e-3eceaeb3f7b7,voi_de,2026-05-21 15:38:27+02,POINT (8.501012 49.450992)
VOJ:Vehicle:b2a88698-856d-447f-a008-c42ec76a6548,voi_de,2026-05-21 15:38:27+02,POINT (8.50785 49.501305)
VOJ:Vehicle:b42a5a6f-03b9-4dd3-ad7a-7dae09ef2d3f,voi_de,2026-05-21 15:38:27+02,POINT (8.476008 49.499862)
VOJ:Vehicle:b4e35f00-075e-4387-9724-57e0dc312c46,voi_de,2026-05-21 15:38:27+02,POINT (8.483939 49.507557)
VOJ:Vehicle:b4f02c48-eeaa-4599-81f0-65993e6640bb,voi_de,2026-05-21 15:38:27+02,POINT (8.472773 49.551211)
VOJ:Vehicle:b7c78a60-dced-45e6-937b-29a55d7a042c,voi_de,2026-05-21 15:38:27+02,POINT (8.469695 49.480036)
VOJ:Vehicle:b88916fe-7778-471c-a4fd-3a646b23c1dc,voi_de,2026-05-21 15:38:27+02,POINT (8.460677 49.485566)
VOJ:Vehicle:b9f7b0cd-329d-4063-baef-741fa3776a90,voi_de,2026-05-21 15:38:27+02,POINT (8.47399 49.484079)
VOJ:Vehicle:ba1a1753-05b5-4c5e-b857-b6e583e9a4af,voi_de,2026-05-21 15:38:27+02,POINT (8.46528 49.504433)
VOJ:Vehicle:ba4b2b23-e886-4bdd-a2b1-70c4d0db17c2,voi_de,2026-05-21 15:38:27+02,POINT (8.507828 49.479909)
VOJ:Vehicle:bad757f5-b9e9-466c-b592-b0b3aed54186,voi_de,2026-05-21 15:38:27+02,POINT (8.46773 49.478014)
VOJ:Vehicle:bb85afc6-20c0-4b9e-a038-d8c0d5ca1702,voi_de,2026-05-21 15:38:27+02,POINT (8.499598 49.530571)
VOJ:Vehicle:bbde2260-59cc-49af-bf46-203fe95496ba,voi_de,2026-05-21 15:38:27+02,POINT (8.44587 49.469797)
VOJ:Vehicle:bd44d161-8bbf-4964-88ea-2314abf0565e,voi_de,2026-05-21 15:38:27+02,POINT (8.535262 49.473351)
VOJ:Vehicle:bde7ea83-a469-433b-9136-c3074d7c81e9,voi_de,2026-05-21 15:38:27+02,POINT (8.469962 49.548969)
VOJ:Vehicle:be600829-8f44-4873-a8b9-45e363880d38,voi_de,2026-05-21 15:38:27+02,POINT (8.510782 49.517068)
VOJ:Vehicle:c071cb91-5477-4b02-9fd5-f4b04400c8df,voi_de,2026-05-21 15:38:27+02,POINT (8.52563 49.503183)
VOJ:Vehicle:c29db0a3-8c44-4987-9fd0-67ddbb5693c6,voi_de,2026-05-21 15:38:27+02,POINT (8.466586 49.490893)
VOJ:Vehicle:c41fd292-b215-4a60-adb3-1a0cb82b98b3,voi_de,2026-05-21 15:38:27+02,POINT (8.544665 49.500122)
VOJ:Vehicle:c7a1f339-37bc-41f2-a7c1-ddc042422172,voi_de,2026-05-21 15:38:27+02,POINT (8.472956 49.551159)
VOJ:Vehicle:c96fa04d-a8a8-406f-8401-dece27b8c76b,voi_de,2026-05-21 15:38:27+02,POINT (8.484417 49.481504)
VOJ:Vehicle:ceffb9e1-da2a-473e-bbc2-0e199101e9ae,voi_de,2026-05-21 15:38:27+02,POINT (8.471136 49.499316)
VOJ:Vehicle:d0206b3b-376e-40c5-8a41-176a491932c7,voi_de,2026-05-21 15:38:27+02,POINT (8.480122 49.497886)
VOJ:Vehicle:d05db8c1-fec1-4527-bf46-fd0e7b24ede6,voi_de,2026-05-21 15:38:27+02,POINT (8.496461 49.47832)
VOJ:Vehicle:d0a5eedb-34b3-40dc-b8d4-6d990e1740f2,voi_de,2026-05-21 15:38:27+02,POINT (8.470475 49.548104)
VOJ:Vehicle:d2ae9cf3-7a28-4a24-b90b-d58b2ee09923,voi_de,2026-05-21 15:38:27+02,POINT (8.471403 49.500234)
VOJ:Vehicle:d2fab21b-4fb9-4c48-8278-c19ce20d1ea9,voi_de,2026-05-21 15:38:27+02,POINT (8.474101 49.542816)
VOJ:Vehicle:d30ef3c1-427d-4c0d-a8d2-0d1ef04fdec1,voi_de,2026-05-21 15:38:27+02,POINT (8.4761 49.476878)
VOJ:Vehicle:d74e1de0-1747-4fb6-a859-e478072b6638,voi_de,2026-05-21 15:38:27+02,POINT (8.522694 49.490779)
VOJ:Vehicle:db47387e-89f8-43eb-b1ab-7164e662cf81,voi_de,2026-05-21 15:38:27+02,POINT (8.546808 49.495363)
VOJ:Vehicle:dea48386-bedf-4342-ab57-adad8f0890dd,voi_de,2026-05-21 15:38:27+02,POINT (8.468066 49.491294)
VOJ:Vehicle:e078bddb-14e4-4d28-b46b-c8d4fe7867de,voi_de,2026-05-21 15:38:27+02,POINT (8.469726 49.479962)
VOJ:Vehicle:e4b7258a-2232-4f40-a2f3-8cda4c8a31b3,voi_de,2026-05-21 15:38:27+02,POINT (8.467605 49.466995)
VOJ:Vehicle:e553e4ac-84c2-415d-936c-c76322274663,voi_de,2026-05-21 15:38:27+02,POINT (8.525095 49.493353)
VOJ:Vehicle:e8889a02-804b-4c85-90f4-8913af3ec9cf,voi_de,2026-05-21 15:38:27+02,POINT (8.461017 49.499591)
VOJ:Vehicle:e890f82d-2d07-4a3a-a798-eb82e0a8780b,voi_de,2026-05-21 15:38:27+02,POINT (8.482336 49.485831)
VOJ:Vehicle:e8dc16c7-88e7-46ea-a4c4-7d09666fab85,voi_de,2026-05-21 15:38:27+02,POINT (8.490037 49.465748)
VOJ:Vehicle:eba42d62-6c93-4f00-b22b-b494d1b66178,voi_de,2026-05-21 15:38:27+02,POINT (8.485436 49.471757)
VOJ:Vehicle:ebb57b5b-892f-4583-abc1-d07cadba8e5b,voi_de,2026-05-21 15:38:27+02,POINT (8.509586 49.466179)
VOJ:Vehicle:ee389eab-8e31-488c-956d-303867061004,voi_de,2026-05-21 15:38:27+02,POINT (8.470414 49.482575)
VOJ:Vehicle:f3c7b6c9-3e02-49f9-b872-31ca55e1ee23,voi_de,2026-05-21 15:38:27+02,POINT (8.475242 49.537611)
VOJ:Vehicle:f4019b24-82eb-4da4-a9c4-783745d176a6,voi_de,2026-05-21 15:38:27+02,POINT (8.483517 49.458923)
VOJ:Vehicle:f59c6a25-cd8e-487c-ba7d-80806d91d69b,voi_de,2026-05-21 15:38:27+02,POINT (8.450516 49.479269)
VOJ:Vehicle:f736a4b7-3e50-4d7d-bdf3-be3c5e695831,voi_de,2026-05-21 15:38:27+02,POINT (8.502063 49.489271)
VOJ:Vehicle:f77c46df-0bd8-43be-b07c-c03806f8cb55,voi_de,2026-05-21 15:38:27+02,POINT (8.469812 49.490173)
VOJ:Vehicle:f7f0e27b-ef65-4a9b-a70d-51af310c571f,voi_de,2026-05-21 15:38:27+02,POINT (8.479324 49.494432)
VOJ:Vehicle:f987bb7e-675a-40a2-9e6a-01660c209b3c,voi_de,2026-05-21 15:38:27+02,POINT (8.528249 49.486474)
VOJ:Vehicle:fb448826-b05c-4ef9-860f-626d3ca14e01,voi_de,2026-05-21 15:38:27+02,POINT (8.451801 49.48115)
VOJ:Vehicle:fb6cb7b2-f32b-4bac-90bd-7c589fee9059,voi_de,2026-05-21 15:38:27+02,POINT (8.528506 49.507036)
VOJ:Vehicle:fcb0e1ab-2c8e-479b-9ce1-f6c3d5246a4f,voi_de,2026-05-21 15:38:27+02,POINT (8.445842 49.469626)
VOJ:Vehicle:ff057f35-d13c-4ebf-ac12-eb5bbc1b113b,voi_de,2026-05-21 15:38:27+02,POINT (8.467345 49.49021)
VOJ:Vehicle:ff0b8398-a0ba-45ef-a598-702ce534b57b,voi_de,2026-05-21 15:38:27+02,POINT (8.504476 49.509769)
VOJ:Vehicle:ffdf8164-aeca-4b69-b85a-464966e46492,voi_de,2026-05-21 15:38:27+02,POINT (8.514916 49.484672)
VOJ:Vehicle:00969cee-24de-45c3-96cb-60c2491f36c8,voi_de,2026-05-21 15:38:27+02,POINT (8.527531 49.508754)
VOJ:Vehicle:02511b9a-168e-4a3b-ab78-82b9568ead8b,voi_de,2026-05-21 15:38:27+02,POINT (8.538611 49.510301)
VOJ:Vehicle:042bb7b9-34ca-4f2b-96d0-95dc28e00430,voi_de,2026-05-21 15:38:27+02,POINT (8.478418 49.502215)
VOJ:Vehicle:04d2313f-55e5-479d-9942-90966f6104bf,voi_de,2026-05-21 15:38:27+02,POINT (8.473609 49.481341)
VOJ:Vehicle:051c6455-6db4-4632-beda-6bc1dc8ace62,voi_de,2026-05-21 15:38:27+02,POINT (8.44788 49.476855)
VOJ:Vehicle:05ed472a-0d5f-4123-8d57-d94284efc278,voi_de,2026-05-21 15:38:27+02,POINT (8.460813 49.482745)
VOJ:Vehicle:098de641-3a8d-44f1-a73c-fee205501ab3,voi_de,2026-05-21 15:38:27+02,POINT (8.491684 49.507462)
VOJ:Vehicle:0a354ed0-9401-49dd-8b8f-0ab1e5418c21,voi_de,2026-05-21 15:38:27+02,POINT (8.510276 49.517273)
VOJ:Vehicle:0a4ddbe9-dd66-4ab8-afee-90fdba346cb4,voi_de,2026-05-21 15:38:27+02,POINT (8.463142 49.48289)
VOJ:Vehicle:0bb35564-0e40-4000-93f2-a5116967d4d5,voi_de,2026-05-21 15:38:27+02,POINT (8.48083 49.549868)
VOJ:Vehicle:0f4c7e7c-0910-4a9f-adff-d732467f7d67,voi_de,2026-05-21 15:38:27+02,POINT (8.511963 49.47976)
VOJ:Vehicle:1518d067-283c-41da-9664-7dce804e6d41,voi_de,2026-05-21 15:38:27+02,POINT (8.54517 49.499755)
VOJ:Vehicle:1747b153-44d5-469e-ad6f-e04936bc7f85,voi_de,2026-05-21 15:38:27+02,POINT (8.481699 49.496054)
VOJ:Vehicle:1af4c550-2e46-4b92-85e2-930530739b39,voi_de,2026-05-21 15:38:27+02,POINT (8.47104 49.480695)
VOJ:Vehicle:1cbf4c4d-4977-4dea-9b68-8cc329a6c808,voi_de,2026-05-21 15:38:27+02,POINT (8.470428 49.493621)
VOJ:Vehicle:1cf4fe3d-ba19-497a-b458-b596a8e4fa18,voi_de,2026-05-21 15:38:27+02,POINT (8.490677 49.492669)
VOJ:Vehicle:203b70ba-b1d8-483c-a1ec-8644211dd04a,voi_de,2026-05-21 15:38:27+02,POINT (8.480573 49.481885)
VOJ:Vehicle:2188446f-b486-42a9-acc4-f328491f80d4,voi_de,2026-05-21 15:38:27+02,POINT (8.472787 49.478422)
VOJ:Vehicle:23363a32-3cab-4f15-9bc7-b3f5635565e0,voi_de,2026-05-21 15:38:27+02,POINT (8.528155 49.51865)
VOJ:Vehicle:256348b4-bb0c-4f3a-9f81-0f8f1d9c9392,voi_de,2026-05-21 15:38:27+02,POINT (8.450656 49.479261)
VOJ:Vehicle:26895149-cf1d-495d-b85d-1301e73bf655,voi_de,2026-05-21 15:38:27+02,POINT (8.450591 49.479311)
VOJ:Vehicle:26dffa93-e182-4fbf-9be2-cd062077bdf7,voi_de,2026-05-21 15:38:27+02,POINT (8.479011 49.488838)
VOJ:Vehicle:283bd421-6ce5-45e3-9c53-f9dbe454f88d,voi_de,2026-05-21 15:38:27+02,POINT (8.507438 49.501975)
VOJ:Vehicle:2a36158b-edeb-4fd5-9ab4-b4fe0aaa0c0f,voi_de,2026-05-21 15:38:27+02,POINT (8.468762 49.480846)
VOJ:Vehicle:2c4745c1-5680-43f5-b75d-7a1ae505b0e4,voi_de,2026-05-21 15:38:27+02,POINT (8.450553 49.479359)
VOJ:Vehicle:2cf94e79-5c14-48a4-9a7a-90ccaeab8899,voi_de,2026-05-21 15:38:27+02,POINT (8.477208 49.499405)
VOJ:Vehicle:2fbfd7be-7c8a-4ec9-9de5-2a899b6e6599,voi_de,2026-05-21 15:38:27+02,POINT (8.470428 49.502243)
VOJ:Vehicle:30745846-37dd-4306-b1a6-ac78b729c193,voi_de,2026-05-21 15:38:27+02,POINT (8.518961 49.450743)
VOJ:Vehicle:356dbb9d-673b-4b10-842b-055bbb2bdd68,voi_de,2026-05-21 15:38:27+02,POINT (8.483513 49.493575)
VOJ:Vehicle:3759b5bf-0411-4a43-93cb-e7492574ad0a,voi_de,2026-05-21 15:38:27+02,POINT (8.475365 49.454879)
VOJ:Vehicle:39826225-303a-4075-8e06-bacb8af8abe2,voi_de,2026-05-21 15:38:27+02,POINT (8.532622 49.506653)
VOJ:Vehicle:3997c34e-f512-4850-bfe9-0baa3ccc122f,voi_de,2026-05-21 15:38:27+02,POINT (8.530433 49.52109)
VOJ:Vehicle:3a291e06-96dc-45c7-b7cc-a8b57bd92ee5,voi_de,2026-05-21 15:38:27+02,POINT (8.500823 49.507454)
VOJ:Vehicle:3b4a426f-92b0-4a4b-a84b-d47f4ebd9619,voi_de,2026-05-21 15:38:27+02,POINT (8.491636 49.452776)
VOJ:Vehicle:3edc7fbd-0e3c-433c-9ced-5bbd4a2bd730,voi_de,2026-05-21 15:38:27+02,POINT (8.477269 49.49833)
VOJ:Vehicle:3ef6b261-93ae-4954-bb7b-d6adf676f711,voi_de,2026-05-21 15:38:27+02,POINT (8.487561 49.485037)
VOJ:Vehicle:3f72d985-5099-4cd4-9ac3-808363f30e43,voi_de,2026-05-21 15:38:27+02,POINT (8.496555 49.47839)
VOJ:Vehicle:3fc0639c-f0e7-414e-8e16-caf8942291a7,voi_de,2026-05-21 15:38:27+02,POINT (8.491599 49.464593)
VOJ:Vehicle:415e450f-b773-431a-86a9-185f9bc1787c,voi_de,2026-05-21 15:38:27+02,POINT (8.532227 49.482024)
VOJ:Vehicle:44a68990-cc0f-4b7f-bcde-cc220f6030b8,voi_de,2026-05-21 15:38:27+02,POINT (8.470447 49.493621)
VOJ:Vehicle:44ba859d-28df-4742-b6ce-c6733bc3eb73,voi_de,2026-05-21 15:38:27+02,POINT (8.475173 49.474341)
VOJ:Vehicle:44f1decf-ddac-4bb9-9005-715040a32d52,voi_de,2026-05-21 15:38:27+02,POINT (8.509096 49.466464)
VOJ:Vehicle:455629f3-07f0-4007-a4a9-03852b310970,voi_de,2026-05-21 15:38:27+02,POINT (8.50971 49.511286)
VOJ:Vehicle:4591d247-7415-48c5-9900-96be551fd708,voi_de,2026-05-21 15:38:27+02,POINT (8.516116 49.503507)
VOJ:Vehicle:4623af06-d732-4bc6-9ed5-0b31a9440329,voi_de,2026-05-21 15:38:27+02,POINT (8.450528 49.479281)
VOJ:Vehicle:487e6cb9-c63c-4271-9806-1829f57e8798,voi_de,2026-05-21 15:38:27+02,POINT (8.545676 49.507944)
VOJ:Vehicle:503b90ef-6cde-4b74-aa14-b0a5f468bbe1,voi_de,2026-05-21 15:38:27+02,POINT (8.511205 49.5141)
VOJ:Vehicle:504018f9-bd03-4cc6-b624-088b965efdd9,voi_de,2026-05-21 15:38:27+02,POINT (8.476936 49.534649)
VOJ:Vehicle:54bcd63d-0a7d-462d-a83a-c37d6756af7c,voi_de,2026-05-21 15:38:27+02,POINT (8.465653 49.483394)
VOJ:Vehicle:570ca40f-e6bf-4dd5-904b-754089f0c19e,voi_de,2026-05-21 15:38:27+02,POINT (8.469772 49.470344)
VOJ:Vehicle:5aec0dc6-de4d-47e5-becb-4dd5f3ac8e6d,voi_de,2026-05-21 15:38:27+02,POINT (8.528353 49.522156)
VOJ:Vehicle:5f095e96-e27e-44e5-a584-e2c6555050da,voi_de,2026-05-21 15:38:27+02,POINT (8.482669 49.513593)
VOJ:Vehicle:610a9724-d48a-4d1c-90d5-a1dcdae7ee5e,voi_de,2026-05-21 15:38:27+02,POINT (8.448683 49.48003)
VOJ:Vehicle:61448b42-819d-4e50-bf60-07d6632bebdb,voi_de,2026-05-21 15:38:27+02,POINT (8.474112 49.491431)
VOJ:Vehicle:61b20fdf-fe22-4aa9-b533-694ae9ece8b1,voi_de,2026-05-21 15:38:27+02,POINT (8.494869 49.524451)
VOJ:Vehicle:640bd2fe-22d0-4ce2-a9c6-437e1b531119,voi_de,2026-05-21 15:38:27+02,POINT (8.466713 49.482583)
VOJ:Vehicle:64c988c1-f708-4f4e-a274-08e98c3fd8cf,voi_de,2026-05-21 15:38:27+02,POINT (8.469907 49.54787)
VOJ:Vehicle:6699d102-9205-476c-a091-3af5d360c5c2,voi_de,2026-05-21 15:38:27+02,POINT (8.47779 49.461138)
VOJ:Vehicle:66fe122d-7a29-4efe-bf78-7b9f0602ab28,voi_de,2026-05-21 15:38:27+02,POINT (8.540507 49.509013)
VOJ:Vehicle:67e17bb0-2fdd-4739-85e0-13c0ca81d736,voi_de,2026-05-21 15:38:27+02,POINT (8.474039 49.547348)
VOJ:Vehicle:68039d01-6162-4d4c-a951-4bfb44338a3e,voi_de,2026-05-21 15:38:27+02,POINT (8.472596 49.506059)
VOJ:Vehicle:6d6112b2-fd9b-44a9-ae0a-f23d0b8a36dc,voi_de,2026-05-21 15:38:27+02,POINT (8.50064 49.499439)
VOJ:Vehicle:6f694aca-071c-44ef-b507-f2cc2a80bcee,voi_de,2026-05-21 15:38:27+02,POINT (8.47898 49.48879)
VOJ:Vehicle:6f70b12b-b6f5-49ca-9adc-ab24b853efef,voi_de,2026-05-21 15:38:27+02,POINT (8.463769 49.482245)
VOJ:Vehicle:71c4e328-d1e7-44a3-9373-8e88c17389ee,voi_de,2026-05-21 15:38:27+02,POINT (8.44955 49.472016)
VOJ:Vehicle:74da8efa-8cc5-44a5-a59f-5f68bff9b4e7,voi_de,2026-05-21 15:38:27+02,POINT (8.506144 49.457654)
VOJ:Vehicle:75285bc6-2ee5-4765-a1ec-bd6c479fef7b,voi_de,2026-05-21 15:38:27+02,POINT (8.466437 49.502563)
VOJ:Vehicle:75ac2ea9-aa4e-43ff-bce5-768e4303da29,voi_de,2026-05-21 15:38:27+02,POINT (8.474347 49.490201)
VOJ:Vehicle:7732a834-3e67-45fd-a771-450a2d63d738,voi_de,2026-05-21 15:38:27+02,POINT (8.504564 49.493273)
VOJ:Vehicle:79b7c2ca-8497-4cfe-8053-4bff408870e5,voi_de,2026-05-21 15:38:27+02,POINT (8.508751 49.511574)
VOJ:Vehicle:7a0381b0-cd60-4468-a465-7372c7455ce4,voi_de,2026-05-21 15:38:27+02,POINT (8.485671 49.457759)
VOJ:Vehicle:7a980e38-c7a6-433a-96b2-2889dab4223a,voi_de,2026-05-21 15:38:27+02,POINT (8.455967 49.46959)
VOJ:Vehicle:7bc571ac-ce0c-4992-89b7-95924b2258b8,voi_de,2026-05-21 15:38:27+02,POINT (8.464658 49.460968)
VOJ:Vehicle:7ca2d6f0-2e1d-4655-af6f-a6e8cb5f3b5a,voi_de,2026-05-21 15:38:27+02,POINT (8.490621 49.503004)
VOJ:Vehicle:7d286c27-e1ec-469a-80fb-7c4530939901,voi_de,2026-05-21 15:38:27+02,POINT (8.479452 49.499423)
VOJ:Vehicle:7de926c7-87df-4c16-a4dd-e0617925cceb,voi_de,2026-05-21 15:38:27+02,POINT (8.508195 49.513779)
VOJ:Vehicle:80988301-7868-453b-84e4-0a2e16f4545d,voi_de,2026-05-21 15:38:27+02,POINT (8.472437 49.499527)
VOJ:Vehicle:80eb721b-42ee-49a9-8f2f-e3fc612a953f,voi_de,2026-05-21 15:38:27+02,POINT (8.477633 49.465489)
VOJ:Vehicle:820a06c2-51a6-4da3-ba7e-80b9649ece5c,voi_de,2026-05-21 15:38:27+02,POINT (8.449362 49.476468)
VOJ:Vehicle:83af4086-2871-433c-bd0f-270af36e6aba,voi_de,2026-05-21 15:38:27+02,POINT (8.54479 49.509776)
VOJ:Vehicle:846fbc88-5b05-4104-afaf-758651280e1d,voi_de,2026-05-21 15:38:27+02,POINT (8.460622 49.485669)
VOJ:Vehicle:8512540b-6f51-4843-9dfc-e4e55c13b345,voi_de,2026-05-21 15:38:27+02,POINT (8.477454 49.542875)
VOJ:Vehicle:87b92007-e1a6-43f8-933d-4b63eaa98d98,voi_de,2026-05-21 15:38:27+02,POINT (8.536461 49.487695)
VOJ:Vehicle:8e227096-f6b7-4b44-adaa-bf62f11927d9,voi_de,2026-05-21 15:38:27+02,POINT (8.473536 49.49073)
VOJ:Vehicle:8ef05bc9-1be9-47a7-b32e-70321d7ffd19,voi_de,2026-05-21 15:38:27+02,POINT (8.44942 49.48186)
VOJ:Vehicle:914d3142-e9dd-40b3-8fa3-2a3ad1817500,voi_de,2026-05-21 15:38:27+02,POINT (8.471825 49.488047)
VOJ:Vehicle:947cca2f-5e1f-42b8-8113-d5b2a113854a,voi_de,2026-05-21 15:38:27+02,POINT (8.478888 49.464737)
VOJ:Vehicle:9909d99a-8751-4d2e-a709-4fbb4ac41364,voi_de,2026-05-21 15:38:27+02,POINT (8.469864 49.549086)
VOJ:Vehicle:9a7cad5e-d0b0-4845-be96-6b25c58d3963,voi_de,2026-05-21 15:38:27+02,POINT (8.481544 49.481746)
VOJ:Vehicle:9c4b1322-718c-412f-827f-e6e6c0491b7a,voi_de,2026-05-21 15:38:27+02,POINT (8.446083 49.469798)
VOJ:Vehicle:9e5504f9-652a-4f94-9fc3-96d935ab3025,voi_de,2026-05-21 15:38:27+02,POINT (8.495651 49.451976)
VOJ:Vehicle:a215ff75-3642-4ffb-8b32-3c51bc79412f,voi_de,2026-05-21 15:38:27+02,POINT (8.485409 49.48926)
VOJ:Vehicle:a45322de-e8c9-4259-a165-63090c7081db,voi_de,2026-05-21 15:38:27+02,POINT (8.479027 49.490811)
VOJ:Vehicle:a5b015ec-c293-4ac4-9f49-599b502706a6,voi_de,2026-05-21 15:38:27+02,POINT (8.484645 49.474734)
VOJ:Vehicle:aae7c9aa-b238-4b5d-b342-06bfb02a5fec,voi_de,2026-05-21 15:38:27+02,POINT (8.508969 49.443771)
VOJ:Vehicle:adcbf3b1-e498-4ffb-b6bd-ece2dedef276,voi_de,2026-05-21 15:38:27+02,POINT (8.476657 49.543508)
VOJ:Vehicle:ae3f8071-c5fb-499e-9e8a-0ce880b4f134,voi_de,2026-05-21 15:38:27+02,POINT (8.476068 49.488014)
VOJ:Vehicle:b0482416-d392-40f3-a68b-0d3226e4ea85,voi_de,2026-05-21 15:38:27+02,POINT (8.455918 49.469613)
VOJ:Vehicle:b05cd0fd-5975-4573-977f-446ad36e49b6,voi_de,2026-05-21 15:38:27+02,POINT (8.478526 49.484087)
VOJ:Vehicle:b268878f-e5f2-411c-8ae5-f89bab85e7ea,voi_de,2026-05-21 15:38:27+02,POINT (8.510643 49.466958)
VOJ:Vehicle:b2ca9ec5-6a87-4b70-a87d-53de90939b8a,voi_de,2026-05-21 15:38:27+02,POINT (8.541122 49.501056)
VOJ:Vehicle:b3bb5f20-1c37-4118-8c42-91d5ebfe8ef9,voi_de,2026-05-21 15:38:27+02,POINT (8.472178 49.476033)
VOJ:Vehicle:b4d3ca52-105b-4c32-89ce-974b0cc334ef,voi_de,2026-05-21 15:38:27+02,POINT (8.438346 49.488984)
VOJ:Vehicle:b4e64141-8f88-48a8-b99f-452332af969d,voi_de,2026-05-21 15:38:27+02,POINT (8.484654 49.505948)
VOJ:Vehicle:b5c190ee-b656-472c-80bd-6f6a9c9dd2af,voi_de,2026-05-21 15:38:27+02,POINT (8.507714 49.479795)
VOJ:Vehicle:b7b9eede-0d66-4957-8997-b0a800aaf5e8,voi_de,2026-05-21 15:38:27+02,POINT (8.473423 49.452773)
VOJ:Vehicle:bc841e50-f52d-4463-afeb-0967e6536f7c,voi_de,2026-05-21 15:38:27+02,POINT (8.451572 49.478542)
VOJ:Vehicle:bd21982a-7a65-4732-8550-395278764ded,voi_de,2026-05-21 15:38:27+02,POINT (8.522968 49.444686)
VOJ:Vehicle:be711afd-715a-4285-a338-ac887220ef8e,voi_de,2026-05-21 15:38:27+02,POINT (8.451766 49.478445)
VOJ:Vehicle:be8b9499-a759-4cf2-b695-48027a1be347,voi_de,2026-05-21 15:38:27+02,POINT (8.473403 49.518276)
VOJ:Vehicle:be9092a7-fcd2-4cb4-a2cd-3c83489fa0d4,voi_de,2026-05-21 15:38:27+02,POINT (8.502566 49.5027)
VOJ:Vehicle:beb8ff48-a21d-4a24-941b-64a901a94a44,voi_de,2026-05-21 15:38:27+02,POINT (8.52861 49.522507)
VOJ:Vehicle:c1f242f1-dfd2-4871-b256-8036def79e9e,voi_de,2026-05-21 15:38:27+02,POINT (8.550501 49.465532)
VOJ:Vehicle:c2e48371-5e7a-43ff-be84-da2fb224f141,voi_de,2026-05-21 15:38:27+02,POINT (8.478774 49.500343)
VOJ:Vehicle:c6320f67-85bb-4f8a-844d-291304df2412,voi_de,2026-05-21 15:38:27+02,POINT (8.537342 49.518552)
VOJ:Vehicle:c725ab4a-8d58-4d9c-ae19-0e8624c574de,voi_de,2026-05-21 15:38:27+02,POINT (8.514242 49.509154)
VOJ:Vehicle:c83d8a3d-28e3-4d4c-98eb-a949528c71fa,voi_de,2026-05-21 15:38:27+02,POINT (8.51709 49.477557)
VOJ:Vehicle:cc67e1ad-854c-4dcd-974f-00988062d1b2,voi_de,2026-05-21 15:38:27+02,POINT (8.533494 49.507472)
VOJ:Vehicle:cd68efb1-0e3a-4470-bfd9-5774763d6b24,voi_de,2026-05-21 15:38:27+02,POINT (8.482421 49.46969)
VOJ:Vehicle:cd81374b-e67f-4da0-936a-06daf3d2f4aa,voi_de,2026-05-21 15:38:27+02,POINT (8.492734 49.53339)
VOJ:Vehicle:cee2a102-ecba-41ed-a9bc-38f6e50a7308,voi_de,2026-05-21 15:38:27+02,POINT (8.489357 49.522448)
VOJ:Vehicle:cf2ee9f2-dffe-468b-b16a-88ad2bd18485,voi_de,2026-05-21 15:38:27+02,POINT (8.469984 49.548941)
VOJ:Vehicle:d0ac287a-8b9c-467b-9d38-7ac1822ae646,voi_de,2026-05-21 15:38:27+02,POINT (8.465698 49.489724)
VOJ:Vehicle:d0bac141-3ee2-48bd-a0b6-4a28aa59e12d,voi_de,2026-05-21 15:38:27+02,POINT (8.450058 49.481963)
VOJ:Vehicle:d478e14f-6870-4144-ad5f-1fa61c0f7363,voi_de,2026-05-21 15:38:27+02,POINT (8.4685 49.466979)
VOJ:Vehicle:d5a1579b-a0b2-4314-86a0-c907ec09eb29,voi_de,2026-05-21 15:38:27+02,POINT (8.450479 49.479351)
VOJ:Vehicle:d5d4184c-b240-4d43-a845-9e7018a451cf,voi_de,2026-05-21 15:38:27+02,POINT (8.479771 49.482691)
VOJ:Vehicle:d75d1a90-c962-4e2f-905a-df0044533d60,voi_de,2026-05-21 15:38:27+02,POINT (8.449279 49.48011)
VOJ:Vehicle:d7a04c44-2740-481f-bb01-96e503e340d9,voi_de,2026-05-21 15:38:27+02,POINT (8.485985 49.535861)
VOJ:Vehicle:d9aeba88-3e9f-4405-a576-95b6226d53e2,voi_de,2026-05-21 15:38:27+02,POINT (8.46572 49.540805)
VOJ:Vehicle:dc4e92e0-9e3a-40c2-b464-e6cac6785c71,voi_de,2026-05-21 15:38:27+02,POINT (8.476857 49.534612)
VOJ:Vehicle:dca1d7e8-c014-4bce-a6ec-107eeb5c45a7,voi_de,2026-05-21 15:38:27+02,POINT (8.466148 49.507872)
VOJ:Vehicle:dee5a650-cd76-4f0d-98bf-71f398e54c55,voi_de,2026-05-21 15:38:27+02,POINT (8.490675 49.479185)
VOJ:Vehicle:dee716e8-437f-48d9-95dc-8e4c1c679c1a,voi_de,2026-05-21 15:38:27+02,POINT (8.528026 49.505186)
VOJ:Vehicle:dfb29237-60c0-40b1-b595-84c62af963b9,voi_de,2026-05-21 15:38:27+02,POINT (8.451599 49.478519)
VOJ:Vehicle:e1b77d28-7fb3-46c1-8e5f-4bb9e677c8a0,voi_de,2026-05-21 15:38:27+02,POINT (8.534353 49.513312)
VOJ:Vehicle:e2226659-2cc3-478e-a3e4-8170c1fa8268,voi_de,2026-05-21 15:38:27+02,POINT (8.471409 49.525389)
VOJ:Vehicle:e2364540-ea4b-4e19-adf9-9bcedb5699e9,voi_de,2026-05-21 15:38:27+02,POINT (8.476247 49.50339)
VOJ:Vehicle:e2ef7060-7e77-4d83-bcc0-3505ffc6d6fd,voi_de,2026-05-21 15:38:27+02,POINT (8.520683 49.505452)
VOJ:Vehicle:e5c2e29d-7cdc-446e-9b51-ed61ebad2900,voi_de,2026-05-21 15:38:27+02,POINT (8.51947 49.445003)
VOJ:Vehicle:e6552764-3d45-46f6-8ffe-12bc61f32fed,voi_de,2026-05-21 15:38:27+02,POINT (8.473647 49.481371)
VOJ:Vehicle:e82d122d-c51f-44c4-bd9c-436026a78d1a,voi_de,2026-05-21 15:38:27+02,POINT (8.468648 49.539386)
VOJ:Vehicle:e8f00cfe-9aeb-48ba-b257-892928a7386d,voi_de,2026-05-21 15:38:27+02,POINT (8.50669 49.479962)
VOJ:Vehicle:e93729b4-1054-43db-98e1-4300744e2c59,voi_de,2026-05-21 15:38:27+02,POINT (8.473418 49.45264)
VOJ:Vehicle:eaedd0c2-1abf-4745-ad6e-d8dcce5ccccf,voi_de,2026-05-21 15:38:27+02,POINT (8.463526 49.482649)
VOJ:Vehicle:eaf7d77a-d14a-4f84-afbf-46fba214a415,voi_de,2026-05-21 15:38:27+02,POINT (8.508476 49.515739)
VOJ:Vehicle:efb3c080-39d8-414c-9cb6-7a3f5ea2531e,voi_de,2026-05-21 15:38:27+02,POINT (8.492002 49.493034)
VOJ:Vehicle:f14fa44f-976c-4680-92cc-32cd4ae55748,voi_de,2026-05-21 15:38:27+02,POINT (8.472425 49.506435)
VOJ:Vehicle:f3c8709f-19e8-40ca-a518-0acc7281b53b,voi_de,2026-05-21 15:38:27+02,POINT (8.466112 49.486034)
VOJ:Vehicle:f3faa1ef-e5b7-4481-927d-f3f30c600871,voi_de,2026-05-21 15:38:27+02,POINT (8.449089 49.472676)
VOJ:Vehicle:f516dd6d-e8bb-4bb4-88a8-21706efe7e33,voi_de,2026-05-21 15:38:27+02,POINT (8.49414 49.497296)
VOJ:Vehicle:f5af7b58-88b9-4710-a7e8-3401c9725381,voi_de,2026-05-21 15:38:27+02,POINT (8.543445 49.495141)
VOJ:Vehicle:f5b99dc1-1512-43e2-9341-1acd23a2c2b0,voi_de,2026-05-21 15:38:27+02,POINT (8.471683 49.511037)
VOJ:Vehicle:f60acd75-93b1-4b92-af01-f08b525718d7,voi_de,2026-05-21 15:38:27+02,POINT (8.489939 49.447896)
VOJ:Vehicle:f7dfb20b-5c0d-4f0e-88c6-0ce2c80029ac,voi_de,2026-05-21 15:38:27+02,POINT (8.53768 49.488855)
VOJ:Vehicle:f8552869-a9bc-4aea-a3f2-1f374d4f3f46,voi_de,2026-05-21 15:38:27+02,POINT (8.477897 49.481907)
VOJ:Vehicle:f8eab6a3-7f52-48fb-9c21-b97c66c6d0f0,voi_de,2026-05-21 15:38:27+02,POINT (8.465896 49.483591)
VOJ:Vehicle:fc7ecddd-3cd9-4dd8-888f-306faf5666c6,voi_de,2026-05-21 15:38:27+02,POINT (8.470269 49.480522)
VOJ:Vehicle:ff2f0bbd-a1b0-4f4d-92e1-e5368a3be7ed,voi_de,2026-05-21 15:38:27+02,POINT (8.474165 49.546871)
