vehicle_id,feed_id,last_reported,geometry
LMG:Vehicle:2T4CRNYMLLP63,lime_bw,2026-05-21 15:38:15+02,POINT (9.156195 48.764285)
LMG:Vehicle:37ZSUYTHPYGU2,lime_bw,2026-05-21 15:38:15+02,POINT (9.217501 48.786421)
LMG:Vehicle:3E6YHQF5YF7FP,lime_bw,2026-05-21 15:38:15+02,POINT (9.217945 48.781571)
LMG:Vehicle:3GYLQ7FS7HCWK,lime_bw,2026-05-21 15:38:15+02,POINT (9.174943 48.809557)
LMG:Vehicle:3JEJ5FPAYDSPZ,lime_bw,2026-05-21 15:38:15+02,POINT (9.18087 48.801487)
LMG:Vehicle:3LR6A7EKILJRH,lime_bw,2026-05-21 15:38:15+02,POINT (9.174529 48.772157)
LMG:Vehicle:3MJ74BDK5G4O5,lime_bw,2026-05-21 15:38:15+02,POINT (9.162967 48.721255)
LMG:Vehicle:3NGDMR62ZKAHB,lime_bw,2026-05-21 15:38:15+02,POINT (9.15519 48.770004)
LMG:Vehicle:3P4AZ5NP4WWVZ,lime_bw,2026-05-21 15:38:15+02,POINT (9.192115 48.767354)
LMG:Vehicle:3VWOSBWSXOBY6,lime_bw,2026-05-21 15:38:15+02,POINT (9.152352 48.780684)
LMG:Vehicle:44C3C5T7ONLSI,lime_bw,2026-05-21 15:38:15+02,POINT (9.175395 48.782791)
LMG:Vehicle:44ZJNMIZSRN2O,lime_bw,2026-05-21 15:38:15+02,POINT (9.2486 48.780463)
LMG:Vehicle:45L5VF3XGPWYM,lime_bw,2026-05-21 15:38:15+02,POINT (9.174776 48.775847)
LMG:Vehicle:45SJY7SQQG7TE,lime_bw,2026-05-21 15:38:15+02,POINT (9.209794 48.795495)
LMG:Vehicle:46MPUBHBAJASN,lime_bw,2026-05-21 15:38:15+02,POINT (9.217216 48.804077)
LMG:Vehicle:4EVX6CLRBQD5L,lime_bw,2026-05-21 15:38:15+02,POINT (9.213706 48.791853)
LMG:Vehicle:4I3SVANOKFY2U,lime_bw,2026-05-21 15:38:15+02,POINT (9.167907 48.760409)
LMG:Vehicle:4IHZSTUYV53G3,lime_bw,2026-05-21 15:38:15+02,POINT (9.168198 48.767672)
LMG:Vehicle:4L5BK3RBMQKFA,lime_bw,2026-05-21 15:38:15+02,POINT (9.208567 48.778733)
LMG:Vehicle:4LGLHPBHNQT3C,lime_bw,2026-05-21 15:38:15+02,POINT (9.108671 48.810849)
LMG:Vehicle:4NXG47SVRSRXS,lime_bw,2026-05-21 15:38:15+02,POINT (9.187251 48.791758)
LMG:Vehicle:4UUUROJFPNIOP,lime_bw,2026-05-21 15:38:15+02,POINT (9.235631 48.788503)
LMG:Vehicle:56FDZZ45TGO3P,lime_bw,2026-05-21 15:38:15+02,POINT (9.151093 48.7688)
LMG:Vehicle:5FKD5M52BMBWY,lime_bw,2026-05-21 15:38:15+02,POINT (9.257269 48.771486)
LMG:Vehicle:5JURJVAXKPER4,lime_bw,2026-05-21 15:38:15+02,POINT (9.163177 48.814138)
LMG:Vehicle:5NRW2BEN4Z2UJ,lime_bw,2026-05-21 15:38:15+02,POINT (9.1642 48.81198)
LMG:Vehicle:5OJBY36S5MHES,lime_bw,2026-05-21 15:38:15+02,POINT (9.16941 48.795462)
LMG:Vehicle:5QBXEGEZ4NUVQ,lime_bw,2026-05-21 15:38:15+02,POINT (9.200768 48.810506)
LMG:Vehicle:5VN7BXP4C5L2Z,lime_bw,2026-05-21 15:38:15+02,POINT (9.163462 48.810241)
LMG:Vehicle:5YMOUOOQLED7D,lime_bw,2026-05-21 15:38:15+02,POINT (9.162247 48.777157)
LMG:Vehicle:66GAQN6ZRHVTE,lime_bw,2026-05-21 15:38:15+02,POINT (9.160046 48.764741)
LMG:Vehicle:6JXBJN72AOXGE,lime_bw,2026-05-21 15:38:15+02,POINT (9.251496 48.779946)
LMG:Vehicle:6KJNN4V5WQMPA,lime_bw,2026-05-21 15:38:15+02,POINT (9.214004 48.791762)
LMG:Vehicle:6M273D5C52SAO,lime_bw,2026-05-21 15:38:15+02,POINT (9.21693 48.804301)
LMG:Vehicle:6YBSXMIDQNN22,lime_bw,2026-05-21 15:38:15+02,POINT (9.146068 48.768349)
LMG:Vehicle:74I7RNZCCZLEE,lime_bw,2026-05-21 15:38:15+02,POINT (9.217304 48.803189)
LMG:Vehicle:7GVO455ZUE42D,lime_bw,2026-05-21 15:38:15+02,POINT (9.207709 48.81305)
LMG:Vehicle:7IXKE6MN5B2XK,lime_bw,2026-05-21 15:38:15+02,POINT (9.155699 48.77207)
LMG:Vehicle:7J77CWXXZQOGQ,lime_bw,2026-05-21 15:38:15+02,POINT (9.168593 48.777683)
LMG:Vehicle:7SN4JQYLJQSLP,lime_bw,2026-05-21 15:38:15+02,POINT (9.230889 48.795671)
LMG:Vehicle:A4ARLFXWREVUE,lime_bw,2026-05-21 15:38:15+02,POINT (9.16473 48.776305)
LMG:Vehicle:A6OXHR2Q6JG6C,lime_bw,2026-05-21 15:38:15+02,POINT (9.173642 48.77594)
LMG:Vehicle:AD652ENQZQD2B,lime_bw,2026-05-21 15:38:15+02,POINT (9.177666 48.81409)
LMG:Vehicle:AHKBKCRTRBWK2,lime_bw,2026-05-21 15:38:15+02,POINT (9.10604 48.744472)
LMG:Vehicle:AKFWES3ZZOZ4F,lime_bw,2026-05-21 15:38:15+02,POINT (9.230875 48.795674)
LMG:Vehicle:AMW7Y6WGUROHC,lime_bw,2026-05-21 15:38:15+02,POINT (9.248608 48.780407)
LMG:Vehicle:AN5BMDAOSG3X2,lime_bw,2026-05-21 15:38:15+02,POINT (9.126053 48.741419)
LMG:Vehicle:AO4OLFDDIR7ZW,lime_bw,2026-05-21 15:38:15+02,POINT (9.188453 48.804006)
LMG:Vehicle:B2QGRPGSDMG63,lime_bw,2026-05-21 15:38:15+02,POINT (9.120967 48.736801)
LMG:Vehicle:B6QNDLCKDTOV2,lime_bw,2026-05-21 15:38:15+02,POINT (9.18141 48.773385)
LMG:Vehicle:BE6RZZWMPUHGS,lime_bw,2026-05-21 15:38:15+02,POINT (9.173343 48.782758)
LMG:Vehicle:BHKHQQ5WJB3CD,lime_bw,2026-05-21 15:38:15+02,POINT (9.190897 48.80883)
LMG:Vehicle:BQLCT3EU2APQJ,lime_bw,2026-05-21 15:38:15+02,POINT (9.213142 48.810375)
LMG:Vehicle:BQNWFVO3LAV3F,lime_bw,2026-05-21 15:38:15+02,POINT (9.131964 48.77478)
LMG:Vehicle:BRL2FXFXE4JAE,lime_bw,2026-05-21 15:38:15+02,POINT (9.181868 48.782698)
LMG:Vehicle:BZ4A7O6VLNUUS,lime_bw,2026-05-21 15:38:15+02,POINT (9.174306 48.776293)
LMG:Vehicle:C73GSJL5T3UV7,lime_bw,2026-05-21 15:38:15+02,POINT (9.175565 48.763695)
LMG:Vehicle:CBYI232G2Y4XF,lime_bw,2026-05-21 15:38:15+02,POINT (9.151674 48.806496)
LMG:Vehicle:CD3K5523PSOQF,lime_bw,2026-05-21 15:38:15+02,POINT (9.159814 48.765315)
LMG:Vehicle:CDSBQQ5FLLX4X,lime_bw,2026-05-21 15:38:15+02,POINT (9.179643 48.809372)
LMG:Vehicle:CDUBTMOACHMM6,lime_bw,2026-05-21 15:38:15+02,POINT (9.179762 48.794251)
LMG:Vehicle:CEEYD25XVJDKX,lime_bw,2026-05-21 15:38:15+02,POINT (9.156295 48.815791)
LMG:Vehicle:CKCMAZPT3UUGO,lime_bw,2026-05-21 15:38:15+02,POINT (9.185056 48.778015)
LMG:Vehicle:CMEXIURPGVOSN,lime_bw,2026-05-21 15:38:15+02,POINT (9.223259 48.806684)
LMG:Vehicle:CRW3PWTQGTU5Q,lime_bw,2026-05-21 15:38:15+02,POINT (9.135772 48.812621)
LMG:Vehicle:CVLJFIBBMANQQ,lime_bw,2026-05-21 15:38:15+02,POINT (9.167718 48.764232)
LMG:Vehicle:CX4TUD2M2E6DE,lime_bw,2026-05-21 15:38:15+02,POINT (9.194865 48.80193)
LMG:Vehicle:D2NOIAXG5CFRC,lime_bw,2026-05-21 15:38:15+02,POINT (9.105072 48.746595)
LMG:Vehicle:D4NMGPQLWP76A,lime_bw,2026-05-21 15:38:15+02,POINT (9.151686 48.768293)
LMG:Vehicle:DDVSIDDOWHAPA,lime_bw,2026-05-21 15:38:15+02,POINT (9.174163 48.785132)
LMG:Vehicle:DIUX3CKX3N75V,lime_bw,2026-05-21 15:38:15+02,POINT (9.177176 48.810969)
LMG:Vehicle:DQKGZVWGWKD5W,lime_bw,2026-05-21 15:38:15+02,POINT (9.223984 48.791428)
LMG:Vehicle:DT3JEURDPV2V6,lime_bw,2026-05-21 15:38:15+02,POINT (9.157311 48.772754)
LMG:Vehicle:DVYGZ4QPVVHLI,lime_bw,2026-05-21 15:38:15+02,POINT (9.211793 48.789044)
LMG:Vehicle:DW2GUOKSVZW5X,lime_bw,2026-05-21 15:38:15+02,POINT (9.206856 48.782003)
LMG:Vehicle:DXC3DSLFIQBYE,lime_bw,2026-05-21 15:38:15+02,POINT (9.20505 48.813868)
LMG:Vehicle:ECGAQ2MDIIULK,lime_bw,2026-05-21 15:38:15+02,POINT (9.155789 48.81279)
LMG:Vehicle:ENB4TDNHLQXPO,lime_bw,2026-05-21 15:38:15+02,POINT (9.155612 48.764058)
LMG:Vehicle:EOSTHNFDCZHVP,lime_bw,2026-05-21 15:38:15+02,POINT (9.167882 48.778384)
LMG:Vehicle:EP4IK7RMJ5LOL,lime_bw,2026-05-21 15:38:15+02,POINT (9.180378 48.783078)
LMG:Vehicle:ERMAGF3HF6CZ2,lime_bw,2026-05-21 15:38:15+02,POINT (9.168799 48.813247)
LMG:Vehicle:EVVG5IMDNM573,lime_bw,2026-05-21 15:38:15+02,POINT (9.16725 48.763946)
LMG:Vehicle:F46RGI7YFSFVA,lime_bw,2026-05-21 15:38:15+02,POINT (9.167714 48.804457)
LMG:Vehicle:F4UMQTA6NLG3L,lime_bw,2026-05-21 15:38:15+02,POINT (9.169891 48.817151)
LMG:Vehicle:F5BUO3ZYLF5MY,lime_bw,2026-05-21 15:38:15+02,POINT (9.180656 48.76946)
LMG:Vehicle:FDX372RWZ6RW5,lime_bw,2026-05-21 15:38:15+02,POINT (9.171996 48.773979)
LMG:Vehicle:FGXTEVFHTDX6U,lime_bw,2026-05-21 15:38:15+02,POINT (9.203279 48.779406)
LMG:Vehicle:FK2EBB7PW35PQ,lime_bw,2026-05-21 15:38:15+02,POINT (9.185559 48.774354)
LMG:Vehicle:FMY6XXBVYHVZA,lime_bw,2026-05-21 15:38:15+02,POINT (9.166415 48.777692)
LMG:Vehicle:FPTPHY6ARWDBN,lime_bw,2026-05-21 15:38:15+02,POINT (9.166072 48.780463)
LMG:Vehicle:FQ7P4ETLFCF3H,lime_bw,2026-05-21 15:38:15+02,POINT (9.157874 48.770574)
LMG:Vehicle:FROPEPGJ36LGP,lime_bw,2026-05-21 15:38:15+02,POINT (9.148409 48.769151)
LMG:Vehicle:FXFS7IKS766FB,lime_bw,2026-05-21 15:38:15+02,POINT (9.132753 48.741463)
LMG:Vehicle:FXRZFOBIB5NYC,lime_bw,2026-05-21 15:38:15+02,POINT (9.158873 48.811704)
LMG:Vehicle:FXXKDVUB2DVLR,lime_bw,2026-05-21 15:38:15+02,POINT (9.178869 48.794198)
LMG:Vehicle:FY6FPQ7UK556V,lime_bw,2026-05-21 15:38:15+02,POINT (9.175635 48.781939)
LMG:Vehicle:G2SGCZEGWJYR6,lime_bw,2026-05-21 15:38:15+02,POINT (9.225329 48.796069)
LMG:Vehicle:G3STMUQ77DQWH,lime_bw,2026-05-21 15:38:15+02,POINT (9.152137 48.760769)
DOJ:Vehicle:fdea4923-0587-414e-9172-d57cb3d5c734,dott_stuttgart,2026-05-21 15:24:21+02,POINT (9.198806 48.809152)
LMG:Vehicle:2B5RK6SPM4XWN,lime_bw,2026-05-21 15:38:15+02,POINT (9.170369 48.789743)
LMG:Vehicle:2E7KIHSWOYHZD,lime_bw,2026-05-21 15:38:15+02,POINT (9.186267 48.780107)
LMG:Vehicle:2HDJYGQRTG2RH,lime_bw,2026-05-21 15:38:15+02,POINT (9.183741 48.790529)
LMG:Vehicle:2JCXRPZWOJFFO,lime_bw,2026-05-21 15:38:15+02,POINT (9.167181 48.766568)
LMG:Vehicle:2ME4PQZWEY5CK,lime_bw,2026-05-21 15:38:15+02,POINT (9.177137 48.810794)
LMG:Vehicle:2MQ6ST6DQDERB,lime_bw,2026-05-21 15:38:15+02,POINT (9.180919 48.771953)
LMG:Vehicle:2PVKAN7745PLD,lime_bw,2026-05-21 15:38:15+02,POINT (9.171227 48.768434)
DOJ:Vehicle:28745fc0-c699-4f65-8852-cc467ded5d1b,dott_stuttgart,2026-05-21 15:16:30+02,POINT (9.154157 48.758828)
DOJ:Vehicle:4815c0d5-d9eb-4718-b1ed-b3bac1b3cbf5,dott_stuttgart,2026-05-21 15:16:59+02,POINT (9.175018 48.790945)
DOJ:Vehicle:bb50cb8f-ddd5-44ad-8dfc-aaffbfbbddab,dott_stuttgart,2026-05-21 15:17:29+02,POINT (9.189963 48.784786)
DOJ:Vehicle:b324cd86-49d8-4a64-a96a-c3bbfd3b843e,dott_stuttgart,2026-05-21 15:18:41+02,POINT (9.238735 48.789597)
DOJ:Vehicle:1ec49e7a-bea5-443c-9131-104826cedf4e,dott_stuttgart,2026-05-21 15:18:53+02,POINT (9.177297 48.778928)
DOJ:Vehicle:707bf1e2-5569-47ae-b901-035f457e2099,dott_stuttgart,2026-05-21 15:18:55+02,POINT (9.169032 48.784031)
DOJ:Vehicle:e325b6ff-00ed-4152-b194-08e3f1c3e26f,dott_stuttgart,2026-05-21 15:19:09+02,POINT (9.125648 48.740025)
DOJ:Vehicle:03e17c7a-7488-4034-95a3-d5572c41e381,dott_stuttgart,2026-05-21 15:19:22+02,POINT (9.157558 48.786221)
DOJ:Vehicle:d5521797-898d-4d00-9434-e8a8f2ef8499,dott_stuttgart,2026-05-21 15:19:32+02,POINT (9.160929 48.759042)
DOJ:Vehicle:cc09b3d9-bab5-46e1-a916-3e4cb73491b8,dott_stuttgart,2026-05-21 15:19:46+02,POINT (9.172947 48.776062)
DOJ:Vehicle:0633c840-65ea-447f-9f7a-b490e63cf04b,dott_stuttgart,2026-05-21 15:19:57+02,POINT (9.150578 48.768035)
DOJ:Vehicle:ed3a66e0-2c6f-4a31-812e-99003f3b6422,dott_stuttgart,2026-05-21 15:20:01+02,POINT (9.194472 48.783545)
DOJ:Vehicle:f2f2f1ae-581d-4b86-9037-8ca526268d6b,dott_stuttgart,2026-05-21 15:20:19+02,POINT (9.129736 48.743762)
DOJ:Vehicle:f8208b58-0ccf-4896-b437-9499e77977df,dott_stuttgart,2026-05-21 15:20:26+02,POINT (9.235612 48.788829)
DOJ:Vehicle:1c20181b-9535-4104-a499-c44922fc70cc,dott_stuttgart,2026-05-21 15:20:45+02,POINT (9.174105 48.777512)
DOJ:Vehicle:d7979f58-286f-40ab-a625-c1239de0ada0,dott_stuttgart,2026-05-21 15:20:47+02,POINT (9.147099 48.771812)
DOJ:Vehicle:f3aa5e17-205a-4f44-8a6b-10951f468cde,dott_stuttgart,2026-05-21 15:21:03+02,POINT (9.18947 48.764606)
DOJ:Vehicle:bd8411f7-a05e-4376-b1ad-7fb7cef98e12,dott_stuttgart,2026-05-21 15:21:04+02,POINT (9.23564 48.788417)
DOJ:Vehicle:5ca42d07-72f5-4a6d-bfe7-b13d1a9d104a,dott_stuttgart,2026-05-21 15:21:15+02,POINT (9.191576 48.794624)
DOJ:Vehicle:1205655e-a3f6-4bd8-85d8-22c3d0a9c242,dott_stuttgart,2026-05-21 15:21:31+02,POINT (9.167444 48.762582)
DOJ:Vehicle:c242a5ad-2c95-489c-aa2c-f835656a6406,dott_stuttgart,2026-05-21 15:21:38+02,POINT (9.148211 48.770227)
DOJ:Vehicle:e5b59e69-66d0-49d4-a0aa-a316717a622c,dott_stuttgart,2026-05-21 15:21:44+02,POINT (9.192297 48.795954)
DOJ:Vehicle:74753ed8-9659-47f7-a5fb-3449befa5cb2,dott_stuttgart,2026-05-21 15:21:59+02,POINT (9.153367 48.76422)
DOJ:Vehicle:3d74e913-b5e8-46b0-bb4d-36c8ca1beac4,dott_stuttgart,2026-05-21 15:22:02+02,POINT (9.174841 48.773104)
DOJ:Vehicle:f3e4faf3-d3d5-4546-b943-4a7baebde36c,dott_stuttgart,2026-05-21 15:22:07+02,POINT (9.174185 48.764115)
DOJ:Vehicle:9f5814bd-5efb-448a-8158-24662d6d0306,dott_stuttgart,2026-05-21 15:22:14+02,POINT (9.156826 48.785953)
DOJ:Vehicle:f18d2fda-8f92-4dd5-82af-6c7208ffa78d,dott_stuttgart,2026-05-21 15:22:15+02,POINT (9.169708 48.790991)
DOJ:Vehicle:2610fd2e-3661-4b59-80d9-ce2bed1e98ba,dott_stuttgart,2026-05-21 15:22:20+02,POINT (9.172915 48.786649)
DOJ:Vehicle:db7a1661-c8f7-47e9-8397-ee33ce693657,dott_stuttgart,2026-05-21 15:22:31+02,POINT (9.172692 48.777303)
DOJ:Vehicle:c1b8bdff-598d-4074-a758-706863b22195,dott_stuttgart,2026-05-21 15:22:37+02,POINT (9.15241 48.775361)
DOJ:Vehicle:5d8fb7e7-5bc1-4fa4-acce-ae52591010c4,dott_stuttgart,2026-05-21 15:22:40+02,POINT (9.177812 48.759949)
DOJ:Vehicle:7c8e5144-df40-4758-b8f1-b8912d56905d,dott_stuttgart,2026-05-21 15:22:43+02,POINT (9.226373 48.799048)
DOJ:Vehicle:9ba8f27d-7f79-4b86-832c-d06c26b82791,dott_stuttgart,2026-05-21 15:22:43+02,POINT (9.16067 48.830594)
DOJ:Vehicle:40036815-4844-4f51-90b4-867517ebd175,dott_stuttgart,2026-05-21 15:22:49+02,POINT (9.158228 48.758516)
DOJ:Vehicle:0e08c137-3eee-4e67-80d9-da40d9da9b09,dott_stuttgart,2026-05-21 15:22:51+02,POINT (9.156519 48.829338)
DOJ:Vehicle:351d6311-9c13-4907-b7d3-616148442553,dott_stuttgart,2026-05-21 15:22:51+02,POINT (9.151281 48.726575)
DOJ:Vehicle:d6a4ab44-e18d-47f7-a735-cf48b6eb6f59,dott_stuttgart,2026-05-21 15:22:55+02,POINT (9.179248 48.789485)
DOJ:Vehicle:ee301b87-e47f-4e9d-a4c9-0b481472b932,dott_stuttgart,2026-05-21 15:22:55+02,POINT (9.166392 48.764149)
DOJ:Vehicle:2eb2bcda-2fe1-4c34-8731-5692651f8b2a,dott_stuttgart,2026-05-21 15:23:00+02,POINT (9.121886 48.740966)
DOJ:Vehicle:886f37a8-9c72-464a-81d6-e75e4ec6314b,dott_stuttgart,2026-05-21 15:23:01+02,POINT (9.131265 48.743617)
DOJ:Vehicle:13ff03a0-67d2-4132-893e-1375f6f00b40,dott_stuttgart,2026-05-21 15:23:03+02,POINT (9.144453 48.78246)
DOJ:Vehicle:fcae94d5-725f-41b1-877e-96e474bc53ec,dott_stuttgart,2026-05-21 15:23:23+02,POINT (9.145759 48.805222)
DOJ:Vehicle:044981be-0c24-43f9-9ab3-b1703536d93f,dott_stuttgart,2026-05-21 15:23:53+02,POINT (9.231431 48.791047)
DOJ:Vehicle:7051065e-9fcc-47aa-b137-d331a9b6cdc9,dott_stuttgart,2026-05-21 15:23:56+02,POINT (9.172112 48.771687)
DOJ:Vehicle:ac1f5733-8a0c-478b-8dce-a871ca41f729,dott_stuttgart,2026-05-21 15:23:57+02,POINT (9.12989 48.742023)
DOJ:Vehicle:d98cb305-ead3-4202-95a6-c1972d030f11,dott_stuttgart,2026-05-21 15:24:05+02,POINT (9.200347 48.787129)
DOJ:Vehicle:3c84b73d-d514-450f-929b-976ffcd9ea5b,dott_stuttgart,2026-05-21 15:24:11+02,POINT (9.150804 48.765606)
DOJ:Vehicle:bac61b1b-b8bb-4a5e-b943-c2b2fe347a7c,dott_stuttgart,2026-05-21 15:24:11+02,POINT (9.145021 48.774972)
DOJ:Vehicle:52382640-1499-4779-838b-e542cde2a876,dott_stuttgart,2026-05-21 15:24:13+02,POINT (9.191418 48.794761)
DOJ:Vehicle:d805899a-dd07-4572-9285-2d8a8697a71d,dott_stuttgart,2026-05-21 15:24:17+02,POINT (9.178725 48.792085)
DOJ:Vehicle:5d6c5aad-27a6-42b6-bf34-ee8897f41b61,dott_stuttgart,2026-05-21 15:24:27+02,POINT (9.143885 48.770094)
DOJ:Vehicle:5b89b5bf-69dd-4cba-9531-7819a20a83fc,dott_stuttgart,2026-05-21 15:24:40+02,POINT (9.231439 48.791087)
DOJ:Vehicle:7bb58547-fe8f-4559-a490-13062a4b1abc,dott_stuttgart,2026-05-21 15:24:43+02,POINT (9.164889 48.803961)
DOJ:Vehicle:de8b4c46-dc23-4367-82af-148d501fa65d,dott_stuttgart,2026-05-21 15:24:56+02,POINT (9.179616 48.803448)
DOJ:Vehicle:fb147c76-f6ca-451f-9ce2-a7730ef9bc2d,dott_stuttgart,2026-05-21 15:24:56+02,POINT (9.180262 48.783287)
DOJ:Vehicle:1cb59b90-81ef-45e4-8f1b-f31c2d7e8505,dott_stuttgart,2026-05-21 15:25:06+02,POINT (9.172845 48.795414)
DOJ:Vehicle:252a172a-461b-4b28-aee3-3bd672b9102f,dott_stuttgart,2026-05-21 15:25:07+02,POINT (9.179446 48.782782)
DOJ:Vehicle:ae4b440d-b7d0-4bdf-8fd5-5073cf1eded6,dott_stuttgart,2026-05-21 15:25:13+02,POINT (9.172882 48.788965)
DOJ:Vehicle:8c36671d-40cf-4c57-a28a-38c30316ebb9,dott_stuttgart,2026-05-21 15:25:15+02,POINT (9.178844 48.779678)
DOJ:Vehicle:3cb20e15-195d-4bd2-b8b0-dbd66d48779c,dott_stuttgart,2026-05-21 15:25:17+02,POINT (9.190878 48.765964)
DOJ:Vehicle:ea2aba48-4f18-4d29-9e36-023fb0c4d02b,dott_stuttgart,2026-05-21 15:25:18+02,POINT (9.168865 48.813284)
DOJ:Vehicle:fc3f5453-f8f9-4afe-b9f6-a7e359b6d8ae,dott_stuttgart,2026-05-21 15:25:19+02,POINT (9.179526 48.792803)
DOJ:Vehicle:0ef6013e-2f16-4f29-9067-959a4220b6b0,dott_stuttgart,2026-05-21 15:25:20+02,POINT (9.205212 48.783486)
DOJ:Vehicle:5f13bfbf-2825-49f0-8099-7d0c684f37bd,dott_stuttgart,2026-05-21 15:25:23+02,POINT (9.208815 48.797324)
DOJ:Vehicle:81943a13-b579-4cd2-9378-96ae591b8828,dott_stuttgart,2026-05-21 15:25:26+02,POINT (9.173401 48.75906)
DOJ:Vehicle:76cced2e-8e24-40d4-aa32-076b64a21df2,dott_stuttgart,2026-05-21 15:25:27+02,POINT (9.243964 48.768826)
DOJ:Vehicle:71f314c8-3429-4b09-9d94-c8d462005393,dott_stuttgart,2026-05-21 15:25:31+02,POINT (9.157523 48.758362)
DOJ:Vehicle:fb2ff3cc-51b7-44bb-92cc-bab1ffabb274,dott_stuttgart,2026-05-21 15:25:35+02,POINT (9.173076 48.786884)
DOJ:Vehicle:d35b2670-8110-431b-add9-3c8f24db3817,dott_stuttgart,2026-05-21 15:25:36+02,POINT (9.192957 48.795076)
DOJ:Vehicle:1215666a-83f4-46ae-be6e-b9c76ee16e6b,dott_stuttgart,2026-05-21 15:25:38+02,POINT (9.174672 48.812311)
DOJ:Vehicle:38a9e4ce-0b1c-46ba-a314-454a9b8dd5fe,dott_stuttgart,2026-05-21 15:25:40+02,POINT (9.157324 48.7862)
DOJ:Vehicle:f9fb0184-aeca-4ad4-b3e0-b94d557cd46e,dott_stuttgart,2026-05-21 15:25:40+02,POINT (9.177769 48.774435)
DOJ:Vehicle:cfc21ae3-a643-40b4-a6b6-11df99d11735,dott_stuttgart,2026-05-21 15:25:44+02,POINT (9.157313 48.786218)
DOJ:Vehicle:c7214579-5ff0-4125-9689-8c21ab9e7b56,dott_stuttgart,2026-05-21 15:25:47+02,POINT (9.159717 48.776742)
DOJ:Vehicle:52afc068-5f53-4d8e-a04c-a4fbf1c231c7,dott_stuttgart,2026-05-21 15:25:55+02,POINT (9.198987 48.790193)
DOJ:Vehicle:37d948aa-d4ea-4657-9585-3b39a6085a99,dott_stuttgart,2026-05-21 15:25:57+02,POINT (9.19381 48.784021)
DOJ:Vehicle:b9189c45-7213-435f-927f-95638501f3cb,dott_stuttgart,2026-05-21 15:25:58+02,POINT (9.154538 48.759057)
DOJ:Vehicle:ac851654-ebb3-4714-9650-d9319dc7a513,dott_stuttgart,2026-05-21 15:26:04+02,POINT (9.147185 48.770747)
DOJ:Vehicle:187251b2-e36e-42da-b864-56d5c71b14d4,dott_stuttgart,2026-05-21 15:26:07+02,POINT (9.167367 48.767115)
DOJ:Vehicle:2b0c0d34-3e1b-444e-836c-a69e86d5c9cf,dott_stuttgart,2026-05-21 15:26:15+02,POINT (9.177774 48.766465)
DOJ:Vehicle:f5a369f4-976d-482e-85f2-a1a9eac1b72f,dott_stuttgart,2026-05-21 15:26:16+02,POINT (9.230636 48.799482)
DOJ:Vehicle:f2077484-ad61-4fbc-9c38-a7f711f7947f,dott_stuttgart,2026-05-21 15:26:17+02,POINT (9.214432 48.802342)
DOJ:Vehicle:99141a8f-f54e-4993-b08a-9b025a159166,dott_stuttgart,2026-05-21 15:26:18+02,POINT (9.173742 48.763353)
DOJ:Vehicle:93345104-2c7b-49d9-b8ce-fa64a3fde305,dott_stuttgart,2026-05-21 15:26:22+02,POINT (9.177789 48.774405)
DOJ:Vehicle:5cde40e2-e1ec-4e7e-a6e1-2ee8b2ec5b12,dott_stuttgart,2026-05-21 15:26:25+02,POINT (9.170341 48.763763)
DOJ:Vehicle:c75dc0ae-edee-4726-bf54-c326383dd049,dott_stuttgart,2026-05-21 15:26:27+02,POINT (9.177519 48.779924)
DOJ:Vehicle:98aebc59-2ff0-43d3-b968-4c0c87ca0c8a,dott_stuttgart,2026-05-21 15:26:33+02,POINT (9.184153 48.791468)
DOJ:Vehicle:9e98f378-2ddf-4c20-ab8c-15618013be86,dott_stuttgart,2026-05-21 15:26:36+02,POINT (9.181909 48.78262)
DOJ:Vehicle:7f7e7575-7d4a-4afe-ab22-1af2c83b9c9f,dott_stuttgart,2026-05-21 15:26:48+02,POINT (9.168805 48.762426)
DOJ:Vehicle:dbe94b5b-60f8-42c7-998c-2f5d6698a32a,dott_stuttgart,2026-05-21 15:26:56+02,POINT (9.141575 48.771358)
DOJ:Vehicle:a5814752-b5fd-4637-80bd-1b372588a6ca,dott_stuttgart,2026-05-21 15:27:00+02,POINT (9.181139 48.778912)
DOJ:Vehicle:a1e788c2-520d-431f-aa03-37974efc541e,dott_stuttgart,2026-05-21 15:27:01+02,POINT (9.173769 48.816784)
DOJ:Vehicle:6bd55e6c-396e-4855-8e08-b78413d9db95,dott_stuttgart,2026-05-21 15:27:09+02,POINT (9.225179 48.796747)
DOJ:Vehicle:7c5a9025-d5d2-4e90-ab42-8834ce6b703c,dott_stuttgart,2026-05-21 15:27:14+02,POINT (9.171301 48.775166)
DOJ:Vehicle:5fd04c76-617c-48ba-9b15-7155631094d7,dott_stuttgart,2026-05-21 15:27:17+02,POINT (9.223787 48.801917)
DOJ:Vehicle:41a42e87-446c-4da4-810a-cc58a23c5d20,dott_stuttgart,2026-05-21 15:27:19+02,POINT (9.190381 48.779376)
DOJ:Vehicle:5773fd4b-88ce-4d3a-908b-05ac4c26ad30,dott_stuttgart,2026-05-21 15:27:22+02,POINT (9.181474 48.775147)
DOJ:Vehicle:b6dcbb84-6b53-4a49-abfb-a0c647cbdc64,dott_stuttgart,2026-05-21 15:27:28+02,POINT (9.15066 48.768946)
DOJ:Vehicle:1bbf26c7-930d-4699-96d2-ef7b4644b321,dott_stuttgart,2026-05-21 15:27:30+02,POINT (9.198161 48.77425)
DOJ:Vehicle:0d5fbb35-6bb8-47c1-8b27-65243aa99999,dott_stuttgart,2026-05-21 15:27:31+02,POINT (9.209456 48.784974)
DOJ:Vehicle:79a12a68-1a1c-4318-ad90-175a2541870c,dott_stuttgart,2026-05-21 15:27:33+02,POINT (9.148272 48.806013)
DOJ:Vehicle:39798f60-9b26-403e-97df-e088128d9aa6,dott_stuttgart,2026-05-21 15:27:38+02,POINT (9.17913 48.782242)
DOJ:Vehicle:14338275-d5fb-4d5b-a5c3-80694512296f,dott_stuttgart,2026-05-21 15:27:40+02,POINT (9.191862 48.793923)
DOJ:Vehicle:90691dce-4e86-4e36-baa4-d86890912e87,dott_stuttgart,2026-05-21 15:27:45+02,POINT (9.168402 48.782494)
DOJ:Vehicle:ae9a16bd-4fec-4dfd-9dc1-cf85ad28fc5f,dott_stuttgart,2026-05-21 15:28:01+02,POINT (9.184903 48.801573)
DOJ:Vehicle:04d85b38-7a71-4a5c-bb53-c6273746bc99,dott_stuttgart,2026-05-21 15:28:03+02,POINT (9.175635 48.781852)
DOJ:Vehicle:f40d55f1-fbc6-46bf-8a40-1e05bb1b9cb0,dott_stuttgart,2026-05-21 15:28:04+02,POINT (9.204048 48.786694)
DOJ:Vehicle:b6788952-6c13-4c75-9015-e80bbe789331,dott_stuttgart,2026-05-21 15:28:08+02,POINT (9.145852 48.771877)
DOJ:Vehicle:3f751de1-229d-469c-8e1b-5536c427c601,dott_stuttgart,2026-05-21 15:28:12+02,POINT (9.17587 48.760308)
DOJ:Vehicle:4323c16c-c28c-4020-8e30-1abf25fa9b41,dott_stuttgart,2026-05-21 15:28:16+02,POINT (9.191328 48.779571)
DOJ:Vehicle:db39716a-b899-4e56-a7fc-9f98b74287f8,dott_stuttgart,2026-05-21 15:28:42+02,POINT (9.181957 48.782636)
DOJ:Vehicle:da680562-cea0-4554-a26e-b7423b196f49,dott_stuttgart,2026-05-21 15:28:46+02,POINT (9.192846 48.782989)
DOJ:Vehicle:bc86f95a-4f6d-4937-b0ce-28d4bc6c0e03,dott_stuttgart,2026-05-21 15:28:57+02,POINT (9.180425 48.800308)
DOJ:Vehicle:e465093c-2527-4536-9552-fbd7f0004dd6,dott_stuttgart,2026-05-21 15:28:59+02,POINT (9.164511 48.834728)
DOJ:Vehicle:ef9b0524-3dfa-4835-bc73-d8857dbebc26,dott_stuttgart,2026-05-21 15:28:59+02,POINT (9.151432 48.774961)
DOJ:Vehicle:5ae81e06-0e36-408d-bd0a-648beff52b55,dott_stuttgart,2026-05-21 15:29:04+02,POINT (9.140651 48.76876)
DOJ:Vehicle:5ec18ab9-8392-4763-be97-7a98971fda83,dott_stuttgart,2026-05-21 15:29:06+02,POINT (9.175763 48.763662)
DOJ:Vehicle:f38a50b3-7567-45f2-8697-6d81f71bf2ea,dott_stuttgart,2026-05-21 15:29:22+02,POINT (9.174208 48.762053)
DOJ:Vehicle:dad0d38a-0fcb-4e42-831b-f7189dbd4715,dott_stuttgart,2026-05-21 15:29:24+02,POINT (9.208713 48.795741)
DOJ:Vehicle:23d7e29c-1a1b-4f59-beda-61a2c5bbf29a,dott_stuttgart,2026-05-21 15:29:30+02,POINT (9.172797 48.77053)
DOJ:Vehicle:984d9439-d0bb-400c-b374-e9c169b7c41f,dott_stuttgart,2026-05-21 15:29:42+02,POINT (9.148963 48.778871)
DOJ:Vehicle:981e6f68-fca3-4f12-9c18-447c20923b45,dott_stuttgart,2026-05-21 15:29:53+02,POINT (9.186634 48.778358)
DOJ:Vehicle:f8aa417a-7231-4311-b314-ab98ba715764,dott_stuttgart,2026-05-21 15:30:11+02,POINT (9.199123 48.786601)
DOJ:Vehicle:fdf85cbe-1059-4974-bba2-febeffb2ddd2,dott_stuttgart,2026-05-21 15:30:11+02,POINT (9.176026 48.788792)
DOJ:Vehicle:9da5b932-42fd-4f03-8de1-e093c2524103,dott_stuttgart,2026-05-21 15:30:17+02,POINT (9.18046 48.762915)
DOJ:Vehicle:dad1360f-47f0-4681-96e1-e6656b8aa3b2,dott_stuttgart,2026-05-21 15:30:23+02,POINT (9.197845 48.801418)
DOJ:Vehicle:2cfd547b-daea-4def-8ae3-98c12d45ba50,dott_stuttgart,2026-05-21 15:30:42+02,POINT (9.170432 48.787549)
DOJ:Vehicle:8c219daa-cad2-40bb-bb27-38db05131382,dott_stuttgart,2026-05-21 15:30:43+02,POINT (9.170293 48.787481)
DOJ:Vehicle:72e4b9e4-b604-4397-9cca-3b3d984fa4ec,dott_stuttgart,2026-05-21 15:30:44+02,POINT (9.171913 48.811616)
DOJ:Vehicle:d8c83f8d-b23c-4713-87da-2a09e50887ce,dott_stuttgart,2026-05-21 15:30:53+02,POINT (9.195142 48.80179)
DOJ:Vehicle:02d4bc56-f637-44b1-a572-df832fbc14bc,dott_stuttgart,2026-05-21 15:30:56+02,POINT (9.186187 48.764047)
DOJ:Vehicle:2905cfe8-d93d-4b4e-b3b0-811462a5647c,dott_stuttgart,2026-05-21 15:30:57+02,POINT (9.174689 48.785349)
DOJ:Vehicle:ea844736-1e6d-48e4-a40d-e3a38345042a,dott_stuttgart,2026-05-21 15:30:59+02,POINT (9.18232 48.787582)
DOJ:Vehicle:dfdc01ca-e7e7-4c7c-be67-bffd68ce3070,dott_stuttgart,2026-05-21 15:31:03+02,POINT (9.16296 48.759903)
DOJ:Vehicle:3402fc4e-0b29-4bbd-bc6a-4d257701237e,dott_stuttgart,2026-05-21 15:31:05+02,POINT (9.178699 48.796281)
DOJ:Vehicle:3b41b585-b51e-40a4-ab8e-4abf5f6e6139,dott_stuttgart,2026-05-21 15:31:15+02,POINT (9.165816 48.780823)
DOJ:Vehicle:84af082e-13b7-4e88-9ef3-398d149c86e6,dott_stuttgart,2026-05-21 15:31:25+02,POINT (9.181413 48.790677)
DOJ:Vehicle:5deb1662-ad88-4ea4-9d9c-faa0f7b28e52,dott_stuttgart,2026-05-21 15:31:39+02,POINT (9.169399 48.81488)
DOJ:Vehicle:6caa01fe-2f2d-4f82-9345-f8cc0e3ec437,dott_stuttgart,2026-05-21 15:31:46+02,POINT (9.161872 48.768279)
DOJ:Vehicle:d76d95e7-c534-470a-9295-aa7e5f6da6f5,dott_stuttgart,2026-05-21 15:31:47+02,POINT (9.166058 48.780224)
DOJ:Vehicle:2105a2b2-c5b7-4548-b6a8-5bedf457b459,dott_stuttgart,2026-05-21 15:31:53+02,POINT (9.185763 48.776729)
DOJ:Vehicle:80d8c0f2-7aae-40b5-85ed-718f7dcf00b9,dott_stuttgart,2026-05-21 15:32:00+02,POINT (9.193402 48.784186)
DOJ:Vehicle:2a0c00fd-48fd-43b5-b24a-f4e5a3856f27,dott_stuttgart,2026-05-21 15:32:04+02,POINT (9.168001 48.795657)
DOJ:Vehicle:3bfd6f92-3f63-414a-8ab6-cdd525d60f95,dott_stuttgart,2026-05-21 15:32:10+02,POINT (9.173139 48.777649)
DOJ:Vehicle:d72a49de-f4a1-4f9e-b676-2832f817ea46,dott_stuttgart,2026-05-21 15:32:24+02,POINT (9.153599 48.791758)
DOJ:Vehicle:312628c1-729d-41e9-9f7b-d40c3c4f85a6,dott_stuttgart,2026-05-21 15:32:27+02,POINT (9.206644 48.787332)
DOJ:Vehicle:93eefaeb-25aa-4170-a700-59f218c31bd5,dott_stuttgart,2026-05-21 15:32:35+02,POINT (9.182756 48.789858)
DOJ:Vehicle:ce0ee7ca-0d59-410d-804d-bb55901538fb,dott_stuttgart,2026-05-21 15:32:36+02,POINT (9.14614 48.783876)
DOJ:Vehicle:be786cf9-4dec-4db3-b7d7-ac437551f413,dott_stuttgart,2026-05-21 15:32:38+02,POINT (9.148161 48.733858)
DOJ:Vehicle:a4c2b5fb-435e-4de3-a9cb-d4f57ae2e9ce,dott_stuttgart,2026-05-21 15:32:47+02,POINT (9.155833 48.812839)
DOJ:Vehicle:e41c0f97-096c-4483-95ef-23b272324928,dott_stuttgart,2026-05-21 15:32:50+02,POINT (9.195462 48.785065)
DOJ:Vehicle:8641ef2f-3238-42a6-8bcc-d9ca153c2530,dott_stuttgart,2026-05-21 15:32:58+02,POINT (9.178217 48.784213)
DOJ:Vehicle:d07cd47f-f412-4d4e-98e1-7a82b0e3be69,dott_stuttgart,2026-05-21 15:32:58+02,POINT (9.186115 48.765565)
DOJ:Vehicle:3a818c42-5743-4b80-a776-4829aaf4a143,dott_stuttgart,2026-05-21 15:32:59+02,POINT (9.160028 48.804958)
DOJ:Vehicle:64aa4de1-8e7d-48c8-b5dc-f8f3932cd339,dott_stuttgart,2026-05-21 15:32:59+02,POINT (9.14227 48.771553)
DOJ:Vehicle:9f87f9ce-be8f-46ff-aa95-ad00c5b73735,dott_stuttgart,2026-05-21 15:33:08+02,POINT (9.180275 48.783273)
DOJ:Vehicle:cc71e8d7-389a-418f-9fdb-bfe0d71b4e9f,dott_stuttgart,2026-05-21 15:33:08+02,POINT (9.149512 48.772615)
DOJ:Vehicle:54b42204-a3db-4393-96ab-b114c86b4441,dott_stuttgart,2026-05-21 15:33:11+02,POINT (9.164017 48.762415)
DOJ:Vehicle:c2d46245-ab13-4107-bc9f-bb649086c251,dott_stuttgart,2026-05-21 15:33:15+02,POINT (9.173461 48.785752)
DOJ:Vehicle:36a7766f-f6ee-42af-9101-767d93ac0b73,dott_stuttgart,2026-05-21 15:33:19+02,POINT (9.172277 48.779392)
DOJ:Vehicle:a1cee55e-7ebc-402a-9b42-4a16ceb360c3,dott_stuttgart,2026-05-21 15:33:20+02,POINT (9.178524 48.791847)
DOJ:Vehicle:33d7d305-5465-48bf-84e8-f8ebc7fd364c,dott_stuttgart,2026-05-21 15:33:37+02,POINT (9.186121 48.765548)
DOJ:Vehicle:ede3c4a8-8c39-4f56-a332-d3d58642e99f,dott_stuttgart,2026-05-21 15:33:40+02,POINT (9.174555 48.772389)
DOJ:Vehicle:f0fc83d5-0cb4-4a3d-85f2-7c01d6412cee,dott_stuttgart,2026-05-21 15:33:50+02,POINT (9.177689 48.774457)
DOJ:Vehicle:ad25ac02-dd36-4c91-9e08-6fd71a7628df,dott_stuttgart,2026-05-21 15:33:51+02,POINT (9.167227 48.764113)
DOJ:Vehicle:feb78a71-7f1e-4a98-844c-d00e0694064d,dott_stuttgart,2026-05-21 15:33:51+02,POINT (9.124583 48.742289)
DOJ:Vehicle:0fb06054-da94-4f09-93ab-815de63e4c8b,dott_stuttgart,2026-05-21 15:33:56+02,POINT (9.174527 48.772399)
DOJ:Vehicle:3af77e01-4387-48b6-a05a-3892868e1b9f,dott_stuttgart,2026-05-21 15:33:56+02,POINT (9.179975 48.781985)
DOJ:Vehicle:07d0640e-2fb9-4c4b-8a6d-67a1a1dbca1f,dott_stuttgart,2026-05-21 15:34:00+02,POINT (9.158117 48.770103)
LMG:Vehicle:2RDDEFXFNWZGV,lime_bw,2026-05-21 15:38:15+02,POINT (9.178333 48.790213)
DOJ:Vehicle:f7470240-5dd6-4512-a335-9ed537f71a11,dott_stuttgart,2026-05-21 15:16:30+02,POINT (9.185198 48.798499)
DOJ:Vehicle:6016d49a-e8fa-4096-a4bd-c12e1b6b7d8e,dott_stuttgart,2026-05-21 15:17:19+02,POINT (9.149483 48.78103)
DOJ:Vehicle:2bc6631c-ada4-4a56-81fc-3c3a056cd9b7,dott_stuttgart,2026-05-21 15:17:37+02,POINT (9.185521 48.763472)
DOJ:Vehicle:db3b5cd6-ba42-4b2a-8883-d3694d0f37a1,dott_stuttgart,2026-05-21 15:17:52+02,POINT (9.161033 48.786637)
DOJ:Vehicle:f800a42a-6499-476e-be7e-199de0c8d18f,dott_stuttgart,2026-05-21 15:18:32+02,POINT (9.131224 48.743639)
DOJ:Vehicle:77db4b80-5990-4055-b34e-ec91885e1bde,dott_stuttgart,2026-05-21 15:19:16+02,POINT (9.172228 48.762225)
DOJ:Vehicle:0427708d-f364-4c3b-86e5-ae6eab7f3485,dott_stuttgart,2026-05-21 15:19:19+02,POINT (9.197369 48.783198)
DOJ:Vehicle:e3aa4da4-6400-4070-8d50-e533e6ed4631,dott_stuttgart,2026-05-21 15:19:19+02,POINT (9.137171 48.812882)
DOJ:Vehicle:7d4e17c3-9526-484f-8664-248219c8841f,dott_stuttgart,2026-05-21 15:19:22+02,POINT (9.150476 48.807885)
DOJ:Vehicle:81e07f7f-76e3-4c05-9c1d-852a81265580,dott_stuttgart,2026-05-21 15:19:23+02,POINT (9.159397 48.773487)
DOJ:Vehicle:6e3b03be-a4f2-4846-a71c-d3c5c6291056,dott_stuttgart,2026-05-21 15:19:44+02,POINT (9.173063 48.786872)
DOJ:Vehicle:855386e7-47f7-45f8-a394-d14e8192174d,dott_stuttgart,2026-05-21 15:19:53+02,POINT (9.167514 48.785796)
DOJ:Vehicle:02631abc-bbe1-4773-80f5-da47cb18dd6d,dott_stuttgart,2026-05-21 15:20:02+02,POINT (9.163858 48.797336)
DOJ:Vehicle:2a15ad79-2761-4741-9e53-dcff2ceffb99,dott_stuttgart,2026-05-21 15:20:17+02,POINT (9.125521 48.740019)
DOJ:Vehicle:5faaaebc-5470-4016-987b-3ec3caba66d8,dott_stuttgart,2026-05-21 15:20:24+02,POINT (9.18302 48.787115)
DOJ:Vehicle:77c9186f-2961-4b82-9563-dfc7c191c59d,dott_stuttgart,2026-05-21 15:20:25+02,POINT (9.183961 48.789322)
DOJ:Vehicle:b5c278d1-97ab-4cc1-a8e8-067d860f1bb2,dott_stuttgart,2026-05-21 15:20:27+02,POINT (9.190469 48.782737)
DOJ:Vehicle:d54e1c61-51b2-48aa-a085-187ae6a6030c,dott_stuttgart,2026-05-21 15:21:06+02,POINT (9.205728 48.808973)
DOJ:Vehicle:87a14bf8-8af5-4fe3-99b7-e5240a0fd7c7,dott_stuttgart,2026-05-21 15:21:08+02,POINT (9.193506 48.78394)
DOJ:Vehicle:5b7d56b0-4356-4cc2-88fd-ac752a789e5f,dott_stuttgart,2026-05-21 15:21:13+02,POINT (9.161421 48.762305)
DOJ:Vehicle:5f7cd964-b63a-4a98-8397-a24c515d295a,dott_stuttgart,2026-05-21 15:21:16+02,POINT (9.180203 48.783258)
DOJ:Vehicle:52ea2e06-a85c-44f3-acd7-829f04996981,dott_stuttgart,2026-05-21 15:21:18+02,POINT (9.179674 48.794516)
DOJ:Vehicle:b51a4d43-509f-4ad4-b56b-9bd530fa1d05,dott_stuttgart,2026-05-21 15:21:31+02,POINT (9.166878 48.782142)
DOJ:Vehicle:d4cfc7e3-0de4-4af9-b6dc-b22566885d88,dott_stuttgart,2026-05-21 15:21:35+02,POINT (9.182431 48.782502)
DOJ:Vehicle:26bb2fa3-4bdc-4a8c-bade-f0900cb8b560,dott_stuttgart,2026-05-21 15:21:37+02,POINT (9.165841 48.775406)
DOJ:Vehicle:47063b71-445c-4a37-a217-ba9119282e5a,dott_stuttgart,2026-05-21 15:21:46+02,POINT (9.163737 48.766378)
DOJ:Vehicle:52ce9b21-0c6e-408e-8ed7-b56b49c07aca,dott_stuttgart,2026-05-21 15:21:46+02,POINT (9.163764 48.766362)
DOJ:Vehicle:c995d568-1d8e-4263-b521-56668df4cdc4,dott_stuttgart,2026-05-21 15:21:58+02,POINT (9.180818 48.801494)
DOJ:Vehicle:d9a7998c-0d25-4c61-8d28-5cebd24aa302,dott_stuttgart,2026-05-21 15:22:12+02,POINT (9.177723 48.760135)
DOJ:Vehicle:a3ecd8ea-fdec-483a-a33e-31991d0f9f46,dott_stuttgart,2026-05-21 15:22:17+02,POINT (9.15728 48.786216)
DOJ:Vehicle:b4cfc1dd-9ebc-44df-8b64-bdd221c000d8,dott_stuttgart,2026-05-21 15:22:17+02,POINT (9.193409 48.776093)
DOJ:Vehicle:02efa107-ece2-4a52-808d-53202f1b4538,dott_stuttgart,2026-05-21 15:22:27+02,POINT (9.157471 48.786225)
DOJ:Vehicle:cda707d2-c9fa-4c34-b84c-15cae2a71676,dott_stuttgart,2026-05-21 15:22:27+02,POINT (9.225091 48.796137)
DOJ:Vehicle:819a2e83-299c-4c92-976b-0c82a5fefd72,dott_stuttgart,2026-05-21 15:22:34+02,POINT (9.173953 48.774153)
DOJ:Vehicle:c5c1b33e-943a-4077-aebc-f43625a7066b,dott_stuttgart,2026-05-21 15:22:41+02,POINT (9.167435 48.762808)
DOJ:Vehicle:aa368064-54cc-4439-ba19-de5755d5fedb,dott_stuttgart,2026-05-21 15:23:03+02,POINT (9.181964 48.782637)
DOJ:Vehicle:efb080b5-6e1b-4ff6-a2bb-acdfb23f66ca,dott_stuttgart,2026-05-21 15:23:09+02,POINT (9.159648 48.780727)
DOJ:Vehicle:a88174cc-2348-4948-a975-ee068d169348,dott_stuttgart,2026-05-21 15:23:10+02,POINT (9.156685 48.783721)
DOJ:Vehicle:359d1ee4-bcfe-4ce6-9aaa-de71e0a001bb,dott_stuttgart,2026-05-21 15:23:11+02,POINT (9.170999 48.760891)
DOJ:Vehicle:f4b9e048-f759-4152-b582-9cd765a21934,dott_stuttgart,2026-05-21 15:23:17+02,POINT (9.161765 48.783658)
DOJ:Vehicle:fa07c533-99c6-4200-bfe5-bec49306e3c7,dott_stuttgart,2026-05-21 15:23:19+02,POINT (9.172978 48.782481)
DOJ:Vehicle:7bd78cd1-570b-4fda-9e0a-1651f0a1f39d,dott_stuttgart,2026-05-21 15:23:21+02,POINT (9.171328 48.766773)
DOJ:Vehicle:8ea65de6-53bc-4610-8af7-0ea5a63d0461,dott_stuttgart,2026-05-21 15:23:28+02,POINT (9.170894 48.772064)
DOJ:Vehicle:3a012a52-d2af-47f6-8376-5f20406afa51,dott_stuttgart,2026-05-21 15:23:30+02,POINT (9.190023 48.76787)
DOJ:Vehicle:f19de118-e4b0-4256-9cd8-701747fe8b30,dott_stuttgart,2026-05-21 15:23:31+02,POINT (9.146194 48.764777)
DOJ:Vehicle:9c0fa7ac-b65d-4eef-bd7b-0c5bcbe33321,dott_stuttgart,2026-05-21 15:23:37+02,POINT (9.188411 48.77062)
DOJ:Vehicle:3432a743-08fc-494a-bdf2-28b82ba4642a,dott_stuttgart,2026-05-21 15:23:39+02,POINT (9.167776 48.830075)
DOJ:Vehicle:b6aa8971-0bdc-4816-8e27-ec8c0855c79f,dott_stuttgart,2026-05-21 15:23:49+02,POINT (9.177786 48.766527)
DOJ:Vehicle:84cc416a-ac67-4d31-913c-6b8b82d7bede,dott_stuttgart,2026-05-21 15:23:57+02,POINT (9.155338 48.784845)
DOJ:Vehicle:b780c353-6bf3-44a1-98a2-d543d40a6b47,dott_stuttgart,2026-05-21 15:23:57+02,POINT (9.139737 48.775767)
DOJ:Vehicle:1a6ddf83-ea48-425a-924d-46ea1cbc7343,dott_stuttgart,2026-05-21 15:24:01+02,POINT (9.189512 48.764488)
DOJ:Vehicle:053d8a43-f270-4ba2-92f8-cfcadcfbd526,dott_stuttgart,2026-05-21 15:24:03+02,POINT (9.178212 48.802337)
DOJ:Vehicle:3ccdf5f0-fffb-4df2-9c4b-7c07cb923ef5,dott_stuttgart,2026-05-21 15:24:12+02,POINT (9.215214 48.809435)
DOJ:Vehicle:305e714c-0618-445f-b59f-7f147d5259a9,dott_stuttgart,2026-05-21 15:24:39+02,POINT (9.171689 48.780473)
DOJ:Vehicle:f6359daa-39d3-4304-8030-c9ad51b6a110,dott_stuttgart,2026-05-21 15:24:44+02,POINT (9.146295 48.774537)
DOJ:Vehicle:136c22e5-f7ff-4243-8932-6a9f12df7026,dott_stuttgart,2026-05-21 15:24:47+02,POINT (9.179806 48.809355)
DOJ:Vehicle:ed1ab16e-7cbe-48c0-babf-f1801045908f,dott_stuttgart,2026-05-21 15:24:50+02,POINT (9.185555 48.763492)
DOJ:Vehicle:41d212a9-78e4-49a6-a72d-f0a30952cd8a,dott_stuttgart,2026-05-21 15:24:54+02,POINT (9.136225 48.764937)
DOJ:Vehicle:5126054f-bc60-40e1-a0a3-7b793a9415df,dott_stuttgart,2026-05-21 15:24:54+02,POINT (9.17816 48.809237)
DOJ:Vehicle:f1cf8238-90f6-4043-901f-3d58702e22a3,dott_stuttgart,2026-05-21 15:24:57+02,POINT (9.180543 48.775964)
DOJ:Vehicle:fbc610f0-5909-4603-a7e2-2b7ea3985532,dott_stuttgart,2026-05-21 15:24:57+02,POINT (9.190572 48.765256)
DOJ:Vehicle:4ff54abc-24e6-4563-971f-c996c9afebd8,dott_stuttgart,2026-05-21 15:24:59+02,POINT (9.170728 48.774464)
DOJ:Vehicle:2c41728c-990c-4987-b9e5-0ef2ff392c86,dott_stuttgart,2026-05-21 15:25:01+02,POINT (9.169353 48.772473)
DOJ:Vehicle:5196cc9d-ae97-4309-b001-c082786a8742,dott_stuttgart,2026-05-21 15:25:01+02,POINT (9.179104 48.787744)
DOJ:Vehicle:91a73963-1a48-4c19-95e5-326b22679cfb,dott_stuttgart,2026-05-21 15:25:02+02,POINT (9.177952 48.78904)
DOJ:Vehicle:03515646-9611-49dd-86d8-e5e95f1e0356,dott_stuttgart,2026-05-21 15:25:06+02,POINT (9.167736 48.773016)
DOJ:Vehicle:230e75ef-3156-49e3-9048-bb299abeb36e,dott_stuttgart,2026-05-21 15:25:06+02,POINT (9.155215 48.732445)
DOJ:Vehicle:7e806849-9777-4edd-8ce5-af9dcdc82f58,dott_stuttgart,2026-05-21 15:25:11+02,POINT (9.163119 48.77049)
DOJ:Vehicle:67104f76-cd53-4fff-b0f0-a8505d4dd01d,dott_stuttgart,2026-05-21 15:25:17+02,POINT (9.176081 48.789287)
DOJ:Vehicle:21232edc-0863-485c-a3ff-a48c1415804e,dott_stuttgart,2026-05-21 15:25:23+02,POINT (9.170342 48.761499)
DOJ:Vehicle:be8548f4-b423-4cdc-bfd1-0909db806b9a,dott_stuttgart,2026-05-21 15:25:25+02,POINT (9.142929 48.772309)
DOJ:Vehicle:c8f1b561-2969-49c7-82c6-2f23d9bc2499,dott_stuttgart,2026-05-21 15:25:26+02,POINT (9.174594 48.829875)
DOJ:Vehicle:31fb5cbe-f9ee-494d-9473-e7583e83b770,dott_stuttgart,2026-05-21 15:25:33+02,POINT (9.149779 48.810834)
DOJ:Vehicle:5dfc01a0-53a6-447b-92a7-a60ea1a624d5,dott_stuttgart,2026-05-21 15:26:16+02,POINT (9.175039 48.7911)
DOJ:Vehicle:e80e0ce7-ff41-4f6f-9f68-449173418aaf,dott_stuttgart,2026-05-21 15:26:21+02,POINT (9.187135 48.765436)
DOJ:Vehicle:27d8c3c2-68e5-4b41-96a2-ef85fb8211d0,dott_stuttgart,2026-05-21 15:26:23+02,POINT (9.186141 48.764015)
DOJ:Vehicle:0f81db36-9b77-4321-8807-53ba93774b97,dott_stuttgart,2026-05-21 15:26:32+02,POINT (9.143436 48.757656)
DOJ:Vehicle:9e008112-57dc-4737-ad6b-e2a7e68588f6,dott_stuttgart,2026-05-21 15:26:47+02,POINT (9.167223 48.783851)
DOJ:Vehicle:94602b8f-5877-4b55-af68-5473d5ddb4b0,dott_stuttgart,2026-05-21 15:26:57+02,POINT (9.181988 48.775302)
DOJ:Vehicle:c0d67c59-e890-46c7-a8c3-456dfc0cdf12,dott_stuttgart,2026-05-21 15:27:02+02,POINT (9.18006 48.783314)
DOJ:Vehicle:90657b00-7af6-42d0-ba64-fcd401c823de,dott_stuttgart,2026-05-21 15:27:03+02,POINT (9.208809 48.797336)
DOJ:Vehicle:c9539cdb-00fd-47ef-bf9e-5f53a04ef754,dott_stuttgart,2026-05-21 15:27:05+02,POINT (9.136402 48.775335)
DOJ:Vehicle:5120ad7e-3822-473f-a9cb-c3230aa10e97,dott_stuttgart,2026-05-21 15:27:11+02,POINT (9.163402 48.782366)
DOJ:Vehicle:07b38ec0-5f22-413e-94d0-7b995a2ca6dc,dott_stuttgart,2026-05-21 15:27:16+02,POINT (9.171767 48.758144)
DOJ:Vehicle:47806e46-be0f-460f-ae38-b3c760516ed0,dott_stuttgart,2026-05-21 15:27:17+02,POINT (9.171619 48.774813)
DOJ:Vehicle:e7db7b95-6641-4f87-bded-9c657b9654e7,dott_stuttgart,2026-05-21 15:27:30+02,POINT (9.238465 48.789419)
DOJ:Vehicle:63c20329-82e4-4a19-bbe5-cad559336e2d,dott_stuttgart,2026-05-21 15:27:31+02,POINT (9.153554 48.784211)
DOJ:Vehicle:ccaf5dff-546a-46f1-9061-d73d09aebd83,dott_stuttgart,2026-05-21 15:27:31+02,POINT (9.169537 48.832231)
DOJ:Vehicle:6b732141-5ebe-4c92-9079-7e750c7a68a7,dott_stuttgart,2026-05-21 15:27:46+02,POINT (9.161373 48.781236)
DOJ:Vehicle:3d2bbec5-aeb8-4c41-af61-36f447bd762e,dott_stuttgart,2026-05-21 15:27:50+02,POINT (9.157553 48.732131)
DOJ:Vehicle:0346b8c7-2cfc-4454-99c0-fbfcb96a7da3,dott_stuttgart,2026-05-21 15:27:54+02,POINT (9.155532 48.771282)
DOJ:Vehicle:8fe2d02a-50bf-4dd9-8575-828bdbf849e3,dott_stuttgart,2026-05-21 15:27:55+02,POINT (9.219717 48.803455)
DOJ:Vehicle:bfc845fa-684d-4195-9820-a13b90fd2427,dott_stuttgart,2026-05-21 15:27:55+02,POINT (9.167568 48.814064)
DOJ:Vehicle:eedde767-8b20-4811-b047-46f126c45fdc,dott_stuttgart,2026-05-21 15:27:55+02,POINT (9.18556 48.763345)
DOJ:Vehicle:1373df44-2c4a-4571-bb31-41f2818aac41,dott_stuttgart,2026-05-21 15:27:57+02,POINT (9.183061 48.787112)
DOJ:Vehicle:43d821bc-e692-4138-92db-d82df13476cd,dott_stuttgart,2026-05-21 15:28:04+02,POINT (9.139345 48.803462)
DOJ:Vehicle:00d67ec5-18af-4f3b-b66e-8d5394562f34,dott_stuttgart,2026-05-21 15:28:07+02,POINT (9.194514 48.783475)
DOJ:Vehicle:02604319-5086-44cf-bf30-11fc62ca8932,dott_stuttgart,2026-05-21 15:28:07+02,POINT (9.235607 48.788862)
DOJ:Vehicle:545b65a9-dab8-4042-a1e1-4e66ef0aff81,dott_stuttgart,2026-05-21 15:28:08+02,POINT (9.158071 48.758608)
DOJ:Vehicle:bf2fc3f3-86d7-4047-a006-c9333dbbd02a,dott_stuttgart,2026-05-21 15:28:13+02,POINT (9.174566 48.783363)
DOJ:Vehicle:2e38ffc8-1f66-4254-ac3c-4364f7c2b487,dott_stuttgart,2026-05-21 15:28:17+02,POINT (9.164657 48.78977)
DOJ:Vehicle:eab4a360-4689-434b-b519-68c1a184fc53,dott_stuttgart,2026-05-21 15:28:17+02,POINT (9.166807 48.766293)
DOJ:Vehicle:2ea0c952-26a1-49b9-bea5-9f226e22fffe,dott_stuttgart,2026-05-21 15:28:33+02,POINT (9.166051 48.78033)
DOJ:Vehicle:3f5e2fbc-a4ce-4cfb-b13e-967c7e07cc68,dott_stuttgart,2026-05-21 15:28:39+02,POINT (9.194184 48.783632)
DOJ:Vehicle:8b405b9e-046c-48ae-9f1f-08eb50740997,dott_stuttgart,2026-05-21 15:28:40+02,POINT (9.156665 48.787005)
DOJ:Vehicle:ed657790-8686-4e7f-8b86-24f32cc17b79,dott_stuttgart,2026-05-21 15:28:51+02,POINT (9.182065 48.787556)
DOJ:Vehicle:04620fb5-a7e9-48b5-9264-078e6bd0a42e,dott_stuttgart,2026-05-21 15:28:52+02,POINT (9.152953 48.764202)
DOJ:Vehicle:b4ff93d5-6cba-4220-915a-bbadc451c505,dott_stuttgart,2026-05-21 15:28:56+02,POINT (9.169274 48.772004)
DOJ:Vehicle:7d07ae1a-1a40-41ca-9261-ff9832ceab60,dott_stuttgart,2026-05-21 15:28:59+02,POINT (9.210736 48.78516)
DOJ:Vehicle:cbd3ff36-5514-4e5f-a31b-928419e504bd,dott_stuttgart,2026-05-21 15:28:59+02,POINT (9.176838 48.780835)
DOJ:Vehicle:fde1fd9c-48ae-4a33-869b-8a9eac615ebc,dott_stuttgart,2026-05-21 15:28:59+02,POINT (9.190466 48.765226)
DOJ:Vehicle:7ee86664-d1df-4b6f-a167-14ea45a303f1,dott_stuttgart,2026-05-21 15:29:07+02,POINT (9.161951 48.790721)
DOJ:Vehicle:5492da82-700b-47a2-a79f-6b24555ed98d,dott_stuttgart,2026-05-21 15:29:09+02,POINT (9.178579 48.784085)
DOJ:Vehicle:93eeed5b-a8b8-49a4-a0f2-4f6c5e785ab7,dott_stuttgart,2026-05-21 15:29:12+02,POINT (9.162223 48.754621)
DOJ:Vehicle:363eb28a-a38f-4981-bdcd-fe9d7ae4fcd2,dott_stuttgart,2026-05-21 15:29:14+02,POINT (9.139875 48.767806)
DOJ:Vehicle:86c0a7c9-3ff7-411b-bdd0-fd37801ec3de,dott_stuttgart,2026-05-21 15:29:15+02,POINT (9.143183 48.810172)
DOJ:Vehicle:e8b50bc2-f944-46c4-b741-2cc51dbf0a08,dott_stuttgart,2026-05-21 15:29:19+02,POINT (9.169595 48.775888)
DOJ:Vehicle:d3c2e180-b140-48f5-bb12-3b923b6a2aa6,dott_stuttgart,2026-05-21 15:29:20+02,POINT (9.190516 48.765258)
DOJ:Vehicle:c10752f7-b1eb-4475-b244-8e7edc6dfaff,dott_stuttgart,2026-05-21 15:30:00+02,POINT (9.174503 48.77561)
DOJ:Vehicle:96e2a558-23c5-4a69-a2d3-b24bc43c86cf,dott_stuttgart,2026-05-21 15:30:02+02,POINT (9.145323 48.808402)
DOJ:Vehicle:f4229d65-db10-4b6d-bd35-301eb46f881e,dott_stuttgart,2026-05-21 15:30:06+02,POINT (9.185567 48.763502)
DOJ:Vehicle:782b3468-0a99-46ce-a182-d83d46af2113,dott_stuttgart,2026-05-21 15:30:07+02,POINT (9.188224 48.765266)
DOJ:Vehicle:a5f855b6-023e-484a-b5e6-5e3ea0215d9f,dott_stuttgart,2026-05-21 15:30:09+02,POINT (9.16878 48.765454)
DOJ:Vehicle:2bc699bc-864a-4de1-bc71-178890163b95,dott_stuttgart,2026-05-21 15:30:15+02,POINT (9.17712 48.791213)
DOJ:Vehicle:58c01de7-196c-466d-b4f0-697b4e3f3daa,dott_stuttgart,2026-05-21 15:30:23+02,POINT (9.190524 48.765212)
DOJ:Vehicle:19f4ae6f-9f37-402f-ac64-8a01c4e93832,dott_stuttgart,2026-05-21 15:30:24+02,POINT (9.201416 48.779421)
DOJ:Vehicle:6faf478e-aca5-4dd5-9985-6263c651c380,dott_stuttgart,2026-05-21 15:30:24+02,POINT (9.146854 48.807103)
DOJ:Vehicle:6d179a62-eafa-4fac-b7dc-4cf1ad9f4180,dott_stuttgart,2026-05-21 15:30:28+02,POINT (9.20865 48.795363)
DOJ:Vehicle:8744ed6c-f64b-42f7-9df7-aa87db304d67,dott_stuttgart,2026-05-21 15:30:32+02,POINT (9.14794 48.777177)
DOJ:Vehicle:c7b2752d-3bcf-43be-b08d-7be99fe18f7d,dott_stuttgart,2026-05-21 15:30:41+02,POINT (9.202564 48.770892)
DOJ:Vehicle:f90dfa72-c844-4d9a-a7b1-df665ab4e269,dott_stuttgart,2026-05-21 15:30:42+02,POINT (9.157105 48.772984)
DOJ:Vehicle:51723fdf-3f96-4b85-a3bc-e1f77216157e,dott_stuttgart,2026-05-21 15:30:57+02,POINT (9.160325 48.759889)
DOJ:Vehicle:34e1eeb8-6d9c-4770-a07c-01f654bd77c9,dott_stuttgart,2026-05-21 15:30:58+02,POINT (9.178337 48.764907)
DOJ:Vehicle:9498b819-92d7-41f0-8d8a-46f1012676b5,dott_stuttgart,2026-05-21 15:31:01+02,POINT (9.166653 48.783854)
DOJ:Vehicle:3aed6711-a171-485f-9483-7a75b5acf927,dott_stuttgart,2026-05-21 15:31:02+02,POINT (9.190303 48.779321)
DOJ:Vehicle:974dd310-dec0-499a-b9a9-e7ac8900eac3,dott_stuttgart,2026-05-21 15:31:07+02,POINT (9.158151 48.758434)
DOJ:Vehicle:9874a471-e189-4317-b7d6-0d04750d590f,dott_stuttgart,2026-05-21 15:31:16+02,POINT (9.204282 48.808808)
DOJ:Vehicle:575aa28c-85c0-4cf8-9e9f-0b45ee3ab301,dott_stuttgart,2026-05-21 15:31:21+02,POINT (9.166608 48.78386)
DOJ:Vehicle:3f65a452-a109-4c15-bc6d-974302a7fff2,dott_stuttgart,2026-05-21 15:31:23+02,POINT (9.178075 48.815581)
DOJ:Vehicle:42b377f5-73d3-44f2-94de-3474b2c0a20b,dott_stuttgart,2026-05-21 15:31:27+02,POINT (9.226941 48.796013)
DOJ:Vehicle:608fac2c-0ff5-43e9-bc54-3ce8d8285777,dott_stuttgart,2026-05-21 15:31:29+02,POINT (9.184825 48.77804)
DOJ:Vehicle:a735d26f-1aed-4687-b310-14fcf657f1c6,dott_stuttgart,2026-05-21 15:31:42+02,POINT (9.18808 48.765012)
DOJ:Vehicle:a0c828c7-3cf1-4488-955b-4a0f7787c5d9,dott_stuttgart,2026-05-21 15:31:44+02,POINT (9.177601 48.780124)
DOJ:Vehicle:25c21588-1389-4f95-9ac1-5b84431d5032,dott_stuttgart,2026-05-21 15:31:54+02,POINT (9.220689 48.788226)
DOJ:Vehicle:36af5114-f5bf-4651-aaa8-9845b368f590,dott_stuttgart,2026-05-21 15:31:55+02,POINT (9.174039 48.785158)
DOJ:Vehicle:e4a71938-71e1-400c-931e-51cf57cca9d0,dott_stuttgart,2026-05-21 15:31:55+02,POINT (9.142232 48.804259)
DOJ:Vehicle:1914ef26-2e3c-4d08-8937-fdf17371af77,dott_stuttgart,2026-05-21 15:32:04+02,POINT (9.137728 48.775667)
DOJ:Vehicle:d26ca943-d866-4cd0-bf87-2e9812dbc4aa,dott_stuttgart,2026-05-21 15:32:04+02,POINT (9.182255 48.787536)
DOJ:Vehicle:12a65bc0-7b3b-42a6-8bce-d0aff167e154,dott_stuttgart,2026-05-21 15:32:10+02,POINT (9.191376 48.771788)
DOJ:Vehicle:c2781681-3eb1-4002-8b4c-b9c31a0b40be,dott_stuttgart,2026-05-21 15:32:13+02,POINT (9.177181 48.759352)
DOJ:Vehicle:90ae4afc-1cac-4002-95bb-8e02c6c2f6e4,dott_stuttgart,2026-05-21 15:32:24+02,POINT (9.174054 48.782908)
DOJ:Vehicle:9df7f134-16cc-425f-8865-4bcadde4e8cc,dott_stuttgart,2026-05-21 15:32:25+02,POINT (9.218081 48.802077)
DOJ:Vehicle:d86f5c25-a819-45f2-b6c8-54eb1b88c35f,dott_stuttgart,2026-05-21 15:32:30+02,POINT (9.181997 48.782546)
DOJ:Vehicle:681d8922-0e00-4d54-bdc4-5a72887f555f,dott_stuttgart,2026-05-21 15:32:36+02,POINT (9.192941 48.81985)
DOJ:Vehicle:26b2ad23-2adb-4f78-ab54-cd10f03aac86,dott_stuttgart,2026-05-21 15:32:37+02,POINT (9.161547 48.772687)
DOJ:Vehicle:db01708a-098a-472e-a045-3011dac3a074,dott_stuttgart,2026-05-21 15:32:46+02,POINT (9.146844 48.807176)
DOJ:Vehicle:31b99bc7-b277-4191-a944-d85b43e73986,dott_stuttgart,2026-05-21 15:32:50+02,POINT (9.180096 48.790842)
DOJ:Vehicle:dc33a104-0fc3-48e7-9623-1f640cdd38b1,dott_stuttgart,2026-05-21 15:32:56+02,POINT (9.195312 48.784252)
DOJ:Vehicle:7846b7e1-e099-47f0-ad91-d7c4a3d44288,dott_stuttgart,2026-05-21 15:33:09+02,POINT (9.168241 48.78754)
DOJ:Vehicle:53b24525-5a6f-4054-8b1c-2c7bd945b915,dott_stuttgart,2026-05-21 15:33:17+02,POINT (9.157206 48.780622)
DOJ:Vehicle:b3e6207e-3aa9-4f1b-9ee2-98bbecdf8edf,dott_stuttgart,2026-05-21 15:33:20+02,POINT (9.189788 48.783705)
DOJ:Vehicle:eae9e46b-aefa-46a6-a609-1b75e680a08b,dott_stuttgart,2026-05-21 15:33:20+02,POINT (9.182023 48.776406)
DOJ:Vehicle:2d96f399-6972-43e6-bdd8-4e22c5297720,dott_stuttgart,2026-05-21 15:33:23+02,POINT (9.167466 48.776056)
DOJ:Vehicle:2f646402-9d7c-486b-b98b-8cab2888ef6e,dott_stuttgart,2026-05-21 15:33:29+02,POINT (9.179 48.782193)
DOJ:Vehicle:24d52182-089f-4241-a1dc-de6ff4a67f09,dott_stuttgart,2026-05-21 15:33:30+02,POINT (9.160064 48.781212)
DOJ:Vehicle:074fe6fc-e47f-4b9b-ab2a-1e54f441a355,dott_stuttgart,2026-05-21 15:33:37+02,POINT (9.187304 48.816773)
DOJ:Vehicle:bde9999b-fd8b-4db6-a36b-d20d3129bae9,dott_stuttgart,2026-05-21 15:33:37+02,POINT (9.18618 48.765454)
DOJ:Vehicle:c6c49d1f-8a6e-4052-8c4c-7d68866ec6af,dott_stuttgart,2026-05-21 15:33:38+02,POINT (9.171853 48.777605)
DOJ:Vehicle:244045f5-e230-4a40-9a09-f10155d2da82,dott_stuttgart,2026-05-21 15:33:43+02,POINT (9.190542 48.765297)
DOJ:Vehicle:8a3897d4-4f02-4dae-ad85-26f8dbf2c297,dott_stuttgart,2026-05-21 15:33:50+02,POINT (9.163962 48.7905)
DOJ:Vehicle:8569b9b1-dead-4236-ab39-62b9bff1468a,dott_stuttgart,2026-05-21 15:33:58+02,POINT (9.173765 48.779792)
DOJ:Vehicle:7f8a3728-6685-444a-a1fe-77800cc69f9e,dott_stuttgart,2026-05-21 15:34:00+02,POINT (9.149143 48.777125)
DOJ:Vehicle:2b6ca836-d498-4c37-ba74-d0599a3d9e0c,dott_stuttgart,2026-05-21 15:34:02+02,POINT (9.186666 48.778403)
DOJ:Vehicle:f69d4bcd-2ffe-4c3e-bf7a-20106e53abc5,dott_stuttgart,2026-05-21 15:16:28+02,POINT (9.185531 48.763476)
DOJ:Vehicle:390813cf-b053-495a-af62-fb728fe07fd0,dott_stuttgart,2026-05-21 15:16:37+02,POINT (9.167584 48.814006)
DOJ:Vehicle:bafa5c78-a744-45a9-909b-9bf209c8cbf1,dott_stuttgart,2026-05-21 15:16:52+02,POINT (9.168574 48.775849)
DOJ:Vehicle:3006d7a3-a041-4ca3-9b06-6c096f9accf3,dott_stuttgart,2026-05-21 15:17:16+02,POINT (9.169804 48.770663)
DOJ:Vehicle:e27bf912-714a-42e9-9ff6-9e3f6d90480b,dott_stuttgart,2026-05-21 15:17:20+02,POINT (9.165854 48.765695)
DOJ:Vehicle:52f7b961-6dff-4dbf-9d93-a5a40a15f7d1,dott_stuttgart,2026-05-21 15:17:22+02,POINT (9.152672 48.764085)
DOJ:Vehicle:9e413021-117b-4d0f-9f42-ee0ab5fa8fa2,dott_stuttgart,2026-05-21 15:17:32+02,POINT (9.177692 48.772052)
DOJ:Vehicle:a0f5d340-bef2-437b-8cf2-b6c40e87c5c6,dott_stuttgart,2026-05-21 15:17:47+02,POINT (9.174482 48.775791)
DOJ:Vehicle:ba94df85-260e-40c9-a2d8-3d058de0670c,dott_stuttgart,2026-05-21 15:17:51+02,POINT (9.176019 48.788778)
DOJ:Vehicle:ea36f814-902f-4bf4-9281-6d01c12137a5,dott_stuttgart,2026-05-21 15:17:55+02,POINT (9.172574 48.766403)
DOJ:Vehicle:086cf7e3-709e-41e3-b7ee-0e14033f1977,dott_stuttgart,2026-05-21 15:18:07+02,POINT (9.164697 48.777814)
DOJ:Vehicle:fc1f9374-db3c-4c43-bd49-bf1962be8af9,dott_stuttgart,2026-05-21 15:18:07+02,POINT (9.156183 48.76458)
DOJ:Vehicle:212caea6-cbfb-411b-85c3-9b81d4991ad5,dott_stuttgart,2026-05-21 15:18:09+02,POINT (9.174552 48.775729)
DOJ:Vehicle:dc383808-becc-4346-8ca9-d65fadffdcd8,dott_stuttgart,2026-05-21 15:18:13+02,POINT (9.170294 48.78638)
DOJ:Vehicle:0029b1fe-d211-4c84-a8c4-c51d4bb29fe3,dott_stuttgart,2026-05-21 15:18:21+02,POINT (9.168122 48.765658)
DOJ:Vehicle:fa17bb1e-5e1a-47da-8dd9-c7694e55b851,dott_stuttgart,2026-05-21 15:18:22+02,POINT (9.174479 48.775699)
DOJ:Vehicle:1956843d-6618-43c6-89b1-76aa36dbe55f,dott_stuttgart,2026-05-21 15:18:30+02,POINT (9.187489 48.768066)
DOJ:Vehicle:65d61a5b-f48b-4781-aea0-be5055ef2d54,dott_stuttgart,2026-05-21 15:18:30+02,POINT (9.175063 48.791067)
DOJ:Vehicle:2c9e163b-9041-47b3-b15f-f42ac5ff73da,dott_stuttgart,2026-05-21 15:18:32+02,POINT (9.167315 48.78382)
DOJ:Vehicle:d58fbea7-642a-4310-8c7b-85a36a50dd75,dott_stuttgart,2026-05-21 15:18:36+02,POINT (9.143174 48.771283)
DOJ:Vehicle:88d2e520-7baf-4500-97f0-e447a6ba3487,dott_stuttgart,2026-05-21 15:18:40+02,POINT (9.150708 48.767939)
DOJ:Vehicle:106019c4-45e7-4389-a554-63fb9605beee,dott_stuttgart,2026-05-21 15:18:41+02,POINT (9.199378 48.815995)
DOJ:Vehicle:064c8433-9025-4783-bd7f-46b43dee86c3,dott_stuttgart,2026-05-21 15:18:51+02,POINT (9.113556 48.738132)
DOJ:Vehicle:61c68a4e-22f1-441b-814a-3cb266b3a973,dott_stuttgart,2026-05-21 15:18:51+02,POINT (9.143906 48.773802)
DOJ:Vehicle:981e0ab6-d287-4d96-b315-bb8076098e6c,dott_stuttgart,2026-05-21 15:19:06+02,POINT (9.163113 48.804215)
DOJ:Vehicle:32ae49a4-90ee-42a1-8b57-578d9e21f7ab,dott_stuttgart,2026-05-21 15:19:07+02,POINT (9.173596 48.787908)
DOJ:Vehicle:fb373a80-fb78-4704-ad93-407b030ad423,dott_stuttgart,2026-05-21 15:19:07+02,POINT (9.181116 48.786657)
DOJ:Vehicle:22cc0baf-fc7e-4d76-b6e5-44d458fa92d8,dott_stuttgart,2026-05-21 15:19:15+02,POINT (9.181122 48.774784)
DOJ:Vehicle:39b9abd8-fd45-41a6-85ad-a6756323f1d9,dott_stuttgart,2026-05-21 15:19:17+02,POINT (9.168808 48.763646)
DOJ:Vehicle:d242d450-482e-40b5-a9be-012404b78860,dott_stuttgart,2026-05-21 15:19:24+02,POINT (9.147614 48.783594)
DOJ:Vehicle:94da5309-9212-412e-8147-2b8043c5ad55,dott_stuttgart,2026-05-21 15:19:33+02,POINT (9.193301 48.794846)
DOJ:Vehicle:64e9d215-dc9a-4892-8761-6d1aed8de86e,dott_stuttgart,2026-05-21 15:19:35+02,POINT (9.155635 48.764082)
DOJ:Vehicle:e296b042-1bb1-481f-b392-09b0da87ca23,dott_stuttgart,2026-05-21 15:19:43+02,POINT (9.171194 48.775155)
DOJ:Vehicle:2ec58f31-f24b-46e6-beb3-3e5c0d745499,dott_stuttgart,2026-05-21 15:19:47+02,POINT (9.177712 48.780592)
DOJ:Vehicle:7b9503b8-0fe6-4982-952a-7e0a4a8a50d1,dott_stuttgart,2026-05-21 15:19:55+02,POINT (9.202553 48.779985)
DOJ:Vehicle:feaf708e-3195-4c07-b554-fb72549e05a8,dott_stuttgart,2026-05-21 15:20:00+02,POINT (9.143181 48.810176)
DOJ:Vehicle:6f59092f-e561-467f-a2d7-fcc62dd44212,dott_stuttgart,2026-05-21 15:20:03+02,POINT (9.150814 48.774738)
DOJ:Vehicle:35148055-1eda-428e-a34a-6e4e63122db6,dott_stuttgart,2026-05-21 15:20:08+02,POINT (9.155134 48.768131)
DOJ:Vehicle:ea33c160-5e8b-405d-b55d-239acf8e5628,dott_stuttgart,2026-05-21 15:20:21+02,POINT (9.199844 48.782434)
DOJ:Vehicle:ba8554ad-03db-4ed3-8f8e-15d3debdaaed,dott_stuttgart,2026-05-21 15:20:23+02,POINT (9.169245 48.789274)
DOJ:Vehicle:14a2ec1f-1d9a-40c0-b17b-f4e246e24d55,dott_stuttgart,2026-05-21 15:20:24+02,POINT (9.181937 48.782621)
DOJ:Vehicle:2c5796b4-68f5-42e2-a79f-700a6b0eb190,dott_stuttgart,2026-05-21 15:20:26+02,POINT (9.191432 48.794795)
DOJ:Vehicle:83236ebe-3892-4c24-9061-1de9c647094d,dott_stuttgart,2026-05-21 15:20:28+02,POINT (9.177167 48.791207)
DOJ:Vehicle:a552617a-35c7-4979-a341-3a7dd3652499,dott_stuttgart,2026-05-21 15:20:28+02,POINT (9.192682 48.775653)
DOJ:Vehicle:2319908f-1d94-4f1a-97c7-c7ba6e365886,dott_stuttgart,2026-05-21 15:20:29+02,POINT (9.152736 48.782478)
DOJ:Vehicle:6f0263a5-5e4e-4a72-b9e0-40e6d4ed780e,dott_stuttgart,2026-05-21 15:20:29+02,POINT (9.174776 48.78519)
DOJ:Vehicle:dc4aa549-3108-4ea0-9ef5-22c5849bd969,dott_stuttgart,2026-05-21 15:20:29+02,POINT (9.143092 48.810159)
DOJ:Vehicle:84292d92-1a2b-4a01-b7a1-50136f01ea99,dott_stuttgart,2026-05-21 15:20:30+02,POINT (9.183828 48.771043)
DOJ:Vehicle:48768838-a01d-4bbb-bf7b-1d5039720b5d,dott_stuttgart,2026-05-21 15:20:43+02,POINT (9.1452 48.753739)
DOJ:Vehicle:b2560567-41cb-4957-8f59-70f197554f89,dott_stuttgart,2026-05-21 15:20:45+02,POINT (9.172912 48.770363)
DOJ:Vehicle:1abf3ba9-2c57-4b64-9d2d-fd25ea88b5b1,dott_stuttgart,2026-05-21 15:20:51+02,POINT (9.14222 48.757233)
DOJ:Vehicle:36b8cde4-2f8c-4e45-ae69-bee9a78f9750,dott_stuttgart,2026-05-21 15:20:51+02,POINT (9.173037 48.786854)
DOJ:Vehicle:f8f45653-2998-4995-a59c-a43f261a9068,dott_stuttgart,2026-05-21 15:20:56+02,POINT (9.213491 48.800718)
DOJ:Vehicle:7d6eed79-78f6-4741-a018-375717cdc8fa,dott_stuttgart,2026-05-21 15:20:58+02,POINT (9.196094 48.786047)
DOJ:Vehicle:b8a098d0-b856-43f7-9bc4-f069d75ffcf3,dott_stuttgart,2026-05-21 15:20:59+02,POINT (9.203462 48.786619)
DOJ:Vehicle:7a055de9-97ef-4dbe-b341-aa1e6036aefa,dott_stuttgart,2026-05-21 15:21:19+02,POINT (9.179279 48.78254)
DOJ:Vehicle:22239118-d149-4fee-bbeb-56712f4334c5,dott_stuttgart,2026-05-21 15:21:23+02,POINT (9.178909 48.78386)
DOJ:Vehicle:17d01005-7850-4d3d-a424-d8eb3e49ea4f,dott_stuttgart,2026-05-21 15:21:24+02,POINT (9.149379 48.769464)
DOJ:Vehicle:ab1e611b-22e9-42f1-b821-7e1d0313d9da,dott_stuttgart,2026-05-21 15:21:25+02,POINT (9.171013 48.775487)
DOJ:Vehicle:eaae3685-edc9-4f93-8e29-0137cbbe4725,dott_stuttgart,2026-05-21 15:21:27+02,POINT (9.1704 48.764046)
DOJ:Vehicle:9d79508b-5cc5-46d0-af9e-70b87d9dfa63,dott_stuttgart,2026-05-21 15:21:32+02,POINT (9.151116 48.7834)
DOJ:Vehicle:865e7e40-0dec-409c-981f-32c8bb168b80,dott_stuttgart,2026-05-21 15:21:33+02,POINT (9.143676 48.769996)
DOJ:Vehicle:b16e94c0-7227-47c4-ac2c-b775c714262f,dott_stuttgart,2026-05-21 15:21:33+02,POINT (9.147185 48.768124)
DOJ:Vehicle:b5d47f3e-4f86-4331-aaac-ad0044cb7675,dott_stuttgart,2026-05-21 15:21:42+02,POINT (9.219742 48.803542)
DOJ:Vehicle:7f2f9385-ccee-4919-afab-674140438c1b,dott_stuttgart,2026-05-21 15:21:43+02,POINT (9.183022 48.802983)
DOJ:Vehicle:8cc3613f-9771-484e-918f-08495a571f60,dott_stuttgart,2026-05-21 15:21:44+02,POINT (9.16153 48.767994)
DOJ:Vehicle:24fc451d-49f6-4ac4-b115-9a79dc3c43f9,dott_stuttgart,2026-05-21 15:21:50+02,POINT (9.197788 48.787092)
DOJ:Vehicle:a9bff99b-c0d6-4553-a524-3f33275697de,dott_stuttgart,2026-05-21 15:21:56+02,POINT (9.187058 48.765421)
DOJ:Vehicle:503c8835-4658-4acd-a5d0-6e72a2caf441,dott_stuttgart,2026-05-21 15:22:00+02,POINT (9.180936 48.786669)
DOJ:Vehicle:92a64387-b060-4845-80b2-562d79e55526,dott_stuttgart,2026-05-21 15:22:00+02,POINT (9.1895 48.7645)
DOJ:Vehicle:9d0875e2-7c9c-4da1-aaea-cf5495609ba0,dott_stuttgart,2026-05-21 15:22:00+02,POINT (9.16664 48.776872)
DOJ:Vehicle:6c02136d-ed31-47f2-b909-aee5190cd369,dott_stuttgart,2026-05-21 15:22:05+02,POINT (9.178965 48.791057)
DOJ:Vehicle:4e5d7823-22e9-41cd-928f-9d8b81e44e29,dott_stuttgart,2026-05-21 15:22:06+02,POINT (9.158412 48.803249)
DOJ:Vehicle:e329a4f1-675b-4e31-b2d8-492f8c75e955,dott_stuttgart,2026-05-21 15:22:08+02,POINT (9.138255 48.779256)
DOJ:Vehicle:e35fefab-8c9d-4e87-94af-3da909fc535d,dott_stuttgart,2026-05-21 15:22:15+02,POINT (9.19445 48.783493)
DOJ:Vehicle:86c8cb6f-63a8-47dd-a766-b99390c8a246,dott_stuttgart,2026-05-21 15:22:21+02,POINT (9.199968 48.784182)
DOJ:Vehicle:5a314bea-789e-447f-8b80-3dc4cc8a5ba2,dott_stuttgart,2026-05-21 15:22:28+02,POINT (9.169819 48.77278)
DOJ:Vehicle:ee451a52-7a36-4bd9-8217-7f78da177b5a,dott_stuttgart,2026-05-21 15:22:28+02,POINT (9.155142 48.787531)
DOJ:Vehicle:dac03888-dc43-443a-8c35-46ed4da0b34d,dott_stuttgart,2026-05-21 15:22:33+02,POINT (9.18373 48.790396)
DOJ:Vehicle:e9a1bc3d-ec0f-409b-acd9-6b22eeddafa0,dott_stuttgart,2026-05-21 15:22:34+02,POINT (9.183784 48.803595)
DOJ:Vehicle:88236f09-1b3a-4520-a57a-72937597fbac,dott_stuttgart,2026-05-21 15:22:35+02,POINT (9.168149 48.762899)
DOJ:Vehicle:7ba50c98-c421-4ea3-a24a-589059d147af,dott_stuttgart,2026-05-21 15:22:38+02,POINT (9.18275 48.789886)
DOJ:Vehicle:bb896a31-7e03-45f9-b911-c064abc2e6d3,dott_stuttgart,2026-05-21 15:22:39+02,POINT (9.200526 48.787034)
DOJ:Vehicle:387385e7-eaaa-441e-b3f2-9e273085b97e,dott_stuttgart,2026-05-21 15:22:48+02,POINT (9.235594 48.788816)
DOJ:Vehicle:77c865b8-bf0e-4810-a824-840c6da071c4,dott_stuttgart,2026-05-21 15:22:48+02,POINT (9.177778 48.762359)
DOJ:Vehicle:f5705f26-ab8f-4caa-b1fb-c40d28279b50,dott_stuttgart,2026-05-21 15:22:49+02,POINT (9.151004 48.768809)
DOJ:Vehicle:65d43263-ffd0-4cad-a631-d536ace8bdbf,dott_stuttgart,2026-05-21 15:22:54+02,POINT (9.168888 48.813307)
DOJ:Vehicle:da41fc9d-ccaa-422d-9a01-c613b44a42ce,dott_stuttgart,2026-05-21 15:23:02+02,POINT (9.172511 48.75765)
DOJ:Vehicle:07a26dce-31d9-49df-a96c-f0f6b6250729,dott_stuttgart,2026-05-21 15:23:06+02,POINT (9.187951 48.767738)
DOJ:Vehicle:a02f9762-1775-441c-80de-666344cdfe59,dott_stuttgart,2026-05-21 15:23:07+02,POINT (9.189471 48.782636)
DOJ:Vehicle:c1c8cbf7-991b-46ab-af0b-6f24dc3f92ef,dott_stuttgart,2026-05-21 15:23:07+02,POINT (9.205373 48.787144)
DOJ:Vehicle:a2eb1b0e-2ea4-4ae0-8962-c852db40864e,dott_stuttgart,2026-05-21 15:23:08+02,POINT (9.164183 48.81305)
DOJ:Vehicle:c09dd80d-c3fa-480f-9e7f-134effbfe315,dott_stuttgart,2026-05-21 15:23:08+02,POINT (9.188085 48.778713)
DOJ:Vehicle:b93d2f4a-d876-4127-9a7a-18d12ce89737,dott_stuttgart,2026-05-21 15:23:09+02,POINT (9.208714 48.795744)
DOJ:Vehicle:a5358807-8fa8-4a1b-8dd8-2316ba39f8b2,dott_stuttgart,2026-05-21 15:23:12+02,POINT (9.154854 48.80647)
DOJ:Vehicle:af938f52-7b52-4155-b5b9-24a336e8b3a9,dott_stuttgart,2026-05-21 15:23:12+02,POINT (9.175083 48.791001)
DOJ:Vehicle:e3c8e29f-3487-4c58-bd45-ea8ecfbe6a02,dott_stuttgart,2026-05-21 15:23:13+02,POINT (9.185336 48.798635)
DOJ:Vehicle:e324be09-9786-4b02-a66e-99ec0560121f,dott_stuttgart,2026-05-21 15:23:16+02,POINT (9.194859 48.77274)
DOJ:Vehicle:7da058fd-af22-434f-9e4f-2fc518914683,dott_stuttgart,2026-05-21 15:23:18+02,POINT (9.169933 48.817245)
DOJ:Vehicle:5b2bbae6-46e2-4831-a69c-be098e924ccc,dott_stuttgart,2026-05-21 15:23:19+02,POINT (9.17454 48.775715)
DOJ:Vehicle:91766eee-c886-4748-b07d-e92fd53d868f,dott_stuttgart,2026-05-21 15:23:25+02,POINT (9.148553 48.762645)
DOJ:Vehicle:01c35f4b-022e-46db-bacc-cf3516fd2dfb,dott_stuttgart,2026-05-21 15:23:27+02,POINT (9.18002 48.783342)
DOJ:Vehicle:4edcef76-6446-4668-b22e-c5d33626d6f0,dott_stuttgart,2026-05-21 15:23:30+02,POINT (9.174836 48.773335)
DOJ:Vehicle:d574e985-b34d-4bea-af86-ea7bfe42d6fc,dott_stuttgart,2026-05-21 15:23:30+02,POINT (9.167661 48.763326)
DOJ:Vehicle:4e3b333a-4585-4952-8f3a-4d6a0fc20667,dott_stuttgart,2026-05-21 15:23:32+02,POINT (9.171691 48.780474)
DOJ:Vehicle:ef01b669-1fb0-47e8-a53b-164da1952ddf,dott_stuttgart,2026-05-21 15:23:44+02,POINT (9.152257 48.768949)
DOJ:Vehicle:1f8bb6e7-489a-4d1d-a094-e1ca2d3125a8,dott_stuttgart,2026-05-21 15:23:45+02,POINT (9.166701 48.805765)
DOJ:Vehicle:9d3bbfda-10ee-4e83-b1e2-775584554187,dott_stuttgart,2026-05-21 15:23:45+02,POINT (9.176212 48.785122)
DOJ:Vehicle:e905088a-6e4c-490b-b11f-00349119be29,dott_stuttgart,2026-05-21 15:23:46+02,POINT (9.146466 48.725537)
DOJ:Vehicle:dfc24e6e-3533-4973-8115-1bfd60de0304,dott_stuttgart,2026-05-21 15:23:49+02,POINT (9.191146 48.797203)
DOJ:Vehicle:04acea53-d806-485e-8846-5bdfc76859ca,dott_stuttgart,2026-05-21 15:23:53+02,POINT (9.192608 48.782668)
DOJ:Vehicle:980cc44f-385c-4649-8c05-deb3cade57ac,dott_stuttgart,2026-05-21 15:23:54+02,POINT (9.161106 48.757188)
DOJ:Vehicle:cc07cc9f-09c8-43cf-a4e6-9132b1eaad9a,dott_stuttgart,2026-05-21 15:23:57+02,POINT (9.180545 48.759507)
DOJ:Vehicle:920e2cf0-440c-4a69-8cd8-7fa81a7b5f45,dott_stuttgart,2026-05-21 15:24:01+02,POINT (9.146893 48.784012)
DOJ:Vehicle:4ce2abeb-15f5-4a95-96e5-806eefb7b919,dott_stuttgart,2026-05-21 15:24:06+02,POINT (9.188227 48.765257)
DOJ:Vehicle:6157519e-2220-416f-a442-9b0a1bf6e15f,dott_stuttgart,2026-05-21 15:24:07+02,POINT (9.180877 48.794142)
DOJ:Vehicle:9ee7aeac-765b-4f24-a0ce-1d8731e9dce2,dott_stuttgart,2026-05-21 15:24:08+02,POINT (9.168697 48.792336)
DOJ:Vehicle:688f2884-023d-47b7-8f49-f8ced9ccc53e,dott_stuttgart,2026-05-21 15:24:11+02,POINT (9.185539 48.763439)
DOJ:Vehicle:08afbed6-238a-4b4c-845d-82fd922c9aaa,dott_stuttgart,2026-05-21 15:24:12+02,POINT (9.125874 48.742468)
DOJ:Vehicle:1086496d-6acf-4f48-9b02-ef7dd91e57ad,dott_stuttgart,2026-05-21 15:24:12+02,POINT (9.153295 48.764231)
DOJ:Vehicle:f0de4882-a50c-4ee3-b72f-d142b7352b7a,dott_stuttgart,2026-05-21 15:24:13+02,POINT (9.201856 48.785521)
DOJ:Vehicle:f84c6887-4c72-4140-8ea3-20bd72a3ed25,dott_stuttgart,2026-05-21 15:24:16+02,POINT (9.193615 48.783862)
DOJ:Vehicle:472f02df-afd2-46ce-a021-627118c54cb0,dott_stuttgart,2026-05-21 15:24:21+02,POINT (9.171916 48.794183)
DOJ:Vehicle:4e177fdc-c1f1-4576-a736-9b0546f6be93,dott_stuttgart,2026-05-21 15:24:21+02,POINT (9.146265 48.774734)
DOJ:Vehicle:0fbaff42-f05d-430f-a86a-687683bf436f,dott_stuttgart,2026-05-21 15:24:22+02,POINT (9.162391 48.776257)
DOJ:Vehicle:a6769271-a0aa-4873-b56d-64c4f911dc41,dott_stuttgart,2026-05-21 15:24:22+02,POINT (9.176127 48.797535)
DOJ:Vehicle:0039efc1-9657-4a04-be28-e9c1af610af3,dott_stuttgart,2026-05-21 15:24:31+02,POINT (9.177024 48.761066)
DOJ:Vehicle:e3cad629-96ef-4fe9-a584-4475f9e585bb,dott_stuttgart,2026-05-21 15:24:34+02,POINT (9.164667 48.765393)
DOJ:Vehicle:fdc22db7-9787-4674-9ffa-a81266d8d7bd,dott_stuttgart,2026-05-21 15:24:36+02,POINT (9.178155 48.773332)
DOJ:Vehicle:f540faeb-ef81-4a26-8cbe-cbff7439141a,dott_stuttgart,2026-05-21 15:24:37+02,POINT (9.147064 48.771815)
DOJ:Vehicle:ac7fc543-4afd-4aa6-8dd2-8f275a51dc24,dott_stuttgart,2026-05-21 15:24:39+02,POINT (9.19282 48.779695)
DOJ:Vehicle:10d7e8cc-1867-4d24-ad61-72ba3793a7f4,dott_stuttgart,2026-05-21 15:24:42+02,POINT (9.197757 48.767235)
DOJ:Vehicle:b1b909d9-b526-4ed8-99b3-a7f3284bc99b,dott_stuttgart,2026-05-21 15:24:42+02,POINT (9.192755 48.782848)
DOJ:Vehicle:388adf67-976e-4041-a182-ca77590578bd,dott_stuttgart,2026-05-21 15:24:44+02,POINT (9.173272 48.761051)
DOJ:Vehicle:71b192fc-3a46-4ae6-829f-cac76f924f79,dott_stuttgart,2026-05-21 15:24:45+02,POINT (9.154572 48.806492)
DOJ:Vehicle:c093ac16-5ea6-4889-9e1e-efa2df18b0f6,dott_stuttgart,2026-05-21 15:24:45+02,POINT (9.192029 48.794033)
DOJ:Vehicle:6458f730-6f79-4c8d-9654-4675f0cad5da,dott_stuttgart,2026-05-21 15:24:50+02,POINT (9.152708 48.782467)
DOJ:Vehicle:fc9f8e88-72e4-4f2f-834a-e4f4ec1557c4,dott_stuttgart,2026-05-21 15:24:54+02,POINT (9.157678 48.764464)
DOJ:Vehicle:9e3defda-f8e9-432f-8bea-e658208b296f,dott_stuttgart,2026-05-21 15:24:56+02,POINT (9.195277 48.784273)
DOJ:Vehicle:33ba0196-773c-4bee-9f1a-c294ec40bf51,dott_stuttgart,2026-05-21 15:25:03+02,POINT (9.171934 48.768082)
DOJ:Vehicle:4e3a36e2-4da9-4e51-b305-938d0d6371bd,dott_stuttgart,2026-05-21 15:25:08+02,POINT (9.235556 48.788851)
DOJ:Vehicle:dc7d9369-4e95-4c76-af8d-478a70f7feb4,dott_stuttgart,2026-05-21 15:25:09+02,POINT (9.151619 48.805055)
DOJ:Vehicle:f3e83b45-6349-49d3-8f8c-99c00476a182,dott_stuttgart,2026-05-21 15:25:10+02,POINT (9.193005 48.779131)
DOJ:Vehicle:82a0d28f-1b6a-4777-ba5e-fc8a4ff55faf,dott_stuttgart,2026-05-21 15:25:12+02,POINT (9.181054 48.774721)
DOJ:Vehicle:8521981e-f8be-46c4-99c6-73c1face9604,dott_stuttgart,2026-05-21 15:25:12+02,POINT (9.134462 48.745218)
DOJ:Vehicle:e64269ce-f27f-40f2-be50-ce0cba445d68,dott_stuttgart,2026-05-21 15:25:20+02,POINT (9.163718 48.766356)
DOJ:Vehicle:02313de9-30dc-4d1f-b853-4e4f2ec2c4a9,dott_stuttgart,2026-05-21 15:25:23+02,POINT (9.174806 48.778643)
DOJ:Vehicle:ceda3ca5-a06b-464f-86a5-8784af55206b,dott_stuttgart,2026-05-21 15:25:23+02,POINT (9.17498 48.773265)
DOJ:Vehicle:37d55f35-287a-4452-b7a0-8b722fe7ca84,dott_stuttgart,2026-05-21 15:25:25+02,POINT (9.174474 48.775785)
DOJ:Vehicle:cfe48db2-90f0-4e86-b4ab-97880052dd3c,dott_stuttgart,2026-05-21 15:25:26+02,POINT (9.165037 48.766126)
DOJ:Vehicle:b6598f4e-e988-4e01-ba2c-96e728ea5b06,dott_stuttgart,2026-05-21 15:25:30+02,POINT (9.172188 48.786551)
DOJ:Vehicle:03b548cd-0968-40bc-a54f-d1bd031d9696,dott_stuttgart,2026-05-21 15:25:39+02,POINT (9.163501 48.765677)
DOJ:Vehicle:88d94026-f9fe-4aa6-badb-bb5cedd339ad,dott_stuttgart,2026-05-21 15:25:39+02,POINT (9.194657 48.773885)
DOJ:Vehicle:61fe041a-aac2-4202-9250-42d04c53fbd0,dott_stuttgart,2026-05-21 15:25:40+02,POINT (9.189519 48.765538)
DOJ:Vehicle:802d2b67-76bf-43f4-b536-ec104ac22816,dott_stuttgart,2026-05-21 15:25:41+02,POINT (9.161154 48.760187)
DOJ:Vehicle:a35039ed-910c-47a9-a049-993f086038a7,dott_stuttgart,2026-05-21 15:25:42+02,POINT (9.171857 48.774711)
DOJ:Vehicle:b21da430-2532-4658-afd3-0bb269499da4,dott_stuttgart,2026-05-21 15:25:43+02,POINT (9.167032 48.818787)
DOJ:Vehicle:b713544e-4067-4bb5-9394-4f8c319ab110,dott_stuttgart,2026-05-21 15:25:46+02,POINT (9.171414 48.797853)
DOJ:Vehicle:dcede49d-afd2-440e-8900-9790cada5fbe,dott_stuttgart,2026-05-21 15:25:47+02,POINT (9.166167 48.762457)
DOJ:Vehicle:22798932-4951-4717-b7b1-42d562e461be,dott_stuttgart,2026-05-21 15:25:56+02,POINT (9.182076 48.773926)
DOJ:Vehicle:8656c536-21f1-4bed-99b0-74fba3f12f50,dott_stuttgart,2026-05-21 15:25:58+02,POINT (9.223901 48.796124)
DOJ:Vehicle:dd1c8e5c-3f3f-4949-be88-a1ac39bf5bcd,dott_stuttgart,2026-05-21 15:26:01+02,POINT (9.182278 48.787557)
DOJ:Vehicle:b825ff8f-3550-47a2-a43b-53cd9d1a88dc,dott_stuttgart,2026-05-21 15:26:04+02,POINT (9.15761 48.768519)
DOJ:Vehicle:f4c4214f-61ea-44bb-b28b-27d77c3aa609,dott_stuttgart,2026-05-21 15:26:05+02,POINT (9.158738 48.810296)
DOJ:Vehicle:b9971d76-5473-4387-8656-16ab618946a4,dott_stuttgart,2026-05-21 15:26:06+02,POINT (9.169747 48.788003)
DOJ:Vehicle:93fb7702-e105-474a-b656-f7bb75b2f97e,dott_stuttgart,2026-05-21 15:26:07+02,POINT (9.160649 48.775306)
DOJ:Vehicle:65b17275-7a1d-4bf5-b2ce-831cbe003778,dott_stuttgart,2026-05-21 15:26:09+02,POINT (9.193154 48.77623)
DOJ:Vehicle:51e1b09d-83d6-470e-bd18-eaaddee1999d,dott_stuttgart,2026-05-21 15:26:11+02,POINT (9.177726 48.76015)
DOJ:Vehicle:01f9f92d-1b70-4ccc-8061-c3193c76b95a,dott_stuttgart,2026-05-21 15:26:13+02,POINT (9.24693 48.769287)
DOJ:Vehicle:9d5c3a37-480a-4a96-843d-85c58ef33e7a,dott_stuttgart,2026-05-21 15:26:16+02,POINT (9.175576 48.772429)
DOJ:Vehicle:e1b18c10-5de7-4e6f-8b8a-044c2e7fcf9f,dott_stuttgart,2026-05-21 15:26:19+02,POINT (9.163014 48.77231)
DOJ:Vehicle:44e209a9-cce5-447d-9d61-9b0a3cc8a5be,dott_stuttgart,2026-05-21 15:26:21+02,POINT (9.164965 48.763876)
DOJ:Vehicle:ae30c643-16a2-4721-bfde-358a3940b381,dott_stuttgart,2026-05-21 15:26:22+02,POINT (9.178914 48.770253)
DOJ:Vehicle:9c34ea33-d325-41d0-98cc-e327f05f0d48,dott_stuttgart,2026-05-21 15:26:41+02,POINT (9.178325 48.77986)
DOJ:Vehicle:1d71cb6f-41ce-4060-aef5-6de87de6c052,dott_stuttgart,2026-05-21 15:26:44+02,POINT (9.200661 48.816441)
DOJ:Vehicle:4c23bb03-051a-482c-b3fc-a05bf1f7ba26,dott_stuttgart,2026-05-21 15:26:46+02,POINT (9.193184 48.779071)
DOJ:Vehicle:c96375e1-8508-47f0-92b7-6406eedcbbfe,dott_stuttgart,2026-05-21 15:26:48+02,POINT (9.226889 48.792832)
DOJ:Vehicle:0ab1eaf4-6f97-4f7f-a28e-2f9d813f01c4,dott_stuttgart,2026-05-21 15:26:50+02,POINT (9.201881 48.78026)
DOJ:Vehicle:d0823228-f2cf-4b8c-bce7-5ae2da9a4a3a,dott_stuttgart,2026-05-21 15:26:50+02,POINT (9.175183 48.791023)
DOJ:Vehicle:a10e5be5-35a3-4439-9228-3fcd8b96831e,dott_stuttgart,2026-05-21 15:26:54+02,POINT (9.16888 48.773412)
DOJ:Vehicle:f2b92c75-ca6b-482f-ab31-625493250103,dott_stuttgart,2026-05-21 15:26:56+02,POINT (9.189606 48.764744)
DOJ:Vehicle:081e6dda-f833-4a14-80da-c5b98a30ea2d,dott_stuttgart,2026-05-21 15:27:02+02,POINT (9.17854 48.76446)
DOJ:Vehicle:701ed836-b9fc-40d5-b0a6-66b9c0988570,dott_stuttgart,2026-05-21 15:27:11+02,POINT (9.150421 48.810167)
DOJ:Vehicle:5a4d6cec-e726-466a-8a1d-86462ec9d394,dott_stuttgart,2026-05-21 15:27:14+02,POINT (9.169095 48.792376)
DOJ:Vehicle:90a63ca0-7fee-457d-9bc8-41c94256cf8e,dott_stuttgart,2026-05-21 15:27:20+02,POINT (9.211788 48.795563)
DOJ:Vehicle:5809b048-5eae-4e9f-970f-5bedbea58e5b,dott_stuttgart,2026-05-21 15:27:25+02,POINT (9.154058 48.758854)
DOJ:Vehicle:65737a35-4b45-4ec2-bec4-d9d79417fcd5,dott_stuttgart,2026-05-21 15:27:30+02,POINT (9.174596 48.785384)
DOJ:Vehicle:dc5e6af1-003a-4674-8ff3-b2df520eb824,dott_stuttgart,2026-05-21 15:27:31+02,POINT (9.189097 48.766235)
DOJ:Vehicle:2795a86f-658c-404a-a9ee-28327a387344,dott_stuttgart,2026-05-21 15:27:39+02,POINT (9.14677 48.778735)
DOJ:Vehicle:32240a0b-b992-4f2d-889e-3d7ede04c49c,dott_stuttgart,2026-05-21 15:27:39+02,POINT (9.175564 48.78716)
DOJ:Vehicle:cf9d7cd4-d101-4c1a-8c44-6165d1543e31,dott_stuttgart,2026-05-21 15:27:41+02,POINT (9.168047 48.785171)
DOJ:Vehicle:067add77-1ed5-4332-922a-9461e2eadd23,dott_stuttgart,2026-05-21 15:27:45+02,POINT (9.190055 48.769577)
DOJ:Vehicle:0979131c-3214-4d8a-a2df-4d7b6432e236,dott_stuttgart,2026-05-21 15:27:46+02,POINT (9.182219 48.787491)
DOJ:Vehicle:7408e473-a801-4660-a9da-0a3cf9517a3f,dott_stuttgart,2026-05-21 15:27:54+02,POINT (9.150323 48.769256)
DOJ:Vehicle:c19b55a1-1323-4743-8d09-b0d19df68459,dott_stuttgart,2026-05-21 15:27:55+02,POINT (9.181785 48.782662)
DOJ:Vehicle:ec1711df-834e-479f-b48b-e13d79763837,dott_stuttgart,2026-05-21 15:27:56+02,POINT (9.162095 48.790634)
DOJ:Vehicle:96abb5f8-b9f4-498d-8717-8038d377d345,dott_stuttgart,2026-05-21 15:27:58+02,POINT (9.177243 48.813074)
DOJ:Vehicle:62051f7f-0212-4edf-8774-2b6eb97da76d,dott_stuttgart,2026-05-21 15:28:00+02,POINT (9.156054 48.764456)
DOJ:Vehicle:c3ac0f0b-0d11-4518-995c-c9cc0de150ee,dott_stuttgart,2026-05-21 15:28:02+02,POINT (9.174485 48.775756)
DOJ:Vehicle:4c178f3b-1390-43e3-8bf2-79cfa1c3a760,dott_stuttgart,2026-05-21 15:28:04+02,POINT (9.119564 48.744776)
DOJ:Vehicle:a55e35de-ed40-4e7b-b065-7542211ae677,dott_stuttgart,2026-05-21 15:28:04+02,POINT (9.185555 48.763503)
DOJ:Vehicle:86068095-9b41-4238-b922-4f17581cf36d,dott_stuttgart,2026-05-21 15:28:13+02,POINT (9.121735 48.740922)
DOJ:Vehicle:b0b15641-b91a-4637-b411-a7422da11ff4,dott_stuttgart,2026-05-21 15:28:13+02,POINT (9.180654 48.790087)
DOJ:Vehicle:ce508481-c40f-4cbc-8114-60cddc107358,dott_stuttgart,2026-05-21 15:28:18+02,POINT (9.182403 48.790075)
DOJ:Vehicle:e7e7e9a5-18c4-4ace-ab22-54a090d1257b,dott_stuttgart,2026-05-21 15:28:18+02,POINT (9.174735 48.783501)
DOJ:Vehicle:12b39b96-a546-420c-8914-e650368b679e,dott_stuttgart,2026-05-21 15:28:21+02,POINT (9.181972 48.775316)
DOJ:Vehicle:8b19cdc4-3d50-43b4-8cfc-131c27798a93,dott_stuttgart,2026-05-21 15:28:23+02,POINT (9.178195 48.77335)
DOJ:Vehicle:904a6d1f-9352-4d6d-b88f-4dcb5e5efb1a,dott_stuttgart,2026-05-21 15:28:23+02,POINT (9.15203 48.771684)
DOJ:Vehicle:986c7542-5150-47c6-a470-f9ba3bd90a9d,dott_stuttgart,2026-05-21 15:28:24+02,POINT (9.172437 48.779338)
DOJ:Vehicle:3a531a66-dfe6-4646-b6f2-4338ea79ec62,dott_stuttgart,2026-05-21 15:28:29+02,POINT (9.155349 48.784802)
DOJ:Vehicle:711fe5cd-70e3-4ce9-84d0-bbc01ddaa2f9,dott_stuttgart,2026-05-21 15:28:29+02,POINT (9.154667 48.730292)
DOJ:Vehicle:11c0e072-8e83-438f-a4ce-75aad3ad1e11,dott_stuttgart,2026-05-21 15:28:33+02,POINT (9.178947 48.791102)
DOJ:Vehicle:e3a4e063-dd72-4b02-8f06-54ec8dbf67f5,dott_stuttgart,2026-05-21 15:28:38+02,POINT (9.194908 48.773724)
DOJ:Vehicle:3d8215c1-ec3a-4df5-8919-6e49988ff115,dott_stuttgart,2026-05-21 15:28:39+02,POINT (9.18427 48.777319)
DOJ:Vehicle:164c4fef-8074-4eb0-9e34-9489a3326510,dott_stuttgart,2026-05-21 15:28:41+02,POINT (9.170266 48.787446)
DOJ:Vehicle:43dba1a1-2635-422d-a8bc-c2c53687588f,dott_stuttgart,2026-05-21 15:28:48+02,POINT (9.162102 48.759652)
DOJ:Vehicle:c5ffb779-4413-4d07-b880-3d921066625e,dott_stuttgart,2026-05-21 15:28:48+02,POINT (9.157024 48.770263)
DOJ:Vehicle:b5312e27-9923-4c5d-9734-fea626996cb0,dott_stuttgart,2026-05-21 15:28:50+02,POINT (9.14891 48.768287)
DOJ:Vehicle:dfb86728-e356-4583-a208-f2cde73aef1a,dott_stuttgart,2026-05-21 15:28:50+02,POINT (9.205676 48.78326)
DOJ:Vehicle:fd9b9ccb-794f-4ca7-867a-6dd92255331c,dott_stuttgart,2026-05-21 15:28:50+02,POINT (9.153874 48.77425)
DOJ:Vehicle:9f47d048-7efd-4121-97d7-7e224a1bc6e5,dott_stuttgart,2026-05-21 15:28:54+02,POINT (9.151218 48.805503)
DOJ:Vehicle:4eb9057d-b06a-4b98-865c-86d22564b057,dott_stuttgart,2026-05-21 15:28:55+02,POINT (9.154717 48.770114)
DOJ:Vehicle:853862c6-d724-4b4c-9dc7-d3366460f3df,dott_stuttgart,2026-05-21 15:28:56+02,POINT (9.153975 48.78806)
DOJ:Vehicle:b534a121-48bd-4683-94d7-e503741bd02b,dott_stuttgart,2026-05-21 15:28:57+02,POINT (9.258769 48.775465)
DOJ:Vehicle:c64e46eb-31df-4570-91b6-cc6ca070c1ab,dott_stuttgart,2026-05-21 15:28:58+02,POINT (9.157462 48.786231)
DOJ:Vehicle:55dd2fe1-ef0c-4c65-ab15-a45eaf34b15f,dott_stuttgart,2026-05-21 15:29:02+02,POINT (9.157502 48.786243)
DOJ:Vehicle:933fd8d7-6879-4a88-ae75-604b1af567bc,dott_stuttgart,2026-05-21 15:29:02+02,POINT (9.15755 48.80222)
DOJ:Vehicle:383df268-008e-403d-b0dc-0dcfe6f894dd,dott_stuttgart,2026-05-21 15:29:03+02,POINT (9.172482 48.760226)
DOJ:Vehicle:47665dd8-9b2a-4fbc-be12-a4fe9aa11f2c,dott_stuttgart,2026-05-21 15:29:03+02,POINT (9.181508 48.80883)
DOJ:Vehicle:46a65d5d-4d55-468e-ae67-4ff98b8f32dd,dott_stuttgart,2026-05-21 15:29:04+02,POINT (9.142209 48.757264)
DOJ:Vehicle:373bcc9a-9830-4b55-86d6-53057f07bdc2,dott_stuttgart,2026-05-21 15:29:05+02,POINT (9.118126 48.736821)
DOJ:Vehicle:2e0ada19-6f86-4dcb-a846-618634849b3c,dott_stuttgart,2026-05-21 15:29:08+02,POINT (9.153258 48.779779)
DOJ:Vehicle:e53bd431-72c3-4d11-89c6-4135cb76146f,dott_stuttgart,2026-05-21 15:29:12+02,POINT (9.155631 48.764078)
DOJ:Vehicle:bbb6e40a-315b-4d09-be6d-848e64e1e2a0,dott_stuttgart,2026-05-21 15:29:16+02,POINT (9.198167 48.780274)
DOJ:Vehicle:bb635c0e-8484-474c-8497-de4a51e3f04c,dott_stuttgart,2026-05-21 15:29:18+02,POINT (9.169082 48.792396)
DOJ:Vehicle:41d9f49f-6ea0-45f2-93fb-ff8b6210e9d4,dott_stuttgart,2026-05-21 15:29:19+02,POINT (9.182737 48.789899)
DOJ:Vehicle:c3dcf8db-eb00-4f2e-a3d8-09cf1a719969,dott_stuttgart,2026-05-21 15:29:22+02,POINT (9.189651 48.765309)
DOJ:Vehicle:c949d664-bf6f-4dfd-89f0-0181c930a086,dott_stuttgart,2026-05-21 15:29:22+02,POINT (9.161577 48.759622)
DOJ:Vehicle:2918e273-051b-4290-a029-f7476391db67,dott_stuttgart,2026-05-21 15:29:24+02,POINT (9.190423 48.765224)
DOJ:Vehicle:af4e3a44-0d3d-47eb-9a2e-5132a716645d,dott_stuttgart,2026-05-21 15:29:27+02,POINT (9.170021 48.786536)
DOJ:Vehicle:1812afda-2ffb-4ba2-aed4-b1eb8dcb9e60,dott_stuttgart,2026-05-21 15:29:30+02,POINT (9.174744 48.778666)
DOJ:Vehicle:f9ed4c58-ee9b-42b5-9552-a606c117350a,dott_stuttgart,2026-05-21 15:29:30+02,POINT (9.200339 48.785369)
DOJ:Vehicle:7e75a5b1-629f-4122-95e6-5895e9a69919,dott_stuttgart,2026-05-21 15:29:31+02,POINT (9.192926 48.79507)
DOJ:Vehicle:e3f4eccb-bc83-4402-ae5f-3333e096aaa2,dott_stuttgart,2026-05-21 15:29:31+02,POINT (9.189246 48.771)
DOJ:Vehicle:5ce00c12-acd0-4f2b-b85d-b33ad9ff48b8,dott_stuttgart,2026-05-21 15:29:32+02,POINT (9.191099 48.769558)
DOJ:Vehicle:e7c99951-e5a2-45ad-949e-93b3f2ad8b4a,dott_stuttgart,2026-05-21 15:29:33+02,POINT (9.226041 48.797262)
DOJ:Vehicle:40b57eaa-cafb-4093-94d8-5e84ea8665e9,dott_stuttgart,2026-05-21 15:29:37+02,POINT (9.194996 48.784238)
DOJ:Vehicle:ead0c55d-48cc-4710-9c05-c4d5c4e7ed48,dott_stuttgart,2026-05-21 15:29:41+02,POINT (9.143598 48.777662)
DOJ:Vehicle:bdcbe08d-06e7-499b-9b12-4621089a0919,dott_stuttgart,2026-05-21 15:29:44+02,POINT (9.194859 48.779302)
DOJ:Vehicle:f0d85557-c38b-401e-9063-259150577384,dott_stuttgart,2026-05-21 15:29:44+02,POINT (9.156161 48.764524)
DOJ:Vehicle:59a5f64f-8cb5-4eb9-8fbc-b71009748b8a,dott_stuttgart,2026-05-21 15:29:45+02,POINT (9.195721 48.785724)
DOJ:Vehicle:491aeef3-7816-46b4-908f-9f26b2294415,dott_stuttgart,2026-05-21 15:29:51+02,POINT (9.212679 48.778925)
DOJ:Vehicle:69252b83-e806-4b63-8523-651c8a54b800,dott_stuttgart,2026-05-21 15:29:54+02,POINT (9.146708 48.758336)
DOJ:Vehicle:57375d3a-257d-45f9-99b4-060c0a2f5920,dott_stuttgart,2026-05-21 15:29:57+02,POINT (9.177812 48.760129)
DOJ:Vehicle:01f8ad5b-1c6d-4d43-a0df-36b9f7cbe45a,dott_stuttgart,2026-05-21 15:29:58+02,POINT (9.159614 48.775819)
DOJ:Vehicle:65d4e242-bb9a-4b32-9566-0a52f9fdb4a5,dott_stuttgart,2026-05-21 15:29:58+02,POINT (9.178012 48.783929)
DOJ:Vehicle:3db54205-8429-4855-b788-fa9b511beba8,dott_stuttgart,2026-05-21 15:30:01+02,POINT (9.23567 48.788808)
DOJ:Vehicle:94734436-b497-4cbc-bb3e-c2ae70d9892d,dott_stuttgart,2026-05-21 15:30:04+02,POINT (9.206842 48.784513)
DOJ:Vehicle:258eca57-af8e-439a-b3a8-dc7c87814839,dott_stuttgart,2026-05-21 15:30:08+02,POINT (9.169242 48.772194)
DOJ:Vehicle:a697835e-57e1-4491-8949-6ea2b9420b9b,dott_stuttgart,2026-05-21 15:30:08+02,POINT (9.193743 48.783838)
DOJ:Vehicle:c0ff95dd-bf49-4770-bef3-7cbd2b85e60b,dott_stuttgart,2026-05-21 15:30:08+02,POINT (9.168149 48.779224)
DOJ:Vehicle:3952d911-5334-4607-ac5f-ca1dad971e5d,dott_stuttgart,2026-05-21 15:30:09+02,POINT (9.177605 48.801841)
DOJ:Vehicle:2a0e020e-2cb6-4d1b-b437-681f7fa71a45,dott_stuttgart,2026-05-21 15:30:10+02,POINT (9.2356 48.788853)
DOJ:Vehicle:b41d444e-dc64-40b6-acaf-c373b25a4dab,dott_stuttgart,2026-05-21 15:30:10+02,POINT (9.144177 48.806285)
DOJ:Vehicle:7ecd8dd9-ff74-4f17-adda-73635ccd6bf9,dott_stuttgart,2026-05-21 15:30:13+02,POINT (9.163693 48.780975)
DOJ:Vehicle:be8631f5-f23f-4828-9870-97981ae42eee,dott_stuttgart,2026-05-21 15:30:14+02,POINT (9.177313 48.759979)
DOJ:Vehicle:c9761759-e1a2-4316-ae68-0ea0e968229b,dott_stuttgart,2026-05-21 15:30:25+02,POINT (9.167156 48.764355)
DOJ:Vehicle:2e2fba6e-0286-41eb-b2fe-db385f9141e6,dott_stuttgart,2026-05-21 15:30:31+02,POINT (9.195681 48.785752)
DOJ:Vehicle:0e12c1ab-6cd9-463c-b3d1-dd269da2877e,dott_stuttgart,2026-05-21 15:30:32+02,POINT (9.193165 48.797736)
DOJ:Vehicle:55c6b501-d1e0-41b4-aa67-26fbe0fea92e,dott_stuttgart,2026-05-21 15:30:32+02,POINT (9.16158 48.776118)
DOJ:Vehicle:d848ec63-9fa9-495d-9918-915344fe6a7a,dott_stuttgart,2026-05-21 15:30:33+02,POINT (9.17611 48.789345)
DOJ:Vehicle:7db548a4-75fc-40ce-8ff9-8983f93f7052,dott_stuttgart,2026-05-21 15:30:34+02,POINT (9.144338 48.777738)
DOJ:Vehicle:3727407b-e1c6-47d3-81c7-b0af70be208a,dott_stuttgart,2026-05-21 15:30:35+02,POINT (9.186419 48.766482)
DOJ:Vehicle:70e8e699-e136-42af-9b03-9acb66c2c05c,dott_stuttgart,2026-05-21 15:30:36+02,POINT (9.160351 48.760965)
DOJ:Vehicle:2c181f63-5c0e-4d42-98f1-a1d86c28f8ad,dott_stuttgart,2026-05-21 15:30:37+02,POINT (9.169675 48.775772)
DOJ:Vehicle:1e51989d-0756-4898-be65-1c82b566d451,dott_stuttgart,2026-05-21 15:30:43+02,POINT (9.139084 48.770629)
DOJ:Vehicle:62504fdd-7018-4416-b6b1-35801b5ef9b6,dott_stuttgart,2026-05-21 15:30:47+02,POINT (9.171655 48.774841)
DOJ:Vehicle:1a9162c6-2dac-411c-9610-eca3ff1daae6,dott_stuttgart,2026-05-21 15:30:48+02,POINT (9.171035 48.776173)
DOJ:Vehicle:436f1698-dcbe-4a67-b9ee-ab6c4ccda0c9,dott_stuttgart,2026-05-21 15:30:49+02,POINT (9.156677 48.787006)
DOJ:Vehicle:5bbabd4f-5306-43ca-9262-0dd7444ed9d0,dott_stuttgart,2026-05-21 15:30:54+02,POINT (9.131108 48.743538)
DOJ:Vehicle:f2906655-d007-43ed-9321-2d1479dbd04f,dott_stuttgart,2026-05-21 15:30:55+02,POINT (9.134966 48.764915)
DOJ:Vehicle:61e98017-9e7f-428a-a786-46e5795ee2c1,dott_stuttgart,2026-05-21 15:30:58+02,POINT (9.192673 48.782641)
DOJ:Vehicle:7fba222e-7b73-4286-8512-5c6909d8ddcc,dott_stuttgart,2026-05-21 15:30:58+02,POINT (9.152968 48.764224)
DOJ:Vehicle:a3ca9778-46a6-449e-9fee-ae0700e1393a,dott_stuttgart,2026-05-21 15:31:03+02,POINT (9.193397 48.784162)
DOJ:Vehicle:b5fee7c5-c209-4587-92ca-5ce7e0f24604,dott_stuttgart,2026-05-21 15:31:03+02,POINT (9.181531 48.793336)
DOJ:Vehicle:001d9ce0-31a2-4893-8c27-6a16c25cfd36,dott_stuttgart,2026-05-21 15:31:10+02,POINT (9.216983 48.798388)
DOJ:Vehicle:1c090f49-4363-4436-984c-88301ca48d88,dott_stuttgart,2026-05-21 15:31:11+02,POINT (9.178343 48.760731)
DOJ:Vehicle:c74c33df-b7a1-411b-9273-67b8846a9f99,dott_stuttgart,2026-05-21 15:31:11+02,POINT (9.149844 48.767511)
DOJ:Vehicle:8dff7f61-5a5e-4f4d-9f76-3a45272571af,dott_stuttgart,2026-05-21 15:31:13+02,POINT (9.175195 48.797253)
DOJ:Vehicle:bc3b2f0c-70c5-4c38-80d4-7ac2c7caba09,dott_stuttgart,2026-05-21 15:31:20+02,POINT (9.2043 48.808761)
DOJ:Vehicle:303a7559-5b4b-47d7-b217-6e4185bba661,dott_stuttgart,2026-05-21 15:31:28+02,POINT (9.153867 48.764284)
DOJ:Vehicle:f84eb646-d4ff-4dc2-9869-40eead41fe74,dott_stuttgart,2026-05-21 15:31:33+02,POINT (9.185601 48.790853)
DOJ:Vehicle:09328d76-259b-4738-a6d4-1e23b7c7382c,dott_stuttgart,2026-05-21 15:31:36+02,POINT (9.181964 48.782637)
DOJ:Vehicle:26b5065b-3758-4ed9-a3ab-4c2f2dc36c0f,dott_stuttgart,2026-05-21 15:31:36+02,POINT (9.157394 48.786225)
DOJ:Vehicle:65fb6764-9718-4d32-81dc-92386c6f4741,dott_stuttgart,2026-05-21 15:31:38+02,POINT (9.121289 48.740695)
DOJ:Vehicle:8bc06880-0886-4a59-a2d1-0cc80ed7a929,dott_stuttgart,2026-05-21 15:31:38+02,POINT (9.148616 48.762684)
DOJ:Vehicle:aacc99db-53ca-4e9b-a3b1-ab315286b4a1,dott_stuttgart,2026-05-21 15:31:42+02,POINT (9.190845 48.765971)
DOJ:Vehicle:e79203ed-6e21-40e4-a758-c0c6a3370e10,dott_stuttgart,2026-05-21 15:31:44+02,POINT (9.199811 48.783998)
DOJ:Vehicle:44d755f0-c917-40f8-bc91-cbfaa7b8d064,dott_stuttgart,2026-05-21 15:31:48+02,POINT (9.199593 48.783885)
DOJ:Vehicle:33a96d94-5ce3-416e-9d57-d8041edbc83b,dott_stuttgart,2026-05-21 15:31:49+02,POINT (9.19021 48.780563)
DOJ:Vehicle:02a8dbf4-1c67-4eed-823e-e0c187994ebc,dott_stuttgart,2026-05-21 15:31:54+02,POINT (9.158181 48.769032)
DOJ:Vehicle:8dfee00b-84a0-4ee5-82df-ec17ec87531f,dott_stuttgart,2026-05-21 15:31:55+02,POINT (9.199842 48.781416)
DOJ:Vehicle:eb80e2fe-c0c5-4375-927e-299598323f64,dott_stuttgart,2026-05-21 15:32:00+02,POINT (9.182864 48.800897)
DOJ:Vehicle:21bbff19-f7a8-420d-ac1f-336deb8b5ab2,dott_stuttgart,2026-05-21 15:32:03+02,POINT (9.161811 48.765427)
DOJ:Vehicle:d0ded988-47e6-480b-8045-3eda0de8335c,dott_stuttgart,2026-05-21 15:32:06+02,POINT (9.149113 48.757937)
DOJ:Vehicle:26d56c7c-118e-4de7-83a8-5d6074d3815c,dott_stuttgart,2026-05-21 15:32:08+02,POINT (9.181985 48.794792)
DOJ:Vehicle:563c4233-cf7d-42b2-9e52-163ff7f04ba8,dott_stuttgart,2026-05-21 15:32:10+02,POINT (9.178842 48.779652)
DOJ:Vehicle:50b7c4e4-8911-4fd9-a5fa-ba507d61dc64,dott_stuttgart,2026-05-21 15:32:11+02,POINT (9.169721 48.775792)
DOJ:Vehicle:3824edd5-69db-4e54-b74b-2a89dbf5caea,dott_stuttgart,2026-05-21 15:32:12+02,POINT (9.181468 48.793888)
DOJ:Vehicle:19312629-3417-4509-8e8c-4c552dc3c323,dott_stuttgart,2026-05-21 15:32:14+02,POINT (9.156094 48.732841)
DOJ:Vehicle:1369a810-7e5e-41b6-b0d9-f32a4669798b,dott_stuttgart,2026-05-21 15:32:15+02,POINT (9.158638 48.771885)
DOJ:Vehicle:cd99400a-da82-4052-9467-0412be3c474b,dott_stuttgart,2026-05-21 15:32:17+02,POINT (9.15496 48.769536)
DOJ:Vehicle:79b4f1f9-7d58-44e6-8ca3-de9fc612ee1c,dott_stuttgart,2026-05-21 15:32:19+02,POINT (9.17446 48.775687)
DOJ:Vehicle:09c2b85a-67cd-47d5-9dc5-3a54b8b387ec,dott_stuttgart,2026-05-21 15:32:20+02,POINT (9.178754 48.78985)
DOJ:Vehicle:d001b901-b575-464c-b7e6-0f52708aa691,dott_stuttgart,2026-05-21 15:32:21+02,POINT (9.172326 48.755749)
DOJ:Vehicle:1fb1eb3d-e2e3-4dad-946e-fc8340fe8d45,dott_stuttgart,2026-05-21 15:32:23+02,POINT (9.157425 48.786237)
DOJ:Vehicle:04c40af3-ba51-4a6e-8697-0dea6f492238,dott_stuttgart,2026-05-21 15:32:25+02,POINT (9.201686 48.783576)
DOJ:Vehicle:129e55da-10e4-4ccd-b7e3-5cc128a0a55b,dott_stuttgart,2026-05-21 15:32:25+02,POINT (9.178277 48.784174)
DOJ:Vehicle:5f4c168f-5aef-49d5-8de5-9aaedd2aa6b1,dott_stuttgart,2026-05-21 15:32:26+02,POINT (9.212284 48.803148)
DOJ:Vehicle:2a4caaf3-0741-4e8b-aee4-9993c6880251,dott_stuttgart,2026-05-21 15:32:29+02,POINT (9.203709 48.813256)
DOJ:Vehicle:77404efa-6f3f-46af-a0a2-f3ef6f1ccdcb,dott_stuttgart,2026-05-21 15:32:30+02,POINT (9.148605 48.769225)
DOJ:Vehicle:d9d07d59-6a95-4b77-9290-1c67606e233b,dott_stuttgart,2026-05-21 15:32:31+02,POINT (9.167569 48.814026)
DOJ:Vehicle:ee8cf77b-3df1-40ad-a4cc-e4dccd3e6503,dott_stuttgart,2026-05-21 15:32:32+02,POINT (9.215494 48.802219)
DOJ:Vehicle:89ba9ef6-04d5-462f-896d-52c309d98251,dott_stuttgart,2026-05-21 15:32:35+02,POINT (9.158372 48.780332)
DOJ:Vehicle:4462f38b-c9d1-46b1-9b2a-a62201bf429f,dott_stuttgart,2026-05-21 15:32:36+02,POINT (9.163053 48.773359)
DOJ:Vehicle:79477187-9a7d-4e35-bd8c-74b7631c397a,dott_stuttgart,2026-05-21 15:32:37+02,POINT (9.173677 48.780294)
DOJ:Vehicle:59bb2cde-1f5a-41d6-9973-9c28bafb136b,dott_stuttgart,2026-05-21 15:32:39+02,POINT (9.166782 48.782159)
DOJ:Vehicle:269b7b0b-9447-4a95-9c55-32c3566136c7,dott_stuttgart,2026-05-21 15:32:40+02,POINT (9.167801 48.829895)
DOJ:Vehicle:861b67c7-9a97-413c-ae74-ecc844fb9459,dott_stuttgart,2026-05-21 15:32:40+02,POINT (9.168219 48.765513)
DOJ:Vehicle:88dc6b59-a12c-4add-aa75-0e92bad1dded,dott_stuttgart,2026-05-21 15:32:41+02,POINT (9.236004 48.788719)
DOJ:Vehicle:95cab718-0188-44bf-95c5-eca8c37b4b4a,dott_stuttgart,2026-05-21 15:32:43+02,POINT (9.174681 48.761766)
DOJ:Vehicle:44b87428-eda5-48f4-bcc0-8750109f2136,dott_stuttgart,2026-05-21 15:32:44+02,POINT (9.174849 48.792218)
DOJ:Vehicle:84e6aa04-c5cf-4308-a718-d90504fa7200,dott_stuttgart,2026-05-21 15:32:48+02,POINT (9.186199 48.765589)
DOJ:Vehicle:d7b6ecc2-cd52-42bf-9b25-8ea66ed79457,dott_stuttgart,2026-05-21 15:32:49+02,POINT (9.200925 48.771156)
DOJ:Vehicle:d4cdbbef-67ce-490c-94e8-fee165f07e50,dott_stuttgart,2026-05-21 15:32:51+02,POINT (9.142663 48.757611)
DOJ:Vehicle:98e10565-047a-42dd-997d-f48310e73420,dott_stuttgart,2026-05-21 15:32:53+02,POINT (9.174646 48.785428)
DOJ:Vehicle:fb22fc0d-5df6-4d93-8db3-76cca56252c5,dott_stuttgart,2026-05-21 15:32:54+02,POINT (9.106055 48.744407)
DOJ:Vehicle:f79685be-b435-4a1f-be6e-126672677bf3,dott_stuttgart,2026-05-21 15:32:56+02,POINT (9.173948 48.774204)
DOJ:Vehicle:eeca52f0-8fc9-4299-a5b1-2234b5fd711e,dott_stuttgart,2026-05-21 15:32:58+02,POINT (9.163461 48.78306)
DOJ:Vehicle:a7c5d4a6-64b1-4f6e-9de0-7b573967ac53,dott_stuttgart,2026-05-21 15:33:01+02,POINT (9.151811 48.777874)
DOJ:Vehicle:43d74969-e396-4339-95a7-0813d2e1fcbe,dott_stuttgart,2026-05-21 15:33:05+02,POINT (9.178962 48.781087)
DOJ:Vehicle:b7a4120f-8e04-40c9-8580-bed2ac379a28,dott_stuttgart,2026-05-21 15:33:05+02,POINT (9.207763 48.783172)
DOJ:Vehicle:eb16db79-d33c-4936-ab2f-4f9ce4a37afc,dott_stuttgart,2026-05-21 15:33:05+02,POINT (9.207206 48.783712)
DOJ:Vehicle:ab13f4ef-0c5e-47a7-97ad-a20306ba1aac,dott_stuttgart,2026-05-21 15:33:08+02,POINT (9.156889 48.817997)
DOJ:Vehicle:91fe00f6-20cf-48ab-aa96-9b24197ad614,dott_stuttgart,2026-05-21 15:33:13+02,POINT (9.164561 48.794284)
DOJ:Vehicle:af97a63e-99fd-4e77-bd89-f5385496127f,dott_stuttgart,2026-05-21 15:33:13+02,POINT (9.163875 48.76236)
DOJ:Vehicle:10e7255e-515c-4349-b3da-05c8ff2aab0d,dott_stuttgart,2026-05-21 15:33:14+02,POINT (9.198713 48.792752)
DOJ:Vehicle:42882a03-9910-49a8-881d-ca09ae3b5b90,dott_stuttgart,2026-05-21 15:33:16+02,POINT (9.164348 48.822352)
DOJ:Vehicle:839e788d-2c8c-4640-b46e-d73ab541cdb5,dott_stuttgart,2026-05-21 15:33:23+02,POINT (9.175347 48.791089)
DOJ:Vehicle:352eff4a-5816-4a5b-8b3e-e31b21f3c6ac,dott_stuttgart,2026-05-21 15:33:27+02,POINT (9.187516 48.779817)
DOJ:Vehicle:b686e3cb-1d97-453e-87d2-0bd5aaf83d19,dott_stuttgart,2026-05-21 15:33:27+02,POINT (9.193399 48.776062)
DOJ:Vehicle:ec2d8c48-b9f4-41d9-af70-4165f38c5db0,dott_stuttgart,2026-05-21 15:33:32+02,POINT (9.189599 48.783676)
DOJ:Vehicle:d0984a45-6d76-45d9-9ed2-0ba38bf058dc,dott_stuttgart,2026-05-21 15:33:33+02,POINT (9.159204 48.720025)
DOJ:Vehicle:75f054ee-745b-4ee0-9780-75ea6dbdc967,dott_stuttgart,2026-05-21 15:33:37+02,POINT (9.154102 48.765921)
DOJ:Vehicle:65669e0e-5b26-4808-8bd1-4352f8415a96,dott_stuttgart,2026-05-21 15:33:39+02,POINT (9.170903 48.811129)
DOJ:Vehicle:4a533503-1891-4faa-80d8-65e3a3806011,dott_stuttgart,2026-05-21 15:33:41+02,POINT (9.208985 48.789757)
DOJ:Vehicle:91660575-5881-4a30-b01e-bde16325ce7a,dott_stuttgart,2026-05-21 15:33:41+02,POINT (9.147918 48.775006)
DOJ:Vehicle:2e899cd9-384b-44e0-8a9e-377134a413b8,dott_stuttgart,2026-05-21 15:33:48+02,POINT (9.212811 48.810408)
DOJ:Vehicle:c10ce371-efe7-4240-929a-8811ef4e664f,dott_stuttgart,2026-05-21 15:33:49+02,POINT (9.181086 48.793793)
DOJ:Vehicle:0e76cf7c-1e9e-4519-9277-3b46029922d5,dott_stuttgart,2026-05-21 15:33:50+02,POINT (9.193219 48.779226)
DOJ:Vehicle:986c4b5a-466a-43fa-90bc-4c2bf5b8cb22,dott_stuttgart,2026-05-21 15:33:52+02,POINT (9.173202 48.768662)
DOJ:Vehicle:c1b3d3fb-a68c-4193-b78e-5e9a5d12192b,dott_stuttgart,2026-05-21 15:33:55+02,POINT (9.171644 48.760569)
DOJ:Vehicle:9aa17f9a-2cbf-44d9-a2d5-fb98bd939815,dott_stuttgart,2026-05-21 15:33:57+02,POINT (9.213124 48.778252)
DOJ:Vehicle:efff14b2-f0d0-4bb7-b4ca-3ac3063c3531,dott_stuttgart,2026-05-21 15:33:57+02,POINT (9.158536 48.76893)
DOJ:Vehicle:f0da9aed-8074-44a9-9606-8bd648ae60b8,dott_stuttgart,2026-05-21 15:33:57+02,POINT (9.181207 48.782821)
DOJ:Vehicle:7fed0b67-d98a-459a-b46b-bb8c9ca95502,dott_stuttgart,2026-05-21 15:33:58+02,POINT (9.163916 48.806841)
DOJ:Vehicle:25175a84-9ce3-4b59-9b7c-f4322edb9cd0,dott_stuttgart,2026-05-21 15:33:59+02,POINT (9.180914 48.775426)
DOJ:Vehicle:1d67f756-bb8c-4a31-a2f5-acd9b7042fe6,dott_stuttgart,2026-05-21 15:34:03+02,POINT (9.180794 48.79474)
DOJ:Vehicle:b8d4b93b-4492-4b99-bce9-8a0376c76a32,dott_stuttgart,2026-05-21 15:34:04+02,POINT (9.168358 48.773655)
DOJ:Vehicle:dd827e32-2323-4e10-9d87-ba793e5dcd71,dott_stuttgart,2026-05-21 15:34:06+02,POINT (9.145279 48.764645)
DOJ:Vehicle:1a06ef15-4988-4854-a90d-53ea06e8cc0f,dott_stuttgart,2026-05-21 15:34:07+02,POINT (9.179759 48.788908)
DOJ:Vehicle:80a20fc1-44f5-4bf2-9e16-668351c4afe6,dott_stuttgart,2026-05-21 15:34:07+02,POINT (9.187461 48.768138)
DOJ:Vehicle:1df1feca-0bf2-4150-9cc8-8bfcbd92f393,dott_stuttgart,2026-05-21 15:34:08+02,POINT (9.167812 48.830101)
DOJ:Vehicle:f841efd1-7bec-4884-a787-7238fafc1809,dott_stuttgart,2026-05-21 15:34:10+02,POINT (9.147645 48.772787)
DOJ:Vehicle:b37587bc-afda-4243-a72f-95d0bac349bd,dott_stuttgart,2026-05-21 15:34:12+02,POINT (9.145104 48.767265)
DOJ:Vehicle:9c592eed-8cde-44cd-b79a-347511285cb3,dott_stuttgart,2026-05-21 15:34:15+02,POINT (9.196302 48.773183)
DOJ:Vehicle:fe9c9b50-f0b1-4383-81f3-4016e6962c10,dott_stuttgart,2026-05-21 14:37:38+02,POINT (9.146833 48.778728)
DOJ:Vehicle:79878933-3f28-4418-8c8e-183fde7fa1f0,dott_stuttgart,2026-05-21 15:16:13+02,POINT (9.182367 48.79008)
DOJ:Vehicle:43c7b628-b0dd-486f-917a-fb111a5324b4,dott_stuttgart,2026-05-21 15:16:37+02,POINT (9.192349 48.782232)
DOJ:Vehicle:005b245f-d849-488d-8d21-6243579de352,dott_stuttgart,2026-05-21 15:16:53+02,POINT (9.164813 48.7779)
DOJ:Vehicle:68bae796-d43e-4530-b049-ab37de6ef960,dott_stuttgart,2026-05-21 15:17:06+02,POINT (9.147797 48.775042)
DOJ:Vehicle:6fb9d9bc-bbf6-49fb-9fab-ed7c3c2da7cf,dott_stuttgart,2026-05-21 15:17:17+02,POINT (9.156574 48.788846)
DOJ:Vehicle:939a8933-e3b5-4e49-b4c4-36573020f273,dott_stuttgart,2026-05-21 15:17:32+02,POINT (9.235575 48.788885)
DOJ:Vehicle:c310eeb3-e4ff-4394-bd08-4c4001764622,dott_stuttgart,2026-05-21 15:17:47+02,POINT (9.185631 48.766032)
DOJ:Vehicle:8e9e44f6-342b-42cd-826d-e405f7b9298c,dott_stuttgart,2026-05-21 15:17:50+02,POINT (9.141038 48.772282)
DOJ:Vehicle:ab5f7437-a255-4d1b-a227-dc3d780850b0,dott_stuttgart,2026-05-21 15:17:53+02,POINT (9.182035 48.78758)
DOJ:Vehicle:72aa3b8f-4693-4398-a67f-1b3eccf5ddb1,dott_stuttgart,2026-05-21 15:17:54+02,POINT (9.189625 48.776401)
DOJ:Vehicle:d417df56-b8da-462f-8bd6-854d705881ff,dott_stuttgart,2026-05-21 15:17:57+02,POINT (9.11477 48.737964)
DOJ:Vehicle:b608c29e-2159-4889-a093-d1ae6b07b14d,dott_stuttgart,2026-05-21 15:18:21+02,POINT (9.169662 48.77584)
DOJ:Vehicle:dbcb3217-65b9-441e-98b2-b95a6020f450,dott_stuttgart,2026-05-21 15:18:21+02,POINT (9.167298 48.775055)
DOJ:Vehicle:4f5cf512-fad9-4e6e-88f5-963d825a4263,dott_stuttgart,2026-05-21 15:18:28+02,POINT (9.209329 48.789486)
DOJ:Vehicle:5f550eda-50de-4a15-ae02-e54f2ca4868a,dott_stuttgart,2026-05-21 15:18:37+02,POINT (9.175004 48.761856)
DOJ:Vehicle:7c31c6ff-4dfc-425d-b96d-fc57575c3f80,dott_stuttgart,2026-05-21 15:18:39+02,POINT (9.149053 48.776293)
DOJ:Vehicle:bf8dc84a-0ea7-4612-b927-53b325c43eb4,dott_stuttgart,2026-05-21 15:18:41+02,POINT (9.156649 48.787023)
DOJ:Vehicle:d4fe8728-3950-4a2d-9770-ff5c0a4ceb32,dott_stuttgart,2026-05-21 15:18:43+02,POINT (9.170334 48.829368)
DOJ:Vehicle:0adb2910-fa08-4294-8fa1-0440a5e48872,dott_stuttgart,2026-05-21 15:18:44+02,POINT (9.156184 48.764272)
DOJ:Vehicle:b406e5a8-e808-4551-a927-5dc7ddfb628b,dott_stuttgart,2026-05-21 15:18:45+02,POINT (9.16372 48.766371)
DOJ:Vehicle:85be3fa6-a7e6-4983-8f8b-314dec0cb9d4,dott_stuttgart,2026-05-21 15:18:49+02,POINT (9.102642 48.747421)
DOJ:Vehicle:f8770a85-ab87-4f97-a1bd-7f81f94bf13f,dott_stuttgart,2026-05-21 15:18:52+02,POINT (9.178592 48.766871)
DOJ:Vehicle:058a32b2-d92a-478c-a480-1140acddf117,dott_stuttgart,2026-05-21 15:19:15+02,POINT (9.181802 48.826903)
DOJ:Vehicle:b4e508a0-e4b6-40e4-8b26-2d2a165a964c,dott_stuttgart,2026-05-21 15:19:16+02,POINT (9.211732 48.787837)
DOJ:Vehicle:3b157124-5949-4040-9881-90afb5103fce,dott_stuttgart,2026-05-21 15:19:21+02,POINT (9.131179 48.74376)
DOJ:Vehicle:3a4c42e9-efa9-4066-8a88-c344ebc730d8,dott_stuttgart,2026-05-21 15:19:28+02,POINT (9.167584 48.814014)
DOJ:Vehicle:6d5c201e-e809-46dd-a77f-b4272e7bcc47,dott_stuttgart,2026-05-21 15:19:38+02,POINT (9.159389 48.766025)
DOJ:Vehicle:68356b5f-ca5d-46b2-aa09-f3b17d05f0b0,dott_stuttgart,2026-05-21 15:19:43+02,POINT (9.179007 48.782258)
DOJ:Vehicle:0668f47c-5ff9-43f5-884f-f8d4663a3305,dott_stuttgart,2026-05-21 15:19:46+02,POINT (9.180383 48.767768)
DOJ:Vehicle:8cb9a06c-cb81-482f-bfb8-911fb53bb422,dott_stuttgart,2026-05-21 15:19:47+02,POINT (9.216903 48.781903)
DOJ:Vehicle:dfc8a482-6ca9-45db-a03f-ded68e3bdb6a,dott_stuttgart,2026-05-21 15:19:47+02,POINT (9.162357 48.754724)
DOJ:Vehicle:f97f0006-71e5-4eba-b0f6-1f28c520cc29,dott_stuttgart,2026-05-21 15:19:48+02,POINT (9.163033 48.759904)
DOJ:Vehicle:0e630d21-a77d-4d77-9435-1433961352e8,dott_stuttgart,2026-05-21 15:19:57+02,POINT (9.169338 48.763977)
DOJ:Vehicle:1a8e225d-8e39-4fc8-b37d-eb0d6be05324,dott_stuttgart,2026-05-21 15:19:59+02,POINT (9.130744 48.743409)
DOJ:Vehicle:2c8cbd52-289b-4752-a554-f33bf7fa6bbe,dott_stuttgart,2026-05-21 15:20:08+02,POINT (9.222382 48.755963)
DOJ:Vehicle:4787eef3-9b18-4f36-8d1b-f67d94b21b97,dott_stuttgart,2026-05-21 15:20:08+02,POINT (9.169879 48.764336)
DOJ:Vehicle:d3d87ccd-0d19-4fc8-b46a-9a936f573631,dott_stuttgart,2026-05-21 15:20:08+02,POINT (9.173867 48.784363)
DOJ:Vehicle:19eb6497-8c34-40d9-a5ba-7ec7fb838f8e,dott_stuttgart,2026-05-21 15:20:09+02,POINT (9.172871 48.762053)
DOJ:Vehicle:aa3e233f-d7ff-458a-971f-5cee040e613d,dott_stuttgart,2026-05-21 15:20:11+02,POINT (9.17019 48.7783)
DOJ:Vehicle:70f95c61-e51d-4f7e-8870-62552532981c,dott_stuttgart,2026-05-21 15:20:16+02,POINT (9.211015 48.778321)
DOJ:Vehicle:508ef90f-a402-4137-82fd-8a242d02dc1e,dott_stuttgart,2026-05-21 15:20:18+02,POINT (9.154907 48.76392)
DOJ:Vehicle:f42f90b7-79f0-4583-acbf-376c156661b4,dott_stuttgart,2026-05-21 15:20:29+02,POINT (9.173418 48.810811)
DOJ:Vehicle:7845db4a-2daa-4f01-87a7-d5c53bc7cdb3,dott_stuttgart,2026-05-21 15:20:31+02,POINT (9.217503 48.800769)
DOJ:Vehicle:56030e05-878c-49a0-8f79-fa8eaa8edbd9,dott_stuttgart,2026-05-21 15:20:35+02,POINT (9.160909 48.760279)
DOJ:Vehicle:e8b54dba-938f-4d3c-9179-ea1889b85cc9,dott_stuttgart,2026-05-21 15:20:36+02,POINT (9.161924 48.814716)
DOJ:Vehicle:18298b29-e260-4f1e-9f9e-b4880fe550a8,dott_stuttgart,2026-05-21 15:20:44+02,POINT (9.178831 48.783789)
DOJ:Vehicle:5c691e8b-8772-4977-9211-994d61447f99,dott_stuttgart,2026-05-21 15:20:48+02,POINT (9.151814 48.761601)
DOJ:Vehicle:4682dbdc-03b5-4cdf-b17c-0adee07e56a9,dott_stuttgart,2026-05-21 15:20:56+02,POINT (9.150624 48.768056)
DOJ:Vehicle:9c290fa9-e29c-480b-8415-2c32829f8a17,dott_stuttgart,2026-05-21 15:21:01+02,POINT (9.14401 48.775443)
DOJ:Vehicle:07fe0fb6-aa8e-4100-9b09-fe4677aff668,dott_stuttgart,2026-05-21 15:21:09+02,POINT (9.190553 48.778313)
DOJ:Vehicle:f85dec6a-4488-48f5-a05f-d8d58273090a,dott_stuttgart,2026-05-21 15:21:15+02,POINT (9.178073 48.783915)
DOJ:Vehicle:0d6bc80f-796f-42d3-9ad6-21263ab7f80d,dott_stuttgart,2026-05-21 15:21:22+02,POINT (9.17172 48.760586)
DOJ:Vehicle:b69cf352-5a9c-416c-8825-09948e2dd476,dott_stuttgart,2026-05-21 15:21:29+02,POINT (9.145995 48.771848)
DOJ:Vehicle:12767f70-6eeb-4027-9e1c-20a11a02ed81,dott_stuttgart,2026-05-21 15:21:34+02,POINT (9.248923 48.779128)
DOJ:Vehicle:dad791ab-9c31-4e7e-b06c-0cd0b6486e59,dott_stuttgart,2026-05-21 15:21:35+02,POINT (9.198645 48.78508)
DOJ:Vehicle:4ea95bc2-8d77-447e-9273-7bd9fd0b8a8f,dott_stuttgart,2026-05-21 15:21:37+02,POINT (9.170388 48.765951)
DOJ:Vehicle:1682c0b1-0ae7-4d89-aef4-4bb65e8953de,dott_stuttgart,2026-05-21 15:21:40+02,POINT (9.149598 48.767451)
DOJ:Vehicle:1037f738-f97a-4c1a-b64b-8ccf50858ad4,dott_stuttgart,2026-05-21 15:21:41+02,POINT (9.169455 48.775257)
DOJ:Vehicle:8da3705e-adbe-4d76-87c9-121f11a41f00,dott_stuttgart,2026-05-21 15:21:43+02,POINT (9.179163 48.78792)
DOJ:Vehicle:bafdfb12-1f58-4870-9044-4b4a8a810ed4,dott_stuttgart,2026-05-21 15:21:45+02,POINT (9.17695 48.794198)
DOJ:Vehicle:2ffbe28b-46f7-4d7f-b9de-81bdd3213ab8,dott_stuttgart,2026-05-21 15:21:49+02,POINT (9.169458 48.775202)
DOJ:Vehicle:7444fc23-813a-43ff-be0a-d0fa7dfff84f,dott_stuttgart,2026-05-21 15:21:54+02,POINT (9.166578 48.783871)
DOJ:Vehicle:b47fb557-539a-4a28-a96a-37f1d62a2fc5,dott_stuttgart,2026-05-21 15:21:55+02,POINT (9.161944 48.81467)
DOJ:Vehicle:b73f2e73-02a2-48cc-aeef-519d789c9d89,dott_stuttgart,2026-05-21 15:22:09+02,POINT (9.169205 48.761347)
DOJ:Vehicle:f619fc41-fc35-4e67-9d74-623e876bc3f7,dott_stuttgart,2026-05-21 15:22:16+02,POINT (9.198204 48.784404)
DOJ:Vehicle:3652f4c3-25ab-47c2-a82e-f82eb29b8373,dott_stuttgart,2026-05-21 15:22:17+02,POINT (9.186227 48.765547)
DOJ:Vehicle:f28d6302-2eff-4f8f-8bf9-741692d0bf93,dott_stuttgart,2026-05-21 15:22:18+02,POINT (9.170644 48.7944)
DOJ:Vehicle:0a35b271-6c7b-4778-9996-fbcb57328bef,dott_stuttgart,2026-05-21 15:22:22+02,POINT (9.175837 48.760294)
DOJ:Vehicle:670342f9-0867-44f1-b89b-5f13b3d914d6,dott_stuttgart,2026-05-21 15:22:22+02,POINT (9.159599 48.780842)
DOJ:Vehicle:84c8186b-d0d7-49e5-af8b-9787b3505f6a,dott_stuttgart,2026-05-21 15:22:24+02,POINT (9.182395 48.790089)
DOJ:Vehicle:4a7e2368-72f7-4835-895f-50e780e00297,dott_stuttgart,2026-05-21 15:22:25+02,POINT (9.17385 48.782823)
DOJ:Vehicle:ef63873e-614d-4e05-be59-2545022925e3,dott_stuttgart,2026-05-21 15:22:32+02,POINT (9.174914 48.791029)
DOJ:Vehicle:0306466e-7f2f-415b-b6e3-0169a0d3cadc,dott_stuttgart,2026-05-21 15:22:33+02,POINT (9.165416 48.786366)
DOJ:Vehicle:4453f23f-ae27-4678-a62c-b1fc5e2fe0c7,dott_stuttgart,2026-05-21 15:22:35+02,POINT (9.161683 48.771648)
DOJ:Vehicle:a79a755c-a458-47e7-9479-0dd95367ad4a,dott_stuttgart,2026-05-21 15:22:37+02,POINT (9.143326 48.757676)
DOJ:Vehicle:a7b72074-32d1-48d9-b118-8970151e56d2,dott_stuttgart,2026-05-21 15:22:37+02,POINT (9.160406 48.723293)
DOJ:Vehicle:2dc80f3c-be1e-48d2-9b8c-221f1fd375e5,dott_stuttgart,2026-05-21 15:22:42+02,POINT (9.17804 48.791906)
DOJ:Vehicle:c0b74981-1655-43e7-8fe7-ab030ef27556,dott_stuttgart,2026-05-21 15:22:55+02,POINT (9.157604 48.764321)
DOJ:Vehicle:f8fe2be7-d141-4319-9a83-e234346b6c1a,dott_stuttgart,2026-05-21 15:22:58+02,POINT (9.170422 48.773658)
DOJ:Vehicle:58913f0c-9ecb-47f6-ae9b-eccadc9396ff,dott_stuttgart,2026-05-21 15:23:01+02,POINT (9.181045 48.763509)
DOJ:Vehicle:06e3614d-1291-45f9-b4f8-34228388d708,dott_stuttgart,2026-05-21 15:23:03+02,POINT (9.154471 48.766005)
DOJ:Vehicle:4cc876c9-7868-45ed-a9f9-e784d7105a26,dott_stuttgart,2026-05-21 15:23:06+02,POINT (9.182383 48.790029)
DOJ:Vehicle:3b70c326-2bf4-4fa4-b5f4-964c9312bf37,dott_stuttgart,2026-05-21 15:23:08+02,POINT (9.209648 48.796558)
DOJ:Vehicle:e74ddfc1-a6c5-4904-946d-37ec69a8e5ad,dott_stuttgart,2026-05-21 15:23:11+02,POINT (9.194615 48.784411)
DOJ:Vehicle:6375196c-e61a-441f-8823-a9789503b13f,dott_stuttgart,2026-05-21 15:23:13+02,POINT (9.157401 48.786197)
DOJ:Vehicle:1d784471-898b-46e4-85c8-128bc689582e,dott_stuttgart,2026-05-21 15:23:16+02,POINT (9.17426 48.776208)
DOJ:Vehicle:98364e7e-147f-4f18-8f7c-daaca7c50d34,dott_stuttgart,2026-05-21 15:23:19+02,POINT (9.14501 48.774798)
DOJ:Vehicle:a348be40-fde5-45f2-a41d-658c67a5b050,dott_stuttgart,2026-05-21 15:23:27+02,POINT (9.148561 48.762648)
DOJ:Vehicle:557204d1-a0b6-42ce-8734-47b21049780c,dott_stuttgart,2026-05-21 15:23:28+02,POINT (9.16787 48.775727)
DOJ:Vehicle:cd29d04b-673f-4100-8997-ff059efc0608,dott_stuttgart,2026-05-21 15:23:28+02,POINT (9.137459 48.813659)
DOJ:Vehicle:262c7c31-1d1b-4d68-81a5-7771fbd70fda,dott_stuttgart,2026-05-21 15:23:29+02,POINT (9.177141 48.768955)
DOJ:Vehicle:67a747c5-650f-49df-82ba-4b79d1c146c9,dott_stuttgart,2026-05-21 15:23:32+02,POINT (9.155987 48.76822)
DOJ:Vehicle:70f5d82f-cc0c-4962-b159-a339efc682bc,dott_stuttgart,2026-05-21 15:23:37+02,POINT (9.159538 48.810735)
DOJ:Vehicle:e23fbd3f-0fcc-4625-b478-2061bd75c0ce,dott_stuttgart,2026-05-21 15:23:37+02,POINT (9.171072 48.81817)
DOJ:Vehicle:9dd4c6aa-58a8-4a31-9266-f439a8f56d15,dott_stuttgart,2026-05-21 15:23:39+02,POINT (9.169045 48.76287)
DOJ:Vehicle:572a4bbb-7da1-42a4-ac4b-2df5af01903a,dott_stuttgart,2026-05-21 15:23:46+02,POINT (9.246178 48.771406)
DOJ:Vehicle:ca21e04c-595e-4015-8d88-4a20e9fd55eb,dott_stuttgart,2026-05-21 15:23:47+02,POINT (9.178208 48.784223)
DOJ:Vehicle:bbc36ed9-1867-4d5e-be9c-5f08b9d9d4d7,dott_stuttgart,2026-05-21 15:23:50+02,POINT (9.153053 48.787174)
DOJ:Vehicle:fee2ab9e-cbd5-410c-ac0b-8a494be72162,dott_stuttgart,2026-05-21 15:23:51+02,POINT (9.160827 48.723553)
DOJ:Vehicle:72eadcf6-9af0-4c90-bb78-f7cb92e6bc40,dott_stuttgart,2026-05-21 15:23:53+02,POINT (9.179446 48.793785)
DOJ:Vehicle:c4172cce-e4a5-4703-a29d-5b76f7567484,dott_stuttgart,2026-05-21 15:23:53+02,POINT (9.225427 48.80202)
DOJ:Vehicle:5650d095-4904-4cc1-a784-0836406a2e07,dott_stuttgart,2026-05-21 15:23:55+02,POINT (9.226008 48.797272)
DOJ:Vehicle:7be178f7-a633-446b-a11d-f096ac044b04,dott_stuttgart,2026-05-21 15:23:56+02,POINT (9.210988 48.778308)
DOJ:Vehicle:737e5d1c-6fec-4e7b-bd5b-6640c9187e94,dott_stuttgart,2026-05-21 15:24:02+02,POINT (9.235621 48.788846)
DOJ:Vehicle:b649bd22-37be-4ea6-aaba-094b95083f33,dott_stuttgart,2026-05-21 15:24:02+02,POINT (9.147898 48.772779)
DOJ:Vehicle:b8e16aee-5287-473d-827b-c42eedbe486d,dott_stuttgart,2026-05-21 15:24:03+02,POINT (9.157348 48.786175)
DOJ:Vehicle:0f778ab8-44b7-4014-9d54-08af305f2f6f,dott_stuttgart,2026-05-21 15:24:10+02,POINT (9.193409 48.776097)
DOJ:Vehicle:5a1fd828-0a0d-4c1a-9833-f5d4792ff795,dott_stuttgart,2026-05-21 15:24:10+02,POINT (9.195282 48.783416)
DOJ:Vehicle:4eb2e684-ade2-4bf0-8ed8-d652fb82e086,dott_stuttgart,2026-05-21 15:24:15+02,POINT (9.193595 48.783992)
DOJ:Vehicle:9fd9532d-7a88-48ae-ba8a-8f2d34bef6da,dott_stuttgart,2026-05-21 15:24:18+02,POINT (9.149691 48.769403)
DOJ:Vehicle:58cce22d-d130-4592-82e6-745530a4dc64,dott_stuttgart,2026-05-21 15:24:19+02,POINT (9.172889 48.774229)
DOJ:Vehicle:bd91206d-b5f5-4119-8113-2f05b5a26c27,dott_stuttgart,2026-05-21 15:24:19+02,POINT (9.168542 48.782508)
DOJ:Vehicle:3dad97c2-e472-449f-8da0-6ae2c6b3087f,dott_stuttgart,2026-05-21 15:24:23+02,POINT (9.193381 48.79489)
DOJ:Vehicle:c030883f-c90f-4ed7-a284-22f1ee07b94b,dott_stuttgart,2026-05-21 15:24:23+02,POINT (9.153821 48.787966)
DOJ:Vehicle:3bd01f3a-9c28-459e-bb02-0cf8bc21442e,dott_stuttgart,2026-05-21 15:24:27+02,POINT (9.214153 48.810637)
DOJ:Vehicle:3d7a9cf0-2d57-44d4-ad77-e970a2f45277,dott_stuttgart,2026-05-21 15:24:27+02,POINT (9.248355 48.769008)
DOJ:Vehicle:6fa0525d-5e86-4e36-a8c5-276379873fd8,dott_stuttgart,2026-05-21 15:24:27+02,POINT (9.1927 48.775622)
DOJ:Vehicle:41abbbee-8f39-47e6-94ba-62ca1a714132,dott_stuttgart,2026-05-21 15:24:31+02,POINT (9.174837 48.778647)
DOJ:Vehicle:9650ed4f-d914-47ab-9e81-b83e2c92f076,dott_stuttgart,2026-05-21 15:24:35+02,POINT (9.211116 48.79698)
DOJ:Vehicle:27e2a6b0-0bf2-4768-bd9e-37b292bd6ba3,dott_stuttgart,2026-05-21 15:24:38+02,POINT (9.165511 48.781665)
DOJ:Vehicle:71dd7785-70f3-4400-b816-3505bf605b61,dott_stuttgart,2026-05-21 15:24:42+02,POINT (9.172963 48.762718)
DOJ:Vehicle:a6e588b7-80dc-4a08-bebe-236b95057b98,dott_stuttgart,2026-05-21 15:24:42+02,POINT (9.162388 48.784191)
DOJ:Vehicle:3edd829f-502e-43d0-92f5-e03f891d29f8,dott_stuttgart,2026-05-21 15:24:44+02,POINT (9.178214 48.767075)
DOJ:Vehicle:97103a5b-43a1-4371-896e-92eeedbe2f75,dott_stuttgart,2026-05-21 15:24:47+02,POINT (9.146117 48.77655)
DOJ:Vehicle:e0c1d644-7414-4031-94e3-bfeaeb66fb13,dott_stuttgart,2026-05-21 15:24:47+02,POINT (9.198589 48.78479)
DOJ:Vehicle:dc07a8dd-a4b7-49cd-9158-9cd0b5aab935,dott_stuttgart,2026-05-21 15:24:50+02,POINT (9.167409 48.785811)
DOJ:Vehicle:a1a4a063-3481-41d1-a90e-fabe85a459a3,dott_stuttgart,2026-05-21 15:24:54+02,POINT (9.154288 48.777876)
DOJ:Vehicle:aedfe075-d6ac-476b-991a-3aac9fbfde30,dott_stuttgart,2026-05-21 15:24:55+02,POINT (9.162226 48.81346)
DOJ:Vehicle:cf1312ff-9300-4668-9a17-34475b774853,dott_stuttgart,2026-05-21 15:24:57+02,POINT (9.175361 48.761961)
DOJ:Vehicle:089eef5d-c93d-405d-a327-99978dd37f51,dott_stuttgart,2026-05-21 15:25:05+02,POINT (9.204383 48.77158)
DOJ:Vehicle:b01f37ae-d298-43e5-a923-6578e418ff09,dott_stuttgart,2026-05-21 15:25:05+02,POINT (9.171474 48.786728)
DOJ:Vehicle:e9f8982c-a196-4817-8141-bb0c157d4c18,dott_stuttgart,2026-05-21 15:25:05+02,POINT (9.176546 48.788074)
DOJ:Vehicle:36d809b3-dc00-4bcf-a6b2-0ba9a16ae819,dott_stuttgart,2026-05-21 15:25:12+02,POINT (9.167856 48.829933)
DOJ:Vehicle:4b207ed3-6f98-4a64-89f8-3219b1fca72a,dott_stuttgart,2026-05-21 15:25:17+02,POINT (9.14695 48.774702)
DOJ:Vehicle:15a11bc3-6c4f-49d6-a278-a5b8c3d3e853,dott_stuttgart,2026-05-21 15:25:18+02,POINT (9.179536 48.789536)
DOJ:Vehicle:3f865887-dfad-49c7-bb11-4f579830d6fd,dott_stuttgart,2026-05-21 15:25:18+02,POINT (9.143307 48.770347)
DOJ:Vehicle:d7771eae-83ae-4707-ba1a-404163d07f88,dott_stuttgart,2026-05-21 15:25:18+02,POINT (9.193047 48.766833)
DOJ:Vehicle:192139ed-53db-431b-ad2c-f3df73ffd099,dott_stuttgart,2026-05-21 15:25:19+02,POINT (9.170644 48.768395)
DOJ:Vehicle:b16d950a-aba9-4ead-8ef6-d46b3c5fec92,dott_stuttgart,2026-05-21 15:25:22+02,POINT (9.175134 48.791004)
DOJ:Vehicle:ecfd471f-f78a-47dd-ad5b-a8a6650391eb,dott_stuttgart,2026-05-21 15:25:23+02,POINT (9.157603 48.758336)
DOJ:Vehicle:b4fc9f94-3a22-4af3-8235-caff71918d3c,dott_stuttgart,2026-05-21 15:25:27+02,POINT (9.166709 48.783834)
DOJ:Vehicle:3e29cd18-8a8e-45e2-a527-a10aeddfd09e,dott_stuttgart,2026-05-21 15:25:30+02,POINT (9.190496 48.765279)
DOJ:Vehicle:0acf77e6-53a9-4640-8f30-34893301385e,dott_stuttgart,2026-05-21 15:25:32+02,POINT (9.181945 48.782633)
DOJ:Vehicle:f8bcabca-d9b3-4649-b5b3-0addd0084309,dott_stuttgart,2026-05-21 15:25:33+02,POINT (9.170243 48.772645)
DOJ:Vehicle:88ada1be-401c-412b-a7b1-668849699765,dott_stuttgart,2026-05-21 15:25:34+02,POINT (9.198971 48.783192)
DOJ:Vehicle:59a3d0f3-27e4-4d4a-b968-6bfae1073420,dott_stuttgart,2026-05-21 15:25:36+02,POINT (9.167937 48.775656)
DOJ:Vehicle:e28c88dc-479b-4486-89a1-143ebfec7ecd,dott_stuttgart,2026-05-21 15:25:36+02,POINT (9.164548 48.782359)
DOJ:Vehicle:dd3d4c2a-cae7-44e2-b5a6-dac34143b33a,dott_stuttgart,2026-05-21 15:25:47+02,POINT (9.107638 48.745494)
DOJ:Vehicle:0f7e3d88-a292-4258-aea3-f7f42d8dc3b6,dott_stuttgart,2026-05-21 15:25:49+02,POINT (9.175104 48.790969)
DOJ:Vehicle:9e1f812a-f912-4292-b86e-be5b41ec223d,dott_stuttgart,2026-05-21 15:25:50+02,POINT (9.168095 48.767686)
DOJ:Vehicle:11dcb0bb-cc4f-4861-8464-5f4652fe0c51,dott_stuttgart,2026-05-21 15:25:52+02,POINT (9.182379 48.826432)
DOJ:Vehicle:0cee87bd-06f0-4bcd-96b5-56fe2fd8df11,dott_stuttgart,2026-05-21 15:25:53+02,POINT (9.180411 48.790845)
DOJ:Vehicle:b24d0240-2f02-4c57-88df-85cf4afa083d,dott_stuttgart,2026-05-21 15:25:54+02,POINT (9.222051 48.797073)
DOJ:Vehicle:6aa7d3d1-6f41-4a8d-aa5e-162ce5d61e93,dott_stuttgart,2026-05-21 15:25:55+02,POINT (9.167348 48.764122)
DOJ:Vehicle:f95d0efc-4d95-4901-99c3-70b41c95a050,dott_stuttgart,2026-05-21 15:26:11+02,POINT (9.190811 48.783922)
DOJ:Vehicle:ac2d813a-96b1-4d37-a7e2-36a2bc816bc4,dott_stuttgart,2026-05-21 15:26:12+02,POINT (9.179387 48.793756)
DOJ:Vehicle:5a357978-33e2-4768-a564-2f06dae2bc51,dott_stuttgart,2026-05-21 15:26:13+02,POINT (9.167078 48.817502)
DOJ:Vehicle:33e400ab-58ec-4df6-90e0-3ed4768cb301,dott_stuttgart,2026-05-21 15:26:16+02,POINT (9.159193 48.783919)
DOJ:Vehicle:a7601830-b68b-4b08-b02f-fea8732cfe24,dott_stuttgart,2026-05-21 15:26:16+02,POINT (9.180145 48.783276)
DOJ:Vehicle:f4e45d2c-34df-4b4c-b3db-812684d53115,dott_stuttgart,2026-05-21 15:26:16+02,POINT (9.181915 48.782625)
DOJ:Vehicle:17539596-c3fd-4878-b95a-b42c9f0a1f91,dott_stuttgart,2026-05-21 15:26:19+02,POINT (9.213419 48.81014)
DOJ:Vehicle:b98da044-d45e-4350-afcc-c06fc7c948ad,dott_stuttgart,2026-05-21 15:26:21+02,POINT (9.175736 48.770534)
DOJ:Vehicle:6a902507-1764-4da2-b7ad-f140e255e3cb,dott_stuttgart,2026-05-21 15:26:22+02,POINT (9.143084 48.810194)
DOJ:Vehicle:dca883ce-51e1-46a9-bbe7-8056094d61bf,dott_stuttgart,2026-05-21 15:26:22+02,POINT (9.236337 48.760053)
DOJ:Vehicle:522efe95-9faf-4e46-aee2-1273ccbd8fcc,dott_stuttgart,2026-05-21 15:26:26+02,POINT (9.141862 48.771047)
DOJ:Vehicle:4ea4b8f4-0fb0-459d-b533-d2174d4a1822,dott_stuttgart,2026-05-21 15:26:28+02,POINT (9.196437 48.783326)
DOJ:Vehicle:524c9d9c-3033-46f5-8224-b6814e260033,dott_stuttgart,2026-05-21 15:26:36+02,POINT (9.168848 48.813294)
DOJ:Vehicle:e2e61ccb-e774-4ec0-becf-e51d297b4240,dott_stuttgart,2026-05-21 15:26:41+02,POINT (9.166043 48.774243)
DOJ:Vehicle:c13d34dd-e026-4134-9389-5d765eca05cb,dott_stuttgart,2026-05-21 15:26:42+02,POINT (9.170059 48.787536)
DOJ:Vehicle:221b86da-4c5d-4ff2-a377-190daf8d8aa6,dott_stuttgart,2026-05-21 15:26:47+02,POINT (9.146946 48.769593)
DOJ:Vehicle:68c60dc5-6006-4f46-a547-f04c21d72e39,dott_stuttgart,2026-05-21 15:26:52+02,POINT (9.170256 48.784611)
DOJ:Vehicle:9256bb13-ea56-4063-99c5-1f01e67e1fc9,dott_stuttgart,2026-05-21 15:26:54+02,POINT (9.189491 48.764528)
DOJ:Vehicle:56b59628-0b9b-4cbd-afe6-d301c8e52d37,dott_stuttgart,2026-05-21 15:26:59+02,POINT (9.146585 48.772232)
DOJ:Vehicle:858cb8ab-3a44-4dc1-b178-8c081962be1d,dott_stuttgart,2026-05-21 15:27:00+02,POINT (9.174201 48.777598)
DOJ:Vehicle:2b1181fe-82c2-487a-8d1e-f3593c8a2d89,dott_stuttgart,2026-05-21 15:27:02+02,POINT (9.147916 48.772727)
DOJ:Vehicle:e2aa7e1a-7916-4b9c-b66a-0f2949e64fcd,dott_stuttgart,2026-05-21 15:27:07+02,POINT (9.217508 48.800676)
DOJ:Vehicle:5ae041f0-2698-44eb-8866-a48e054b5e6e,dott_stuttgart,2026-05-21 15:27:13+02,POINT (9.190824 48.784928)
DOJ:Vehicle:5742878e-6541-40a1-8b8a-e05174aeaf5d,dott_stuttgart,2026-05-21 15:27:14+02,POINT (9.179518 48.787195)
DOJ:Vehicle:fc670447-1420-4857-a6cf-7c9022beadd0,dott_stuttgart,2026-05-21 15:27:19+02,POINT (9.188017 48.767135)
DOJ:Vehicle:a48e48f9-605f-4be6-898c-8359e81b73fc,dott_stuttgart,2026-05-21 15:27:23+02,POINT (9.167864 48.810774)
DOJ:Vehicle:2c398900-0255-4a7f-afb8-7b3a8ca5830f,dott_stuttgart,2026-05-21 15:27:24+02,POINT (9.16674 48.775665)
DOJ:Vehicle:b23a2688-dedb-4c9f-849a-c28a30a8b77b,dott_stuttgart,2026-05-21 15:27:25+02,POINT (9.167401 48.773254)
DOJ:Vehicle:ea9e2fe9-aae0-49a1-bf0a-3b7ab6dfc999,dott_stuttgart,2026-05-21 15:27:30+02,POINT (9.173876 48.821288)
DOJ:Vehicle:ce654cf2-7d36-4ab3-ac5d-bd6b4557c33a,dott_stuttgart,2026-05-21 15:27:35+02,POINT (9.181554 48.788551)
DOJ:Vehicle:9adf36b5-f19e-4eeb-a3c3-646674d89ae4,dott_stuttgart,2026-05-21 15:27:36+02,POINT (9.163948 48.806912)
DOJ:Vehicle:d80c436a-2307-4f7a-a998-9c345546ddfe,dott_stuttgart,2026-05-21 15:27:41+02,POINT (9.168969 48.83246)
DOJ:Vehicle:6fcaa6af-a7db-40d8-b905-2a487b2aa7ac,dott_stuttgart,2026-05-21 15:27:45+02,POINT (9.161732 48.755274)
DOJ:Vehicle:fbbc5423-d6dc-4678-9c81-1d4d6e7a126e,dott_stuttgart,2026-05-21 15:27:46+02,POINT (9.195182 48.801801)
DOJ:Vehicle:e6fb0465-5141-4b7c-a218-fe1e6ad7ddbc,dott_stuttgart,2026-05-21 15:27:47+02,POINT (9.177655 48.766458)
DOJ:Vehicle:b61770a5-c55b-4c2b-8539-5252c2337a38,dott_stuttgart,2026-05-21 15:27:50+02,POINT (9.164364 48.7774)
DOJ:Vehicle:6b75fce3-cd0f-4e5f-8d14-7203f5d61f71,dott_stuttgart,2026-05-21 15:27:51+02,POINT (9.175089 48.768006)
DOJ:Vehicle:9f155056-47e7-4bc1-9a99-40d52f219f24,dott_stuttgart,2026-05-21 15:27:53+02,POINT (9.19839 48.784307)
DOJ:Vehicle:54aff34b-1e18-4b78-aaa5-3ab7246ba0e5,dott_stuttgart,2026-05-21 15:27:57+02,POINT (9.168236 48.764917)
DOJ:Vehicle:cf2eccca-4dab-4c9b-b2b8-5f33c225e100,dott_stuttgart,2026-05-21 15:27:57+02,POINT (9.156782 48.767868)
DOJ:Vehicle:4b1eb8d8-f00f-40c4-b7b7-443868e0e5b5,dott_stuttgart,2026-05-21 15:27:58+02,POINT (9.140643 48.805293)
DOJ:Vehicle:bbc570fd-227c-40ab-b896-8763fef3ff77,dott_stuttgart,2026-05-21 15:27:58+02,POINT (9.18184 48.782865)
DOJ:Vehicle:9e5a3190-df00-4f5d-a9f8-7e41fc31fae1,dott_stuttgart,2026-05-21 15:28:01+02,POINT (9.168578 48.786471)
DOJ:Vehicle:68fdbea9-e840-4427-918f-6a761ff5b077,dott_stuttgart,2026-05-21 15:28:04+02,POINT (9.153211 48.764238)
DOJ:Vehicle:961a0ac3-aade-4c44-953a-e994b36d7d85,dott_stuttgart,2026-05-21 15:28:06+02,POINT (9.160559 48.723074)
DOJ:Vehicle:54bbd396-789a-4322-bdbe-af158d0489c8,dott_stuttgart,2026-05-21 15:28:07+02,POINT (9.173147 48.764039)
DOJ:Vehicle:0865c7c6-721f-4b25-9252-8dae002fbf57,dott_stuttgart,2026-05-21 15:28:08+02,POINT (9.177412 48.788158)
DOJ:Vehicle:284d42db-6373-4f76-97a6-96fe88ef840f,dott_stuttgart,2026-05-21 15:28:09+02,POINT (9.176483 48.780479)
DOJ:Vehicle:6c969677-a389-483d-ab1e-4f66c9bc7f14,dott_stuttgart,2026-05-21 15:28:09+02,POINT (9.175148 48.791058)
DOJ:Vehicle:d17924b8-c7d7-4b4f-b71a-e9e6b654207f,dott_stuttgart,2026-05-21 15:28:09+02,POINT (9.182371 48.790011)
DOJ:Vehicle:8a2db61e-cc69-4955-afb0-24a244bb6aff,dott_stuttgart,2026-05-21 15:28:12+02,POINT (9.18933 48.766002)
DOJ:Vehicle:9f3fe508-507d-4803-9348-b91c21301f23,dott_stuttgart,2026-05-21 15:28:17+02,POINT (9.158226 48.767009)
DOJ:Vehicle:f75b4f01-2e86-4fdc-a7c2-f8b1205c564b,dott_stuttgart,2026-05-21 15:28:24+02,POINT (9.17715 48.778899)
DOJ:Vehicle:48c90d30-6226-4a9a-bfad-fa737a2e59c7,dott_stuttgart,2026-05-21 15:28:26+02,POINT (9.173626 48.774782)
DOJ:Vehicle:96af0e66-79c0-44e4-a6fd-55b3a2b8f28e,dott_stuttgart,2026-05-21 15:28:26+02,POINT (9.189375 48.775358)
DOJ:Vehicle:1a2084f3-76c6-4300-bd50-16dc69563bb6,dott_stuttgart,2026-05-21 15:28:27+02,POINT (9.219539 48.807351)
DOJ:Vehicle:b80f9b0d-1bc9-40ec-95e2-84b3c6ad1e7b,dott_stuttgart,2026-05-21 15:28:27+02,POINT (9.172971 48.769562)
DOJ:Vehicle:834eb671-ddff-4985-8107-1fb0b2c9215f,dott_stuttgart,2026-05-21 15:28:28+02,POINT (9.161902 48.780557)
DOJ:Vehicle:d46fc92f-009b-42a8-8ce5-8a3a914acabb,dott_stuttgart,2026-05-21 15:28:35+02,POINT (9.163024 48.759883)
DOJ:Vehicle:d0c91736-4f3c-41b1-ad08-67559f9e24a2,dott_stuttgart,2026-05-21 15:28:36+02,POINT (9.166106 48.812689)
DOJ:Vehicle:244b9604-2457-4dd1-8fb7-e0e47cab8486,dott_stuttgart,2026-05-21 15:28:37+02,POINT (9.151054 48.765757)
DOJ:Vehicle:213a1444-83d0-44b0-8eeb-2ed1dca3e7c9,dott_stuttgart,2026-05-21 15:28:41+02,POINT (9.166544 48.76034)
DOJ:Vehicle:dbdb6da2-9bd8-4c4b-a399-58f56833994b,dott_stuttgart,2026-05-21 15:28:42+02,POINT (9.172657 48.755292)
DOJ:Vehicle:007074a8-e393-42aa-9f7a-41a534442419,dott_stuttgart,2026-05-21 15:28:44+02,POINT (9.14257 48.758186)
DOJ:Vehicle:331f464d-7eb2-45c4-90a7-96c4a52843b0,dott_stuttgart,2026-05-21 15:28:47+02,POINT (9.156984 48.733227)
DOJ:Vehicle:13aa340b-06f3-47fb-ba37-e53fbdbb9d9c,dott_stuttgart,2026-05-21 15:28:51+02,POINT (9.21302 48.802607)
DOJ:Vehicle:b9948f1c-fd79-4666-924b-3b8e3b2c082e,dott_stuttgart,2026-05-21 15:28:54+02,POINT (9.179479 48.779507)
DOJ:Vehicle:182c86d9-0207-4363-9209-de589f076d4a,dott_stuttgart,2026-05-21 15:28:55+02,POINT (9.180949 48.768285)
DOJ:Vehicle:42cda541-cdf9-45f3-9aaf-8b28b1fa7fc8,dott_stuttgart,2026-05-21 15:29:02+02,POINT (9.176546 48.774633)
DOJ:Vehicle:d7dea08d-6b5b-4263-a79c-2de221ba65d9,dott_stuttgart,2026-05-21 15:29:02+02,POINT (9.179082 48.782171)
DOJ:Vehicle:1d2785f3-3202-445b-bf43-34fc82507c82,dott_stuttgart,2026-05-21 15:29:06+02,POINT (9.178617 48.791883)
DOJ:Vehicle:0f4aab16-04d9-4726-925d-7989d7a116ab,dott_stuttgart,2026-05-21 15:29:07+02,POINT (9.172672 48.75524)
DOJ:Vehicle:f3daea77-df1c-46df-869e-3cb8872fb05d,dott_stuttgart,2026-05-21 15:29:07+02,POINT (9.193053 48.779512)
DOJ:Vehicle:13b40851-36dc-44ff-afa1-087532875558,dott_stuttgart,2026-05-21 15:29:08+02,POINT (9.18235 48.769669)
DOJ:Vehicle:132154b9-a177-431e-a210-9e958eb5c743,dott_stuttgart,2026-05-21 15:29:09+02,POINT (9.224975 48.756121)
DOJ:Vehicle:b3b4f248-d6c4-41a4-8e7b-3b2678baa3cc,dott_stuttgart,2026-05-21 15:29:35+02,POINT (9.193041 48.778991)
DOJ:Vehicle:88f44559-ebfc-484d-b1ca-c06d38998b00,dott_stuttgart,2026-05-21 15:29:38+02,POINT (9.166628 48.812646)
DOJ:Vehicle:1b574df9-d892-4ace-9ff8-cc1f771e407e,dott_stuttgart,2026-05-21 15:29:39+02,POINT (9.189776 48.800639)
DOJ:Vehicle:e8aff4d6-c429-4c86-babc-a7657e8c4466,dott_stuttgart,2026-05-21 15:29:42+02,POINT (9.181027 48.763669)
DOJ:Vehicle:4c33ebab-9132-4a6f-b9e5-89ed97a553f8,dott_stuttgart,2026-05-21 15:29:44+02,POINT (9.158783 48.782729)
DOJ:Vehicle:7d6249da-d988-4511-bf3e-2edd677f6cb3,dott_stuttgart,2026-05-21 15:29:44+02,POINT (9.168496 48.771685)
DOJ:Vehicle:32a1e158-1033-43ae-a70a-a48b4acee430,dott_stuttgart,2026-05-21 15:29:45+02,POINT (9.18313 48.787139)
DOJ:Vehicle:e696257e-ffd6-4bb2-afb0-d4aa15004ab2,dott_stuttgart,2026-05-21 15:29:46+02,POINT (9.181067 48.779006)
DOJ:Vehicle:84f2612b-e369-4664-b103-cfe089ef75b9,dott_stuttgart,2026-05-21 15:29:47+02,POINT (9.161079 48.760316)
DOJ:Vehicle:e4c31f3a-0636-4c3a-a91b-8f573030d252,dott_stuttgart,2026-05-21 15:29:48+02,POINT (9.171206 48.775162)
DOJ:Vehicle:51f8516b-d4c9-44b9-825a-9993431f2f6f,dott_stuttgart,2026-05-21 15:29:50+02,POINT (9.199615 48.771775)
DOJ:Vehicle:df2d8a5b-730c-4d21-8df0-e3e8dcd9e30c,dott_stuttgart,2026-05-21 15:29:51+02,POINT (9.17303 48.78698)
DOJ:Vehicle:894ae5ff-7645-4c69-b785-cf522e494e54,dott_stuttgart,2026-05-21 15:29:53+02,POINT (9.208033 48.813923)
DOJ:Vehicle:6efbeecd-738a-475b-b38f-bc97b7c01f29,dott_stuttgart,2026-05-21 15:29:55+02,POINT (9.236825 48.788921)
DOJ:Vehicle:351ebaa5-de5b-4754-8304-4e9df38bf72b,dott_stuttgart,2026-05-21 15:29:59+02,POINT (9.211162 48.812045)
DOJ:Vehicle:6f71edbb-0b9a-482c-8fa4-dd9eb8751938,dott_stuttgart,2026-05-21 15:30:01+02,POINT (9.1778 48.784057)
DOJ:Vehicle:e827c451-a469-4172-a439-04ca6b7d86f3,dott_stuttgart,2026-05-21 15:30:05+02,POINT (9.178435 48.784117)
DOJ:Vehicle:adb7a8db-6159-4772-a49b-234e99a5046c,dott_stuttgart,2026-05-21 15:30:06+02,POINT (9.186701 48.773392)
DOJ:Vehicle:5004998f-431b-4ada-b858-8e914f7bfc8d,dott_stuttgart,2026-05-21 15:30:08+02,POINT (9.186677 48.778387)
DOJ:Vehicle:fcb1ae2d-53cf-4785-a5f1-21ec8f837f45,dott_stuttgart,2026-05-21 15:30:08+02,POINT (9.157183 48.786177)
DOJ:Vehicle:7c715fb8-cc89-4d84-b973-c3bfd3a2e0a9,dott_stuttgart,2026-05-21 15:30:10+02,POINT (9.182501 48.787885)
DOJ:Vehicle:7149cc61-54e6-4070-bb69-c9001e74e219,dott_stuttgart,2026-05-21 15:30:11+02,POINT (9.099933 48.74462)
DOJ:Vehicle:7510b2ee-44b1-43e7-b1bd-cb79ed4a7fe5,dott_stuttgart,2026-05-21 15:30:11+02,POINT (9.188874 48.766357)
DOJ:Vehicle:c7e5cebb-cca7-4490-bba8-fdc0d0981449,dott_stuttgart,2026-05-21 15:30:15+02,POINT (9.18195 48.782613)
DOJ:Vehicle:f0898b92-147e-4cad-881d-369a2a547057,dott_stuttgart,2026-05-21 15:30:22+02,POINT (9.189522 48.764446)
DOJ:Vehicle:9251ff85-5daa-4c09-bd1c-ef7b02b089e2,dott_stuttgart,2026-05-21 15:30:23+02,POINT (9.16237 48.762524)
DOJ:Vehicle:68a9cb5c-b263-4699-94fd-d805d198a872,dott_stuttgart,2026-05-21 15:30:25+02,POINT (9.154828 48.772239)
DOJ:Vehicle:9f367ff5-791a-4e0c-aa26-d5141b7186e0,dott_stuttgart,2026-05-21 15:30:25+02,POINT (9.17347 48.828498)
DOJ:Vehicle:0a0b1278-68c0-4251-9175-e0d23ba8d8d0,dott_stuttgart,2026-05-21 15:30:28+02,POINT (9.182376 48.790071)
DOJ:Vehicle:f51036c8-f982-4f59-9821-0347e6ad899c,dott_stuttgart,2026-05-21 15:30:28+02,POINT (9.181092 48.786324)
DOJ:Vehicle:bfefdaf2-3ecb-4d20-a5cc-819dfd3f4753,dott_stuttgart,2026-05-21 15:30:31+02,POINT (9.139184 48.778453)
DOJ:Vehicle:b7cea4c5-53d9-44bc-8b36-2e4c0f4ecc0d,dott_stuttgart,2026-05-21 15:30:33+02,POINT (9.190109 48.773142)
DOJ:Vehicle:baf7e290-961d-45bd-bbdc-6583dd0a8823,dott_stuttgart,2026-05-21 15:30:35+02,POINT (9.182714 48.789933)
DOJ:Vehicle:915f90a7-ce97-4280-a351-9354714c1a89,dott_stuttgart,2026-05-21 15:30:37+02,POINT (9.144874 48.779446)
DOJ:Vehicle:918a73d7-acd8-42d5-959e-33c4eefebdc1,dott_stuttgart,2026-05-21 15:30:37+02,POINT (9.155112 48.80811)
DOJ:Vehicle:c8a94708-dd6b-44b3-8ced-3d468799ceba,dott_stuttgart,2026-05-21 15:30:38+02,POINT (9.157896 48.770408)
DOJ:Vehicle:4d4e47a4-7178-4209-a1df-e3aff14855ac,dott_stuttgart,2026-05-21 15:30:41+02,POINT (9.150839 48.778094)
DOJ:Vehicle:dfd4805b-504c-49dd-bc63-a0e9c98575df,dott_stuttgart,2026-05-21 15:30:49+02,POINT (9.204332 48.78413)
DOJ:Vehicle:e19992fe-700c-4feb-b756-c5f6b1c306d2,dott_stuttgart,2026-05-21 15:30:49+02,POINT (9.172608 48.777881)
DOJ:Vehicle:4f9eca56-ffd1-481b-a9bf-a767887acad0,dott_stuttgart,2026-05-21 15:30:55+02,POINT (9.208872 48.797346)
DOJ:Vehicle:85f139fe-f93d-477a-be8e-36d019543ac8,dott_stuttgart,2026-05-21 15:30:56+02,POINT (9.170613 48.774004)
DOJ:Vehicle:6781049e-71f1-4486-a1d7-10220748fb85,dott_stuttgart,2026-05-21 15:30:58+02,POINT (9.17446 48.775735)
DOJ:Vehicle:88fdc949-ca8b-4866-9d4a-70782b7024cb,dott_stuttgart,2026-05-21 15:31:04+02,POINT (9.167773 48.773059)
DOJ:Vehicle:4fd2a453-a765-4a8c-a79b-3b5992deaa75,dott_stuttgart,2026-05-21 15:31:06+02,POINT (9.196292 48.773238)
DOJ:Vehicle:df3b566b-33dc-4ff3-b7fe-dbb0dedf8bea,dott_stuttgart,2026-05-21 15:31:06+02,POINT (9.136435 48.732354)
DOJ:Vehicle:2277a57a-f6d4-4e83-835e-2a646f533e35,dott_stuttgart,2026-05-21 15:31:08+02,POINT (9.189275 48.771035)
DOJ:Vehicle:77895a8b-435c-4ad7-a417-becc1cc259b1,dott_stuttgart,2026-05-21 15:31:09+02,POINT (9.182054 48.782527)
DOJ:Vehicle:cbdc354e-dec1-4b4c-a877-369892046a7b,dott_stuttgart,2026-05-21 15:31:09+02,POINT (9.182463 48.790131)
DOJ:Vehicle:2354bc9b-5630-4b77-aec8-8a57bc3571db,dott_stuttgart,2026-05-21 15:31:13+02,POINT (9.235558 48.788855)
DOJ:Vehicle:dafadf83-582e-4707-b3f7-6acc67e23f21,dott_stuttgart,2026-05-21 15:31:18+02,POINT (9.179149 48.800272)
DOJ:Vehicle:63520297-6b3c-48ec-86c9-7874616686b0,dott_stuttgart,2026-05-21 15:31:21+02,POINT (9.195029 48.778329)
DOJ:Vehicle:c01a5d85-b297-46de-9d00-171be555ef8b,dott_stuttgart,2026-05-21 15:31:21+02,POINT (9.170501 48.760401)
DOJ:Vehicle:1dc08038-530c-455e-a845-208cf9d5dbf5,dott_stuttgart,2026-05-21 15:31:22+02,POINT (9.187463 48.78166)
DOJ:Vehicle:7154c9f2-34eb-43a1-a2ef-e70919e905da,dott_stuttgart,2026-05-21 15:31:23+02,POINT (9.1498 48.786186)
DOJ:Vehicle:1437a10a-eb5e-4715-9a90-f054b5dd5f3e,dott_stuttgart,2026-05-21 15:31:27+02,POINT (9.162974 48.759111)
DOJ:Vehicle:7a09fb89-eae6-40c2-9a25-34a9cb02e84c,dott_stuttgart,2026-05-21 15:31:28+02,POINT (9.161157 48.809689)
DOJ:Vehicle:07df5cb2-a08f-4934-a8e2-3e4104e084ac,dott_stuttgart,2026-05-21 15:31:30+02,POINT (9.145025 48.773285)
DOJ:Vehicle:7bfb3cf1-781f-459d-b48d-87c4e032d0d7,dott_stuttgart,2026-05-21 15:31:30+02,POINT (9.185655 48.766094)
DOJ:Vehicle:315a038f-e156-4d56-a448-dafc48b31145,dott_stuttgart,2026-05-21 15:31:32+02,POINT (9.235616 48.788869)
DOJ:Vehicle:60cd4749-9fbd-48c0-8200-2aeaba43026d,dott_stuttgart,2026-05-21 15:31:33+02,POINT (9.169161 48.722455)
DOJ:Vehicle:7262f65b-e9a8-4ce7-a1b6-eeff1dcd5801,dott_stuttgart,2026-05-21 15:31:33+02,POINT (9.185474 48.765486)
DOJ:Vehicle:c4fd4b7e-0afe-4681-b5ef-a415dac492dd,dott_stuttgart,2026-05-21 15:31:33+02,POINT (9.178994 48.80057)
DOJ:Vehicle:7fda6119-4fcc-4511-9266-0f6c7ab39a9b,dott_stuttgart,2026-05-21 15:31:34+02,POINT (9.182994 48.767785)
DOJ:Vehicle:9184cc65-509b-400b-aa20-23621dc0bfbf,dott_stuttgart,2026-05-21 15:31:41+02,POINT (9.166148 48.785664)
DOJ:Vehicle:bb7f612a-b6b7-484c-8b17-b7c91c88b43f,dott_stuttgart,2026-05-21 15:31:46+02,POINT (9.168877 48.808575)
DOJ:Vehicle:fe03bb46-ff6e-41fe-9780-9284050e587c,dott_stuttgart,2026-05-21 15:31:47+02,POINT (9.190223 48.784196)
DOJ:Vehicle:217f6dd6-0b05-472c-a67d-13d67673ab38,dott_stuttgart,2026-05-21 15:31:50+02,POINT (9.2 48.784217)
DOJ:Vehicle:4ad0a4b5-2cf4-4243-b863-f60d75438cfd,dott_stuttgart,2026-05-21 15:31:52+02,POINT (9.171334 48.761285)
DOJ:Vehicle:8baba41b-15a1-467f-b9a8-96c95fa4b042,dott_stuttgart,2026-05-21 15:31:53+02,POINT (9.194929 48.788875)
DOJ:Vehicle:82d6ebc0-8087-4e9c-b5de-133a7e6f3b04,dott_stuttgart,2026-05-21 15:31:58+02,POINT (9.180649 48.797431)
DOJ:Vehicle:4a3932e5-e557-44c8-a1be-dcd6eb3a810a,dott_stuttgart,2026-05-21 15:32:04+02,POINT (9.163745 48.811829)
DOJ:Vehicle:29c95ed4-4777-47cf-a1a3-274af3100983,dott_stuttgart,2026-05-21 15:32:05+02,POINT (9.191539 48.775531)
DOJ:Vehicle:f964a351-75b3-429e-9e15-41d5d505d36f,dott_stuttgart,2026-05-21 15:32:06+02,POINT (9.145257 48.767255)
DOJ:Vehicle:85aad2ce-dfc8-464a-b0bf-e2356384b038,dott_stuttgart,2026-05-21 15:32:11+02,POINT (9.175859 48.78342)
DOJ:Vehicle:cfa67b33-d62e-4266-9b17-7165a674a91d,dott_stuttgart,2026-05-21 15:32:12+02,POINT (9.14858 48.760726)
DOJ:Vehicle:7b64d406-76dc-4787-8d9e-96b3cb3025eb,dott_stuttgart,2026-05-21 15:32:14+02,POINT (9.175064 48.791149)
DOJ:Vehicle:63b515b7-747c-414b-b203-96d7f6dfe34e,dott_stuttgart,2026-05-21 15:32:16+02,POINT (9.136156 48.813738)
DOJ:Vehicle:459c8307-fe08-403c-b751-1f39b7607d1c,dott_stuttgart,2026-05-21 15:32:17+02,POINT (9.175718 48.794787)
DOJ:Vehicle:0cd71585-6ed9-4820-ab05-450254648df6,dott_stuttgart,2026-05-21 15:32:19+02,POINT (9.215465 48.803261)
DOJ:Vehicle:72aa2c50-bb57-479d-8b4d-8a81d77738e6,dott_stuttgart,2026-05-21 15:32:20+02,POINT (9.169766 48.764279)
DOJ:Vehicle:d2189c8a-571b-4f55-bfda-f09d0927e004,dott_stuttgart,2026-05-21 15:32:20+02,POINT (9.142465 48.769098)
DOJ:Vehicle:37df0f1b-b294-40ae-92d4-5708189f1bc8,dott_stuttgart,2026-05-21 15:32:21+02,POINT (9.182726 48.78992)
DOJ:Vehicle:4a86721f-f505-4e43-af11-49eaac1a2c99,dott_stuttgart,2026-05-21 15:32:21+02,POINT (9.174475 48.772432)
DOJ:Vehicle:fb8f4188-d143-43d7-b4ad-2ec5ac3cb0b3,dott_stuttgart,2026-05-21 15:32:21+02,POINT (9.138817 48.768177)
DOJ:Vehicle:292d9dc6-3d80-45ef-8372-a72acdf30157,dott_stuttgart,2026-05-21 15:32:22+02,POINT (9.16782 48.767038)
DOJ:Vehicle:9368710e-4c8e-4ac7-8371-a20da2d651c7,dott_stuttgart,2026-05-21 15:32:27+02,POINT (9.181927 48.782622)
DOJ:Vehicle:a03a91fd-1b07-481b-b612-aa145d0e66b4,dott_stuttgart,2026-05-21 15:32:27+02,POINT (9.168649 48.775879)
DOJ:Vehicle:2e2f7e1a-4c03-41e6-a8a6-c1fde0c84650,dott_stuttgart,2026-05-21 15:32:28+02,POINT (9.21314 48.778243)
DOJ:Vehicle:6a5d552c-9a12-4318-a81d-8594b8b5887d,dott_stuttgart,2026-05-21 15:32:28+02,POINT (9.186981 48.765479)
DOJ:Vehicle:d0a3098e-c5f6-4447-87be-18e38b3ed4f6,dott_stuttgart,2026-05-21 15:32:28+02,POINT (9.158351 48.780366)
DOJ:Vehicle:d9d5fd5e-198a-4a9b-8f1f-c64c892cbd9f,dott_stuttgart,2026-05-21 15:32:29+02,POINT (9.170025 48.794859)
DOJ:Vehicle:fd66a43a-5ae2-43d4-afc3-78a93cd6b17f,dott_stuttgart,2026-05-21 15:32:29+02,POINT (9.220014 48.807437)
DOJ:Vehicle:6a742d46-f4e7-4dcb-bdd8-f21c3ed29bd3,dott_stuttgart,2026-05-21 15:32:30+02,POINT (9.164399 48.785994)
DOJ:Vehicle:793e5592-7566-4566-8508-b5fc2c66896f,dott_stuttgart,2026-05-21 15:32:31+02,POINT (9.171019 48.774829)
DOJ:Vehicle:464ce8ed-de62-4fb5-b650-b04d30e21d1e,dott_stuttgart,2026-05-21 15:32:33+02,POINT (9.137744 48.775685)
DOJ:Vehicle:c1b9d629-d1c6-4dd2-b894-7ea65d897848,dott_stuttgart,2026-05-21 15:32:37+02,POINT (9.189547 48.76463)
DOJ:Vehicle:6547fea4-68a0-4a28-bbec-d162d0d96559,dott_stuttgart,2026-05-21 15:32:42+02,POINT (9.192269 48.780045)
DOJ:Vehicle:000fc374-28d5-467a-975c-0735f3d53f0d,dott_stuttgart,2026-05-21 15:32:43+02,POINT (9.162008 48.80576)
DOJ:Vehicle:33f3b5bf-2d85-4b93-9da6-70fa72e1ba7c,dott_stuttgart,2026-05-21 15:32:44+02,POINT (9.189648 48.77971)
DOJ:Vehicle:e6f74216-13e5-4d63-8a54-1243d025dd5a,dott_stuttgart,2026-05-21 15:32:46+02,POINT (9.173926 48.759255)
DOJ:Vehicle:905347db-6005-4e7e-925e-eb52692b8a56,dott_stuttgart,2026-05-21 15:32:47+02,POINT (9.166108 48.786924)
DOJ:Vehicle:5761e995-8f41-4c08-b25a-c169d8896e96,dott_stuttgart,2026-05-21 15:32:49+02,POINT (9.187643 48.768074)
DOJ:Vehicle:ed3ae973-f17a-4bd8-ab59-13c103367f8c,dott_stuttgart,2026-05-21 15:32:52+02,POINT (9.196396 48.785413)
DOJ:Vehicle:66ce31c1-33ca-4676-a3b1-7a5e8404605a,dott_stuttgart,2026-05-21 15:32:57+02,POINT (9.18613 48.792226)
DOJ:Vehicle:14e9630d-3730-415d-8f90-8050f3f38e76,dott_stuttgart,2026-05-21 15:32:58+02,POINT (9.174431 48.775707)
DOJ:Vehicle:3a0dbf34-27e7-429c-a3c7-59924f522609,dott_stuttgart,2026-05-21 15:32:59+02,POINT (9.197474 48.779809)
DOJ:Vehicle:8afa5535-90d4-43ea-921e-7dd759fee02d,dott_stuttgart,2026-05-21 15:33:00+02,POINT (9.159322 48.810543)
DOJ:Vehicle:6c8d5693-3d98-4a9e-915f-6c62cbba2ba7,dott_stuttgart,2026-05-21 15:33:01+02,POINT (9.148307 48.730848)
DOJ:Vehicle:a45c1a26-85f3-409c-a271-0122f34c25d3,dott_stuttgart,2026-05-21 15:33:05+02,POINT (9.168717 48.773384)
DOJ:Vehicle:2a84cb12-59f7-4307-acda-94e777c5c3ec,dott_stuttgart,2026-05-21 15:33:06+02,POINT (9.178284 48.784176)
DOJ:Vehicle:434281d0-3d65-41f3-9381-6c04aa03651b,dott_stuttgart,2026-05-21 15:33:07+02,POINT (9.216386 48.802231)
DOJ:Vehicle:cfad6d2c-ff1d-4fe9-b9e5-6a4cf9d9dce5,dott_stuttgart,2026-05-21 15:33:07+02,POINT (9.156536 48.764763)
DOJ:Vehicle:ec1f4147-5df1-469a-bf06-3bfdb3907eb9,dott_stuttgart,2026-05-21 15:33:07+02,POINT (9.196014 48.783467)
DOJ:Vehicle:05c22205-4712-4aaf-8fa6-2c433d4ab1da,dott_stuttgart,2026-05-21 15:33:08+02,POINT (9.118742 48.748585)
DOJ:Vehicle:79e7b2ed-6cc4-4060-87ab-2b28a1f4e9ec,dott_stuttgart,2026-05-21 15:33:12+02,POINT (9.142824 48.757475)
DOJ:Vehicle:997935ff-b403-415f-bc4b-2a4f5c5f8605,dott_stuttgart,2026-05-21 15:33:12+02,POINT (9.180242 48.783258)
DOJ:Vehicle:e860c408-4525-42d6-8b58-eb3c575456c7,dott_stuttgart,2026-05-21 15:33:12+02,POINT (9.161705 48.755252)
DOJ:Vehicle:b347a21b-3aaf-4a18-8448-11ab6848e3d4,dott_stuttgart,2026-05-21 15:33:13+02,POINT (9.174168 48.785133)
DOJ:Vehicle:c591a14e-0ea7-4c09-a2be-d555841d7a3d,dott_stuttgart,2026-05-21 15:33:13+02,POINT (9.173199 48.777731)
DOJ:Vehicle:9c004cdc-1f79-40f1-a7e5-d3965d5830bf,dott_stuttgart,2026-05-21 15:33:14+02,POINT (9.188944 48.766196)
DOJ:Vehicle:3d02cd83-e86f-4081-8d9d-1a6f9d6a2327,dott_stuttgart,2026-05-21 15:33:15+02,POINT (9.181554 48.775185)
DOJ:Vehicle:5d193a5a-131c-41d5-b64c-766bf3341b39,dott_stuttgart,2026-05-21 15:33:16+02,POINT (9.17628 48.794359)
DOJ:Vehicle:b96a46e2-107d-4159-a0e7-767e35fb8806,dott_stuttgart,2026-05-21 15:33:19+02,POINT (9.191945 48.788224)
DOJ:Vehicle:bf01f898-37e5-4fdf-9f15-4cf21e63d46c,dott_stuttgart,2026-05-21 15:33:21+02,POINT (9.157994 48.816121)
DOJ:Vehicle:4235f128-e4c3-4c88-8fd3-fbf979ebde61,dott_stuttgart,2026-05-21 15:33:27+02,POINT (9.178191 48.767095)
DOJ:Vehicle:8260275a-81d6-4c30-b341-60030f61eeaf,dott_stuttgart,2026-05-21 15:33:30+02,POINT (9.196312 48.779615)
DOJ:Vehicle:5101173e-4c24-49a4-829e-a365a9540014,dott_stuttgart,2026-05-21 15:33:32+02,POINT (9.191901 48.794016)
DOJ:Vehicle:22b0916b-e175-45e0-84e3-3303c057a771,dott_stuttgart,2026-05-21 15:33:33+02,POINT (9.149368 48.778268)
DOJ:Vehicle:77d7a91c-4ad5-48ce-a4a8-47bc198576f8,dott_stuttgart,2026-05-21 15:33:40+02,POINT (9.169803 48.785806)
DOJ:Vehicle:7e6894b0-1c11-4544-a6e3-1f917bd7f3c3,dott_stuttgart,2026-05-21 15:33:40+02,POINT (9.180321 48.78321)
DOJ:Vehicle:9e7e2ac1-7c4a-488e-9508-0b8a4474c377,dott_stuttgart,2026-05-21 15:33:40+02,POINT (9.182974 48.767764)
DOJ:Vehicle:f0ac04bd-52ba-4b61-8010-feb9a97da17a,dott_stuttgart,2026-05-21 15:33:40+02,POINT (9.10629 48.74411)
DOJ:Vehicle:4a703b3e-35b7-4a05-8bf9-4efd767b9ded,dott_stuttgart,2026-05-21 15:33:43+02,POINT (9.156178 48.758915)
DOJ:Vehicle:d5f6b5a2-7f0a-4094-a91a-1875273a7d80,dott_stuttgart,2026-05-21 15:33:45+02,POINT (9.181094 48.793891)
DOJ:Vehicle:5516616c-3a20-4301-91da-8d9cb0eb82f7,dott_stuttgart,2026-05-21 15:33:47+02,POINT (9.174072 48.770147)
DOJ:Vehicle:d77287ee-26ae-4424-9f37-b78be1f217c4,dott_stuttgart,2026-05-21 15:33:47+02,POINT (9.149692 48.769405)
DOJ:Vehicle:20ce278c-dfbe-4f09-bfaf-dddf50330471,dott_stuttgart,2026-05-21 15:33:49+02,POINT (9.17549 48.787102)
DOJ:Vehicle:59eff4f0-e8b1-485f-a87d-87c475e6356e,dott_stuttgart,2026-05-21 15:33:53+02,POINT (9.147897 48.769151)
DOJ:Vehicle:d0d67b3b-b99e-4427-acb6-9267bbf391af,dott_stuttgart,2026-05-21 15:33:55+02,POINT (9.177212 48.767466)
DOJ:Vehicle:6ba485b3-aa4e-469e-953a-5edf262aded9,dott_stuttgart,2026-05-21 15:33:59+02,POINT (9.169044 48.771223)
DOJ:Vehicle:6037535e-eaf6-486c-8301-026271df0c54,dott_stuttgart,2026-05-21 15:34:00+02,POINT (9.162602 48.758651)
DOJ:Vehicle:1dbbb1ff-77d5-4197-aca8-552a2b63bf3f,dott_stuttgart,2026-05-21 15:34:08+02,POINT (9.227184 48.756018)
DOJ:Vehicle:95487aa4-1209-42fd-8bf9-1e44e9c6ffba,dott_stuttgart,2026-05-21 15:34:08+02,POINT (9.199073 48.766979)
DOJ:Vehicle:76ea0fae-48e7-4e98-8f59-75ab42a2c67b,dott_stuttgart,2026-05-21 15:34:09+02,POINT (9.196971 48.783656)
DOJ:Vehicle:7bffec99-6943-4246-91dc-11a3a79fa685,dott_stuttgart,2026-05-21 15:34:13+02,POINT (9.167761 48.801564)
DOJ:Vehicle:f1465c42-f1aa-475d-ac61-9e89a7803b81,dott_stuttgart,2026-05-21 15:34:15+02,POINT (9.163084 48.804215)
LMG:Vehicle:2SVPO36J6GHN7,lime_bw,2026-05-21 15:38:15+02,POINT (9.207403 48.776887)
LMG:Vehicle:22OQRLMVHUCO6,lime_bw,2026-05-21 15:38:15+02,POINT (9.163368 48.746022)
LMG:Vehicle:27OWTAQDSKOD3,lime_bw,2026-05-21 15:38:15+02,POINT (9.158106 48.816098)
LMG:Vehicle:27XX474LYPNXH,lime_bw,2026-05-21 15:38:15+02,POINT (9.101989 48.746632)
LMG:Vehicle:GB5LPSQS6UWH3,lime_bw,2026-05-21 15:38:15+02,POINT (9.147602 48.766986)
LMG:Vehicle:GIFHUQO27V6Y6,lime_bw,2026-05-21 15:38:15+02,POINT (9.207225 48.789765)
LMG:Vehicle:GLYJG3GOFEGUM,lime_bw,2026-05-21 15:38:15+02,POINT (9.1772 48.810878)
LMG:Vehicle:GNT46UZC5RP6O,lime_bw,2026-05-21 15:38:15+02,POINT (9.129262 48.779843)
LMG:Vehicle:GNXECQ5UUXP3E,lime_bw,2026-05-21 15:38:15+02,POINT (9.177189 48.770032)
LMG:Vehicle:GQEI2TH4Q7OGZ,lime_bw,2026-05-21 15:38:15+02,POINT (9.168148 48.764655)
LMG:Vehicle:GSYNSJCFXHDGO,lime_bw,2026-05-21 15:38:15+02,POINT (9.190504 48.777824)
LMG:Vehicle:GUTEW2GWDV46C,lime_bw,2026-05-21 15:38:15+02,POINT (9.156721 48.769653)
LMG:Vehicle:GXAU72DMHFD4M,lime_bw,2026-05-21 15:38:15+02,POINT (9.176222 48.773664)
LMG:Vehicle:H4GJGPO6IIWOZ,lime_bw,2026-05-21 15:38:15+02,POINT (9.179496 48.774825)
LMG:Vehicle:H65IWWCYTPFR7,lime_bw,2026-05-21 15:38:15+02,POINT (9.233095 48.757475)
LMG:Vehicle:HBMNPEN4YDMXM,lime_bw,2026-05-21 15:38:15+02,POINT (9.160762 48.784682)
LMG:Vehicle:HDR7A5RMMY7AM,lime_bw,2026-05-21 15:38:15+02,POINT (9.152476 48.771933)
LMG:Vehicle:HGC5HFEUH7DAM,lime_bw,2026-05-21 15:38:15+02,POINT (9.195012 48.798799)
LMG:Vehicle:HI5TBLHPXICCA,lime_bw,2026-05-21 15:38:15+02,POINT (9.177917 48.780725)
LMG:Vehicle:HOAXHQHAQQXFE,lime_bw,2026-05-21 15:38:15+02,POINT (9.174039 48.784385)
LMG:Vehicle:HOTO4DR7NKPNF,lime_bw,2026-05-21 15:38:15+02,POINT (9.224958 48.796872)
LMG:Vehicle:HYCQS7BMGETDF,lime_bw,2026-05-21 15:38:15+02,POINT (9.204566 48.793)
LMG:Vehicle:I2GUNJYFP73PF,lime_bw,2026-05-21 15:38:15+02,POINT (9.159342 48.810855)
LMG:Vehicle:I5UKAEFDLHL3L,lime_bw,2026-05-21 15:38:15+02,POINT (9.256539 48.775073)
LMG:Vehicle:IGYL646FSN6AQ,lime_bw,2026-05-21 15:38:15+02,POINT (9.17319 48.751463)
LMG:Vehicle:IKVDFFGMABRN3,lime_bw,2026-05-21 15:38:15+02,POINT (9.209853 48.795558)
LMG:Vehicle:IQV4FDJUTO2GZ,lime_bw,2026-05-21 15:38:15+02,POINT (9.143382 48.77386)
LMG:Vehicle:IZ3PKSYIM2T5D,lime_bw,2026-05-21 15:38:15+02,POINT (9.151094 48.762469)
LMG:Vehicle:J32QIBRDN6XSV,lime_bw,2026-05-21 15:38:15+02,POINT (9.189316 48.766004)
LMG:Vehicle:J4M33RCMGSKVH,lime_bw,2026-05-21 15:38:15+02,POINT (9.153378 48.741063)
LMG:Vehicle:J6JSLOJEPLJVV,lime_bw,2026-05-21 15:38:15+02,POINT (9.169034 48.832364)
LMG:Vehicle:JCMLD45CX63L2,lime_bw,2026-05-21 15:38:15+02,POINT (9.220606 48.737794)
LMG:Vehicle:JHHFHMFHSAIGD,lime_bw,2026-05-21 15:38:15+02,POINT (9.226782 48.792803)
LMG:Vehicle:JHUNI7DRGRWB3,lime_bw,2026-05-21 15:38:15+02,POINT (9.197236 48.76574)
LMG:Vehicle:JJHRUWLEIQV53,lime_bw,2026-05-21 15:38:15+02,POINT (9.167801 48.78494)
LMG:Vehicle:JSG2U4IU6XJR7,lime_bw,2026-05-21 15:38:15+02,POINT (9.196624 48.787413)
LMG:Vehicle:JUT4CHCAVZYMK,lime_bw,2026-05-21 15:38:15+02,POINT (9.171248 48.768409)
LMG:Vehicle:K3XTNFXVXWXTH,lime_bw,2026-05-21 15:38:15+02,POINT (9.224872 48.802739)
LMG:Vehicle:K6FOUROF2THEW,lime_bw,2026-05-21 15:38:15+02,POINT (9.168034 48.784709)
LMG:Vehicle:KC6ZKYD5ERMHV,lime_bw,2026-05-21 15:38:15+02,POINT (9.183119 48.76835)
LMG:Vehicle:KNH4IVF6XULWP,lime_bw,2026-05-21 15:38:15+02,POINT (9.171714 48.764103)
LMG:Vehicle:KPAYNEOJ3E76V,lime_bw,2026-05-21 15:38:15+02,POINT (9.185871 48.77261)
LMG:Vehicle:KQTRLR6H6GJWQ,lime_bw,2026-05-21 15:38:15+02,POINT (9.188829 48.807104)
LMG:Vehicle:KSCTWYVQ3OJLZ,lime_bw,2026-05-21 15:38:15+02,POINT (9.161332 48.782446)
LMG:Vehicle:KTYPHXNOCXJ6A,lime_bw,2026-05-21 15:38:15+02,POINT (9.11843 48.817004)
LMG:Vehicle:KVTIKMMORJ4MH,lime_bw,2026-05-21 15:38:15+02,POINT (9.218242 48.802226)
LMG:Vehicle:L46J4SZBANSFU,lime_bw,2026-05-21 15:38:15+02,POINT (9.247103 48.771185)
LMG:Vehicle:L4FJJ4QUW2QNF,lime_bw,2026-05-21 15:38:15+02,POINT (9.171251 48.764938)
LMG:Vehicle:L4LMDLPUEAT35,lime_bw,2026-05-21 15:38:15+02,POINT (9.169174 48.818007)
LMG:Vehicle:LCSWB735BEEIS,lime_bw,2026-05-21 15:38:15+02,POINT (9.174897 48.773334)
LMG:Vehicle:LIMJ2BTRJRMC4,lime_bw,2026-05-21 15:38:15+02,POINT (9.123759 48.749707)
LMG:Vehicle:LIMO7ZBIRL3BS,lime_bw,2026-05-21 15:38:15+02,POINT (9.160689 48.788562)
LMG:Vehicle:LO6IXA2WXGGYV,lime_bw,2026-05-21 15:38:15+02,POINT (9.151673 48.760168)
LMG:Vehicle:LOZQLLKQHEQTV,lime_bw,2026-05-21 15:38:15+02,POINT (9.157003 48.760082)
LMG:Vehicle:LUEINX2UVUNRN,lime_bw,2026-05-21 15:38:15+02,POINT (9.169244 48.78374)
LMG:Vehicle:LXWUUYMU3UWXB,lime_bw,2026-05-21 15:38:15+02,POINT (9.1647 48.810643)
LMG:Vehicle:LXXTGW77RE6CZ,lime_bw,2026-05-21 15:38:15+02,POINT (9.167253 48.825269)
LMG:Vehicle:M3H447EV3ZXHU,lime_bw,2026-05-21 15:38:15+02,POINT (9.194863 48.801927)
LMG:Vehicle:M6GZDEAXIPW46,lime_bw,2026-05-21 15:38:15+02,POINT (9.131768 48.785607)
LMG:Vehicle:M6OLGX2RDS3FU,lime_bw,2026-05-21 15:38:15+02,POINT (9.150066 48.814922)
LMG:Vehicle:M756ENURVIXXD,lime_bw,2026-05-21 15:38:15+02,POINT (9.168106 48.782495)
LMG:Vehicle:M7EYTS7LFMY3E,lime_bw,2026-05-21 15:38:15+02,POINT (9.174099 48.764249)
LMG:Vehicle:MC3NH6C7X4XUV,lime_bw,2026-05-21 15:38:15+02,POINT (9.114594 48.81388)
LMG:Vehicle:MFJVDSATLEO6Y,lime_bw,2026-05-21 15:38:15+02,POINT (9.168883 48.778362)
LMG:Vehicle:MGKGCPI3RJOR3,lime_bw,2026-05-21 15:38:15+02,POINT (9.173139 48.791256)
LMG:Vehicle:MKPXKHAME3YWQ,lime_bw,2026-05-21 15:38:15+02,POINT (9.184459 48.816143)
LMG:Vehicle:MQEPOYYCIQEJW,lime_bw,2026-05-21 15:38:15+02,POINT (9.160093 48.776396)
LMG:Vehicle:MSE5YWBXKD7H4,lime_bw,2026-05-21 15:38:15+02,POINT (9.235628 48.788538)
LMG:Vehicle:MTE6XNOO6COX6,lime_bw,2026-05-21 15:38:15+02,POINT (9.16924 48.777936)
LMG:Vehicle:MVGFZDJJ5WOK7,lime_bw,2026-05-21 15:38:15+02,POINT (9.205518 48.789068)
LMG:Vehicle:N3GZTLLH5TSY4,lime_bw,2026-05-21 15:38:15+02,POINT (9.13275 48.74147)
LMG:Vehicle:N7UVL643XL32S,lime_bw,2026-05-21 15:38:15+02,POINT (9.195652 48.810954)
LMG:Vehicle:NAEDVYOP7URSP,lime_bw,2026-05-21 15:38:15+02,POINT (9.144413 48.771179)
LMG:Vehicle:NBPZ3QPHPAC4A,lime_bw,2026-05-21 15:38:15+02,POINT (9.174016 48.785181)
LMG:Vehicle:NG3WYGLELODMO,lime_bw,2026-05-21 15:38:15+02,POINT (9.176258 48.80912)
LMG:Vehicle:NHA4B3V5H4QQ4,lime_bw,2026-05-21 15:38:15+02,POINT (9.161305 48.76587)
LMG:Vehicle:NKB7S3WVBUW37,lime_bw,2026-05-21 15:38:15+02,POINT (9.202367 48.786639)
LMG:Vehicle:NV6YYD3HUQ4SI,lime_bw,2026-05-21 15:38:15+02,POINT (9.198997 48.788204)
LMG:Vehicle:NYHGVN2ZGNAHR,lime_bw,2026-05-21 15:38:15+02,POINT (9.171477 48.769855)
LMG:Vehicle:O32RFKRBLK6UG,lime_bw,2026-05-21 15:38:15+02,POINT (9.217095 48.785093)
LMG:Vehicle:O4SBWMPHOFQOT,lime_bw,2026-05-21 15:38:15+02,POINT (9.169339 48.784002)
LMG:Vehicle:OBRIC6FWBJN4A,lime_bw,2026-05-21 15:38:15+02,POINT (9.176958 48.794241)
LMG:Vehicle:OGKMTZNOOIZ5O,lime_bw,2026-05-21 15:38:15+02,POINT (9.18311 48.793575)
LMG:Vehicle:OGSR3FQWNJM5X,lime_bw,2026-05-21 15:38:15+02,POINT (9.165025 48.764612)
LMG:Vehicle:OH24X6ZNP7QAK,lime_bw,2026-05-21 15:38:15+02,POINT (9.210039 48.808654)
LMG:Vehicle:OHTGGBFNWRZEF,lime_bw,2026-05-21 15:38:15+02,POINT (9.188473 48.780946)
LMG:Vehicle:OHWRS7WRLHYHR,lime_bw,2026-05-21 15:38:15+02,POINT (9.147979 48.775306)
LMG:Vehicle:OJ3EGAHXOQVF7,lime_bw,2026-05-21 15:38:15+02,POINT (9.190912 48.767604)
LMG:Vehicle:OKELGFW7BZQQY,lime_bw,2026-05-21 15:38:15+02,POINT (9.163858 48.832618)
LMG:Vehicle:OPKA2URXTNI7V,lime_bw,2026-05-21 15:38:15+02,POINT (9.18247 48.787566)
LMG:Vehicle:PEH27TR2CSTM4,lime_bw,2026-05-21 15:38:15+02,POINT (9.188264 48.784178)
LMG:Vehicle:PJZW2LF4U7E5I,lime_bw,2026-05-21 15:38:15+02,POINT (9.168882 48.783883)
LMG:Vehicle:PNO455Z4BQLZL,lime_bw,2026-05-21 15:38:15+02,POINT (9.167434 48.7791)
LMG:Vehicle:PQ2QU2AU5YK7G,lime_bw,2026-05-21 15:38:15+02,POINT (9.156101 48.815661)
LMG:Vehicle:PWVQX3R5Q6P6B,lime_bw,2026-05-21 15:38:15+02,POINT (9.216192 48.803413)
LMG:Vehicle:PXO35K5OOLXL3,lime_bw,2026-05-21 15:38:15+02,POINT (9.176984 48.768771)
LMG:Vehicle:PXQHL62HL7IFL,lime_bw,2026-05-21 15:38:15+02,POINT (9.161708 48.81234)
LMG:Vehicle:QAPXFZE7TZPGP,lime_bw,2026-05-21 15:38:15+02,POINT (9.170123 48.809294)
LMG:Vehicle:QC6AY6JCBFAHE,lime_bw,2026-05-21 15:38:15+02,POINT (9.170103 48.764977)
LMG:Vehicle:QE6ZHUZOSC576,lime_bw,2026-05-21 15:38:15+02,POINT (9.169813 48.764096)
LMG:Vehicle:QFTISTDUGE65J,lime_bw,2026-05-21 15:38:15+02,POINT (9.233286 48.738465)
LMG:Vehicle:QHKWTM3XETBGK,lime_bw,2026-05-21 15:38:15+02,POINT (9.111487 48.813725)
LMG:Vehicle:QHWHKFG5IUDXR,lime_bw,2026-05-21 15:38:15+02,POINT (9.174738 48.775835)
LMG:Vehicle:QLMNNMFRYNCKH,lime_bw,2026-05-21 15:38:15+02,POINT (9.168254 48.767688)
LMG:Vehicle:QOTYOQVXHALLR,lime_bw,2026-05-21 15:38:15+02,POINT (9.175578 48.773454)
LMG:Vehicle:QW3CHOOILFPM5,lime_bw,2026-05-21 15:38:15+02,POINT (9.147878 48.730667)
LMG:Vehicle:RLHQBYIHQXU3X,lime_bw,2026-05-21 15:38:15+02,POINT (9.182948 48.77472)
LMG:Vehicle:RN2EOAGK2VLP5,lime_bw,2026-05-21 15:38:15+02,POINT (9.158059 48.770338)
LMG:Vehicle:RREVF6ASQP3RR,lime_bw,2026-05-21 15:38:15+02,POINT (9.206586 48.796659)
LMG:Vehicle:RWBZ5JL4K3QEL,lime_bw,2026-05-21 15:38:15+02,POINT (9.235965 48.788846)
LMG:Vehicle:RY6VR3TYX4HQB,lime_bw,2026-05-21 15:38:15+02,POINT (9.157399 48.766677)
LMG:Vehicle:RYKWANWDWRYHL,lime_bw,2026-05-21 15:38:15+02,POINT (9.176992 48.772055)
LMG:Vehicle:S3ATBUCE44RME,lime_bw,2026-05-21 15:38:15+02,POINT (9.169175 48.76907)
LMG:Vehicle:S44KQWZEXAY3X,lime_bw,2026-05-21 15:38:15+02,POINT (9.189952 48.784694)
LMG:Vehicle:S5NRDXSMJVLKW,lime_bw,2026-05-21 15:38:15+02,POINT (9.197917 48.791495)
LMG:Vehicle:S5XZ5BP4EPMST,lime_bw,2026-05-21 15:38:15+02,POINT (9.191623 48.766452)
LMG:Vehicle:SA675TEK3ALRO,lime_bw,2026-05-21 15:38:15+02,POINT (9.169168 48.777916)
LMG:Vehicle:SHHUT2L6XCGDX,lime_bw,2026-05-21 15:38:15+02,POINT (9.188046 48.793102)
LMG:Vehicle:SI2ADIKY4P7ZQ,lime_bw,2026-05-21 15:38:15+02,POINT (9.212387 48.791644)
LMG:Vehicle:SML375YKKBXLS,lime_bw,2026-05-21 15:38:15+02,POINT (9.177313 48.807848)
LMG:Vehicle:STL76FUEHPPRX,lime_bw,2026-05-21 15:38:15+02,POINT (9.185726 48.774319)
LMG:Vehicle:TBUE5HZUHNJEK,lime_bw,2026-05-21 15:38:15+02,POINT (9.189626 48.779734)
LMG:Vehicle:TJQUCGWTAN2AX,lime_bw,2026-05-21 15:38:15+02,POINT (9.160083 48.832106)
LMG:Vehicle:TLWMA77TJEF7C,lime_bw,2026-05-21 15:38:15+02,POINT (9.168074 48.778344)
LMG:Vehicle:TM7SKBK7IRBNK,lime_bw,2026-05-21 15:38:15+02,POINT (9.199818 48.775816)
LMG:Vehicle:TMFZJOAY4XMCL,lime_bw,2026-05-21 15:38:15+02,POINT (9.152614 48.77325)
LMG:Vehicle:TPBDKI3SYAFXW,lime_bw,2026-05-21 15:38:15+02,POINT (9.157121 48.77199)
LMG:Vehicle:TRLTUHB4IRIYC,lime_bw,2026-05-21 15:38:15+02,POINT (9.160525 48.769663)
LMG:Vehicle:TWMTH447SQUI3,lime_bw,2026-05-21 15:38:15+02,POINT (9.180934 48.809174)
LMG:Vehicle:TXORQHV3JXI3L,lime_bw,2026-05-21 15:38:15+02,POINT (9.167151 48.764003)
LMG:Vehicle:TZ6XACDKCIXJX,lime_bw,2026-05-21 15:38:15+02,POINT (9.1856 48.774256)
LMG:Vehicle:TZDONERNOQVVJ,lime_bw,2026-05-21 15:38:15+02,POINT (9.170904 48.827464)
LMG:Vehicle:TZPJDBBD5VKQ3,lime_bw,2026-05-21 15:38:15+02,POINT (9.165548 48.829176)
LMG:Vehicle:UFWQR3OWKBXWR,lime_bw,2026-05-21 15:38:15+02,POINT (9.148165 48.727239)
LMG:Vehicle:UL7KKDOURIK66,lime_bw,2026-05-21 15:38:15+02,POINT (9.161644 48.765518)
LMG:Vehicle:UREKSPBPKL2WX,lime_bw,2026-05-21 15:38:15+02,POINT (9.209104 48.784988)
LMG:Vehicle:USM6KQZ4PTOYH,lime_bw,2026-05-21 15:38:15+02,POINT (9.17374 48.821348)
LMG:Vehicle:USVSULI5GZ7BY,lime_bw,2026-05-21 15:38:15+02,POINT (9.183865 48.769662)
LMG:Vehicle:UXVCP5AZJZAUW,lime_bw,2026-05-21 15:38:15+02,POINT (9.181249 48.776008)
LMG:Vehicle:UYX7FPERXLRNG,lime_bw,2026-05-21 15:38:15+02,POINT (9.218732 48.75056)
LMG:Vehicle:VCMW2BVPZHFCV,lime_bw,2026-05-21 15:38:15+02,POINT (9.15178 48.809626)
LMG:Vehicle:VHW5LU7CFL3I3,lime_bw,2026-05-21 15:38:15+02,POINT (9.187252 48.779432)
LMG:Vehicle:VKCG2CBAD6OTN,lime_bw,2026-05-21 15:38:15+02,POINT (9.168144 48.764628)
LMG:Vehicle:VMYQLTWDMOSJ3,lime_bw,2026-05-21 15:38:15+02,POINT (9.11366 48.814841)
LMG:Vehicle:VNANGPNZRF5LC,lime_bw,2026-05-21 15:38:15+02,POINT (9.137224 48.769085)
LMG:Vehicle:W34TE4TQR36U4,lime_bw,2026-05-21 15:38:15+02,POINT (9.231875 48.788466)
LMG:Vehicle:W7ULWPAAP6PYQ,lime_bw,2026-05-21 15:38:15+02,POINT (9.16165 48.765244)
LMG:Vehicle:WECTEUG4WLW7W,lime_bw,2026-05-21 15:38:15+02,POINT (9.187441 48.775201)
LMG:Vehicle:WIYHA3XYHGYOI,lime_bw,2026-05-21 15:38:15+02,POINT (9.223039 48.801358)
LMG:Vehicle:WQLSU7BU6CBAE,lime_bw,2026-05-21 15:38:15+02,POINT (9.168062 48.773955)
LMG:Vehicle:WQPKKKS57HLX3,lime_bw,2026-05-21 15:38:15+02,POINT (9.173818 48.78277)
LMG:Vehicle:WRQIMZKJH7TAL,lime_bw,2026-05-21 15:38:15+02,POINT (9.175582 48.763666)
LMG:Vehicle:WZH36C76D2H5T,lime_bw,2026-05-21 15:38:15+02,POINT (9.172214 48.786543)
LMG:Vehicle:X3V7UELAKAUGH,lime_bw,2026-05-21 15:38:15+02,POINT (9.148071 48.769043)
LMG:Vehicle:X6UILXQSGEF57,lime_bw,2026-05-21 15:38:15+02,POINT (9.167756 48.830093)
LMG:Vehicle:XLYHE3IBEFUVE,lime_bw,2026-05-21 15:38:15+02,POINT (9.158604 48.8136)
LMG:Vehicle:XNRQSYILWDSF2,lime_bw,2026-05-21 15:38:15+02,POINT (9.252337 48.778519)
LMG:Vehicle:XO7COBERGIGCN,lime_bw,2026-05-21 15:38:15+02,POINT (9.179994 48.776273)
LMG:Vehicle:XTV3S3OABWZUT,lime_bw,2026-05-21 15:38:15+02,POINT (9.154833 48.812665)
LMG:Vehicle:XUWU7IX2REKJX,lime_bw,2026-05-21 15:38:15+02,POINT (9.169604 48.783568)
LMG:Vehicle:XVQUDKDQNPFL4,lime_bw,2026-05-21 15:38:15+02,POINT (9.164523 48.787399)
LMG:Vehicle:XYYGWAK6FFUF3,lime_bw,2026-05-21 15:38:15+02,POINT (9.245275 48.771808)
LMG:Vehicle:Y3J7446BEJLTL,lime_bw,2026-05-21 15:38:15+02,POINT (9.167698 48.764253)
LMG:Vehicle:Y3XGCG3SOMUMY,lime_bw,2026-05-21 15:38:15+02,POINT (9.217452 48.800597)
LMG:Vehicle:YAAPXU5ANKOCP,lime_bw,2026-05-21 15:38:15+02,POINT (9.143925 48.805374)
LMG:Vehicle:YBQV3R43TWU2Q,lime_bw,2026-05-21 15:38:15+02,POINT (9.201005 48.77197)
LMG:Vehicle:YGX5W4YHVQ7ES,lime_bw,2026-05-21 15:38:15+02,POINT (9.102172 48.746874)
LMG:Vehicle:YJCJ36XPWBSB4,lime_bw,2026-05-21 15:38:15+02,POINT (9.152355 48.816997)
LMG:Vehicle:YLYGCHRVIAWLF,lime_bw,2026-05-21 15:38:15+02,POINT (9.178541 48.782297)
LMG:Vehicle:YNVLFU5MLVAY4,lime_bw,2026-05-21 15:38:15+02,POINT (9.168241 48.748007)
LMG:Vehicle:YPYQGLV63VXK5,lime_bw,2026-05-21 15:38:15+02,POINT (9.189026 48.803828)
LMG:Vehicle:YWDIRWWEZQLWN,lime_bw,2026-05-21 15:38:15+02,POINT (9.18687 48.77857)
LMG:Vehicle:Z5GRWZMJY4DNC,lime_bw,2026-05-21 15:38:15+02,POINT (9.167824 48.784934)
LMG:Vehicle:Z6WYMQTYTGEPH,lime_bw,2026-05-21 15:38:15+02,POINT (9.169187 48.769066)
LMG:Vehicle:ZEBVQ67QF74J7,lime_bw,2026-05-21 15:38:15+02,POINT (9.158912 48.758566)
LMG:Vehicle:ZIPKDD7CHDZXH,lime_bw,2026-05-21 15:38:15+02,POINT (9.218197 48.802074)
LMG:Vehicle:ZK7RIG4QWMW5Z,lime_bw,2026-05-21 15:38:15+02,POINT (9.185646 48.77424)
LMG:Vehicle:ZKTHGUAMEFNQL,lime_bw,2026-05-21 15:38:15+02,POINT (9.168135 48.764636)
LMG:Vehicle:ZQ6NFFKNUYMOO,lime_bw,2026-05-21 15:38:15+02,POINT (9.153772 48.771037)
LMG:Vehicle:ZREGSLIXL4AKH,lime_bw,2026-05-21 15:38:15+02,POINT (9.112416 48.813623)
LMG:Vehicle:ZXF6H2KNEVQ5R,lime_bw,2026-05-21 15:38:15+02,POINT (9.182369 48.790085)
LMG:Vehicle:ZZAFXPPNMGTZ6,lime_bw,2026-05-21 15:38:15+02,POINT (9.150586 48.775602)
LMG:Vehicle:ZZQC5USMYTS2U,lime_bw,2026-05-21 15:38:15+02,POINT (9.143738 48.806208)
LMG:Vehicle:222LZAZZ3AHAN,lime_bw,2026-05-21 15:38:15+02,POINT (9.153766 48.728266)
LMG:Vehicle:24RO3SOYH7AKT,lime_bw,2026-05-21 15:38:15+02,POINT (9.170042 48.784533)
LMG:Vehicle:25TJ3GSMFMZ7W,lime_bw,2026-05-21 15:38:15+02,POINT (9.135523 48.741977)
LMG:Vehicle:2DXPSKKALVZQD,lime_bw,2026-05-21 15:38:15+02,POINT (9.15379 48.768187)
LMG:Vehicle:2FYVC3Y7YWNT6,lime_bw,2026-05-21 15:38:15+02,POINT (9.144317 48.804944)
LMG:Vehicle:2N2KSHBBNR4YQ,lime_bw,2026-05-21 15:38:15+02,POINT (9.205441 48.746172)
LMG:Vehicle:2PNMQVZCBC7ZW,lime_bw,2026-05-21 15:38:15+02,POINT (9.161021 48.769173)
LMG:Vehicle:2YR7NYWFJEB3Q,lime_bw,2026-05-21 15:38:15+02,POINT (9.175107 48.762551)
LMG:Vehicle:35ZNJDTPIJBPI,lime_bw,2026-05-21 15:38:15+02,POINT (9.18008 48.767353)
LMG:Vehicle:3BGILKGH7AHYT,lime_bw,2026-05-21 15:38:15+02,POINT (9.163793 48.788274)
LMG:Vehicle:3CR42PK334FCK,lime_bw,2026-05-21 15:38:15+02,POINT (9.1807 48.790599)
LMG:Vehicle:3H5XPD444IBTE,lime_bw,2026-05-21 15:38:15+02,POINT (9.153047 48.763136)
LMG:Vehicle:3MATRKA55EUAO,lime_bw,2026-05-21 15:38:15+02,POINT (9.171276 48.76837)
LMG:Vehicle:3MX5CJFKSDMNW,lime_bw,2026-05-21 15:38:15+02,POINT (9.147907 48.730674)
LMG:Vehicle:3RLQYDW6AEMGA,lime_bw,2026-05-21 15:38:15+02,POINT (9.210285 48.786367)
LMG:Vehicle:3RMPLI2HXHCMG,lime_bw,2026-05-21 15:38:15+02,POINT (9.174155 48.769372)
LMG:Vehicle:3SXJSZLGFCWG3,lime_bw,2026-05-21 15:38:15+02,POINT (9.192881 48.783196)
LMG:Vehicle:43EKXQH75RHIO,lime_bw,2026-05-21 15:38:15+02,POINT (9.166627 48.76505)
LMG:Vehicle:43P6GE3GLY44U,lime_bw,2026-05-21 15:38:15+02,POINT (9.172538 48.772822)
LMG:Vehicle:4CINUR7BPSBK7,lime_bw,2026-05-21 15:38:15+02,POINT (9.181521 48.806144)
LMG:Vehicle:4D7KZ6J7EJPZ4,lime_bw,2026-05-21 15:38:15+02,POINT (9.215162 48.803435)
LMG:Vehicle:4E6JKS7B7OBJU,lime_bw,2026-05-21 15:38:15+02,POINT (9.163003 48.769518)
LMG:Vehicle:4H3DOHKNNKMYZ,lime_bw,2026-05-21 15:38:15+02,POINT (9.224722 48.797808)
LMG:Vehicle:4OI2DZXIBLWAD,lime_bw,2026-05-21 15:38:15+02,POINT (9.16345 48.767121)
LMG:Vehicle:4RF2AECFWGASN,lime_bw,2026-05-21 15:38:15+02,POINT (9.204157 48.743409)
LMG:Vehicle:4TEEURRQ2V34Q,lime_bw,2026-05-21 15:38:15+02,POINT (9.182835 48.787001)
LMG:Vehicle:4ZVK6OY34OBZM,lime_bw,2026-05-21 15:38:15+02,POINT (9.190906 48.795361)
LMG:Vehicle:524HV77TR22XS,lime_bw,2026-05-21 15:38:15+02,POINT (9.149621 48.761519)
LMG:Vehicle:52QTXM2MVYMPC,lime_bw,2026-05-21 15:38:15+02,POINT (9.170996 48.784916)
LMG:Vehicle:563LR6KLSWYK6,lime_bw,2026-05-21 15:38:15+02,POINT (9.15601 48.775555)
LMG:Vehicle:5M4YOVDEVDEOA,lime_bw,2026-05-21 15:38:15+02,POINT (9.178051 48.773449)
LMG:Vehicle:5PVTHUGZ7TQ3T,lime_bw,2026-05-21 15:38:15+02,POINT (9.167512 48.811684)
LMG:Vehicle:5Y3YJR4GS4TUV,lime_bw,2026-05-21 15:38:15+02,POINT (9.179533 48.769268)
LMG:Vehicle:5ZPFRTAMSPUBO,lime_bw,2026-05-21 15:38:15+02,POINT (9.111762 48.745874)
LMG:Vehicle:62Y3OZ647UAL6,lime_bw,2026-05-21 15:38:15+02,POINT (9.158758 48.769677)
LMG:Vehicle:6BE6A6XAZGRHT,lime_bw,2026-05-21 15:38:15+02,POINT (9.179293 48.768758)
LMG:Vehicle:6HGEEMC7RVGAL,lime_bw,2026-05-21 15:38:15+02,POINT (9.188704 48.780721)
LMG:Vehicle:6HI7M42KCHOSB,lime_bw,2026-05-21 15:38:15+02,POINT (9.188045 48.779135)
LMG:Vehicle:6HYDEXABNO7W5,lime_bw,2026-05-21 15:38:15+02,POINT (9.146174 48.7303)
LMG:Vehicle:6IM2KXOKZP4U5,lime_bw,2026-05-21 15:38:15+02,POINT (9.188349 48.780174)
LMG:Vehicle:6OGA6DSXJLPPO,lime_bw,2026-05-21 15:38:15+02,POINT (9.185951 48.772093)
LMG:Vehicle:6PVH242CLSHV3,lime_bw,2026-05-21 15:38:15+02,POINT (9.190351 48.808702)
LMG:Vehicle:6SCZXM56HTEF2,lime_bw,2026-05-21 15:38:15+02,POINT (9.122841 48.778871)
LMG:Vehicle:6ZA4ITPDQTSJB,lime_bw,2026-05-21 15:38:15+02,POINT (9.186431 48.817959)
LMG:Vehicle:77O73GQ2A7LLE,lime_bw,2026-05-21 15:38:15+02,POINT (9.183789 48.790515)
LMG:Vehicle:7ST6F67ASTYNT,lime_bw,2026-05-21 15:38:15+02,POINT (9.167608 48.773257)
LMG:Vehicle:7SW3HT5BV3TVH,lime_bw,2026-05-21 15:38:15+02,POINT (9.160233 48.725144)
LMG:Vehicle:7UV6XKKAO4VAE,lime_bw,2026-05-21 15:38:15+02,POINT (9.235649 48.788768)
LMG:Vehicle:7VF6TCARQP4VE,lime_bw,2026-05-21 15:38:15+02,POINT (9.179752 48.79418)
LMG:Vehicle:7W57GT344BTN7,lime_bw,2026-05-21 15:38:15+02,POINT (9.151953 48.816012)
LMG:Vehicle:7YZY67PDSBA4L,lime_bw,2026-05-21 15:38:15+02,POINT (9.164677 48.810774)
LMG:Vehicle:A5UT66GLIIOOG,lime_bw,2026-05-21 15:38:15+02,POINT (9.201158 48.792305)
LMG:Vehicle:A6MMBBC5F5LQM,lime_bw,2026-05-21 15:38:15+02,POINT (9.206128 48.814421)
LMG:Vehicle:A7HWZHSJ2XX55,lime_bw,2026-05-21 15:38:15+02,POINT (9.175808 48.782348)
LMG:Vehicle:ABB6KR3CXVHCZ,lime_bw,2026-05-21 15:38:15+02,POINT (9.175295 48.778442)
LMG:Vehicle:AG6DJ5X2I5VEF,lime_bw,2026-05-21 15:38:15+02,POINT (9.132752 48.741482)
LMG:Vehicle:AXJGF4NJ2MJD7,lime_bw,2026-05-21 15:38:15+02,POINT (9.186132 48.76767)
LMG:Vehicle:AY665MNVZB2WI,lime_bw,2026-05-21 15:38:15+02,POINT (9.175755 48.782391)
LMG:Vehicle:AZDVY5FID3D3D,lime_bw,2026-05-21 15:38:15+02,POINT (9.16763 48.764204)
LMG:Vehicle:BCB7D6NMB7IOG,lime_bw,2026-05-21 15:38:15+02,POINT (9.190276 48.808749)
LMG:Vehicle:BCLLFJ2WCO3ND,lime_bw,2026-05-21 15:38:15+02,POINT (9.159437 48.831553)
LMG:Vehicle:BHECO2PWMVKLX,lime_bw,2026-05-21 15:38:15+02,POINT (9.169365 48.764362)
LMG:Vehicle:BICIOLGJC5AS7,lime_bw,2026-05-21 15:38:15+02,POINT (9.175675 48.799406)
LMG:Vehicle:BJFNL4LQWFYRQ,lime_bw,2026-05-21 15:38:15+02,POINT (9.160951 48.760247)
LMG:Vehicle:BMWCS3T3OCVIB,lime_bw,2026-05-21 15:38:15+02,POINT (9.22119 48.803034)
LMG:Vehicle:BRQ42KQA5NUAL,lime_bw,2026-05-21 15:38:15+02,POINT (9.171199 48.763092)
LMG:Vehicle:C23M3L25UFCQ7,lime_bw,2026-05-21 15:38:15+02,POINT (9.152751 48.815448)
LMG:Vehicle:C642AXZNDFIGL,lime_bw,2026-05-21 15:38:15+02,POINT (9.162973 48.759199)
LMG:Vehicle:CDSX7UCABF2PT,lime_bw,2026-05-21 15:38:15+02,POINT (9.166642 48.775736)
LMG:Vehicle:CER3PC27ODEJN,lime_bw,2026-05-21 15:38:15+02,POINT (9.172881 48.764328)
LMG:Vehicle:CEWUIF65RGOLU,lime_bw,2026-05-21 15:38:15+02,POINT (9.166011 48.780399)
LMG:Vehicle:CN7SJS3JWVOWV,lime_bw,2026-05-21 15:38:15+02,POINT (9.250276 48.777744)
LMG:Vehicle:CRL6OIFSZMTJM,lime_bw,2026-05-21 15:38:15+02,POINT (9.142105 48.810564)
LMG:Vehicle:CZ3OE4HBDWJA4,lime_bw,2026-05-21 15:38:15+02,POINT (9.200087 48.787117)
LMG:Vehicle:D3PKRIAB4PLQB,lime_bw,2026-05-21 15:38:15+02,POINT (9.169527 48.795379)
LMG:Vehicle:D5ZCUNYW4MZCP,lime_bw,2026-05-21 15:38:15+02,POINT (9.150234 48.804434)
LMG:Vehicle:DOOFPESJJZ5NQ,lime_bw,2026-05-21 15:38:15+02,POINT (9.119838 48.736035)
LMG:Vehicle:DQKONOI57CW2Q,lime_bw,2026-05-21 15:38:15+02,POINT (9.184128 48.793085)
LMG:Vehicle:EITENEA2RN5XW,lime_bw,2026-05-21 15:38:15+02,POINT (9.176728 48.827477)
LMG:Vehicle:EP4Z6L766UVLG,lime_bw,2026-05-21 15:38:15+02,POINT (9.11399 48.814708)
LMG:Vehicle:ESMBNLYZZWSO6,lime_bw,2026-05-21 15:38:15+02,POINT (9.201558 48.810489)
LMG:Vehicle:ETCVO5H3D6T26,lime_bw,2026-05-21 15:38:15+02,POINT (9.201148 48.787445)
LMG:Vehicle:EUEUZEXKFZUOR,lime_bw,2026-05-21 15:38:15+02,POINT (9.175156 48.762367)
LMG:Vehicle:EYGGBIDLB5PGO,lime_bw,2026-05-21 15:38:15+02,POINT (9.206695 48.808518)
LMG:Vehicle:FMDATJ5SLL3RZ,lime_bw,2026-05-21 15:38:15+02,POINT (9.168155 48.764634)
LMG:Vehicle:FZ3B52H5M5E7F,lime_bw,2026-05-21 15:38:15+02,POINT (9.181357 48.794125)
LMG:Vehicle:G24ZBMWXQY42T,lime_bw,2026-05-21 15:38:15+02,POINT (9.14789 48.730687)
LMG:Vehicle:G2RFMN5XDE3DG,lime_bw,2026-05-21 15:38:15+02,POINT (9.166985 48.772903)
LMG:Vehicle:G7Z3G3AJCMGBG,lime_bw,2026-05-21 15:38:15+02,POINT (9.189743 48.782936)
LMG:Vehicle:GDFAHIWX6ERNJ,lime_bw,2026-05-21 15:38:15+02,POINT (9.188919 48.796517)
LMG:Vehicle:GE45HGM4UJ3Y6,lime_bw,2026-05-21 15:38:15+02,POINT (9.170399 48.784653)
LMG:Vehicle:GJF2DLU4PIMXX,lime_bw,2026-05-21 15:38:15+02,POINT (9.140506 48.768674)
LMG:Vehicle:GKEBIRS7SLH2G,lime_bw,2026-05-21 15:38:15+02,POINT (9.173784 48.766682)
LMG:Vehicle:GZCKXJXQJNF6O,lime_bw,2026-05-21 15:38:15+02,POINT (9.206746 48.81381)
LMG:Vehicle:HDGHO6NONVAUJ,lime_bw,2026-05-21 15:38:15+02,POINT (9.181852 48.782755)
LMG:Vehicle:HHECGJ6EOANZT,lime_bw,2026-05-21 15:38:15+02,POINT (9.181347 48.79751)
LMG:Vehicle:HKAYXKGQJO6GS,lime_bw,2026-05-21 15:38:15+02,POINT (9.17004 48.77074)
LMG:Vehicle:HO4CB7OBDGC2V,lime_bw,2026-05-21 15:38:15+02,POINT (9.155253 48.770005)
LMG:Vehicle:HOQYVRW53COKE,lime_bw,2026-05-21 15:38:15+02,POINT (9.177651 48.7806)
LMG:Vehicle:HSMENZN3ONGEI,lime_bw,2026-05-21 15:38:15+02,POINT (9.215361 48.80327)
LMG:Vehicle:HT5DZVMLNG36Y,lime_bw,2026-05-21 15:38:15+02,POINT (9.169937 48.748203)
LMG:Vehicle:HUW76JPNCXYJD,lime_bw,2026-05-21 15:38:15+02,POINT (9.158903 48.803634)
LMG:Vehicle:HVATI5HNOAFSB,lime_bw,2026-05-21 15:38:15+02,POINT (9.171118 48.782109)
LMG:Vehicle:HVNDZZPBYZBHV,lime_bw,2026-05-21 15:38:15+02,POINT (9.191565 48.766478)
LMG:Vehicle:HWBVSRWAZAMLW,lime_bw,2026-05-21 15:38:15+02,POINT (9.183658 48.803266)
LMG:Vehicle:INJKQ5N3OLV6V,lime_bw,2026-05-21 15:38:15+02,POINT (9.180259 48.770178)
LMG:Vehicle:IOURRXWSQCWRD,lime_bw,2026-05-21 15:38:15+02,POINT (9.175048 48.779443)
LMG:Vehicle:IYRBT2U6VIDD4,lime_bw,2026-05-21 15:38:15+02,POINT (9.238308 48.772752)
LMG:Vehicle:J2AD6PAEVE2CS,lime_bw,2026-05-21 15:38:15+02,POINT (9.17666 48.763949)
LMG:Vehicle:JBEK44LGCQJQ7,lime_bw,2026-05-21 15:38:15+02,POINT (9.137232 48.750698)
LMG:Vehicle:JFNGL64TUI4NQ,lime_bw,2026-05-21 15:38:15+02,POINT (9.16336 48.746044)
LMG:Vehicle:JNIYOQK7TSE4X,lime_bw,2026-05-21 15:38:15+02,POINT (9.20311 48.782277)
LMG:Vehicle:JUXVJCN3VNDL3,lime_bw,2026-05-21 15:38:15+02,POINT (9.168801 48.775663)
LMG:Vehicle:K2Q7BBOPO6XFH,lime_bw,2026-05-21 15:38:15+02,POINT (9.209077 48.807456)
LMG:Vehicle:K3KOS4SFK42UM,lime_bw,2026-05-21 15:38:15+02,POINT (9.17562 48.772372)
LMG:Vehicle:KBWVULJD72XSB,lime_bw,2026-05-21 15:38:15+02,POINT (9.142643 48.757597)
LMG:Vehicle:KCD6H43Z2KSM5,lime_bw,2026-05-21 15:38:15+02,POINT (9.206598 48.796651)
LMG:Vehicle:KEWKRBDKFVYD6,lime_bw,2026-05-21 15:38:15+02,POINT (9.175009 48.782993)
LMG:Vehicle:KLGRA2N2VVC6N,lime_bw,2026-05-21 15:38:15+02,POINT (9.176179 48.776451)
LMG:Vehicle:KPKCSMEF6XUWX,lime_bw,2026-05-21 15:38:15+02,POINT (9.189729 48.783649)
LMG:Vehicle:KRWDGF2ZI6ZIL,lime_bw,2026-05-21 15:38:15+02,POINT (9.17672 48.779604)
LMG:Vehicle:KSFMLLKJPKUV4,lime_bw,2026-05-21 15:38:15+02,POINT (9.177275 48.80623)
LMG:Vehicle:KSQLFJKJOFA74,lime_bw,2026-05-21 15:38:15+02,POINT (9.123797 48.81009)
LMG:Vehicle:KWI7CZACG4RZC,lime_bw,2026-05-21 15:38:15+02,POINT (9.21816 48.801993)
LMG:Vehicle:KWWR7UU77XXLE,lime_bw,2026-05-21 15:38:15+02,POINT (9.155456 48.830755)
LMG:Vehicle:L3WCALK5MYV2L,lime_bw,2026-05-21 15:38:15+02,POINT (9.191673 48.782595)
LMG:Vehicle:LBQ3G6XT6EXHI,lime_bw,2026-05-21 15:38:15+02,POINT (9.193074 48.776273)
LMG:Vehicle:LHEKRSFNRJBVB,lime_bw,2026-05-21 15:38:15+02,POINT (9.160809 48.775329)
LMG:Vehicle:LLIFAIRPQKZK7,lime_bw,2026-05-21 15:38:15+02,POINT (9.167983 48.775641)
LMG:Vehicle:LOA6TT7OACYW6,lime_bw,2026-05-21 15:38:15+02,POINT (9.177796 48.774468)
LMG:Vehicle:LTEWO2UOHJVZS,lime_bw,2026-05-21 15:38:15+02,POINT (9.21397 48.791763)
LMG:Vehicle:M6Q5WGTDV4WM7,lime_bw,2026-05-21 15:38:15+02,POINT (9.185767 48.774438)
LMG:Vehicle:MCKWFMVX4GGTV,lime_bw,2026-05-21 15:38:15+02,POINT (9.219921 48.780915)
LMG:Vehicle:MKHIHFUCLPEYD,lime_bw,2026-05-21 15:38:15+02,POINT (9.209844 48.805672)
LMG:Vehicle:MQPF2AEINWUR5,lime_bw,2026-05-21 15:38:15+02,POINT (9.1085 48.810822)
LMG:Vehicle:ND7PCKUUBCBHE,lime_bw,2026-05-21 15:38:15+02,POINT (9.158488 48.761438)
LMG:Vehicle:NHWLBFUYZSWIT,lime_bw,2026-05-21 15:38:15+02,POINT (9.178633 48.784047)
LMG:Vehicle:NL6NPNRO5TEEW,lime_bw,2026-05-21 15:38:15+02,POINT (9.106034 48.744472)
LMG:Vehicle:NQEQXJO45HFL3,lime_bw,2026-05-21 15:38:15+02,POINT (9.210418 48.782207)
LMG:Vehicle:NTGCMYCVKBDLH,lime_bw,2026-05-21 15:38:15+02,POINT (9.165912 48.736259)
LMG:Vehicle:O7HMIU5HGMQ6B,lime_bw,2026-05-21 15:38:15+02,POINT (9.186057 48.774009)
LMG:Vehicle:ODYWW2IIPETBU,lime_bw,2026-05-21 15:38:15+02,POINT (9.120109 48.748744)
LMG:Vehicle:OH2E7RKJOX4DK,lime_bw,2026-05-21 15:38:15+02,POINT (9.18238 48.787675)
LMG:Vehicle:OH7I24D6HJQ2Z,lime_bw,2026-05-21 15:38:15+02,POINT (9.177498 48.779971)
LMG:Vehicle:OHYRQ7KICSGXI,lime_bw,2026-05-21 15:38:15+02,POINT (9.172755 48.777165)
LMG:Vehicle:OKIPGPNZWJOZQ,lime_bw,2026-05-21 15:38:15+02,POINT (9.180255 48.785327)
LMG:Vehicle:OM7MPLMK7D4TL,lime_bw,2026-05-21 15:38:15+02,POINT (9.159536 48.743961)
LMG:Vehicle:ONQH52AA2DLPT,lime_bw,2026-05-21 15:38:15+02,POINT (9.140528 48.768699)
LMG:Vehicle:OOFAKJHLS32EK,lime_bw,2026-05-21 15:38:15+02,POINT (9.181084 48.806054)
LMG:Vehicle:OT2E23DLM3YTJ,lime_bw,2026-05-21 15:38:15+02,POINT (9.188916 48.807829)
LMG:Vehicle:OUTQ2POEUARAX,lime_bw,2026-05-21 15:38:15+02,POINT (9.151611 48.760164)
LMG:Vehicle:OVG7B6VNOCP36,lime_bw,2026-05-21 15:38:15+02,POINT (9.17513 48.763618)
LMG:Vehicle:P4QA2G7MJCREU,lime_bw,2026-05-21 15:38:15+02,POINT (9.163333 48.746024)
LMG:Vehicle:P7EFBSSFUTC5Y,lime_bw,2026-05-21 15:38:15+02,POINT (9.166993 48.772897)
LMG:Vehicle:P7YIIXM7UCVFP,lime_bw,2026-05-21 15:38:15+02,POINT (9.169845 48.748813)
LMG:Vehicle:PBU5ANL23J7JE,lime_bw,2026-05-21 15:38:15+02,POINT (9.220551 48.802959)
LMG:Vehicle:PC7V3BW3ELXUB,lime_bw,2026-05-21 15:38:15+02,POINT (9.157162 48.80176)
LMG:Vehicle:PCJW72XXID5RM,lime_bw,2026-05-21 15:38:15+02,POINT (9.161235 48.784729)
LMG:Vehicle:PFV26SK25RGNC,lime_bw,2026-05-21 15:38:15+02,POINT (9.16399 48.786333)
LMG:Vehicle:PG2EYBW3VPVZ7,lime_bw,2026-05-21 15:38:15+02,POINT (9.176245 48.781304)
LMG:Vehicle:PK766FGN6B5WY,lime_bw,2026-05-21 15:38:15+02,POINT (9.170328 48.791852)
LMG:Vehicle:PLVNWRIY6G7OI,lime_bw,2026-05-21 15:38:15+02,POINT (9.232998 48.789152)
LMG:Vehicle:PMA2SUBUZIJKG,lime_bw,2026-05-21 15:38:15+02,POINT (9.119258 48.746083)
LMG:Vehicle:PMDJ2AUWYN6O7,lime_bw,2026-05-21 15:38:15+02,POINT (9.235636 48.788521)
LMG:Vehicle:PTASJFNO6B4GK,lime_bw,2026-05-21 15:38:15+02,POINT (9.163226 48.769285)
LMG:Vehicle:Q4MNLH65I4XKA,lime_bw,2026-05-21 15:38:15+02,POINT (9.247018 48.757271)
LMG:Vehicle:QCAR446Q6EIDP,lime_bw,2026-05-21 15:38:15+02,POINT (9.105905 48.744405)
LMG:Vehicle:QCGA4DZJ7MSCZ,lime_bw,2026-05-21 15:38:15+02,POINT (9.172009 48.768106)
LMG:Vehicle:QNJ2BBMHN3DYN,lime_bw,2026-05-21 15:38:15+02,POINT (9.166135 48.736893)
LMG:Vehicle:QPLJD3WDYEXUV,lime_bw,2026-05-21 15:38:15+02,POINT (9.16892 48.775741)
LMG:Vehicle:QQRJ2CRPVEVXP,lime_bw,2026-05-21 15:38:15+02,POINT (9.168141 48.764658)
LMG:Vehicle:QV7TCTL4366TD,lime_bw,2026-05-21 15:38:15+02,POINT (9.167965 48.7869)
LMG:Vehicle:QWGPHGEZR2P6K,lime_bw,2026-05-21 15:38:15+02,POINT (9.177935 48.771569)
LMG:Vehicle:R53SGOZZS57V3,lime_bw,2026-05-21 15:38:15+02,POINT (9.232394 48.789007)
LMG:Vehicle:RGKAZHDZ6FWPV,lime_bw,2026-05-21 15:38:15+02,POINT (9.252359 48.778506)
LMG:Vehicle:RNYKQUH2PJDGT,lime_bw,2026-05-21 15:38:15+02,POINT (9.259176 48.774086)
LMG:Vehicle:RSY224FAF357X,lime_bw,2026-05-21 15:38:15+02,POINT (9.158828 48.811718)
LMG:Vehicle:RT25D54SWUSBZ,lime_bw,2026-05-21 15:38:15+02,POINT (9.235677 48.788484)
LMG:Vehicle:S2V235GFGM35L,lime_bw,2026-05-21 15:38:15+02,POINT (9.190308 48.783299)
LMG:Vehicle:S3QZHCHXMYRTI,lime_bw,2026-05-21 15:38:15+02,POINT (9.105032 48.745967)
LMG:Vehicle:S6PO6QYIXTOHN,lime_bw,2026-05-21 15:38:15+02,POINT (9.18184 48.782633)
LMG:Vehicle:SGNORLXSBDPRP,lime_bw,2026-05-21 15:38:15+02,POINT (9.167443 48.765317)
LMG:Vehicle:SHMQHXI6JZN36,lime_bw,2026-05-21 15:38:15+02,POINT (9.234917 48.788492)
LMG:Vehicle:SNE56FLKKHCQU,lime_bw,2026-05-21 15:38:15+02,POINT (9.189476 48.775908)
LMG:Vehicle:SVU6OLYAQRLJE,lime_bw,2026-05-21 15:38:15+02,POINT (9.182263 48.775536)
LMG:Vehicle:TCB2IJASM4NJJ,lime_bw,2026-05-21 15:38:15+02,POINT (9.193409 48.794871)
LMG:Vehicle:TFF64QAQWRBAR,lime_bw,2026-05-21 15:38:15+02,POINT (9.171008 48.775602)
LMG:Vehicle:TFHF5EXPFMIBP,lime_bw,2026-05-21 15:38:15+02,POINT (9.178698 48.766041)
LMG:Vehicle:THPTECE2NMTRG,lime_bw,2026-05-21 15:38:15+02,POINT (9.187663 48.804766)
LMG:Vehicle:TNTXZEOKWW5SP,lime_bw,2026-05-21 15:38:15+02,POINT (9.175372 48.765953)
LMG:Vehicle:TRO363E3OQA5H,lime_bw,2026-05-21 15:38:15+02,POINT (9.146301 48.774573)
LMG:Vehicle:TT6R5W37JBKBJ,lime_bw,2026-05-21 15:38:15+02,POINT (9.174085 48.785181)
LMG:Vehicle:TVRLCCVY26QFS,lime_bw,2026-05-21 15:38:15+02,POINT (9.130919 48.785821)
LMG:Vehicle:UD2YJUBGMWNCV,lime_bw,2026-05-21 15:38:15+02,POINT (9.166095 48.811041)
LMG:Vehicle:UKGTRNLK635P2,lime_bw,2026-05-21 15:38:15+02,POINT (9.165378 48.785741)
LMG:Vehicle:ULIQNZ2KTWMX4,lime_bw,2026-05-21 15:38:15+02,POINT (9.159453 48.743879)
LMG:Vehicle:UM6MQ4ZKQ3T3O,lime_bw,2026-05-21 15:38:15+02,POINT (9.160606 48.769726)
LMG:Vehicle:UPXTPRXBQN6SC,lime_bw,2026-05-21 15:38:15+02,POINT (9.175989 48.763877)
LMG:Vehicle:URDPTMEBELVJA,lime_bw,2026-05-21 15:38:15+02,POINT (9.107856 48.741227)
LMG:Vehicle:UT5LXOYB7GPXS,lime_bw,2026-05-21 15:38:15+02,POINT (9.174316 48.771955)
LMG:Vehicle:UYBAX2FZABXW7,lime_bw,2026-05-21 15:38:15+02,POINT (9.188001 48.778612)
LMG:Vehicle:UYJLTHM2Q6S6Y,lime_bw,2026-05-21 15:38:15+02,POINT (9.191047 48.817073)
LMG:Vehicle:V46USEZZ2HYZW,lime_bw,2026-05-21 15:38:15+02,POINT (9.157436 48.817781)
LMG:Vehicle:VNU2VWKUFHRCO,lime_bw,2026-05-21 15:38:15+02,POINT (9.163689 48.814471)
LMG:Vehicle:VST4QOFLXGUEV,lime_bw,2026-05-21 15:38:15+02,POINT (9.113839 48.813809)
LMG:Vehicle:VSTYHBJ3UZ5A6,lime_bw,2026-05-21 15:38:15+02,POINT (9.207694 48.785847)
LMG:Vehicle:VT37H7TAQOAEM,lime_bw,2026-05-21 15:38:15+02,POINT (9.158076 48.816169)
LMG:Vehicle:VWVFX5LFJQQ3E,lime_bw,2026-05-21 15:38:15+02,POINT (9.181024 48.753211)
LMG:Vehicle:VZECMRZBSVJTI,lime_bw,2026-05-21 15:38:15+02,POINT (9.108714 48.810813)
LMG:Vehicle:WKCRV5NJQFWEC,lime_bw,2026-05-21 15:38:15+02,POINT (9.165036 48.783499)
LMG:Vehicle:WQFPOI5K4QNF2,lime_bw,2026-05-21 15:38:15+02,POINT (9.173435 48.747665)
LMG:Vehicle:WUAZV4YESHXMR,lime_bw,2026-05-21 15:38:15+02,POINT (9.16872 48.776714)
LMG:Vehicle:WUQHJDFOORYAJ,lime_bw,2026-05-21 15:38:15+02,POINT (9.170472 48.781714)
LMG:Vehicle:XA7S6U3Z2AWXF,lime_bw,2026-05-21 15:38:15+02,POINT (9.172515 48.779327)
LMG:Vehicle:XC2NFUNCLIDMN,lime_bw,2026-05-21 15:38:15+02,POINT (9.218766 48.80517)
LMG:Vehicle:XD5PA2QEM3EDI,lime_bw,2026-05-21 15:38:15+02,POINT (9.164088 48.769533)
LMG:Vehicle:XN5TEXPOLBTIS,lime_bw,2026-05-21 15:38:15+02,POINT (9.114569 48.813882)
LMG:Vehicle:XRJCVKOKBQFZ3,lime_bw,2026-05-21 15:38:15+02,POINT (9.232371 48.789)
LMG:Vehicle:XV5WHOT3LB3O5,lime_bw,2026-05-21 15:38:15+02,POINT (9.204593 48.793012)
LMG:Vehicle:XWZYNMZUPJYTG,lime_bw,2026-05-21 15:38:15+02,POINT (9.151105 48.76879)
LMG:Vehicle:YAXSE5YWAT3ZT,lime_bw,2026-05-21 15:38:15+02,POINT (9.187409 48.775226)
LMG:Vehicle:YC2SQ3ZFOO4MC,lime_bw,2026-05-21 15:38:15+02,POINT (9.164947 48.809123)
LMG:Vehicle:YNE34LWOD2CPL,lime_bw,2026-05-21 15:38:15+02,POINT (9.179275 48.804909)
LMG:Vehicle:YSXPTBBBJEQBB,lime_bw,2026-05-21 15:38:15+02,POINT (9.162096 48.823403)
LMG:Vehicle:YTVPA62G3JTLO,lime_bw,2026-05-21 15:38:15+02,POINT (9.16998 48.832317)
LMG:Vehicle:Z67GO6CUQ3WU3,lime_bw,2026-05-21 15:38:15+02,POINT (9.167027 48.772912)
LMG:Vehicle:Z75KMAD2V7SYX,lime_bw,2026-05-21 15:38:15+02,POINT (9.125818 48.812899)
LMG:Vehicle:ZFFNJICA6GLQ3,lime_bw,2026-05-21 15:38:15+02,POINT (9.173618 48.774362)
LMG:Vehicle:ZFFPVYJTLZN7P,lime_bw,2026-05-21 15:38:15+02,POINT (9.157351 48.76669)
LMG:Vehicle:ZHMGKOL7TXBJF,lime_bw,2026-05-21 15:38:15+02,POINT (9.170662 48.811919)
LMG:Vehicle:ZPQNJOJIZTJGU,lime_bw,2026-05-21 15:38:15+02,POINT (9.1731 48.767957)
LMG:Vehicle:ZREMYQVAJXRWT,lime_bw,2026-05-21 15:38:15+02,POINT (9.240208 48.771702)
LMG:Vehicle:ZRJWBXE52JCTR,lime_bw,2026-05-21 15:38:15+02,POINT (9.167875 48.763268)
LMG:Vehicle:ZSTVGCMMT2WZA,lime_bw,2026-05-21 15:38:15+02,POINT (9.18564 48.769625)
LMG:Vehicle:267ZNEVGOQ2AA,lime_bw,2026-05-21 15:38:15+02,POINT (9.153376 48.741079)
LMG:Vehicle:2F37NFM2ORCCL,lime_bw,2026-05-21 15:38:15+02,POINT (9.203413 48.810444)
LMG:Vehicle:2I334A4P5APED,lime_bw,2026-05-21 15:38:15+02,POINT (9.184547 48.775532)
LMG:Vehicle:2KN5I3T7UDYPZ,lime_bw,2026-05-21 15:38:15+02,POINT (9.171665 48.769758)
LMG:Vehicle:2MJS6XOBHVNYY,lime_bw,2026-05-21 15:38:15+02,POINT (9.217009 48.78753)
LMG:Vehicle:2NV6A4A5TBG6F,lime_bw,2026-05-21 15:38:15+02,POINT (9.184248 48.771463)
LMG:Vehicle:2UBZHYTZJXHHT,lime_bw,2026-05-21 15:38:15+02,POINT (9.173624 48.782612)
LMG:Vehicle:2UKUVV7JRSUMK,lime_bw,2026-05-21 15:38:15+02,POINT (9.185449 48.750174)
LMG:Vehicle:2XY22N6JIS4OX,lime_bw,2026-05-21 15:38:15+02,POINT (9.146188 48.730276)
LMG:Vehicle:2ZF3BS7EBER5Q,lime_bw,2026-05-21 15:38:15+02,POINT (9.169225 48.771171)
LMG:Vehicle:33OCBUKM245ZS,lime_bw,2026-05-21 15:38:15+02,POINT (9.234994 48.745088)
LMG:Vehicle:34GCHNBQEAXJ2,lime_bw,2026-05-21 15:38:15+02,POINT (9.204725 48.744873)
LMG:Vehicle:3DCBTIQ7R6BFL,lime_bw,2026-05-21 15:38:15+02,POINT (9.167929 48.830252)
LMG:Vehicle:3EFAJBLC2C6R6,lime_bw,2026-05-21 15:38:15+02,POINT (9.168332 48.830654)
LMG:Vehicle:3FXQIRRL5X7K2,lime_bw,2026-05-21 15:38:15+02,POINT (9.20657 48.796661)
LMG:Vehicle:3GAVTY2P2KPPK,lime_bw,2026-05-21 15:38:15+02,POINT (9.143766 48.813977)
LMG:Vehicle:3JWUZO5JKHZZP,lime_bw,2026-05-21 15:38:15+02,POINT (9.140229 48.754982)
LMG:Vehicle:3XO3X3OKKV53K,lime_bw,2026-05-21 15:38:15+02,POINT (9.167612 48.772732)
LMG:Vehicle:3XPNAJJQUQZGV,lime_bw,2026-05-21 15:38:15+02,POINT (9.179992 48.767348)
LMG:Vehicle:43KYQKINHFRKM,lime_bw,2026-05-21 15:38:15+02,POINT (9.174192 48.776341)
LMG:Vehicle:44AEXBKBVRN56,lime_bw,2026-05-21 15:38:15+02,POINT (9.218118 48.787029)
LMG:Vehicle:4FNOZRK532ED2,lime_bw,2026-05-21 15:38:15+02,POINT (9.159247 48.765104)
LMG:Vehicle:4GZT2SK6HFTPT,lime_bw,2026-05-21 15:38:15+02,POINT (9.167545 48.814022)
LMG:Vehicle:4MLIYWJBYNMNT,lime_bw,2026-05-21 15:38:15+02,POINT (9.171094 48.772047)
LMG:Vehicle:4MT2FYZBL3TW4,lime_bw,2026-05-21 15:38:15+02,POINT (9.175589 48.7665)
LMG:Vehicle:4MVB443R6SIPM,lime_bw,2026-05-21 15:38:15+02,POINT (9.167382 48.785033)
LMG:Vehicle:4QCEYXDUCM25H,lime_bw,2026-05-21 15:38:15+02,POINT (9.170285 48.77106)
LMG:Vehicle:4R5I2HHRTLHTW,lime_bw,2026-05-21 15:38:15+02,POINT (9.189231 48.773621)
LMG:Vehicle:4SIGT6M4JL7IV,lime_bw,2026-05-21 15:38:15+02,POINT (9.224093 48.799367)
LMG:Vehicle:4U6I5WCFHCQS4,lime_bw,2026-05-21 15:38:15+02,POINT (9.148302 48.769153)
LMG:Vehicle:54FJCQNI2XUDG,lime_bw,2026-05-21 15:38:15+02,POINT (9.159035 48.722515)
LMG:Vehicle:54VNXLWGB5Y7X,lime_bw,2026-05-21 15:38:15+02,POINT (9.169631 48.764199)
LMG:Vehicle:575MX2Y5OM272,lime_bw,2026-05-21 15:38:15+02,POINT (9.167808 48.784946)
LMG:Vehicle:5AFXI45SUEYTY,lime_bw,2026-05-21 15:38:15+02,POINT (9.228863 48.801269)
LMG:Vehicle:5BT6IPMZ64WUR,lime_bw,2026-05-21 15:38:15+02,POINT (9.168553 48.782676)
LMG:Vehicle:5CAYEOMWQJUNP,lime_bw,2026-05-21 15:38:15+02,POINT (9.161983 48.773885)
LMG:Vehicle:5EJO7ZXRPCM27,lime_bw,2026-05-21 15:38:15+02,POINT (9.180304 48.767744)
LMG:Vehicle:5GESFLSWSFBLO,lime_bw,2026-05-21 15:38:15+02,POINT (9.170826 48.768505)
LMG:Vehicle:5JWGJV6NG7UV6,lime_bw,2026-05-21 15:38:15+02,POINT (9.193812 48.809488)
LMG:Vehicle:5L6XAF5BXJ2W7,lime_bw,2026-05-21 15:38:15+02,POINT (9.183125 48.793415)
LMG:Vehicle:5P63A3TORKCEC,lime_bw,2026-05-21 15:38:15+02,POINT (9.161479 48.765023)
LMG:Vehicle:5WW22U76AA6CM,lime_bw,2026-05-21 15:38:15+02,POINT (9.167578 48.813973)
LMG:Vehicle:5YVLK5GNXAD6D,lime_bw,2026-05-21 15:38:15+02,POINT (9.21668 48.798785)
LMG:Vehicle:5ZHCSRF54G64L,lime_bw,2026-05-21 15:38:15+02,POINT (9.168387 48.77663)
LMG:Vehicle:626YXICQCWYS6,lime_bw,2026-05-21 15:38:15+02,POINT (9.11363 48.813721)
LMG:Vehicle:62VEGCUB3PCDH,lime_bw,2026-05-21 15:38:15+02,POINT (9.218133 48.802071)
LMG:Vehicle:63XK6XKDZLN7D,lime_bw,2026-05-21 15:38:15+02,POINT (9.244271 48.786667)
LMG:Vehicle:6DWOWIPJ2G7AQ,lime_bw,2026-05-21 15:38:15+02,POINT (9.155168 48.769888)
LMG:Vehicle:6INB4CGMEKMU7,lime_bw,2026-05-21 15:38:15+02,POINT (9.159338 48.769374)
LMG:Vehicle:6IYXSG5SHUKWW,lime_bw,2026-05-21 15:38:15+02,POINT (9.182305 48.775528)
LMG:Vehicle:6WPBSBZQQSTDI,lime_bw,2026-05-21 15:38:15+02,POINT (9.184126 48.788289)
LMG:Vehicle:6XN3XZBE7JJZQ,lime_bw,2026-05-21 15:38:15+02,POINT (9.1689 48.772405)
LMG:Vehicle:727XOSDQ3NY7H,lime_bw,2026-05-21 15:38:15+02,POINT (9.198187 48.790878)
LMG:Vehicle:7633U247E2LXT,lime_bw,2026-05-21 15:38:15+02,POINT (9.166048 48.766761)
LMG:Vehicle:764CZH4R2LVV6,lime_bw,2026-05-21 15:38:15+02,POINT (9.174876 48.772369)
LMG:Vehicle:7DFMCMULZZPMG,lime_bw,2026-05-21 15:38:15+02,POINT (9.225081 48.756147)
LMG:Vehicle:7FEEIKLX7ZFVD,lime_bw,2026-05-21 15:38:15+02,POINT (9.188691 48.780727)
LMG:Vehicle:7G733KJ2JI2RK,lime_bw,2026-05-21 15:38:15+02,POINT (9.174658 48.770378)
LMG:Vehicle:7I57GHZ73IR5N,lime_bw,2026-05-21 15:38:15+02,POINT (9.218366 48.787097)
LMG:Vehicle:7IX7YYKOO6I4O,lime_bw,2026-05-21 15:38:15+02,POINT (9.151372 48.778396)
LMG:Vehicle:7IXH423TV5SXB,lime_bw,2026-05-21 15:38:15+02,POINT (9.183049 48.78691)
LMG:Vehicle:7M4IREDZWRAJM,lime_bw,2026-05-21 15:38:15+02,POINT (9.147657 48.809912)
LMG:Vehicle:7PBV2GEO5RQF7,lime_bw,2026-05-21 15:38:15+02,POINT (9.189378 48.765974)
LMG:Vehicle:7S6DZ2PBUJ26Y,lime_bw,2026-05-21 15:38:15+02,POINT (9.200161 48.786205)
LMG:Vehicle:7TJMPVT26JN6X,lime_bw,2026-05-21 15:38:15+02,POINT (9.183501 48.766293)
LMG:Vehicle:7X7DTEB5EGRIF,lime_bw,2026-05-21 15:38:15+02,POINT (9.174743 48.772995)
LMG:Vehicle:A2MUMTCNATGMI,lime_bw,2026-05-21 15:38:15+02,POINT (9.12025 48.746544)
LMG:Vehicle:A6CNUJGGYKTQQ,lime_bw,2026-05-21 15:38:15+02,POINT (9.16466 48.812563)
LMG:Vehicle:AA7E65RM72S6E,lime_bw,2026-05-21 15:38:15+02,POINT (9.168125 48.76462)
LMG:Vehicle:AE5TDKH5R672R,lime_bw,2026-05-21 15:38:15+02,POINT (9.172057 48.768156)
LMG:Vehicle:AGXWYXMHJ3UE7,lime_bw,2026-05-21 15:38:15+02,POINT (9.175789 48.761868)
LMG:Vehicle:AIO2ZE225LUIM,lime_bw,2026-05-21 15:38:15+02,POINT (9.15885 48.811714)
LMG:Vehicle:AT2KMKF4ZIEDI,lime_bw,2026-05-21 15:38:15+02,POINT (9.168797 48.768515)
LMG:Vehicle:ATJCP4P2CUNFO,lime_bw,2026-05-21 15:38:15+02,POINT (9.153117 48.759346)
LMG:Vehicle:AXWLPZBGPCXLE,lime_bw,2026-05-21 15:38:15+02,POINT (9.21925 48.787563)
LMG:Vehicle:AYQ4R5QHQZWLZ,lime_bw,2026-05-21 15:38:15+02,POINT (9.17265 48.766557)
LMG:Vehicle:B3POSRQPXL3A3,lime_bw,2026-05-21 15:38:15+02,POINT (9.184341 48.771738)
LMG:Vehicle:B65VWTQEOYNN5,lime_bw,2026-05-21 15:38:15+02,POINT (9.176385 48.812407)
LMG:Vehicle:B7PCKORUUTG4C,lime_bw,2026-05-21 15:38:15+02,POINT (9.171013 48.763068)
LMG:Vehicle:BGOH6WGFWVNZG,lime_bw,2026-05-21 15:38:15+02,POINT (9.176519 48.779773)
LMG:Vehicle:BLJEJIJ4DWNHX,lime_bw,2026-05-21 15:38:15+02,POINT (9.146976 48.810068)
LMG:Vehicle:BMBNU55BO3PEU,lime_bw,2026-05-21 15:38:15+02,POINT (9.158831 48.81174)
LMG:Vehicle:BN6PF677Y2VPB,lime_bw,2026-05-21 15:38:15+02,POINT (9.166057 48.780342)
LMG:Vehicle:BQCYVVIP33ZXG,lime_bw,2026-05-21 15:38:15+02,POINT (9.181202 48.801902)
LMG:Vehicle:BTF6REWL25QIX,lime_bw,2026-05-21 15:38:15+02,POINT (9.23086 48.795665)
LMG:Vehicle:BXGRUY6UEUPB4,lime_bw,2026-05-21 15:38:15+02,POINT (9.20902 48.8091)
LMG:Vehicle:C7HRZFNRMA3BR,lime_bw,2026-05-21 15:38:15+02,POINT (9.168819 48.783952)
LMG:Vehicle:C7WK2JPAK43ZZ,lime_bw,2026-05-21 15:38:15+02,POINT (9.14618 48.730281)
LMG:Vehicle:CAM3ECL5QLIQ2,lime_bw,2026-05-21 15:38:15+02,POINT (9.182214 48.790034)
LMG:Vehicle:CBWZPO6RH7KQ3,lime_bw,2026-05-21 15:38:15+02,POINT (9.193056 48.783954)
LMG:Vehicle:CWEVUEZC7VJUI,lime_bw,2026-05-21 15:38:15+02,POINT (9.247347 48.769216)
LMG:Vehicle:CWURGZCUJ3PAR,lime_bw,2026-05-21 15:38:15+02,POINT (9.199483 48.808153)
LMG:Vehicle:CY66LCETD4VHD,lime_bw,2026-05-21 15:38:15+02,POINT (9.159655 48.770936)
LMG:Vehicle:D423YVPHIDJZ3,lime_bw,2026-05-21 15:38:15+02,POINT (9.218342 48.78712)
LMG:Vehicle:D6GZHRXCMWQJQ,lime_bw,2026-05-21 15:38:15+02,POINT (9.17843 48.790165)
LMG:Vehicle:DELZFF2GHCVY3,lime_bw,2026-05-21 15:38:15+02,POINT (9.161749 48.768805)
LMG:Vehicle:DFWB3HVN6MIAA,lime_bw,2026-05-21 15:38:15+02,POINT (9.176157 48.80906)
LMG:Vehicle:DGO4OM4OLNAMN,lime_bw,2026-05-21 15:38:15+02,POINT (9.212327 48.796279)
LMG:Vehicle:DLCXBR2RPW7TC,lime_bw,2026-05-21 15:38:15+02,POINT (9.196078 48.769556)
LMG:Vehicle:DMUFS7MDD3US4,lime_bw,2026-05-21 15:38:15+02,POINT (9.171 48.784846)
LMG:Vehicle:DUTZSP5CCX3UE,lime_bw,2026-05-21 15:38:15+02,POINT (9.16646 48.8172)
LMG:Vehicle:DUYMZFUES6AT6,lime_bw,2026-05-21 15:38:15+02,POINT (9.171283 48.768305)
LMG:Vehicle:DWYEE55BFVAGY,lime_bw,2026-05-21 15:38:15+02,POINT (9.161664 48.75522)
LMG:Vehicle:E3B6SBLCBPSOG,lime_bw,2026-05-21 15:38:15+02,POINT (9.168937 48.773589)
LMG:Vehicle:ECDLV2PVSK7KA,lime_bw,2026-05-21 15:38:15+02,POINT (9.180186 48.788231)
LMG:Vehicle:EDL4NPYWDA5JK,lime_bw,2026-05-21 15:38:15+02,POINT (9.190385 48.777833)
LMG:Vehicle:EFU574IJLRYKM,lime_bw,2026-05-21 15:38:15+02,POINT (9.174943 48.775968)
LMG:Vehicle:EGSZQZC2GFTIM,lime_bw,2026-05-21 15:38:15+02,POINT (9.211772 48.788963)
LMG:Vehicle:EGTPB2LR6JAWG,lime_bw,2026-05-21 15:38:15+02,POINT (9.246667 48.756352)
LMG:Vehicle:ENK6XOZ7VG7AK,lime_bw,2026-05-21 15:38:15+02,POINT (9.162159 48.769119)
LMG:Vehicle:EULPZRDCDU6X4,lime_bw,2026-05-21 15:38:15+02,POINT (9.211796 48.789055)
LMG:Vehicle:EYQY4O5UEUWU4,lime_bw,2026-05-21 15:38:15+02,POINT (9.15293 48.769385)
LMG:Vehicle:FB363LRBF6SU2,lime_bw,2026-05-21 15:38:15+02,POINT (9.23001 48.800282)
LMG:Vehicle:FEGK4X3BWJ4UE,lime_bw,2026-05-21 15:38:15+02,POINT (9.178496 48.781443)
LMG:Vehicle:FFKTN4YKDGCHZ,lime_bw,2026-05-21 15:38:15+02,POINT (9.169908 48.771321)
LMG:Vehicle:FHMJCDIKONKUD,lime_bw,2026-05-21 15:38:15+02,POINT (9.154756 48.769964)
LMG:Vehicle:FLB552AZYFVAF,lime_bw,2026-05-21 15:38:15+02,POINT (9.213169 48.791956)
LMG:Vehicle:FMO76WEDHBXOM,lime_bw,2026-05-21 15:38:15+02,POINT (9.181407 48.786626)
LMG:Vehicle:FQGBZ3QCC2GIL,lime_bw,2026-05-21 15:38:15+02,POINT (9.15882 48.816999)
LMG:Vehicle:FQKM3CE5IHBOI,lime_bw,2026-05-21 15:38:15+02,POINT (9.14561 48.774667)
LMG:Vehicle:FSXUY5Q7JFL5W,lime_bw,2026-05-21 15:38:15+02,POINT (9.148585 48.727201)
LMG:Vehicle:FSYOTJIZHTXH2,lime_bw,2026-05-21 15:38:15+02,POINT (9.161641 48.782897)
LMG:Vehicle:G4X64MXS2DFHD,lime_bw,2026-05-21 15:38:15+02,POINT (9.218215 48.802041)
LMG:Vehicle:GAHEW4HPRNONS,lime_bw,2026-05-21 15:38:15+02,POINT (9.109344 48.744328)
LMG:Vehicle:GBTR4SXOT2KRI,lime_bw,2026-05-21 15:38:15+02,POINT (9.184075 48.793131)
LMG:Vehicle:GHYFRV2XMVWSV,lime_bw,2026-05-21 15:38:15+02,POINT (9.168201 48.763693)
LMG:Vehicle:GPEWOKF62WC6J,lime_bw,2026-05-21 15:38:15+02,POINT (9.21228 48.784729)
LMG:Vehicle:GVIHSJARSJIII,lime_bw,2026-05-21 15:38:15+02,POINT (9.17318 48.767899)
LMG:Vehicle:H2IXJ2HIJO23F,lime_bw,2026-05-21 15:38:15+02,POINT (9.213594 48.801267)
LMG:Vehicle:H5OKZ7AWN3I32,lime_bw,2026-05-21 15:38:15+02,POINT (9.220103 48.787982)
LMG:Vehicle:H6C4UWNY57FO3,lime_bw,2026-05-21 15:38:15+02,POINT (9.22945 48.796061)
LMG:Vehicle:HCOMDFN5KOJUC,lime_bw,2026-05-21 15:38:15+02,POINT (9.185704 48.77426)
LMG:Vehicle:HCVUO7PGKYQR2,lime_bw,2026-05-21 15:38:15+02,POINT (9.218389 48.783049)
LMG:Vehicle:HNTBPDSUBIPM5,lime_bw,2026-05-21 15:38:15+02,POINT (9.167678 48.764289)
LMG:Vehicle:HPLLHNNHERMKE,lime_bw,2026-05-21 15:38:15+02,POINT (9.204162 48.7748)
LMG:Vehicle:HRHL3ABHKLIJL,lime_bw,2026-05-21 15:38:15+02,POINT (9.230664 48.79961)
LMG:Vehicle:HUU4ZF4KKG5KG,lime_bw,2026-05-21 15:38:15+02,POINT (9.205889 48.816097)
LMG:Vehicle:HVR5GZ46KDHV4,lime_bw,2026-05-21 15:38:15+02,POINT (9.148662 48.769209)
LMG:Vehicle:HZHBXX5IXN4DF,lime_bw,2026-05-21 15:38:15+02,POINT (9.164917 48.803973)
LMG:Vehicle:I2UWIWA4EFFOY,lime_bw,2026-05-21 15:38:15+02,POINT (9.179367 48.752326)
LMG:Vehicle:IFZ6WWKHII5AE,lime_bw,2026-05-21 15:38:15+02,POINT (9.214068 48.743693)
LMG:Vehicle:IGBVWKZNXHJG5,lime_bw,2026-05-21 15:38:15+02,POINT (9.187347 48.791838)
LMG:Vehicle:IHGLHZIVYJYX5,lime_bw,2026-05-21 15:38:15+02,POINT (9.102705 48.742274)
LMG:Vehicle:ILL5JGZCOVH5V,lime_bw,2026-05-21 15:38:15+02,POINT (9.168123 48.778289)
LMG:Vehicle:IPE7FV3ZMVFRX,lime_bw,2026-05-21 15:38:15+02,POINT (9.179753 48.770166)
LMG:Vehicle:IRB7N6RW3ZLYU,lime_bw,2026-05-21 15:38:15+02,POINT (9.163928 48.815041)
LMG:Vehicle:J4C3RS2HV3QGB,lime_bw,2026-05-21 15:38:15+02,POINT (9.218117 48.80201)
LMG:Vehicle:J72TSEAZ3T6EB,lime_bw,2026-05-21 15:38:15+02,POINT (9.215335 48.803282)
LMG:Vehicle:JECD4TQA43AQS,lime_bw,2026-05-21 15:38:15+02,POINT (9.16816 48.764634)
LMG:Vehicle:JHK3BWFMW3JQD,lime_bw,2026-05-21 15:38:15+02,POINT (9.180893 48.790495)
LMG:Vehicle:JLDKP2JJX5ISR,lime_bw,2026-05-21 15:38:15+02,POINT (9.235796 48.788766)
LMG:Vehicle:JLTKM2MIFE5LD,lime_bw,2026-05-21 15:38:15+02,POINT (9.17692 48.770014)
LMG:Vehicle:JM6MLZICJK3PO,lime_bw,2026-05-21 15:38:15+02,POINT (9.164878 48.803074)
LMG:Vehicle:JNY5U6RHSBCQY,lime_bw,2026-05-21 15:38:15+02,POINT (9.191369 48.780635)
LMG:Vehicle:JOGFUGNVXGAEZ,lime_bw,2026-05-21 15:38:15+02,POINT (9.183774 48.790508)
LMG:Vehicle:JQVQ2SW6PBCJG,lime_bw,2026-05-21 15:38:15+02,POINT (9.169523 48.786353)
LMG:Vehicle:JTOLTPSHSKZQ3,lime_bw,2026-05-21 15:38:15+02,POINT (9.193044 48.783832)
LMG:Vehicle:JVEPW6YWNRH4Q,lime_bw,2026-05-21 15:38:15+02,POINT (9.184965 48.773271)
LMG:Vehicle:K47D55BWLSOXV,lime_bw,2026-05-21 15:38:15+02,POINT (9.226822 48.798278)
LMG:Vehicle:K4VSLH7Z4B7FJ,lime_bw,2026-05-21 15:38:15+02,POINT (9.186719 48.778397)
LMG:Vehicle:K7HSQ6JORBVGG,lime_bw,2026-05-21 15:38:15+02,POINT (9.180394 48.783396)
LMG:Vehicle:KACXOCMRG6URW,lime_bw,2026-05-21 15:38:15+02,POINT (9.177244 48.782247)
LMG:Vehicle:KCV5J6XGRAVJS,lime_bw,2026-05-21 15:38:15+02,POINT (9.169344 48.783996)
LMG:Vehicle:KD2D4OQFFKFGZ,lime_bw,2026-05-21 15:38:15+02,POINT (9.113593 48.813751)
LMG:Vehicle:KD3LCIIYLXU7Y,lime_bw,2026-05-21 15:38:15+02,POINT (9.181994 48.774996)
LMG:Vehicle:KEKE4WPTPUZDF,lime_bw,2026-05-21 15:38:15+02,POINT (9.170129 48.785439)
LMG:Vehicle:KFWW7ZZRKUM4O,lime_bw,2026-05-21 15:38:15+02,POINT (9.174072 48.773775)
LMG:Vehicle:KKNCTG4GQ2L2R,lime_bw,2026-05-21 15:38:15+02,POINT (9.180417 48.790685)
LMG:Vehicle:KOO6HMSPLT5KL,lime_bw,2026-05-21 15:38:15+02,POINT (9.166014 48.762453)
LMG:Vehicle:KPIFX3YNHEZFC,lime_bw,2026-05-21 15:38:15+02,POINT (9.16735 48.776139)
LMG:Vehicle:KQPQW2J6MZ7EL,lime_bw,2026-05-21 15:38:15+02,POINT (9.214618 48.806763)
LMG:Vehicle:KV72GJTOXLSIE,lime_bw,2026-05-21 15:38:15+02,POINT (9.121022 48.736764)
LMG:Vehicle:KYINPPGD7VMC7,lime_bw,2026-05-21 15:38:15+02,POINT (9.171244 48.768281)
LMG:Vehicle:KZI4IKR7XPOZY,lime_bw,2026-05-21 15:38:15+02,POINT (9.168872 48.784239)
LMG:Vehicle:L4PXKLVVJRFNJ,lime_bw,2026-05-21 15:38:15+02,POINT (9.162372 48.776182)
LMG:Vehicle:L5P52ST2UTPJF,lime_bw,2026-05-21 15:38:15+02,POINT (9.187602 48.775452)
LMG:Vehicle:LA7CCANZXYGBV,lime_bw,2026-05-21 15:38:15+02,POINT (9.171941 48.772115)
LMG:Vehicle:LB5EX6C7436B3,lime_bw,2026-05-21 15:38:15+02,POINT (9.156309 48.74685)
LMG:Vehicle:LBFHGJQNNAJT6,lime_bw,2026-05-21 15:38:15+02,POINT (9.165485 48.771987)
LMG:Vehicle:LGOFZPUSCO4UC,lime_bw,2026-05-21 15:38:15+02,POINT (9.200489 48.788569)
LMG:Vehicle:LI7X7FIRVI64Q,lime_bw,2026-05-21 15:38:15+02,POINT (9.211719 48.804231)
LMG:Vehicle:LLPMCENPMGF2S,lime_bw,2026-05-21 15:38:15+02,POINT (9.205464 48.777054)
LMG:Vehicle:LM3YWUJHLVCCW,lime_bw,2026-05-21 15:38:15+02,POINT (9.256842 48.774746)
LMG:Vehicle:LM6ZJSRJB2JYE,lime_bw,2026-05-21 15:38:15+02,POINT (9.174477 48.772078)
LMG:Vehicle:LMQOO6WAZ5SWV,lime_bw,2026-05-21 15:38:15+02,POINT (9.17922 48.779458)
LMG:Vehicle:LQ52WQ7NDJPKN,lime_bw,2026-05-21 15:38:15+02,POINT (9.204555 48.793025)
LMG:Vehicle:LSK2IHQHT5YX3,lime_bw,2026-05-21 15:38:15+02,POINT (9.191392 48.780644)
LMG:Vehicle:LUA2DR6Q47BTS,lime_bw,2026-05-21 15:38:15+02,POINT (9.143574 48.814438)
LMG:Vehicle:LVJMMQFBEI2ID,lime_bw,2026-05-21 15:38:15+02,POINT (9.171305 48.767482)
LMG:Vehicle:LYC7QHNXANF52,lime_bw,2026-05-21 15:38:15+02,POINT (9.188242 48.777495)
LMG:Vehicle:MAGDH7JAWBTY3,lime_bw,2026-05-21 15:38:15+02,POINT (9.215073 48.733649)
LMG:Vehicle:MPQXYYRAWXQVW,lime_bw,2026-05-21 15:38:15+02,POINT (9.230876 48.795532)
LMG:Vehicle:MRP6EBWSUAPF4,lime_bw,2026-05-21 15:38:15+02,POINT (9.191766 48.767435)
LMG:Vehicle:MSDUWEB6U5ZLK,lime_bw,2026-05-21 15:38:15+02,POINT (9.158095 48.816102)
LMG:Vehicle:MT6RDAARA5YAZ,lime_bw,2026-05-21 15:38:15+02,POINT (9.204455 48.792933)
LMG:Vehicle:MVT5YA4KL67B3,lime_bw,2026-05-21 15:38:15+02,POINT (9.178003 48.773441)
LMG:Vehicle:N5B4A2OQCW3FB,lime_bw,2026-05-21 15:38:15+02,POINT (9.180137 48.783221)
LMG:Vehicle:NFHQRTIV2G4M4,lime_bw,2026-05-21 15:38:15+02,POINT (9.235496 48.788793)
LMG:Vehicle:NFXVUZ4QCZQMM,lime_bw,2026-05-21 15:38:15+02,POINT (9.111784 48.745856)
LMG:Vehicle:NH7LGJOHQ3VAM,lime_bw,2026-05-21 15:38:15+02,POINT (9.175059 48.773178)
LMG:Vehicle:NKXZXSRJUPC7Q,lime_bw,2026-05-21 15:38:15+02,POINT (9.16143 48.78901)
LMG:Vehicle:NMAAYJRKSTSAU,lime_bw,2026-05-21 15:38:15+02,POINT (9.170579 48.767438)
LMG:Vehicle:NTB3HRCBMJERS,lime_bw,2026-05-21 15:38:15+02,POINT (9.168076 48.778367)
LMG:Vehicle:NWPAZZVCMVFR3,lime_bw,2026-05-21 15:38:15+02,POINT (9.240788 48.774702)
LMG:Vehicle:NZB5744T6BVCQ,lime_bw,2026-05-21 15:38:15+02,POINT (9.16815 48.764682)
LMG:Vehicle:O2WF2TOFSMLM6,lime_bw,2026-05-21 15:38:15+02,POINT (9.189023 48.774814)
LMG:Vehicle:O7ARMLXLUEIEJ,lime_bw,2026-05-21 15:38:15+02,POINT (9.222116 48.800663)
LMG:Vehicle:OCU6V5GM3XNE6,lime_bw,2026-05-21 15:38:15+02,POINT (9.158068 48.772928)
LMG:Vehicle:OFS4HODDDMUDQ,lime_bw,2026-05-21 15:38:15+02,POINT (9.184357 48.788366)
LMG:Vehicle:ORSATEMRYP2LN,lime_bw,2026-05-21 15:38:15+02,POINT (9.145575 48.774495)
LMG:Vehicle:OYLUQAQDFESH6,lime_bw,2026-05-21 15:38:15+02,POINT (9.118785 48.748581)
LMG:Vehicle:OZQU5JOG24AB7,lime_bw,2026-05-21 15:38:15+02,POINT (9.176337 48.768681)
LMG:Vehicle:P3G35ZJ5UQONP,lime_bw,2026-05-21 15:38:15+02,POINT (9.154871 48.773202)
LMG:Vehicle:P4DEIIOE6K4ZI,lime_bw,2026-05-21 15:38:15+02,POINT (9.155307 48.730537)
LMG:Vehicle:P4YQDFMQ3GFCX,lime_bw,2026-05-21 15:38:15+02,POINT (9.146052 48.730658)
LMG:Vehicle:P5525VR4RKCFG,lime_bw,2026-05-21 15:38:15+02,POINT (9.178663 48.792792)
LMG:Vehicle:P6WMKZKXXL6UJ,lime_bw,2026-05-21 15:38:15+02,POINT (9.156758 48.769847)
LMG:Vehicle:PDH676OOO3UUW,lime_bw,2026-05-21 15:38:15+02,POINT (9.173761 48.767514)
LMG:Vehicle:PFPQEVL5MWWKW,lime_bw,2026-05-21 15:38:15+02,POINT (9.172882 48.764278)
LMG:Vehicle:PH2LCHU4MZONX,lime_bw,2026-05-21 15:38:15+02,POINT (9.178853 48.794202)
LMG:Vehicle:PJFMLTWMMDV3H,lime_bw,2026-05-21 15:38:15+02,POINT (9.199734 48.808279)
LMG:Vehicle:PNHNA4NLRSVYA,lime_bw,2026-05-21 15:38:15+02,POINT (9.159439 48.800112)
LMG:Vehicle:PRJ4OKSUJTQBL,lime_bw,2026-05-21 15:38:15+02,POINT (9.170718 48.779879)
LMG:Vehicle:PVEZSSIUPIB4B,lime_bw,2026-05-21 15:38:15+02,POINT (9.160939 48.784749)
LMG:Vehicle:Q2H5ELLLXRLGG,lime_bw,2026-05-21 15:38:15+02,POINT (9.164625 48.766184)
LMG:Vehicle:Q3FMDSFWD3WAV,lime_bw,2026-05-21 15:38:15+02,POINT (9.160428 48.75995)
LMG:Vehicle:Q77QC5ZAJRNCI,lime_bw,2026-05-21 15:38:15+02,POINT (9.164409 48.779308)
LMG:Vehicle:QAMA2NM73C5DI,lime_bw,2026-05-21 15:38:15+02,POINT (9.165272 48.720804)
LMG:Vehicle:QAXK2AFIJZV5X,lime_bw,2026-05-21 15:38:15+02,POINT (9.17443 48.743682)
LMG:Vehicle:QBBK4S3R25N4H,lime_bw,2026-05-21 15:38:15+02,POINT (9.225987 48.798385)
LMG:Vehicle:QBT2VNCO6HHHO,lime_bw,2026-05-21 15:38:15+02,POINT (9.158406 48.777121)
LMG:Vehicle:QM3R43QCEGDXG,lime_bw,2026-05-21 15:38:15+02,POINT (9.184079 48.770509)
LMG:Vehicle:QOVOZZXHFR2GG,lime_bw,2026-05-21 15:38:15+02,POINT (9.183118 48.767713)
LMG:Vehicle:QSA3RFRMZQ4ND,lime_bw,2026-05-21 15:38:15+02,POINT (9.166086 48.780444)
LMG:Vehicle:RCLKTJK6GYGFQ,lime_bw,2026-05-21 15:38:15+02,POINT (9.155157 48.76316)
LMG:Vehicle:RE273ZJUJSUOI,lime_bw,2026-05-21 15:38:15+02,POINT (9.196082 48.76956)
LMG:Vehicle:RI6PXMS2YPFFJ,lime_bw,2026-05-21 15:38:15+02,POINT (9.162337 48.721457)
LMG:Vehicle:RKI7RNV3BRA5U,lime_bw,2026-05-21 15:38:15+02,POINT (9.131981 48.778351)
LMG:Vehicle:RNTIOF5YDUKOP,lime_bw,2026-05-21 15:38:15+02,POINT (9.179928 48.777537)
LMG:Vehicle:RPADMDYB5LU4Z,lime_bw,2026-05-21 15:38:15+02,POINT (9.171544 48.776374)
LMG:Vehicle:RS7MU6LPD42IU,lime_bw,2026-05-21 15:38:15+02,POINT (9.165591 48.765156)
LMG:Vehicle:S276X3OO3ZVLX,lime_bw,2026-05-21 15:38:15+02,POINT (9.215314 48.804834)
LMG:Vehicle:S2AUW2IECDPSD,lime_bw,2026-05-21 15:38:15+02,POINT (9.167332 48.773088)
LMG:Vehicle:S2HT23XMTT5SB,lime_bw,2026-05-21 15:38:15+02,POINT (9.163713 48.814423)
LMG:Vehicle:SBXAVRWJTESCM,lime_bw,2026-05-21 15:38:15+02,POINT (9.221369 48.787223)
LMG:Vehicle:SCNCJCDZIU2LZ,lime_bw,2026-05-21 15:38:15+02,POINT (9.167118 48.8012)
LMG:Vehicle:SDLNYMM67K6IK,lime_bw,2026-05-21 15:38:15+02,POINT (9.159047 48.785451)
LMG:Vehicle:SMH4QJLRSBJ6B,lime_bw,2026-05-21 15:38:15+02,POINT (9.167829 48.748168)
LMG:Vehicle:SNVKUZBO7LJRE,lime_bw,2026-05-21 15:38:15+02,POINT (9.133447 48.780272)
LMG:Vehicle:SODWHNLPASTYS,lime_bw,2026-05-21 15:38:15+02,POINT (9.151229 48.771382)
LMG:Vehicle:SQZ5CSFP6R44A,lime_bw,2026-05-21 15:38:15+02,POINT (9.110213 48.813348)
LMG:Vehicle:SR3W4BDAD4T7I,lime_bw,2026-05-21 15:38:15+02,POINT (9.181205 48.786793)
LMG:Vehicle:SUUH43F6DA7TG,lime_bw,2026-05-21 15:38:15+02,POINT (9.191581 48.766477)
LMG:Vehicle:SW2HRMTPD5N74,lime_bw,2026-05-21 15:38:15+02,POINT (9.181992 48.775003)
LMG:Vehicle:SXP25HENAIELK,lime_bw,2026-05-21 15:38:15+02,POINT (9.175281 48.811442)
LMG:Vehicle:T3YVJPZVEAVK7,lime_bw,2026-05-21 15:38:15+02,POINT (9.156318 48.815785)
LMG:Vehicle:TCA5H3FWO7WRX,lime_bw,2026-05-21 15:38:15+02,POINT (9.191457 48.780641)
LMG:Vehicle:TGF3RJSXDF3NN,lime_bw,2026-05-21 15:38:15+02,POINT (9.172873 48.779252)
LMG:Vehicle:TGQVK5NHOJDHG,lime_bw,2026-05-21 15:38:15+02,POINT (9.173092 48.762075)
LMG:Vehicle:TJFVCRVUB3AOA,lime_bw,2026-05-21 15:38:15+02,POINT (9.221354 48.805698)
LMG:Vehicle:TLLL5S5QTSX4H,lime_bw,2026-05-21 15:38:15+02,POINT (9.140547 48.768709)
LMG:Vehicle:TPCZ2T2CGJ2FJ,lime_bw,2026-05-21 15:38:15+02,POINT (9.212978 48.810468)
LMG:Vehicle:TQTBHS4WJ4KKE,lime_bw,2026-05-21 15:38:15+02,POINT (9.158655 48.768088)
LMG:Vehicle:TSS4JX5A7NI5M,lime_bw,2026-05-21 15:38:15+02,POINT (9.220397 48.785569)
LMG:Vehicle:TTYOCWUGEWBCE,lime_bw,2026-05-21 15:38:15+02,POINT (9.144056 48.80545)
LMG:Vehicle:TXHEYT6BYCQLH,lime_bw,2026-05-21 15:38:15+02,POINT (9.143845 48.770155)
LMG:Vehicle:TYFB7LNIHO7YV,lime_bw,2026-05-21 15:38:15+02,POINT (9.169274 48.831024)
LMG:Vehicle:U33JB7HVUMLP7,lime_bw,2026-05-21 15:38:15+02,POINT (9.187306 48.771108)
LMG:Vehicle:U4XS5HHLGUZAV,lime_bw,2026-05-21 15:38:15+02,POINT (9.17038 48.74767)
LMG:Vehicle:UCAGSYHBTLHGG,lime_bw,2026-05-21 15:38:15+02,POINT (9.175719 48.782205)
LMG:Vehicle:UM3R2IYCFLHS3,lime_bw,2026-05-21 15:38:15+02,POINT (9.150427 48.810119)
LMG:Vehicle:UO5SHDWUYQAJR,lime_bw,2026-05-21 15:38:15+02,POINT (9.202133 48.782954)
LMG:Vehicle:UR5VPOHFOOLNO,lime_bw,2026-05-21 15:38:15+02,POINT (9.241954 48.770281)
LMG:Vehicle:URELL27VYT77B,lime_bw,2026-05-21 15:38:15+02,POINT (9.178323 48.784248)
LMG:Vehicle:USDGDSIZ7EOQK,lime_bw,2026-05-21 15:38:15+02,POINT (9.220757 48.755046)
LMG:Vehicle:UZ6GORZA6277M,lime_bw,2026-05-21 15:38:15+02,POINT (9.209021 48.78973)
LMG:Vehicle:V2BTKFEFYWDI6,lime_bw,2026-05-21 15:38:15+02,POINT (9.172059 48.779661)
LMG:Vehicle:V4DBK7TZMQS2M,lime_bw,2026-05-21 15:38:15+02,POINT (9.21221 48.796389)
LMG:Vehicle:V4UYOVK76OWDE,lime_bw,2026-05-21 15:38:15+02,POINT (9.199903 48.786881)
LMG:Vehicle:V6LOD4NAGWTHT,lime_bw,2026-05-21 15:38:15+02,POINT (9.17984 48.809352)
LMG:Vehicle:V6THK4DYFQIWV,lime_bw,2026-05-21 15:38:15+02,POINT (9.234038 48.747647)
LMG:Vehicle:VCZOUD66ASOE4,lime_bw,2026-05-21 15:38:15+02,POINT (9.161723 48.775399)
LMG:Vehicle:VHL57SS2ORY42,lime_bw,2026-05-21 15:38:15+02,POINT (9.169731 48.764382)
LMG:Vehicle:VIUAIQJ47A7XL,lime_bw,2026-05-21 15:38:15+02,POINT (9.183268 48.767603)
LMG:Vehicle:VJK2PLS6GSYNP,lime_bw,2026-05-21 15:38:15+02,POINT (9.113291 48.749294)
LMG:Vehicle:VKLOUSAPS4J7H,lime_bw,2026-05-21 15:38:15+02,POINT (9.166254 48.828531)
LMG:Vehicle:VOZQ6IF7ME26O,lime_bw,2026-05-21 15:38:15+02,POINT (9.176467 48.806818)
LMG:Vehicle:VRXBMLXU7PRRK,lime_bw,2026-05-21 15:38:15+02,POINT (9.188465 48.792072)
LMG:Vehicle:VSUJ6KJOCRHIK,lime_bw,2026-05-21 15:38:15+02,POINT (9.118424 48.816987)
LMG:Vehicle:VTELT442QLPXU,lime_bw,2026-05-21 15:38:15+02,POINT (9.177792 48.774454)
LMG:Vehicle:VW2R23CS6VXTV,lime_bw,2026-05-21 15:38:15+02,POINT (9.169724 48.777963)
LMG:Vehicle:VWEIS6CLWFQN2,lime_bw,2026-05-21 15:38:15+02,POINT (9.177281 48.775883)
LMG:Vehicle:VWKKDZNSGWCQ2,lime_bw,2026-05-21 15:38:15+02,POINT (9.178849 48.781256)
LMG:Vehicle:W3MFEKCVMUBSQ,lime_bw,2026-05-21 15:38:15+02,POINT (9.160634 48.772548)
LMG:Vehicle:W3O7MXJWNHMBX,lime_bw,2026-05-21 15:38:15+02,POINT (9.194848 48.7847)
LMG:Vehicle:W4GVHUHCRSNG2,lime_bw,2026-05-21 15:38:15+02,POINT (9.198188 48.791099)
LMG:Vehicle:W7NDJVYLNOGOD,lime_bw,2026-05-21 15:38:15+02,POINT (9.156611 48.766475)
LMG:Vehicle:WA7IP63L7FAIQ,lime_bw,2026-05-21 15:38:15+02,POINT (9.152566 48.76011)
LMG:Vehicle:WHCKO33LM62OS,lime_bw,2026-05-21 15:38:15+02,POINT (9.177312 48.763772)
LMG:Vehicle:WP4TJDBVYULS4,lime_bw,2026-05-21 15:38:15+02,POINT (9.168063 48.779277)
LMG:Vehicle:WPBBGF5DH4OHJ,lime_bw,2026-05-21 15:38:15+02,POINT (9.208195 48.747543)
LMG:Vehicle:WTPYVVVJ5QYPH,lime_bw,2026-05-21 15:38:15+02,POINT (9.186735 48.773818)
LMG:Vehicle:X2SSWE2VKJZRO,lime_bw,2026-05-21 15:38:15+02,POINT (9.170008 48.784622)
LMG:Vehicle:X32ESCHSYJWZM,lime_bw,2026-05-21 15:38:15+02,POINT (9.221492 48.782826)
LMG:Vehicle:XAB2CU7WSW74Q,lime_bw,2026-05-21 15:38:15+02,POINT (9.164755 48.776305)
LMG:Vehicle:XCAWHQOOOE33E,lime_bw,2026-05-21 15:38:15+02,POINT (9.113998 48.745415)
LMG:Vehicle:XKS47MEGSV35R,lime_bw,2026-05-21 15:38:15+02,POINT (9.182026 48.789758)
LMG:Vehicle:XOOBOKJE4UIAI,lime_bw,2026-05-21 15:38:15+02,POINT (9.198819 48.789442)
LMG:Vehicle:XWF5YSBW6PSGB,lime_bw,2026-05-21 15:38:15+02,POINT (9.211167 48.806326)
LMG:Vehicle:XWGQZUWITRED2,lime_bw,2026-05-21 15:38:15+02,POINT (9.156354 48.830854)
LMG:Vehicle:XWTBYRUMR27BA,lime_bw,2026-05-21 15:38:15+02,POINT (9.232591 48.782348)
LMG:Vehicle:YGZ3X3AQACACX,lime_bw,2026-05-21 15:38:15+02,POINT (9.17244 48.777844)
LMG:Vehicle:YKYVNJBT2OFLS,lime_bw,2026-05-21 15:38:15+02,POINT (9.194203 48.811048)
LMG:Vehicle:YNYIX5ZJD2TL3,lime_bw,2026-05-21 15:38:15+02,POINT (9.176721 48.827454)
LMG:Vehicle:YP6TQZELKMFFL,lime_bw,2026-05-21 15:38:15+02,POINT (9.164788 48.810798)
LMG:Vehicle:YSXOFIXIZT7DZ,lime_bw,2026-05-21 15:38:15+02,POINT (9.159343 48.765281)
LMG:Vehicle:YXHU7K4S35JYR,lime_bw,2026-05-21 15:38:15+02,POINT (9.167549 48.762638)
LMG:Vehicle:Z6US45533V2RB,lime_bw,2026-05-21 15:38:15+02,POINT (9.170576 48.771751)
LMG:Vehicle:Z7RB5AYIREG7C,lime_bw,2026-05-21 15:38:15+02,POINT (9.168604 48.777633)
LMG:Vehicle:ZDUREJMKCULKX,lime_bw,2026-05-21 15:38:15+02,POINT (9.161835 48.765493)
LMG:Vehicle:ZFZ6RASIXZBKW,lime_bw,2026-05-21 15:38:15+02,POINT (9.166747 48.775583)
LMG:Vehicle:ZGNNP4NOVLXSK,lime_bw,2026-05-21 15:38:15+02,POINT (9.168269 48.784952)
LMG:Vehicle:ZHLFAXKQLZFMI,lime_bw,2026-05-21 15:38:15+02,POINT (9.213725 48.79188)
LMG:Vehicle:ZI4JVMQOWQ3H6,lime_bw,2026-05-21 15:38:15+02,POINT (9.182716 48.788622)
LMG:Vehicle:ZLLCXWR6IJCGR,lime_bw,2026-05-21 15:38:15+02,POINT (9.150132 48.815469)
LMG:Vehicle:ZPVBR3FE5LW2O,lime_bw,2026-05-21 15:38:15+02,POINT (9.14618 48.73028)
LMG:Vehicle:ZTAMO2NULGWNE,lime_bw,2026-05-21 15:38:15+02,POINT (9.165593 48.828772)
LMG:Vehicle:ZZU7DP7JBFM3D,lime_bw,2026-05-21 15:38:15+02,POINT (9.174626 48.77325)
LMG:Vehicle:2BDVVQDSRY6AK,lime_bw,2026-05-21 15:38:15+02,POINT (9.187179 48.774088)
LMG:Vehicle:2G2D7HUVCL6TM,lime_bw,2026-05-21 15:38:15+02,POINT (9.182025 48.768452)
LMG:Vehicle:2JTKDXQGD5BVA,lime_bw,2026-05-21 15:38:15+02,POINT (9.155704 48.816087)
LMG:Vehicle:2JYB5GK5FPWXV,lime_bw,2026-05-21 15:38:15+02,POINT (9.178353 48.784263)
LMG:Vehicle:2MGKUQTMGZRN7,lime_bw,2026-05-21 15:38:15+02,POINT (9.167727 48.804462)
LMG:Vehicle:2QYIMH7QIUAQM,lime_bw,2026-05-21 15:38:15+02,POINT (9.172754 48.762459)
LMG:Vehicle:2W46DMY3TPSQ3,lime_bw,2026-05-21 15:38:15+02,POINT (9.20249 48.779963)
LMG:Vehicle:2ZJ2GRJCEGVNP,lime_bw,2026-05-21 15:38:15+02,POINT (9.170288 48.78745)
LMG:Vehicle:3BANAAPTVY6YN,lime_bw,2026-05-21 15:38:15+02,POINT (9.212371 48.79173)
LMG:Vehicle:3DBKI4EWJZKJX,lime_bw,2026-05-21 15:38:15+02,POINT (9.186666 48.806298)
LMG:Vehicle:3DYT3YUYDJNCL,lime_bw,2026-05-21 15:38:15+02,POINT (9.163087 48.759173)
LMG:Vehicle:3IHPE5B7DWLQ4,lime_bw,2026-05-21 15:38:15+02,POINT (9.200671 48.768119)
LMG:Vehicle:3LP5JOYPRKFXG,lime_bw,2026-05-21 15:38:15+02,POINT (9.111817 48.744901)
LMG:Vehicle:3RRN6KMX54SGZ,lime_bw,2026-05-21 15:38:15+02,POINT (9.239626 48.789714)
LMG:Vehicle:3VQ7OB63WTETM,lime_bw,2026-05-21 15:38:15+02,POINT (9.160481 48.830711)
LMG:Vehicle:4BVCT6HMGWJDB,lime_bw,2026-05-21 15:38:15+02,POINT (9.165448 48.720713)
LMG:Vehicle:4CB65D4V7XF67,lime_bw,2026-05-21 15:38:15+02,POINT (9.205002 48.779345)
LMG:Vehicle:4HU33GUKBYOXA,lime_bw,2026-05-21 15:38:15+02,POINT (9.190334 48.779546)
LMG:Vehicle:4INZGA7IYL5N4,lime_bw,2026-05-21 15:38:15+02,POINT (9.207966 48.808925)
LMG:Vehicle:4KZTPMUKIMMHZ,lime_bw,2026-05-21 15:38:15+02,POINT (9.16811 48.778361)
LMG:Vehicle:4OAPBA5CBX35R,lime_bw,2026-05-21 15:38:15+02,POINT (9.153514 48.769348)
LMG:Vehicle:4T6XNGJWXJEQP,lime_bw,2026-05-21 15:38:15+02,POINT (9.143075 48.772342)
LMG:Vehicle:53KB5YV6JDYIO,lime_bw,2026-05-21 15:38:15+02,POINT (9.157744 48.770599)
LMG:Vehicle:5H3SXDTW76RBP,lime_bw,2026-05-21 15:38:15+02,POINT (9.174936 48.779316)
LMG:Vehicle:5MYIH6VSFGXHD,lime_bw,2026-05-21 15:38:15+02,POINT (9.192285 48.775308)
LMG:Vehicle:5NRZNG7UXUQPP,lime_bw,2026-05-21 15:38:15+02,POINT (9.189759 48.783666)
LMG:Vehicle:5TNNOQBYQNEJV,lime_bw,2026-05-21 15:38:15+02,POINT (9.17153 48.769814)
LMG:Vehicle:5WZ2CFNSHZN3M,lime_bw,2026-05-21 15:38:15+02,POINT (9.164074 48.774942)
LMG:Vehicle:66WSZPU2HFVYF,lime_bw,2026-05-21 15:38:15+02,POINT (9.224201 48.796857)
LMG:Vehicle:6CLZITDFRD3YG,lime_bw,2026-05-21 15:38:15+02,POINT (9.220615 48.803967)
LMG:Vehicle:6FXQK54PLFN42,lime_bw,2026-05-21 15:38:15+02,POINT (9.157895 48.782082)
LMG:Vehicle:6HBIQQP6XSCG3,lime_bw,2026-05-21 15:38:15+02,POINT (9.159894 48.810179)
LMG:Vehicle:6KEEBVMQSTC4U,lime_bw,2026-05-21 15:38:15+02,POINT (9.164302 48.771769)
LMG:Vehicle:6SQQYWAOHVM7H,lime_bw,2026-05-21 15:38:15+02,POINT (9.112706 48.814604)
LMG:Vehicle:6WEXZNPBBTY4N,lime_bw,2026-05-21 15:38:15+02,POINT (9.217526 48.80071)
LMG:Vehicle:6Y6YUILYQGF3I,lime_bw,2026-05-21 15:38:15+02,POINT (9.196181 48.779605)
LMG:Vehicle:6YR67XT75ZOO5,lime_bw,2026-05-21 15:38:15+02,POINT (9.172086 48.768119)
LMG:Vehicle:73FZGVI7QLVAS,lime_bw,2026-05-21 15:38:15+02,POINT (9.175362 48.768967)
LMG:Vehicle:74OJO6RGFSI4A,lime_bw,2026-05-21 15:38:15+02,POINT (9.167836 48.748381)
LMG:Vehicle:75WOBYZDUMZQE,lime_bw,2026-05-21 15:38:15+02,POINT (9.147936 48.730681)
LMG:Vehicle:7DCFZSS7LGVIK,lime_bw,2026-05-21 15:38:15+02,POINT (9.157458 48.816089)
LMG:Vehicle:7LPRPKRSNWM42,lime_bw,2026-05-21 15:38:15+02,POINT (9.227877 48.792354)
LMG:Vehicle:7MEMUPBWI3WC7,lime_bw,2026-05-21 15:38:15+02,POINT (9.16279 48.823164)
LMG:Vehicle:7NLFC5NFF63XH,lime_bw,2026-05-21 15:38:15+02,POINT (9.178499 48.791808)
LMG:Vehicle:7OXRFIAFQVM2T,lime_bw,2026-05-21 15:38:15+02,POINT (9.171269 48.768355)
LMG:Vehicle:7TOJB5JFHLLWU,lime_bw,2026-05-21 15:38:15+02,POINT (9.153782 48.771157)
LMG:Vehicle:7UEEQYCZQKJZM,lime_bw,2026-05-21 15:38:15+02,POINT (9.156887 48.777742)
LMG:Vehicle:7WLST6GGL6QTU,lime_bw,2026-05-21 15:38:15+02,POINT (9.161411 48.765923)
LMG:Vehicle:7X4M5HHVSWX5V,lime_bw,2026-05-21 15:38:15+02,POINT (9.169289 48.777926)
LMG:Vehicle:A2VT5CXZKM6DB,lime_bw,2026-05-21 15:38:15+02,POINT (9.235958 48.788623)
LMG:Vehicle:A4CXVQGY2V4RS,lime_bw,2026-05-21 15:38:15+02,POINT (9.182809 48.797644)
LMG:Vehicle:A57G5W7PCTC4R,lime_bw,2026-05-21 15:38:15+02,POINT (9.205276 48.785468)
LMG:Vehicle:ABPZTZZ5SC5L4,lime_bw,2026-05-21 15:38:15+02,POINT (9.159694 48.783355)
LMG:Vehicle:AFXQ4EYHI2QZR,lime_bw,2026-05-21 15:38:15+02,POINT (9.213801 48.803532)
LMG:Vehicle:AGEZQFD7Y36CC,lime_bw,2026-05-21 15:38:15+02,POINT (9.119575 48.744833)
LMG:Vehicle:AHI4M3Q5WKGEB,lime_bw,2026-05-21 15:38:15+02,POINT (9.180084 48.776202)
LMG:Vehicle:ALJBGGNESYUEW,lime_bw,2026-05-21 15:38:15+02,POINT (9.141113 48.771824)
LMG:Vehicle:AM2LARI4T52JD,lime_bw,2026-05-21 15:38:15+02,POINT (9.160272 48.725145)
LMG:Vehicle:AMJUGHEHVJWKP,lime_bw,2026-05-21 15:38:15+02,POINT (9.183402 48.766219)
LMG:Vehicle:ART6VW5JFFKZC,lime_bw,2026-05-21 15:38:15+02,POINT (9.213246 48.804337)
LMG:Vehicle:AWAIMF5GUL2GW,lime_bw,2026-05-21 15:38:15+02,POINT (9.172161 48.770471)
LMG:Vehicle:B2UGAXW2WAJMJ,lime_bw,2026-05-21 15:38:15+02,POINT (9.16759 48.814008)
LMG:Vehicle:B7KGMWM4R6T6P,lime_bw,2026-05-21 15:38:15+02,POINT (9.164957 48.764527)
LMG:Vehicle:BBE6HJVDMYHP3,lime_bw,2026-05-21 15:38:15+02,POINT (9.188796 48.793576)
LMG:Vehicle:BG62RO4QSK3KL,lime_bw,2026-05-21 15:38:15+02,POINT (9.167532 48.785034)
LMG:Vehicle:BGR34AACAYJ2B,lime_bw,2026-05-21 15:38:15+02,POINT (9.177234 48.764091)
LMG:Vehicle:BHZDD33ZPSJMW,lime_bw,2026-05-21 15:38:15+02,POINT (9.1763 48.809087)
LMG:Vehicle:BJEWJAPZ6SBI7,lime_bw,2026-05-21 15:38:15+02,POINT (9.223886 48.801684)
LMG:Vehicle:BMTE4C5FNQF67,lime_bw,2026-05-21 15:38:15+02,POINT (9.15306 48.809496)
LMG:Vehicle:BORTBFOL2IOI6,lime_bw,2026-05-21 15:38:15+02,POINT (9.167237 48.773184)
LMG:Vehicle:BP7AFBMCY4IFY,lime_bw,2026-05-21 15:38:15+02,POINT (9.162666 48.775954)
LMG:Vehicle:BSBPXMALXUJ2Z,lime_bw,2026-05-21 15:38:15+02,POINT (9.164777 48.81076)
LMG:Vehicle:BSHERHWC3E34A,lime_bw,2026-05-21 15:38:15+02,POINT (9.190525 48.778331)
LMG:Vehicle:BSMZAFKCRBILD,lime_bw,2026-05-21 15:38:15+02,POINT (9.20908 48.789752)
LMG:Vehicle:BVMIGXWSSLRZ4,lime_bw,2026-05-21 15:38:15+02,POINT (9.121927 48.809174)
LMG:Vehicle:BXZBRPOZD5TBT,lime_bw,2026-05-21 15:38:15+02,POINT (9.147128 48.770753)
LMG:Vehicle:C24FSYA6UUG7M,lime_bw,2026-05-21 15:38:15+02,POINT (9.187868 48.779556)
LMG:Vehicle:C4ENUL7Z7A2M4,lime_bw,2026-05-21 15:38:15+02,POINT (9.16165 48.765477)
LMG:Vehicle:C7E3XKNPUB4NU,lime_bw,2026-05-21 15:38:15+02,POINT (9.17976 48.809421)
LMG:Vehicle:CEN44WWXBVBBF,lime_bw,2026-05-21 15:38:15+02,POINT (9.217929 48.781619)
LMG:Vehicle:CL7RWBC4N6OTE,lime_bw,2026-05-21 15:38:15+02,POINT (9.177244 48.783035)
LMG:Vehicle:CMWTIYOK4BFUR,lime_bw,2026-05-21 15:38:15+02,POINT (9.169034 48.83228)
LMG:Vehicle:CQOVLSIT4BLU3,lime_bw,2026-05-21 15:38:15+02,POINT (9.188089 48.779722)
LMG:Vehicle:CQU6HA6KAQ5SW,lime_bw,2026-05-21 15:38:15+02,POINT (9.184454 48.777741)
LMG:Vehicle:CRB2IOULJ4MPE,lime_bw,2026-05-21 15:38:15+02,POINT (9.171715 48.721856)
LMG:Vehicle:CST6ZCXDEUPGG,lime_bw,2026-05-21 15:38:15+02,POINT (9.175802 48.775024)
LMG:Vehicle:CWI7TMHFIVQU2,lime_bw,2026-05-21 15:38:15+02,POINT (9.167471 48.778911)
LMG:Vehicle:CXQNYKNIDZSSD,lime_bw,2026-05-21 15:38:15+02,POINT (9.166016 48.762433)
LMG:Vehicle:CYYAFEJVMYPMF,lime_bw,2026-05-21 15:38:15+02,POINT (9.183776 48.790449)
LMG:Vehicle:D6X6AXIMPPDBI,lime_bw,2026-05-21 15:38:15+02,POINT (9.210189 48.806223)
LMG:Vehicle:DC74S7YQAAYHD,lime_bw,2026-05-21 15:38:15+02,POINT (9.179997 48.787291)
LMG:Vehicle:DDACLAX3GTP25,lime_bw,2026-05-21 15:38:15+02,POINT (9.169942 48.780598)
LMG:Vehicle:DIVBNWSOAXKFN,lime_bw,2026-05-21 15:38:15+02,POINT (9.110916 48.813098)
LMG:Vehicle:DKPURDSHLS5F2,lime_bw,2026-05-21 15:38:15+02,POINT (9.14295 48.772187)
LMG:Vehicle:DL4GVKSNBFYYB,lime_bw,2026-05-21 15:38:15+02,POINT (9.163857 48.785067)
LMG:Vehicle:DMR3RJ34LIU7R,lime_bw,2026-05-21 15:38:15+02,POINT (9.189622 48.765239)
LMG:Vehicle:DQWERQCPAVNAI,lime_bw,2026-05-21 15:38:15+02,POINT (9.160432 48.759953)
LMG:Vehicle:E6QFY2I3XT2PM,lime_bw,2026-05-21 15:38:15+02,POINT (9.178377 48.784323)
LMG:Vehicle:E7QRTZUV7GHM6,lime_bw,2026-05-21 15:38:15+02,POINT (9.165982 48.78039)
LMG:Vehicle:EDASWSTLVKET7,lime_bw,2026-05-21 15:38:15+02,POINT (9.18085 48.801474)
LMG:Vehicle:EHO2VROKIPKCM,lime_bw,2026-05-21 15:38:15+02,POINT (9.155259 48.770009)
LMG:Vehicle:EIHK6G4ULKKOA,lime_bw,2026-05-21 15:38:15+02,POINT (9.157024 48.801303)
LMG:Vehicle:EIPREDQLQTPJN,lime_bw,2026-05-21 15:38:15+02,POINT (9.14049 48.768677)
LMG:Vehicle:EKX4MPNK7KGKJ,lime_bw,2026-05-21 15:38:15+02,POINT (9.215745 48.785758)
LMG:Vehicle:ENAPOW3NIGXTO,lime_bw,2026-05-21 15:38:15+02,POINT (9.15929 48.762839)
LMG:Vehicle:EVWVHE3NMVSHC,lime_bw,2026-05-21 15:38:15+02,POINT (9.166388 48.737033)
LMG:Vehicle:EXQR3YJ6ZPBIN,lime_bw,2026-05-21 15:38:15+02,POINT (9.176808 48.780656)
LMG:Vehicle:F5HBURWUSZKQY,lime_bw,2026-05-21 15:38:15+02,POINT (9.208118 48.785222)
LMG:Vehicle:F7LZNZP7C3T4W,lime_bw,2026-05-21 15:38:15+02,POINT (9.158303 48.777018)
LMG:Vehicle:FBQFDX5RIHU2L,lime_bw,2026-05-21 15:38:15+02,POINT (9.190395 48.777829)
LMG:Vehicle:FC3GTSAJPYQ6J,lime_bw,2026-05-21 15:38:15+02,POINT (9.191402 48.780734)
LMG:Vehicle:FDAX5UAKKQMAS,lime_bw,2026-05-21 15:38:15+02,POINT (9.177251 48.815603)
LMG:Vehicle:FETROB2DKTYCK,lime_bw,2026-05-21 15:38:15+02,POINT (9.167671 48.764231)
LMG:Vehicle:FF2FCMJU62P7C,lime_bw,2026-05-21 15:38:15+02,POINT (9.169065 48.832324)
LMG:Vehicle:FF7KLDTYR6KDO,lime_bw,2026-05-21 15:38:15+02,POINT (9.174144 48.770024)
LMG:Vehicle:FMFV7VUSF7M4C,lime_bw,2026-05-21 15:38:15+02,POINT (9.152387 48.772431)
LMG:Vehicle:FPZLSEDCL7OJG,lime_bw,2026-05-21 15:38:15+02,POINT (9.181974 48.789924)
LMG:Vehicle:FT2Z73XQ7FAC5,lime_bw,2026-05-21 15:38:15+02,POINT (9.16967 48.778792)
LMG:Vehicle:FTLGPGBEOQIPT,lime_bw,2026-05-21 15:38:15+02,POINT (9.186775 48.792528)
LMG:Vehicle:FYF7W5NWWYWCO,lime_bw,2026-05-21 15:38:15+02,POINT (9.179807 48.801931)
LMG:Vehicle:G3BALCXFWKA5V,lime_bw,2026-05-21 15:38:15+02,POINT (9.169645 48.764246)
LMG:Vehicle:GDMF66QKZ2VLL,lime_bw,2026-05-21 15:38:15+02,POINT (9.114582 48.813858)
LMG:Vehicle:GDXKCTJEDLMLO,lime_bw,2026-05-21 15:38:15+02,POINT (9.193059 48.807244)
LMG:Vehicle:GMZO7E7IL2XHD,lime_bw,2026-05-21 15:38:15+02,POINT (9.181877 48.789789)
LMG:Vehicle:GOCQZGWS2LSAW,lime_bw,2026-05-21 15:38:15+02,POINT (9.176155 48.781381)
LMG:Vehicle:GOMW6G34XTWJM,lime_bw,2026-05-21 15:38:15+02,POINT (9.172135 48.765932)
LMG:Vehicle:GZTHZEMOONZRW,lime_bw,2026-05-21 15:38:15+02,POINT (9.163337 48.745946)
LMG:Vehicle:H3O23V2QJHXKP,lime_bw,2026-05-21 15:38:15+02,POINT (9.189725 48.78364)
LMG:Vehicle:H4B6PAD5Z5YRC,lime_bw,2026-05-21 15:38:15+02,POINT (9.201061 48.809715)
LMG:Vehicle:H54JI7PJC2WS6,lime_bw,2026-05-21 15:38:15+02,POINT (9.196403 48.779366)
LMG:Vehicle:H7A76C53CQF7F,lime_bw,2026-05-21 15:38:15+02,POINT (9.18347 48.766211)
LMG:Vehicle:HFBVLQLJADNVO,lime_bw,2026-05-21 15:38:15+02,POINT (9.16235 48.776181)
LMG:Vehicle:HFUZXIEBSWCXA,lime_bw,2026-05-21 15:38:15+02,POINT (9.227148 48.781605)
LMG:Vehicle:HIZUZGZPQJL2Z,lime_bw,2026-05-21 15:38:15+02,POINT (9.241011 48.748702)
LMG:Vehicle:HO2UYZIVKEYAS,lime_bw,2026-05-21 15:38:15+02,POINT (9.181093 48.790081)
LMG:Vehicle:HRPZG6OXNJDZD,lime_bw,2026-05-21 15:38:15+02,POINT (9.175756 48.761895)
LMG:Vehicle:HTGAP4PQZ3OLM,lime_bw,2026-05-21 15:38:15+02,POINT (9.167999 48.779325)
LMG:Vehicle:HW36HCM5RZHNN,lime_bw,2026-05-21 15:38:15+02,POINT (9.179532 48.790235)
LMG:Vehicle:HWJVIG2ASEDRQ,lime_bw,2026-05-21 15:38:15+02,POINT (9.206825 48.814312)
LMG:Vehicle:I6ON3JDTH4XJU,lime_bw,2026-05-21 15:38:15+02,POINT (9.154807 48.781794)
LMG:Vehicle:IBCGJXOSPGV6Z,lime_bw,2026-05-21 15:38:15+02,POINT (9.16846 48.829998)
LMG:Vehicle:ICIVB25LHPF4H,lime_bw,2026-05-21 15:38:15+02,POINT (9.154868 48.768127)
LMG:Vehicle:IDWNIPLPLJGD4,lime_bw,2026-05-21 15:38:15+02,POINT (9.162649 48.775895)
LMG:Vehicle:IE7ZY7VW4E5D4,lime_bw,2026-05-21 15:38:15+02,POINT (9.191702 48.782577)
LMG:Vehicle:IFQJLMYMM447G,lime_bw,2026-05-21 15:38:15+02,POINT (9.219645 48.786157)
LMG:Vehicle:IHKOWPRI7J2TZ,lime_bw,2026-05-21 15:38:15+02,POINT (9.167452 48.773008)
LMG:Vehicle:IJCZHNO6UQUVA,lime_bw,2026-05-21 15:38:15+02,POINT (9.227039 48.782571)
LMG:Vehicle:IKD55SZSO3YKG,lime_bw,2026-05-21 15:38:15+02,POINT (9.127654 48.774249)
LMG:Vehicle:IU2BSZRLGA5LV,lime_bw,2026-05-21 15:38:15+02,POINT (9.168897 48.772338)
LMG:Vehicle:IX5J4DDBCCOEI,lime_bw,2026-05-21 15:38:15+02,POINT (9.154312 48.803984)
LMG:Vehicle:IXEUIRDAH3S7K,lime_bw,2026-05-21 15:38:15+02,POINT (9.215991 48.804562)
LMG:Vehicle:IZD4QQJKAOIF6,lime_bw,2026-05-21 15:38:15+02,POINT (9.146178 48.730292)
LMG:Vehicle:J2OK2R74HW54P,lime_bw,2026-05-21 15:38:15+02,POINT (9.177602 48.788405)
LMG:Vehicle:J3OYSK7RIU4AH,lime_bw,2026-05-21 15:38:15+02,POINT (9.2 48.790667)
LMG:Vehicle:J66DZNJGVBHCN,lime_bw,2026-05-21 15:38:15+02,POINT (9.169425 48.783988)
LMG:Vehicle:J6AGX2IOMTFD3,lime_bw,2026-05-21 15:38:15+02,POINT (9.155693 48.807733)
LMG:Vehicle:JAF3KSPYY2H3S,lime_bw,2026-05-21 15:38:15+02,POINT (9.173675 48.774142)
LMG:Vehicle:JBEFXGCSBKEJW,lime_bw,2026-05-21 15:38:15+02,POINT (9.158707 48.81689)
LMG:Vehicle:JBM6WB3ECEIBM,lime_bw,2026-05-21 15:38:15+02,POINT (9.174665 48.77341)
LMG:Vehicle:JG7LTSKUHOVHK,lime_bw,2026-05-21 15:38:15+02,POINT (9.217596 48.787307)
LMG:Vehicle:JJE5XRI6PY5VN,lime_bw,2026-05-21 15:38:15+02,POINT (9.168044 48.784776)
LMG:Vehicle:JJGXC3RGOV4WN,lime_bw,2026-05-21 15:38:15+02,POINT (9.156818 48.760041)
LMG:Vehicle:JLEZ5YYLCTZNL,lime_bw,2026-05-21 15:38:15+02,POINT (9.187937 48.778596)
LMG:Vehicle:JMS7T67P27LGF,lime_bw,2026-05-21 15:38:15+02,POINT (9.165204 48.720668)
LMG:Vehicle:JNNAJJXJGVWSG,lime_bw,2026-05-21 15:38:15+02,POINT (9.182063 48.793722)
LMG:Vehicle:JQSTQV5PUTIEQ,lime_bw,2026-05-21 15:38:15+02,POINT (9.17415 48.769342)
LMG:Vehicle:JSOX7DREDIDAI,lime_bw,2026-05-21 15:38:15+02,POINT (9.177378 48.76411)
LMG:Vehicle:JWEPMTZADYRY6,lime_bw,2026-05-21 15:38:15+02,POINT (9.175972 48.810218)
LMG:Vehicle:JWUIQYOXT7XIW,lime_bw,2026-05-21 15:38:15+02,POINT (9.161485 48.767179)
LMG:Vehicle:JZIQ5VMJMLD4I,lime_bw,2026-05-21 15:38:15+02,POINT (9.170525 48.74973)
LMG:Vehicle:K2LDLWZI63RNY,lime_bw,2026-05-21 15:38:15+02,POINT (9.173812 48.785838)
LMG:Vehicle:K4C55C4RXNAL6,lime_bw,2026-05-21 15:38:15+02,POINT (9.250928 48.778431)
LMG:Vehicle:K4IPGX7G7CW7A,lime_bw,2026-05-21 15:38:15+02,POINT (9.18726 48.77404)
LMG:Vehicle:K5PFSCHTBIGZV,lime_bw,2026-05-21 15:38:15+02,POINT (9.170245 48.762964)
LMG:Vehicle:KHX22WRBFRNRX,lime_bw,2026-05-21 15:38:15+02,POINT (9.17417 48.776329)
LMG:Vehicle:KKFP73ZEKYRQ5,lime_bw,2026-05-21 15:38:15+02,POINT (9.178044 48.773437)
LMG:Vehicle:KNN7S36ZBMTLW,lime_bw,2026-05-21 15:38:15+02,POINT (9.114569 48.813904)
LMG:Vehicle:KQPCMZ62PHRP2,lime_bw,2026-05-21 15:38:15+02,POINT (9.190848 48.76739)
LMG:Vehicle:KRQWJ3LTJWN4R,lime_bw,2026-05-21 15:38:15+02,POINT (9.160154 48.766381)
LMG:Vehicle:KVFUAVUAYE7JQ,lime_bw,2026-05-21 15:38:15+02,POINT (9.159518 48.743985)
LMG:Vehicle:L2JDAR6BVRDWT,lime_bw,2026-05-21 15:38:15+02,POINT (9.181349 48.78669)
LMG:Vehicle:L6FXMZCURUCWO,lime_bw,2026-05-21 15:38:15+02,POINT (9.250897 48.780317)
LMG:Vehicle:L6IKNDF7EFINX,lime_bw,2026-05-21 15:38:15+02,POINT (9.164797 48.78725)
LMG:Vehicle:LE4WD7CQ3NF7L,lime_bw,2026-05-21 15:38:15+02,POINT (9.15004 48.810195)
LMG:Vehicle:LEYYXOCVGJM7E,lime_bw,2026-05-21 15:38:15+02,POINT (9.165621 48.765194)
LMG:Vehicle:LFMSZFOVRZUPH,lime_bw,2026-05-21 15:38:15+02,POINT (9.176231 48.772268)
LMG:Vehicle:LG4655IAWDK3Z,lime_bw,2026-05-21 15:38:15+02,POINT (9.158446 48.769019)
LMG:Vehicle:LIJQVKGIUBECW,lime_bw,2026-05-21 15:38:15+02,POINT (9.181371 48.786471)
LMG:Vehicle:LOX2US6HSFUNV,lime_bw,2026-05-21 15:38:15+02,POINT (9.159344 48.75846)
LMG:Vehicle:LP3HNNSCUQBHV,lime_bw,2026-05-21 15:38:15+02,POINT (9.189556 48.765255)
LMG:Vehicle:LSS56MEMWHQYU,lime_bw,2026-05-21 15:38:15+02,POINT (9.21209 48.802726)
LMG:Vehicle:LX2263WWABOLB,lime_bw,2026-05-21 15:38:15+02,POINT (9.112602 48.814575)
LMG:Vehicle:MAQPTVQ4ETQXZ,lime_bw,2026-05-21 15:38:15+02,POINT (9.185675 48.774348)
LMG:Vehicle:MBIUDUYQGD3GP,lime_bw,2026-05-21 15:38:15+02,POINT (9.186715 48.778398)
LMG:Vehicle:MDSRUT7MTX72D,lime_bw,2026-05-21 15:38:15+02,POINT (9.112784 48.809171)
LMG:Vehicle:MKCPRUQVFHUTD,lime_bw,2026-05-21 15:38:15+02,POINT (9.160116 48.832111)
LMG:Vehicle:MOBFDZYCRO2EV,lime_bw,2026-05-21 15:38:15+02,POINT (9.168896 48.813268)
LMG:Vehicle:MP3K637X52REP,lime_bw,2026-05-21 15:38:15+02,POINT (9.147869 48.730638)
LMG:Vehicle:MPBDXDVNFDPMA,lime_bw,2026-05-21 15:38:15+02,POINT (9.180877 48.801481)
LMG:Vehicle:MQTT65DTQM4CO,lime_bw,2026-05-21 15:38:15+02,POINT (9.207276 48.795442)
LMG:Vehicle:MWBBDLTD4KTAY,lime_bw,2026-05-21 15:38:15+02,POINT (9.17195 48.762515)
LMG:Vehicle:N5KL6FCTAN6Y2,lime_bw,2026-05-21 15:38:15+02,POINT (9.177907 48.774452)
LMG:Vehicle:NADHJSKV4KB2S,lime_bw,2026-05-21 15:38:15+02,POINT (9.150601 48.762245)
LMG:Vehicle:NBWOKYR5BU4JY,lime_bw,2026-05-21 15:38:15+02,POINT (9.178159 48.773519)
LMG:Vehicle:NCISN3JOI7XIT,lime_bw,2026-05-21 15:38:15+02,POINT (9.208943 48.814591)
LMG:Vehicle:NCJ2VYH27XNGT,lime_bw,2026-05-21 15:38:15+02,POINT (9.175047 48.791161)
LMG:Vehicle:NEOQUTXVPD4JW,lime_bw,2026-05-21 15:38:15+02,POINT (9.160612 48.765658)
LMG:Vehicle:NGZB5BS6DUJVR,lime_bw,2026-05-21 15:38:15+02,POINT (9.15572 48.772088)
LMG:Vehicle:NH45CH3SEBHSF,lime_bw,2026-05-21 15:38:15+02,POINT (9.164762 48.810753)
LMG:Vehicle:NIZ4WFOF74SNF,lime_bw,2026-05-21 15:38:15+02,POINT (9.138217 48.727743)
LMG:Vehicle:NMHYKFNI3PBTA,lime_bw,2026-05-21 15:38:15+02,POINT (9.165417 48.776591)
LMG:Vehicle:NR4MZ2KUOCXPY,lime_bw,2026-05-21 15:38:15+02,POINT (9.170323 48.78215)
LMG:Vehicle:NRZR5QRILNSVP,lime_bw,2026-05-21 15:38:15+02,POINT (9.178011 48.773452)
LMG:Vehicle:NUNOAK6PSDPX3,lime_bw,2026-05-21 15:38:15+02,POINT (9.21519 48.804985)
LMG:Vehicle:NVE7FN3OGJ2AK,lime_bw,2026-05-21 15:38:15+02,POINT (9.23089 48.79566)
LMG:Vehicle:NXNURGKUAHRAP,lime_bw,2026-05-21 15:38:15+02,POINT (9.175485 48.752471)
LMG:Vehicle:O3KVZ2RIW3TNV,lime_bw,2026-05-21 15:38:15+02,POINT (9.159477 48.790015)
LMG:Vehicle:O64TCJWYQMS6A,lime_bw,2026-05-21 15:38:15+02,POINT (9.231097 48.787765)
LMG:Vehicle:OBQWS5JZS5HD6,lime_bw,2026-05-21 15:38:15+02,POINT (9.194333 48.786562)
LMG:Vehicle:OGSGCWNZOSZKF,lime_bw,2026-05-21 15:38:15+02,POINT (9.169439 48.831579)
LMG:Vehicle:OKWEVKJH67R3B,lime_bw,2026-05-21 15:38:15+02,POINT (9.106134 48.744493)
LMG:Vehicle:OL2BIRW2YDWBG,lime_bw,2026-05-21 15:38:15+02,POINT (9.181554 48.808823)
LMG:Vehicle:OMTQ5CAOYGDVC,lime_bw,2026-05-21 15:38:15+02,POINT (9.166076 48.766754)
LMG:Vehicle:OR3E4V55AVOKO,lime_bw,2026-05-21 15:38:15+02,POINT (9.204481 48.79417)
LMG:Vehicle:OUX7KDGXP326J,lime_bw,2026-05-21 15:38:15+02,POINT (9.187182 48.774831)
LMG:Vehicle:OVMSUCXTASJMJ,lime_bw,2026-05-21 15:38:15+02,POINT (9.159674 48.769511)
LMG:Vehicle:OYNVVGWHMETUM,lime_bw,2026-05-21 15:38:15+02,POINT (9.120794 48.74682)
LMG:Vehicle:OYS7F6A77CPNL,lime_bw,2026-05-21 15:38:15+02,POINT (9.190856 48.781419)
LMG:Vehicle:P3VQ6F4NYQN6B,lime_bw,2026-05-21 15:38:15+02,POINT (9.172863 48.763319)
LMG:Vehicle:P3YBZZS76QVBB,lime_bw,2026-05-21 15:38:15+02,POINT (9.182016 48.768462)
LMG:Vehicle:P5TYTPHZHOV3W,lime_bw,2026-05-21 15:38:15+02,POINT (9.178726 48.827647)
LMG:Vehicle:P7F2H4CLML654,lime_bw,2026-05-21 15:38:15+02,POINT (9.163011 48.759156)
LMG:Vehicle:PH66MILKOKAER,lime_bw,2026-05-21 15:38:15+02,POINT (9.192999 48.8192)
LMG:Vehicle:PQY736POBZMOB,lime_bw,2026-05-21 15:38:15+02,POINT (9.216515 48.804403)
LMG:Vehicle:Q2OVESKOSWUCH,lime_bw,2026-05-21 15:38:15+02,POINT (9.163138 48.721317)
LMG:Vehicle:Q33XWCMHSHJEQ,lime_bw,2026-05-21 15:38:15+02,POINT (9.161634 48.755266)
LMG:Vehicle:QBZAFIYYQPXZ5,lime_bw,2026-05-21 15:38:15+02,POINT (9.160022 48.817372)
LMG:Vehicle:QJKSIXQBKKUDX,lime_bw,2026-05-21 15:38:15+02,POINT (9.187345 48.773361)
LMG:Vehicle:QKBUKLH4WIX74,lime_bw,2026-05-21 15:38:15+02,POINT (9.166909 48.831881)
LMG:Vehicle:QNL2HZGRIUPVH,lime_bw,2026-05-21 15:38:15+02,POINT (9.18131 48.78287)
LMG:Vehicle:QS72XY5JD2PYE,lime_bw,2026-05-21 15:38:15+02,POINT (9.200723 48.78729)
LMG:Vehicle:QU3VOYOFYRO56,lime_bw,2026-05-21 15:38:15+02,POINT (9.104168 48.745893)
LMG:Vehicle:QVYYKWCZX4WQF,lime_bw,2026-05-21 15:38:15+02,POINT (9.165886 48.787983)
LMG:Vehicle:QWP6TGMU4ECOX,lime_bw,2026-05-21 15:38:15+02,POINT (9.184305 48.791605)
LMG:Vehicle:QWQXL3TRC42FM,lime_bw,2026-05-21 15:38:15+02,POINT (9.235532 48.788754)
LMG:Vehicle:QZU3MF2CUJR7W,lime_bw,2026-05-21 15:38:15+02,POINT (9.190496 48.778339)
LMG:Vehicle:R3ZG4KWAED7BU,lime_bw,2026-05-21 15:38:15+02,POINT (9.16971 48.775771)
LMG:Vehicle:R6FQKU3BTSDA7,lime_bw,2026-05-21 15:38:15+02,POINT (9.170275 48.783134)
LMG:Vehicle:R7JIAT6NGNU4W,lime_bw,2026-05-21 15:38:15+02,POINT (9.176518 48.764931)
LMG:Vehicle:RCSGDEC67I3JX,lime_bw,2026-05-21 15:38:15+02,POINT (9.203408 48.784483)
LMG:Vehicle:RFJ7ZBXU6XBKN,lime_bw,2026-05-21 15:38:15+02,POINT (9.170418 48.760348)
LMG:Vehicle:RFP3LJCSGS6RT,lime_bw,2026-05-21 15:38:15+02,POINT (9.199763 48.775801)
LMG:Vehicle:RKD6WRUQB6F3G,lime_bw,2026-05-21 15:38:15+02,POINT (9.17255 48.821264)
LMG:Vehicle:RLXZCAZZDP35I,lime_bw,2026-05-21 15:38:15+02,POINT (9.179468 48.774834)
LMG:Vehicle:RNYOM6LPQ2TKX,lime_bw,2026-05-21 15:38:15+02,POINT (9.200323 48.780696)
LMG:Vehicle:S35R5KQC4T3HJ,lime_bw,2026-05-21 15:38:15+02,POINT (9.125506 48.748828)
LMG:Vehicle:S7UKB7Z3GNPFU,lime_bw,2026-05-21 15:38:15+02,POINT (9.168455 48.782612)
LMG:Vehicle:SCQRLFKJRH6P2,lime_bw,2026-05-21 15:38:15+02,POINT (9.166467 48.811668)
LMG:Vehicle:SEEU6WAM4VYFA,lime_bw,2026-05-21 15:38:15+02,POINT (9.14646 48.80789)
LMG:Vehicle:SNQISMTGJSIGV,lime_bw,2026-05-21 15:38:15+02,POINT (9.158877 48.811711)
LMG:Vehicle:SOJGS7GIE7MMM,lime_bw,2026-05-21 15:38:15+02,POINT (9.17051 48.783025)
LMG:Vehicle:SSCR7PIWFBPFX,lime_bw,2026-05-21 15:38:15+02,POINT (9.219568 48.803826)
LMG:Vehicle:STSV6OWH3WS25,lime_bw,2026-05-21 15:38:15+02,POINT (9.173085 48.767943)
LMG:Vehicle:SUK3N4OP7HSJY,lime_bw,2026-05-21 15:38:15+02,POINT (9.171344 48.763451)
LMG:Vehicle:TNIYV64STETX5,lime_bw,2026-05-21 15:38:15+02,POINT (9.156233 48.81569)
LMG:Vehicle:TNSM3FVZP4X5T,lime_bw,2026-05-21 15:38:15+02,POINT (9.235708 48.788427)
LMG:Vehicle:TWRCE72V7IF7T,lime_bw,2026-05-21 15:38:15+02,POINT (9.12312 48.814602)
LMG:Vehicle:TYLAGBIBSAVL7,lime_bw,2026-05-21 15:38:15+02,POINT (9.22066 48.787958)
LMG:Vehicle:UBPT6KSDZ4O4I,lime_bw,2026-05-21 15:38:15+02,POINT (9.164413 48.776829)
LMG:Vehicle:UCGK4YHORP25B,lime_bw,2026-05-21 15:38:15+02,POINT (9.18198 48.770874)
LMG:Vehicle:UCJL7O7EO32N6,lime_bw,2026-05-21 15:38:15+02,POINT (9.155239 48.785921)
LMG:Vehicle:UHKATJDNIFGQZ,lime_bw,2026-05-21 15:38:15+02,POINT (9.169135 48.769028)
LMG:Vehicle:UJLAHGPJYZ6SD,lime_bw,2026-05-21 15:38:15+02,POINT (9.15392 48.816583)
LMG:Vehicle:UONH2LCWGTDWL,lime_bw,2026-05-21 15:38:15+02,POINT (9.17742 48.779991)
LMG:Vehicle:UQMDQRIVK3IXZ,lime_bw,2026-05-21 15:38:15+02,POINT (9.185473 48.798591)
LMG:Vehicle:USLSA4I3FBVSL,lime_bw,2026-05-21 15:38:15+02,POINT (9.154311 48.803997)
LMG:Vehicle:UUSILDRXD5A3S,lime_bw,2026-05-21 15:38:15+02,POINT (9.154051 48.816639)
LMG:Vehicle:UYPLTC73BTMTG,lime_bw,2026-05-21 15:38:15+02,POINT (9.150422 48.81018)
LMG:Vehicle:V7MKQWFWGQULD,lime_bw,2026-05-21 15:38:15+02,POINT (9.16469 48.812572)
LMG:Vehicle:VA6J46P6BL4M5,lime_bw,2026-05-21 15:38:15+02,POINT (9.171332 48.768401)
LMG:Vehicle:VENHYG3TL4N2F,lime_bw,2026-05-21 15:38:15+02,POINT (9.191444 48.794816)
LMG:Vehicle:VNCFAORHAI3RV,lime_bw,2026-05-21 15:38:15+02,POINT (9.202942 48.786673)
LMG:Vehicle:VP4MM4HSYJUZI,lime_bw,2026-05-21 15:38:15+02,POINT (9.166934 48.772873)
LMG:Vehicle:VPYYGFB4CAVCJ,lime_bw,2026-05-21 15:38:15+02,POINT (9.164445 48.761742)
LMG:Vehicle:W356G3USDCF6Y,lime_bw,2026-05-21 15:38:15+02,POINT (9.211592 48.785099)
LMG:Vehicle:WBNYCGTQZUJIZ,lime_bw,2026-05-21 15:38:15+02,POINT (9.221538 48.807084)
LMG:Vehicle:WC3YBX6O4LDYL,lime_bw,2026-05-21 15:38:15+02,POINT (9.148335 48.775403)
LMG:Vehicle:WER6FCBXXBQ2L,lime_bw,2026-05-21 15:38:15+02,POINT (9.209536 48.796032)
LMG:Vehicle:WGDOCGE2B5SFY,lime_bw,2026-05-21 15:38:15+02,POINT (9.152118 48.770704)
LMG:Vehicle:WMREGTKODEVCA,lime_bw,2026-05-21 15:38:15+02,POINT (9.220407 48.78554)
LMG:Vehicle:WOUIZPCTME3X2,lime_bw,2026-05-21 15:38:15+02,POINT (9.153689 48.806642)
LMG:Vehicle:X2JMRYAZAUFT6,lime_bw,2026-05-21 15:38:15+02,POINT (9.180733 48.790215)
LMG:Vehicle:X3PCQE325D572,lime_bw,2026-05-21 15:38:15+02,POINT (9.188967 48.817371)
LMG:Vehicle:X7V2GDXTPX7TN,lime_bw,2026-05-21 15:38:15+02,POINT (9.217666 48.803093)
LMG:Vehicle:XCUXOKQ4Y3WFL,lime_bw,2026-05-21 15:38:15+02,POINT (9.230706 48.795788)
LMG:Vehicle:XESZWGIGBR2EK,lime_bw,2026-05-21 15:38:15+02,POINT (9.181587 48.78297)
LMG:Vehicle:XGHL24TBG6CJ6,lime_bw,2026-05-21 15:38:15+02,POINT (9.153643 48.762562)
LMG:Vehicle:XHKYNKKXFKCVW,lime_bw,2026-05-21 15:38:15+02,POINT (9.191962 48.79681)
LMG:Vehicle:XIDP5POO2LC2R,lime_bw,2026-05-21 15:38:15+02,POINT (9.177245 48.815646)
LMG:Vehicle:XNKC3ADYX6ABZ,lime_bw,2026-05-21 15:38:15+02,POINT (9.149511 48.757876)
LMG:Vehicle:XOH7RY7AH466L,lime_bw,2026-05-21 15:38:15+02,POINT (9.166632 48.764827)
LMG:Vehicle:XQBL7MF6FQYTR,lime_bw,2026-05-21 15:38:15+02,POINT (9.158999 48.733063)
LMG:Vehicle:XRZ44L7B7PRHP,lime_bw,2026-05-21 15:38:15+02,POINT (9.179389 48.774881)
LMG:Vehicle:XXRLXULOGXCTJ,lime_bw,2026-05-21 15:38:15+02,POINT (9.19028 48.779092)
LMG:Vehicle:Y454H33QDBTWP,lime_bw,2026-05-21 15:38:15+02,POINT (9.174666 48.778909)
LMG:Vehicle:Y5WPDTDRHQJEF,lime_bw,2026-05-21 15:38:15+02,POINT (9.174934 48.773213)
LMG:Vehicle:Y75D2CY6XSAOO,lime_bw,2026-05-21 15:38:15+02,POINT (9.234962 48.788447)
LMG:Vehicle:YJ554ZJTEGP25,lime_bw,2026-05-21 15:38:15+02,POINT (9.158045 48.77033)
LMG:Vehicle:YUJQWOEVDK3DU,lime_bw,2026-05-21 15:38:15+02,POINT (9.190495 48.777865)
LMG:Vehicle:Z2EN5TVBE5DBA,lime_bw,2026-05-21 15:38:15+02,POINT (9.224058 48.800375)
LMG:Vehicle:Z2EZAZ5LTSWA4,lime_bw,2026-05-21 15:38:15+02,POINT (9.185536 48.769624)
LMG:Vehicle:Z3NHHNE2X4AYQ,lime_bw,2026-05-21 15:38:15+02,POINT (9.217492 48.800634)
LMG:Vehicle:ZAZQLRBH6XDFO,lime_bw,2026-05-21 15:38:15+02,POINT (9.192995 48.794955)
LMG:Vehicle:ZI4GXFKOAHQ3R,lime_bw,2026-05-21 15:38:15+02,POINT (9.229202 48.791627)
LMG:Vehicle:ZL3CWKQWK3243,lime_bw,2026-05-21 15:38:15+02,POINT (9.160673 48.78195)
LMG:Vehicle:ZPKZCC6BIALOL,lime_bw,2026-05-21 15:38:15+02,POINT (9.184286 48.769926)
LMG:Vehicle:ZPLAIXSC4IIMD,lime_bw,2026-05-21 15:38:15+02,POINT (9.166458 48.829693)
LMG:Vehicle:ZSIXJ7G2MGWFS,lime_bw,2026-05-21 15:38:15+02,POINT (9.166088 48.766852)
LMG:Vehicle:ZTHTK6AXW5FBX,lime_bw,2026-05-21 15:38:15+02,POINT (9.207325 48.782135)
LMG:Vehicle:ZYJ6AAQWUBG43,lime_bw,2026-05-21 15:38:15+02,POINT (9.169653 48.76653)
VOJ:Vehicle:01227e9b-2f3e-4e99-a3b5-26de2e31cb35,voi_de,2026-05-21 15:38:27+02,POINT (9.150503 48.804841)
VOJ:Vehicle:01891ae1-7c41-4516-8265-8aa53a564b14,voi_de,2026-05-21 15:38:27+02,POINT (9.183187 48.769291)
VOJ:Vehicle:01ffff5e-ca5e-4330-8e68-18f6f187c481,voi_de,2026-05-21 15:38:27+02,POINT (9.179179 48.782627)
VOJ:Vehicle:042a9953-16d6-438c-9b5b-c8c4720395e6,voi_de,2026-05-21 15:38:27+02,POINT (9.204087 48.810881)
VOJ:Vehicle:05524a96-c6fa-41f0-be5b-537fc5412286,voi_de,2026-05-21 15:38:27+02,POINT (9.237959 48.775604)
VOJ:Vehicle:05ddf67d-43c5-4016-a539-c010c7c5d0ba,voi_de,2026-05-21 15:38:27+02,POINT (9.139597 48.771942)
VOJ:Vehicle:08110e61-8c2f-4caf-bdaa-497a0258f60b,voi_de,2026-05-21 15:38:27+02,POINT (9.19819 48.780109)
VOJ:Vehicle:0a90f4fb-a6f1-44e6-87bb-d638f691f670,voi_de,2026-05-21 15:38:27+02,POINT (9.23028 48.777419)
VOJ:Vehicle:0b36b19f-2968-4ce3-bcc4-3bf785ea06f1,voi_de,2026-05-21 15:38:27+02,POINT (9.168973 48.832476)
VOJ:Vehicle:0bd29837-41ac-43eb-a3cb-2554ef18ba28,voi_de,2026-05-21 15:38:27+02,POINT (9.208726 48.79532)
VOJ:Vehicle:1130baf5-cb63-498f-9fc6-f98f9542c504,voi_de,2026-05-21 15:38:27+02,POINT (9.108034 48.810346)
VOJ:Vehicle:11859706-ab52-4182-b877-ffcde7c2363f,voi_de,2026-05-21 15:38:27+02,POINT (9.202294 48.786489)
VOJ:Vehicle:11ba96ec-8aa4-46bf-a793-6666ca75bd6a,voi_de,2026-05-21 15:38:27+02,POINT (9.148783 48.806092)
VOJ:Vehicle:11f641b1-f5e0-4e1d-8044-a9401b1c7867,voi_de,2026-05-21 15:38:27+02,POINT (9.180895 48.763358)
VOJ:Vehicle:122f39f1-d95f-4944-b008-9d73e496ce52,voi_de,2026-05-21 15:38:27+02,POINT (9.167714 48.789359)
VOJ:Vehicle:147e2d86-cb92-47fb-87c3-f67344ded547,voi_de,2026-05-21 15:38:27+02,POINT (9.166679 48.796704)
VOJ:Vehicle:14936459-914f-407b-b409-b91c0bd84147,voi_de,2026-05-21 15:38:27+02,POINT (9.22521 48.795926)
VOJ:Vehicle:15a87834-ac77-471e-af45-40bc3b056cef,voi_de,2026-05-21 15:38:27+02,POINT (9.235208 48.788176)
VOJ:Vehicle:15dc53ad-5e92-415b-95ac-657549847645,voi_de,2026-05-21 15:38:27+02,POINT (9.110052 48.813349)
VOJ:Vehicle:1782148e-2723-4750-b7f5-a4a16a3b3137,voi_de,2026-05-21 15:38:27+02,POINT (9.17002 48.78063)
VOJ:Vehicle:1bd71a6e-23b1-4423-a537-ff6c795b5434,voi_de,2026-05-21 15:38:27+02,POINT (9.179423 48.764129)
VOJ:Vehicle:1c259009-ea4a-48ad-8c7f-79ff9b6df328,voi_de,2026-05-21 15:38:27+02,POINT (9.196434 48.782684)
VOJ:Vehicle:1e1218cc-e3df-44cd-96c2-e7aa0aeffc34,voi_de,2026-05-21 15:38:27+02,POINT (9.196841 48.778753)
VOJ:Vehicle:20ba02b8-18a0-4df3-bf30-f7db28904b7a,voi_de,2026-05-21 15:38:27+02,POINT (9.180062 48.76244)
VOJ:Vehicle:2269abae-910e-4682-90ad-862cb20bc547,voi_de,2026-05-21 15:38:27+02,POINT (9.170001 48.783212)
VOJ:Vehicle:245f3189-d274-49d3-9975-2447bd408ec9,voi_de,2026-05-21 15:38:27+02,POINT (9.155578 48.764142)
VOJ:Vehicle:2470dee6-6a1c-429b-80d5-6c4e5acbbf4b,voi_de,2026-05-21 15:38:27+02,POINT (9.224982 48.800324)
VOJ:Vehicle:250983c6-816c-45df-b754-7a6744e75580,voi_de,2026-05-21 15:38:27+02,POINT (9.112395 48.813669)
VOJ:Vehicle:25b10db1-2923-411f-a8f7-ed703b8bef6e,voi_de,2026-05-21 15:38:27+02,POINT (9.149418 48.782188)
VOJ:Vehicle:270ef926-ae34-4c90-bbd1-996cdca62545,voi_de,2026-05-21 15:38:27+02,POINT (9.222503 48.796035)
VOJ:Vehicle:271cb12c-0b2b-4750-bdd6-b877f97315d8,voi_de,2026-05-21 15:38:27+02,POINT (9.19828 48.784384)
VOJ:Vehicle:2a610dca-050c-40c6-a35e-ee1881499293,voi_de,2026-05-21 15:38:27+02,POINT (9.189093 48.795875)
VOJ:Vehicle:2bc44526-7d3d-409b-9102-c20e90a05698,voi_de,2026-05-21 15:38:27+02,POINT (9.217814 48.78677)
VOJ:Vehicle:2c0a26d2-6f8d-471a-b8c1-19933f11cc70,voi_de,2026-05-21 15:38:27+02,POINT (9.175461 48.829635)
VOJ:Vehicle:2c0e8b48-bee9-4516-bcf4-c32a322d49ab,voi_de,2026-05-21 15:38:27+02,POINT (9.203938 48.810925)
VOJ:Vehicle:2d6113e5-64ee-42c7-a7ec-bb44a7afa38a,voi_de,2026-05-21 15:38:27+02,POINT (9.171963 48.782183)
VOJ:Vehicle:2e55e334-df15-4ac2-8902-7f82dc5e8421,voi_de,2026-05-21 15:38:27+02,POINT (9.173102 48.782942)
VOJ:Vehicle:307c9a7d-1245-422b-9abb-0e3ce21c7976,voi_de,2026-05-21 15:38:27+02,POINT (9.175787 48.762594)
VOJ:Vehicle:331264b0-177e-400e-aa5e-946514ae31bf,voi_de,2026-05-21 15:38:27+02,POINT (9.173295 48.776718)
VOJ:Vehicle:336b32fa-9b6d-4de8-a7e8-6d692cd5a68f,voi_de,2026-05-21 15:38:27+02,POINT (9.15684 48.818038)
VOJ:Vehicle:350499e5-ab43-46d6-aaa7-4bf78673e190,voi_de,2026-05-21 15:38:27+02,POINT (9.163171 48.759881)
VOJ:Vehicle:35600777-df41-42fe-9854-702d9ab7e031,voi_de,2026-05-21 15:38:27+02,POINT (9.179219 48.781135)
VOJ:Vehicle:3762eee0-5162-47c8-ad96-00702cdd0eb0,voi_de,2026-05-21 15:38:27+02,POINT (9.156117 48.830693)
VOJ:Vehicle:3ab70ee3-27a7-424b-b9b3-f63bc8134903,voi_de,2026-05-21 15:38:27+02,POINT (9.196898 48.814235)
VOJ:Vehicle:3bdc5212-9935-46c9-ab09-5bdc1ae2bcc8,voi_de,2026-05-21 15:38:27+02,POINT (9.181985 48.790521)
VOJ:Vehicle:3e2c4fcb-d760-49bb-b28e-0f65b47c8a19,voi_de,2026-05-21 15:38:27+02,POINT (9.179164 48.781191)
VOJ:Vehicle:42c66fdb-eda3-49d4-8f89-5710903b0940,voi_de,2026-05-21 15:38:27+02,POINT (9.173189 48.791244)
VOJ:Vehicle:4596e1ca-b04f-4c95-8bbd-1c35100e157a,voi_de,2026-05-21 15:38:27+02,POINT (9.173912 48.791961)
VOJ:Vehicle:475695f6-6267-4127-accb-0ef1ca759c71,voi_de,2026-05-21 15:38:27+02,POINT (9.167653 48.829922)
VOJ:Vehicle:48ffb697-4ab6-48a5-9315-30e63519f325,voi_de,2026-05-21 15:38:27+02,POINT (9.171373 48.785728)
VOJ:Vehicle:51fa3138-5a42-4576-9ef7-c813acdad638,voi_de,2026-05-21 15:38:27+02,POINT (9.163044 48.770563)
VOJ:Vehicle:540f4abb-7f35-473d-89a8-c324ae8eeba8,voi_de,2026-05-21 15:38:27+02,POINT (9.154503 48.759477)
VOJ:Vehicle:545b051f-eb97-4237-a99f-da177ac0f06f,voi_de,2026-05-21 15:38:27+02,POINT (9.180725 48.765152)
VOJ:Vehicle:574f5e1f-6a16-45fa-b284-8d640e119bc3,voi_de,2026-05-21 15:38:27+02,POINT (9.203812 48.774613)
VOJ:Vehicle:5a29a1d5-f530-4fe4-b399-5b91eaf01983,voi_de,2026-05-21 15:38:27+02,POINT (9.178999 48.77964)
VOJ:Vehicle:5adb371d-763b-4436-aea3-04701f1b59f0,voi_de,2026-05-21 15:38:27+02,POINT (9.190825 48.778711)
VOJ:Vehicle:5d044c27-70c4-44ae-bf68-eb4b45c4fcc0,voi_de,2026-05-21 15:38:27+02,POINT (9.174539 48.791)
VOJ:Vehicle:5da9c250-85a5-46ef-b7df-d6e4acabaa43,voi_de,2026-05-21 15:38:27+02,POINT (9.174572 48.775645)
VOJ:Vehicle:5e323246-9c06-4438-8220-dbb5055928f0,voi_de,2026-05-21 15:38:27+02,POINT (9.172485 48.760272)
VOJ:Vehicle:5f571f21-f51f-4dbe-aa42-f7a430bc266e,voi_de,2026-05-21 15:38:27+02,POINT (9.166409 48.822763)
VOJ:Vehicle:60d7ebae-d3a4-4c13-be37-67005d16a37a,voi_de,2026-05-21 15:38:27+02,POINT (9.155527 48.802783)
VOJ:Vehicle:63645a00-ab4e-4cb6-8795-045473443e48,voi_de,2026-05-21 15:38:27+02,POINT (9.16705 48.76343)
VOJ:Vehicle:65861e7b-b767-4ba2-b113-731944dd5991,voi_de,2026-05-21 15:38:27+02,POINT (9.19388 48.79585)
VOJ:Vehicle:659f834b-891a-4ceb-8997-a0b4c5e4e187,voi_de,2026-05-21 15:38:27+02,POINT (9.161943 48.760283)
VOJ:Vehicle:65cae2fc-676f-4586-a03b-fe435a435c92,voi_de,2026-05-21 15:38:27+02,POINT (9.157807 48.802537)
VOJ:Vehicle:666396c9-ea5d-41f2-8091-099210e46e8b,voi_de,2026-05-21 15:38:27+02,POINT (9.151349 48.783275)
VOJ:Vehicle:66892570-c323-4b75-82b4-86f16ca37675,voi_de,2026-05-21 15:38:27+02,POINT (9.156531 48.766545)
VOJ:Vehicle:68b6178a-e964-44f8-a05a-a79c2c0cd616,voi_de,2026-05-21 15:38:27+02,POINT (9.174627 48.785437)
VOJ:Vehicle:6a55a357-5f9a-44d9-b99b-a13cd4fee868,voi_de,2026-05-21 15:38:27+02,POINT (9.197156 48.777353)
VOJ:Vehicle:6a881ee2-3ef4-44d8-b663-2b074d6cb9c1,voi_de,2026-05-21 15:38:27+02,POINT (9.195069 48.783541)
VOJ:Vehicle:6da6ab26-7789-4e49-a0d6-0d8ce33c4586,voi_de,2026-05-21 15:38:27+02,POINT (9.17564 48.793847)
VOJ:Vehicle:6e9960fd-2f17-45fb-8b74-667ff62ff78a,voi_de,2026-05-21 15:38:27+02,POINT (9.163301 48.784816)
VOJ:Vehicle:713c984f-0f7c-4a3f-b460-3cbf5ddd5bb5,voi_de,2026-05-21 15:38:27+02,POINT (9.183499 48.788283)
VOJ:Vehicle:713f39d2-639a-41b6-8916-77c70b20bb06,voi_de,2026-05-21 15:38:27+02,POINT (9.176556 48.763445)
VOJ:Vehicle:71a3fd13-8c57-4c84-9061-e46b31c32469,voi_de,2026-05-21 15:38:27+02,POINT (9.18207 48.782543)
VOJ:Vehicle:71fa4f52-b03d-41f1-ab60-da46152b71e4,voi_de,2026-05-21 15:38:27+02,POINT (9.251528 48.765402)
VOJ:Vehicle:71fe1200-5523-41b5-930d-f038c31fdb4b,voi_de,2026-05-21 15:38:27+02,POINT (9.174584 48.792179)
VOJ:Vehicle:7385ad00-9062-471f-9a62-b07b97a61364,voi_de,2026-05-21 15:38:27+02,POINT (9.192981 48.784426)
VOJ:Vehicle:73a9ba54-0e04-402b-8501-87bbe59ecd9e,voi_de,2026-05-21 15:38:27+02,POINT (9.181719 48.77584)
VOJ:Vehicle:74346167-cfcf-4d39-82fb-7964857de4da,voi_de,2026-05-21 15:38:27+02,POINT (9.216013 48.804611)
VOJ:Vehicle:774deec9-dc4d-4426-834b-fa141f3b85d9,voi_de,2026-05-21 15:38:27+02,POINT (9.173879 48.774706)
VOJ:Vehicle:7a7f3def-024a-4e41-88a6-f13f245c9499,voi_de,2026-05-21 15:38:27+02,POINT (9.149311 48.768377)
VOJ:Vehicle:7a972e19-737c-4fde-980a-4af0ca7260e7,voi_de,2026-05-21 15:38:27+02,POINT (9.142846 48.770203)
VOJ:Vehicle:7b54774d-6390-4d37-8b61-b4f87e30712c,voi_de,2026-05-21 15:38:27+02,POINT (9.172219 48.821222)
VOJ:Vehicle:7d0c1cd9-99a2-4fd1-a310-e9e4b32f9ff5,voi_de,2026-05-21 15:38:27+02,POINT (9.234857 48.77523)
VOJ:Vehicle:7d204063-2f40-4980-85fd-0442a0233307,voi_de,2026-05-21 15:38:27+02,POINT (9.17763 48.767766)
VOJ:Vehicle:8318de0e-f3d4-4da9-9429-522d4343b613,voi_de,2026-05-21 15:38:27+02,POINT (9.162333 48.764868)
VOJ:Vehicle:862804e0-3180-4983-a511-42815523a05d,voi_de,2026-05-21 15:38:27+02,POINT (9.142849 48.770475)
VOJ:Vehicle:86887c69-bbad-4dc1-b34c-bb90f85a05bd,voi_de,2026-05-21 15:38:27+02,POINT (9.171144 48.816541)
VOJ:Vehicle:87ed0a5e-f6db-41b7-bc43-e4cad5ef071f,voi_de,2026-05-21 15:38:27+02,POINT (9.166236 48.780785)
VOJ:Vehicle:87f491e0-77c5-44de-9518-c338fcd69957,voi_de,2026-05-21 15:38:27+02,POINT (9.23629 48.788573)
VOJ:Vehicle:890ff8dd-b253-4b64-ad5b-75226ba25dfe,voi_de,2026-05-21 15:38:27+02,POINT (9.193307 48.794856)
VOJ:Vehicle:8a6cfb03-5f64-4c5f-a528-fd1d94ca3396,voi_de,2026-05-21 15:38:27+02,POINT (9.184205 48.770952)
VOJ:Vehicle:8bfd4b2f-ae4e-4cc4-8930-3898c89e527a,voi_de,2026-05-21 15:38:27+02,POINT (9.167017 48.779085)
VOJ:Vehicle:8c1d58e4-042d-4c62-bda1-c9c8459def73,voi_de,2026-05-21 15:38:27+02,POINT (9.160304 48.786476)
VOJ:Vehicle:8c22dc6c-1b56-4dbf-afdc-2d73e7225d90,voi_de,2026-05-21 15:38:27+02,POINT (9.176895 48.806263)
VOJ:Vehicle:8e23641e-b9a8-46a4-ba8a-0edd8aa5eef8,voi_de,2026-05-21 15:38:27+02,POINT (9.156455 48.760539)
VOJ:Vehicle:9027b0b8-e4f1-4a37-9dcc-4bb35d02aa88,voi_de,2026-05-21 15:38:27+02,POINT (9.240266 48.792101)
VOJ:Vehicle:9133ea35-ec2b-4a78-ba32-1581e7764f5f,voi_de,2026-05-21 15:38:27+02,POINT (9.175846 48.76031)
VOJ:Vehicle:92a8f164-b786-4e2b-b845-bb2cf847879a,voi_de,2026-05-21 15:38:27+02,POINT (9.167267 48.783877)
VOJ:Vehicle:9446d209-a94e-45e6-bf7d-4806548dc581,voi_de,2026-05-21 15:38:27+02,POINT (9.237732 48.77668)
VOJ:Vehicle:94c1ce79-350e-413e-8504-5164b7ef3bd7,voi_de,2026-05-21 15:38:27+02,POINT (9.177629 48.779966)
VOJ:Vehicle:9acd5b54-44da-4786-8e08-284612f8ffe9,voi_de,2026-05-21 15:38:27+02,POINT (9.236114 48.793553)
VOJ:Vehicle:9b813711-76d8-4e4d-b991-271a0e599210,voi_de,2026-05-21 15:38:27+02,POINT (9.178776 48.785836)
VOJ:Vehicle:9e29f29c-3dd4-45c1-9cc6-7616654d2dcd,voi_de,2026-05-21 15:38:27+02,POINT (9.182063 48.792122)
VOJ:Vehicle:9e4a281f-f6bc-41e4-aa62-2fd4d5eb7042,voi_de,2026-05-21 15:38:27+02,POINT (9.179617 48.779503)
VOJ:Vehicle:9f167b0a-806a-494d-9565-13e4383c29be,voi_de,2026-05-21 15:38:27+02,POINT (9.197772 48.779119)
VOJ:Vehicle:a3d0549a-02e3-4428-a4cd-6d0049c7da40,voi_de,2026-05-21 15:38:27+02,POINT (9.183726 48.790419)
VOJ:Vehicle:a4d587a4-4e49-4930-ab3c-d873be4ce751,voi_de,2026-05-21 15:38:27+02,POINT (9.151069 48.75849)
VOJ:Vehicle:a64d775c-f563-41d0-b92b-2b84c85cb050,voi_de,2026-05-21 15:38:27+02,POINT (9.177292 48.7829)
VOJ:Vehicle:a856b364-aa3d-4265-a88e-ba3075efb91c,voi_de,2026-05-21 15:38:27+02,POINT (9.200893 48.78149)
VOJ:Vehicle:abfcd4e7-d83f-4726-95d1-25957d02228d,voi_de,2026-05-21 15:38:27+02,POINT (9.193975 48.783724)
VOJ:Vehicle:ad28fc01-9b28-424f-97da-9e68436cd68d,voi_de,2026-05-21 15:38:27+02,POINT (9.149263 48.782287)
VOJ:Vehicle:adb2a11e-7141-46e5-a4e1-50a93f5b496b,voi_de,2026-05-21 15:38:27+02,POINT (9.171737 48.777637)
VOJ:Vehicle:b0626c78-231d-46d7-964f-75e5c7c07972,voi_de,2026-05-21 15:38:27+02,POINT (9.183486 48.803856)
VOJ:Vehicle:b269e12c-02d3-494a-adca-a5395e208b57,voi_de,2026-05-21 15:38:27+02,POINT (9.177071 48.814499)
VOJ:Vehicle:b2d25fd8-18a4-480c-b0d3-e1659aa6ae9d,voi_de,2026-05-21 15:38:27+02,POINT (9.168426 48.776982)
VOJ:Vehicle:b3418ec9-e9a5-41ad-9f47-29de1df1ed6b,voi_de,2026-05-21 15:38:27+02,POINT (9.149312 48.782266)
VOJ:Vehicle:b3890b63-b4c1-4d2a-93a9-a0137240fdcf,voi_de,2026-05-21 15:38:27+02,POINT (9.145829 48.808634)
VOJ:Vehicle:b6773bb1-05a3-4440-9c9f-8fc9a50a684c,voi_de,2026-05-21 15:38:27+02,POINT (9.146341 48.805562)
VOJ:Vehicle:b7e136a7-da29-4a0f-a224-7ec95272246f,voi_de,2026-05-21 15:38:27+02,POINT (9.170944 48.771668)
VOJ:Vehicle:b8887f7c-b229-4033-96bf-4f1bb2c7064f,voi_de,2026-05-21 15:38:27+02,POINT (9.158 48.816172)
VOJ:Vehicle:ba0f9df6-dc03-477c-a5ac-716b04e4b872,voi_de,2026-05-21 15:38:27+02,POINT (9.154734 48.779305)
VOJ:Vehicle:ba175ad3-9967-4ad3-bf6c-27cd9e9a13ea,voi_de,2026-05-21 15:38:27+02,POINT (9.158717 48.75741)
VOJ:Vehicle:ba1cf654-d314-4d0a-8afd-0b1511a37d04,voi_de,2026-05-21 15:38:27+02,POINT (9.142546 48.806841)
VOJ:Vehicle:bb5a8cb1-9c13-457c-989d-065aef13449e,voi_de,2026-05-21 15:38:27+02,POINT (9.162869 48.764009)
VOJ:Vehicle:bbb18c60-ed8f-47cb-a25d-7451b27e2c70,voi_de,2026-05-21 15:38:27+02,POINT (9.177922 48.760895)
VOJ:Vehicle:bc0cc865-5290-4c75-a6eb-343ade1e746c,voi_de,2026-05-21 15:38:27+02,POINT (9.183079 48.787071)
VOJ:Vehicle:bd4d2163-40e0-4422-b97e-7006930ce300,voi_de,2026-05-21 15:38:27+02,POINT (9.1731 48.816721)
VOJ:Vehicle:bd760b14-bf96-4f5b-9fcc-5553875cff86,voi_de,2026-05-21 15:38:27+02,POINT (9.180108 48.783342)
VOJ:Vehicle:bdab1fbc-72f8-4b92-beaf-1f63da3f4da7,voi_de,2026-05-21 15:38:27+02,POINT (9.177832 48.780919)
VOJ:Vehicle:c299746c-5733-4cba-87eb-4f8545e74e4c,voi_de,2026-05-21 15:38:27+02,POINT (9.203575 48.778049)
VOJ:Vehicle:c3ef7e3b-eee4-4f35-96aa-ebe5d5bf2c5d,voi_de,2026-05-21 15:38:27+02,POINT (9.193931 48.783856)
VOJ:Vehicle:c40d0f20-824b-4a43-b815-095539ab647f,voi_de,2026-05-21 15:38:27+02,POINT (9.157258 48.783753)
VOJ:Vehicle:c5d34afe-6ea3-4dee-bbf3-6180728dc761,voi_de,2026-05-21 15:38:27+02,POINT (9.172513 48.78087)
VOJ:Vehicle:c62aed4f-0a6d-4134-8af4-3e3192995ee8,voi_de,2026-05-21 15:38:27+02,POINT (9.147039 48.814937)
VOJ:Vehicle:c887df79-19ad-42a3-b046-9e8f17fefa7b,voi_de,2026-05-21 15:38:27+02,POINT (9.170249 48.821654)
VOJ:Vehicle:c9a3cbec-8efa-4b85-9470-a020eb400bcd,voi_de,2026-05-21 15:38:27+02,POINT (9.200812 48.770931)
VOJ:Vehicle:cb79f74e-f3d9-48fa-958f-4c37b31e375f,voi_de,2026-05-21 15:38:27+02,POINT (9.192187 48.781926)
VOJ:Vehicle:ce173fa1-11fb-4d45-b594-d1a41dda67bb,voi_de,2026-05-21 15:38:27+02,POINT (9.19303 48.820319)
VOJ:Vehicle:ce6f5769-c0ce-4ab7-af12-355b871357bd,voi_de,2026-05-21 15:38:27+02,POINT (9.150397 48.76749)
VOJ:Vehicle:cfc891f7-c4d1-4fce-8759-a47155c6dcf2,voi_de,2026-05-21 15:38:27+02,POINT (9.153698 48.768725)
VOJ:Vehicle:d2cdb11f-e304-4122-8242-44d84e2b214c,voi_de,2026-05-21 15:38:27+02,POINT (9.14583 48.781882)
VOJ:Vehicle:d60691e5-0ce6-40e9-bbb7-16e80fb8aab6,voi_de,2026-05-21 15:38:27+02,POINT (9.192632 48.784164)
VOJ:Vehicle:d61ba024-500d-4d5b-ba4e-b1a7f43837d2,voi_de,2026-05-21 15:38:27+02,POINT (9.177263 48.782915)
VOJ:Vehicle:d6480547-8aea-4c2d-9a63-f50fb4d9cd89,voi_de,2026-05-21 15:38:27+02,POINT (9.173138 48.791351)
VOJ:Vehicle:d672476a-a35f-445e-b03a-95382450b9b5,voi_de,2026-05-21 15:38:27+02,POINT (9.152778 48.782456)
VOJ:Vehicle:db49293c-3400-468e-a72a-b6c4e6d31951,voi_de,2026-05-21 15:38:27+02,POINT (9.156595 48.76649)
VOJ:Vehicle:de0f846b-743b-4cd2-b936-fde4ad51b33d,voi_de,2026-05-21 15:38:27+02,POINT (9.161306 48.777348)
VOJ:Vehicle:de500a5a-52f8-4ae3-8011-58ea4972d93d,voi_de,2026-05-21 15:38:27+02,POINT (9.163837 48.769536)
VOJ:Vehicle:dfd7ed33-0434-40fc-9d41-ed15b45e6cb9,voi_de,2026-05-21 15:38:27+02,POINT (9.225222 48.795923)
VOJ:Vehicle:e2eca125-f87f-4c83-bd08-c94e6f3b1f0b,voi_de,2026-05-21 15:38:27+02,POINT (9.179601 48.768365)
VOJ:Vehicle:e3d6f75e-39dc-4268-ab3d-2a70fef72695,voi_de,2026-05-21 15:38:27+02,POINT (9.167026 48.779105)
VOJ:Vehicle:e83b6cc5-cafc-4043-b063-e78e6b65c36c,voi_de,2026-05-21 15:38:27+02,POINT (9.173699 48.816746)
VOJ:Vehicle:ec1a7e1d-3d97-481e-8f06-8ba6e4c20713,voi_de,2026-05-21 15:38:27+02,POINT (9.177879 48.828558)
VOJ:Vehicle:eca09552-d9ca-4f67-a9ae-c24e21f10613,voi_de,2026-05-21 15:38:27+02,POINT (9.150485 48.807949)
VOJ:Vehicle:ef5d2022-fc94-4428-9c4b-69cacb487d0c,voi_de,2026-05-21 15:38:27+02,POINT (9.196667 48.782912)
VOJ:Vehicle:f1796f70-3777-428d-8816-e5ec1dd75bb2,voi_de,2026-05-21 15:38:27+02,POINT (9.224844 48.79093)
VOJ:Vehicle:f30bd9dc-e150-43c9-b762-5fd5317135aa,voi_de,2026-05-21 15:38:27+02,POINT (9.166268 48.82966)
VOJ:Vehicle:f5be0b62-85cb-425b-ae78-ec2b483419da,voi_de,2026-05-21 15:38:27+02,POINT (9.158405 48.780427)
VOJ:Vehicle:fd2580e9-eb04-4f1e-aa7e-cdb291b26164,voi_de,2026-05-21 15:38:27+02,POINT (9.178992 48.77968)
VOJ:Vehicle:ffdceca0-c620-4533-837e-9895ea205c53,voi_de,2026-05-21 15:38:27+02,POINT (9.244657 48.78647)
VOJ:Vehicle:022d101d-b33b-434c-878a-a6d39ff1b3ca,voi_de,2026-05-21 15:38:27+02,POINT (9.179292 48.77475)
VOJ:Vehicle:027a0e21-7bbb-406e-b31d-74c5705e70c9,voi_de,2026-05-21 15:38:27+02,POINT (9.166633 48.767421)
VOJ:Vehicle:0b843884-66da-43f9-a327-01d6eaf427ae,voi_de,2026-05-21 15:38:27+02,POINT (9.147844 48.730647)
VOJ:Vehicle:0c62ef03-be15-488b-9926-51b65aa30401,voi_de,2026-05-21 15:38:27+02,POINT (9.143323 48.804684)
VOJ:Vehicle:0c7c92bd-4673-42e5-8afc-f6f54ecf27f2,voi_de,2026-05-21 15:38:27+02,POINT (9.179534 48.76484)
VOJ:Vehicle:0c8433f8-6409-49cf-9f2d-795ae65b5cf2,voi_de,2026-05-21 15:38:27+02,POINT (9.17018 48.785488)
VOJ:Vehicle:0c8c7d39-c9fb-4081-a3ee-27fec9a3bd3d,voi_de,2026-05-21 15:38:27+02,POINT (9.165836 48.765714)
VOJ:Vehicle:0f82b68a-4a99-4ead-9b99-96cbc0d1106e,voi_de,2026-05-21 15:38:27+02,POINT (9.177066 48.813003)
VOJ:Vehicle:111579f1-1143-4774-a260-68010c0be9ae,voi_de,2026-05-21 15:38:27+02,POINT (9.194446 48.783531)
VOJ:Vehicle:1199d2ce-7956-4ad4-9e63-4fbf8ca03877,voi_de,2026-05-21 15:38:27+02,POINT (9.178046 48.773448)
VOJ:Vehicle:128d2e7e-adb1-436b-a2f2-ebe1b15f54f5,voi_de,2026-05-21 15:38:27+02,POINT (9.209479 48.806272)
VOJ:Vehicle:129f494e-fac8-4674-87c9-3bf30526f788,voi_de,2026-05-21 15:38:27+02,POINT (9.191826 48.781254)
VOJ:Vehicle:12cb3507-be8c-4022-ba26-001a00b1cf32,voi_de,2026-05-21 15:38:27+02,POINT (9.171684 48.785657)
VOJ:Vehicle:1463c03f-9716-416c-b471-f7ad670a725d,voi_de,2026-05-21 15:38:27+02,POINT (9.162025 48.782731)
VOJ:Vehicle:1646ea64-28de-4151-b70c-6d41bd1b7200,voi_de,2026-05-21 15:38:27+02,POINT (9.154763 48.770047)
VOJ:Vehicle:170f2d92-b79d-48e0-9bfd-b3c1054b9ae6,voi_de,2026-05-21 15:38:27+02,POINT (9.15503 48.759107)
VOJ:Vehicle:180795be-57a8-483e-852e-5179e453eee5,voi_de,2026-05-21 15:38:27+02,POINT (9.173483 48.774667)
VOJ:Vehicle:19991db8-c2a6-4d82-bfc5-7fadd7bee865,voi_de,2026-05-21 15:38:27+02,POINT (9.182088 48.782536)
VOJ:Vehicle:1a4abde5-4c7d-4ac1-8da8-6410e459fab4,voi_de,2026-05-21 15:38:27+02,POINT (9.173181 48.791382)
VOJ:Vehicle:1ad099c3-83e1-4824-b821-2449aebf78a9,voi_de,2026-05-21 15:38:27+02,POINT (9.180984 48.774607)
VOJ:Vehicle:1b4be711-6fd4-4272-a2db-8d689bd393b4,voi_de,2026-05-21 15:38:27+02,POINT (9.123382 48.814387)
VOJ:Vehicle:209d5b89-e6b5-42fc-a48b-c687abc6707d,voi_de,2026-05-21 15:38:27+02,POINT (9.158279 48.816281)
VOJ:Vehicle:226bfa60-c60a-49d9-8a82-f051dcaeda40,voi_de,2026-05-21 15:38:27+02,POINT (9.182338 48.794258)
VOJ:Vehicle:251ab63f-c3ef-4fee-b29a-50df7f471ebe,voi_de,2026-05-21 15:38:27+02,POINT (9.146847 48.807172)
VOJ:Vehicle:25c6e87f-101a-4c18-b071-eeb504777b2e,voi_de,2026-05-21 15:38:27+02,POINT (9.170374 48.78617)
VOJ:Vehicle:29989f1c-644e-4522-8162-6a3d02ad5c86,voi_de,2026-05-21 15:38:27+02,POINT (9.235078 48.788213)
VOJ:Vehicle:299fb48a-e846-4183-873b-18d976d8e6bd,voi_de,2026-05-21 15:38:27+02,POINT (9.193347 48.779118)
VOJ:Vehicle:29e3b197-3f6e-4b51-9bb1-46ade143720f,voi_de,2026-05-21 15:38:27+02,POINT (9.171504 48.777668)
VOJ:Vehicle:2a8238a7-e362-49da-b16e-50ec3bda86d5,voi_de,2026-05-21 15:38:27+02,POINT (9.203511 48.78663)
VOJ:Vehicle:2b5f0b33-3e4a-425b-a1fe-a1a8f0024a02,voi_de,2026-05-21 15:38:27+02,POINT (9.207382 48.808656)
VOJ:Vehicle:2cc9bae5-7a69-4e28-8282-5a46cc48b758,voi_de,2026-05-21 15:38:27+02,POINT (9.143197 48.770323)
VOJ:Vehicle:2d7bde8d-dc20-449c-b4bc-43a147c0f4fb,voi_de,2026-05-21 15:38:27+02,POINT (9.175268 48.784302)
VOJ:Vehicle:2db2389d-67c4-41cc-b5ac-7752e3d62511,voi_de,2026-05-21 15:38:27+02,POINT (9.180091 48.810904)
VOJ:Vehicle:303eb1bd-f842-436f-a053-0d81bebc779e,voi_de,2026-05-21 15:38:27+02,POINT (9.171674 48.774172)
VOJ:Vehicle:30da477a-94a8-45ec-b140-448357445cc5,voi_de,2026-05-21 15:38:27+02,POINT (9.15824 48.766705)
VOJ:Vehicle:31112199-f9b7-495e-b80f-ae1e2aec29cd,voi_de,2026-05-21 15:38:27+02,POINT (9.175396 48.782693)
VOJ:Vehicle:32de10f9-451b-4d59-99bd-668716c328db,voi_de,2026-05-21 15:38:27+02,POINT (9.189616 48.779731)
VOJ:Vehicle:3554421f-ff53-410f-9672-e697f84da817,voi_de,2026-05-21 15:38:27+02,POINT (9.139615 48.771986)
VOJ:Vehicle:35e3e8ce-b1e6-4023-8b92-a39ba99abf2c,voi_de,2026-05-21 15:38:27+02,POINT (9.178946 48.79397)
VOJ:Vehicle:35f21a73-7af6-4274-89ce-ad9cb1fa3207,voi_de,2026-05-21 15:38:27+02,POINT (9.15886 48.783918)
VOJ:Vehicle:38d3eb69-7ea4-41ce-b518-212eb9a9896b,voi_de,2026-05-21 15:38:27+02,POINT (9.19695 48.772826)
VOJ:Vehicle:3dee4295-4609-4e8d-9195-ba694f36e97f,voi_de,2026-05-21 15:38:27+02,POINT (9.196451 48.782719)
VOJ:Vehicle:40b631ff-154b-4c99-b279-3d828bd55012,voi_de,2026-05-21 15:38:27+02,POINT (9.221113 48.796613)
VOJ:Vehicle:414b587c-bcff-436c-ac8d-c164c874b507,voi_de,2026-05-21 15:38:27+02,POINT (9.14328 48.77103)
VOJ:Vehicle:4199bfd8-eee7-4b7e-bdad-309eed63c57b,voi_de,2026-05-21 15:38:27+02,POINT (9.150491 48.767501)
VOJ:Vehicle:43d98851-5abc-4ad9-ac4b-4ff8f36a4514,voi_de,2026-05-21 15:38:27+02,POINT (9.189109 48.778429)
VOJ:Vehicle:44131e04-986c-498e-9375-f8f89e8d5121,voi_de,2026-05-21 15:38:27+02,POINT (9.158286 48.816036)
VOJ:Vehicle:44b8ee67-c267-4c95-807f-63ca4485c350,voi_de,2026-05-21 15:38:27+02,POINT (9.176983 48.779981)
VOJ:Vehicle:45ae9858-380d-465c-92fd-7639a89cd9e1,voi_de,2026-05-21 15:38:27+02,POINT (9.16966 48.778811)
VOJ:Vehicle:496a0af1-8474-4025-b8be-ffa5a3863fbb,voi_de,2026-05-21 15:38:27+02,POINT (9.178363 48.789088)
VOJ:Vehicle:4b6b891b-3e45-4aab-896f-8d1c762a95bb,voi_de,2026-05-21 15:38:27+02,POINT (9.222982 48.790144)
VOJ:Vehicle:4c09f620-c0c4-447d-8406-d7e564c6a4c8,voi_de,2026-05-21 15:38:27+02,POINT (9.147893 48.778958)
VOJ:Vehicle:4e739c28-eae9-4210-a9d8-da801741bbbc,voi_de,2026-05-21 15:38:27+02,POINT (9.192563 48.784091)
VOJ:Vehicle:52b62aad-268a-4a92-84da-a49e5a8d457c,voi_de,2026-05-21 15:38:27+02,POINT (9.1678 48.831567)
VOJ:Vehicle:5504262e-5474-4381-933f-a9f35a443aff,voi_de,2026-05-21 15:38:27+02,POINT (9.141526 48.771693)
VOJ:Vehicle:55da7cd2-6715-49c7-b162-a276cff2e1be,voi_de,2026-05-21 15:38:27+02,POINT (9.180962 48.772029)
VOJ:Vehicle:55ed2186-a905-450f-9a7c-1fc6f95dde8b,voi_de,2026-05-21 15:38:27+02,POINT (9.190634 48.772573)
VOJ:Vehicle:5a9ad49f-26ec-4293-bfef-9f24f4077a8a,voi_de,2026-05-21 15:38:27+02,POINT (9.14867 48.782508)
VOJ:Vehicle:5b417b7b-d452-4f93-94c5-7fb01c6832dd,voi_de,2026-05-21 15:38:27+02,POINT (9.16155 48.80668)
VOJ:Vehicle:5da0ccd6-6163-4ad4-ae29-e545caeff388,voi_de,2026-05-21 15:38:27+02,POINT (9.163095 48.766939)
VOJ:Vehicle:5df0343a-af64-4556-b283-4009beecddd7,voi_de,2026-05-21 15:38:27+02,POINT (9.165732 48.76571)
VOJ:Vehicle:5ecbdc25-1725-40d4-8233-ff4765ccb657,voi_de,2026-05-21 15:38:27+02,POINT (9.222733 48.789967)
VOJ:Vehicle:5fd4ae98-010f-4594-97f2-29cba59369e0,voi_de,2026-05-21 15:38:27+02,POINT (9.185678 48.771049)
VOJ:Vehicle:60fbc0be-9b76-4c27-9d31-c24122746663,voi_de,2026-05-21 15:38:27+02,POINT (9.174374 48.760194)
VOJ:Vehicle:63ff5d1a-2ffc-4450-9b0e-ef7d4af2222e,voi_de,2026-05-21 15:38:27+02,POINT (9.208707 48.795742)
VOJ:Vehicle:660883cb-0c48-4e1c-9aae-fb4366b1c3f8,voi_de,2026-05-21 15:38:27+02,POINT (9.165506 48.765349)
VOJ:Vehicle:6665b152-2750-45db-a1d1-9e4c15072177,voi_de,2026-05-21 15:38:27+02,POINT (9.177597 48.772828)
VOJ:Vehicle:66dbe653-776a-4b60-9368-0045eaeaa652,voi_de,2026-05-21 15:38:27+02,POINT (9.159623 48.829971)
VOJ:Vehicle:675e9589-df82-4bbc-ab30-87468d66684c,voi_de,2026-05-21 15:38:27+02,POINT (9.146374 48.807831)
VOJ:Vehicle:6877731c-aa05-49dc-8bda-b162414e3941,voi_de,2026-05-21 15:38:27+02,POINT (9.160585 48.769693)
VOJ:Vehicle:6aa545e5-fdec-40ad-911e-d2ce4b512753,voi_de,2026-05-21 15:38:27+02,POINT (9.15652 48.766522)
VOJ:Vehicle:6da8f649-158a-41d8-8bce-246816339f63,voi_de,2026-05-21 15:38:27+02,POINT (9.153929 48.810904)
VOJ:Vehicle:6e869dc6-67ac-491b-a27f-9a00d60d0b90,voi_de,2026-05-21 15:38:27+02,POINT (9.158192 48.757485)
VOJ:Vehicle:70d1be63-a905-4ad0-829a-d3756899d9ed,voi_de,2026-05-21 15:38:27+02,POINT (9.179296 48.774881)
VOJ:Vehicle:7172832f-f0b7-4c5f-9c9e-1a8389ae6810,voi_de,2026-05-21 15:38:27+02,POINT (9.15638 48.760374)
VOJ:Vehicle:71db8fde-c88f-40a3-a3bb-bab85a40b95d,voi_de,2026-05-21 15:38:27+02,POINT (9.175777 48.783741)
VOJ:Vehicle:740546d6-d96c-4b88-a8f6-248df553553f,voi_de,2026-05-21 15:38:27+02,POINT (9.186616 48.778451)
VOJ:Vehicle:7568675b-6fa7-445b-82be-8f18ac5484c9,voi_de,2026-05-21 15:38:27+02,POINT (9.186163 48.773762)
VOJ:Vehicle:75de5eee-e0b9-4831-b822-403beb3e0d3a,voi_de,2026-05-21 15:38:27+02,POINT (9.189892 48.796369)
VOJ:Vehicle:79ce37b7-b6ae-4513-8ff5-acc46e05205f,voi_de,2026-05-21 15:38:27+02,POINT (9.161447 48.767327)
VOJ:Vehicle:7aa19970-b858-4cdc-8da4-c1c76af92c67,voi_de,2026-05-21 15:38:27+02,POINT (9.142064 48.778016)
VOJ:Vehicle:7cd12b39-5a66-4901-a8f8-4a6580a974f9,voi_de,2026-05-21 15:38:27+02,POINT (9.15008 48.810081)
VOJ:Vehicle:7cf59a46-69cd-45aa-9605-0df74cf8068d,voi_de,2026-05-21 15:38:27+02,POINT (9.152899 48.815445)
VOJ:Vehicle:813269ec-34cc-4907-91dc-d9f08f6861a3,voi_de,2026-05-21 15:38:27+02,POINT (9.177184 48.759857)
VOJ:Vehicle:822dbecf-0faf-4bcd-8b9d-27ebb811579f,voi_de,2026-05-21 15:38:27+02,POINT (9.201636 48.792746)
VOJ:Vehicle:82c7bfcf-f2bb-4526-a41a-2d79a2ada0fe,voi_de,2026-05-21 15:38:27+02,POINT (9.149146 48.757964)
VOJ:Vehicle:83915348-32a8-4064-ac7f-e9522d199085,voi_de,2026-05-21 15:38:27+02,POINT (9.177612 48.774551)
VOJ:Vehicle:846815ee-05a6-4686-86ab-19947b9c9753,voi_de,2026-05-21 15:38:27+02,POINT (9.184631 48.801084)
VOJ:Vehicle:84c44e13-e2e0-4554-97ac-1c3714716595,voi_de,2026-05-21 15:38:27+02,POINT (9.225051 48.790929)
VOJ:Vehicle:8539f018-190e-4277-ab13-9e41db6e22ad,voi_de,2026-05-21 15:38:27+02,POINT (9.14627 48.783799)
VOJ:Vehicle:8672edc4-3546-4a4d-af08-5645b7b881d3,voi_de,2026-05-21 15:38:27+02,POINT (9.174668 48.776003)
VOJ:Vehicle:86db5417-3307-4264-9a5b-67c9e5ede915,voi_de,2026-05-21 15:38:27+02,POINT (9.179163 48.782498)
VOJ:Vehicle:8816249d-3887-499a-92c7-80c7569b29e4,voi_de,2026-05-21 15:38:27+02,POINT (9.179189 48.782483)
VOJ:Vehicle:8874aa4f-ad39-46d9-80f3-712a0de64ca3,voi_de,2026-05-21 15:38:27+02,POINT (9.149414 48.769361)
VOJ:Vehicle:88bf76bf-2e1c-4ded-9c01-35d417300bcf,voi_de,2026-05-21 15:38:27+02,POINT (9.171539 48.785658)
VOJ:Vehicle:8b81f897-e0a9-4a09-8c69-4dd37cdc8d53,voi_de,2026-05-21 15:38:27+02,POINT (9.195086 48.77147)
VOJ:Vehicle:8bc032e7-0b89-44e6-b2a5-1495c1bc2f37,voi_de,2026-05-21 15:38:27+02,POINT (9.14941 48.782204)
VOJ:Vehicle:8c0a6ec9-9a56-437c-a9b2-53011dbe7e71,voi_de,2026-05-21 15:38:27+02,POINT (9.174872 48.830118)
VOJ:Vehicle:8fbac203-ffb1-4282-afa7-e0d3ec038d1b,voi_de,2026-05-21 15:38:27+02,POINT (9.183172 48.768838)
VOJ:Vehicle:933f15c4-07f6-4c27-a54f-315e78f1cacd,voi_de,2026-05-21 15:38:27+02,POINT (9.179411 48.77487)
VOJ:Vehicle:947dbb97-1125-419b-b2bd-382a42e25d55,voi_de,2026-05-21 15:38:27+02,POINT (9.164655 48.771109)
VOJ:Vehicle:96a589bf-8673-4e25-a994-7b59f11534d5,voi_de,2026-05-21 15:38:27+02,POINT (9.229256 48.778443)
VOJ:Vehicle:98e80195-8013-4190-bcae-0c80cde4858b,voi_de,2026-05-21 15:38:27+02,POINT (9.177241 48.814578)
VOJ:Vehicle:98f271e9-a88d-445e-be32-10e8b1e63e9b,voi_de,2026-05-21 15:38:27+02,POINT (9.169531 48.809001)
VOJ:Vehicle:9a02e218-ba65-4c47-a975-88160231bcce,voi_de,2026-05-21 15:38:27+02,POINT (9.187593 48.764447)
VOJ:Vehicle:9b7bd1d7-e56a-4d60-9e72-8ddc4c7ab53f,voi_de,2026-05-21 15:38:27+02,POINT (9.170265 48.784371)
VOJ:Vehicle:9c61d8ee-9e92-48b6-bd34-7ece9de11930,voi_de,2026-05-21 15:38:27+02,POINT (9.175796 48.760793)
VOJ:Vehicle:9c8c12b9-2b12-478a-b3d0-eea211eac852,voi_de,2026-05-21 15:38:27+02,POINT (9.159605 48.781883)
VOJ:Vehicle:9dffbc02-4865-4421-949b-3245d097abbd,voi_de,2026-05-21 15:38:27+02,POINT (9.170309 48.784736)
VOJ:Vehicle:9e6152ac-c184-49c0-96ad-d378f7e0014c,voi_de,2026-05-21 15:38:27+02,POINT (9.154007 48.816624)
VOJ:Vehicle:9e8d0b27-1403-45f9-a1a4-164ceee6df4a,voi_de,2026-05-21 15:38:27+02,POINT (9.161084 48.776101)
VOJ:Vehicle:a1e90390-6a75-4cbb-8866-4b28d1b58718,voi_de,2026-05-21 15:38:27+02,POINT (9.190616 48.816889)
VOJ:Vehicle:a333079b-367f-47bb-af73-aaf696a06871,voi_de,2026-05-21 15:38:27+02,POINT (9.167886 48.779347)
VOJ:Vehicle:a516bb01-bcff-4bc0-be8c-b1d5dc9a22a7,voi_de,2026-05-21 15:38:27+02,POINT (9.173292 48.761116)
VOJ:Vehicle:a51d555d-4472-4971-ab96-0b4ff613d557,voi_de,2026-05-21 15:38:27+02,POINT (9.170343 48.786212)
VOJ:Vehicle:a5c170b6-1a4a-4a20-854c-32107dc47497,voi_de,2026-05-21 15:38:27+02,POINT (9.20714 48.814949)
VOJ:Vehicle:a5dfc5d5-4af8-47ed-bbde-3249e558f16c,voi_de,2026-05-21 15:38:27+02,POINT (9.189774 48.800318)
VOJ:Vehicle:a6d3cfa2-1c52-411b-ae2f-6951d14da35d,voi_de,2026-05-21 15:38:27+02,POINT (9.11801 48.813454)
VOJ:Vehicle:a8a9de77-a904-4535-b535-337760a6a651,voi_de,2026-05-21 15:38:27+02,POINT (9.163742 48.777972)
VOJ:Vehicle:a9044a0f-9a40-4478-a05b-ef56b441dbb3,voi_de,2026-05-21 15:38:27+02,POINT (9.150071 48.810267)
VOJ:Vehicle:a97380b4-3dfe-4e6a-8f69-458940695e07,voi_de,2026-05-21 15:38:27+02,POINT (9.204085 48.782742)
VOJ:Vehicle:aaf69071-83d6-4c3c-9c57-2da55d8ff2e6,voi_de,2026-05-21 15:38:27+02,POINT (9.231125 48.787746)
VOJ:Vehicle:ac4007c6-95a1-4da3-808d-39a30d3cb8a2,voi_de,2026-05-21 15:38:27+02,POINT (9.196685 48.814163)
VOJ:Vehicle:ac47b0aa-a37f-46f7-be61-a935c05f27c2,voi_de,2026-05-21 15:38:27+02,POINT (9.170023 48.765278)
VOJ:Vehicle:ae4e4139-4577-4a7f-bd6d-9e59a2e57dae,voi_de,2026-05-21 15:38:27+02,POINT (9.173641 48.760659)
VOJ:Vehicle:af8d98a2-1c55-4fd8-9b7f-4cb3ca41c844,voi_de,2026-05-21 15:38:27+02,POINT (9.149981 48.769246)
VOJ:Vehicle:b2def535-1af3-4089-801b-5b21a0cfd6f3,voi_de,2026-05-21 15:38:27+02,POINT (9.156243 48.722733)
VOJ:Vehicle:bb76035d-60c8-4143-88d6-e79ffe213c2c,voi_de,2026-05-21 15:38:27+02,POINT (9.191209 48.78012)
VOJ:Vehicle:bbdc20ab-cbc9-42ff-820c-5c79a05a21df,voi_de,2026-05-21 15:38:27+02,POINT (9.14993 48.769236)
VOJ:Vehicle:bd3787ca-119e-4f1e-80d2-d82b3a628926,voi_de,2026-05-21 15:38:27+02,POINT (9.170067 48.786556)
VOJ:Vehicle:bec1cc7f-8362-4156-acf8-d12fc294d67f,voi_de,2026-05-21 15:38:27+02,POINT (9.174659 48.775838)
VOJ:Vehicle:c0070d47-cf63-46de-b3b7-5c54e00d4308,voi_de,2026-05-21 15:38:27+02,POINT (9.155161 48.817655)
VOJ:Vehicle:c1abca95-d269-46df-a89d-43115a7d4657,voi_de,2026-05-21 15:38:27+02,POINT (9.171112 48.760116)
VOJ:Vehicle:c36393b7-d7fa-421b-87b7-67b2e660ebe9,voi_de,2026-05-21 15:38:27+02,POINT (9.187968 48.777468)
VOJ:Vehicle:c3a96445-d001-4d71-9127-21b791db5ea2,voi_de,2026-05-21 15:38:27+02,POINT (9.113222 48.749374)
VOJ:Vehicle:c3cbcc1f-a572-46dd-9c1a-07a047090708,voi_de,2026-05-21 15:38:27+02,POINT (9.15472 48.805641)
VOJ:Vehicle:c74e0770-5c53-440f-b9f8-e78c0fe7e331,voi_de,2026-05-21 15:38:27+02,POINT (9.198582 48.781006)
VOJ:Vehicle:c886eb1f-cdaa-4e0c-8415-dcf2b84fa4cf,voi_de,2026-05-21 15:38:27+02,POINT (9.214567 48.806834)
VOJ:Vehicle:c8eb550a-b1ea-4736-bc34-9df33eb0f333,voi_de,2026-05-21 15:38:27+02,POINT (9.153927 48.758887)
VOJ:Vehicle:c97faed6-d39a-4653-8c81-8acdad7f3fb3,voi_de,2026-05-21 15:38:27+02,POINT (9.184511 48.770344)
VOJ:Vehicle:ca6dac89-ca6e-41cb-a676-ca8b20c37a00,voi_de,2026-05-21 15:38:27+02,POINT (9.17761 48.788481)
VOJ:Vehicle:ce187949-0dfd-4c8a-8fb9-ed7d58b38454,voi_de,2026-05-21 15:38:27+02,POINT (9.218669 48.786683)
VOJ:Vehicle:ceaa0471-01d9-44a8-8f1b-e6a8937149c1,voi_de,2026-05-21 15:38:27+02,POINT (9.15823 48.816024)
VOJ:Vehicle:cf2cbc49-9724-4c70-9a74-544af4f7174e,voi_de,2026-05-21 15:38:27+02,POINT (9.149308 48.782281)
VOJ:Vehicle:cf714a00-dd39-44ce-a51b-6d2d885a265c,voi_de,2026-05-21 15:38:27+02,POINT (9.184636 48.79845)
VOJ:Vehicle:d074a8c2-c487-4355-98d0-cd26f9cf3285,voi_de,2026-05-21 15:38:27+02,POINT (9.206818 48.790676)
VOJ:Vehicle:d14523c3-f2e4-43ca-81a1-7a568622ebc2,voi_de,2026-05-21 15:38:27+02,POINT (9.168921 48.785012)
VOJ:Vehicle:d289acf8-cd70-4837-9af1-f4c5797a4bfc,voi_de,2026-05-21 15:38:27+02,POINT (9.149947 48.757209)
VOJ:Vehicle:d6a093e2-04b9-4c29-91f5-7be5f9901bbc,voi_de,2026-05-21 15:38:27+02,POINT (9.188229 48.783142)
VOJ:Vehicle:de227caf-d849-4c2c-a0d6-e9459b668d5c,voi_de,2026-05-21 15:38:27+02,POINT (9.240285 48.792094)
VOJ:Vehicle:de94e811-8316-4a2f-9701-54bdbdb5807d,voi_de,2026-05-21 15:38:27+02,POINT (9.173695 48.822365)
VOJ:Vehicle:e10fb986-ba0c-46f1-b7b4-76a89ea802c7,voi_de,2026-05-21 15:38:27+02,POINT (9.179703 48.794011)
VOJ:Vehicle:e170857b-7b07-4972-b690-288acb5f3984,voi_de,2026-05-21 15:38:27+02,POINT (9.168135 48.785577)
VOJ:Vehicle:e1e33708-b3f4-4c5f-8b85-ed3348a110e6,voi_de,2026-05-21 15:38:27+02,POINT (9.179895 48.762328)
VOJ:Vehicle:e63ed9c0-b28e-4085-ada3-98a40dd2ef3e,voi_de,2026-05-21 15:38:27+02,POINT (9.216565 48.806085)
VOJ:Vehicle:e657a6cd-0fec-4e76-86b1-5d339c9b6adc,voi_de,2026-05-21 15:38:27+02,POINT (9.180057 48.762438)
VOJ:Vehicle:e8c25e2c-4aa8-4742-ac42-b5762e57da12,voi_de,2026-05-21 15:38:27+02,POINT (9.178618 48.796542)
VOJ:Vehicle:ed710900-8a59-42fb-9e13-e739354bd466,voi_de,2026-05-21 15:38:27+02,POINT (9.177405 48.801593)
VOJ:Vehicle:ed7bd301-a72d-4381-ba01-e070173573f4,voi_de,2026-05-21 15:38:27+02,POINT (9.175338 48.805581)
VOJ:Vehicle:ef036bdb-6690-475e-8af2-a21e36304f6b,voi_de,2026-05-21 15:38:27+02,POINT (9.226607 48.797941)
VOJ:Vehicle:ef0bc14c-91e8-4bac-8325-84335dcb2ef7,voi_de,2026-05-21 15:38:27+02,POINT (9.178804 48.785839)
VOJ:Vehicle:ef42a763-1d50-4969-aced-92e10da3d9e0,voi_de,2026-05-21 15:38:27+02,POINT (9.202857 48.808648)
VOJ:Vehicle:f11f55b3-4573-4f15-b147-2b79bc00bc48,voi_de,2026-05-21 15:38:27+02,POINT (9.150826 48.771098)
VOJ:Vehicle:f1e28659-0670-4f05-afef-65bf32615849,voi_de,2026-05-21 15:38:27+02,POINT (9.113204 48.749338)
VOJ:Vehicle:f395dbd7-8dd4-470c-9e2a-6dbd098afb89,voi_de,2026-05-21 15:38:27+02,POINT (9.155914 48.81757)
VOJ:Vehicle:f43cc65d-ab66-4278-933c-3e47c0820258,voi_de,2026-05-21 15:38:27+02,POINT (9.161017 48.769179)
VOJ:Vehicle:f7d8bd07-6719-4865-ac21-d0299764a574,voi_de,2026-05-21 15:38:27+02,POINT (9.162638 48.832751)
VOJ:Vehicle:feb762e2-d986-4308-9792-5ceb432038dd,voi_de,2026-05-21 15:38:27+02,POINT (9.144725 48.805558)
VOJ:Vehicle:00607349-18ea-4d34-8888-293c1458e546,voi_de,2026-05-21 15:38:27+02,POINT (9.171116 48.774986)
VOJ:Vehicle:00650a4f-4410-4713-8007-450ee14c30bf,voi_de,2026-05-21 15:38:27+02,POINT (9.150414 48.783641)
VOJ:Vehicle:01c1740e-721f-4784-a5ec-c0a14521dc69,voi_de,2026-05-21 15:38:27+02,POINT (9.193087 48.784576)
VOJ:Vehicle:02012475-e64a-4465-ba43-78acdde96007,voi_de,2026-05-21 15:38:27+02,POINT (9.166721 48.773086)
VOJ:Vehicle:0407c2f0-497e-4323-a26e-bfe070716d42,voi_de,2026-05-21 15:38:27+02,POINT (9.169808 48.74881)
VOJ:Vehicle:042d1eae-916d-40db-ba5c-af743545553b,voi_de,2026-05-21 15:38:27+02,POINT (9.166166 48.770992)
VOJ:Vehicle:05742df3-cd8a-4089-9504-b55a4eac2b39,voi_de,2026-05-21 15:38:27+02,POINT (9.16191 48.75984)
VOJ:Vehicle:057e5611-90b9-471d-b55d-4f6eba9d00d0,voi_de,2026-05-21 15:38:27+02,POINT (9.113102 48.814415)
VOJ:Vehicle:05ab332f-52f7-4fa8-9349-fdbc99f60a72,voi_de,2026-05-21 15:38:27+02,POINT (9.145573 48.80817)
VOJ:Vehicle:05eb2cba-376f-4bd3-9e40-5311c9320e39,voi_de,2026-05-21 15:38:27+02,POINT (9.164424 48.761783)
VOJ:Vehicle:0616b143-98bf-4162-a75f-bbe0ba3407b5,voi_de,2026-05-21 15:38:27+02,POINT (9.161153 48.765135)
VOJ:Vehicle:07244776-d19a-4fd5-8435-17b9388da101,voi_de,2026-05-21 15:38:27+02,POINT (9.148336 48.808653)
VOJ:Vehicle:07644f69-e853-4e2a-80e1-1b06d21bc470,voi_de,2026-05-21 15:38:27+02,POINT (9.184004 48.793195)
VOJ:Vehicle:09311393-a4f5-4275-a0ae-0151a66c2af0,voi_de,2026-05-21 15:38:27+02,POINT (9.242811 48.7748)
VOJ:Vehicle:0986dd56-4428-4ea4-b4e2-c5fe6287707d,voi_de,2026-05-21 15:38:27+02,POINT (9.153239 48.760997)
VOJ:Vehicle:0a0d08d5-1b7c-47f4-a006-4a70cc5fcdbf,voi_de,2026-05-21 15:38:27+02,POINT (9.156052 48.774773)
VOJ:Vehicle:0a5adbb9-4077-4e2c-a9b8-50d7a144f0f4,voi_de,2026-05-21 15:38:27+02,POINT (9.175992 48.812454)
VOJ:Vehicle:0bb1f048-8a95-4d56-a69a-3eb6a7a1f568,voi_de,2026-05-21 15:38:27+02,POINT (9.180238 48.79257)
VOJ:Vehicle:0dfc576f-6920-45c4-af1a-116ff6bfd32e,voi_de,2026-05-21 15:38:27+02,POINT (9.170043 48.786479)
VOJ:Vehicle:10cd23e8-6465-4c2b-9b92-4a65ca54f152,voi_de,2026-05-21 15:38:27+02,POINT (9.174256 48.823565)
VOJ:Vehicle:1126013a-db04-488e-a9b3-8be5ebcd82a5,voi_de,2026-05-21 15:38:27+02,POINT (9.176903 48.779629)
VOJ:Vehicle:114bb92d-8e74-40e8-b964-2c7378a3b90d,voi_de,2026-05-21 15:38:27+02,POINT (9.154976 48.775104)
VOJ:Vehicle:131c6687-067f-416a-973e-07c84a7fe811,voi_de,2026-05-21 15:38:27+02,POINT (9.1601 48.775722)
VOJ:Vehicle:14008936-eb26-4601-aa94-d4c8a65ba287,voi_de,2026-05-21 15:38:27+02,POINT (9.197697 48.767226)
VOJ:Vehicle:1440e9a5-df7b-4712-b19e-5f613d3185f6,voi_de,2026-05-21 15:38:27+02,POINT (9.154653 48.805196)
VOJ:Vehicle:14861634-401f-4402-9436-f42e8559d4cb,voi_de,2026-05-21 15:38:27+02,POINT (9.173893 48.792019)
VOJ:Vehicle:1495729d-836a-42cc-8ab7-0920c07a81b0,voi_de,2026-05-21 15:38:27+02,POINT (9.164969 48.828034)
VOJ:Vehicle:149b4c91-8ec4-4bea-be80-d323536531a5,voi_de,2026-05-21 15:38:27+02,POINT (9.166695 48.773028)
VOJ:Vehicle:1697a6d0-6693-4f2c-9bf1-0c535aaade8d,voi_de,2026-05-21 15:38:27+02,POINT (9.190405 48.778218)
VOJ:Vehicle:16c469d9-f095-4d6d-8230-cd6a9fd5f8c1,voi_de,2026-05-21 15:38:27+02,POINT (9.15132 48.828904)
VOJ:Vehicle:17e34d94-ddde-46b3-9282-42a1a4076d65,voi_de,2026-05-21 15:38:27+02,POINT (9.146634 48.767957)
VOJ:Vehicle:18f6edbf-d421-40c2-b2d3-fee63be27ab2,voi_de,2026-05-21 15:38:27+02,POINT (9.196436 48.782719)
VOJ:Vehicle:1a8486fb-b7d5-4112-a308-b866af6ac95d,voi_de,2026-05-21 15:38:27+02,POINT (9.108016 48.810315)
VOJ:Vehicle:1d2a3002-fe85-4208-be35-3f15a105bd99,voi_de,2026-05-21 15:38:27+02,POINT (9.161536 48.76786)
VOJ:Vehicle:1d69197f-de62-48dc-a999-c17f0d958b85,voi_de,2026-05-21 15:38:27+02,POINT (9.178266 48.777905)
VOJ:Vehicle:1dfde75a-edf7-453b-b20a-3ea6aab88efe,voi_de,2026-05-21 15:38:27+02,POINT (9.173758 48.774652)
VOJ:Vehicle:1fc81ee0-7904-471f-b1f5-4b06f665a5ec,voi_de,2026-05-21 15:38:27+02,POINT (9.159 48.817698)
VOJ:Vehicle:2049c2fa-16d4-4739-945b-5ca9c46327df,voi_de,2026-05-21 15:38:27+02,POINT (9.174174 48.78619)
VOJ:Vehicle:2120c89d-5ef0-4f33-85bb-36bb891d8993,voi_de,2026-05-21 15:38:27+02,POINT (9.178957 48.793932)
VOJ:Vehicle:214aaf0f-27c5-4c83-acac-55b018f320af,voi_de,2026-05-21 15:38:27+02,POINT (9.168235 48.784748)
VOJ:Vehicle:23c19637-5a7a-4007-8db8-1903d83c1e3a,voi_de,2026-05-21 15:38:27+02,POINT (9.143823 48.812606)
VOJ:Vehicle:2667c92b-4085-47b8-b838-3527a0f4eae9,voi_de,2026-05-21 15:38:27+02,POINT (9.147561 48.805935)
VOJ:Vehicle:266bdc26-309b-4cd2-a4da-4c75ceba490d,voi_de,2026-05-21 15:38:27+02,POINT (9.229261 48.801596)
VOJ:Vehicle:2718ec75-7cba-4700-bedf-843111a70ffa,voi_de,2026-05-21 15:38:27+02,POINT (9.180009 48.777373)
VOJ:Vehicle:2aa8f151-6926-4a00-a3f4-1ad69a64d2d0,voi_de,2026-05-21 15:38:27+02,POINT (9.190717 48.817785)
VOJ:Vehicle:2cc4a788-a84c-41ea-adca-b1edef3551f0,voi_de,2026-05-21 15:38:27+02,POINT (9.169141 48.777875)
VOJ:Vehicle:2e524300-9fbc-4875-83ef-2a3fe1ac9c0d,voi_de,2026-05-21 15:38:27+02,POINT (9.167872 48.829891)
VOJ:Vehicle:2ea0b1ba-03df-450f-a57b-9403610f5d2d,voi_de,2026-05-21 15:38:27+02,POINT (9.147021 48.808827)
VOJ:Vehicle:2f149340-9a03-4e79-93b7-8eb71505bced,voi_de,2026-05-21 15:38:27+02,POINT (9.173873 48.77149)
VOJ:Vehicle:3008e5a8-d87c-4a0d-9d88-55d3480983b9,voi_de,2026-05-21 15:38:27+02,POINT (9.167857 48.829897)
VOJ:Vehicle:31ad0b5b-edec-495d-9ab8-5d52d4b83e28,voi_de,2026-05-21 15:38:27+02,POINT (9.165669 48.765659)
VOJ:Vehicle:31e7276b-4a10-4f8b-bb9d-917dc02e4a16,voi_de,2026-05-21 15:38:27+02,POINT (9.168671 48.81207)
VOJ:Vehicle:329efc94-1b5a-4d3d-a63f-e84fc41f0340,voi_de,2026-05-21 15:38:27+02,POINT (9.190095 48.798666)
VOJ:Vehicle:3375597b-6ec3-432a-bf2f-f18d97cfcf3a,voi_de,2026-05-21 15:38:27+02,POINT (9.14611 48.768313)
VOJ:Vehicle:34bd8291-5982-457b-aaa0-b0be17caebcd,voi_de,2026-05-21 15:38:27+02,POINT (9.162236 48.783822)
VOJ:Vehicle:3835c96c-8991-42f2-b099-f59fb2e290a7,voi_de,2026-05-21 15:38:27+02,POINT (9.179238 48.782498)
VOJ:Vehicle:3af56f74-be87-4f35-9c4b-8638ba759408,voi_de,2026-05-21 15:38:27+02,POINT (9.140849 48.804802)
VOJ:Vehicle:3c49cabd-851a-4b07-89d3-e4e2f553680d,voi_de,2026-05-21 15:38:27+02,POINT (9.187931 48.7774)
VOJ:Vehicle:3edb43f3-cdcf-422a-833e-1f1fc7bfa3cf,voi_de,2026-05-21 15:38:27+02,POINT (9.198254 48.781116)
VOJ:Vehicle:3f411977-d7d0-45b2-a351-0310faf7f275,voi_de,2026-05-21 15:38:27+02,POINT (9.150126 48.815501)
VOJ:Vehicle:40017625-fb3a-4271-b0a8-b054e998328c,voi_de,2026-05-21 15:38:27+02,POINT (9.153032 48.76931)
VOJ:Vehicle:40f04aac-ed29-4b7a-a665-1268c7d70ee1,voi_de,2026-05-21 15:38:27+02,POINT (9.197435 48.81224)
VOJ:Vehicle:42d3f2e6-1220-4b10-8040-31cd399532db,voi_de,2026-05-21 15:38:27+02,POINT (9.154951 48.760343)
VOJ:Vehicle:430e1670-8d2e-439a-a391-1abad8a0f0e2,voi_de,2026-05-21 15:38:27+02,POINT (9.181817 48.776652)
VOJ:Vehicle:435576af-09ce-401d-a3f2-ceda2c0f1946,voi_de,2026-05-21 15:38:27+02,POINT (9.167199 48.780393)
VOJ:Vehicle:438a4575-cddf-4fa7-95d5-c94ac967d22d,voi_de,2026-05-21 15:38:27+02,POINT (9.158796 48.782523)
VOJ:Vehicle:4439cee7-cb0e-40b0-b97d-f875029f825e,voi_de,2026-05-21 15:38:27+02,POINT (9.15701 48.758247)
VOJ:Vehicle:44b06a97-b04c-49da-8775-5a1bd4aecd59,voi_de,2026-05-21 15:38:27+02,POINT (9.14496 48.812411)
VOJ:Vehicle:44b9d937-b975-4bb9-8570-2ad0c61a4ea6,voi_de,2026-05-21 15:38:27+02,POINT (9.183889 48.766541)
VOJ:Vehicle:44c12709-34e8-40c8-b5e8-1e9cf92a10bf,voi_de,2026-05-21 15:38:27+02,POINT (9.164841 48.790835)
VOJ:Vehicle:47811d95-31be-4e59-a6f7-84fab343305a,voi_de,2026-05-21 15:38:27+02,POINT (9.236277 48.788559)
VOJ:Vehicle:48c16f08-e940-4be6-8fc3-75b3967ed517,voi_de,2026-05-21 15:38:27+02,POINT (9.144879 48.771013)
VOJ:Vehicle:49a38d3a-2e0f-46e0-9fff-dc7a4e7b163f,voi_de,2026-05-21 15:38:27+02,POINT (9.152148 48.770723)
VOJ:Vehicle:4b91ea2e-7ead-420c-a206-34972dec1df5,voi_de,2026-05-21 15:38:27+02,POINT (9.14 48.803685)
VOJ:Vehicle:4c2b3e0e-bd6d-4d62-800d-35027ce95404,voi_de,2026-05-21 15:38:27+02,POINT (9.181934 48.782657)
VOJ:Vehicle:4c2b8149-0864-4aa9-a1a4-4e2c78a9cd98,voi_de,2026-05-21 15:38:27+02,POINT (9.177551 48.788387)
VOJ:Vehicle:4c41882b-d2bf-4fe9-b9f1-19ffa0af7b93,voi_de,2026-05-21 15:38:27+02,POINT (9.208283 48.81472)
VOJ:Vehicle:4c6130be-d495-4375-921b-09f98a596c10,voi_de,2026-05-21 15:38:27+02,POINT (9.182067 48.782503)
VOJ:Vehicle:4c9add96-7ce2-4acb-b7ca-4e046f1c6a58,voi_de,2026-05-21 15:38:27+02,POINT (9.141449 48.756929)
VOJ:Vehicle:4d942754-3e12-45c3-9fbb-f06503974518,voi_de,2026-05-21 15:38:27+02,POINT (9.175693 48.783558)
VOJ:Vehicle:4e28dfb6-c868-483c-80c2-a983328e96b9,voi_de,2026-05-21 15:38:27+02,POINT (9.203416 48.780026)
VOJ:Vehicle:4eae89bc-872f-4e3f-9a8a-754b8a31d2a3,voi_de,2026-05-21 15:38:27+02,POINT (9.225596 48.790972)
VOJ:Vehicle:4f4aa21b-1860-4070-b80f-22213f1f7cb2,voi_de,2026-05-21 15:38:27+02,POINT (9.190685 48.783943)
VOJ:Vehicle:501b927c-0ce0-414b-8e59-aa1b60cdb8ed,voi_de,2026-05-21 15:38:27+02,POINT (9.184692 48.77019)
VOJ:Vehicle:5023280c-3883-40dc-85ef-b692ea4c9c55,voi_de,2026-05-21 15:38:27+02,POINT (9.164937 48.765504)
VOJ:Vehicle:50c995ba-d0f3-4219-85a1-c784e17569fe,voi_de,2026-05-21 15:38:27+02,POINT (9.102945 48.749934)
VOJ:Vehicle:50f66b62-3260-4bcc-9e1f-0c2fb365c592,voi_de,2026-05-21 15:38:27+02,POINT (9.156115 48.808996)
VOJ:Vehicle:512fccd4-7dc5-4cf0-a3ee-e19cb35178a2,voi_de,2026-05-21 15:38:27+02,POINT (9.169486 48.832022)
VOJ:Vehicle:549583e5-d6fd-4b3a-b16b-0814a2fcaad9,voi_de,2026-05-21 15:38:27+02,POINT (9.157998 48.816208)
VOJ:Vehicle:55e6118a-17c9-452d-a581-250bf04a42ac,voi_de,2026-05-21 15:38:27+02,POINT (9.144423 48.756205)
VOJ:Vehicle:56c8b572-c049-433d-86a0-e870ee0cbc31,voi_de,2026-05-21 15:38:27+02,POINT (9.189216 48.770646)
VOJ:Vehicle:56cdbe2d-37be-4409-a1e0-be2315c9d885,voi_de,2026-05-21 15:38:27+02,POINT (9.145607 48.805843)
VOJ:Vehicle:5738fe72-ec99-414c-90ac-60ee15abc89c,voi_de,2026-05-21 15:38:27+02,POINT (9.180113 48.827392)
VOJ:Vehicle:574aba16-ad77-4432-bf7d-f73360f29cdb,voi_de,2026-05-21 15:38:27+02,POINT (9.190068 48.76955)
VOJ:Vehicle:578581aa-9971-41a6-93c5-b0fc969c96d5,voi_de,2026-05-21 15:38:27+02,POINT (9.170711 48.778777)
VOJ:Vehicle:57e70f45-4d41-4f39-b8a9-9467ffc12eb7,voi_de,2026-05-21 15:38:27+02,POINT (9.208923 48.77056)
VOJ:Vehicle:5854da97-a324-43fe-a017-69aa56c6d2f9,voi_de,2026-05-21 15:38:27+02,POINT (9.140844 48.804801)
VOJ:Vehicle:58a7ae0b-2d81-4eb7-9870-2dffac6a072d,voi_de,2026-05-21 15:38:27+02,POINT (9.139179 48.8035)
VOJ:Vehicle:5a0a6891-bf09-44e9-bf2a-6a0ccd8f5558,voi_de,2026-05-21 15:38:27+02,POINT (9.222641 48.789898)
VOJ:Vehicle:5b6623f3-2db2-4261-9fe9-19aa2fd95d00,voi_de,2026-05-21 15:38:27+02,POINT (9.182071 48.782581)
VOJ:Vehicle:5bd8048c-a438-46fe-8ab3-870d993788fd,voi_de,2026-05-21 15:38:27+02,POINT (9.15003 48.810177)
VOJ:Vehicle:5c990592-3f24-4405-9d7e-b9f2eacda32a,voi_de,2026-05-21 15:38:27+02,POINT (9.212623 48.813172)
VOJ:Vehicle:5e7f96b1-1ebf-4a67-ac2f-1284613e9671,voi_de,2026-05-21 15:38:27+02,POINT (9.200884 48.771991)
VOJ:Vehicle:5ea89b40-4b42-4e86-aea6-54fd454d3b6f,voi_de,2026-05-21 15:38:27+02,POINT (9.175871 48.759553)
VOJ:Vehicle:5f927438-f84b-4ebb-8348-f87c86573297,voi_de,2026-05-21 15:38:27+02,POINT (9.174828 48.782553)
VOJ:Vehicle:60430b4a-c221-44dd-b4d0-7857c4a662d4,voi_de,2026-05-21 15:38:27+02,POINT (9.180921 48.786373)
VOJ:Vehicle:60c5e00d-f8fa-46bc-99cc-7994bd21637f,voi_de,2026-05-21 15:38:27+02,POINT (9.207751 48.803751)
VOJ:Vehicle:60e733a3-21e5-4cb7-b9a1-492491d32b34,voi_de,2026-05-21 15:38:27+02,POINT (9.183017 48.787134)
VOJ:Vehicle:61466ded-a5da-490b-918c-af4d93f58104,voi_de,2026-05-21 15:38:27+02,POINT (9.173257 48.78533)
VOJ:Vehicle:62123ba1-2111-4abe-841a-6bff06e51ac2,voi_de,2026-05-21 15:38:27+02,POINT (9.148324 48.812468)
VOJ:Vehicle:6213cff8-f42f-430f-9330-dbf7610b7236,voi_de,2026-05-21 15:38:27+02,POINT (9.152704 48.829302)
VOJ:Vehicle:6240fd7d-1bc5-43de-8321-3eb6c97cf545,voi_de,2026-05-21 15:38:27+02,POINT (9.146662 48.80714)
VOJ:Vehicle:65263695-ae0c-4424-a7a4-5ba71ca2e458,voi_de,2026-05-21 15:38:27+02,POINT (9.154141 48.763877)
VOJ:Vehicle:658144fe-f439-4154-b2b0-2ba3e65d9000,voi_de,2026-05-21 15:38:27+02,POINT (9.156318 48.787849)
VOJ:Vehicle:65b2c2e8-d6f0-4e12-98e2-50f2ed7c68e5,voi_de,2026-05-21 15:38:27+02,POINT (9.192557 48.819807)
VOJ:Vehicle:65c6a154-cffe-4c64-be49-920df04772e7,voi_de,2026-05-21 15:38:27+02,POINT (9.215478 48.78023)
VOJ:Vehicle:677ca61d-318c-4ebb-99ee-3955ec6c3662,voi_de,2026-05-21 15:38:27+02,POINT (9.193769 48.784097)
VOJ:Vehicle:692989b6-9663-4a0e-b12c-2a64ce62fc55,voi_de,2026-05-21 15:38:27+02,POINT (9.181985 48.782627)
VOJ:Vehicle:6a4a64f6-5f8e-498e-9ba7-21e2997af29e,voi_de,2026-05-21 15:38:27+02,POINT (9.196206 48.811411)
VOJ:Vehicle:6a4ebea0-1833-4e5d-8723-9a40eabb21ca,voi_de,2026-05-21 15:38:27+02,POINT (9.173089 48.776815)
VOJ:Vehicle:6b071f31-f025-4e9a-b363-0f8589e57898,voi_de,2026-05-21 15:38:27+02,POINT (9.179133 48.78236)
VOJ:Vehicle:6b464845-3ac1-48bb-a344-01a12633c348,voi_de,2026-05-21 15:38:27+02,POINT (9.169903 48.77266)
VOJ:Vehicle:6b661a3e-f833-48c7-a887-a641d292e103,voi_de,2026-05-21 15:38:27+02,POINT (9.149812 48.769255)
VOJ:Vehicle:6bf8b9f4-a5e5-49d9-bce8-c12693e7a9cc,voi_de,2026-05-21 15:38:27+02,POINT (9.188313 48.774857)
VOJ:Vehicle:6c126c62-527c-4854-b09d-cf3fe0b0e67c,voi_de,2026-05-21 15:38:27+02,POINT (9.163021 48.761217)
VOJ:Vehicle:6f1bcbe2-3e70-4931-9255-0c8668862802,voi_de,2026-05-21 15:38:27+02,POINT (9.168972 48.77839)
VOJ:Vehicle:72a662d8-80ac-4911-8dec-926cda32f51a,voi_de,2026-05-21 15:38:27+02,POINT (9.11527 48.813634)
VOJ:Vehicle:72d9474a-22b4-42f5-8c60-19a15e9cdfca,voi_de,2026-05-21 15:38:27+02,POINT (9.123388 48.812534)
VOJ:Vehicle:72fa6cc3-2ff1-4ccc-9d55-60b46820214c,voi_de,2026-05-21 15:38:27+02,POINT (9.147752 48.810238)
VOJ:Vehicle:75d7c74b-8432-4f17-8e21-b792a6addff5,voi_de,2026-05-21 15:38:27+02,POINT (9.167085 48.780365)
VOJ:Vehicle:7670d7a9-273f-4d14-99e7-0ba396fb92cc,voi_de,2026-05-21 15:38:27+02,POINT (9.15827 48.816127)
VOJ:Vehicle:76ecb434-06c6-4210-8bc8-146603060318,voi_de,2026-05-21 15:38:27+02,POINT (9.140639 48.805323)
VOJ:Vehicle:776fdfab-6663-4cc3-b008-f0f83b7ac240,voi_de,2026-05-21 15:38:27+02,POINT (9.191098 48.769564)
VOJ:Vehicle:778b7611-cbac-4bd8-b5ce-03f9a71859dd,voi_de,2026-05-21 15:38:27+02,POINT (9.156124 48.779636)
VOJ:Vehicle:7866bbd5-9cbf-4758-9377-6cfa42662c3f,voi_de,2026-05-21 15:38:27+02,POINT (9.193037 48.785127)
VOJ:Vehicle:78e80414-ef18-4742-a484-365d1e11ef26,voi_de,2026-05-21 15:38:27+02,POINT (9.17862 48.767257)
VOJ:Vehicle:7a3c5359-7564-4f32-9d71-a0dfdc47d580,voi_de,2026-05-21 15:38:27+02,POINT (9.172227 48.76123)
VOJ:Vehicle:7a7a4ded-65a3-4bda-a450-22cb107bd389,voi_de,2026-05-21 15:38:27+02,POINT (9.157496 48.81878)
VOJ:Vehicle:7b894112-1f03-4be9-a11f-68ba6b37f40f,voi_de,2026-05-21 15:38:27+02,POINT (9.163673 48.814454)
VOJ:Vehicle:7bcd8e38-852c-4318-b7ad-2e92a259e5d0,voi_de,2026-05-21 15:38:27+02,POINT (9.222629 48.801473)
VOJ:Vehicle:7c4f3198-ca79-4403-b42e-fc43f9c77194,voi_de,2026-05-21 15:38:27+02,POINT (9.200826 48.77893)
VOJ:Vehicle:7c619a89-aadc-471f-8595-3a38989b71a8,voi_de,2026-05-21 15:38:27+02,POINT (9.174846 48.830197)
VOJ:Vehicle:7cb1e6b7-3702-4614-bb64-2d8322324bc3,voi_de,2026-05-21 15:38:27+02,POINT (9.168207 48.777327)
VOJ:Vehicle:7edb0556-a7d3-4166-a71d-e4a50e7fdf8c,voi_de,2026-05-21 15:38:27+02,POINT (9.211006 48.778321)
VOJ:Vehicle:7f76d181-6c17-42e6-ad18-eff97ea00c54,voi_de,2026-05-21 15:38:27+02,POINT (9.162011 48.793524)
VOJ:Vehicle:7f7a02e2-9c75-4e9d-b606-a82463f9cb2f,voi_de,2026-05-21 15:38:27+02,POINT (9.176377 48.780461)
VOJ:Vehicle:7fdb9142-01b1-4b99-afed-e2a6dac89180,voi_de,2026-05-21 15:38:27+02,POINT (9.218055 48.782374)
VOJ:Vehicle:846b6d40-ee05-49b1-b2b8-028801d2121c,voi_de,2026-05-21 15:38:27+02,POINT (9.156495 48.807676)
VOJ:Vehicle:86712ca9-fa4e-4bc2-885f-93aead6fef94,voi_de,2026-05-21 15:38:27+02,POINT (9.140952 48.771969)
VOJ:Vehicle:86cb31b0-e9e3-4fa3-86e3-07fede270c26,voi_de,2026-05-21 15:38:27+02,POINT (9.21342 48.785032)
VOJ:Vehicle:87be70ca-a26b-421c-b3de-d194f1479845,voi_de,2026-05-21 15:38:27+02,POINT (9.162407 48.813686)
VOJ:Vehicle:88942844-9a85-4a9e-88a9-3fc9c193c33b,voi_de,2026-05-21 15:38:27+02,POINT (9.156788 48.80946)
VOJ:Vehicle:88ad08af-cd33-4c96-914b-6d5e19a7f8f4,voi_de,2026-05-21 15:38:27+02,POINT (9.166848 48.822189)
VOJ:Vehicle:89230731-880a-41ac-a15c-d2bfe08d6439,voi_de,2026-05-21 15:38:27+02,POINT (9.192916 48.795189)
VOJ:Vehicle:893fcd24-1ae8-4329-9b03-469f324cc9bc,voi_de,2026-05-21 15:38:27+02,POINT (9.203717 48.782515)
VOJ:Vehicle:8b69a98f-2283-48cb-bf35-905c48e12250,voi_de,2026-05-21 15:38:27+02,POINT (9.184872 48.779112)
VOJ:Vehicle:8ba9e092-d901-4456-95e9-7834745d04d1,voi_de,2026-05-21 15:38:27+02,POINT (9.174542 48.772783)
VOJ:Vehicle:8bcc69e3-3187-4eec-a5d3-e3bc4df287d6,voi_de,2026-05-21 15:38:27+02,POINT (9.18442 48.777687)
VOJ:Vehicle:8c7874cc-1291-4890-80ac-bbd5205b7255,voi_de,2026-05-21 15:38:27+02,POINT (9.194656 48.784726)
VOJ:Vehicle:8c987f7f-5c6e-42fe-88da-9e25ced4ad9e,voi_de,2026-05-21 15:38:27+02,POINT (9.186802 48.77339)
VOJ:Vehicle:8cc95f14-1841-423c-ad43-5d4485a66e57,voi_de,2026-05-21 15:38:27+02,POINT (9.156139 48.779935)
VOJ:Vehicle:8cebac7e-05f2-471b-bdb6-dd90b5b16365,voi_de,2026-05-21 15:38:27+02,POINT (9.167795 48.829958)
VOJ:Vehicle:901bd653-fd3d-4ec0-875b-2170b923b96a,voi_de,2026-05-21 15:38:27+02,POINT (9.149351 48.777254)
VOJ:Vehicle:90206291-31d7-4da6-881a-eea91e5801ea,voi_de,2026-05-21 15:38:27+02,POINT (9.158239 48.816139)
VOJ:Vehicle:912876a1-34aa-4d61-a569-7be86c7f7628,voi_de,2026-05-21 15:38:27+02,POINT (9.149399 48.769278)
VOJ:Vehicle:9132aad2-a4d0-46e4-8f42-add557b5dded,voi_de,2026-05-21 15:38:27+02,POINT (9.141464 48.756921)
VOJ:Vehicle:916a2ef2-8345-49b7-9be0-153efc5f01cb,voi_de,2026-05-21 15:38:27+02,POINT (9.203982 48.774627)
VOJ:Vehicle:920f8483-317c-4514-a1cd-66f60d05b678,voi_de,2026-05-21 15:38:27+02,POINT (9.144964 48.812421)
VOJ:Vehicle:9286fcf5-6845-4e07-9d20-4020745a93c7,voi_de,2026-05-21 15:38:27+02,POINT (9.150357 48.767773)
VOJ:Vehicle:92d51642-66c5-49b1-aab5-7949a78ce4e8,voi_de,2026-05-21 15:38:27+02,POINT (9.181248 48.782843)
VOJ:Vehicle:92ef43b0-927e-47fc-8e73-455a31038499,voi_de,2026-05-21 15:38:27+02,POINT (9.167791 48.829935)
VOJ:Vehicle:94194046-019d-4cb8-9585-f3c5b16389ac,voi_de,2026-05-21 15:38:27+02,POINT (9.178264 48.777856)
VOJ:Vehicle:945d0ddc-6d1c-4141-a70e-8358bb057c30,voi_de,2026-05-21 15:38:27+02,POINT (9.160303 48.761427)
VOJ:Vehicle:9484f07a-4298-4753-a55f-22222012d9ab,voi_de,2026-05-21 15:38:27+02,POINT (9.181684 48.775848)
VOJ:Vehicle:94d48eb1-94ae-4418-a770-9a39577ee6b4,voi_de,2026-05-21 15:38:27+02,POINT (9.240274 48.792092)
VOJ:Vehicle:94d61611-2361-40ca-ae23-718b23198671,voi_de,2026-05-21 15:38:27+02,POINT (9.226778 48.798295)
VOJ:Vehicle:95cb2f11-f06d-4720-b693-1376a209b092,voi_de,2026-05-21 15:38:27+02,POINT (9.155198 48.81766)
VOJ:Vehicle:960531b3-d9a9-4e95-a8bb-8d0c2b3ee595,voi_de,2026-05-21 15:38:27+02,POINT (9.167321 48.758055)
VOJ:Vehicle:9631f0d9-734f-4336-a950-dbdddd692a8c,voi_de,2026-05-21 15:38:27+02,POINT (9.139553 48.771969)
VOJ:Vehicle:963335d4-e604-4ed6-a053-0a7ea5826c25,voi_de,2026-05-21 15:38:27+02,POINT (9.108881 48.750519)
VOJ:Vehicle:97c21b3b-64f8-4bba-8ee5-b59e88f6ff78,voi_de,2026-05-21 15:38:27+02,POINT (9.150343 48.767656)
VOJ:Vehicle:9991546f-07a4-4414-a292-4730ba2c6000,voi_de,2026-05-21 15:38:27+02,POINT (9.160394 48.830834)
VOJ:Vehicle:9a42fcf7-2e89-4897-9869-7ce4d6e6d073,voi_de,2026-05-21 15:38:27+02,POINT (9.164658 48.771115)
VOJ:Vehicle:9a4a9ebd-d613-4c52-86a5-bab31b5aa2c1,voi_de,2026-05-21 15:38:27+02,POINT (9.19219 48.782084)
VOJ:Vehicle:9abb8fb7-933d-4fdb-955f-63f7b2ba6380,voi_de,2026-05-21 15:38:27+02,POINT (9.226897 48.798953)
VOJ:Vehicle:9b9de396-b9b5-43b5-904b-1bcebbcdc527,voi_de,2026-05-21 15:38:27+02,POINT (9.1911 48.79418)
VOJ:Vehicle:9ca4d73e-f7c8-4a1b-98d8-8a3dbed8762b,voi_de,2026-05-21 15:38:27+02,POINT (9.181582 48.795782)
VOJ:Vehicle:9e9f1475-f54a-46bc-bb32-64e9e4fe1f28,voi_de,2026-05-21 15:38:27+02,POINT (9.191219 48.78009)
VOJ:Vehicle:9f0bf1ac-2b35-43f6-935f-90111747dccc,voi_de,2026-05-21 15:38:27+02,POINT (9.168794 48.778285)
VOJ:Vehicle:9fffe8f8-8141-479c-afc7-46581b8b8488,voi_de,2026-05-21 15:38:27+02,POINT (9.152547 48.725325)
VOJ:Vehicle:a05702f1-f872-4e20-a97c-7eaf934d9ea7,voi_de,2026-05-21 15:38:27+02,POINT (9.178724 48.782578)
VOJ:Vehicle:a1fe6bc7-1d19-4dd5-a1cb-4b58204745f5,voi_de,2026-05-21 15:38:27+02,POINT (9.169262 48.791626)
VOJ:Vehicle:a57e9d30-09e2-42f2-8c4f-e713e3176a05,voi_de,2026-05-21 15:38:27+02,POINT (9.115984 48.814377)
VOJ:Vehicle:a6d83a85-ff48-429e-b81e-e0d04c349d82,voi_de,2026-05-21 15:38:27+02,POINT (9.179258 48.773422)
VOJ:Vehicle:a71d8704-b015-4195-99f1-d3245977e103,voi_de,2026-05-21 15:38:27+02,POINT (9.150044 48.76934)
VOJ:Vehicle:a73e3c40-2611-445f-b960-76716a283ed6,voi_de,2026-05-21 15:38:27+02,POINT (9.19896 48.78768)
VOJ:Vehicle:a7f3882c-95ce-4c3c-8fec-3b2fb9d3d7ac,voi_de,2026-05-21 15:38:27+02,POINT (9.195206 48.78361)
VOJ:Vehicle:a86319f8-4fff-419a-aa11-51dfe663a628,voi_de,2026-05-21 15:38:27+02,POINT (9.179356 48.763744)
VOJ:Vehicle:a94a722b-16e6-4e6a-a893-c5dd5b0791a0,voi_de,2026-05-21 15:38:27+02,POINT (9.200906 48.778918)
VOJ:Vehicle:abb8569d-4704-4b5c-af1f-1b4a4fbdd250,voi_de,2026-05-21 15:38:27+02,POINT (9.254259 48.77666)
VOJ:Vehicle:ac54a98a-eccd-4d39-81a8-6d7b729ebd6e,voi_de,2026-05-21 15:38:27+02,POINT (9.213137 48.811364)
VOJ:Vehicle:ad40d8be-27b5-474c-a49e-8469c96ff751,voi_de,2026-05-21 15:38:27+02,POINT (9.174965 48.779703)
VOJ:Vehicle:af38a534-664e-4bf9-8595-1f906204fdb6,voi_de,2026-05-21 15:38:27+02,POINT (9.181454 48.766005)
VOJ:Vehicle:afcc4e97-6046-41a0-9b64-00b4644aaff8,voi_de,2026-05-21 15:38:27+02,POINT (9.157349 48.807974)
VOJ:Vehicle:aff48212-15e6-4a74-9c01-f81c9c1c1fbd,voi_de,2026-05-21 15:38:27+02,POINT (9.185904 48.771889)
VOJ:Vehicle:b03c06ec-a869-4276-ab47-4fbfd622404e,voi_de,2026-05-21 15:38:27+02,POINT (9.173874 48.774675)
VOJ:Vehicle:b0a58d90-f3e6-4153-95d6-654386ee8fd4,voi_de,2026-05-21 15:38:27+02,POINT (9.185056 48.793081)
VOJ:Vehicle:b0ed3f54-4b05-46d3-aaaf-634506a81d16,voi_de,2026-05-21 15:38:27+02,POINT (9.1754 48.806129)
VOJ:Vehicle:b1a393a8-2355-4c13-adea-66da08511d21,voi_de,2026-05-21 15:38:27+02,POINT (9.156563 48.76649)
VOJ:Vehicle:b1d6015c-a4c5-4605-b749-0c83648560af,voi_de,2026-05-21 15:38:27+02,POINT (9.19254 48.787622)
VOJ:Vehicle:b2142d63-6941-4c29-9746-e8bae85b84f0,voi_de,2026-05-21 15:38:27+02,POINT (9.182051 48.792104)
VOJ:Vehicle:b23418c8-2024-477d-977d-af6731beb542,voi_de,2026-05-21 15:38:27+02,POINT (9.179076 48.748532)
VOJ:Vehicle:b2db8885-e2a3-4193-8f5f-29efc0e93139,voi_de,2026-05-21 15:38:27+02,POINT (9.182105 48.787601)
VOJ:Vehicle:b35c1b5d-515a-4e7f-ba60-764149e72626,voi_de,2026-05-21 15:38:27+02,POINT (9.177305 48.783033)
VOJ:Vehicle:b4d34aa3-42b9-4db6-8733-b9fc0521404a,voi_de,2026-05-21 15:38:27+02,POINT (9.168473 48.776938)
VOJ:Vehicle:b5a14eb7-3af5-4920-a05e-c2a270ed1e12,voi_de,2026-05-21 15:38:27+02,POINT (9.181256 48.768663)
VOJ:Vehicle:b68d28bb-8b22-4ba8-aefa-236b5d0c83b5,voi_de,2026-05-21 15:38:27+02,POINT (9.225535 48.801143)
VOJ:Vehicle:b703d0d7-6a22-4481-92e4-6dfe20c7423b,voi_de,2026-05-21 15:38:27+02,POINT (9.184901 48.798745)
VOJ:Vehicle:b76d4989-c451-4d39-83d7-da2ad0046d0f,voi_de,2026-05-21 15:38:27+02,POINT (9.153869 48.816581)
VOJ:Vehicle:b829b58e-6515-413c-900e-c9c3120c09f4,voi_de,2026-05-21 15:38:27+02,POINT (9.165539 48.764629)
VOJ:Vehicle:b88d85f4-a968-42c6-88fa-3aa674fd3943,voi_de,2026-05-21 15:38:27+02,POINT (9.166256 48.829609)
VOJ:Vehicle:bb08a69a-5ea3-4d26-af65-5c1e59ed8e6d,voi_de,2026-05-21 15:38:27+02,POINT (9.178417 48.780477)
VOJ:Vehicle:bc59dfec-aba1-48f1-ae8f-0dada92c7fe0,voi_de,2026-05-21 15:38:27+02,POINT (9.199775 48.775814)
VOJ:Vehicle:bc67ad01-cdd6-4a4b-ad5d-13054dd90e44,voi_de,2026-05-21 15:38:27+02,POINT (9.233349 48.794968)
VOJ:Vehicle:bcd8026e-42b5-4006-99cc-d24cac2562f2,voi_de,2026-05-21 15:38:27+02,POINT (9.167409 48.772561)
VOJ:Vehicle:bd87edcb-d885-4470-bb9a-a98a8d2ec305,voi_de,2026-05-21 15:38:27+02,POINT (9.178222 48.784172)
VOJ:Vehicle:c056fad2-75b0-4694-8d3c-243417883a54,voi_de,2026-05-21 15:38:27+02,POINT (9.115487 48.811469)
VOJ:Vehicle:c1025880-07a9-4a19-97ef-0196e43d79a2,voi_de,2026-05-21 15:38:27+02,POINT (9.216633 48.780761)
VOJ:Vehicle:c2135d0a-6005-46f8-9db5-c06825af9329,voi_de,2026-05-21 15:38:27+02,POINT (9.178406 48.783175)
VOJ:Vehicle:c477bafc-6223-4974-a189-1a6dc1972d85,voi_de,2026-05-21 15:38:27+02,POINT (9.192323 48.807255)
VOJ:Vehicle:c4c23812-d72a-4079-9e74-ad5dc93fad15,voi_de,2026-05-21 15:38:27+02,POINT (9.171262 48.828448)
VOJ:Vehicle:c627e7c6-e46c-480b-964e-6d398da76270,voi_de,2026-05-21 15:38:27+02,POINT (9.181418 48.808874)
VOJ:Vehicle:c634d1cc-ca8b-48fe-be4f-63dbf44330d4,voi_de,2026-05-21 15:38:27+02,POINT (9.156496 48.764602)
VOJ:Vehicle:c72e3589-24c2-4e28-ac35-c24b3ac47965,voi_de,2026-05-21 15:38:27+02,POINT (9.164923 48.785958)
VOJ:Vehicle:c8f0ac10-a8b1-4f68-b757-4b3cd64d3da7,voi_de,2026-05-21 15:38:27+02,POINT (9.158222 48.757546)
VOJ:Vehicle:c8fed8fe-ec95-4c75-9bd6-9f431c131570,voi_de,2026-05-21 15:38:27+02,POINT (9.151081 48.76877)
VOJ:Vehicle:c98b39aa-6d41-4990-ba81-8b24774e1470,voi_de,2026-05-21 15:38:27+02,POINT (9.174492 48.775981)
VOJ:Vehicle:c9b5b539-15d3-4aa9-8d11-b5ed197b245c,voi_de,2026-05-21 15:38:27+02,POINT (9.173732 48.774677)
VOJ:Vehicle:cab3ce66-97d9-447c-a6fb-d90c9705678a,voi_de,2026-05-21 15:38:27+02,POINT (9.171344 48.820898)
VOJ:Vehicle:cadc8106-25e7-460a-980c-b0ac4d4f3b6f,voi_de,2026-05-21 15:38:27+02,POINT (9.155884 48.81713)
VOJ:Vehicle:cb0e5b45-eb2f-4c59-ada8-5d46a396ada5,voi_de,2026-05-21 15:38:27+02,POINT (9.224257 48.795017)
VOJ:Vehicle:cbb1e6cd-4437-4a9f-b24a-1803e8699011,voi_de,2026-05-21 15:38:27+02,POINT (9.151009 48.770958)
VOJ:Vehicle:ccc9d713-f747-4fa2-887c-cf917d50f3fc,voi_de,2026-05-21 15:38:27+02,POINT (9.203589 48.774547)
VOJ:Vehicle:ccfd5b6f-fc8c-4a78-a377-f787bd8e3081,voi_de,2026-05-21 15:38:27+02,POINT (9.147738 48.774049)
VOJ:Vehicle:cd229bd9-f6b5-4a30-bb48-c43aec45956f,voi_de,2026-05-21 15:38:27+02,POINT (9.212981 48.777905)
VOJ:Vehicle:cd81340f-79b3-403f-9c74-96c96d84734f,voi_de,2026-05-21 15:38:27+02,POINT (9.178438 48.810314)
VOJ:Vehicle:d008bf5d-e9f5-4613-bf00-158af9fa9440,voi_de,2026-05-21 15:38:27+02,POINT (9.166115 48.771026)
VOJ:Vehicle:d0e8d0c4-6d98-4c96-89b6-a0bc40b453a4,voi_de,2026-05-21 15:38:27+02,POINT (9.15681 48.791427)
VOJ:Vehicle:d2f966be-be75-4404-a484-2b0678807a89,voi_de,2026-05-21 15:38:27+02,POINT (9.165279 48.785647)
VOJ:Vehicle:d3ff9f03-26b0-42da-9f81-000da38f4ab9,voi_de,2026-05-21 15:38:27+02,POINT (9.151547 48.779538)
VOJ:Vehicle:d5c69027-2454-4e31-9511-9791635c7f2e,voi_de,2026-05-21 15:38:27+02,POINT (9.167823 48.830087)
VOJ:Vehicle:d784e521-a932-4076-bd38-7a0a8ea1a0cc,voi_de,2026-05-21 15:38:27+02,POINT (9.181209 48.765666)
VOJ:Vehicle:d7909a19-0bbc-4a53-a13f-7aa1dadb6412,voi_de,2026-05-21 15:38:27+02,POINT (9.148161 48.811696)
VOJ:Vehicle:d8f15ea1-d40f-4a30-9764-a668df7192d7,voi_de,2026-05-21 15:38:27+02,POINT (9.237876 48.776418)
VOJ:Vehicle:d939c8cf-0ef0-423a-acda-2136b03400e4,voi_de,2026-05-21 15:38:27+02,POINT (9.165769 48.765682)
VOJ:Vehicle:d964c5be-414e-4ea1-b9ff-075189287ee8,voi_de,2026-05-21 15:38:27+02,POINT (9.211201 48.778896)
VOJ:Vehicle:db304736-d4b3-411e-b62b-810bfa3e428c,voi_de,2026-05-21 15:38:27+02,POINT (9.194805 48.774204)
VOJ:Vehicle:dc82a8a7-56d6-4d7b-aab1-7b35c4ed978f,voi_de,2026-05-21 15:38:27+02,POINT (9.178443 48.765777)
VOJ:Vehicle:dcf38fc6-193e-4c01-bb95-ab8f1f234e47,voi_de,2026-05-21 15:38:27+02,POINT (9.166236 48.7705)
VOJ:Vehicle:dd81fed4-893a-4c90-bbbe-0cb2cd6b3aca,voi_de,2026-05-21 15:38:27+02,POINT (9.158337 48.816351)
VOJ:Vehicle:dda42590-adb9-479a-b2df-3be15e568b4a,voi_de,2026-05-21 15:38:27+02,POINT (9.156479 48.764596)
VOJ:Vehicle:de2fefa3-c557-4db1-99fd-d5aee9bec74e,voi_de,2026-05-21 15:38:27+02,POINT (9.147543 48.805823)
VOJ:Vehicle:de7f88c8-04e6-475a-b2b0-c1d3e293fa8f,voi_de,2026-05-21 15:38:27+02,POINT (9.185396 48.778859)
VOJ:Vehicle:e1731409-309c-4ad3-acd8-8451df4bbea6,voi_de,2026-05-21 15:38:27+02,POINT (9.174886 48.812625)
VOJ:Vehicle:e1a5a8ce-4232-4363-ba03-be4fe107ba3f,voi_de,2026-05-21 15:38:27+02,POINT (9.150178 48.771479)
VOJ:Vehicle:e1dd0d11-46de-4b63-9ed0-50fbee3e8cbf,voi_de,2026-05-21 15:38:27+02,POINT (9.185384 48.767062)
VOJ:Vehicle:e1edff80-4262-45f7-81e5-d7e201fdfc9c,voi_de,2026-05-21 15:38:27+02,POINT (9.160628 48.784671)
VOJ:Vehicle:e325bdb0-0b13-468a-8f8f-bad9eafcc066,voi_de,2026-05-21 15:38:27+02,POINT (9.208873 48.770516)
VOJ:Vehicle:e3cc684c-9876-47c7-9c8e-88c8144ad3ae,voi_de,2026-05-21 15:38:27+02,POINT (9.144403 48.77014)
VOJ:Vehicle:e3d60845-1162-4319-a5f3-8c70cb81dc3f,voi_de,2026-05-21 15:38:27+02,POINT (9.156319 48.775916)
VOJ:Vehicle:e434f579-fd43-4578-a027-9ff91d3dab5d,voi_de,2026-05-21 15:38:27+02,POINT (9.183949 48.775029)
VOJ:Vehicle:e5bd9373-15c1-4254-b6e2-5a5e6e98260b,voi_de,2026-05-21 15:38:27+02,POINT (9.150529 48.81444)
VOJ:Vehicle:e822dfa4-0053-4f45-a6c0-dd822e1176cf,voi_de,2026-05-21 15:38:27+02,POINT (9.120174 48.810086)
VOJ:Vehicle:e824ec6f-ac8f-432f-a7f9-c9f290c277ab,voi_de,2026-05-21 15:38:27+02,POINT (9.184807 48.768704)
VOJ:Vehicle:e8c031de-241a-4134-ab2d-2daebab6077b,voi_de,2026-05-21 15:38:27+02,POINT (9.172841 48.824798)
VOJ:Vehicle:e9185ffe-8741-4455-8386-690c8a4d139e,voi_de,2026-05-21 15:38:27+02,POINT (9.207229 48.797173)
VOJ:Vehicle:e9b8dde5-d722-4dbf-b865-d15081841a79,voi_de,2026-05-21 15:38:27+02,POINT (9.22185 48.801006)
VOJ:Vehicle:eb13fff5-f748-433f-9430-62e1e3c83da4,voi_de,2026-05-21 15:38:27+02,POINT (9.132571 48.814123)
VOJ:Vehicle:eb777b9b-fc53-4f68-b0f2-09b44df4998d,voi_de,2026-05-21 15:38:27+02,POINT (9.220237 48.801843)
VOJ:Vehicle:eb7f4c5b-3124-4194-9681-a3228ee7a55e,voi_de,2026-05-21 15:38:27+02,POINT (9.173236 48.826398)
VOJ:Vehicle:eb8e6f23-dd82-4c04-9ef8-8cf5ae7e004d,voi_de,2026-05-21 15:38:27+02,POINT (9.172096 48.762408)
VOJ:Vehicle:ecddfaa9-e919-41e8-8753-5e1e9b992092,voi_de,2026-05-21 15:38:27+02,POINT (9.197725 48.779092)
VOJ:Vehicle:ed2d70d5-d41d-4695-b342-58cdb7c361a8,voi_de,2026-05-21 15:38:27+02,POINT (9.176633 48.759346)
VOJ:Vehicle:ed35341c-d33f-4664-b45a-64a5badac46a,voi_de,2026-05-21 15:38:27+02,POINT (9.204964 48.785619)
VOJ:Vehicle:edca8e2e-1a45-425a-b457-eca452990f85,voi_de,2026-05-21 15:38:27+02,POINT (9.196889 48.77285)
VOJ:Vehicle:eefbf76a-30b7-44a3-84c2-8f4f0e0677a1,voi_de,2026-05-21 15:38:27+02,POINT (9.174017 48.779445)
VOJ:Vehicle:efc71a9e-ccde-4b31-b67f-2cd897260095,voi_de,2026-05-21 15:38:27+02,POINT (9.176974 48.767947)
VOJ:Vehicle:f018189b-e7ff-40fe-a3b4-90133d1f33bd,voi_de,2026-05-21 15:38:27+02,POINT (9.163123 48.761739)
VOJ:Vehicle:f29728c0-14d7-4c33-9806-681c5948a446,voi_de,2026-05-21 15:38:27+02,POINT (9.174157 48.779715)
VOJ:Vehicle:f2ee6448-34d9-49a0-a00e-2facf5cd92d4,voi_de,2026-05-21 15:38:27+02,POINT (9.18074 48.790471)
VOJ:Vehicle:f3108606-5548-4048-9d4f-78b8a6e0279d,voi_de,2026-05-21 15:38:27+02,POINT (9.14679 48.807159)
VOJ:Vehicle:f3312e90-f48f-41df-9e5d-193d6c034dd5,voi_de,2026-05-21 15:38:27+02,POINT (9.150374 48.769352)
VOJ:Vehicle:f37b287a-e8f9-4dfe-bd17-b8a062477fc2,voi_de,2026-05-21 15:38:27+02,POINT (9.140902 48.772024)
VOJ:Vehicle:f39bc252-ce92-4bc3-a48a-f35c5b2b9b5d,voi_de,2026-05-21 15:38:27+02,POINT (9.187966 48.76715)
VOJ:Vehicle:f43d7c00-9b57-4fca-a132-a2ae4c9c00b4,voi_de,2026-05-21 15:38:27+02,POINT (9.176029 48.829056)
VOJ:Vehicle:f58c65ee-c24d-46b6-9248-37b8b5ca7695,voi_de,2026-05-21 15:38:27+02,POINT (9.176034 48.829021)
VOJ:Vehicle:f59d55c8-22c2-46e9-b9a2-ee1e3d802dc5,voi_de,2026-05-21 15:38:27+02,POINT (9.171559 48.794159)
VOJ:Vehicle:f6d4e32a-c870-4c90-b770-1f07cada41c5,voi_de,2026-05-21 15:38:27+02,POINT (9.179257 48.789488)
VOJ:Vehicle:f71a3afa-37f9-4e3e-a0d6-f12278bdb77c,voi_de,2026-05-21 15:38:27+02,POINT (9.162323 48.769833)
VOJ:Vehicle:f8c989ac-f75f-4d93-bf19-8644980e8d54,voi_de,2026-05-21 15:38:27+02,POINT (9.149909 48.76926)
VOJ:Vehicle:f8da7524-5ae4-4ff1-9f85-115cf86b4590,voi_de,2026-05-21 15:38:27+02,POINT (9.225755 48.782033)
VOJ:Vehicle:f8ecb7ff-ac93-4c31-99de-1884a14ed1b7,voi_de,2026-05-21 15:38:27+02,POINT (9.194701 48.774633)
VOJ:Vehicle:f9a8752f-3d58-4434-a8f6-5732a50116a4,voi_de,2026-05-21 15:38:27+02,POINT (9.194055 48.784717)
VOJ:Vehicle:fa78e159-017c-42e6-b00e-93b2e1ba85ff,voi_de,2026-05-21 15:38:27+02,POINT (9.147217 48.76811)
VOJ:Vehicle:fa8e9670-3be7-4c88-a4de-9aee629f6ab1,voi_de,2026-05-21 15:38:27+02,POINT (9.18989 48.796516)
VOJ:Vehicle:fb16a61b-a6db-419f-b0b9-8bd343935d4e,voi_de,2026-05-21 15:38:27+02,POINT (9.145237 48.770836)
VOJ:Vehicle:fbbea1ef-5a3e-4b74-a096-5162e6f22faf,voi_de,2026-05-21 15:38:27+02,POINT (9.171366 48.785754)
VOJ:Vehicle:fbd44f9a-ea57-4589-b954-5764ff847b32,voi_de,2026-05-21 15:38:27+02,POINT (9.178365 48.82854)
VOJ:Vehicle:fd12ad3c-6e3a-4c17-b647-120078027c32,voi_de,2026-05-21 15:38:27+02,POINT (9.149416 48.815523)
VOJ:Vehicle:fd2a7b7a-a7dd-4599-bb8a-b43fef4269b8,voi_de,2026-05-21 15:38:27+02,POINT (9.235599 48.788837)
VOJ:Vehicle:fdcd7a74-7c5a-42a2-9a67-dbd8eb7d7b68,voi_de,2026-05-21 15:38:27+02,POINT (9.170642 48.773277)
VOJ:Vehicle:fe1535da-b03f-4af9-b5f6-c09844c00206,voi_de,2026-05-21 15:38:27+02,POINT (9.172268 48.774799)
VOJ:Vehicle:fee77d28-5b92-45a2-ab96-15103eb8a36a,voi_de,2026-05-21 15:38:27+02,POINT (9.220616 48.796785)
VOJ:Vehicle:ff63af00-a6b4-44f4-95ae-41c8db0a7bae,voi_de,2026-05-21 15:38:27+02,POINT (9.150692 48.810112)
VOJ:Vehicle:ff8415db-a7e1-4839-9a48-18a94bc487c7,voi_de,2026-05-21 15:38:27+02,POINT (9.113948 48.814625)
VOJ:Vehicle:ffd55393-278b-4300-95df-ba83afcb481b,voi_de,2026-05-21 15:38:27+02,POINT (9.158249 48.816171)
VOJ:Vehicle:009278ac-3222-4f2e-830e-d4980bc3b799,voi_de,2026-05-21 15:38:27+02,POINT (9.214338 48.805554)
VOJ:Vehicle:011bacbc-a6f4-4c4a-a711-d37d23114934,voi_de,2026-05-21 15:38:27+02,POINT (9.215961 48.804604)
VOJ:Vehicle:01bfbf41-e43c-499b-8c4b-84fc2ae189bf,voi_de,2026-05-21 15:38:27+02,POINT (9.169238 48.78929)
VOJ:Vehicle:02812a2b-b3eb-40ce-b0cc-211d03294d83,voi_de,2026-05-21 15:38:27+02,POINT (9.236173 48.788004)
VOJ:Vehicle:0396663d-24ae-4676-b0c8-8da16ecacd2b,voi_de,2026-05-21 15:38:27+02,POINT (9.196038 48.774468)
VOJ:Vehicle:04b43802-e521-4ffc-adf2-421d20628131,voi_de,2026-05-21 15:38:27+02,POINT (9.156104 48.770071)
VOJ:Vehicle:0537a4fa-6910-44d8-9d85-ec29f308a288,voi_de,2026-05-21 15:38:27+02,POINT (9.17075 48.817985)
VOJ:Vehicle:07083fb4-7195-40e5-b853-8b03f6b9e5be,voi_de,2026-05-21 15:38:27+02,POINT (9.178205 48.784179)
VOJ:Vehicle:081d3341-3667-48f1-84b6-50c182ba3dbb,voi_de,2026-05-21 15:38:27+02,POINT (9.143555 48.770194)
VOJ:Vehicle:09c653fb-9548-4c07-82ef-97955634ceb4,voi_de,2026-05-21 15:38:27+02,POINT (9.189249 48.779077)
VOJ:Vehicle:0a6a0651-d227-4cd2-be1d-207610ea88ee,voi_de,2026-05-21 15:38:27+02,POINT (9.168415 48.747968)
VOJ:Vehicle:0b0745a3-1402-4ed4-b1a8-0ec0160c5926,voi_de,2026-05-21 15:38:27+02,POINT (9.196399 48.778643)
VOJ:Vehicle:0be2253d-2249-48bd-98fc-fad0281e115c,voi_de,2026-05-21 15:38:27+02,POINT (9.196177 48.808067)
VOJ:Vehicle:0be446c1-d845-46da-ab33-3de30d0c7d5e,voi_de,2026-05-21 15:38:27+02,POINT (9.159398 48.768702)
VOJ:Vehicle:0df70536-e3c3-4448-b9ea-139b85fe0e82,voi_de,2026-05-21 15:38:27+02,POINT (9.179424 48.76836)
VOJ:Vehicle:0e4c272f-f4a3-44fd-988a-f2b4f9f963f5,voi_de,2026-05-21 15:38:27+02,POINT (9.15173 48.816901)
VOJ:Vehicle:0e87bddd-bc9e-4304-a853-b54368edccf5,voi_de,2026-05-21 15:38:27+02,POINT (9.194623 48.784734)
VOJ:Vehicle:0e95da17-4442-423a-822f-8a5fbc2e985a,voi_de,2026-05-21 15:38:27+02,POINT (9.179683 48.79426)
VOJ:Vehicle:0efc1883-110e-481d-a9c5-798eadeb5a13,voi_de,2026-05-21 15:38:27+02,POINT (9.158228 48.816104)
VOJ:Vehicle:11adb7fd-b079-4f67-87b4-b92cd57055e6,voi_de,2026-05-21 15:38:27+02,POINT (9.146777 48.728501)
VOJ:Vehicle:120e9197-80e6-46ea-8d77-b158902ecdf3,voi_de,2026-05-21 15:38:27+02,POINT (9.166827 48.822208)
VOJ:Vehicle:13e9b0eb-cc7d-4efd-aff2-9f363c21d18c,voi_de,2026-05-21 15:38:27+02,POINT (9.156825 48.818043)
VOJ:Vehicle:140c4a98-7c13-4189-b13a-0794ceeb9304,voi_de,2026-05-21 15:38:27+02,POINT (9.178893 48.785867)
VOJ:Vehicle:14ead9b3-5c4a-48d4-b84b-161691070cee,voi_de,2026-05-21 15:38:27+02,POINT (9.164591 48.804192)
VOJ:Vehicle:14f2c28d-cd63-40af-a136-ae9f627148ba,voi_de,2026-05-21 15:38:27+02,POINT (9.194856 48.779864)
VOJ:Vehicle:16061b2b-fa08-4bd7-8fb4-906080594517,voi_de,2026-05-21 15:38:27+02,POINT (9.152464 48.771901)
VOJ:Vehicle:16d878e6-89b1-4cf9-ba6e-1e407b78caad,voi_de,2026-05-21 15:38:27+02,POINT (9.113694 48.813038)
VOJ:Vehicle:170dc656-fb31-47cd-8760-5dcf0529efd8,voi_de,2026-05-21 15:38:27+02,POINT (9.217675 48.798779)
VOJ:Vehicle:187c387c-b95d-4e64-98c8-289de0427641,voi_de,2026-05-21 15:38:27+02,POINT (9.178255 48.784202)
VOJ:Vehicle:1978eeca-e44a-4b43-b8f9-358b1cc2f340,voi_de,2026-05-21 15:38:27+02,POINT (9.186712 48.77389)
VOJ:Vehicle:1a74094c-243f-407b-9ab7-c856e744f0fd,voi_de,2026-05-21 15:38:27+02,POINT (9.217572 48.780385)
VOJ:Vehicle:1a8d3423-0ad7-46eb-9b80-3bbd2b00fc93,voi_de,2026-05-21 15:38:27+02,POINT (9.164128 48.786235)
VOJ:Vehicle:1a980ae9-a755-4184-b3a0-28587a8dbb49,voi_de,2026-05-21 15:38:27+02,POINT (9.162609 48.769633)
VOJ:Vehicle:1b8a7d78-8b38-4a66-b943-584e3280014f,voi_de,2026-05-21 15:38:27+02,POINT (9.203763 48.77315)
VOJ:Vehicle:1bf69c46-ee04-4b8d-a281-91d0fb5f3f30,voi_de,2026-05-21 15:38:27+02,POINT (9.157743 48.783378)
VOJ:Vehicle:1d6fe5e0-0dfa-43e2-9832-4ced3f7bdaba,voi_de,2026-05-21 15:38:27+02,POINT (9.185248 48.750366)
VOJ:Vehicle:1ebc388f-7048-4bb0-809e-6464449ff626,voi_de,2026-05-21 15:38:27+02,POINT (9.150384 48.769298)
VOJ:Vehicle:1ee1b762-97dc-455c-832e-08bfbb4f7cfd,voi_de,2026-05-21 15:38:27+02,POINT (9.211456 48.790238)
VOJ:Vehicle:1f3596e6-4969-4e6d-9066-018a893ffd7a,voi_de,2026-05-21 15:38:27+02,POINT (9.198215 48.789647)
VOJ:Vehicle:1fb97651-8360-4488-b3ba-910fb66a28ea,voi_de,2026-05-21 15:38:27+02,POINT (9.165074 48.764759)
VOJ:Vehicle:1fc26785-5bd9-48cf-a795-52c30cbefc81,voi_de,2026-05-21 15:38:27+02,POINT (9.150509 48.767415)
VOJ:Vehicle:202d7d0e-8ff7-4ed6-a09b-9c525b692445,voi_de,2026-05-21 15:38:27+02,POINT (9.184141 48.766053)
VOJ:Vehicle:21b6d3f0-c3af-4c4f-8b87-8725430c49ee,voi_de,2026-05-21 15:38:27+02,POINT (9.212744 48.805855)
VOJ:Vehicle:23230c70-4981-4feb-820e-153edaaae7e0,voi_de,2026-05-21 15:38:27+02,POINT (9.108937 48.810754)
VOJ:Vehicle:24728d20-4e07-4b02-a474-8f5fcfffaf01,voi_de,2026-05-21 15:38:27+02,POINT (9.174536 48.775986)
VOJ:Vehicle:25a470a1-2b5a-4be4-8fe4-33dab1f8a677,voi_de,2026-05-21 15:38:27+02,POINT (9.142222 48.758411)
VOJ:Vehicle:2602f1ca-e614-48cd-bf6e-b9281f46dc8d,voi_de,2026-05-21 15:38:27+02,POINT (9.170541 48.828537)
VOJ:Vehicle:2785b6c5-f3e5-4a9e-b82a-bf216790b2f2,voi_de,2026-05-21 15:38:27+02,POINT (9.132548 48.814107)
VOJ:Vehicle:27bc45c3-ecef-4586-af68-a127065eeec2,voi_de,2026-05-21 15:38:27+02,POINT (9.191069 48.769579)
VOJ:Vehicle:27c8438f-13a6-4965-a434-639195974f06,voi_de,2026-05-21 15:38:27+02,POINT (9.170307 48.821773)
VOJ:Vehicle:27de294d-308a-462b-854a-fe3dfcc7a185,voi_de,2026-05-21 15:38:27+02,POINT (9.16665 48.748363)
VOJ:Vehicle:282e8fb7-1b07-46a1-9f84-02e43569f704,voi_de,2026-05-21 15:38:27+02,POINT (9.178234 48.783148)
VOJ:Vehicle:291b5188-385c-4bdb-8975-54fd526b72ea,voi_de,2026-05-21 15:38:27+02,POINT (9.178683 48.790619)
VOJ:Vehicle:29321fae-4834-4cf9-a24b-563c277ed444,voi_de,2026-05-21 15:38:27+02,POINT (9.171222 48.818285)
VOJ:Vehicle:29ccad41-8790-41f2-b1b9-ffdb1e5303c3,voi_de,2026-05-21 15:38:27+02,POINT (9.14512 48.771118)
VOJ:Vehicle:29dd3337-d3ec-4ddd-ad13-a51bdb93b466,voi_de,2026-05-21 15:38:27+02,POINT (9.151361 48.783331)
VOJ:Vehicle:29eb96c5-4a87-4836-8750-4d994f62161a,voi_de,2026-05-21 15:38:27+02,POINT (9.156397 48.760513)
VOJ:Vehicle:2a039c04-6b82-4ee9-933e-161ea2f7abdb,voi_de,2026-05-21 15:38:27+02,POINT (9.18123 48.765672)
VOJ:Vehicle:2a903090-f74c-4f78-accd-579c575e1d64,voi_de,2026-05-21 15:38:27+02,POINT (9.147058 48.777889)
VOJ:Vehicle:2ae9698a-d8e3-4888-94d7-f90ac372fbda,voi_de,2026-05-21 15:38:27+02,POINT (9.113123 48.814446)
VOJ:Vehicle:2aef78a3-0584-462e-87c9-5800a53cf256,voi_de,2026-05-21 15:38:27+02,POINT (9.217652 48.799368)
VOJ:Vehicle:2b115df9-ca9f-48e3-a124-90df87b333dc,voi_de,2026-05-21 15:38:27+02,POINT (9.184771 48.771438)
VOJ:Vehicle:2b1161e6-5460-402c-a508-68533c6212a2,voi_de,2026-05-21 15:38:27+02,POINT (9.161134 48.757172)
VOJ:Vehicle:2b504f13-c85f-4472-b268-194d539d5f1e,voi_de,2026-05-21 15:38:27+02,POINT (9.19487 48.783568)
VOJ:Vehicle:2b7be5d4-faef-4bbc-bad6-91d5b5718951,voi_de,2026-05-21 15:38:27+02,POINT (9.170594 48.773268)
VOJ:Vehicle:2c1325f6-23a8-4e42-9d6f-b74406aed13b,voi_de,2026-05-21 15:38:27+02,POINT (9.193026 48.783502)
VOJ:Vehicle:2ca4169d-a32d-4f08-b7b9-229fcc7839f5,voi_de,2026-05-21 15:38:27+02,POINT (9.2114 48.795709)
VOJ:Vehicle:2e07af81-a28c-4f41-9c30-0128ba86f5b4,voi_de,2026-05-21 15:38:27+02,POINT (9.154689 48.805608)
VOJ:Vehicle:2e5b2f79-d573-4683-892c-8c2b8bd53220,voi_de,2026-05-21 15:38:27+02,POINT (9.170103 48.783355)
VOJ:Vehicle:2ebadebd-a758-4c55-a545-f01e80a8f528,voi_de,2026-05-21 15:38:27+02,POINT (9.174882 48.77592)
VOJ:Vehicle:2f1873f1-7d4c-44af-9049-4515a04e83a1,voi_de,2026-05-21 15:38:27+02,POINT (9.149236 48.756859)
VOJ:Vehicle:2f8e91dd-51a5-4f37-8426-2be160b1c051,voi_de,2026-05-21 15:38:27+02,POINT (9.199733 48.789588)
VOJ:Vehicle:30d30ff8-ff56-4fd3-a9ec-2b4072fb4095,voi_de,2026-05-21 15:38:27+02,POINT (9.153274 48.781568)
VOJ:Vehicle:31481eed-c8da-43aa-a1a8-308374b57420,voi_de,2026-05-21 15:38:27+02,POINT (9.182723 48.775299)
VOJ:Vehicle:319308b9-a2a8-416a-8296-18bf346c5433,voi_de,2026-05-21 15:38:27+02,POINT (9.159594 48.744048)
VOJ:Vehicle:31ce0d6b-8288-4e1e-ac72-e83b899684c7,voi_de,2026-05-21 15:38:27+02,POINT (9.15346 48.813912)
VOJ:Vehicle:325cd7a5-8eef-4573-aa1c-bbd49e4218cd,voi_de,2026-05-21 15:38:27+02,POINT (9.237862 48.776412)
VOJ:Vehicle:32f93121-e867-4511-a0c7-c5450a2aa921,voi_de,2026-05-21 15:38:27+02,POINT (9.22333 48.800662)
VOJ:Vehicle:35e8ea9f-76af-4d99-a86a-ddadb3bbe24b,voi_de,2026-05-21 15:38:27+02,POINT (9.171628 48.828101)
VOJ:Vehicle:3629af24-e74c-487f-b18c-7756224394d9,voi_de,2026-05-21 15:38:27+02,POINT (9.18867 48.778048)
VOJ:Vehicle:3640bf23-f33b-4e8b-b137-d95f74cfdce9,voi_de,2026-05-21 15:38:27+02,POINT (9.225851 48.800905)
VOJ:Vehicle:36de2673-b6a9-43b0-aa5d-0a30978dc98f,voi_de,2026-05-21 15:38:27+02,POINT (9.20037 48.778938)
VOJ:Vehicle:3769f566-a313-47a6-b99e-6b488923ded8,voi_de,2026-05-21 15:38:27+02,POINT (9.157272 48.768097)
VOJ:Vehicle:378eeb58-decb-47c1-81bd-f2bb86f434c6,voi_de,2026-05-21 15:38:27+02,POINT (9.170851 48.774638)
VOJ:Vehicle:39185f98-ec37-4a75-bd90-810150426a7b,voi_de,2026-05-21 15:38:27+02,POINT (9.170976 48.795938)
VOJ:Vehicle:3a91b224-2cfc-4782-8165-a4968b32c451,voi_de,2026-05-21 15:38:27+02,POINT (9.173163 48.791343)
VOJ:Vehicle:3aa5c779-7cbd-41b5-ae1a-2136d3a48698,voi_de,2026-05-21 15:38:27+02,POINT (9.1653 48.828444)
VOJ:Vehicle:3b350ce3-6617-4ebe-9a23-5e5cfa7c1aac,voi_de,2026-05-21 15:38:27+02,POINT (9.166218 48.806759)
VOJ:Vehicle:3beace49-2124-4bc8-982a-daf958199b6f,voi_de,2026-05-21 15:38:27+02,POINT (9.14648 48.807396)
VOJ:Vehicle:3c9908de-ebf1-44a3-8031-e862aab55173,voi_de,2026-05-21 15:38:27+02,POINT (9.179315 48.793557)
VOJ:Vehicle:3cee3fa3-51e1-49c8-a19d-bbf23f820138,voi_de,2026-05-21 15:38:27+02,POINT (9.149883 48.808906)
VOJ:Vehicle:3ea24cee-2134-46a3-8d89-413c354ca11f,voi_de,2026-05-21 15:38:27+02,POINT (9.132485 48.814135)
VOJ:Vehicle:3f368d90-d807-474e-b36b-c506be51f5a4,voi_de,2026-05-21 15:38:27+02,POINT (9.190221 48.818738)
VOJ:Vehicle:3f56f79f-b1e7-4a03-8b84-4af86c4296be,voi_de,2026-05-21 15:38:27+02,POINT (9.165787 48.765681)
VOJ:Vehicle:40694930-2295-4a29-80bf-a786d67d0c96,voi_de,2026-05-21 15:38:27+02,POINT (9.168652 48.829149)
VOJ:Vehicle:40f8e0e3-3825-49b2-8819-33c9c31da7cc,voi_de,2026-05-21 15:38:27+02,POINT (9.132545 48.81414)
VOJ:Vehicle:419094bd-6d59-4195-a0a4-53747dc28f66,voi_de,2026-05-21 15:38:27+02,POINT (9.248349 48.769703)
VOJ:Vehicle:421d0445-2bfd-4eef-bbc8-0b3224b89377,voi_de,2026-05-21 15:38:27+02,POINT (9.188653 48.78445)
VOJ:Vehicle:425a8f36-08e0-4d97-a318-d5750acf36ef,voi_de,2026-05-21 15:38:27+02,POINT (9.197568 48.816666)
VOJ:Vehicle:42844a91-1f5d-4dba-bdaa-58d9d5f0b012,voi_de,2026-05-21 15:38:27+02,POINT (9.171387 48.7756)
VOJ:Vehicle:42996bcc-a72f-4e5d-a6d0-3e17901a7549,voi_de,2026-05-21 15:38:27+02,POINT (9.136338 48.774141)
VOJ:Vehicle:434f46e3-cae1-4393-81ad-3aea74644b98,voi_de,2026-05-21 15:38:27+02,POINT (9.147845 48.730642)
VOJ:Vehicle:442acde5-59e8-44f8-881d-c662f9a51885,voi_de,2026-05-21 15:38:27+02,POINT (9.144968 48.805013)
VOJ:Vehicle:44a1a5e0-8ee7-42d5-86c4-cdad666ec8cf,voi_de,2026-05-21 15:38:27+02,POINT (9.22948 48.800843)
VOJ:Vehicle:44f8b55e-2ae4-49c8-901c-021f2c7e2c87,voi_de,2026-05-21 15:38:27+02,POINT (9.187528 48.7917)
VOJ:Vehicle:450231c0-a36a-4d39-af4b-a7736537ca7f,voi_de,2026-05-21 15:38:27+02,POINT (9.16819 48.78559)
VOJ:Vehicle:454f7166-2be5-4e41-925b-5eacff78b6ee,voi_de,2026-05-21 15:38:27+02,POINT (9.225941 48.789855)
VOJ:Vehicle:455b72f4-519a-441b-9b42-5828b1db5815,voi_de,2026-05-21 15:38:27+02,POINT (9.155208 48.732456)
VOJ:Vehicle:45c661c4-9fd6-4c03-9beb-c81aa2fb5b7b,voi_de,2026-05-21 15:38:27+02,POINT (9.167747 48.789325)
VOJ:Vehicle:464471f8-f850-4a67-bacf-8682fc991cd0,voi_de,2026-05-21 15:38:27+02,POINT (9.139896 48.754765)
VOJ:Vehicle:47a2dbf0-715e-4a4d-82b4-a3717df161be,voi_de,2026-05-21 15:38:27+02,POINT (9.166562 48.809912)
VOJ:Vehicle:483e84ba-1839-4e1b-a500-91d773833e72,voi_de,2026-05-21 15:38:27+02,POINT (9.159331 48.769461)
VOJ:Vehicle:48adc6f2-a6e3-435c-8648-3056da0da0a5,voi_de,2026-05-21 15:38:27+02,POINT (9.209901 48.795565)
VOJ:Vehicle:4ab5b129-2095-4833-a840-a71955e6ddc4,voi_de,2026-05-21 15:38:27+02,POINT (9.168322 48.759453)
VOJ:Vehicle:4c4a992f-35c8-4b12-bd1f-1c4e85917d07,voi_de,2026-05-21 15:38:27+02,POINT (9.160054 48.770997)
VOJ:Vehicle:4cf22438-3053-40b6-a367-12cd2d784025,voi_de,2026-05-21 15:38:27+02,POINT (9.109209 48.810932)
VOJ:Vehicle:4eb8ee0d-dde9-44be-89cd-3d9f123c45d4,voi_de,2026-05-21 15:38:27+02,POINT (9.14503 48.771482)
VOJ:Vehicle:4f409418-6f09-457d-a068-ebd2a8d68ad5,voi_de,2026-05-21 15:38:27+02,POINT (9.194968 48.783537)
VOJ:Vehicle:50c82a94-6f99-46b8-a78c-54b7916fcb9c,voi_de,2026-05-21 15:38:27+02,POINT (9.138955 48.807969)
VOJ:Vehicle:50dddb04-bce6-4edf-a852-139de9386796,voi_de,2026-05-21 15:38:27+02,POINT (9.160451 48.759927)
VOJ:Vehicle:5125f1d7-1176-4fe7-8a18-a8cc8513dd01,voi_de,2026-05-21 15:38:27+02,POINT (9.179003 48.763685)
VOJ:Vehicle:5184102b-4637-444b-b730-fc7dcb89524b,voi_de,2026-05-21 15:38:27+02,POINT (9.191238 48.779403)
VOJ:Vehicle:519a616f-ee9e-4664-b548-7f850144d6ae,voi_de,2026-05-21 15:38:27+02,POINT (9.175457 48.779196)
VOJ:Vehicle:519bd81d-b653-439b-bec9-a267b899211e,voi_de,2026-05-21 15:38:27+02,POINT (9.146572 48.80743)
VOJ:Vehicle:51ddc4c6-8708-4785-a3bb-d500c0ff488f,voi_de,2026-05-21 15:38:27+02,POINT (9.137545 48.778407)
VOJ:Vehicle:5219d7b6-debf-47c9-a8bb-499d8e786478,voi_de,2026-05-21 15:38:27+02,POINT (9.174331 48.776208)
VOJ:Vehicle:531aab1e-fc7f-47a3-ab87-696b72bda16d,voi_de,2026-05-21 15:38:27+02,POINT (9.145838 48.776358)
VOJ:Vehicle:53838090-a407-407c-b729-153e88ea8c77,voi_de,2026-05-21 15:38:27+02,POINT (9.149782 48.769293)
VOJ:Vehicle:53b5b920-5b2c-41cc-832e-b3a7993d4db3,voi_de,2026-05-21 15:38:27+02,POINT (9.180017 48.762467)
VOJ:Vehicle:55827e8e-a484-49d9-84ce-ae27a431e3cb,voi_de,2026-05-21 15:38:27+02,POINT (9.14745 48.730868)
VOJ:Vehicle:55f857a9-df61-4414-9e46-13bdda3c6d8e,voi_de,2026-05-21 15:38:27+02,POINT (9.170668 48.773317)
VOJ:Vehicle:562babc2-ef3f-4fab-9980-f123efd5da0f,voi_de,2026-05-21 15:38:27+02,POINT (9.159409 48.787142)
VOJ:Vehicle:5746841a-57c1-4fdd-9e68-365e462e0871,voi_de,2026-05-21 15:38:27+02,POINT (9.166915 48.831743)
VOJ:Vehicle:58b7a231-8f0f-49aa-b97d-6cd5f4741d25,voi_de,2026-05-21 15:38:27+02,POINT (9.215217 48.807152)
VOJ:Vehicle:5925525c-95f2-4661-b352-24c9e6f72365,voi_de,2026-05-21 15:38:27+02,POINT (9.174713 48.785588)
VOJ:Vehicle:595b2487-a059-45d2-82ff-f3aa9cb74130,voi_de,2026-05-21 15:38:27+02,POINT (9.21098 48.778292)
VOJ:Vehicle:59ffd49f-769c-47c9-94f9-35ba0ef16a7a,voi_de,2026-05-21 15:38:27+02,POINT (9.168715 48.772406)
VOJ:Vehicle:5ac1dbae-2d72-40ee-a029-942f349b3eab,voi_de,2026-05-21 15:38:27+02,POINT (9.146942 48.768222)
VOJ:Vehicle:5aeee975-4a98-41a6-999b-305da3d2c8ea,voi_de,2026-05-21 15:38:27+02,POINT (9.226559 48.798042)
VOJ:Vehicle:5af64f08-c89d-45ee-94ee-29c7c1ad724b,voi_de,2026-05-21 15:38:27+02,POINT (9.178236 48.784209)
VOJ:Vehicle:5be047bf-e9b5-451b-a0ae-21e28bc33be0,voi_de,2026-05-21 15:38:27+02,POINT (9.158963 48.817627)
VOJ:Vehicle:5c3e239c-3b2d-478c-89d0-58623806cc4a,voi_de,2026-05-21 15:38:27+02,POINT (9.224235 48.800762)
VOJ:Vehicle:5c7f8414-8577-4f60-9d42-9817090bdd44,voi_de,2026-05-21 15:38:27+02,POINT (9.153953 48.816581)
VOJ:Vehicle:5d0cc7de-2e24-4402-a4b8-1fea7c20ef3a,voi_de,2026-05-21 15:38:27+02,POINT (9.18017 48.790678)
VOJ:Vehicle:5dc8cf74-16bd-4e4e-a0e6-9243f48c297c,voi_de,2026-05-21 15:38:27+02,POINT (9.223747 48.797908)
VOJ:Vehicle:6133316f-f3a6-4f3d-bd5b-60ba4a25c4f9,voi_de,2026-05-21 15:38:27+02,POINT (9.182118 48.775625)
VOJ:Vehicle:61337b9f-54e2-4b16-8500-c4c534295b49,voi_de,2026-05-21 15:38:27+02,POINT (9.167657 48.761967)
VOJ:Vehicle:615654ff-80f5-419d-9dd4-a1bed800f6c1,voi_de,2026-05-21 15:38:27+02,POINT (9.166438 48.825598)
VOJ:Vehicle:62c13818-f8bf-4b2b-b6ea-5827789bdf99,voi_de,2026-05-21 15:38:27+02,POINT (9.19999 48.772309)
VOJ:Vehicle:63241977-b6bd-4de5-a8d8-1ee25ac8fe80,voi_de,2026-05-21 15:38:27+02,POINT (9.161902 48.768189)
VOJ:Vehicle:63f9cb85-e06a-4002-b494-115e356cad13,voi_de,2026-05-21 15:38:27+02,POINT (9.176705 48.774591)
VOJ:Vehicle:647416d6-f821-4b47-943c-175fd6590aad,voi_de,2026-05-21 15:38:27+02,POINT (9.152252 48.816105)
VOJ:Vehicle:64db8fd2-1656-4530-8100-c41013ea79bd,voi_de,2026-05-21 15:38:27+02,POINT (9.230746 48.799828)
VOJ:Vehicle:655c8552-2701-4d57-a5d7-4e5e499cf871,voi_de,2026-05-21 15:38:27+02,POINT (9.227037 48.801278)
VOJ:Vehicle:66983c98-9fed-4bb5-b849-11c3eea30151,voi_de,2026-05-21 15:38:27+02,POINT (9.123085 48.809827)
VOJ:Vehicle:69e6aef3-8889-4b6e-b45f-594a4d98b62c,voi_de,2026-05-21 15:38:27+02,POINT (9.212158 48.804773)
VOJ:Vehicle:69f10f97-4bac-4801-a567-7971e7481c4c,voi_de,2026-05-21 15:38:27+02,POINT (9.162891 48.761237)
VOJ:Vehicle:6a5e2fbe-1c1d-4072-af58-46b2e0799a10,voi_de,2026-05-21 15:38:27+02,POINT (9.174521 48.775901)
VOJ:Vehicle:6c33ed87-ec1d-4573-a263-2cf9d1310a1f,voi_de,2026-05-21 15:38:27+02,POINT (9.144572 48.779255)
VOJ:Vehicle:6c34bd10-4e41-49fe-87a0-e07cfc823ac3,voi_de,2026-05-21 15:38:27+02,POINT (9.163568 48.78433)
VOJ:Vehicle:6e1e53f2-5367-4c57-8fa4-84ecaa659d84,voi_de,2026-05-21 15:38:27+02,POINT (9.18533 48.791065)
VOJ:Vehicle:6ec93d27-3551-45c9-bf40-87acfbda327b,voi_de,2026-05-21 15:38:27+02,POINT (9.156018 48.732991)
VOJ:Vehicle:7013e221-2a4a-4693-bded-357fc1ddc87e,voi_de,2026-05-21 15:38:27+02,POINT (9.177055 48.812923)
VOJ:Vehicle:724b70fb-d944-4fc2-8144-4bf5e0ffa1be,voi_de,2026-05-21 15:38:27+02,POINT (9.123155 48.815925)
VOJ:Vehicle:725e12f7-eef2-4f10-a3b1-268498492b3c,voi_de,2026-05-21 15:38:27+02,POINT (9.160227 48.761294)
VOJ:Vehicle:72fc4cdc-ec30-4908-babe-2d55d753f649,voi_de,2026-05-21 15:38:27+02,POINT (9.163832 48.832501)
VOJ:Vehicle:7322e684-1bc8-482e-baa0-f9908fc57f5b,voi_de,2026-05-21 15:38:27+02,POINT (9.198506 48.782731)
VOJ:Vehicle:7334e77f-5254-4dd8-8eff-2f25720dac5d,voi_de,2026-05-21 15:38:27+02,POINT (9.228725 48.778041)
VOJ:Vehicle:741a4765-5a79-4cb8-95c1-a4ee9e1d31e3,voi_de,2026-05-21 15:38:27+02,POINT (9.223051 48.803599)
VOJ:Vehicle:74dd7056-9460-402d-81f0-41722ee5723c,voi_de,2026-05-21 15:38:27+02,POINT (9.172782 48.8209)
VOJ:Vehicle:74f668af-16be-427a-a441-1edbca4b96a9,voi_de,2026-05-21 15:38:27+02,POINT (9.172185 48.783541)
VOJ:Vehicle:756a874f-c82b-4c05-875a-23cf7917f103,voi_de,2026-05-21 15:38:27+02,POINT (9.154203 48.758996)
VOJ:Vehicle:761ed89b-f0e0-41ff-b798-6ac90c8746f7,voi_de,2026-05-21 15:38:27+02,POINT (9.135268 48.729292)
VOJ:Vehicle:762138c4-54d9-40cd-afee-0f08eb6eac23,voi_de,2026-05-21 15:38:27+02,POINT (9.165047 48.813267)
VOJ:Vehicle:76486c75-981c-46be-b18c-8b59a10fe247,voi_de,2026-05-21 15:38:27+02,POINT (9.229972 48.777088)
VOJ:Vehicle:76d68fc0-ce23-411a-b6aa-3647b2679f89,voi_de,2026-05-21 15:38:27+02,POINT (9.139105 48.776968)
VOJ:Vehicle:781bd2fc-4d62-42e6-ab50-159876211abd,voi_de,2026-05-21 15:38:27+02,POINT (9.169136 48.777852)
VOJ:Vehicle:7a0974f4-2e5a-4e4b-a325-cfeb9ffb3a44,voi_de,2026-05-21 15:38:27+02,POINT (9.181988 48.775335)
VOJ:Vehicle:7a7e1fe3-50c7-4357-862f-d2da7bc7f3ad,voi_de,2026-05-21 15:38:27+02,POINT (9.196846 48.814332)
VOJ:Vehicle:7ac7e5bb-e8a8-4aa3-af70-0450476e12e5,voi_de,2026-05-21 15:38:27+02,POINT (9.157625 48.784282)
VOJ:Vehicle:7bf24f1f-baf0-4b95-895b-b358bc43ee46,voi_de,2026-05-21 15:38:27+02,POINT (9.214658 48.806192)
VOJ:Vehicle:7c35ca0e-f723-40c3-adac-7bb82269c769,voi_de,2026-05-21 15:38:27+02,POINT (9.194452 48.777581)
VOJ:Vehicle:7c5977c2-357d-457a-a70b-b9c6349d19a3,voi_de,2026-05-21 15:38:27+02,POINT (9.180819 48.764455)
VOJ:Vehicle:7cb7f5fb-7586-4590-823a-5edca947234d,voi_de,2026-05-21 15:38:27+02,POINT (9.225502 48.801156)
VOJ:Vehicle:7d1fd025-99f9-4f46-8435-dfbd2cda657a,voi_de,2026-05-21 15:38:27+02,POINT (9.153765 48.816561)
VOJ:Vehicle:7eab0989-3e4a-451a-a76b-f99b50c41526,voi_de,2026-05-21 15:38:27+02,POINT (9.174565 48.792185)
VOJ:Vehicle:807635ce-fd69-4bfc-85d5-decbd0ce4f21,voi_de,2026-05-21 15:38:27+02,POINT (9.173578 48.779587)
VOJ:Vehicle:81564d7a-bd79-4a27-8bee-34bbe0c4fae3,voi_de,2026-05-21 15:38:27+02,POINT (9.22912 48.778358)
VOJ:Vehicle:828b506a-9cb9-4d9c-85f5-4fbf26fdd67c,voi_de,2026-05-21 15:38:27+02,POINT (9.193524 48.788093)
VOJ:Vehicle:83c614c9-c8e9-485e-b2c0-ed3a10aa59e7,voi_de,2026-05-21 15:38:27+02,POINT (9.176322 48.779818)
VOJ:Vehicle:83e81b05-d1db-4907-8aa7-2e8dc0153aea,voi_de,2026-05-21 15:38:27+02,POINT (9.174209 48.776391)
VOJ:Vehicle:853a14f1-3bda-45e5-9432-6faea325e49c,voi_de,2026-05-21 15:38:27+02,POINT (9.165372 48.823474)
VOJ:Vehicle:85c4a23d-7c39-401b-bf02-09de786e02f2,voi_de,2026-05-21 15:38:27+02,POINT (9.166379 48.772913)
VOJ:Vehicle:8768d315-3531-4142-ac10-43905343972a,voi_de,2026-05-21 15:38:27+02,POINT (9.143617 48.80475)
VOJ:Vehicle:8883da47-3f63-4c75-bcca-0e8a81a80388,voi_de,2026-05-21 15:38:27+02,POINT (9.226066 48.796156)
VOJ:Vehicle:89676425-4a9b-4aef-8566-107ad5532a66,voi_de,2026-05-21 15:38:27+02,POINT (9.168298 48.832357)
VOJ:Vehicle:89cb57af-19bc-4eba-a480-3e3c238bc1b2,voi_de,2026-05-21 15:38:27+02,POINT (9.179324 48.774809)
VOJ:Vehicle:8a021e7a-29e9-4e34-95fb-99da802c9370,voi_de,2026-05-21 15:38:27+02,POINT (9.167413 48.832414)
VOJ:Vehicle:8ab2c133-e499-457e-a99e-a9975a5527e7,voi_de,2026-05-21 15:38:27+02,POINT (9.21283 48.778878)
VOJ:Vehicle:8b731315-be33-49af-a4ac-7a6b25f928d1,voi_de,2026-05-21 15:38:27+02,POINT (9.179004 48.779668)
VOJ:Vehicle:8ca22b72-e000-48d4-b7ed-e14f400c6838,voi_de,2026-05-21 15:38:27+02,POINT (9.156587 48.76649)
VOJ:Vehicle:905230bf-c5de-4188-9ed2-32e99cfe3d57,voi_de,2026-05-21 15:38:27+02,POINT (9.192186 48.79556)
VOJ:Vehicle:90d16fb5-04a7-4d66-9b53-64e2a1478e94,voi_de,2026-05-21 15:38:27+02,POINT (9.160328 48.806067)
VOJ:Vehicle:92252389-edab-4a6a-9b93-1ff0112a12d0,voi_de,2026-05-21 15:38:27+02,POINT (9.138882 48.774652)
VOJ:Vehicle:933618a8-32ff-4a2f-9d80-100d621a5cb6,voi_de,2026-05-21 15:38:27+02,POINT (9.174166 48.776504)
VOJ:Vehicle:933abcc2-38bc-4006-bc43-f6bb1f01d431,voi_de,2026-05-21 15:38:27+02,POINT (9.226132 48.796699)
VOJ:Vehicle:93449ab2-64fb-4c2b-80da-1fb125691436,voi_de,2026-05-21 15:38:27+02,POINT (9.161746 48.774611)
VOJ:Vehicle:93a6b354-02e3-4aaa-9b58-ecff389e65fc,voi_de,2026-05-21 15:38:27+02,POINT (9.182049 48.782573)
VOJ:Vehicle:93bcc8cd-5618-44ff-ac21-a46a88a01c93,voi_de,2026-05-21 15:38:27+02,POINT (9.150169 48.815516)
VOJ:Vehicle:94355280-3e31-4deb-97ef-c47fb79863f7,voi_de,2026-05-21 15:38:27+02,POINT (9.196361 48.812987)
VOJ:Vehicle:948be2c8-aa5e-45df-9d8e-8c56b38cf246,voi_de,2026-05-21 15:38:27+02,POINT (9.174645 48.775835)
VOJ:Vehicle:94d53f4a-646f-4891-8b5f-06d21e4aa32e,voi_de,2026-05-21 15:38:27+02,POINT (9.21841 48.802832)
VOJ:Vehicle:95dd6eb2-8ab0-42b6-80bd-358b806ed25c,voi_de,2026-05-21 15:38:27+02,POINT (9.191402 48.770918)
VOJ:Vehicle:961e1ed4-c822-43c0-99ab-0bdebc49180c,voi_de,2026-05-21 15:38:27+02,POINT (9.151389 48.783287)
VOJ:Vehicle:973654b8-489f-49a9-bdba-de43a1d73646,voi_de,2026-05-21 15:38:27+02,POINT (9.164397 48.764456)
VOJ:Vehicle:976bbaab-722e-4d62-8269-f935ad082637,voi_de,2026-05-21 15:38:27+02,POINT (9.185819 48.774549)
VOJ:Vehicle:9815367f-4c72-4723-8136-caf83a1a7511,voi_de,2026-05-21 15:38:27+02,POINT (9.20008 48.773303)
VOJ:Vehicle:98fb88df-1fd8-4226-816f-05a3c131c94b,voi_de,2026-05-21 15:38:27+02,POINT (9.198933 48.815889)
VOJ:Vehicle:9a6953e8-9bf8-470f-be6e-da5ea3ee3644,voi_de,2026-05-21 15:38:27+02,POINT (9.164644 48.771131)
VOJ:Vehicle:9adcb4b5-5fef-42fc-8e10-30a16c5114fb,voi_de,2026-05-21 15:38:27+02,POINT (9.160034 48.83122)
VOJ:Vehicle:9b093766-dc59-4c2a-b624-bf8004576991,voi_de,2026-05-21 15:38:27+02,POINT (9.217034 48.803294)
VOJ:Vehicle:9b6ce249-a778-4f37-a52e-a1415cb97a75,voi_de,2026-05-21 15:38:27+02,POINT (9.191415 48.78043)
VOJ:Vehicle:9ebc23d3-4412-4026-a80f-bfdf7934702c,voi_de,2026-05-21 15:38:27+02,POINT (9.19492 48.810916)
VOJ:Vehicle:9f838466-fb88-49fa-bdc2-b1795cfa2432,voi_de,2026-05-21 15:38:27+02,POINT (9.170196 48.765651)
VOJ:Vehicle:9fca64e6-ebac-4ad6-b984-bf1b37f8dd16,voi_de,2026-05-21 15:38:27+02,POINT (9.175822 48.760297)
VOJ:Vehicle:a0241191-d35c-4fe9-93fc-06d236f83bcd,voi_de,2026-05-21 15:38:27+02,POINT (9.169548 48.749031)
VOJ:Vehicle:a2932efe-6ff1-4ede-bfdd-630c69d4f12a,voi_de,2026-05-21 15:38:27+02,POINT (9.175709 48.773121)
VOJ:Vehicle:a36ade81-1ea8-4a08-b706-561d137dbc74,voi_de,2026-05-21 15:38:27+02,POINT (9.154581 48.770111)
VOJ:Vehicle:a39325ec-253b-4470-8f30-206178e22eed,voi_de,2026-05-21 15:38:27+02,POINT (9.160199 48.723193)
VOJ:Vehicle:a3c129ea-e5c1-4830-a43c-6d7482bbeaef,voi_de,2026-05-21 15:38:27+02,POINT (9.199541 48.818463)
VOJ:Vehicle:a3dde476-8cb1-4cdf-a5f1-42dcbdf1b401,voi_de,2026-05-21 15:38:27+02,POINT (9.169431 48.829837)
VOJ:Vehicle:a4639e50-ce5d-4fe5-a576-feebb980fd50,voi_de,2026-05-21 15:38:27+02,POINT (9.162368 48.786723)
VOJ:Vehicle:a72e83d0-618e-4831-9ecb-0c9b997f8287,voi_de,2026-05-21 15:38:27+02,POINT (9.150282 48.769316)
VOJ:Vehicle:a7a2489c-3dc2-4b07-a1b6-378e4c802b03,voi_de,2026-05-21 15:38:27+02,POINT (9.208395 48.770635)
VOJ:Vehicle:a7c97387-97f2-4bf8-a628-12b0be8165fd,voi_de,2026-05-21 15:38:27+02,POINT (9.236109 48.788667)
VOJ:Vehicle:a81df3fc-ce54-4df3-8b97-ba4138bfb1d5,voi_de,2026-05-21 15:38:27+02,POINT (9.148139 48.811687)
VOJ:Vehicle:a87fff5d-b263-451f-9971-b65513d8c273,voi_de,2026-05-21 15:38:27+02,POINT (9.193006 48.783491)
VOJ:Vehicle:aa3e8082-3340-496d-9086-d0b225aacbbc,voi_de,2026-05-21 15:38:27+02,POINT (9.184446 48.766467)
VOJ:Vehicle:aad2591d-0f39-46b5-989d-83f08e0fc516,voi_de,2026-05-21 15:38:27+02,POINT (9.193917 48.795784)
VOJ:Vehicle:abcaca9a-5856-4f02-93db-42ca23f8d90a,voi_de,2026-05-21 15:38:27+02,POINT (9.252051 48.776641)
VOJ:Vehicle:ac3c97d9-209a-47fe-a818-9469c4dd50ec,voi_de,2026-05-21 15:38:27+02,POINT (9.164975 48.828052)
VOJ:Vehicle:ac84819e-2ac5-4c3c-a301-579a00c5f1c8,voi_de,2026-05-21 15:38:27+02,POINT (9.159479 48.784348)
VOJ:Vehicle:adcab7eb-ab23-41f8-b578-fc6fa83aabf4,voi_de,2026-05-21 15:38:27+02,POINT (9.229157 48.778342)
VOJ:Vehicle:ae547c4a-a8ba-4932-8c6a-7da6134b4d43,voi_de,2026-05-21 15:38:27+02,POINT (9.174278 48.776333)
VOJ:Vehicle:aefc77bc-5a87-4225-9e04-6f8f31d5b329,voi_de,2026-05-21 15:38:27+02,POINT (9.152566 48.768562)
VOJ:Vehicle:afbbf5c7-f381-4489-bd88-ff8ccebbea2e,voi_de,2026-05-21 15:38:27+02,POINT (9.1763 48.779519)
VOJ:Vehicle:b06f6209-a2d8-43ef-bcf1-3ca4764a9a62,voi_de,2026-05-21 15:38:27+02,POINT (9.208109 48.770853)
VOJ:Vehicle:b10b21ac-4126-478d-b5c2-421246947605,voi_de,2026-05-21 15:38:27+02,POINT (9.166442 48.786814)
VOJ:Vehicle:b1383c8e-0e48-4b5c-9d0f-97735c185546,voi_de,2026-05-21 15:38:27+02,POINT (9.165953 48.764047)
VOJ:Vehicle:b17b2f17-d017-49e8-abc6-63cef38ee910,voi_de,2026-05-21 15:38:27+02,POINT (9.177321 48.784289)
VOJ:Vehicle:b1f55899-4ab8-4599-9baa-5c5801026326,voi_de,2026-05-21 15:38:27+02,POINT (9.174697 48.770617)
VOJ:Vehicle:b2516ae6-9abb-4a80-9921-4a64ef44e8d3,voi_de,2026-05-21 15:38:27+02,POINT (9.167305 48.766422)
VOJ:Vehicle:b2f39461-9855-4e5e-a579-fced44e97fd9,voi_de,2026-05-21 15:38:27+02,POINT (9.167501 48.761868)
VOJ:Vehicle:b320ae5e-d702-4366-9094-c5d32454a040,voi_de,2026-05-21 15:38:27+02,POINT (9.13952 48.771792)
VOJ:Vehicle:b374fd4f-475a-4798-9ce5-b2561e4ae595,voi_de,2026-05-21 15:38:27+02,POINT (9.166967 48.827825)
VOJ:Vehicle:b451fbe4-1b98-4f03-9cc3-f9454a716b5f,voi_de,2026-05-21 15:38:27+02,POINT (9.164909 48.821676)
VOJ:Vehicle:b4fdcb78-8b11-4788-91de-c4b245e8d8f9,voi_de,2026-05-21 15:38:27+02,POINT (9.175162 48.799466)
VOJ:Vehicle:b81f11cc-3808-4264-9d68-11d8e29c9a62,voi_de,2026-05-21 15:38:27+02,POINT (9.19515 48.809757)
VOJ:Vehicle:b9def9de-e8bb-4f0b-8935-0c5817eddc43,voi_de,2026-05-21 15:38:27+02,POINT (9.165748 48.765686)
VOJ:Vehicle:bab2ce71-9c01-4732-92f7-42308b3cafbd,voi_de,2026-05-21 15:38:27+02,POINT (9.145383 48.808384)
VOJ:Vehicle:bb08c832-2de0-47b1-a2bb-8b0246510e4f,voi_de,2026-05-21 15:38:27+02,POINT (9.167366 48.82532)
VOJ:Vehicle:bd0f5ac0-033b-484b-843b-6e5f135a21a4,voi_de,2026-05-21 15:38:27+02,POINT (9.147229 48.768071)
VOJ:Vehicle:bd264694-d500-492a-8714-9a4d0b157b37,voi_de,2026-05-21 15:38:27+02,POINT (9.195139 48.783519)
VOJ:Vehicle:bea12620-fd55-42a3-a766-d336519c9354,voi_de,2026-05-21 15:38:27+02,POINT (9.164138 48.786281)
VOJ:Vehicle:bebccdd7-b028-4fbd-a454-28f33f735ffe,voi_de,2026-05-21 15:38:27+02,POINT (9.180989 48.794706)
VOJ:Vehicle:bf0769a3-fa85-45ca-aee7-ed2655461e6e,voi_de,2026-05-21 15:38:27+02,POINT (9.177846 48.746278)
VOJ:Vehicle:bfb30f4a-a71d-4bee-a1ab-36f7df380b4b,voi_de,2026-05-21 15:38:27+02,POINT (9.222208 48.796095)
VOJ:Vehicle:c20abffc-cc1d-4d17-963a-c6da5995ef34,voi_de,2026-05-21 15:38:27+02,POINT (9.159848 48.785206)
VOJ:Vehicle:c2f032b9-5b29-472a-96a6-69efc630d12e,voi_de,2026-05-21 15:38:27+02,POINT (9.144884 48.771027)
VOJ:Vehicle:c3cbc79f-35e4-4ffe-81c2-62f29d85e540,voi_de,2026-05-21 15:38:27+02,POINT (9.11066 48.810924)
VOJ:Vehicle:c4adb609-0b7e-49cd-af7e-bb5c42864dfd,voi_de,2026-05-21 15:38:27+02,POINT (9.173687 48.77969)
VOJ:Vehicle:c5c32119-f4a6-4f88-bac3-4d6c0c2cae3c,voi_de,2026-05-21 15:38:27+02,POINT (9.148313 48.806008)
VOJ:Vehicle:c6edb1e0-aa30-4e11-8055-5cb903523ed1,voi_de,2026-05-21 15:38:27+02,POINT (9.154501 48.770188)
VOJ:Vehicle:c994028d-a887-4a43-8b6a-b3dfb19282ff,voi_de,2026-05-21 15:38:27+02,POINT (9.208431 48.770628)
VOJ:Vehicle:c9be3ca6-4e7f-42f0-b0ad-31a42c5075e1,voi_de,2026-05-21 15:38:27+02,POINT (9.145634 48.805842)
VOJ:Vehicle:c9e0aff7-81a9-4d76-a8ab-338b483ab28e,voi_de,2026-05-21 15:38:27+02,POINT (9.177679 48.78845)
VOJ:Vehicle:ca91819c-afac-44e3-9bb8-b47c21a910cf,voi_de,2026-05-21 15:38:27+02,POINT (9.174479 48.778131)
VOJ:Vehicle:cb07987d-9638-415e-bb35-b8979b7ffe5d,voi_de,2026-05-21 15:38:27+02,POINT (9.183604 48.769432)
VOJ:Vehicle:cc53c995-b5f9-4ce9-b936-bc93e610bcea,voi_de,2026-05-21 15:38:27+02,POINT (9.170699 48.75919)
VOJ:Vehicle:d00c9204-93f4-4b02-84ba-dbd02913afdd,voi_de,2026-05-21 15:38:27+02,POINT (9.190267 48.777957)
VOJ:Vehicle:d032ab74-dfb5-4165-960b-24fbec058f75,voi_de,2026-05-21 15:38:27+02,POINT (9.174514 48.775754)
VOJ:Vehicle:d0718ef7-685e-41ac-87cb-bb1b6f6c36d2,voi_de,2026-05-21 15:38:27+02,POINT (9.216639 48.780707)
VOJ:Vehicle:d0b9f73f-2f9a-4eb7-9e91-3ec140b51b35,voi_de,2026-05-21 15:38:27+02,POINT (9.165287 48.783495)
VOJ:Vehicle:d180804b-4e9c-4bf6-b660-ddd604193096,voi_de,2026-05-21 15:38:27+02,POINT (9.145863 48.81157)
VOJ:Vehicle:d193c211-cf4b-40a3-8ee7-4877d4bb041d,voi_de,2026-05-21 15:38:27+02,POINT (9.217345 48.800672)
VOJ:Vehicle:d2e6d769-33be-4270-8b5e-410785606dae,voi_de,2026-05-21 15:38:27+02,POINT (9.194664 48.811146)
VOJ:Vehicle:d2eef007-664a-4fb2-9a0e-845f6e06ef66,voi_de,2026-05-21 15:38:27+02,POINT (9.173335 48.761073)
VOJ:Vehicle:d354b840-61d6-4e1f-aecc-e4575e200c0c,voi_de,2026-05-21 15:38:27+02,POINT (9.166426 48.829629)
VOJ:Vehicle:d38b877e-ba5c-4608-a59d-40946ec23d5a,voi_de,2026-05-21 15:38:27+02,POINT (9.238202 48.77604)
VOJ:Vehicle:d51ff245-aa92-4a6f-97aa-bffc86654d8e,voi_de,2026-05-21 15:38:27+02,POINT (9.18023 48.770246)
VOJ:Vehicle:d58cc519-4190-4873-b854-d1cc7e5658ef,voi_de,2026-05-21 15:38:27+02,POINT (9.173002 48.7788)
VOJ:Vehicle:d628b739-e645-4f30-a157-cfe82efd3ccd,voi_de,2026-05-21 15:38:27+02,POINT (9.175104 48.819582)
VOJ:Vehicle:da7072b2-cb5b-46c4-900a-95e08c3d484f,voi_de,2026-05-21 15:38:27+02,POINT (9.167845 48.784804)
VOJ:Vehicle:dab466f3-1810-41fb-b20f-231df9da90de,voi_de,2026-05-21 15:38:27+02,POINT (9.106249 48.744126)
VOJ:Vehicle:db2d2b7c-a88b-42ed-8256-32693c04238c,voi_de,2026-05-21 15:38:27+02,POINT (9.147811 48.774005)
VOJ:Vehicle:db3fd57c-f590-4436-92af-a27ebf8f456a,voi_de,2026-05-21 15:38:27+02,POINT (9.142083 48.810568)
VOJ:Vehicle:db454408-fdc5-409f-a1cc-5bac4acae591,voi_de,2026-05-21 15:38:27+02,POINT (9.150442 48.783629)
VOJ:Vehicle:db4cd2e0-7026-4933-95c7-27905e613fba,voi_de,2026-05-21 15:38:27+02,POINT (9.17962 48.779511)
VOJ:Vehicle:dd30b5a2-8a27-421b-bfdd-105434019852,voi_de,2026-05-21 15:38:27+02,POINT (9.230848 48.795662)
VOJ:Vehicle:dd4aae8d-8fba-4533-9ca6-7cef0eb7c9a1,voi_de,2026-05-21 15:38:27+02,POINT (9.179429 48.781005)
VOJ:Vehicle:dd7c3e4e-9f94-49e7-90eb-89a1e726ed5c,voi_de,2026-05-21 15:38:27+02,POINT (9.102183 48.751298)
VOJ:Vehicle:df9af774-77ef-4d0f-80df-4d51a3114a1f,voi_de,2026-05-21 15:38:27+02,POINT (9.14257 48.75561)
VOJ:Vehicle:e0daf48a-a54f-497e-a05d-fe9e80d3611c,voi_de,2026-05-21 15:38:27+02,POINT (9.167374 48.832345)
VOJ:Vehicle:e16457bd-b8b7-4f7b-a755-af29b923d460,voi_de,2026-05-21 15:38:27+02,POINT (9.178245 48.784203)
VOJ:Vehicle:e2e481d0-2d22-424a-ae97-8e2d9a97de1c,voi_de,2026-05-21 15:38:27+02,POINT (9.183795 48.777601)
VOJ:Vehicle:e2f6bafb-892c-4a60-9a3e-d68b376fdfad,voi_de,2026-05-21 15:38:27+02,POINT (9.169174 48.777861)
VOJ:Vehicle:e34b8be5-5863-4ead-bf25-8116c0c0a480,voi_de,2026-05-21 15:38:27+02,POINT (9.178642 48.795468)
VOJ:Vehicle:e3af3a12-b02b-4c5f-b9e3-148a2c585f74,voi_de,2026-05-21 15:38:27+02,POINT (9.179112 48.816102)
VOJ:Vehicle:e4c86892-0def-4878-8fe9-ac936dfb3df6,voi_de,2026-05-21 15:38:27+02,POINT (9.14114 48.804126)
VOJ:Vehicle:e585967c-b04d-4ec2-9570-4b7ddc6720e7,voi_de,2026-05-21 15:38:27+02,POINT (9.17608 48.799578)
VOJ:Vehicle:e7af03b3-8139-47a7-a00e-79b4aa0101c4,voi_de,2026-05-21 15:38:27+02,POINT (9.17636 48.780416)
VOJ:Vehicle:e8542482-7293-4a37-b840-de73cb822c93,voi_de,2026-05-21 15:38:27+02,POINT (9.108591 48.810851)
VOJ:Vehicle:ea0588ab-6cc4-422c-935a-69e39abcb3a1,voi_de,2026-05-21 15:38:27+02,POINT (9.160537 48.769762)
VOJ:Vehicle:ea4fa8d8-5d7b-49bd-9df7-d21868e2c9c2,voi_de,2026-05-21 15:38:27+02,POINT (9.190967 48.797137)
VOJ:Vehicle:ee2d9938-111c-40f1-95ba-6f4ab9602432,voi_de,2026-05-21 15:38:27+02,POINT (9.179612 48.787801)
VOJ:Vehicle:ef451dca-2570-43e5-94cc-cde9fd8a041f,voi_de,2026-05-21 15:38:27+02,POINT (9.174321 48.772126)
VOJ:Vehicle:ef878164-ff73-48c5-b85e-ae8501c5bdd7,voi_de,2026-05-21 15:38:27+02,POINT (9.183433 48.793058)
VOJ:Vehicle:efe353ba-f574-4940-8097-169f2111365e,voi_de,2026-05-21 15:38:27+02,POINT (9.166774 48.761494)
VOJ:Vehicle:f2933747-be65-40b7-8516-f7f0b49e6719,voi_de,2026-05-21 15:38:27+02,POINT (9.160197 48.725462)
VOJ:Vehicle:f2d0fa67-28c2-4dd1-b199-0fba1a27421f,voi_de,2026-05-21 15:38:27+02,POINT (9.154793 48.831004)
VOJ:Vehicle:f34630f4-823e-46bb-b484-5aed37eaef8e,voi_de,2026-05-21 15:38:27+02,POINT (9.176063 48.799561)
VOJ:Vehicle:f46dd71b-b4bd-4bfb-af51-03f8366ca5be,voi_de,2026-05-21 15:38:27+02,POINT (9.193573 48.78537)
VOJ:Vehicle:f48a733c-c938-4755-8049-9051e86d3d27,voi_de,2026-05-21 15:38:27+02,POINT (9.174363 48.830533)
VOJ:Vehicle:f49dbdb6-b78b-4fe4-a9f2-2fffef698162,voi_de,2026-05-21 15:38:27+02,POINT (9.193981 48.783725)
VOJ:Vehicle:f6b19de3-5d0f-48ed-a265-05b0ffeb057c,voi_de,2026-05-21 15:38:27+02,POINT (9.163638 48.814432)
VOJ:Vehicle:f6c1fdcd-f990-487d-824f-b76fcce29964,voi_de,2026-05-21 15:38:27+02,POINT (9.164098 48.822481)
VOJ:Vehicle:f6e0240a-1757-47d2-8a23-398d7dab63e7,voi_de,2026-05-21 15:38:27+02,POINT (9.172761 48.757672)
VOJ:Vehicle:f844f275-ac2a-4035-a49b-64f8c6d96b82,voi_de,2026-05-21 15:38:27+02,POINT (9.217391 48.80072)
VOJ:Vehicle:f989da48-d77a-447f-868d-0d9a995ea7db,voi_de,2026-05-21 15:38:27+02,POINT (9.142497 48.809571)
VOJ:Vehicle:fa773afd-59ee-4971-8de6-09ee3ef37777,voi_de,2026-05-21 15:38:27+02,POINT (9.193422 48.785364)
VOJ:Vehicle:fb758eb0-9c98-4a44-93e1-cd5cb55f14b3,voi_de,2026-05-21 15:38:27+02,POINT (9.161137 48.771609)
VOJ:Vehicle:fd4bb442-b411-4b66-9422-326c52aa44e2,voi_de,2026-05-21 15:38:27+02,POINT (9.249679 48.779536)
VOJ:Vehicle:feee7f7d-330b-4e94-b5ec-87fbd07feb0a,voi_de,2026-05-21 15:38:27+02,POINT (9.1084 48.745255)
VOJ:Vehicle:ff9a68e3-4db4-4e5d-82d7-f72a423b431c,voi_de,2026-05-21 15:38:27+02,POINT (9.179655 48.779507)
VOJ:Vehicle:acea3d60-a320-438d-9de7-33abb02ed60a,voi_de,2026-05-21 15:38:27+02,POINT (9.158282 48.816346)
VOJ:Vehicle:b4f49183-0c98-41c4-8bce-2a5d03c3a357,voi_de,2026-05-21 15:38:27+02,POINT (9.147748 48.73099)
VOJ:Vehicle:18aa79b4-2c8e-4ea7-a2a5-46960a541f35,voi_de,2026-05-21 15:38:27+02,POINT (9.170686 48.774577)
