{
  "type": "FeatureCollection",
  "generator": "overpass-turbo",
  "copyright": "The data included in this document is from www.openstreetmap.org. The data is made available under ODbL.",
  "timestamp": "2026-06-14T11:06:30Z",
  "features": [
    {
      "type": "Feature",
      "properties": {
        "@id": "way/25262487",
        "building": "sports_hall",
        "leisure": "sports_centre",
        "sport": "multi",
        "toilets:wheelchair": "yes",
        "website": "https://www.plankstadt.de/,Lde/Startseite/Leben+in+Plankstadt/Mehrzweckhalle.html",
        "wheelchair": "yes",
        "@geometry": "center"
      },
      "geometry": {
        "type": "Point",
        "coordinates": [
          8.5807294,
          49.3975919
        ]
      },
      "id": "way/25262487"
    },
    {
      "type": "Feature",
      "properties": {
        "@id": "way/27666659",
        "building": "sports_centre",
        "leisure": "sports_centre",
        "name": "Pestalozzi-Halle",
        "sport": "multi",
        "@geometry": "center"
      },
      "geometry": {
        "type": "Point",
        "coordinates": [
          8.6053135,
          49.4442385
        ]
      },
      "id": "way/27666659"
    },
    {
      "type": "Feature",
      "properties": {
        "@id": "way/28300387",
        "leisure": "sports_centre",
        "name": "Sportpark Pfeifferswörth",
        "sport": "multi",
        "@geometry": "center"
      },
      "geometry": {
        "type": "Point",
        "coordinates": [
          8.5059573,
          49.4877656
        ]
      },
      "id": "way/28300387"
    },
    {
      "type": "Feature",
      "properties": {
        "@id": "way/28441422",
        "leisure": "sports_centre",
        "name": "Sportpark Neckarplatt",
        "sport": "multi",
        "@geometry": "center"
      },
      "geometry": {
        "type": "Point",
        "coordinates": [
          8.51598,
          49.4853584
        ]
      },
      "id": "way/28441422"
    },
    {
      "type": "Feature",
      "properties": {
        "@id": "way/28442113",
        "leisure": "sports_centre",
        "name": "Schützengesellschaft 1744 Mannheim",
        "sport": "multi",
        "website": "http://www.sg1744mannheim.de/",
        "@geometry": "center"
      },
      "geometry": {
        "type": "Point",
        "coordinates": [
          8.5111199,
          49.4904648
        ]
      },
      "id": "way/28442113"
    },
    {
      "type": "Feature",
      "properties": {
        "@id": "way/28442249",
        "addr:city": "Mannheim",
        "addr:housenumber": "7",
        "addr:street": "Auf den Ried",
        "leisure": "sports_centre",
        "name": "Feldbogen- und Blasrohrschützen Mannheim 2014",
        "operator": "Feldbogen- und Blasrohrschützen Mannheim 2014 e. V.",
        "short_name": "Feldbogen- und Blasrohrschützen",
        "sport": "archery",
        "website": "https://fbsmannheim2014.de/",
        "@geometry": "center"
      },
      "geometry": {
        "type": "Point",
        "coordinates": [
          8.5391352,
          49.5015951
        ]
      },
      "id": "way/28442249"
    },
    {
      "type": "Feature",
      "properties": {
        "@id": "way/30253114",
        "building": "yes",
        "leisure": "sports_centre",
        "name": "Sporthalle Kurpfalz-Schulzentrum",
        "sport": "multi",
        "wheelchair": "yes",
        "@geometry": "center"
      },
      "geometry": {
        "type": "Point",
        "coordinates": [
          8.6542089,
          49.4717792
        ]
      },
      "id": "way/30253114"
    },
    {
      "type": "Feature",
      "properties": {
        "@id": "way/30441996",
        "addr:city": "Heddesheim",
        "addr:country": "DE",
        "addr:housenumber": "68",
        "addr:postcode": "68542",
        "addr:street": "Ahornstraße",
        "building": "yes",
        "leisure": "sports_centre",
        "name": "Tennisclub Heddesheim",
        "sport": "tennis",
        "website": "https://www.tennisclub-heddesheim.de/",
        "@geometry": "center"
      },
      "geometry": {
        "type": "Point",
        "coordinates": [
          8.6161423,
          49.5134029
        ]
      },
      "id": "way/30441996"
    },
    {
      "type": "Feature",
      "properties": {
        "@id": "way/30441997",
        "addr:city": "Heddesheim",
        "addr:country": "DE",
        "addr:housenumber": "72",
        "addr:postcode": "68542",
        "addr:street": "Ahornstraße",
        "building": "public",
        "leisure": "sports_centre",
        "name": "Nordbadenhalle Halle 1",
        "sport": "multi",
        "@geometry": "center"
      },
      "geometry": {
        "type": "Point",
        "coordinates": [
          8.6154794,
          49.51406
        ]
      },
      "id": "way/30441997"
    },
    {
      "type": "Feature",
      "properties": {
        "@id": "way/30742461",
        "barrier": "fence",
        "leisure": "sports_centre",
        "name": "Sport- & Freizeitzentrum",
        "wheelchair": "limited",
        "@geometry": "center"
      },
      "geometry": {
        "type": "Point",
        "coordinates": [
          8.6054828,
          49.4522022
        ]
      },
      "id": "way/30742461"
    },
    {
      "type": "Feature",
      "properties": {
        "@id": "way/32147332",
        "addr:city": "Mannheim",
        "addr:country": "DE",
        "addr:housenumber": "68",
        "addr:postcode": "68307",
        "addr:street": "Rastenburger Straße",
        "building": "yes",
        "leisure": "sports_centre",
        "name": "Sporthalle",
        "sport": "multi",
        "@geometry": "center"
      },
      "geometry": {
        "type": "Point",
        "coordinates": [
          8.475587,
          49.5506634
        ]
      },
      "id": "way/32147332"
    },
    {
      "type": "Feature",
      "properties": {
        "@id": "way/32800881",
        "leisure": "sports_centre",
        "name": "Tennisclub Kurpfalz Seckenheim",
        "sport": "tennis",
        "@geometry": "center"
      },
      "geometry": {
        "type": "Point",
        "coordinates": [
          8.5558695,
          49.4485945
        ]
      },
      "id": "way/32800881"
    },
    {
      "type": "Feature",
      "properties": {
        "@id": "way/34948838",
        "addr:city": "Altrip",
        "addr:country": "DE",
        "addr:housenumber": "5B",
        "addr:postcode": "67122",
        "addr:street": "Ludwigsplatz",
        "building": "yes",
        "leisure": "sports_centre",
        "name": "Sportzentrum am Rheindamm",
        "sport": "multi",
        "@geometry": "center"
      },
      "geometry": {
        "type": "Point",
        "coordinates": [
          8.5031111,
          49.4313405
        ]
      },
      "id": "way/34948838"
    },
    {
      "type": "Feature",
      "properties": {
        "@id": "way/35148670",
        "addr:city": "Mannheim",
        "addr:country": "DE",
        "addr:housenumber": "17",
        "addr:postcode": "68165",
        "addr:street": "Theodor-Heuss-Anlage",
        "building": "yes",
        "leisure": "sports_centre",
        "name": "Rhein-Neckar-Sporthalle",
        "sport": "multi",
        "@geometry": "center"
      },
      "geometry": {
        "type": "Point",
        "coordinates": [
          8.4999382,
          49.4785092
        ]
      },
      "id": "way/35148670"
    },
    {
      "type": "Feature",
      "properties": {
        "@id": "way/35148682",
        "leisure": "sports_centre",
        "source": "Amtsblatt Mannheim Nr. 41/ WMS: http://warper.geothings.net/maps/wms/789?request=GetMap&version=1.1.1&styles=&format=image/png&srs=epsg:4326&exceptions=application/vnd.ogc.se_inimage",
        "sport": "tennis",
        "@geometry": "center"
      },
      "geometry": {
        "type": "Point",
        "coordinates": [
          8.5036147,
          49.4786042
        ]
      },
      "id": "way/35148682"
    },
    {
      "type": "Feature",
      "properties": {
        "@id": "way/35168979",
        "leisure": "sports_centre",
        "name": "Bolzplatz",
        "sport": "soccer",
        "@geometry": "center"
      },
      "geometry": {
        "type": "Point",
        "coordinates": [
          8.5506888,
          49.5479076
        ]
      },
      "id": "way/35168979"
    },
    {
      "type": "Feature",
      "properties": {
        "@id": "way/35200336",
        "leisure": "sports_centre",
        "source": "Amtsblatt Mannheim Nr. 41/ WMS: http://warper.geothings.net/maps/wms/789?request=GetMap&version=1.1.1&styles=&format=image/png&srs=epsg:4326&exceptions=application/vnd.ogc.se_inimage",
        "sport": "tennis",
        "@geometry": "center"
      },
      "geometry": {
        "type": "Point",
        "coordinates": [
          8.5020714,
          49.4783941
        ]
      },
      "id": "way/35200336"
    },
    {
      "type": "Feature",
      "properties": {
        "@id": "way/35631338",
        "addr:city": "Plankstadt",
        "addr:country": "DE",
        "addr:housenumber": "4",
        "addr:postcode": "68723",
        "addr:street": "Jahnstraße",
        "building": "yes",
        "leisure": "sports_centre",
        "name": "Dr.-Erwin-Senn-Halle",
        "sport": "multi",
        "wheelchair": "no",
        "@geometry": "center"
      },
      "geometry": {
        "type": "Point",
        "coordinates": [
          8.5895113,
          49.3963182
        ]
      },
      "id": "way/35631338"
    },
    {
      "type": "Feature",
      "properties": {
        "@id": "way/35651645",
        "addr:city": "Plankstadt",
        "addr:country": "DE",
        "addr:housenumber": "28",
        "addr:postcode": "68723",
        "addr:street": "Jahnstraße",
        "building": "yes",
        "description": "4-Felder Halle, Teppichboden, Sauna.",
        "leisure": "sports_centre",
        "name": "Tennishalle TC-Plankstadt",
        "opening_hours": "Mo-Su 08:00-22:00",
        "sport": "tennis",
        "website": "https://tcplankstadt.ebusy.de",
        "@geometry": "center"
      },
      "geometry": {
        "type": "Point",
        "coordinates": [
          8.5789794,
          49.3991755
        ]
      },
      "id": "way/35651645"
    },
    {
      "type": "Feature",
      "properties": {
        "@id": "way/36508837",
        "addr:city": "Mannheim",
        "addr:country": "DE",
        "addr:housenumber": "55",
        "addr:postcode": "68219",
        "addr:street": "Kronenburgstraße",
        "building": "sports_hall",
        "leisure": "sports_centre",
        "name": "Sporthalle Konrad-Duden-Schule",
        "sport": "multi",
        "@geometry": "center"
      },
      "geometry": {
        "type": "Point",
        "coordinates": [
          8.5250416,
          49.4418123
        ]
      },
      "id": "way/36508837"
    },
    {
      "type": "Feature",
      "properties": {
        "@id": "way/37711507",
        "leisure": "sports_centre",
        "name": "MSC Altrip",
        "website": "https://www.msc-altrip.com/",
        "@geometry": "center"
      },
      "geometry": {
        "type": "Point",
        "coordinates": [
          8.4771931,
          49.4307732
        ]
      },
      "id": "way/37711507"
    },
    {
      "type": "Feature",
      "properties": {
        "@id": "way/38444448",
        "leisure": "sports_centre",
        "name": "Maimarktgelände Turnierplatz",
        "sport": "equestrian",
        "@geometry": "center"
      },
      "geometry": {
        "type": "Point",
        "coordinates": [
          8.5272461,
          49.4667089
        ]
      },
      "id": "way/38444448"
    },
    {
      "type": "Feature",
      "properties": {
        "@id": "way/38784120",
        "addr:city": "Viernheim",
        "addr:country": "DE",
        "addr:housenumber": "38",
        "addr:postcode": "68519",
        "addr:street": "Industriestraße",
        "building": "sports_hall",
        "leisure": "sports_centre",
        "name": "Waldsporthalle",
        "operator": "Stadt Viernheim",
        "sport": "multi",
        "@geometry": "center"
      },
      "geometry": {
        "type": "Point",
        "coordinates": [
          8.5831505,
          49.5518969
        ]
      },
      "id": "way/38784120"
    },
    {
      "type": "Feature",
      "properties": {
        "@id": "way/39695431",
        "building": "sports_hall",
        "leisure": "sports_centre",
        "name": "Werner-Herold-Halle",
        "sport": "multi",
        "toilets:wheelchair": "no",
        "wheelchair": "yes",
        "@geometry": "center"
      },
      "geometry": {
        "type": "Point",
        "coordinates": [
          8.6071305,
          49.4446786
        ]
      },
      "id": "way/39695431"
    },
    {
      "type": "Feature",
      "properties": {
        "@id": "way/41837036",
        "addr:city": "Mannheim",
        "addr:country": "DE",
        "addr:housenumber": "18",
        "addr:postcode": "68199",
        "addr:street": "Pfingstweidstraße",
        "building": "yes",
        "leisure": "fitness_centre",
        "name": "VeniceBeach Mannheim Neckarau",
        "opening_hours": "Mo-Fr 07:00-23:00; Sa-Su 09:00-20:00",
        "website": "https://www.venicebeach-fitness.de/studios/lifestyle-fitness/mannheim-neckarau.html",
        "@geometry": "center"
      },
      "geometry": {
        "type": "Point",
        "coordinates": [
          8.5005283,
          49.4605517
        ]
      },
      "id": "way/41837036"
    },
    {
      "type": "Feature",
      "properties": {
        "@id": "way/42383519",
        "addr:city": "Mannheim",
        "addr:housenumber": "35",
        "addr:postcode": "68167",
        "addr:street": "August-Kuhn-Straße",
        "building": "sports_centre",
        "leisure": "sports_centre",
        "name": "GBG Halle am Herzogenried",
        "note": "Name ohne Bindestrich angegeben wie an Hallenwand und auf Infotafel vor der Halle (Name mit Rechtschreibfehler übernommen).",
        "old_name": "MWS-Halle Am Herzogenried",
        "operator": "Stadt Mannheim",
        "operator:type": "public",
        "roof:shape": "flat",
        "@geometry": "center"
      },
      "geometry": {
        "type": "Point",
        "coordinates": [
          8.4808766,
          49.5016307
        ]
      },
      "id": "way/42383519"
    },
    {
      "type": "Feature",
      "properties": {
        "@id": "way/42469210",
        "addr:city": "Mannheim",
        "addr:country": "DE",
        "addr:housenumber": "11",
        "addr:postcode": "68199",
        "addr:street": "Marguerrestraße",
        "building": "civic",
        "building:levels": "1",
        "check_date": "2025-04-13",
        "leisure": "sports_centre",
        "name": "Gartenhallenbad Neckarau",
        "opening_hours": "Mo 12:00-18:00; Tu,Th 10:00-22:00; We 10:00-18:00; Fr 06:00-08:00,10:00-22:00; Sa 11:00-22:00; Su 09:00-20:00",
        "payment:cash": "yes",
        "payment:credit_cards": "yes",
        "payment:debit_cards": "yes",
        "roof:levels": "0",
        "sport": "swimming",
        "wheelchair": "yes",
        "@geometry": "center"
      },
      "geometry": {
        "type": "Point",
        "coordinates": [
          8.4895095,
          49.4474046
        ]
      },
      "id": "way/42469210"
    },
    {
      "type": "Feature",
      "properties": {
        "@id": "way/44289427",
        "addr:city": "Mannheim",
        "addr:country": "DE",
        "addr:postcode": "68239",
        "addr:street": "Turfweg",
        "barrier": "fence",
        "leisure": "sports_centre",
        "name": "Pferderennbahn Mannheim-Seckenheim",
        "operator": "Badischer Rennverein Mannheim-Seckenheim e.V.",
        "sport": "horse_racing",
        "website": "https://www.badischer-rennverein.de/",
        "@geometry": "center"
      },
      "geometry": {
        "type": "Point",
        "coordinates": [
          8.5574132,
          49.4491763
        ]
      },
      "id": "way/44289427"
    },
    {
      "type": "Feature",
      "properties": {
        "@id": "way/47312317",
        "leisure": "sports_centre",
        "name": "Bezirkssportanlage Rheingönheim",
        "@geometry": "center"
      },
      "geometry": {
        "type": "Point",
        "coordinates": [
          8.4277715,
          49.4378037
        ]
      },
      "id": "way/47312317"
    },
    {
      "type": "Feature",
      "properties": {
        "@id": "way/48426343",
        "addr:city": "Ludwigshafen am Rhein",
        "addr:country": "DE",
        "addr:housenumber": "90",
        "addr:postcode": "67061",
        "addr:street": "Erich-Reimann-Straße",
        "building": "yes",
        "leisure": "sports_centre",
        "name": "Leichtathletikhalle",
        "source:building": "OpenData Rheinland-Pfalz",
        "sport": "athletics",
        "@geometry": "center"
      },
      "geometry": {
        "type": "Point",
        "coordinates": [
          8.4398545,
          49.466885
        ]
      },
      "id": "way/48426343"
    },
    {
      "type": "Feature",
      "properties": {
        "@id": "way/48803769",
        "addr:city": "Mannheim",
        "addr:country": "DE",
        "addr:housenumber": "14",
        "addr:postcode": "68309",
        "addr:street": "Wormser Straße",
        "building": "sports_hall",
        "leisure": "sports_centre",
        "name": "DJK Sportzentrum",
        "operator": "DJK Käfertal-Waldhof",
        "sport": "multi",
        "@geometry": "center"
      },
      "geometry": {
        "type": "Point",
        "coordinates": [
          8.5172707,
          49.5138758
        ]
      },
      "id": "way/48803769"
    },
    {
      "type": "Feature",
      "properties": {
        "@id": "way/49214620",
        "leisure": "sports_centre",
        "name": "Ludwigshafener Ruderverein - Hugo-Rothstein-Gelände",
        "operator": "Ludwigshafener Ruderverein von 1878 e.V.",
        "sport": "rowing",
        "website": "https://www.ludwigshafener-rv.de/i",
        "@geometry": "center"
      },
      "geometry": {
        "type": "Point",
        "coordinates": [
          8.4620413,
          49.4384327
        ]
      },
      "id": "way/49214620"
    },
    {
      "type": "Feature",
      "properties": {
        "@id": "way/49214621",
        "leisure": "sports_centre",
        "name": "Wasserskiclub Kurpfalz",
        "operator": "Wasserskiclub Kurpfalz e.V.",
        "sport": "water_ski",
        "website": "https://www.wsk-kurpfalz.de/",
        "@geometry": "center"
      },
      "geometry": {
        "type": "Point",
        "coordinates": [
          8.4630388,
          49.4384912
        ]
      },
      "id": "way/49214621"
    },
    {
      "type": "Feature",
      "properties": {
        "@id": "way/49714061",
        "leisure": "sports_centre",
        "sport": "swimming",
        "@geometry": "center"
      },
      "geometry": {
        "type": "Point",
        "coordinates": [
          8.6082536,
          49.4632688
        ]
      },
      "id": "way/49714061"
    },
    {
      "type": "Feature",
      "properties": {
        "@id": "way/50283557",
        "addr:city": "Mannheim",
        "addr:country": "DE",
        "addr:housenumber": "49",
        "addr:postcode": "68229",
        "addr:street": "Saarburger Ring",
        "building": "yes",
        "leisure": "sports_centre",
        "name": "Lilli-Gräber-Halle",
        "sport": "multi;handball",
        "@geometry": "center"
      },
      "geometry": {
        "type": "Point",
        "coordinates": [
          8.5703902,
          49.4415724
        ]
      },
      "id": "way/50283557"
    },
    {
      "type": "Feature",
      "properties": {
        "@id": "way/51854390",
        "canoe:service": "boathouse",
        "leisure": "sports_centre",
        "name": "Paddler-Gilde Ludwigshafen",
        "sport": "canoe",
        "@geometry": "center"
      },
      "geometry": {
        "type": "Point",
        "coordinates": [
          8.4632686,
          49.4415252
        ]
      },
      "id": "way/51854390"
    },
    {
      "type": "Feature",
      "properties": {
        "@id": "way/51854391",
        "canoe:service": "boathouse",
        "leisure": "sports_centre",
        "name": "Eisenbahnersportverein von 1927, Abteilung Kanu",
        "sport": "canoe",
        "@geometry": "center"
      },
      "geometry": {
        "type": "Point",
        "coordinates": [
          8.464448,
          49.44143
        ]
      },
      "id": "way/51854391"
    },
    {
      "type": "Feature",
      "properties": {
        "@id": "way/52562773",
        "addr:city": "Ludwigshafen am Rhein",
        "addr:country": "DE",
        "addr:housenumber": "89",
        "addr:postcode": "67063",
        "addr:street": "Erzbergerstraße",
        "amenity": "community_centre",
        "building": "yes",
        "leisure": "sports_centre",
        "name": "Friedrich-Ebert-Halle",
        "source": "estimation",
        "sport": "multi",
        "wheelchair": "yes",
        "wikidata": "Q929868",
        "wikipedia": "en:Friedrich-Ebert-Halle",
        "wikipedia:de": "Friedrich-Ebert-Halle",
        "@geometry": "center"
      },
      "geometry": {
        "type": "Point",
        "coordinates": [
          8.4129977,
          49.4913611
        ]
      },
      "id": "way/52562773"
    },
    {
      "type": "Feature",
      "properties": {
        "@id": "way/60920775",
        "canoe:service": "boathouse",
        "leisure": "sports_centre",
        "name": "Paddler-Gilde Ludwigshafen",
        "sport": "canoe",
        "@geometry": "center"
      },
      "geometry": {
        "type": "Point",
        "coordinates": [
          8.4983894,
          49.3903942
        ]
      },
      "id": "way/60920775"
    },
    {
      "type": "Feature",
      "properties": {
        "@id": "way/61691778",
        "addr:city": "Mannheim",
        "addr:country": "DE",
        "addr:housenumber": "27-29",
        "addr:postcode": "68309",
        "addr:street": "Heppenheimer Straße",
        "building": "yes",
        "leisure": "fitness_centre",
        "name": "FitBase Mannheim Käfertal",
        "opening_hours": "24/7",
        "phone": "+49 621 391816012",
        "sport": "fitness",
        "website": "https://fitbase.fitness/locations/mannheim-kaefertal/",
        "@geometry": "center"
      },
      "geometry": {
        "type": "Point",
        "coordinates": [
          8.5208919,
          49.5088707
        ]
      },
      "id": "way/61691778"
    },
    {
      "type": "Feature",
      "properties": {
        "@id": "way/62199384",
        "leisure": "sports_centre",
        "name": "BMX Strecke Fun-Bahn Rheinauer See",
        "website": "https://www.radpower.de/",
        "wheelchair": "yes",
        "@geometry": "center"
      },
      "geometry": {
        "type": "Point",
        "coordinates": [
          8.5377246,
          49.4125251
        ]
      },
      "id": "way/62199384"
    },
    {
      "type": "Feature",
      "properties": {
        "@id": "way/86143405",
        "leisure": "sports_centre",
        "name": "TV 1877 Mannheim Waldhof",
        "website": "https://www.tv-waldhof.de/",
        "@geometry": "center"
      },
      "geometry": {
        "type": "Point",
        "coordinates": [
          8.4793116,
          49.5342303
        ]
      },
      "id": "way/86143405"
    },
    {
      "type": "Feature",
      "properties": {
        "@id": "way/88307389",
        "leisure": "sports_centre",
        "name": "TSV Badenia Feudenheim 1889",
        "operator": "TSV Badenia Feudenheim 1889 e.V.",
        "sport": "multi",
        "website": "https://www.tsvbadenia.de/",
        "@geometry": "center"
      },
      "geometry": {
        "type": "Point",
        "coordinates": [
          8.5166968,
          49.4850468
        ]
      },
      "id": "way/88307389"
    },
    {
      "type": "Feature",
      "properties": {
        "@id": "way/89042169",
        "leisure": "sports_centre",
        "name": "Valentin-Gremm-Halle",
        "source": "Bing",
        "@geometry": "center"
      },
      "geometry": {
        "type": "Point",
        "coordinates": [
          8.5342666,
          49.4319395
        ]
      },
      "id": "way/89042169"
    },
    {
      "type": "Feature",
      "properties": {
        "@id": "way/89042173",
        "building": "yes",
        "leisure": "sports_centre",
        "@geometry": "center"
      },
      "geometry": {
        "type": "Point",
        "coordinates": [
          8.5383698,
          49.4345204
        ]
      },
      "id": "way/89042173"
    },
    {
      "type": "Feature",
      "properties": {
        "@id": "way/92416689",
        "addr:city": "Viernheim",
        "addr:country": "DE",
        "addr:housenumber": "84A",
        "addr:postcode": "68519",
        "addr:street": "Lorscher Straße",
        "building": "sports_hall",
        "leisure": "sports_centre",
        "name": "Rudolf-Harbig-Halle",
        "sport": "multi",
        "@geometry": "center"
      },
      "geometry": {
        "type": "Point",
        "coordinates": [
          8.5759049,
          49.5459033
        ]
      },
      "id": "way/92416689"
    },
    {
      "type": "Feature",
      "properties": {
        "@id": "way/92416700",
        "addr:city": "Viernheim",
        "addr:country": "DE",
        "addr:housenumber": "84",
        "addr:postcode": "68519",
        "addr:street": "Lorscher Straße",
        "building": "sports_hall",
        "leisure": "sports_centre",
        "name": "Alte TSV-Halle",
        "operator": "TSV Viernheim",
        "sport": "multi",
        "@geometry": "center"
      },
      "geometry": {
        "type": "Point",
        "coordinates": [
          8.5758673,
          49.5454682
        ]
      },
      "id": "way/92416700"
    },
    {
      "type": "Feature",
      "properties": {
        "@id": "way/93040483",
        "addr:city": "Schwetzingen",
        "addr:housenumber": "8",
        "addr:postcode": "68723",
        "addr:street": "Sudetenring",
        "building": "public",
        "leisure": "sports_centre",
        "name": "Nordstadthalle",
        "operator": "Stadt Schwetzingen",
        "operator:type": "public",
        "sport": "multi",
        "@geometry": "center"
      },
      "geometry": {
        "type": "Point",
        "coordinates": [
          8.5719169,
          49.3935589
        ]
      },
      "id": "way/93040483"
    },
    {
      "type": "Feature",
      "properties": {
        "@id": "way/95290111",
        "addr:city": "Brühl",
        "addr:country": "DE",
        "addr:housenumber": "1",
        "addr:postcode": "68782",
        "addr:street": "Ormessonstraße",
        "building": "yes",
        "leisure": "sports_centre",
        "name": "Sporthalle",
        "sport": "multi",
        "wheelchair": "limited",
        "@geometry": "center"
      },
      "geometry": {
        "type": "Point",
        "coordinates": [
          8.5320947,
          49.405427
        ]
      },
      "id": "way/95290111"
    },
    {
      "type": "Feature",
      "properties": {
        "@id": "way/95290116",
        "addr:city": "Brühl",
        "addr:country": "DE",
        "addr:housenumber": "3",
        "addr:postcode": "68782",
        "addr:street": "Ormessonstraße",
        "building": "yes",
        "leisure": "sports_centre",
        "name": "Hallenbad",
        "sport": "swimming",
        "wheelchair": "limited",
        "@geometry": "center"
      },
      "geometry": {
        "type": "Point",
        "coordinates": [
          8.5317621,
          49.4051345
        ]
      },
      "id": "way/95290116"
    },
    {
      "type": "Feature",
      "properties": {
        "@id": "way/96055366",
        "addr:city": "Edingen-Neckarhausen",
        "addr:country": "DE",
        "addr:housenumber": "12",
        "addr:postcode": "68535",
        "addr:street": "Flößerstraße",
        "addr:suburb": "Edingen",
        "building": "yes",
        "leisure": "sports_centre",
        "name": "Krîfon - Schule für Historische Fechtkunst",
        "operator": "Christian Bott",
        "sport": "fencing",
        "website": "https://krifon.de",
        "@geometry": "center"
      },
      "geometry": {
        "type": "Point",
        "coordinates": [
          8.594304,
          49.453852
        ]
      },
      "id": "way/96055366"
    },
    {
      "type": "Feature",
      "properties": {
        "@id": "way/96562068",
        "addr:housenumber": "17",
        "addr:street": "Pfalzburger Straße",
        "building": "yes",
        "leisure": "sports_centre",
        "name": "Tennishalle",
        "sport": "tennis",
        "@geometry": "center"
      },
      "geometry": {
        "type": "Point",
        "coordinates": [
          8.5716653,
          49.4417422
        ]
      },
      "id": "way/96562068"
    },
    {
      "type": "Feature",
      "properties": {
        "@id": "way/96752375",
        "addr:city": "Mannheim",
        "addr:country": "DE",
        "addr:housenumber": "90",
        "addr:postcode": "68199",
        "addr:street": "Neckarauer Straße",
        "branch": "Mannheim Almenhof",
        "brand": "McFit",
        "brand:wikidata": "Q871302",
        "brand:wikipedia": "en:McFit",
        "building": "yes",
        "leisure": "fitness_centre",
        "name": "McFit",
        "opening_hours": "24/7",
        "operator": "McFIT",
        "phone": "+49 621 8109030",
        "wheelchair": "yes",
        "@geometry": "center"
      },
      "geometry": {
        "type": "Point",
        "coordinates": [
          8.4900069,
          49.4623032
        ]
      },
      "id": "way/96752375"
    },
    {
      "type": "Feature",
      "properties": {
        "@id": "way/98506889",
        "addr:city": "Dossenheim",
        "addr:country": "DE",
        "addr:housenumber": "10",
        "addr:postcode": "69221",
        "addr:street": "Dieselstraße",
        "building": "sports_hall",
        "building:levels": "2",
        "contact:facebook": "https://www.facebook.com/SquashIn/",
        "fee": "yes",
        "leisure": "sports_centre",
        "name": "Squash-In",
        "opening_hours": "Mo-Fr 17:00+, Sa off, Su 14:00+",
        "phone": "+49 6221 860000",
        "sport": "squash",
        "website": "http://www.squash-in.com",
        "wheelchair": "limited",
        "@geometry": "center"
      },
      "geometry": {
        "type": "Point",
        "coordinates": [
          8.662823,
          49.4407666
        ]
      },
      "id": "way/98506889"
    },
    {
      "type": "Feature",
      "properties": {
        "@id": "way/101984648",
        "addr:city": "Ludwigshafen am Rhein",
        "addr:country": "DE",
        "addr:housenumber": "43",
        "addr:postcode": "67061",
        "addr:street": "Parkstraße",
        "building": "yes",
        "leisure": "sports_centre",
        "name": "TFC - 1861 e.V. Ludwigshafen",
        "source:building": "OpenData Rheinland-Pfalz",
        "sport": "multi",
        "@geometry": "center"
      },
      "geometry": {
        "type": "Point",
        "coordinates": [
          8.4598745,
          49.469031
        ]
      },
      "id": "way/101984648"
    },
    {
      "type": "Feature",
      "properties": {
        "@id": "way/103639720",
        "leisure": "sports_centre",
        "name": "Städt. Sportanlage Speckweg",
        "source": "Bing",
        "@geometry": "center"
      },
      "geometry": {
        "type": "Point",
        "coordinates": [
          8.4981542,
          49.5213972
        ]
      },
      "id": "way/103639720"
    },
    {
      "type": "Feature",
      "properties": {
        "@id": "way/106911872",
        "addr:city": "Edingen-Neckarhausen",
        "addr:country": "DE",
        "addr:housenumber": "1",
        "addr:postcode": "68535",
        "addr:street": "Brauerstraße",
        "building": "yes",
        "email": "kontakt@troendle-sportcenter.de",
        "fax": "+49 6203 1004-49",
        "leisure": "sports_centre",
        "name": "Tröndle Sportcenter",
        "phone": "+49 6203 10040",
        "sport": "badminton;tennis;dance",
        "website": "https://www.troendle-sportcenter.de/",
        "@geometry": "center"
      },
      "geometry": {
        "type": "Point",
        "coordinates": [
          8.5977998,
          49.4528808
        ]
      },
      "id": "way/106911872"
    },
    {
      "type": "Feature",
      "properties": {
        "@id": "way/109184186",
        "addr:housenumber": "9",
        "addr:street": "Schulstraße",
        "building": "public",
        "leisure": "sports_centre",
        "name": "Hallenbad Viernheim",
        "opening_hours": "Tu-Fr 11:00-18:30; Sa,Su 10:00-19:00",
        "operator": "Stadtwerke Viernheim GmbH",
        "phone": "+49 6204 989231",
        "sport": "swimming",
        "website": "https://www.viernheim.de/unsere-stadt/freizeitundsport/sporteinrichtungen/schwimmen.html",
        "wheelchair": "yes",
        "@geometry": "center"
      },
      "geometry": {
        "type": "Point",
        "coordinates": [
          8.5804701,
          49.537886
        ]
      },
      "id": "way/109184186"
    },
    {
      "type": "Feature",
      "properties": {
        "@id": "way/118842174",
        "addr:city": "Mannheim",
        "addr:street": "Auf den Ried",
        "description": "Sportanlage",
        "leisure": "sports_centre",
        "name": "SSV Mannheim-Vogelstang",
        "old_website": "http://ssv-mannheim-vogelstang.de/",
        "operator": "SSV Mannheim-Vogelstang e.V.",
        "owner": "Stadt Mannheim",
        "short_name": "SSV Vogelstang",
        "sport": "multi",
        "website": "https://ssv-vogelstang.de/",
        "@geometry": "center"
      },
      "geometry": {
        "type": "Point",
        "coordinates": [
          8.5378345,
          49.5000405
        ]
      },
      "id": "way/118842174"
    },
    {
      "type": "Feature",
      "properties": {
        "@id": "way/119021996",
        "leisure": "sports_centre",
        "name": "Schützenverein SV 1965 Hirschburg e.V.",
        "sport": "shooting",
        "@geometry": "center"
      },
      "geometry": {
        "type": "Point",
        "coordinates": [
          8.6450024,
          49.5011961
        ]
      },
      "id": "way/119021996"
    },
    {
      "type": "Feature",
      "properties": {
        "@id": "way/120165904",
        "addr:city": "Mannheim",
        "addr:country": "DE",
        "addr:housenumber": "62",
        "addr:postcode": "68309",
        "addr:street": "Mecklenburger Straße",
        "building": "sports_hall",
        "building:levels": "1",
        "height": "5",
        "leisure": "sports_centre",
        "name": "Sporthalle Vogelstang Geschwister-Scholl-Gymnasium",
        "roof:colour": "grey",
        "roof:shape": "flat",
        "sport": "multi",
        "@geometry": "center"
      },
      "geometry": {
        "type": "Point",
        "coordinates": [
          8.5393773,
          49.5065714
        ]
      },
      "id": "way/120165904"
    },
    {
      "type": "Feature",
      "properties": {
        "@id": "way/121099129",
        "addr:city": "Hirschberg an der Bergstraße",
        "addr:country": "DE",
        "addr:housenumber": "13a",
        "addr:postcode": "69493",
        "addr:street": "Landstraße",
        "building": "yes",
        "leisure": "sports_centre",
        "name": "Alte Turnhalle",
        "sport": "multi",
        "wheelchair": "yes",
        "@geometry": "center"
      },
      "geometry": {
        "type": "Point",
        "coordinates": [
          8.6554776,
          49.5122282
        ]
      },
      "id": "way/121099129"
    },
    {
      "type": "Feature",
      "properties": {
        "@id": "way/122352744",
        "leisure": "sports_centre",
        "name": "SC 1910 Mannheim Käfertal",
        "@geometry": "center"
      },
      "geometry": {
        "type": "Point",
        "coordinates": [
          8.5055387,
          49.5158244
        ]
      },
      "id": "way/122352744"
    },
    {
      "type": "Feature",
      "properties": {
        "@id": "way/131186564",
        "leisure": "sports_centre",
        "name": "Franklin-Sportanlage",
        "note": "Nach grundlegender Renovierung durch die MWSP: 2021-06 Neueröffnung als \"Franklin-Sportanlage\". Details: https://www.mwsp-mannheim.de/startschuss-fuer-die-franklin-sportanlage/",
        "old_name": "Woods Memorial Stadium",
        "sport": "multi",
        "@geometry": "center"
      },
      "geometry": {
        "type": "Point",
        "coordinates": [
          8.5329443,
          49.5183375
        ]
      },
      "id": "way/131186564"
    },
    {
      "type": "Feature",
      "properties": {
        "@id": "way/133355532",
        "addr:city": "Ludwigshafen am Rhein",
        "addr:country": "DE",
        "addr:housenumber": "85",
        "addr:postcode": "67063",
        "addr:street": "Eschenbachstraße",
        "building": "yes",
        "leisure": "sports_centre",
        "name": "Günter-Braun-Sporthalle",
        "sport": "multi",
        "wheelchair": "yes",
        "@geometry": "center"
      },
      "geometry": {
        "type": "Point",
        "coordinates": [
          8.4128914,
          49.5023384
        ]
      },
      "id": "way/133355532"
    },
    {
      "type": "Feature",
      "properties": {
        "@id": "way/135267388",
        "leisure": "sports_centre",
        "name": "Tennisclub Gelb-Weiß Ludwigshafen e.V.",
        "sport": "tennis",
        "@geometry": "center"
      },
      "geometry": {
        "type": "Point",
        "coordinates": [
          8.4178049,
          49.4774831
        ]
      },
      "id": "way/135267388"
    },
    {
      "type": "Feature",
      "properties": {
        "@id": "way/136853616",
        "addr:city": "Mannheim",
        "addr:housenumber": "136",
        "addr:postcode": "68259",
        "addr:street": "Römerstraße",
        "leisure": "sports_centre",
        "name": "Tennisgemeinschaft Vogelstang",
        "operator": "Tennisgemeinschaft Vogelstang e. V.",
        "sport": "tennis",
        "website": "https://www.tg-vogelstang.de/",
        "@geometry": "center"
      },
      "geometry": {
        "type": "Point",
        "coordinates": [
          8.5358623,
          49.5036391
        ]
      },
      "id": "way/136853616"
    },
    {
      "type": "Feature",
      "properties": {
        "@id": "way/139744490",
        "access": "customers",
        "addr:city": "Mannheim",
        "addr:housenumber": "23",
        "addr:postcode": "68305",
        "addr:street": "Baldurstraße",
        "barrier": "fence",
        "leisure": "sports_centre",
        "name": "Carl-Benz-Bad",
        "opening_hours": "Mo 13:00-20:00; Tu-Su,PH 09:00-20:00",
        "operator": "Fachbereich Sport und Freizeit Mannheim",
        "phone": "+49 621 756062",
        "sport": "swimming",
        "surface": "grass",
        "website": "https://www.mannheim.de/de/service-bieten/sport/schwimmbaeder/carl-benz-bad",
        "@geometry": "center"
      },
      "geometry": {
        "type": "Point",
        "coordinates": [
          8.5066014,
          49.5284953
        ]
      },
      "id": "way/139744490"
    },
    {
      "type": "Feature",
      "properties": {
        "@id": "way/143374851",
        "building": "yes",
        "leisure": "sports_centre",
        "source": "LGL, www.lgl-bw.de",
        "@geometry": "center"
      },
      "geometry": {
        "type": "Point",
        "coordinates": [
          8.4653991,
          49.4935867
        ]
      },
      "id": "way/143374851"
    },
    {
      "type": "Feature",
      "properties": {
        "@id": "way/144887982",
        "building": "yes",
        "email": "info@bodyart-fitness.de",
        "leisure": "sports_centre",
        "name": "Body Art",
        "phone": "+49 6201 57717",
        "sport": "fitness",
        "website": "http://www.bodyart-fitness.de/",
        "@geometry": "center"
      },
      "geometry": {
        "type": "Point",
        "coordinates": [
          8.6507665,
          49.4986826
        ]
      },
      "id": "way/144887982"
    },
    {
      "type": "Feature",
      "properties": {
        "@id": "way/144958929",
        "addr:city": "Hirschberg an der Bergstraße",
        "addr:country": "DE",
        "addr:housenumber": "24",
        "addr:postcode": "69493",
        "addr:street": "Hölderlinstraße",
        "addr:suburb": "Leutershausen",
        "amenity": "community_centre",
        "building": "yes",
        "leisure": "sports_centre",
        "name": "Heinrich-Beck-Halle",
        "sport": "multi",
        "website": "https://www.hirschberg-bergstrasse.de/index.php?id=119",
        "@geometry": "center"
      },
      "geometry": {
        "type": "Point",
        "coordinates": [
          8.660489,
          49.4970962
        ]
      },
      "id": "way/144958929"
    },
    {
      "type": "Feature",
      "properties": {
        "@id": "way/144988276",
        "addr:housenumber": "80",
        "addr:postcode": "68239",
        "addr:street": "Zähringer Straße",
        "building": "yes",
        "leisure": "sports_centre",
        "name": "SV 98/07 Seckenheim",
        "source:address": "survey",
        "source:geometry": "LGL, www.lgl-bw.de",
        "@geometry": "center"
      },
      "geometry": {
        "type": "Point",
        "coordinates": [
          8.5569344,
          49.467985
        ]
      },
      "id": "way/144988276"
    },
    {
      "type": "Feature",
      "properties": {
        "@id": "way/148315702",
        "addr:city": "Heddesheim",
        "addr:country": "DE",
        "addr:housenumber": "70",
        "addr:postcode": "68542",
        "addr:street": "Ahornstraße",
        "building": "public",
        "leisure": "sports_centre",
        "name": "Nordbadenhalle Halle 2",
        "sport": "multi",
        "@geometry": "center"
      },
      "geometry": {
        "type": "Point",
        "coordinates": [
          8.6152377,
          49.5136322
        ]
      },
      "id": "way/148315702"
    },
    {
      "type": "Feature",
      "properties": {
        "@id": "way/149758120",
        "building": "yes",
        "building:colour": "#d4c9a1",
        "building:levels": "2",
        "leisure": "sports_centre",
        "name:signed": "no",
        "roof:colour": "maroon",
        "roof:shape": "hipped",
        "@geometry": "center"
      },
      "geometry": {
        "type": "Point",
        "coordinates": [
          8.4791564,
          49.4856642
        ]
      },
      "id": "way/149758120"
    },
    {
      "type": "Feature",
      "properties": {
        "@id": "way/150742377",
        "building": "sports_hall",
        "building:levels": "3",
        "description": "Aula/Turnhalle (I)",
        "wheelchair": "limited",
        "@geometry": "center"
      },
      "geometry": {
        "type": "Point",
        "coordinates": [
          8.648199,
          49.4256518
        ]
      },
      "id": "way/150742377"
    },
    {
      "type": "Feature",
      "properties": {
        "@id": "way/150893557",
        "amenity": "school",
        "building": "school",
        "building:levels": "1",
        "leisure": "sports_centre",
        "name": "Sporthalle",
        "nohousenumber": "yes",
        "roof:levels": "0",
        "sport": "multi",
        "@geometry": "center"
      },
      "geometry": {
        "type": "Point",
        "coordinates": [
          8.470722,
          49.4614464
        ]
      },
      "id": "way/150893557"
    },
    {
      "type": "Feature",
      "properties": {
        "@id": "way/151894729",
        "leisure": "sports_centre",
        "name": "TV 1880 Käfertal e. V.",
        "sport": "multi",
        "@geometry": "center"
      },
      "geometry": {
        "type": "Point",
        "coordinates": [
          8.5153404,
          49.5038825
        ]
      },
      "id": "way/151894729"
    },
    {
      "type": "Feature",
      "properties": {
        "@id": "way/151895138",
        "fenced": "yes",
        "leisure": "sports_centre",
        "name": "Sportanlage Käfertal-Süd",
        "sport": "multi",
        "@geometry": "center"
      },
      "geometry": {
        "type": "Point",
        "coordinates": [
          8.5141039,
          49.5039516
        ]
      },
      "id": "way/151895138"
    },
    {
      "type": "Feature",
      "properties": {
        "@id": "way/154663740",
        "addr:city": "Mannheim",
        "addr:country": "DE",
        "addr:housenumber": "21-25",
        "addr:postcode": "68165",
        "addr:street": "Keplerstraße",
        "building": "yes",
        "building:levels": "3",
        "leisure": "sports_centre",
        "name": "Sporthalle Schwetzingerstadt",
        "@geometry": "center"
      },
      "geometry": {
        "type": "Point",
        "coordinates": [
          8.4743822,
          49.4797671
        ]
      },
      "id": "way/154663740"
    },
    {
      "type": "Feature",
      "properties": {
        "@id": "way/154982889",
        "addr:city": "Mannheim",
        "addr:country": "DE",
        "addr:housenumber": "14",
        "addr:postcode": "68167",
        "addr:street": "Christian-Friedrich-Schwan-Straße",
        "brand": "A.W.Niemeyer",
        "building": "industrial",
        "climbing:boulder": "yes",
        "climbing:toprope": "no",
        "contact:email": "mannheim@studiobloc.de",
        "contact:phone": "+49 621 78993755",
        "contact:website": "https://mannheim.studiobloc.de/",
        "fee": "yes",
        "leisure": "sports_centre",
        "name": "Studio Bloc GmbH Mannheim",
        "opening_hours": "Mo-Su 10:00-23:00",
        "operator": "Kai Pohatschka",
        "sport": "climbing",
        "wheelchair": "limited",
        "@geometry": "center"
      },
      "geometry": {
        "type": "Point",
        "coordinates": [
          8.503239,
          49.4963858
        ]
      },
      "id": "way/154982889"
    },
    {
      "type": "Feature",
      "properties": {
        "@id": "way/155822494",
        "leisure": "sports_centre",
        "name": "Familiensportpark West",
        "sport": "multi",
        "@geometry": "center"
      },
      "geometry": {
        "type": "Point",
        "coordinates": [
          8.5543021,
          49.5362978
        ]
      },
      "id": "way/155822494"
    },
    {
      "type": "Feature",
      "properties": {
        "@id": "way/155822513",
        "building": "sports_hall",
        "@geometry": "center"
      },
      "geometry": {
        "type": "Point",
        "coordinates": [
          8.5678728,
          49.5349623
        ]
      },
      "id": "way/155822513"
    },
    {
      "type": "Feature",
      "properties": {
        "@id": "way/156210598",
        "leisure": "sports_centre",
        "name": "Römerstadion",
        "sport": "multi",
        "@geometry": "center"
      },
      "geometry": {
        "type": "Point",
        "coordinates": [
          8.6122946,
          49.4628508
        ]
      },
      "id": "way/156210598"
    },
    {
      "type": "Feature",
      "properties": {
        "@id": "way/156921286",
        "addr:city": "Mannheim",
        "addr:country": "DE",
        "addr:housenumber": "33",
        "addr:postcode": "68239",
        "addr:street": "Seckenheimer Hauptstraße",
        "building": "yes",
        "check_date": "2024-11-04",
        "leisure": "sports_centre",
        "name": "Turnverein 1898 e.V",
        "@geometry": "center"
      },
      "geometry": {
        "type": "Point",
        "coordinates": [
          8.5687415,
          49.4621236
        ]
      },
      "id": "way/156921286"
    },
    {
      "type": "Feature",
      "properties": {
        "@id": "way/157204276",
        "addr:city": "Mannheim",
        "addr:country": "DE",
        "addr:housenumber": "33",
        "addr:postcode": "68239",
        "addr:street": "Offenburger Straße",
        "building": "yes",
        "leisure": "sports_centre",
        "name": "TSG Seckenheim e.V.",
        "source:geometry": "LGL, www.lgl-bw.de",
        "@geometry": "center"
      },
      "geometry": {
        "type": "Point",
        "coordinates": [
          8.5632541,
          49.4632055
        ]
      },
      "id": "way/157204276"
    },
    {
      "type": "Feature",
      "properties": {
        "@id": "way/157911372",
        "addr:city": "Mannheim",
        "addr:country": "DE",
        "addr:housenumber": "5",
        "addr:postcode": "68239",
        "addr:street": "Innerer Heckweg",
        "building": "yes",
        "leisure": "sports_centre",
        "name": "Richard-Möll-Halle",
        "sport": "multi",
        "@geometry": "center"
      },
      "geometry": {
        "type": "Point",
        "coordinates": [
          8.5637707,
          49.4593376
        ]
      },
      "id": "way/157911372"
    },
    {
      "type": "Feature",
      "properties": {
        "@id": "way/159483645",
        "leisure": "sports_centre",
        "name": "Sportschützenverein Viernheim",
        "sport": "shooting",
        "website": "http://sportschuetzen-viernheim.de",
        "@geometry": "center"
      },
      "geometry": {
        "type": "Point",
        "coordinates": [
          8.5659401,
          49.5196718
        ]
      },
      "id": "way/159483645"
    },
    {
      "type": "Feature",
      "properties": {
        "@id": "way/159547430",
        "addr:city": "Mannheim",
        "addr:country": "DE",
        "addr:postcode": "68309",
        "addr:street": "Dresdener Straße",
        "building": "sports_hall",
        "building:levels": "1",
        "height": "8",
        "leisure": "sports_centre",
        "name": "Sporthalle",
        "roof:colour": "#707070",
        "roof:shape": "flat",
        "sport": "multi",
        "@geometry": "center"
      },
      "geometry": {
        "type": "Point",
        "coordinates": [
          8.5420814,
          49.5110076
        ]
      },
      "id": "way/159547430"
    },
    {
      "type": "Feature",
      "properties": {
        "@id": "way/160071355",
        "addr:city": "Mannheim",
        "addr:housenumber": "56",
        "addr:postcode": "68309",
        "addr:street": "Weinheimer Straße",
        "branch": "Mannheim",
        "brand": "Fitness Champ",
        "building": "yes",
        "email": "mannheim@fitnesschamp.club",
        "leisure": "fitness_centre",
        "name": "Fitness Champ Mannheim",
        "opening_hours": "Mo-Su 06:00-00:00",
        "phone": "+49 155 662 948 21",
        "removed:name": "Trendfabrik",
        "removed:opening_hours": "Mo-Sa 10:00-20:00",
        "removed:shop": "clothes",
        "removed:website": "http://www.trendfabrik.de/de/filialen/trendfabrik-ma-kaefertal.html",
        "roof:shape": "flat",
        "website": "https://www.fitnesschamp.club/mannheim",
        "@geometry": "center"
      },
      "geometry": {
        "type": "Point",
        "coordinates": [
          8.5205522,
          49.5070669
        ]
      },
      "id": "way/160071355"
    },
    {
      "type": "Feature",
      "properties": {
        "@id": "way/160092536",
        "addr:city": "Mannheim",
        "addr:country": "DE",
        "addr:housenumber": "50",
        "addr:postcode": "68169",
        "addr:street": "Herzogenriedstraße",
        "building": "yes",
        "leisure": "sports_centre",
        "name": "Sporthalle IGMH",
        "sport": "multi",
        "wheelchair": "yes",
        "@geometry": "center"
      },
      "geometry": {
        "type": "Point",
        "coordinates": [
          8.4782094,
          49.5062894
        ]
      },
      "id": "way/160092536"
    },
    {
      "type": "Feature",
      "properties": {
        "@id": "way/160469724",
        "leisure": "sports_centre",
        "name": "Spielvereinigung Sandhofen 03 e.V.",
        "website": "http://www.spvgg-sandhofen.de",
        "@geometry": "center"
      },
      "geometry": {
        "type": "Point",
        "coordinates": [
          8.44708,
          49.5370123
        ]
      },
      "id": "way/160469724"
    },
    {
      "type": "Feature",
      "properties": {
        "@id": "way/160470670",
        "addr:city": "Mannheim",
        "addr:country": "DE",
        "addr:housenumber": "43",
        "addr:postcode": "68307",
        "addr:street": "Kalthorststraße",
        "barrier": "fence",
        "fee": "yes",
        "fence_type": "wire",
        "height": "2.0",
        "leisure": "sports_centre",
        "name": "Freibad Sandhofen",
        "sport": "swimming",
        "@geometry": "center"
      },
      "geometry": {
        "type": "Point",
        "coordinates": [
          8.4452606,
          49.539132
        ]
      },
      "id": "way/160470670"
    },
    {
      "type": "Feature",
      "properties": {
        "@id": "way/160679227",
        "addr:city": "Mannheim",
        "addr:country": "DE",
        "addr:postcode": "68309",
        "building": "sports_hall",
        "building:levels": "1",
        "height": "7",
        "leisure": "sports_centre",
        "name": "Sporthalle",
        "roof:colour": "#A0A0A0",
        "roof:shape": "flat",
        "sport": "multi",
        "@geometry": "center"
      },
      "geometry": {
        "type": "Point",
        "coordinates": [
          8.5412965,
          49.5133797
        ]
      },
      "id": "way/160679227"
    },
    {
      "type": "Feature",
      "properties": {
        "@id": "way/160932409",
        "addr:housenumber": "1",
        "addr:street": "Weimarer Straße",
        "check_date": "2026-06-04",
        "fax": "+49 6201 999520",
        "leisure": "sports_centre",
        "name": "TSG 91/09 Lützelsachsen e.V.",
        "opening_hours": "\"je nach Training und Spielveranstaltung\"",
        "phone": "+49 6201 592653",
        "website": "https://tsg-luetzelsachsen.de/",
        "wheelchair": "yes",
        "@geometry": "center"
      },
      "geometry": {
        "type": "Point",
        "coordinates": [
          8.6464818,
          49.5285783
        ]
      },
      "id": "way/160932409"
    },
    {
      "type": "Feature",
      "properties": {
        "@id": "way/161297533",
        "addr:city": "Mannheim",
        "addr:street": "Lauffener Straße",
        "leisure": "sports_centre",
        "name": "ASV Feudenheim e.V.",
        "website": "http://www.asv-feudenheim.net/",
        "@geometry": "center"
      },
      "geometry": {
        "type": "Point",
        "coordinates": [
          8.5359245,
          49.4804923
        ]
      },
      "id": "way/161297533"
    },
    {
      "type": "Feature",
      "properties": {
        "@id": "way/161301731",
        "building": "yes",
        "building:colour": "white",
        "leisure": "sports_centre",
        "name": "Tennishalle Großsachsen",
        "sport": "tennis",
        "wheelchair": "yes",
        "@geometry": "center"
      },
      "geometry": {
        "type": "Point",
        "coordinates": [
          8.6532206,
          49.5136048
        ]
      },
      "id": "way/161301731"
    },
    {
      "type": "Feature",
      "properties": {
        "@id": "way/161631374",
        "addr:housenumber": "15",
        "addr:postcode": "68165",
        "addr:street": "Theodor-Heuss-Anlage",
        "amenity": "university",
        "building": "yes",
        "email": "sport@uni-mannheim.de",
        "leisure": "sports_centre",
        "name": "Sporthalle der Universität",
        "phone": "+49 621 1813419",
        "website": "https://www.uni-mannheim.de/sport/informationen/sportstaetten/#c35504",
        "@geometry": "center"
      },
      "geometry": {
        "type": "Point",
        "coordinates": [
          8.4992394,
          49.4785265
        ]
      },
      "id": "way/161631374"
    },
    {
      "type": "Feature",
      "properties": {
        "@id": "way/161881810",
        "club": "sport",
        "leisure": "sports_centre",
        "name": "Tennisclub Ladenburg e.V.",
        "short_name": "TC Ladenburg",
        "sport": "tennis",
        "website": "https://www.tc-ladenburg.de/",
        "@geometry": "center"
      },
      "geometry": {
        "type": "Point",
        "coordinates": [
          8.6129165,
          49.4649564
        ]
      },
      "id": "way/161881810"
    },
    {
      "type": "Feature",
      "properties": {
        "@id": "way/161939441",
        "club": "sport",
        "leisure": "sports_centre",
        "name": "ESC Blau-Weiß Mannheim 1928",
        "operator": "ESC Blau-Weiß Mannheim 1928 e.V.",
        "sport": "multi",
        "website": "https://www.escblauweiss.de/",
        "@geometry": "center"
      },
      "geometry": {
        "type": "Point",
        "coordinates": [
          8.5147226,
          49.4879375
        ]
      },
      "id": "way/161939441"
    },
    {
      "type": "Feature",
      "properties": {
        "@id": "way/161939463",
        "animal": "sport",
        "leisure": "sports_centre",
        "name": "Verein für Deutsche Schäferhunde SV OG Feudenheim",
        "operator": "Verein für Deutsche Schäferhunde SV OG Feudenheim e.V.",
        "phone": "+49 621 793078",
        "sport": "dog",
        "website": "https://www.svogfeudenheim.de/",
        "@geometry": "center"
      },
      "geometry": {
        "type": "Point",
        "coordinates": [
          8.5148603,
          49.486605
        ]
      },
      "id": "way/161939463"
    },
    {
      "type": "Feature",
      "properties": {
        "@id": "way/162053856",
        "leisure": "sports_centre",
        "name": "PSV Schützenabteilung Pistolenstand",
        "sport": "shooting",
        "@geometry": "center"
      },
      "geometry": {
        "type": "Point",
        "coordinates": [
          8.5063971,
          49.4872651
        ]
      },
      "id": "way/162053856"
    },
    {
      "type": "Feature",
      "properties": {
        "@id": "way/162235979",
        "building": "sports_hall",
        "name": "Lobdengauhalle",
        "sport": "multi",
        "@geometry": "center"
      },
      "geometry": {
        "type": "Point",
        "coordinates": [
          8.6088417,
          49.4688459
        ]
      },
      "id": "way/162235979"
    },
    {
      "type": "Feature",
      "properties": {
        "@id": "way/162269803",
        "addr:city": "Schwetzingen",
        "addr:country": "DE",
        "addr:housename": "Pfitzenmeier",
        "addr:housenumber": "3",
        "addr:postcode": "68723",
        "addr:street": "Duisburger Straße",
        "building": "commercial",
        "leisure": "sports_centre",
        "name": "Pfitzenmeier Fitness & Wellness Park Schwetzingen",
        "operator": "Pfitzenmeier",
        "sport": "gymnastics",
        "@geometry": "center"
      },
      "geometry": {
        "type": "Point",
        "coordinates": [
          8.5586741,
          49.4010737
        ]
      },
      "id": "way/162269803"
    },
    {
      "type": "Feature",
      "properties": {
        "@id": "way/162359068",
        "addr:city": "Mannheim",
        "addr:housenumber": "39",
        "addr:postcode": "68169",
        "addr:street": "Industriestraße",
        "building": "yes",
        "climbing:boulder": "yes",
        "climbing:sport": "yes",
        "email": "team@boulderisland.de",
        "fee": "yes",
        "leisure": "sports_centre",
        "name": "Boulder Island",
        "opening_hours": "Mo-Fr 10:00-23:00; Sa,Su,PH 09:00-22:00",
        "operator": "Boulder Island GmbH & Co. KG",
        "phone": "+49 621 39187898",
        "sport": "climbing",
        "website": "https://boulder-island.de",
        "@geometry": "center"
      },
      "geometry": {
        "type": "Point",
        "coordinates": [
          8.4693874,
          49.5135724
        ]
      },
      "id": "way/162359068"
    },
    {
      "type": "Feature",
      "properties": {
        "@id": "way/162748013",
        "leisure": "sports_centre",
        "name": "Alte Riedlache (DJK Sandhofen)",
        "website": "https://www.djk-mannheim.de/index.php?id=31",
        "@geometry": "center"
      },
      "geometry": {
        "type": "Point",
        "coordinates": [
          8.4437516,
          49.5405197
        ]
      },
      "id": "way/162748013"
    },
    {
      "type": "Feature",
      "properties": {
        "@id": "way/163099656",
        "leisure": "sports_centre",
        "name": "Radsportzentrum Ludwigshafen am Rhein e.V.",
        "sport": "cycling",
        "wheelchair": "no",
        "@geometry": "center"
      },
      "geometry": {
        "type": "Point",
        "coordinates": [
          8.4037526,
          49.4976823
        ]
      },
      "id": "way/163099656"
    },
    {
      "type": "Feature",
      "properties": {
        "@id": "way/163099657",
        "leisure": "sports_centre",
        "wheelchair": "no",
        "@geometry": "center"
      },
      "geometry": {
        "type": "Point",
        "coordinates": [
          8.4047162,
          49.4992193
        ]
      },
      "id": "way/163099657"
    },
    {
      "type": "Feature",
      "properties": {
        "@id": "way/163099679",
        "leisure": "sports_centre",
        "name": "Eulenpark-Stadion",
        "sport": "soccer",
        "wheelchair": "limited",
        "@geometry": "center"
      },
      "geometry": {
        "type": "Point",
        "coordinates": [
          8.4057011,
          49.5007539
        ]
      },
      "id": "way/163099679"
    },
    {
      "type": "Feature",
      "properties": {
        "@id": "way/163099681",
        "leisure": "sports_centre",
        "name": "BASF Tennisclub",
        "sport": "tennis",
        "wheelchair": "limited",
        "@geometry": "center"
      },
      "geometry": {
        "type": "Point",
        "coordinates": [
          8.3999587,
          49.4974018
        ]
      },
      "id": "way/163099681"
    },
    {
      "type": "Feature",
      "properties": {
        "@id": "way/163840174",
        "check_date": "2024-11-08",
        "club": "sport",
        "leisure": "sports_centre",
        "name": "SV Waldhof 07 e.V.",
        "sport": "soccer,tennis,handball",
        "wikipedia": "de:Stadion am Alsenweg",
        "@geometry": "center"
      },
      "geometry": {
        "type": "Point",
        "coordinates": [
          8.48662,
          49.5323484
        ]
      },
      "id": "way/163840174"
    },
    {
      "type": "Feature",
      "properties": {
        "@id": "way/163859728",
        "leisure": "sports_centre",
        "name": "TSV 47 Schönau",
        "operator": "Turn- und Sportverein 1947 Mannheim Schönau e.V.",
        "sport": "multi",
        "website": "https://www.tsv47schoenau.de/",
        "@geometry": "center"
      },
      "geometry": {
        "type": "Point",
        "coordinates": [
          8.4751073,
          49.5529079
        ]
      },
      "id": "way/163859728"
    },
    {
      "type": "Feature",
      "properties": {
        "@id": "way/163979325",
        "addr:city": "Mannheim",
        "addr:country": "DE",
        "addr:housenumber": "166",
        "addr:postcode": "68163",
        "addr:street": "Seckenheimer Landstraße",
        "building": "yes",
        "leisure": "sports_centre",
        "name": "Pfitzenmeier Wellness & Fitness Park Mannheim City Airport",
        "wheelchair": "limited",
        "@geometry": "center"
      },
      "geometry": {
        "type": "Point",
        "coordinates": [
          8.5214752,
          49.4770854
        ]
      },
      "id": "way/163979325"
    },
    {
      "type": "Feature",
      "properties": {
        "@id": "way/164296282",
        "addr:city": "Mannheim",
        "addr:housenumber": "26",
        "addr:postcode": "68259",
        "addr:street": "Spessartstraße",
        "building": "yes",
        "leisure": "sports_centre",
        "name": "Sporthalle",
        "roof:shape": "flat",
        "sport": "multi",
        "@geometry": "center"
      },
      "geometry": {
        "type": "Point",
        "coordinates": [
          8.5290181,
          49.4850014
        ]
      },
      "id": "way/164296282"
    },
    {
      "type": "Feature",
      "properties": {
        "@id": "way/164312296",
        "addr:city": "Mannheim",
        "addr:postcode": "68259",
        "addr:street": "Römerstraße",
        "building": "sports_hall",
        "leisure": "sports_centre",
        "name": "Sporthalle",
        "roof:colour": "grey",
        "roof:shape": "flat",
        "start_date": "1969",
        "@geometry": "center"
      },
      "geometry": {
        "type": "Point",
        "coordinates": [
          8.5487839,
          49.4977921
        ]
      },
      "id": "way/164312296"
    },
    {
      "type": "Feature",
      "properties": {
        "@id": "way/164425052",
        "addr:city": "Mannheim",
        "addr:country": "DE",
        "addr:housenumber": "14",
        "addr:postcode": "68199",
        "addr:street": "Siegmund-Schuckert-Straße",
        "building": "yes",
        "leisure": "sports_centre",
        "name": "Badminton-Center Neckarau",
        "sport": "badminton",
        "website": "http://www.badminton-neckarau.de/",
        "@geometry": "center"
      },
      "geometry": {
        "type": "Point",
        "coordinates": [
          8.5059353,
          49.4582781
        ]
      },
      "id": "way/164425052"
    },
    {
      "type": "Feature",
      "properties": {
        "@id": "way/164688996",
        "leisure": "sports_centre",
        "name": "Kartbahn MSC-Oberflockenbach",
        "operator": "MSC Motor Sport Club Oberflockenbach e.V.",
        "sport": "karting",
        "url": "https://www.msc-oberflockenbach.de/",
        "@geometry": "center"
      },
      "geometry": {
        "type": "Point",
        "coordinates": [
          8.628525,
          49.5399671
        ]
      },
      "id": "way/164688996"
    },
    {
      "type": "Feature",
      "properties": {
        "@id": "way/164872284",
        "addr:city": "Mannheim",
        "addr:country": "DE",
        "addr:housenumber": "7",
        "addr:postcode": "68307",
        "addr:street": "Boehringerstraße",
        "building": "yes",
        "leisure": "sports_centre",
        "name": "Sporthalle",
        "sport": "multi",
        "@geometry": "center"
      },
      "geometry": {
        "type": "Point",
        "coordinates": [
          8.4794739,
          49.5347252
        ]
      },
      "id": "way/164872284"
    },
    {
      "type": "Feature",
      "properties": {
        "@id": "way/165051866",
        "addr:city": "Ludwigshafen am Rhein",
        "addr:country": "DE",
        "addr:housenumber": "25",
        "addr:postcode": "67071",
        "addr:street": "Saarburger Straße",
        "building": "yes",
        "contact:fax": "+49 621 528374",
        "contact:phone": "+49 621 511287",
        "contact:website": "http://kletterzentrum.de/",
        "leisure": "sports_centre",
        "name": "EXTREM Kletterzentrum Ludwigshafen",
        "opening_hours": "Mo-Fr 10:00-23:00; Sa-Su,PH 10:00-21:00",
        "source:building": "OpenData Rheinland-Pfalz",
        "sport": "climbing",
        "@geometry": "center"
      },
      "geometry": {
        "type": "Point",
        "coordinates": [
          8.4073615,
          49.486471
        ]
      },
      "id": "way/165051866"
    },
    {
      "type": "Feature",
      "properties": {
        "@id": "way/165051878",
        "addr:city": "Ludwigshafen am Rhein",
        "addr:country": "DE",
        "addr:housenumber": "21",
        "addr:postcode": "67071",
        "addr:street": "Saarburger Straße",
        "building": "yes",
        "contact:email": "booknow@lufun.de",
        "fee": "yes",
        "leisure": "sports_centre",
        "name": "LuFUN. Soccer und Indoorspielplatz",
        "opening_hours": "Mo-Fr 15:00-24:00, Sa-Su 10:00-24:00",
        "operator": "Lorin Sarialtun, LuFUN Soccer und Indoorspielplatz",
        "phone": "+49 621 523030",
        "source:building": "OpenData Rheinland-Pfalz",
        "sport": "soccer",
        "website": "https://lufun.de",
        "@geometry": "center"
      },
      "geometry": {
        "type": "Point",
        "coordinates": [
          8.409199,
          49.4861507
        ]
      },
      "id": "way/165051878"
    },
    {
      "type": "Feature",
      "properties": {
        "@id": "way/165075501",
        "addr:housenumber": "1",
        "addr:street": "Spinelliplatz",
        "building": "sports_hall",
        "building:levels": "1",
        "height": "8",
        "leisure": "sports_centre",
        "loc_name": "Spinelli Gym",
        "roof:colour": "brown",
        "roof:height": "4",
        "roof:shape": "gabled",
        "short_name": "Gym",
        "@geometry": "center"
      },
      "geometry": {
        "type": "Point",
        "coordinates": [
          8.521782,
          49.4961538
        ]
      },
      "id": "way/165075501"
    },
    {
      "type": "Feature",
      "properties": {
        "@id": "way/165281028",
        "addr:city": "Mannheim",
        "addr:country": "DE",
        "addr:housenumber": "8",
        "addr:postcode": "68309",
        "addr:street": "Freiberger Ring",
        "building": "yes",
        "building:levels": "1",
        "height": "6",
        "leisure": "sports_centre",
        "name": "Hallenbad Vogelstang",
        "opening_hours": "Tu, Fr 14:00-20:00; Th, Sa-Su 08:00-14:00",
        "operator": "Fachbereich Sport und Freizeit Mannheim",
        "phone": "+49 621 2938283",
        "roof:colour": "#A0A0A0",
        "roof:shape": "flat",
        "sport": "swimming",
        "website": "https://www.mannheim.de/de/service-bieten/sport/schwimmbaeder/hallenbad-vogelstang",
        "@geometry": "center"
      },
      "geometry": {
        "type": "Point",
        "coordinates": [
          8.5409979,
          49.5108675
        ]
      },
      "id": "way/165281028"
    },
    {
      "type": "Feature",
      "properties": {
        "@id": "way/166580361",
        "addr:city": "Mannheim",
        "addr:country": "DE",
        "addr:housenumber": "26",
        "addr:postcode": "68309",
        "addr:street": "Elisabeth-Altmann-Gottheiner-Straße",
        "building": "sports_hall",
        "leisure": "sports_centre",
        "name": "Sporthalle-Bertha-Hirsch-Schule",
        "sport": "multi",
        "@geometry": "center"
      },
      "geometry": {
        "type": "Point",
        "coordinates": [
          8.5247756,
          49.5036644
        ]
      },
      "id": "way/166580361"
    },
    {
      "type": "Feature",
      "properties": {
        "@id": "way/166806803",
        "addr:city": "Ladenburg",
        "addr:housenumber": "1",
        "addr:postcode": "68526",
        "addr:street": "Modellflugplatz an der L597",
        "leisure": "sports_centre",
        "lit": "no",
        "name": "MCL-Modellflugplatz",
        "operator": "Modellbau-Club-Ladenburg e.V.",
        "sport": "model_aerodrome",
        "website": "https://www.mcl-ladenburg.de/",
        "@geometry": "center"
      },
      "geometry": {
        "type": "Point",
        "coordinates": [
          8.577381,
          49.4906853
        ]
      },
      "id": "way/166806803"
    },
    {
      "type": "Feature",
      "properties": {
        "@id": "way/168562625",
        "building": "sports_hall",
        "source": "Bing",
        "@geometry": "center"
      },
      "geometry": {
        "type": "Point",
        "coordinates": [
          8.4709674,
          49.5056811
        ]
      },
      "id": "way/168562625"
    },
    {
      "type": "Feature",
      "properties": {
        "@id": "way/169202791",
        "addr:city": "Ludwigshafen am Rhein",
        "addr:country": "DE",
        "addr:housenumber": "70",
        "addr:postcode": "67061",
        "addr:street": "Saarlandstraße",
        "building": "yes",
        "leisure": "sports_centre",
        "name": "Eisstadion Ludwigshafen",
        "sport": "skating",
        "website": "www.ercl.org/",
        "@geometry": "center"
      },
      "geometry": {
        "type": "Point",
        "coordinates": [
          8.4365441,
          49.4690382
        ]
      },
      "id": "way/169202791"
    },
    {
      "type": "Feature",
      "properties": {
        "@id": "way/169202815",
        "leisure": "sports_centre",
        "name": "Polizeisportverein Grün-Weiß Ludwigshafen eV",
        "sport": "multi",
        "website": "http://www.psvgw-lu.de/",
        "@geometry": "center"
      },
      "geometry": {
        "type": "Point",
        "coordinates": [
          8.4351234,
          49.4665307
        ]
      },
      "id": "way/169202815"
    },
    {
      "type": "Feature",
      "properties": {
        "@id": "way/170065453",
        "addr:city": "Ludwigshafen am Rhein",
        "addr:country": "DE",
        "addr:housenumber": "38",
        "addr:postcode": "67059",
        "addr:street": "Franz-Zang-Straße",
        "building": "yes",
        "leisure": "sports_centre",
        "name": "Franz-Zang-Halle",
        "sport": "multi",
        "wheelchair": "no",
        "@geometry": "center"
      },
      "geometry": {
        "type": "Point",
        "coordinates": [
          8.4236147,
          49.4699741
        ]
      },
      "id": "way/170065453"
    },
    {
      "type": "Feature",
      "properties": {
        "@id": "way/170309166",
        "leisure": "sports_centre",
        "name": "Tennis-Club Rot-Weiß",
        "sport": "tennis",
        "website": "http://tennis-rot-weiss-lu.de/",
        "@geometry": "center"
      },
      "geometry": {
        "type": "Point",
        "coordinates": [
          8.4192008,
          49.4679055
        ]
      },
      "id": "way/170309166"
    },
    {
      "type": "Feature",
      "properties": {
        "@id": "way/172002159",
        "addr:housenumber": "51-53",
        "addr:street": "Sandhofer Straße",
        "building": "yes",
        "leisure": "sports_centre",
        "name": "VWM Mannheim e.V. Bootshaus",
        "phone": "+49 621 757410",
        "sport": "rowing",
        "website": "https://www.vwm-wassersport.de",
        "@geometry": "center"
      },
      "geometry": {
        "type": "Point",
        "coordinates": [
          8.4718871,
          49.5198138
        ]
      },
      "id": "way/172002159"
    },
    {
      "type": "Feature",
      "properties": {
        "@id": "way/172427040",
        "addr:city": "Edingen-Neckarhausen",
        "addr:country": "DE",
        "addr:housenumber": "50",
        "addr:postcode": "68535",
        "addr:street": "Freiherr-von-Drais-Straße",
        "addr:suburb": "Neckarhausen",
        "building": "yes",
        "email": "kontakt@vitalactiv.de",
        "leisure": "sports_centre",
        "name": "vital activ Fitness",
        "opening_hours": "Mo-Fr 09:00-22:00; Sa 11:00-18:00; Su 10:00-15:00",
        "phone": "+49 6203 3831",
        "website": "https://vitalactiv.de/",
        "@geometry": "center"
      },
      "geometry": {
        "type": "Point",
        "coordinates": [
          8.5908714,
          49.4715693
        ]
      },
      "id": "way/172427040"
    },
    {
      "type": "Feature",
      "properties": {
        "@id": "way/173148963",
        "addr:city": "Heddesheim",
        "addr:country": "DE",
        "addr:housenumber": "6",
        "addr:postcode": "68542",
        "addr:street": "Lessingstraße",
        "building": "yes",
        "building:levels": "1",
        "height": "4",
        "leisure": "sports_centre",
        "name": "Studio 68",
        "roof:colour": "#686868",
        "@geometry": "center"
      },
      "geometry": {
        "type": "Point",
        "coordinates": [
          8.5953323,
          49.5088986
        ]
      },
      "id": "way/173148963"
    },
    {
      "type": "Feature",
      "properties": {
        "@id": "way/173608593",
        "building": "yes",
        "building:levels": "1",
        "leisure": "sports_centre",
        "name": "Turnverein 1992 Friedrichsfeld",
        "roof:shape": "gabled",
        "@geometry": "center"
      },
      "geometry": {
        "type": "Point",
        "coordinates": [
          8.5746987,
          49.4403736
        ]
      },
      "id": "way/173608593"
    },
    {
      "type": "Feature",
      "properties": {
        "@id": "way/174483915",
        "email": "info@scrw.org",
        "leisure": "sports_centre",
        "name": "SC Rot-Weiß 1952 Mannheim-Rheinau e.V..",
        "sport": "multi",
        "website": "http://www.rotweiss-rheinau.de/home.html",
        "@geometry": "center"
      },
      "geometry": {
        "type": "Point",
        "coordinates": [
          8.5381543,
          49.4154597
        ]
      },
      "id": "way/174483915"
    },
    {
      "type": "Feature",
      "properties": {
        "@id": "way/175640395",
        "addr:city": "Neuhofen",
        "addr:country": "DE",
        "addr:housenumber": "25",
        "addr:postcode": "67141",
        "addr:street": "Jahnstraße",
        "building": "yes",
        "leisure": "sports_centre",
        "name": "Rehbachhalle",
        "sport": "multi",
        "@geometry": "center"
      },
      "geometry": {
        "type": "Point",
        "coordinates": [
          8.4235345,
          49.4209861
        ]
      },
      "id": "way/175640395"
    },
    {
      "type": "Feature",
      "properties": {
        "@id": "way/175841232",
        "leisure": "sports_centre",
        "name": "Sportverein Rohrhof 1921 e.V.",
        "phone": "+49 6202 4093559",
        "website": "https://www.sv-rohrhof.de/",
        "wheelchair": "yes",
        "@geometry": "center"
      },
      "geometry": {
        "type": "Point",
        "coordinates": [
          8.5229491,
          49.4145617
        ]
      },
      "id": "way/175841232"
    },
    {
      "type": "Feature",
      "properties": {
        "@id": "way/175855921",
        "addr:city": "Brühl",
        "addr:country": "DE",
        "addr:housenumber": "19",
        "addr:postcode": "68782",
        "addr:street": "Schulstraße",
        "addr:suburb": "Rohrhof",
        "building": "yes",
        "leisure": "sports_centre",
        "name": "Gymnastikhalle Grundschule",
        "wheelchair": "no",
        "@geometry": "center"
      },
      "geometry": {
        "type": "Point",
        "coordinates": [
          8.5215644,
          49.4087403
        ]
      },
      "id": "way/175855921"
    },
    {
      "type": "Feature",
      "properties": {
        "@id": "way/178382945",
        "building": "sports_hall",
        "building:levels": "1",
        "height": "6",
        "roof:shape": "flat",
        "@geometry": "center"
      },
      "geometry": {
        "type": "Point",
        "coordinates": [
          8.5241457,
          49.5180568
        ]
      },
      "id": "way/178382945"
    },
    {
      "type": "Feature",
      "properties": {
        "@id": "way/178383881",
        "addr:housenumber": "70",
        "addr:street": "Wasserwerkstraße",
        "building": "sports_hall",
        "building:levels": "1",
        "height": "6",
        "roof:shape": "flat",
        "@geometry": "center"
      },
      "geometry": {
        "type": "Point",
        "coordinates": [
          8.5238504,
          49.518084
        ]
      },
      "id": "way/178383881"
    },
    {
      "type": "Feature",
      "properties": {
        "@id": "way/180791943",
        "addr:city": "Ladenburg",
        "addr:country": "DE",
        "addr:housenumber": "5",
        "addr:postcode": "68526",
        "addr:street": "Industriestraße",
        "building": "yes",
        "email": "info@jumpinn.de",
        "leisure": "sports_centre",
        "name": "Jumpinn Ladenburg: Spielpark",
        "phone": "+49 6203 956694",
        "website": "www.jumpinn.de",
        "@geometry": "center"
      },
      "geometry": {
        "type": "Point",
        "coordinates": [
          8.6055287,
          49.480246
        ]
      },
      "id": "way/180791943"
    },
    {
      "type": "Feature",
      "properties": {
        "@id": "way/180916040",
        "addr:city": "Ladenburg",
        "addr:country": "DE",
        "addr:housenumber": "4",
        "addr:postcode": "68526",
        "addr:street": "Jahnstraße",
        "building": "sports_hall",
        "check_date": "2025-12-22",
        "leisure": "sports_centre",
        "name": "Jahnhalle",
        "wheelchair": "limited",
        "@geometry": "center"
      },
      "geometry": {
        "type": "Point",
        "coordinates": [
          8.6069257,
          49.4749187
        ]
      },
      "id": "way/180916040"
    },
    {
      "type": "Feature",
      "properties": {
        "@id": "way/181154743",
        "leisure": "sports_centre",
        "@geometry": "center"
      },
      "geometry": {
        "type": "Point",
        "coordinates": [
          8.6456868,
          49.4996766
        ]
      },
      "id": "way/181154743"
    },
    {
      "type": "Feature",
      "properties": {
        "@id": "way/181449164",
        "leisure": "sports_centre",
        "lit": "no",
        "name": "BPMV-Modellflugplatz",
        "operator": "Badisch Pfälzischer Modellflugverein",
        "sport": "model_aerodrome",
        "website": "http://www.bpmv-mannheim.de/",
        "@geometry": "center"
      },
      "geometry": {
        "type": "Point",
        "coordinates": [
          8.5716062,
          49.5203934
        ]
      },
      "id": "way/181449164"
    },
    {
      "type": "Feature",
      "properties": {
        "@id": "way/191373073",
        "addr:city": "Mannheim",
        "addr:country": "DE",
        "addr:housenumber": "5a",
        "addr:postcode": "68307",
        "addr:street": "Boehringerstraße",
        "building": "yes",
        "leisure": "sports_centre",
        "name": "Fred-Hauser-Halle",
        "sport": "multi",
        "@geometry": "center"
      },
      "geometry": {
        "type": "Point",
        "coordinates": [
          8.4801774,
          49.5343721
        ]
      },
      "id": "way/191373073"
    },
    {
      "type": "Feature",
      "properties": {
        "@id": "way/198718494",
        "leisure": "sports_centre",
        "name": "Tennisclub 1948 Viernheim",
        "sport": "tennis",
        "@geometry": "center"
      },
      "geometry": {
        "type": "Point",
        "coordinates": [
          8.5554393,
          49.5277974
        ]
      },
      "id": "way/198718494"
    },
    {
      "type": "Feature",
      "properties": {
        "@id": "way/210973185",
        "addr:city": "Mannheim",
        "addr:housenumber": "44",
        "addr:postcode": "68307",
        "addr:street": "Kalthorststraße",
        "fee": "yes",
        "leisure": "sports_centre",
        "name": "SKV Sandhofen",
        "@geometry": "center"
      },
      "geometry": {
        "type": "Point",
        "coordinates": [
          8.4432497,
          49.5420778
        ]
      },
      "id": "way/210973185"
    },
    {
      "type": "Feature",
      "properties": {
        "@id": "way/211408914",
        "email": "info@wsvsandhofen.de",
        "leisure": "sports_centre",
        "name": "Wassersportverein Mannheim-Sandhofen e.V.",
        "sport": "aquatics",
        "website": "https://wsvsandhofen.de/",
        "@geometry": "center"
      },
      "geometry": {
        "type": "Point",
        "coordinates": [
          8.4504242,
          49.5351112
        ]
      },
      "id": "way/211408914"
    },
    {
      "type": "Feature",
      "properties": {
        "@id": "way/211411807",
        "leisure": "sports_centre",
        "sport": "tennis",
        "@geometry": "center"
      },
      "geometry": {
        "type": "Point",
        "coordinates": [
          8.4419443,
          49.5402393
        ]
      },
      "id": "way/211411807"
    },
    {
      "type": "Feature",
      "properties": {
        "@id": "way/212322847",
        "addr:city": "Brühl",
        "addr:country": "DE",
        "addr:housenumber": "2",
        "addr:postcode": "68782",
        "addr:street": "Jahnstraße",
        "building": "yes",
        "leisure": "sports_centre",
        "name": "Jahnhalle",
        "@geometry": "center"
      },
      "geometry": {
        "type": "Point",
        "coordinates": [
          8.5361331,
          49.3922213
        ]
      },
      "id": "way/212322847"
    },
    {
      "type": "Feature",
      "properties": {
        "@id": "way/212701425",
        "addr:city": "Brühl",
        "addr:country": "DE",
        "addr:housenumber": "2",
        "addr:postcode": "68782",
        "addr:street": "Wiesenplätz",
        "building": "yes",
        "email": "mail@turnverein-bruehl.de",
        "fax": "+49 6202 780931",
        "leisure": "sports_centre",
        "name": "TV Brühl 1912 e.V.",
        "phone": "+49 6202 970972",
        "toilets:wheelchair": "yes",
        "website": "www.turnverein-bruehl.de",
        "wheelchair": "yes",
        "@geometry": "center"
      },
      "geometry": {
        "type": "Point",
        "coordinates": [
          8.5299883,
          49.3907131
        ]
      },
      "id": "way/212701425"
    },
    {
      "type": "Feature",
      "properties": {
        "@id": "way/213373274",
        "fax": "+49 621 853990",
        "leisure": "sports_centre",
        "name": "TC SW Neckarau",
        "phone": "+49 621 853919",
        "sport": "tennis",
        "website": "https://www.sw-neckarau.de/",
        "@geometry": "center"
      },
      "geometry": {
        "type": "Point",
        "coordinates": [
          8.4827783,
          49.4511596
        ]
      },
      "id": "way/213373274"
    },
    {
      "type": "Feature",
      "properties": {
        "@id": "way/213373276",
        "email": "info@vflkurpfalz.de",
        "leisure": "sports_centre",
        "name": "VfL Kurpfalz Mannheim-Neckarau",
        "phone": "+49 172 6900925",
        "website": "https://www.vflkurpfalz.de/",
        "wheelchair": "no",
        "wikipedia": "de:VfL Neckarau",
        "@geometry": "center"
      },
      "geometry": {
        "type": "Point",
        "coordinates": [
          8.4777154,
          49.4470098
        ]
      },
      "id": "way/213373276"
    },
    {
      "type": "Feature",
      "properties": {
        "@id": "way/218000242",
        "addr:housenumber": "4, 6, 8",
        "addr:street": "Am Neckarkanal",
        "club": "sport",
        "leisure": "sports_centre",
        "name": "Mannheimer Hockeyclub",
        "sport": "field_hockey",
        "website": "https://www.mannheimerhc.de/",
        "wikidata": "Q1860256",
        "wikipedia": "en:Mannheimer HC",
        "@geometry": "center"
      },
      "geometry": {
        "type": "Point",
        "coordinates": [
          8.5162806,
          49.4837598
        ]
      },
      "id": "way/218000242"
    },
    {
      "type": "Feature",
      "properties": {
        "@id": "way/218431732",
        "addr:housenumber": "68-70",
        "addr:postcode": "68169",
        "addr:street": "Waldhofstraße",
        "building": "yes",
        "leisure": "sports_centre",
        "name": "Bertha-Benz-Halle",
        "source": "LGL, www.lgl-bw.de",
        "sport": "multi",
        "@geometry": "center"
      },
      "geometry": {
        "type": "Point",
        "coordinates": [
          8.4708197,
          49.5030022
        ]
      },
      "id": "way/218431732"
    },
    {
      "type": "Feature",
      "properties": {
        "@id": "way/224523774",
        "leisure": "sports_centre",
        "name": "MFC 08 Lindenhof eV.",
        "sport": "multi",
        "website": "https://mfc08.de/",
        "@geometry": "center"
      },
      "geometry": {
        "type": "Point",
        "coordinates": [
          8.4659095,
          49.4572291
        ]
      },
      "id": "way/224523774"
    },
    {
      "type": "Feature",
      "properties": {
        "@id": "way/230187413",
        "addr:city": "Plankstadt",
        "addr:housenumber": "28",
        "addr:postcode": "68723",
        "addr:street": "Jahnstraße",
        "email": "info@tc-plankstadt.de",
        "leisure": "sports_centre",
        "name": "Tennisclub-Plankstadt eV",
        "sport": "tennis;squash",
        "website": "https://www.tc-plankstadt.de/",
        "website_1": "https://tcplankstadt.ebusy.de",
        "@geometry": "center"
      },
      "geometry": {
        "type": "Point",
        "coordinates": [
          8.5799429,
          49.3988574
        ]
      },
      "id": "way/230187413"
    },
    {
      "type": "Feature",
      "properties": {
        "@id": "way/230911840",
        "addr:city": "Ludwigshafen am Rhein",
        "addr:country": "DE",
        "addr:housenumber": "29",
        "addr:postcode": "67065",
        "addr:street": "Hoher Weg",
        "addr:suburb": "Rheingönheim",
        "building": "yes",
        "leisure": "sports_centre",
        "name": "Turngemeinschaft \"Frei Heil\" 1892 e.V.",
        "website": "http://www.tg-rheingoenheim.de/",
        "@geometry": "center"
      },
      "geometry": {
        "type": "Point",
        "coordinates": [
          8.4205089,
          49.4435215
        ]
      },
      "id": "way/230911840"
    },
    {
      "type": "Feature",
      "properties": {
        "@id": "way/233550106",
        "email": "info@tcleutershausen.de",
        "leisure": "sports_centre",
        "name": "TC Leutershausen",
        "phone": "+49 6201 57712",
        "sport": "tennis",
        "website": "https://www.tcleutershausen.de/",
        "@geometry": "center"
      },
      "geometry": {
        "type": "Point",
        "coordinates": [
          8.6463044,
          49.5012401
        ]
      },
      "id": "way/233550106"
    },
    {
      "type": "Feature",
      "properties": {
        "@id": "way/234813885",
        "leisure": "sports_centre",
        "name": "Tennisklub Grün-Weiß Mannheim",
        "sport": "tennis",
        "website": "https://www.gruen-weiss-mannheim.de/",
        "@geometry": "center"
      },
      "geometry": {
        "type": "Point",
        "coordinates": [
          8.5137814,
          49.4861957
        ]
      },
      "id": "way/234813885"
    },
    {
      "type": "Feature",
      "properties": {
        "@id": "way/236700957",
        "addr:city": "Ludwigshafen am Rhein",
        "addr:country": "DE",
        "addr:housenumber": "1-5",
        "addr:postcode": "67063",
        "addr:street": "Industriestraße",
        "brand": "McFit",
        "brand:wikidata": "Q871302",
        "brand:wikipedia": "en:McFit",
        "building": "commercial",
        "leisure": "fitness_centre",
        "name": "McFit",
        "opening_hours": "24/7",
        "operator": "RSG Group GmbH",
        "phone": "+49 621 6349441",
        "sport": "fitness",
        "website": "https://www.mcfit.com/de/studiodetail/info/ludwigshafen.html",
        "@geometry": "center"
      },
      "geometry": {
        "type": "Point",
        "coordinates": [
          8.4229183,
          49.4850653
        ]
      },
      "id": "way/236700957"
    },
    {
      "type": "Feature",
      "properties": {
        "@id": "way/236820126",
        "email": "geschaeftsstelle@tv-grossachsen.de",
        "fax": "+49 6201 507452",
        "leisure": "sports_centre",
        "name": "Turnverein Germania 1890 e.V.",
        "phone": "+49 6201 56243",
        "sport": "tennis",
        "website": "http://www.tv-grossachsen.de/",
        "wheelchair": "yes",
        "@geometry": "center"
      },
      "geometry": {
        "type": "Point",
        "coordinates": [
          8.6537193,
          49.5137792
        ]
      },
      "id": "way/236820126"
    },
    {
      "type": "Feature",
      "properties": {
        "@id": "way/240656087",
        "addr:city": "Mannheim",
        "addr:country": "DE",
        "addr:housenumber": "11",
        "addr:postcode": "68305",
        "addr:street": "Alsenweg",
        "building": "sports_centre",
        "leisure": "sports_centre",
        "name": "Herbert-Lucy-Halle",
        "sport": "multi",
        "wheelchair": "no",
        "@geometry": "center"
      },
      "geometry": {
        "type": "Point",
        "coordinates": [
          8.4860224,
          49.5316226
        ]
      },
      "id": "way/240656087"
    },
    {
      "type": "Feature",
      "properties": {
        "@id": "way/244366611",
        "addr:housenumber": "20-40",
        "addr:street": "Anemonenweg",
        "leisure": "sports_centre",
        "name": "VfB Gartenstadt 1950 e.V.",
        "phone": "+49 621 7185 7100",
        "sport": "soccer",
        "website": "https://www.vfb1950gartenstadt.de/",
        "@geometry": "center"
      },
      "geometry": {
        "type": "Point",
        "coordinates": [
          8.5042293,
          49.5262875
        ]
      },
      "id": "way/244366611"
    },
    {
      "type": "Feature",
      "properties": {
        "@id": "way/246009384",
        "addr:city": "Ludwigshafen am Rhein",
        "addr:country": "DE",
        "addr:housenumber": "24",
        "addr:postcode": "67065",
        "addr:street": "Erich-Reimann-Straße",
        "building": "yes",
        "leisure": "sports_centre",
        "name": "Schulzentrum Mundenheim",
        "sport": "multi",
        "wheelchair": "yes",
        "@geometry": "center"
      },
      "geometry": {
        "type": "Point",
        "coordinates": [
          8.4356004,
          49.4651793
        ]
      },
      "id": "way/246009384"
    },
    {
      "type": "Feature",
      "properties": {
        "@id": "way/246009386",
        "addr:city": "Ludwigshafen am Rhein",
        "addr:country": "DE",
        "addr:housenumber": "24",
        "addr:postcode": "67065",
        "addr:street": "Erich-Reimann-Straße",
        "building": "yes",
        "leisure": "sports_centre",
        "name": "Sporthalle Schulzentrum Ludwigshafen-Mundenheim mT",
        "sport": "multi",
        "wheelchair": "yes",
        "@geometry": "center"
      },
      "geometry": {
        "type": "Point",
        "coordinates": [
          8.4361634,
          49.4648636
        ]
      },
      "id": "way/246009386"
    },
    {
      "type": "Feature",
      "properties": {
        "@id": "way/251644980",
        "leisure": "sports_centre",
        "name": "Jägervereinigung Mannheim",
        "sport": "shooting",
        "website": "https://www.jv-ma.de/",
        "@geometry": "center"
      },
      "geometry": {
        "type": "Point",
        "coordinates": [
          8.4348532,
          49.5344214
        ]
      },
      "id": "way/251644980"
    },
    {
      "type": "Feature",
      "properties": {
        "@id": "way/273997208",
        "building": "yes",
        "leisure": "sports_centre",
        "name": "Post Sport Halle",
        "sport": "multi",
        "@geometry": "center"
      },
      "geometry": {
        "type": "Point",
        "coordinates": [
          8.4221816,
          49.4752918
        ]
      },
      "id": "way/273997208"
    },
    {
      "type": "Feature",
      "properties": {
        "@id": "way/278779564",
        "check_date": "2025-02-22",
        "leisure": "sports_centre",
        "name": "MTG Mannheim",
        "sport": "athletics",
        "website": "https://www.mtg-mannheim.de/",
        "@geometry": "center"
      },
      "geometry": {
        "type": "Point",
        "coordinates": [
          8.5087911,
          49.4876108
        ]
      },
      "id": "way/278779564"
    },
    {
      "type": "Feature",
      "properties": {
        "@id": "way/291743236",
        "leisure": "sports_centre",
        "name": "Sportanlage Sandgewann",
        "@geometry": "center"
      },
      "geometry": {
        "type": "Point",
        "coordinates": [
          8.487703,
          49.5100517
        ]
      },
      "id": "way/291743236"
    },
    {
      "type": "Feature",
      "properties": {
        "@id": "way/292292731",
        "addr:city": "Mannheim",
        "addr:housenumber": "6",
        "addr:postcode": "68163",
        "addr:street": "Lochgärtenweg",
        "leisure": "sports_centre",
        "name": "DJK Sportanlage",
        "@geometry": "center"
      },
      "geometry": {
        "type": "Point",
        "coordinates": [
          8.5041062,
          49.4708327
        ]
      },
      "id": "way/292292731"
    },
    {
      "type": "Feature",
      "properties": {
        "@id": "way/292292732",
        "building": "sports_hall",
        "@geometry": "center"
      },
      "geometry": {
        "type": "Point",
        "coordinates": [
          8.5038034,
          49.4707982
        ]
      },
      "id": "way/292292732"
    },
    {
      "type": "Feature",
      "properties": {
        "@id": "way/292292733",
        "building": "sports_hall",
        "@geometry": "center"
      },
      "geometry": {
        "type": "Point",
        "coordinates": [
          8.5038953,
          49.470706
        ]
      },
      "id": "way/292292733"
    },
    {
      "type": "Feature",
      "properties": {
        "@id": "way/296310823",
        "addr:city": "Ludwigshafen am Rhein",
        "addr:country": "DE",
        "addr:housenumber": "7A",
        "addr:postcode": "67063",
        "addr:street": "Pettenkoferstraße",
        "building": "yes",
        "leisure": "sports_centre",
        "name": "Heinrich-Ries-Halle",
        "sport": "multi",
        "@geometry": "center"
      },
      "geometry": {
        "type": "Point",
        "coordinates": [
          8.4265076,
          49.4872426
        ]
      },
      "id": "way/296310823"
    },
    {
      "type": "Feature",
      "properties": {
        "@id": "way/297692171",
        "addr:city": "Viernheim",
        "addr:country": "DE",
        "addr:housenumber": "1",
        "addr:postcode": "68519",
        "addr:street": "Am Schillerplatz",
        "building": "sports_hall",
        "leisure": "sports_centre",
        "name": "Turnhalle Schillerschule",
        "@geometry": "center"
      },
      "geometry": {
        "type": "Point",
        "coordinates": [
          8.5767926,
          49.5374576
        ]
      },
      "id": "way/297692171"
    },
    {
      "type": "Feature",
      "properties": {
        "@id": "way/297984096",
        "addr:city": "Viernheim",
        "addr:country": "DE",
        "addr:housenumber": "17",
        "addr:postcode": "68519",
        "addr:street": "Wasserstraße",
        "building": "sports_hall",
        "leisure": "sports_centre",
        "name": "Jahnhalle",
        "sport": "multi",
        "@geometry": "center"
      },
      "geometry": {
        "type": "Point",
        "coordinates": [
          8.5826534,
          49.5387175
        ]
      },
      "id": "way/297984096"
    },
    {
      "type": "Feature",
      "properties": {
        "@id": "way/298342890",
        "addr:city": "Ludwigshafen am Rhein",
        "addr:country": "DE",
        "addr:housenumber": "4",
        "addr:postcode": "67063",
        "addr:street": "Bürgermeister-Grünzweig-Straße",
        "building": "yes",
        "leisure": "sports_centre",
        "name": "Women Vital",
        "sport": "fitness",
        "website": "https://women-vital.de/",
        "@geometry": "center"
      },
      "geometry": {
        "type": "Point",
        "coordinates": [
          8.4363959,
          49.4847374
        ]
      },
      "id": "way/298342890"
    },
    {
      "type": "Feature",
      "properties": {
        "@id": "way/299677072",
        "leisure": "sports_centre",
        "name": "Vegla Sportpark Schlammloch - SV Harmonia Waldhof",
        "start_date": "1948",
        "website": "https://www.wikiwaldhof.de/index.php/Schlammloch",
        "@geometry": "center"
      },
      "geometry": {
        "type": "Point",
        "coordinates": [
          8.4766399,
          49.5260589
        ]
      },
      "id": "way/299677072"
    },
    {
      "type": "Feature",
      "properties": {
        "@id": "way/301482284",
        "building": "sports_hall",
        "leisure": "sports_centre",
        "@geometry": "center"
      },
      "geometry": {
        "type": "Point",
        "coordinates": [
          8.590355,
          49.539307
        ]
      },
      "id": "way/301482284"
    },
    {
      "type": "Feature",
      "properties": {
        "@id": "way/301482925",
        "building": "sports_hall",
        "@geometry": "center"
      },
      "geometry": {
        "type": "Point",
        "coordinates": [
          8.5917917,
          49.5403664
        ]
      },
      "id": "way/301482925"
    },
    {
      "type": "Feature",
      "properties": {
        "@id": "way/304209817",
        "addr:city": "Mannheim",
        "addr:country": "DE",
        "addr:postcode": "68309",
        "addr:street": "Warnemünder Weg",
        "building": "sports_hall",
        "building:levels": "1",
        "leisure": "sports_centre",
        "name": "Sporthallen",
        "roof:colour": "#808080",
        "roof:shape": "flat",
        "sport": "multi",
        "@geometry": "center"
      },
      "geometry": {
        "type": "Point",
        "coordinates": [
          8.5370064,
          49.5090807
        ]
      },
      "id": "way/304209817"
    },
    {
      "type": "Feature",
      "properties": {
        "@id": "way/308320361",
        "addr:city": "Schwetzingen",
        "addr:country": "DE",
        "addr:housenumber": "5",
        "addr:postcode": "68723",
        "addr:street": "Essener Straße",
        "building": "commercial",
        "leisure": "fitness_centre",
        "name": "VeniceBeach",
        "@geometry": "center"
      },
      "geometry": {
        "type": "Point",
        "coordinates": [
          8.5620089,
          49.3979868
        ]
      },
      "id": "way/308320361"
    },
    {
      "type": "Feature",
      "properties": {
        "@id": "way/310735901",
        "access": "private",
        "leisure": "sports_centre",
        "@geometry": "center"
      },
      "geometry": {
        "type": "Point",
        "coordinates": [
          8.4796046,
          49.5116143
        ]
      },
      "id": "way/310735901"
    },
    {
      "type": "Feature",
      "properties": {
        "@id": "way/317456975",
        "addr:city": "Mannheim",
        "addr:housenumber": "191",
        "addr:postcode": "68307",
        "addr:street": "Lilienthalstraße",
        "leisure": "sports_centre",
        "name": "Skatepark Mannheim-Schönau",
        "start_date": "2014-06",
        "@geometry": "center"
      },
      "geometry": {
        "type": "Point",
        "coordinates": [
          8.4663385,
          49.5469448
        ]
      },
      "id": "way/317456975"
    },
    {
      "type": "Feature",
      "properties": {
        "@id": "way/320512368",
        "leisure": "sports_centre",
        "name": "DJK Feudenheim",
        "operator": "DJK Feudenheim e.V.",
        "sport": "multi",
        "website": "https://www.djk-feudenheim.de/",
        "@geometry": "center"
      },
      "geometry": {
        "type": "Point",
        "coordinates": [
          8.5160307,
          49.4869657
        ]
      },
      "id": "way/320512368"
    },
    {
      "type": "Feature",
      "properties": {
        "@id": "way/330229198",
        "leisure": "sports_centre",
        "name": "Sportplatz Moll-Gymnasium",
        "sport": "athletics",
        "@geometry": "center"
      },
      "geometry": {
        "type": "Point",
        "coordinates": [
          8.4713279,
          49.4618072
        ]
      },
      "id": "way/330229198"
    },
    {
      "type": "Feature",
      "properties": {
        "@id": "way/332856361",
        "leisure": "sports_centre",
        "sport": "multi",
        "@geometry": "center"
      },
      "geometry": {
        "type": "Point",
        "coordinates": [
          8.4380008,
          49.4685047
        ]
      },
      "id": "way/332856361"
    },
    {
      "type": "Feature",
      "properties": {
        "@id": "way/334126583",
        "building": "yes",
        "leisure": "sports_centre",
        "name": "Turnhalle Tulla-Realschule",
        "source:geometry": "LGL, www.lgl-bw.de",
        "@geometry": "center"
      },
      "geometry": {
        "type": "Point",
        "coordinates": [
          8.4796672,
          49.485849
        ]
      },
      "id": "way/334126583"
    },
    {
      "type": "Feature",
      "properties": {
        "@id": "way/341190575",
        "building": "sports_hall",
        "building:levels": "1",
        "leisure": "sports_hall",
        "sport": "tennis",
        "@geometry": "center"
      },
      "geometry": {
        "type": "Point",
        "coordinates": [
          8.4192725,
          49.4674043
        ]
      },
      "id": "way/341190575"
    },
    {
      "type": "Feature",
      "properties": {
        "@id": "way/343399432",
        "building": "sports_centre",
        "description": "Hockeyhalle",
        "leisure": "sports_centre",
        "sport": "ice_hockey",
        "@geometry": "center"
      },
      "geometry": {
        "type": "Point",
        "coordinates": [
          8.496543,
          49.4845521
        ]
      },
      "id": "way/343399432"
    },
    {
      "type": "Feature",
      "properties": {
        "@id": "way/351143412",
        "addr:city": "Mannheim",
        "addr:housenumber": "4a",
        "addr:postcode": "68165",
        "addr:street": "Hans-Reschke-Ufer",
        "building": "yes",
        "building:colour": "white",
        "height": "4",
        "leisure": "sports_centre",
        "name": "TSV Mannheim",
        "opening_hours": "Mo-Fr 08:30-22:00; Sa,Su 10:00-18:00",
        "roof:colour": "white",
        "roof:shape": "flat",
        "wikidata": "Q955250",
        "@geometry": "center"
      },
      "geometry": {
        "type": "Point",
        "coordinates": [
          8.4949208,
          49.4858172
        ]
      },
      "id": "way/351143412"
    },
    {
      "type": "Feature",
      "properties": {
        "@id": "way/352366184",
        "addr:city": "Ludwigshafen am Rhein",
        "addr:country": "DE",
        "addr:housenumber": "2",
        "addr:postcode": "67063",
        "addr:street": "Teichgartenweg",
        "building": "yes",
        "leisure": "sports_centre",
        "name": "KSC-Sporthalle",
        "sport": "multi;martial_arts;wrestling",
        "@geometry": "center"
      },
      "geometry": {
        "type": "Point",
        "coordinates": [
          8.4100087,
          49.4992185
        ]
      },
      "id": "way/352366184"
    },
    {
      "type": "Feature",
      "properties": {
        "@id": "way/352373253",
        "building": "yes",
        "leisure": "sports_centre",
        "name": "Sporthalle Carl Bosch Gymnasium",
        "sport": "multi",
        "wheelchair": "limited",
        "@geometry": "center"
      },
      "geometry": {
        "type": "Point",
        "coordinates": [
          8.4411828,
          49.4831992
        ]
      },
      "id": "way/352373253"
    },
    {
      "type": "Feature",
      "properties": {
        "@id": "way/353288143",
        "access": "private",
        "addr:city": "Mannheim",
        "addr:housenumber": "6",
        "addr:postcode": "68161",
        "addr:street": "Bismarckstraße",
        "barrier": "fence",
        "description": "Mit der Alfred-Delp-Sportanlage steht dem Hochschul­sport ein Kleinspielfeld und Beachvolleyballplatz für den Spielbetrieb zur Verfügung. Für Studierende, insbesondere für studentische Gruppen wie Initiativen, Hochschul­gruppen, Fach­schaften, aber auch L",
        "leisure": "sports_centre",
        "name": "Alfred-Delp-Sportanlage",
        "opening_hours": "Mo-Fr 14:00-23:00",
        "operator": "Universität Mannheim, Institut für Sport",
        "sport": "multi",
        "website": "https://www.uni-mannheim.de/sport/sportstaetten/#c35499",
        "@geometry": "center"
      },
      "geometry": {
        "type": "Point",
        "coordinates": [
          8.4570205,
          49.4862475
        ]
      },
      "id": "way/353288143"
    },
    {
      "type": "Feature",
      "properties": {
        "@id": "way/353995741",
        "addr:city": "Edingen-Neckarhausen",
        "addr:country": "DE",
        "addr:housenumber": "356",
        "addr:postcode": "68535",
        "addr:street": "Hauptstraße",
        "addr:suburb": "Neckarhausen",
        "amenity": "community_centre",
        "building": "yes",
        "leisure": "sports_centre",
        "name": "Eduard-Schläfer-Halle",
        "source:geometry": "LGL, www:lgl-bw:de",
        "sport": "multi",
        "wheelchair": "no",
        "@geometry": "center"
      },
      "geometry": {
        "type": "Point",
        "coordinates": [
          8.6032779,
          49.4644038
        ]
      },
      "id": "way/353995741"
    },
    {
      "type": "Feature",
      "properties": {
        "@id": "way/355081646",
        "addr:city": "Ludwigshafen am Rhein",
        "addr:country": "DE",
        "addr:housenumber": "8",
        "addr:postcode": "67065",
        "addr:street": "Abteistraße",
        "building": "yes",
        "leisure": "sports_centre",
        "name": "Anpfiff ins Leben Förderzentrum Ludwigshafen",
        "operator": "Anpfiff ins Leben e.V.",
        "operator:type": "private_non_profit",
        "sport": "soccer",
        "wheelchair": "yes",
        "@geometry": "center"
      },
      "geometry": {
        "type": "Point",
        "coordinates": [
          8.4078745,
          49.4690523
        ]
      },
      "id": "way/355081646"
    },
    {
      "type": "Feature",
      "properties": {
        "@id": "node/378701493",
        "leisure": "sports_centre",
        "name": "VeniceBeach",
        "opening_hours": "Mo-Fr 06:00-23:30; Sa-Su 08:00-22:00",
        "phone": "+49 621 4004270",
        "sport": "gymnastics",
        "website": "https://www.venicebeach-fitness.de/studios/premium-fitness/mannheim/fahrlach.html"
      },
      "geometry": {
        "type": "Point",
        "coordinates": [
          8.4991556,
          49.4737013
        ]
      },
      "id": "node/378701493"
    },
    {
      "type": "Feature",
      "properties": {
        "@id": "way/385104896",
        "building": "sports_hall",
        "@geometry": "center"
      },
      "geometry": {
        "type": "Point",
        "coordinates": [
          8.4280435,
          49.4781251
        ]
      },
      "id": "way/385104896"
    },
    {
      "type": "Feature",
      "properties": {
        "@id": "way/389868143",
        "email": "info@kanu-club-rheinau.de",
        "leisure": "sports_centre",
        "name": "Kanu-Club Rheinau e.V.",
        "sport": "canoe",
        "website": "http://www.kanu-club-rheinau.de/",
        "@geometry": "center"
      },
      "geometry": {
        "type": "Point",
        "coordinates": [
          8.5202005,
          49.4346788
        ]
      },
      "id": "way/389868143"
    },
    {
      "type": "Feature",
      "properties": {
        "@id": "way/394606371",
        "addr:city": "Ludwigshafen am Rhein",
        "addr:country": "DE",
        "addr:housenumber": "2",
        "addr:postcode": "67065",
        "addr:street": "Niederfeldstraße",
        "leisure": "sports_centre",
        "name": "Bezirkssportanlage Gartenstadt",
        "operator": "Ludwigshafener Sport-Club 1925 e.V.",
        "operator:type": "private",
        "sport": "soccer",
        "wheelchair": "yes",
        "@geometry": "center"
      },
      "geometry": {
        "type": "Point",
        "coordinates": [
          8.4094861,
          49.4703356
        ]
      },
      "id": "way/394606371"
    },
    {
      "type": "Feature",
      "properties": {
        "@id": "way/401218393",
        "building": "school",
        "leisure": "sports_centre",
        "name": "Turnhalle der Alfred-Delp-Schule",
        "roof:shape": "flat",
        "@geometry": "center"
      },
      "geometry": {
        "type": "Point",
        "coordinates": [
          8.4901608,
          49.5327587
        ]
      },
      "id": "way/401218393"
    },
    {
      "type": "Feature",
      "properties": {
        "@id": "way/404432578",
        "addr:city": "Mannheim",
        "addr:housenumber": "21",
        "addr:postcode": "68159",
        "addr:street": "Böckstraße",
        "building": "yes",
        "building:levels": "1",
        "fee": "no",
        "leisure": "sports_centre",
        "name": "muskeltiere",
        "phone": "+49 163 7809077",
        "roof:shape": "flat",
        "sport": "functional_fitness",
        "url": "https://www.muskeltiere-sport.de/",
        "@geometry": "center"
      },
      "geometry": {
        "type": "Point",
        "coordinates": [
          8.457724,
          49.4946932
        ]
      },
      "id": "way/404432578"
    },
    {
      "type": "Feature",
      "properties": {
        "@id": "way/411935479",
        "addr:housenumber": "5",
        "addr:street": "Am Neckarkanal",
        "animal": "sport",
        "club": "sport",
        "leisure": "sports_centre",
        "name": "Verein der Hundefreunde Feudenheim",
        "sport": "dog",
        "website": "http://www.vdh-feudenheim.de/",
        "@geometry": "center"
      },
      "geometry": {
        "type": "Point",
        "coordinates": [
          8.5159408,
          49.4848729
        ]
      },
      "id": "way/411935479"
    },
    {
      "type": "Feature",
      "properties": {
        "@id": "way/414405251",
        "club": "sport",
        "leisure": "sports_centre",
        "name": "Tennisclub Grün-Weiß Ladenburg e.V.",
        "short_name": "TC Grün-Weiß Ladenburg",
        "sport": "tennis",
        "website": "https://www.gwladenburg.de/",
        "@geometry": "center"
      },
      "geometry": {
        "type": "Point",
        "coordinates": [
          8.6148549,
          49.4651392
        ]
      },
      "id": "way/414405251"
    },
    {
      "type": "Feature",
      "properties": {
        "@id": "way/414807746",
        "building": "boathouse",
        "building:levels": "1",
        "club": "sport",
        "leisure": "sports_centre",
        "name": "WSV-Brühl 1933 e.V.",
        "roof:levels": "1",
        "roof:shape": "gabled",
        "sport": "canoe",
        "website": "https://www.wsv-bruehl.de/",
        "@geometry": "center"
      },
      "geometry": {
        "type": "Point",
        "coordinates": [
          8.5024132,
          49.3895266
        ]
      },
      "id": "way/414807746"
    },
    {
      "type": "Feature",
      "properties": {
        "@id": "way/415075283",
        "amenity": "stables",
        "leisure": "sports_centre",
        "name": "Pferdesportzentrum Ladenburg",
        "operator": "Pferdesportverein Heidelberg-Ladenburg e.V.",
        "short_name": "PSV",
        "sport": "equestrian",
        "website": "http://www.rv-ladenburg.de",
        "@geometry": "center"
      },
      "geometry": {
        "type": "Point",
        "coordinates": [
          8.6115537,
          49.4612655
        ]
      },
      "id": "way/415075283"
    },
    {
      "type": "Feature",
      "properties": {
        "@id": "way/417929708",
        "addr:city": "Mannheim",
        "addr:country": "DE",
        "addr:housenumber": "10",
        "addr:postcode": "68239",
        "addr:street": "Riedweg",
        "barrier": "fence",
        "leisure": "sports_centre",
        "name": "Schützengesellschaft 1896 Seckenheim",
        "operator": "Schützengesellschaft 1896 Seckenheim e. V.",
        "phone": "+49 621 49602926",
        "sport": "shooting",
        "website": "https://www.sg-seckenheim.de/",
        "@geometry": "center"
      },
      "geometry": {
        "type": "Point",
        "coordinates": [
          8.5582723,
          49.4561559
        ]
      },
      "id": "way/417929708"
    },
    {
      "type": "Feature",
      "properties": {
        "@id": "way/442160916",
        "addr:city": "Brühl",
        "addr:country": "DE",
        "addr:housenumber": "1",
        "addr:postcode": "68782",
        "addr:street": "Wiesenplätz",
        "building": "yes",
        "leisure": "sports_centre",
        "name": "Sporthalle Süd",
        "sport": "handball",
        "@geometry": "center"
      },
      "geometry": {
        "type": "Point",
        "coordinates": [
          8.5307251,
          49.3899718
        ]
      },
      "id": "way/442160916"
    },
    {
      "type": "Feature",
      "properties": {
        "@id": "way/538364648",
        "addr:city": "Brühl",
        "addr:country": "DE",
        "addr:housenumber": "9",
        "addr:postcode": "68782",
        "addr:street": "Weidweg",
        "email": "info-sg-bruehl@gmx.de",
        "leisure": "sports_centre",
        "name": "Sportgemeinde Brühl 1907 e.V.",
        "phone": "+49 6202 71436",
        "sport": "multi",
        "website": "http://www.sg-bruehl.de",
        "@geometry": "center"
      },
      "geometry": {
        "type": "Point",
        "coordinates": [
          8.5222483,
          49.3866051
        ]
      },
      "id": "way/538364648"
    },
    {
      "type": "Feature",
      "properties": {
        "@id": "way/559858368",
        "addr:city": "Schriesheim",
        "addr:country": "DE",
        "addr:housenumber": "4",
        "addr:postcode": "69198",
        "addr:street": "Sportzentrum",
        "barrier": "fence",
        "fence_type": "metal",
        "leisure": "sports_centre",
        "@geometry": "center"
      },
      "geometry": {
        "type": "Point",
        "coordinates": [
          8.651777,
          49.4754774
        ]
      },
      "id": "way/559858368"
    },
    {
      "type": "Feature",
      "properties": {
        "@id": "way/626344995",
        "leisure": "sports_centre",
        "name": "Pferdeland Kollerinsel",
        "sport": "equestrian",
        "website": "https://www.kollerinsel-pferdeland.de/startseite/",
        "@geometry": "center"
      },
      "geometry": {
        "type": "Point",
        "coordinates": [
          8.4949506,
          49.3905468
        ]
      },
      "id": "way/626344995"
    },
    {
      "type": "Feature",
      "properties": {
        "@id": "way/708813521",
        "leisure": "sports_centre",
        "name": "Tenniszentrum Edingen-Neckarhausen",
        "sport": "tennis",
        "start_date": "2019",
        "@geometry": "center"
      },
      "geometry": {
        "type": "Point",
        "coordinates": [
          8.6029157,
          49.4520466
        ]
      },
      "id": "way/708813521"
    },
    {
      "type": "Feature",
      "properties": {
        "@id": "way/902990040",
        "leisure": "sports_centre",
        "name": "DJK Eppelheim",
        "@geometry": "center"
      },
      "geometry": {
        "type": "Point",
        "coordinates": [
          8.6248274,
          49.4066324
        ]
      },
      "id": "way/902990040"
    },
    {
      "type": "Feature",
      "properties": {
        "@id": "way/940178567",
        "addr:housenumber": "23-27",
        "addr:street": "Wildbader Straße",
        "leisure": "sports_centre",
        "name": "Otto-Bauder-Sportanlage",
        "@geometry": "center"
      },
      "geometry": {
        "type": "Point",
        "coordinates": [
          8.5486743,
          49.467476
        ]
      },
      "id": "way/940178567"
    },
    {
      "type": "Feature",
      "properties": {
        "@id": "way/959685097",
        "leisure": "sports_centre",
        "name": "DAV-Kletteranlage und -Vereinsheim",
        "note": "Umriss geschätzt; Details zum Bau der Anlage: https://www.dav-mannheim.de/gross-projekt-nummer-1-vereinsheim/",
        "operator": "Deutscher Alpenverein (DAV)",
        "short_name": "KletterZ",
        "sport": "climbing",
        "start_date": "2021",
        "@geometry": "center"
      },
      "geometry": {
        "type": "Point",
        "coordinates": [
          8.534994,
          49.5189618
        ]
      },
      "id": "way/959685097"
    },
    {
      "type": "Feature",
      "properties": {
        "@id": "way/964979567",
        "leisure": "sports_centre",
        "@geometry": "center"
      },
      "geometry": {
        "type": "Point",
        "coordinates": [
          8.5896892,
          49.3970382
        ]
      },
      "id": "way/964979567"
    },
    {
      "type": "Feature",
      "properties": {
        "@id": "way/967090460",
        "leisure": "sports_centre",
        "name": "Sportpark Süd",
        "@geometry": "center"
      },
      "geometry": {
        "type": "Point",
        "coordinates": [
          8.5295842,
          49.3891223
        ]
      },
      "id": "way/967090460"
    },
    {
      "type": "Feature",
      "properties": {
        "@id": "way/982838259",
        "leisure": "sports_centre",
        "name": "Ludwigshafener Kanu Club",
        "sport": "canoe",
        "website": "https://www.ludwigshafener-kanu-club.de/",
        "@geometry": "center"
      },
      "geometry": {
        "type": "Point",
        "coordinates": [
          8.4489017,
          49.4638811
        ]
      },
      "id": "way/982838259"
    },
    {
      "type": "Feature",
      "properties": {
        "@id": "way/993025671",
        "leisure": "sports_centre",
        "@geometry": "center"
      },
      "geometry": {
        "type": "Point",
        "coordinates": [
          8.5035136,
          49.4308633
        ]
      },
      "id": "way/993025671"
    },
    {
      "type": "Feature",
      "properties": {
        "@id": "node/993698455",
        "email": "mannheim.neckarau@venicebeach-fitness.de",
        "leisure": "sports_centre",
        "level": "1",
        "name": "Venice Beach Mannheim Neckarau",
        "opening_hours": "Mo-Fr 06:30-22:30; Sa-Su 09:00-21:00",
        "phone": "+49621 3069630",
        "website": "https://www.venicebeach-fitness.de/clubs/venicebeach-plus/mannheim-neckarau/",
        "wheelchair": "limited"
      },
      "geometry": {
        "type": "Point",
        "coordinates": [
          8.4960968,
          49.4519505
        ]
      },
      "id": "node/993698455"
    },
    {
      "type": "Feature",
      "properties": {
        "@id": "node/1014676019",
        "leisure": "sports_centre",
        "name": "Fußballplatz \"FC Germania 03 Friedrichsfeld\""
      },
      "geometry": {
        "type": "Point",
        "coordinates": [
          8.5676479,
          49.4390993
        ]
      },
      "id": "node/1014676019"
    },
    {
      "type": "Feature",
      "properties": {
        "@id": "way/1049448292",
        "leisure": "sports_centre",
        "sport": "shooting",
        "@geometry": "center"
      },
      "geometry": {
        "type": "Point",
        "coordinates": [
          8.6251799,
          49.4371905
        ]
      },
      "id": "way/1049448292"
    },
    {
      "type": "Feature",
      "properties": {
        "@id": "way/1050083526",
        "leisure": "sports_centre",
        "@geometry": "center"
      },
      "geometry": {
        "type": "Point",
        "coordinates": [
          8.5228834,
          49.3882803
        ]
      },
      "id": "way/1050083526"
    },
    {
      "type": "Feature",
      "properties": {
        "@id": "way/1066356023",
        "leisure": "sports_centre",
        "name": "Sportplatz TV 1892 Friedrichsfeld",
        "@geometry": "center"
      },
      "geometry": {
        "type": "Point",
        "coordinates": [
          8.5648279,
          49.4397045
        ]
      },
      "id": "way/1066356023"
    },
    {
      "type": "Feature",
      "properties": {
        "@id": "way/1067282530",
        "leisure": "sports_centre",
        "@geometry": "center"
      },
      "geometry": {
        "type": "Point",
        "coordinates": [
          8.5918033,
          49.4719596
        ]
      },
      "id": "way/1067282530"
    },
    {
      "type": "Feature",
      "properties": {
        "@id": "way/1079361830",
        "leisure": "sports_centre",
        "name": "Bezirkssportanlage Mundenheim",
        "sport": "multi",
        "website": "https://www.ludwigshafen.de/lebenswert/sport/hallen-und-anlagen/bezirkssportanlagen",
        "@geometry": "center"
      },
      "geometry": {
        "type": "Point",
        "coordinates": [
          8.4227358,
          49.4546161
        ]
      },
      "id": "way/1079361830"
    },
    {
      "type": "Feature",
      "properties": {
        "@id": "way/1080871743",
        "leisure": "sports_centre",
        "name": "VFL Neuhofen",
        "sport": "soccer",
        "website": "http://www.vflneuhofen.de/",
        "@geometry": "center"
      },
      "geometry": {
        "type": "Point",
        "coordinates": [
          8.4216016,
          49.4219313
        ]
      },
      "id": "way/1080871743"
    },
    {
      "type": "Feature",
      "properties": {
        "@id": "way/1082449850",
        "leisure": "sports_centre",
        "@geometry": "center"
      },
      "geometry": {
        "type": "Point",
        "coordinates": [
          8.4185653,
          49.4423983
        ]
      },
      "id": "way/1082449850"
    },
    {
      "type": "Feature",
      "properties": {
        "@id": "way/1085518491",
        "leisure": "sports_centre",
        "name": "MSV 1903 e.V.",
        "sport": "soccer;dart",
        "@geometry": "center"
      },
      "geometry": {
        "type": "Point",
        "coordinates": [
          8.4205399,
          49.4591303
        ]
      },
      "id": "way/1085518491"
    },
    {
      "type": "Feature",
      "properties": {
        "@id": "way/1093723694",
        "leisure": "sports_centre",
        "name": "Kanu-Club Altrip",
        "sport": "canoe",
        "website": "https://www.kc-altrip.de/",
        "@geometry": "center"
      },
      "geometry": {
        "type": "Point",
        "coordinates": [
          8.5002075,
          49.4406032
        ]
      },
      "id": "way/1093723694"
    },
    {
      "type": "Feature",
      "properties": {
        "@id": "way/1112291967",
        "leisure": "sports_centre",
        "name": "Friedrichsfelder Ski-Club e.V. Tennisabteilung",
        "@geometry": "center"
      },
      "geometry": {
        "type": "Point",
        "coordinates": [
          8.5692903,
          49.4381324
        ]
      },
      "id": "way/1112291967"
    },
    {
      "type": "Feature",
      "properties": {
        "@id": "way/1115418213",
        "leisure": "sports_centre",
        "@geometry": "center"
      },
      "geometry": {
        "type": "Point",
        "coordinates": [
          8.4604053,
          49.4691491
        ]
      },
      "id": "way/1115418213"
    },
    {
      "type": "Feature",
      "properties": {
        "@id": "way/1124341621",
        "leisure": "sports_centre",
        "name": "Skiclub Ludwigshafen",
        "sport": "skiing;tennis;soccer;beachvolleyball",
        "website": "https://www.sclu.de/",
        "@geometry": "center"
      },
      "geometry": {
        "type": "Point",
        "coordinates": [
          8.414943,
          49.469093
        ]
      },
      "id": "way/1124341621"
    },
    {
      "type": "Feature",
      "properties": {
        "@id": "way/1142121167",
        "leisure": "sports_centre",
        "sport": "multi",
        "@geometry": "center"
      },
      "geometry": {
        "type": "Point",
        "coordinates": [
          8.4785849,
          49.5060063
        ]
      },
      "id": "way/1142121167"
    },
    {
      "type": "Feature",
      "properties": {
        "@id": "way/1161685765",
        "addr:city": "Mannheim",
        "addr:housenumber": "1",
        "addr:place": "U3",
        "addr:postcode": "68161",
        "building": "yes",
        "building:levels": "2",
        "check_date:opening_hours": "2022-01-09",
        "email": "fb52@mannheim.de",
        "fee": "yes",
        "heritage": "yes",
        "image": "https://commons.wikimedia.org/wiki/File:Herschelbad_Mannheim_Front.jpg",
        "leisure": "sports_centre",
        "name": "Herschelbad",
        "opening_hours": "Mo 13:00-21:00; Tu,We 06:15-21:00; Th,Fr 08:00-21:00; Sa 08:00-21:00; Su 09:00-20:00; Jun-Aug Sa 08:00-18:00; Su 09:00-18:00",
        "operator": "Stadt Mannheim",
        "operator:type": "government",
        "payment:cash": "yes",
        "payment:notes": "yes",
        "phone": "+49 621 2937116",
        "sport": "swimming",
        "website": "https://www.mannheim.de/buerger-sein/willkommen-im-herschelbad-0",
        "wheelchair": "no",
        "wikidata": "Q22734",
        "wikimedia_commons": "Category:Herschelbad",
        "wikipedia": "de:Herschelbad",
        "@geometry": "center"
      },
      "geometry": {
        "type": "Point",
        "coordinates": [
          8.4721042,
          49.4909442
        ]
      },
      "id": "way/1161685765"
    },
    {
      "type": "Feature",
      "properties": {
        "@id": "way/1164128137",
        "addr:city": "Mannheim",
        "addr:country": "DE",
        "addr:housenumber": "117-127",
        "addr:postcode": "68167",
        "addr:street": "Käfertaler Straße",
        "building": "yes",
        "leisure": "sports_centre",
        "name": "Sporthalle LFG",
        "sport": "multi",
        "wheelchair": "no",
        "@geometry": "center"
      },
      "geometry": {
        "type": "Point",
        "coordinates": [
          8.4864346,
          49.4947991
        ]
      },
      "id": "way/1164128137"
    },
    {
      "type": "Feature",
      "properties": {
        "@id": "way/1168602585",
        "addr:city": "Mannheim",
        "addr:country": "DE",
        "addr:housenumber": "3",
        "addr:postcode": "68309",
        "addr:street": "Abraham-Lincoln-Allee",
        "building": "sports_hall",
        "leisure": "sports_centre",
        "name": "Sports Arena",
        "ref": "736",
        "@geometry": "center"
      },
      "geometry": {
        "type": "Point",
        "coordinates": [
          8.5349071,
          49.5183246
        ]
      },
      "id": "way/1168602585"
    },
    {
      "type": "Feature",
      "properties": {
        "@id": "way/1193290300",
        "leisure": "sports_centre",
        "@geometry": "center"
      },
      "geometry": {
        "type": "Point",
        "coordinates": [
          8.5668263,
          49.4389327
        ]
      },
      "id": "way/1193290300"
    },
    {
      "type": "Feature",
      "properties": {
        "@id": "way/1205678176",
        "leisure": "sports_centre",
        "name": "TSC MaLu - Tauchsportclub Mannheim-Ludwigshafen",
        "sport": "scuba_diving",
        "website": "https://tsc-malu.de/",
        "@geometry": "center"
      },
      "geometry": {
        "type": "Point",
        "coordinates": [
          8.4590764,
          49.4223905
        ]
      },
      "id": "way/1205678176"
    },
    {
      "type": "Feature",
      "properties": {
        "@id": "way/1215011788",
        "leisure": "sports_centre",
        "@geometry": "center"
      },
      "geometry": {
        "type": "Point",
        "coordinates": [
          8.4317747,
          49.4729413
        ]
      },
      "id": "way/1215011788"
    },
    {
      "type": "Feature",
      "properties": {
        "@id": "way/1223906254",
        "addr:place": "E7",
        "building": "yes",
        "building:colour": "#F8F8F8",
        "building:levels": "1",
        "leisure": "sports_centre",
        "name": "Gesundheitszentrum E7",
        "operator": "Institut für Sport, Universität Mannheim",
        "sport": "multi",
        "@geometry": "center"
      },
      "geometry": {
        "type": "Point",
        "coordinates": [
          8.4607286,
          49.4902152
        ]
      },
      "id": "way/1223906254"
    },
    {
      "type": "Feature",
      "properties": {
        "@id": "way/1256080738",
        "club": "sport",
        "leisure": "sports_centre",
        "name": "TV 1884 Mannheim-Neckarau",
        "operator": "TV 1884 e.V. Mannheim-Neckarau",
        "sport": "multi",
        "website": "https://tv-neckarau.de/",
        "@geometry": "center"
      },
      "geometry": {
        "type": "Point",
        "coordinates": [
          8.4754541,
          49.4463205
        ]
      },
      "id": "way/1256080738"
    },
    {
      "type": "Feature",
      "properties": {
        "@id": "way/1256101057",
        "club": "sport",
        "leisure": "sports_centre",
        "name": "Sport-Schützenvereinigung Neckarau 1900/09/51",
        "operator": "Sport-Schützenvereinigung Neckarau 1900/09/51 e.V.",
        "sport": "shooting",
        "website": "https://ssv-neckarau.de/",
        "@geometry": "center"
      },
      "geometry": {
        "type": "Point",
        "coordinates": [
          8.4748061,
          49.4462815
        ]
      },
      "id": "way/1256101057"
    },
    {
      "type": "Feature",
      "properties": {
        "@id": "node/1271759177",
        "addr:city": "Mannheim",
        "addr:housenumber": "75-77",
        "addr:postcode": "68309",
        "addr:street": "Auf dem Sand",
        "leisure": "sports_centre",
        "name": "Rehazentrum Auf dem Sand",
        "phone": "+49 621 3289960",
        "website": "http://www.reha-ma.de/",
        "wheelchair": "yes"
      },
      "geometry": {
        "type": "Point",
        "coordinates": [
          8.5080344,
          49.5147582
        ]
      },
      "id": "node/1271759177"
    },
    {
      "type": "Feature",
      "properties": {
        "@id": "way/1274046146",
        "leisure": "sports_centre",
        "name": "Tennisclub Brühl 1965 e.V.",
        "website": "https://tc-bruehl.de/",
        "@geometry": "center"
      },
      "geometry": {
        "type": "Point",
        "coordinates": [
          8.5372151,
          49.4114152
        ]
      },
      "id": "way/1274046146"
    },
    {
      "type": "Feature",
      "properties": {
        "@id": "way/1297362571",
        "addr:city": "Mannheim",
        "addr:postcode": "68169",
        "addr:street": "Erlenstraße",
        "leisure": "sports_centre",
        "name": "Sportanlage »Erlenhof«",
        "operator": "Stadt Mannheim",
        "operator:type": "public",
        "phone": "+49 621 2937106",
        "website": "https://www.mannheim.de/de/service-bieten/sport/sportstaetten/freisportanlagen",
        "@geometry": "center"
      },
      "geometry": {
        "type": "Point",
        "coordinates": [
          8.4669669,
          49.506674
        ]
      },
      "id": "way/1297362571"
    },
    {
      "type": "Feature",
      "properties": {
        "@id": "way/1365883796",
        "leisure": "sports_centre",
        "name": "Tennisclub Neuhofen",
        "@geometry": "center"
      },
      "geometry": {
        "type": "Point",
        "coordinates": [
          8.4355724,
          49.4351044
        ]
      },
      "id": "way/1365883796"
    },
    {
      "type": "Feature",
      "properties": {
        "@id": "way/1387622950",
        "leisure": "sports_centre",
        "name": "Bezirkssportanlage Seckenheim",
        "@geometry": "center"
      },
      "geometry": {
        "type": "Point",
        "coordinates": [
          8.5528711,
          49.4731972
        ]
      },
      "id": "way/1387622950"
    },
    {
      "type": "Feature",
      "properties": {
        "@id": "node/1400270987",
        "leisure": "sports_centre",
        "name": "Tauchsportclub Hohensachsen e.V."
      },
      "geometry": {
        "type": "Point",
        "coordinates": [
          8.638303,
          49.5329204
        ]
      },
      "id": "node/1400270987"
    },
    {
      "type": "Feature",
      "properties": {
        "@id": "way/1415681917",
        "addr:city": "Heddesheim",
        "addr:housenumber": "72b",
        "addr:postcode": "68542",
        "addr:street": "Ahornstraße",
        "building": "yes",
        "leisure": "sports_centre",
        "name": "HeddesheimArena",
        "website": "https://www.heddesheim.de/de/Freizeit/Freizeiteinrichtung?view=publish&item=leisureFacility&id=17",
        "@geometry": "center"
      },
      "geometry": {
        "type": "Point",
        "coordinates": [
          8.616269,
          49.514009
        ]
      },
      "id": "way/1415681917"
    },
    {
      "type": "Feature",
      "properties": {
        "@id": "way/1456980618",
        "addr:city": "Mannheim",
        "addr:country": "DE",
        "addr:housenumber": "23",
        "addr:postcode": "68163",
        "addr:street": "Hermsheimer Straße",
        "leisure": "sports_centre",
        "name": "SpVgg 07 Mannheim",
        "sport": "soccer",
        "website": "https://www.spvgg07mannheim.de/",
        "@geometry": "center"
      },
      "geometry": {
        "type": "Point",
        "coordinates": [
          8.5028993,
          49.4714971
        ]
      },
      "id": "way/1456980618"
    },
    {
      "type": "Feature",
      "properties": {
        "@id": "way/1458155606",
        "leisure": "sports_centre",
        "name": "TC Rot-Weiß Waldpark",
        "operator": "Tennisclub Rot-Weiß Waldpark Mannheim e.V.",
        "sport": "tennis",
        "website": "https://tcrww.club/",
        "@geometry": "center"
      },
      "geometry": {
        "type": "Point",
        "coordinates": [
          8.4694518,
          49.4461101
        ]
      },
      "id": "way/1458155606"
    },
    {
      "type": "Feature",
      "properties": {
        "@id": "way/1480586423",
        "leisure": "sports_centre",
        "@geometry": "center"
      },
      "geometry": {
        "type": "Point",
        "coordinates": [
          8.4794187,
          49.446006
        ]
      },
      "id": "way/1480586423"
    },
    {
      "type": "Feature",
      "properties": {
        "@id": "way/1480692317",
        "leisure": "sports_centre",
        "name": "Tennisanlage im Schlossgarten",
        "@geometry": "center"
      },
      "geometry": {
        "type": "Point",
        "coordinates": [
          8.464678,
          49.4793468
        ]
      },
      "id": "way/1480692317"
    },
    {
      "type": "Feature",
      "properties": {
        "@id": "node/1546009525",
        "leisure": "sports_centre",
        "name": "Budokan Karate",
        "phone": "+49 1511 2744896",
        "sport": "Karate",
        "website": "https://www.budokan-mannheim.de/"
      },
      "geometry": {
        "type": "Point",
        "coordinates": [
          8.4591372,
          49.4892125
        ]
      },
      "id": "node/1546009525"
    },
    {
      "type": "Feature",
      "properties": {
        "@id": "node/1554916983",
        "addr:city": "Mannheim",
        "addr:housenumber": "14",
        "addr:postcode": "68305",
        "addr:street": "Offenbacher Straße",
        "leisure": "sports_centre",
        "name": "Hallenbad Waldhof-Ost",
        "opening_hours": "Mo 13:00-19:00; Tu,Fr 06:15-21:00; We,Th 13:00-21:00; Sa,Su 08:00-18:00",
        "operator": "Fachbereich Sport und Freizeit Mannheim",
        "phone": "+49 621 755451",
        "sport": "swimming",
        "wheelchair": "yes"
      },
      "geometry": {
        "type": "Point",
        "coordinates": [
          8.4895326,
          49.5254565
        ]
      },
      "id": "node/1554916983"
    },
    {
      "type": "Feature",
      "properties": {
        "@id": "node/1566905831",
        "brand": "Bodystreet",
        "brand:wikidata": "Q117880186",
        "check_date": "2023-09-19",
        "leisure": "fitness_centre",
        "name": "Bodystreet",
        "old_name": "Günzel Pelzmoden",
        "opening_hours": "Mo-Fr 08:00-20:00, Sa 10:00-16:00",
        "website": "https://www.bodystreet.com/de/standorte/deutschland/bodystreet-mannheim-wasserturm/"
      },
      "geometry": {
        "type": "Point",
        "coordinates": [
          8.4739715,
          49.4832956
        ]
      },
      "id": "node/1566905831"
    },
    {
      "type": "Feature",
      "properties": {
        "@id": "node/1566905838",
        "leisure": "fitness_centre",
        "name": "Backfit EMS",
        "opening_hours": "Mo,Fr 08:00-16:00, Tu,Th 12:00-20:00, We 10:00-18:00; Sa,Su,PH off",
        "phone": "+49 621 43726684",
        "website": "https://www.backfit-ems.de/"
      },
      "geometry": {
        "type": "Point",
        "coordinates": [
          8.4739254,
          49.483246
        ]
      },
      "id": "node/1566905838"
    },
    {
      "type": "Feature",
      "properties": {
        "@id": "node/1607853403",
        "leisure": "sports_centre",
        "name": "Ki und Aikido Dojo Mannheim"
      },
      "geometry": {
        "type": "Point",
        "coordinates": [
          8.4760327,
          49.4975497
        ]
      },
      "id": "node/1607853403"
    },
    {
      "type": "Feature",
      "properties": {
        "@id": "node/1621222762",
        "leisure": "sports_centre",
        "name": "Qi Gong Institut"
      },
      "geometry": {
        "type": "Point",
        "coordinates": [
          8.48164,
          49.4771498
        ]
      },
      "id": "node/1621222762"
    },
    {
      "type": "Feature",
      "properties": {
        "@id": "node/1631644425",
        "email": "info@mannheimer-billardcafe.com",
        "leisure": "sports_centre",
        "name": "Mannheimer Billardcafe",
        "opening_hours": "Su-Th 16:00-01:00, Fr,Sa 16:00-03:00",
        "phone": "+49 621 40170823",
        "sport": "billiards",
        "website": "http://www.mannheimer-billardcafe.com/",
        "wheelchair": "no"
      },
      "geometry": {
        "type": "Point",
        "coordinates": [
          8.4729187,
          49.4822743
        ]
      },
      "id": "node/1631644425"
    },
    {
      "type": "Feature",
      "properties": {
        "@id": "node/1632759599",
        "leisure": "sports_centre",
        "name": "Moksha Yoga Center",
        "sport": "yoga",
        "website": "https://www.mokshayogastudio.de/"
      },
      "geometry": {
        "type": "Point",
        "coordinates": [
          8.4742593,
          49.4865712
        ]
      },
      "id": "node/1632759599"
    },
    {
      "type": "Feature",
      "properties": {
        "@id": "node/1643932796",
        "addr:city": "Mannheim",
        "addr:housenumber": "2",
        "addr:place": "E1",
        "addr:postcode": "68159",
        "leisure": "fitness_centre",
        "name": "Fit Base Mannheim City E1",
        "opening_hours": "Mo-Fr 06:00-23:00; Sa, Su 08:00-22:00",
        "phone": "+49 621 1782790",
        "sport": "fitness",
        "website": "https://fitbase.fitness/locations/mannheim-city-e1/",
        "wheelchair": "yes"
      },
      "geometry": {
        "type": "Point",
        "coordinates": [
          8.4662477,
          49.4881794
        ]
      },
      "id": "node/1643932796"
    },
    {
      "type": "Feature",
      "properties": {
        "@id": "node/1732653930",
        "leisure": "sports_centre",
        "name": "Power Planet Mannheim",
        "sport": "fitness",
        "website": "https://www.powerplanet-mannheim.de/"
      },
      "geometry": {
        "type": "Point",
        "coordinates": [
          8.505553,
          49.4474897
        ]
      },
      "id": "node/1732653930"
    },
    {
      "type": "Feature",
      "properties": {
        "@id": "node/1736051918",
        "leisure": "sports_centre",
        "name": "KSV 1884 Mannheim e.V.",
        "sport": "Boxen, Gewichtheben, Fitness",
        "website": "https://www.ksv1884mannheim.de/"
      },
      "geometry": {
        "type": "Point",
        "coordinates": [
          8.4996382,
          49.4784035
        ]
      },
      "id": "node/1736051918"
    },
    {
      "type": "Feature",
      "properties": {
        "@id": "node/1739991802",
        "leisure": "sports_centre",
        "name": "BewegungsLOUNGE – Gyrotonic®",
        "website": "http://www.bewegungs-lounge.com/"
      },
      "geometry": {
        "type": "Point",
        "coordinates": [
          8.498399,
          49.4886899
        ]
      },
      "id": "node/1739991802"
    },
    {
      "type": "Feature",
      "properties": {
        "@id": "node/1795367375",
        "leisure": "sports_centre",
        "name": "Mannerz Sport",
        "sport": "Kickboxen",
        "website": "http://www.mannerz-sport.de/"
      },
      "geometry": {
        "type": "Point",
        "coordinates": [
          8.4479339,
          49.4762392
        ]
      },
      "id": "node/1795367375"
    },
    {
      "type": "Feature",
      "properties": {
        "@id": "node/1836365220",
        "addr:city": "Ludwigshafen am Rhein",
        "addr:country": "DE",
        "addr:housenumber": "101",
        "addr:postcode": "67061",
        "addr:street": "Mundenheimer Straße",
        "leisure": "sports_centre",
        "name": "SV Südwest Ludwigshafen - Hauptverein",
        "sport": "soccer"
      },
      "geometry": {
        "type": "Point",
        "coordinates": [
          8.4377182,
          49.4651483
        ]
      },
      "id": "node/1836365220"
    },
    {
      "type": "Feature",
      "properties": {
        "@id": "node/1836366039",
        "addr:city": "Ludwigshafen am Rhein",
        "addr:country": "DE",
        "addr:street": "Erich-Reimann-Straße",
        "leisure": "sports_centre",
        "name": "SV Südwest Ludwigshafen - Jugendfußball",
        "sport": "soccer"
      },
      "geometry": {
        "type": "Point",
        "coordinates": [
          8.4383057,
          49.4670034
        ]
      },
      "id": "node/1836366039"
    },
    {
      "type": "Feature",
      "properties": {
        "@id": "node/1867743554",
        "contact:email": "info@tanzwerk.eu",
        "contact:mobile": "+49 173 5307340",
        "contact:website": "https://tanzwerk.eu",
        "leisure": "sports_centre",
        "name": "Tanzwerk Ladenburg",
        "operator": "Simone Elsner"
      },
      "geometry": {
        "type": "Point",
        "coordinates": [
          8.5969085,
          49.4762858
        ]
      },
      "id": "node/1867743554"
    },
    {
      "type": "Feature",
      "properties": {
        "@id": "node/1886410691",
        "email": "webmaster@karate-viernheim.de",
        "leisure": "sports_centre",
        "name": "1. Viernheimer Karate Dojo",
        "phone": "+49 1511 7086857",
        "sport": "karate",
        "website": "https://www.karate-viernheim.de/"
      },
      "geometry": {
        "type": "Point",
        "coordinates": [
          8.5832417,
          49.5473387
        ]
      },
      "id": "node/1886410691"
    },
    {
      "type": "Feature",
      "properties": {
        "@id": "node/1924864493",
        "fax": "+49 621 437283-53",
        "leisure": "sports_centre",
        "name": "YogaRaum",
        "phone": "+49 621 43728352",
        "sport": "yoga",
        "website": "https://yogaraum-mannheim.de/"
      },
      "geometry": {
        "type": "Point",
        "coordinates": [
          8.5494149,
          49.4665448
        ]
      },
      "id": "node/1924864493"
    },
    {
      "type": "Feature",
      "properties": {
        "@id": "node/1963465094",
        "addr:city": "Mannheim",
        "addr:housenumber": "77",
        "addr:postcode": "68163",
        "addr:street": "John-Deere-Straße",
        "check_date:opening_hours": "2025-04-27",
        "leisure": "fitness_centre",
        "name": "VeniceBeach Mannheim Glückstein",
        "opening_hours": "Mo-Fr 07:00-23:00; Sa,Su 09:00-20:00",
        "phone": "+49 621 8281422",
        "sport": "fitness",
        "website": "https://www.venicebeach-fitness.de/clubs/venicebeach/mannheim-glueckstein.html"
      },
      "geometry": {
        "type": "Point",
        "coordinates": [
          8.4776325,
          49.4731651
        ]
      },
      "id": "node/1963465094"
    },
    {
      "type": "Feature",
      "properties": {
        "@id": "node/2165966560",
        "leisure": "fitness_centre",
        "name": "VAYOGA Yoga & Pilates Studio",
        "opening_hours": "\"Wir öffnen immer 15 Minuten vor Kursbeginn\"",
        "sport": "yoga"
      },
      "geometry": {
        "type": "Point",
        "coordinates": [
          8.4705429,
          49.4701152
        ]
      },
      "id": "node/2165966560"
    },
    {
      "type": "Feature",
      "properties": {
        "@id": "node/2203731082",
        "leisure": "sports_centre",
        "name": "TSG Seckenheim e.V.",
        "wheelchair": "limited"
      },
      "geometry": {
        "type": "Point",
        "coordinates": [
          8.5666075,
          49.4649902
        ]
      },
      "id": "node/2203731082"
    },
    {
      "type": "Feature",
      "properties": {
        "@id": "node/2282127869",
        "check_date:opening_hours": "2026-03-29",
        "email": "mannheim-gontardplatz@bodystreet.com",
        "leisure": "sports_centre",
        "name": "Body street",
        "opening_hours": "Mo-Fr 10:00-19:00, Sa 10:00-16:00",
        "opening_hours:signed": "no",
        "phone": "+49 621 43760061",
        "sport": "gymnastics",
        "website": "https://www.bodystreet.com/standorte/mannheim-gontardplatz.html",
        "wheelchair": "limited"
      },
      "geometry": {
        "type": "Point",
        "coordinates": [
          8.4677546,
          49.4761308
        ]
      },
      "id": "node/2282127869"
    },
    {
      "type": "Feature",
      "properties": {
        "@id": "node/2327342620",
        "email": "info@yoga-institut-mannheim.de",
        "leisure": "sports_centre",
        "name": "Yoga Institut Mannheim",
        "phone": "+49 621 853655",
        "sport": "yoga",
        "website": "https://www.yoga-institut-mannheim.de/",
        "wheelchair": "yes"
      },
      "geometry": {
        "type": "Point",
        "coordinates": [
          8.5357429,
          49.4863349
        ]
      },
      "id": "node/2327342620"
    },
    {
      "type": "Feature",
      "properties": {
        "@id": "node/2328181249",
        "leisure": "sports_centre",
        "name": "VeniceBeach Schriesheim",
        "sport": "multi",
        "website": "http://venicebeach.pfitzenmeier.de/lifestyle-fitness/schriesheim.html",
        "wheelchair": "yes"
      },
      "geometry": {
        "type": "Point",
        "coordinates": [
          8.6643482,
          49.4647708
        ]
      },
      "id": "node/2328181249"
    },
    {
      "type": "Feature",
      "properties": {
        "@id": "node/2371534058",
        "leisure": "sports_centre",
        "name": "Gymnastikstudio",
        "phone": "+49 621 858611",
        "sport": "gymnastics",
        "website": "http://www.gymnastikstudio.de/",
        "wheelchair": "no"
      },
      "geometry": {
        "type": "Point",
        "coordinates": [
          8.4942955,
          49.453479
        ]
      },
      "id": "node/2371534058"
    },
    {
      "type": "Feature",
      "properties": {
        "@id": "node/2380917230",
        "fee": "yes",
        "leisure": "sports_centre",
        "opening_hours": "Mo 17:00-22:00, Tu-Th 08:00-22:00,Fr 09:00-22:00,Sa 07:00-18:00,Su 07:00-13:00",
        "phone": "+49 6203 4039650",
        "sport": "swimming",
        "website": "https://www.heddesheim.de/de/Freizeit/Hallenbad/Aktuelles"
      },
      "geometry": {
        "type": "Point",
        "coordinates": [
          8.6166518,
          49.5146488
        ]
      },
      "id": "node/2380917230"
    },
    {
      "type": "Feature",
      "properties": {
        "@id": "node/2402178613",
        "addr:city": "Schriesheim",
        "addr:country": "DE",
        "addr:housenumber": "10",
        "addr:postcode": "69198",
        "addr:street": "Am Sportzentrum",
        "leisure": "sports_centre",
        "name": "KSV Schriesheim 1903 e.V.",
        "sport": "kraftsport",
        "website": "https://www.ksv-schriesheim.de/"
      },
      "geometry": {
        "type": "Point",
        "coordinates": [
          8.6524477,
          49.4745729
        ]
      },
      "id": "node/2402178613"
    },
    {
      "type": "Feature",
      "properties": {
        "@id": "node/2404919852",
        "email": "info@kinefit.de",
        "leisure": "sports_centre",
        "name": "kinefit",
        "phone": "+49 6203 937358",
        "sport": "fitness",
        "website": "http://kinefit.de/"
      },
      "geometry": {
        "type": "Point",
        "coordinates": [
          8.6670512,
          49.4617847
        ]
      },
      "id": "node/2404919852"
    },
    {
      "type": "Feature",
      "properties": {
        "@id": "node/2419506310",
        "email": "O.Zink@web.de",
        "leisure": "sports_centre",
        "name": "Side-Kick-Bergstrasse",
        "phone": "+49 6203 8408536",
        "website": "http://www.side-kick-bergstrasse.com/"
      },
      "geometry": {
        "type": "Point",
        "coordinates": [
          8.6519703,
          49.4978397
        ]
      },
      "id": "node/2419506310"
    },
    {
      "type": "Feature",
      "properties": {
        "@id": "node/2425131004",
        "email": "info@fit-plus-fitness.de",
        "fax": "+49 6203 930953",
        "leisure": "sports_centre",
        "name": "Fit plus",
        "phone": "+49 6203 41434",
        "sport": "fitness",
        "website": "http://www.fit-plus-fitness.de"
      },
      "geometry": {
        "type": "Point",
        "coordinates": [
          8.6256048,
          49.5073661
        ]
      },
      "id": "node/2425131004"
    },
    {
      "type": "Feature",
      "properties": {
        "@id": "node/2500367787",
        "email": "info@prima-figura.de",
        "fax": "+49 621 789430-1",
        "leisure": "fitness_centre",
        "name": "prima figura",
        "phone": "+49 621 7894300",
        "sport": "fitness",
        "website": "http://www.prima-figura.de"
      },
      "geometry": {
        "type": "Point",
        "coordinates": [
          8.4493906,
          49.5424551
        ]
      },
      "id": "node/2500367787"
    },
    {
      "type": "Feature",
      "properties": {
        "@id": "node/2534717126",
        "leisure": "sports_centre",
        "name": "ABC Ludwigshafen (Kraftraum)",
        "sport": "soccer"
      },
      "geometry": {
        "type": "Point",
        "coordinates": [
          8.438419,
          49.4670572
        ]
      },
      "id": "node/2534717126"
    },
    {
      "type": "Feature",
      "properties": {
        "@id": "node/2537571094",
        "brand": "Kieser Training",
        "brand:wikidata": "Q1112367",
        "brand:wikipedia": "de:Kieser Training",
        "fax": "+49 621 1567802",
        "image": "https://commons.wikimedia.org/wiki/File:Kieser_Training_Mannhein_E2.jpg",
        "last_check": "2018-4",
        "leisure": "fitness_centre",
        "name": "Kieser Training",
        "opening_hours": "Mo-Fr 07:30-21:00; Sa,Su 09:00-16:00",
        "operator": "Kieser Training",
        "phone": "+49 621 1567800",
        "sport": "fitness",
        "website": "https://www.kieser-training.de/standorte/detail/kieser-training-mannheim/",
        "wheelchair": "limited",
        "wheelchair:description": "zweiter Stocj nur über Treppe"
      },
      "geometry": {
        "type": "Point",
        "coordinates": [
          8.4652422,
          49.4888924
        ]
      },
      "id": "node/2537571094"
    },
    {
      "type": "Feature",
      "properties": {
        "@id": "node/2716767471",
        "email": "joachim@thaiboxen-mannheim.de",
        "leisure": "sports_centre",
        "name": "Martial Arts Academy Mannheim",
        "phone": "+49 176 63866046",
        "sport": "thai_boxing",
        "website": "https://www.thaiboxen-mannheim.de/"
      },
      "geometry": {
        "type": "Point",
        "coordinates": [
          8.457905,
          49.4948645
        ]
      },
      "id": "node/2716767471"
    },
    {
      "type": "Feature",
      "properties": {
        "@id": "node/2735766839",
        "addr:city": "Mannheim",
        "addr:housenumber": "2",
        "addr:postcode": "68259",
        "addr:street": "Mosbacher Straße",
        "leisure": "sports_centre",
        "name": "Rolling Fun",
        "sport": "fitness"
      },
      "geometry": {
        "type": "Point",
        "coordinates": [
          8.5525442,
          49.4960436
        ]
      },
      "id": "node/2735766839"
    },
    {
      "type": "Feature",
      "properties": {
        "@id": "node/2778350270",
        "leisure": "sports_centre",
        "name": "Olympiastützpunkt Rhein-Neckar"
      },
      "geometry": {
        "type": "Point",
        "coordinates": [
          8.50978,
          49.48777
        ]
      },
      "id": "node/2778350270"
    },
    {
      "type": "Feature",
      "properties": {
        "@id": "node/2778867773",
        "addr:city": "Mannheim",
        "addr:housenumber": "36",
        "addr:postcode": "68309",
        "addr:street": "Bad Kreuznacher Straße",
        "leisure": "sports_centre",
        "name": "Einhundert Prozent Fitness Mannheim",
        "sport": "crossfit;weightlifting",
        "website": "https://www.100prozent-fitness.de/"
      },
      "geometry": {
        "type": "Point",
        "coordinates": [
          8.5249082,
          49.5067631
        ]
      },
      "id": "node/2778867773"
    },
    {
      "type": "Feature",
      "properties": {
        "@id": "node/2778867788",
        "leisure": "sports_centre",
        "name": "Çalhanoğlu Fussballzentrum",
        "phone": "+49 621 76225910",
        "sport": "soccer",
        "website": "http://www.soccerhalle-mannheim.de/",
        "wheelchair": "yes"
      },
      "geometry": {
        "type": "Point",
        "coordinates": [
          8.5245843,
          49.5055042
        ]
      },
      "id": "node/2778867788"
    },
    {
      "type": "Feature",
      "properties": {
        "@id": "node/2780946642",
        "addr:city": "Mannheim",
        "addr:housenumber": "13",
        "addr:postcode": "68309",
        "addr:street": "Trierer Straße",
        "contact:phone": "+49 621 7245686",
        "contact:website": "http://www.american-fitness-center.de/m1_start,159.html",
        "leisure": "fitness_centre",
        "name": "American Fitness Club GmbH",
        "opening_hours": "Mo-Fr 08:00-22:00; Sa,Su 09:00-18:00; PH 09:00-18:00",
        "sport": "fitness"
      },
      "geometry": {
        "type": "Point",
        "coordinates": [
          8.520412,
          49.5067695
        ]
      },
      "id": "node/2780946642"
    },
    {
      "type": "Feature",
      "properties": {
        "@id": "node/2780946680",
        "addr:city": "Mannheim",
        "addr:country": "DE",
        "addr:housenumber": "62b",
        "addr:postcode": "68309",
        "addr:street": "Weinheimer Straße",
        "branch": "Mannheim Käfertal",
        "brand": "McFit",
        "brand:wikidata": "Q871302",
        "brand:wikipedia": "en:McFit",
        "leisure": "fitness_centre",
        "name": "McFit",
        "opening_hours": "24/7",
        "operator": "McFIT",
        "phone": "+49 621 7248000",
        "sport": "fitness",
        "website": "https://www.mcfit.com/de/studiodetail/info/mannheim-kaefertal.html"
      },
      "geometry": {
        "type": "Point",
        "coordinates": [
          8.5226446,
          49.5077011
        ]
      },
      "id": "node/2780946680"
    },
    {
      "type": "Feature",
      "properties": {
        "@id": "node/2788564448",
        "email": "info@prsentissimo.de",
        "leisure": "sports_centre",
        "name": "TSV Mannheim-Neckarau",
        "phone": "+49 621 851864",
        "sport": "multi",
        "website": "www.prsentissimo.de"
      },
      "geometry": {
        "type": "Point",
        "coordinates": [
          8.4713555,
          49.447113
        ]
      },
      "id": "node/2788564448"
    },
    {
      "type": "Feature",
      "properties": {
        "@id": "node/2794121258",
        "email": "effet@billard-mannheim.de",
        "leisure": "sports_centre",
        "name": "Billard-Sport-Centrum Effet",
        "opening_hours": "Mo 19:00-24:00, Tu-Th 16:00-24:00, Fr,Sa 16:00-01:00, Su 16:00-23:00",
        "phone": "+49 621 303662",
        "sells:alcohol": "yes",
        "sport": "billiards",
        "website": "https://www.billard-mannheim.de/"
      },
      "geometry": {
        "type": "Point",
        "coordinates": [
          8.4987114,
          49.5065585
        ]
      },
      "id": "node/2794121258"
    },
    {
      "type": "Feature",
      "properties": {
        "@id": "node/2797998027",
        "addr:city": "Mannheim",
        "addr:country": "DE",
        "addr:housenumber": "189",
        "addr:postcode": "68167",
        "addr:street": "Käfertaler Straße",
        "email": "fit-fabrik@t-online.de",
        "fax": "+49 621 3709889",
        "leisure": "sports_centre",
        "name": "Fit-Fabrik Mannheim",
        "phone": "+49 621 3709888",
        "sport": "fitness",
        "website": "http://www.fit-fabrik.de/"
      },
      "geometry": {
        "type": "Point",
        "coordinates": [
          8.492222,
          49.4976756
        ]
      },
      "id": "node/2797998027"
    },
    {
      "type": "Feature",
      "properties": {
        "@id": "node/2802948042",
        "email": "info@tao-zentrum.de",
        "leisure": "sports_centre",
        "name": "Tao-Zentrum",
        "phone": "+49 621 36931",
        "sport": "tao",
        "website": "https://taolife.de/"
      },
      "geometry": {
        "type": "Point",
        "coordinates": [
          8.4890102,
          49.4949872
        ]
      },
      "id": "node/2802948042"
    },
    {
      "type": "Feature",
      "properties": {
        "@id": "node/2802948044",
        "leisure": "sports_centre",
        "name": "Wing Chun Akademie Mannheim",
        "phone": "+49 1577 1459565",
        "sport": "Wing Chun",
        "website": "https://wingchun-mannheim.de/"
      },
      "geometry": {
        "type": "Point",
        "coordinates": [
          8.4887213,
          49.4950197
        ]
      },
      "id": "node/2802948044"
    },
    {
      "type": "Feature",
      "properties": {
        "@id": "node/2810443107",
        "email": "info@jbo-personaltraining.de",
        "last_check": "2018-05",
        "leisure": "sports_centre",
        "name": "JBO Personal Training - Jürgen Bock",
        "old_name": "Studio Sonnenhaus",
        "phone": "+49 171 5330203",
        "sport": "fitness",
        "website": "https://www.jbo-personaltraining.de/",
        "wheelchair": "no"
      },
      "geometry": {
        "type": "Point",
        "coordinates": [
          8.488684,
          49.4556223
        ]
      },
      "id": "node/2810443107"
    },
    {
      "type": "Feature",
      "properties": {
        "@id": "node/2868007955",
        "leisure": "sports_centre",
        "name": "Rhein-Neckar Fussballcenter",
        "source": "Amtsblatt Mannheim Nr. 41/ WMS: http://warper.geothings.net/maps/wms/789?request=GetMap&version=1.1.1&styles=&format=image/png&srs=epsg:4326&exceptions=application/vnd.ogc.se_inimage",
        "website": "https://www.rhein-neckar-fussballcenter.de/"
      },
      "geometry": {
        "type": "Point",
        "coordinates": [
          8.4998456,
          49.4783973
        ]
      },
      "id": "node/2868007955"
    },
    {
      "type": "Feature",
      "properties": {
        "@id": "node/2932313176",
        "leisure": "fitness_centre",
        "sport": "yoga"
      },
      "geometry": {
        "type": "Point",
        "coordinates": [
          8.6054665,
          49.4713255
        ]
      },
      "id": "node/2932313176"
    },
    {
      "type": "Feature",
      "properties": {
        "@id": "node/2972677086",
        "email": "yingpower@googlemail.com",
        "leisure": "sports_centre",
        "name": "Ving Tsun Escrima Academy",
        "phone": "+49 6202 9560533",
        "website": "https://www.vtea.de/",
        "wheelchair": "yes"
      },
      "geometry": {
        "type": "Point",
        "coordinates": [
          8.5751166,
          49.3900147
        ]
      },
      "id": "node/2972677086"
    },
    {
      "type": "Feature",
      "properties": {
        "@id": "node/2982136503",
        "email": "ludwigshafen@american-fitness-center.de",
        "leisure": "fitness_centre",
        "name": "American Fitness",
        "phone": "+49 621 563590",
        "sport": "fitness",
        "website": "http://www.american-fitness-center.de/lu_start,158.html",
        "wheelchair": "no"
      },
      "geometry": {
        "type": "Point",
        "coordinates": [
          8.4519862,
          49.4768466
        ]
      },
      "id": "node/2982136503"
    },
    {
      "type": "Feature",
      "properties": {
        "@id": "node/2982138357",
        "check_date": "2025-04-02",
        "leisure": "sports_centre",
        "name": "Kung Fu To'a Schule",
        "opening_hours": "Mo,We 15:30-19:30; Tu,Th-Fr 15:30-18:00; Sa 14:00-16:15",
        "phone": "+49 621 5668005",
        "sport": "martial_arts",
        "website": "https://www.kungfuto-a.de/"
      },
      "geometry": {
        "type": "Point",
        "coordinates": [
          8.4526304,
          49.4770542
        ]
      },
      "id": "node/2982138357"
    },
    {
      "type": "Feature",
      "properties": {
        "@id": "node/3013991608",
        "email": "info@yogasamadhi.de",
        "fax": "+49 6204 740885",
        "leisure": "fitness_centre",
        "name": "Yoga Samadhi",
        "phone": "+49 6204 65585",
        "sport": "yoga",
        "website": "https://www.yogasamadhi.de/"
      },
      "geometry": {
        "type": "Point",
        "coordinates": [
          8.5784577,
          49.5365746
        ]
      },
      "id": "node/3013991608"
    },
    {
      "type": "Feature",
      "properties": {
        "@id": "node/3068088480",
        "leisure": "sports_centre",
        "name": "E - Dart Liga 1987",
        "sport": "darts"
      },
      "geometry": {
        "type": "Point",
        "coordinates": [
          8.5833013,
          49.5473422
        ]
      },
      "id": "node/3068088480"
    },
    {
      "type": "Feature",
      "properties": {
        "@id": "node/3084128468",
        "email": "vb.viernheim@pfitzenmeier.de",
        "fax": "+49 6204 6074390",
        "leisure": "sports_centre",
        "name": "Lifestyle Fitness Club Viernheim - VeniceBeach",
        "opening_hours": "Mo-Fr 08:00-22:00;Sa,Su 09:00-20:00",
        "phone": "+49 6204 740686",
        "sport": "fitness",
        "website": "http://venicebeach.pfitzenmeier.de/lifestyle-fitness/viernheim.html",
        "wheelchair": "no"
      },
      "geometry": {
        "type": "Point",
        "coordinates": [
          8.5832293,
          49.5327393
        ]
      },
      "id": "node/3084128468"
    },
    {
      "type": "Feature",
      "properties": {
        "@id": "node/3177136761",
        "leisure": "sports_centre",
        "name": "Gate 99",
        "opening_hours": "Mo-Fr 15:30-22:00; Sa 12:00-22:00; PH,Su 12:00-22:00",
        "sport": "laser_tag",
        "website": "https://gate99.de/standorte/heidelberg/"
      },
      "geometry": {
        "type": "Point",
        "coordinates": [
          8.6261439,
          49.410272
        ]
      },
      "id": "node/3177136761"
    },
    {
      "type": "Feature",
      "properties": {
        "@id": "node/3248853267",
        "addr:city": "Mannheim",
        "addr:housenumber": "12",
        "addr:postcode": "68159",
        "addr:street": "C7",
        "email": "sport@uni-mannheim.de",
        "leisure": "sports_centre",
        "level": "1",
        "name": "Yoga Zentrum C7 - Universitaet Mannheim",
        "phone": "+49 621 1813419",
        "sport": "yoga",
        "website": "https://www.uni-mannheim.de/sport/studios/yoga/"
      },
      "geometry": {
        "type": "Point",
        "coordinates": [
          8.4586897,
          49.4890723
        ]
      },
      "id": "node/3248853267"
    },
    {
      "type": "Feature",
      "properties": {
        "@id": "node/3248878393",
        "leisure": "sports_centre",
        "name": "Aikido Dojo Mannheim",
        "sport": "Karate",
        "website": "http://aikidomannheim.de/"
      },
      "geometry": {
        "type": "Point",
        "coordinates": [
          8.4591637,
          49.4892419
        ]
      },
      "id": "node/3248878393"
    },
    {
      "type": "Feature",
      "properties": {
        "@id": "node/3257799974",
        "image": "https://commons.wikimedia.org/wiki/File:Wing_Chun_Akademie_Mannheim_S6.jpg",
        "leisure": "sports_centre",
        "name": "Wing Chun Akademie Mannheim",
        "phone": "+49 621 7296938",
        "sport": "Wing Chun",
        "website": "http://www.iaw-mannheim.com"
      },
      "geometry": {
        "type": "Point",
        "coordinates": [
          8.4740233,
          49.4885648
        ]
      },
      "id": "node/3257799974"
    },
    {
      "type": "Feature",
      "properties": {
        "@id": "node/3257811961",
        "image": "https://commons.wikimedia.org/wiki/File:Sportschule_Hanuman_Mannheim_S6.jpg",
        "leisure": "sports_centre",
        "name": "Sportschule Hanuman Mannheim",
        "phone": "+49 174 2116142",
        "sport": "Thaiboxen",
        "website": "http://www.hanuman-mannheim.de/"
      },
      "geometry": {
        "type": "Point",
        "coordinates": [
          8.4735168,
          49.488468
        ]
      },
      "id": "node/3257811961"
    },
    {
      "type": "Feature",
      "properties": {
        "@id": "node/3279212792",
        "addr:city": "Mannheim",
        "addr:housenumber": "156",
        "addr:postcode": "68305",
        "addr:street": "Lampertheimer Straße",
        "leisure": "sports_centre",
        "name": "Topfit Center Arthur Schnabel",
        "note": "sports_centre because Judo, ball games are offered",
        "opening_hours": "Mo-Fr 15:00-22:00; Mo,Tu,Th,Fr,Sa 07:45-13:00; Su 08:00-12:00",
        "operator": "TOP-FIT - Center Arthur Schnabel GmbH",
        "phone": "+49 621 747674",
        "sauna": "yes",
        "smoking": "no",
        "sport": "multi",
        "website": "https://www.topfit-mannheim.de/",
        "wheelchair": "no"
      },
      "geometry": {
        "type": "Point",
        "coordinates": [
          8.5112485,
          49.5262745
        ]
      },
      "id": "node/3279212792"
    },
    {
      "type": "Feature",
      "properties": {
        "@id": "node/3336777679",
        "leisure": "fitness_centre",
        "level": "1",
        "name": "VIVA - Fitness für Frauen",
        "phone": "+49 621 12855085",
        "short_name": "VIVA",
        "sport": "multi",
        "website": "https://www.viva-ma.de/"
      },
      "geometry": {
        "type": "Point",
        "coordinates": [
          8.5470667,
          49.5148361
        ]
      },
      "id": "node/3336777679"
    },
    {
      "type": "Feature",
      "properties": {
        "@id": "node/3417789778",
        "check_date": "2025-07",
        "leisure": "sports_centre",
        "name": "Dance & Health Academy",
        "phone": "+49 178 8888258",
        "website": "https://dance-health.de/",
        "wheelchair": "no"
      },
      "geometry": {
        "type": "Point",
        "coordinates": [
          8.5267018,
          49.4874514
        ]
      },
      "id": "node/3417789778"
    },
    {
      "type": "Feature",
      "properties": {
        "@id": "node/3421149701",
        "leisure": "sports_centre",
        "name": "HelliFit & Dance",
        "phone": "+49 621 84259409",
        "sport": "dance",
        "website": "http://www.hellifit-und-dance.com/"
      },
      "geometry": {
        "type": "Point",
        "coordinates": [
          8.4944274,
          49.4534498
        ]
      },
      "id": "node/3421149701"
    },
    {
      "type": "Feature",
      "properties": {
        "@id": "node/3453474577",
        "leisure": "sports_centre",
        "name": "WingTsun Mannheim-Neckarau",
        "phone": "+49 176 79798955",
        "sport": "martial_arts",
        "website": "http://www.mannheim-wt.de/",
        "wheelchair": "yes"
      },
      "geometry": {
        "type": "Point",
        "coordinates": [
          8.4826946,
          49.4536031
        ]
      },
      "id": "node/3453474577"
    },
    {
      "type": "Feature",
      "properties": {
        "@id": "node/3458719675",
        "fax": "+49 621 815735",
        "leisure": "sports_centre",
        "name": "Flamenco-Studio Renate Wagner",
        "phone": "+49 621 826583",
        "sport": "dance",
        "website": "https://www.flamenco-renate-wagner.de/"
      },
      "geometry": {
        "type": "Point",
        "coordinates": [
          8.5107021,
          49.4472061
        ]
      },
      "id": "node/3458719675"
    },
    {
      "type": "Feature",
      "properties": {
        "@id": "node/3499135874",
        "check_date": "2023-10-22",
        "leisure": "fitness_centre",
        "name": "VeniceBeach",
        "wheelchair": "limited"
      },
      "geometry": {
        "type": "Point",
        "coordinates": [
          8.4734824,
          49.4850887
        ]
      },
      "id": "node/3499135874"
    },
    {
      "type": "Feature",
      "properties": {
        "@id": "node/3504399595",
        "addr:city": "Mannheim",
        "addr:housenumber": "1-7",
        "addr:postcode": "68167",
        "addr:street": "Melchiorstraße",
        "leisure": "sports_centre",
        "level": "1",
        "name": "DEIN SPORT mal anders",
        "phone": "+49 621 17885726",
        "sport": "fitness",
        "website": "https://www.sport-ma.de/"
      },
      "geometry": {
        "type": "Point",
        "coordinates": [
          8.4767343,
          49.4977747
        ]
      },
      "id": "node/3504399595"
    },
    {
      "type": "Feature",
      "properties": {
        "@id": "node/3597820611",
        "addr:city": "Edingen-Neckarhausen",
        "addr:housenumber": "356",
        "addr:postcode": "68535",
        "addr:street": "Hauptstraße",
        "check_date": "2025-05-05",
        "fee": "yes",
        "leisure": "sports_centre",
        "name": "Freizeitbad Edingen-Neckarhausen",
        "opening_hours": "Tu 08:00-20:30, We 08:00-20:30, Th 08:00-18:00, Fr 08:00-20:00, Sa 08:00-13:00, Su 10:00-17:00",
        "phone": "+49 6203 808150",
        "sport": "swimming",
        "website": "https://freizeitbad-edingen-neckarhausen.de/"
      },
      "geometry": {
        "type": "Point",
        "coordinates": [
          8.6033382,
          49.4643002
        ]
      },
      "id": "node/3597820611"
    },
    {
      "type": "Feature",
      "properties": {
        "@id": "node/3869214911",
        "addr:city": "Mannheim",
        "addr:country": "DE",
        "addr:housenumber": "189",
        "addr:postcode": "68167",
        "addr:street": "Käfertaler Straße",
        "leisure": "sports_centre",
        "name": "TSOM TSOM Gym",
        "sport": "Wing Tsun",
        "website": "http://www.tsomtsomgym-mannheim.de/"
      },
      "geometry": {
        "type": "Point",
        "coordinates": [
          8.4922056,
          49.4977992
        ]
      },
      "id": "node/3869214911"
    },
    {
      "type": "Feature",
      "properties": {
        "@id": "node/3964382341",
        "leisure": "sports_centre",
        "level": "0",
        "name": "Santosha Yoga Studio - Yoga Vidya Mannheim",
        "phone": "+49 1575 8807404",
        "sport": "yoga",
        "survey:date": "2016-03",
        "website": "https://www.yoga-vidya.de/center/mannheim/start/"
      },
      "geometry": {
        "type": "Point",
        "coordinates": [
          8.4638865,
          49.4909883
        ]
      },
      "id": "node/3964382341"
    },
    {
      "type": "Feature",
      "properties": {
        "@id": "node/4107058185",
        "leisure": "sports_centre",
        "name": "Bala-Shanti Yoga Zentrum",
        "phone": "+49 621 15400347",
        "sport": "yoga",
        "website": "https://www.bala-shanti.de/",
        "wheelchair": "no"
      },
      "geometry": {
        "type": "Point",
        "coordinates": [
          8.4760793,
          49.4785501
        ]
      },
      "id": "node/4107058185"
    },
    {
      "type": "Feature",
      "properties": {
        "@id": "node/4109356275",
        "check_date": "2025-06-03",
        "check_date:opening_hours": "2021-09-22",
        "leisure": "sports_centre",
        "name": "FIT BASE",
        "opening_hours": "Mo-Su 00:00-24:00",
        "operator": "Pfitzenmeier"
      },
      "geometry": {
        "type": "Point",
        "coordinates": [
          8.4083951,
          49.4496675
        ]
      },
      "id": "node/4109356275"
    },
    {
      "type": "Feature",
      "properties": {
        "@id": "node/4110427460",
        "leisure": "fitness_centre",
        "name": "Sportomed Fitness & Prävention",
        "website": "http://www.sportomed.de/index.php"
      },
      "geometry": {
        "type": "Point",
        "coordinates": [
          8.498599,
          49.4887779
        ]
      },
      "id": "node/4110427460"
    },
    {
      "type": "Feature",
      "properties": {
        "@id": "node/4231250105",
        "addr:city": "Mannheim",
        "addr:housenumber": "11",
        "addr:place": "U4",
        "addr:postcode": "68161",
        "check_date": "2023-09-02",
        "email": "mail@capoeiraverein-ma.de",
        "leisure": "sports_centre",
        "level": "0",
        "name": "Sport Zentrum Mannheim e.V.",
        "opening_hours:covid19": "off",
        "phone": "+49 176 22696722",
        "sport": "Rehab sport;fitness;yoga;capoeira",
        "website": "https://sportzentrum-ma.de"
      },
      "geometry": {
        "type": "Point",
        "coordinates": [
          8.4732184,
          49.4915145
        ]
      },
      "id": "node/4231250105"
    },
    {
      "type": "Feature",
      "properties": {
        "@id": "node/4300165616",
        "leisure": "sports_centre",
        "name": "Bowling Center Viernheim",
        "sport": "10pin",
        "website": "http://www.bowlingcenter-viernheim.de"
      },
      "geometry": {
        "type": "Point",
        "coordinates": [
          8.5774601,
          49.547835
        ]
      },
      "id": "node/4300165616"
    },
    {
      "type": "Feature",
      "properties": {
        "@id": "node/4367450433",
        "leisure": "sports_centre",
        "name": "Vita Balance"
      },
      "geometry": {
        "type": "Point",
        "coordinates": [
          8.4700165,
          49.4717451
        ]
      },
      "id": "node/4367450433"
    },
    {
      "type": "Feature",
      "properties": {
        "@id": "node/4406847541",
        "brand": "Fitness First",
        "brand:wikidata": "Q127120",
        "brand:wikipedia": "en:Fitness First",
        "check_date:opening_hours": "2023-08-19",
        "leisure": "fitness_centre",
        "name": "Fitness First",
        "opening_hours": "Mo-Fr 06:30-23:00; Sa,Su,PH 09:00-20:00",
        "sauna": "yes",
        "swimming_pool": "yes",
        "website": "https://www.fitnessfirst.de/clubs/mannheim",
        "wheelchair": "limited"
      },
      "geometry": {
        "type": "Point",
        "coordinates": [
          8.4717815,
          49.4872618
        ]
      },
      "id": "node/4406847541"
    },
    {
      "type": "Feature",
      "properties": {
        "@id": "node/4481178389",
        "addr:city": "Ludwigshafen am Rhein",
        "addr:country": "DE",
        "addr:housenumber": "59",
        "addr:postcode": "67063",
        "addr:street": "Dessauer Straße",
        "branch": "Ludwigshafen Nord",
        "brand": "FitX",
        "brand:wikidata": "Q29031618",
        "check_date": "2023-09-01",
        "leisure": "fitness_centre",
        "name": "FitX",
        "opening_hours": "24/7",
        "operator": "FitX Deutschland GmbH",
        "phone": "+49 621 68561176",
        "sport": "fitness",
        "website": "https://www.fitx.de/studio/ludwigshafen-nord"
      },
      "geometry": {
        "type": "Point",
        "coordinates": [
          8.4375092,
          49.4912782
        ]
      },
      "id": "node/4481178389"
    },
    {
      "type": "Feature",
      "properties": {
        "@id": "node/4547207757",
        "addr:city": "Mannheim",
        "addr:housenumber": "22-26",
        "addr:postcode": "68163",
        "addr:street": "Fabrikstationstraße",
        "leisure": "sports_centre",
        "level": "1",
        "name": "Lasertag One",
        "phone": "+49 621 83556111",
        "sport": "laser_tag",
        "website": "https://www.lasertag-one.de/",
        "wheelchair": "no"
      },
      "geometry": {
        "type": "Point",
        "coordinates": [
          8.4886765,
          49.4669032
        ]
      },
      "id": "node/4547207757"
    },
    {
      "type": "Feature",
      "properties": {
        "@id": "node/4790223832",
        "addr:city": "Viernheim",
        "addr:country": "DE",
        "addr:housenumber": "1",
        "addr:postcode": "68519",
        "addr:street": "Edisonstraße",
        "leisure": "fitness_centre",
        "name": "VeniceBeach"
      },
      "geometry": {
        "type": "Point",
        "coordinates": [
          8.5933224,
          49.5493381
        ]
      },
      "id": "node/4790223832"
    },
    {
      "type": "Feature",
      "properties": {
        "@id": "node/4855635621",
        "leisure": "sports_centre",
        "name": "YogaSpirits",
        "sport": "yoga"
      },
      "geometry": {
        "type": "Point",
        "coordinates": [
          8.4537611,
          49.4718325
        ]
      },
      "id": "node/4855635621"
    },
    {
      "type": "Feature",
      "properties": {
        "@id": "node/4855635825",
        "leisure": "sports_centre",
        "name": "Tanzschule MOHL",
        "sport": "dancing"
      },
      "geometry": {
        "type": "Point",
        "coordinates": [
          8.4538631,
          49.471917
        ]
      },
      "id": "node/4855635825"
    },
    {
      "type": "Feature",
      "properties": {
        "@id": "node/4964537680",
        "branch": "Mannheim",
        "brand": "Körperformen",
        "brand:wikidata": "Q117455940",
        "check_date": "2024-10-30",
        "leisure": "fitness_centre",
        "name": "Körperformen",
        "phone": "+49 621 39182112",
        "website": "https://www.xn--krperformen-rfb.com/standorte/ems-training-mannheim/"
      },
      "geometry": {
        "type": "Point",
        "coordinates": [
          8.4802031,
          49.4799092
        ]
      },
      "id": "node/4964537680"
    },
    {
      "type": "Feature",
      "properties": {
        "@id": "node/5565813422",
        "contact:email": "info@taekwondo-mannheim.de",
        "contact:mobile": "+49 176 24859256",
        "contact:phone": "+49 621 26792",
        "contact:website": "http://taekwondo-mannheim.de",
        "leisure": "sports_centre",
        "name": "Taekwon-Do Center Mannheim",
        "sport": "taekwondo"
      },
      "geometry": {
        "type": "Point",
        "coordinates": [
          8.4800995,
          49.4826178
        ]
      },
      "id": "node/5565813422"
    },
    {
      "type": "Feature",
      "properties": {
        "@id": "node/5678981025",
        "addr:housenumber": "27",
        "addr:street": "Wattstraße",
        "leisure": "sports_centre",
        "name": "Wing Chun Akademie"
      },
      "geometry": {
        "type": "Point",
        "coordinates": [
          8.4970925,
          49.4641223
        ]
      },
      "id": "node/5678981025"
    },
    {
      "type": "Feature",
      "properties": {
        "@id": "node/5693836615",
        "leisure": "sports_centre",
        "name": "Boulderhaus",
        "phone": "+49 621 72480706",
        "sport": "climbing",
        "start_date": "2018-04",
        "website": "http://boulderhaus.de/"
      },
      "geometry": {
        "type": "Point",
        "coordinates": [
          8.5350574,
          49.5182161
        ]
      },
      "id": "node/5693836615"
    },
    {
      "type": "Feature",
      "properties": {
        "@id": "node/5867152701",
        "email": "info@kur-pals.de",
        "leisure": "fitness_centre",
        "mobile": "+49 176 633 316 65",
        "name": "CrossFit Kur-Pals",
        "sport": "fitness",
        "website": "https://kur-pals.de/",
        "wheelchair": "yes"
      },
      "geometry": {
        "type": "Point",
        "coordinates": [
          8.5279441,
          49.4743708
        ]
      },
      "id": "node/5867152701"
    },
    {
      "type": "Feature",
      "properties": {
        "@id": "node/6813858776",
        "brand": "JOHN REED Fitness",
        "brand:wikidata": "Q106434148",
        "check_date": "2025-05-16",
        "leisure": "fitness_centre",
        "level": "2",
        "name": "JOHN REED Fitness"
      },
      "geometry": {
        "type": "Point",
        "coordinates": [
          8.4699102,
          49.491991
        ]
      },
      "id": "node/6813858776"
    },
    {
      "type": "Feature",
      "properties": {
        "@id": "node/7651642719",
        "leisure": "fitness_centre",
        "name": "Movement Gym",
        "phone": "+49 1520 6727195",
        "website": "https://www.movement-gym.com/"
      },
      "geometry": {
        "type": "Point",
        "coordinates": [
          8.594603,
          49.5538471
        ]
      },
      "id": "node/7651642719"
    },
    {
      "type": "Feature",
      "properties": {
        "@id": "node/7788513506",
        "brand": "Clever fit",
        "brand:wikidata": "Q27909675",
        "brand:wikipedia": "de:Clever fit",
        "leisure": "fitness_centre",
        "name": "Clever fit"
      },
      "geometry": {
        "type": "Point",
        "coordinates": [
          8.5084709,
          49.4461908
        ]
      },
      "id": "node/7788513506"
    },
    {
      "type": "Feature",
      "properties": {
        "@id": "node/7944973791",
        "leisure": "fitness_centre"
      },
      "geometry": {
        "type": "Point",
        "coordinates": [
          8.4933867,
          49.5078796
        ]
      },
      "id": "node/7944973791"
    },
    {
      "type": "Feature",
      "properties": {
        "@id": "node/8199041870",
        "leisure": "fitness_centre",
        "name": "Franklin Fitness",
        "opening_hours": "Mo-Th 08:00-21:00; Fr 08:00-18:00; Sa,Su 09:00-15:00"
      },
      "geometry": {
        "type": "Point",
        "coordinates": [
          8.5224563,
          49.5158022
        ]
      },
      "id": "node/8199041870"
    },
    {
      "type": "Feature",
      "properties": {
        "@id": "node/8610267505",
        "addr:city": "Edingen-Neckarhausen",
        "addr:country": "DE",
        "addr:housenumber": "50",
        "addr:postcode": "68535",
        "addr:street": "Freiherr-von-Drais-Straße",
        "addr:suburb": "Neckarhausen",
        "leisure": "fitness_centre",
        "name": "vital-activ Fitness"
      },
      "geometry": {
        "type": "Point",
        "coordinates": [
          8.5908099,
          49.4716857
        ]
      },
      "id": "node/8610267505"
    },
    {
      "type": "Feature",
      "properties": {
        "@id": "node/8840934659",
        "leisure": "fitness_centre",
        "name": "Fight und Fitness Fabrik Mannheim"
      },
      "geometry": {
        "type": "Point",
        "coordinates": [
          8.4622879,
          49.5177647
        ]
      },
      "id": "node/8840934659"
    },
    {
      "type": "Feature",
      "properties": {
        "@id": "node/8849814442",
        "leisure": "sports_centre",
        "sport": "multi"
      },
      "geometry": {
        "type": "Point",
        "coordinates": [
          8.5034842,
          49.4874189
        ]
      },
      "id": "node/8849814442"
    },
    {
      "type": "Feature",
      "properties": {
        "@id": "node/9165685741",
        "addr:city": "Mannheim",
        "addr:housenumber": "11",
        "addr:postcode": "68199",
        "addr:street": "Mühlweg",
        "club": "sport",
        "email": "kontakt@kg-neckarau.de",
        "image": "https://kg-neckarau.de/index.php/de/verein/bootshaus",
        "leisure": "sports_centre",
        "name": "Kanu-Gesellschaft Neckarau e.V.",
        "opening_hours": "Mo-Su 10:00-20:00",
        "operator": "Kanu-Gesellschaft Neckarau e.V.",
        "phone": "+49 177 7375079",
        "sport": "canoe",
        "website": "https://kg-neckarau.de"
      },
      "geometry": {
        "type": "Point",
        "coordinates": [
          8.471212,
          49.4454753
        ]
      },
      "id": "node/9165685741"
    },
    {
      "type": "Feature",
      "properties": {
        "@id": "node/9391022252",
        "leisure": "fitness_centre",
        "name": "XGYM",
        "opening_hours": "Mo-Fr 06:00-23:00; PH,Sa,Su 08:00-22:00"
      },
      "geometry": {
        "type": "Point",
        "coordinates": [
          8.4453196,
          49.4830497
        ]
      },
      "id": "node/9391022252"
    },
    {
      "type": "Feature",
      "properties": {
        "@id": "node/9775370097",
        "addr:city": "Mannheim",
        "addr:housenumber": "69",
        "addr:postcode": "68163",
        "addr:street": "Meerfeldstraße",
        "email": "empfang@casana.de",
        "fee": "yes",
        "leisure": "sports_centre",
        "name": "Casana",
        "phone": "+49 621 842550",
        "sport": "reha",
        "website": "https://www.casana-mannheim.de/"
      },
      "geometry": {
        "type": "Point",
        "coordinates": [
          8.469919,
          49.4720437
        ]
      },
      "id": "node/9775370097"
    },
    {
      "type": "Feature",
      "properties": {
        "@id": "node/9929410671",
        "addr:city": "Mannheim",
        "addr:housenumber": "12",
        "addr:postcode": "68159",
        "addr:street": "C7",
        "email": "sport@uni-mannheim.de",
        "leisure": "sports_centre",
        "level": "0",
        "name": "Tanz Zentrum C7 - Universitaet Mannheim",
        "phone": "+49 621 1813419",
        "sport": "dance",
        "website": "https://www.uni-mannheim.de/sport/studios/tanz/"
      },
      "geometry": {
        "type": "Point",
        "coordinates": [
          8.4587091,
          49.4890667
        ]
      },
      "id": "node/9929410671"
    },
    {
      "type": "Feature",
      "properties": {
        "@id": "node/9946500204",
        "addr:city": "Ludwigshafen am Rhein",
        "addr:country": "DE",
        "addr:housenumber": "25",
        "addr:postcode": "67065",
        "addr:street": "Kalmitstraße",
        "leisure": "sports_centre",
        "name": "ADTV Tanzschule Weile",
        "sport": "dance",
        "website": "https://www.tanzschule-weile.de/"
      },
      "geometry": {
        "type": "Point",
        "coordinates": [
          8.420812,
          49.4596975
        ]
      },
      "id": "node/9946500204"
    },
    {
      "type": "Feature",
      "properties": {
        "@id": "node/9972348162",
        "addr:city": "Mannheim",
        "addr:housenumber": "79",
        "addr:postcode": "68309",
        "addr:street": "Auf dem Sand",
        "leisure": "fitness_centre",
        "name": "Venice Beach MA-Käfertal",
        "phone": "+49 621 7176930",
        "sport": "fitness",
        "website": "https://www.venicebeach-fitness.de/clubs/premium-fitness/mannheim-kaefertal/"
      },
      "geometry": {
        "type": "Point",
        "coordinates": [
          8.5087726,
          49.5154405
        ]
      },
      "id": "node/9972348162"
    },
    {
      "type": "Feature",
      "properties": {
        "@id": "node/10120123403",
        "addr:city": "Ludwigshafen am Rhein",
        "addr:country": "DE",
        "addr:housenumber": "3",
        "addr:postcode": "67063",
        "addr:street": "Geibelstraße",
        "leisure": "sports_centre",
        "name": "BASF LuFit",
        "operator": "BASF SE",
        "sport": "fitness",
        "website": "https://www.basf.com/lumit"
      },
      "geometry": {
        "type": "Point",
        "coordinates": [
          8.4270949,
          49.4936684
        ]
      },
      "id": "node/10120123403"
    },
    {
      "type": "Feature",
      "properties": {
        "@id": "node/10435617366",
        "contact:website": "https://smartclimb.de/",
        "leisure": "sports_centre",
        "name": "Smart Climb",
        "opening_hours": "Th,Fr 14:00-20:00; Sa,Su 10:00-18:00",
        "sells:alcohol": "yes",
        "sport": "climbing"
      },
      "geometry": {
        "type": "Point",
        "coordinates": [
          8.5027716,
          49.497036
        ]
      },
      "id": "node/10435617366"
    },
    {
      "type": "Feature",
      "properties": {
        "@id": "node/10910655986",
        "check_date:opening_hours": "2024-10-07",
        "leisure": "fitness_centre",
        "name": "Yogazeit",
        "opening_hours:signed": "no",
        "sport": "yoga",
        "wheelchair": "yes"
      },
      "geometry": {
        "type": "Point",
        "coordinates": [
          8.6593717,
          49.474362
        ]
      },
      "id": "node/10910655986"
    },
    {
      "type": "Feature",
      "properties": {
        "@id": "node/11272253076",
        "addr:city": "Heddesheim",
        "addr:country": "DE",
        "addr:housenumber": "2b",
        "addr:postcode": "68542",
        "addr:street": "Odenwaldstraße",
        "brand": "Bodystreet",
        "brand:wikidata": "Q117880186",
        "email": "Heddesheim@bodystreet.de",
        "leisure": "fitness_centre",
        "name": "Bodystreet",
        "opening_hours": "Mo-Fr 10:00-18:30, Sa 10:00-14:00",
        "phone": "+49 176 40770256",
        "sport": "fitness;smartwear",
        "website": "https://www.bodystreet.de/studio/bodystreet-heddesheim"
      },
      "geometry": {
        "type": "Point",
        "coordinates": [
          8.5999414,
          49.513134
        ]
      },
      "id": "node/11272253076"
    },
    {
      "type": "Feature",
      "properties": {
        "@id": "node/11459178869",
        "addr:housenumber": "1",
        "addr:postcode": "68159",
        "addr:street": "H7",
        "leisure": "fitness_centre",
        "name": "Reformé Reformer Studio",
        "old_name": "Pribce",
        "old_name:de": "Prince House Gallery",
        "old_name:en": "Prince House Gallery",
        "sport": "pilates",
        "website": "https://www.reformeactive.com/"
      },
      "geometry": {
        "type": "Point",
        "coordinates": [
          8.4632938,
          49.4919979
        ]
      },
      "id": "node/11459178869"
    },
    {
      "type": "Feature",
      "properties": {
        "@id": "node/11465182369",
        "addr:housenumber": "30",
        "addr:postcode": "68159",
        "addr:street": "G7",
        "leisure": "fitness_centre",
        "name": "flow - yoga and more",
        "website": "https://www.yogaflow-mannheim.de/"
      },
      "geometry": {
        "type": "Point",
        "coordinates": [
          8.4604639,
          49.4922409
        ]
      },
      "id": "node/11465182369"
    },
    {
      "type": "Feature",
      "properties": {
        "@id": "node/11499518772",
        "leisure": "sports_centre",
        "operator": "Pfitzenmeier",
        "operator:type": "private",
        "sport": "swimming"
      },
      "geometry": {
        "type": "Point",
        "coordinates": [
          8.5581255,
          49.4008504
        ]
      },
      "id": "node/11499518772"
    },
    {
      "type": "Feature",
      "properties": {
        "@id": "node/11801691135",
        "leisure": "fitness_centre",
        "name": "House of Pilates"
      },
      "geometry": {
        "type": "Point",
        "coordinates": [
          8.5188215,
          49.5031286
        ]
      },
      "id": "node/11801691135"
    },
    {
      "type": "Feature",
      "properties": {
        "@id": "node/12383133135",
        "addr:city": "Mannheim",
        "addr:housenumber": "7",
        "addr:postcode": "68169",
        "addr:street": "Langstraße",
        "email": "info@somayoga.space",
        "leisure": "fitness_centre",
        "name": "Soma Yoga",
        "phone": "+49 170 4851862",
        "sport": "yoga",
        "website": "https://somayoga.space",
        "website:booking": "https://www.eversports.de/scl/somayogaspace"
      },
      "geometry": {
        "type": "Point",
        "coordinates": [
          8.4712291,
          49.4966556
        ]
      },
      "id": "node/12383133135"
    },
    {
      "type": "Feature",
      "properties": {
        "@id": "node/12452940342",
        "addr:city": "Schriesheim",
        "addr:country": "DE",
        "addr:housenumber": "33",
        "addr:postcode": "69198",
        "addr:street": "Friedrichstraße",
        "leisure": "fitness_centre",
        "name": "Heilende Kunst",
        "sport": "yoga",
        "website": "https://www.heilende-kunst.de/"
      },
      "geometry": {
        "type": "Point",
        "coordinates": [
          8.6629514,
          49.4757395
        ]
      },
      "id": "node/12452940342"
    },
    {
      "type": "Feature",
      "properties": {
        "@id": "node/12455714300",
        "addr:city": "Schriesheim",
        "addr:country": "DE",
        "addr:housenumber": "6",
        "addr:postcode": "69198",
        "addr:street": "Am Sportzentrum",
        "description": "Studio für Gesundheitstraining, Fitness & Rehabilitationssport",
        "email": "info@ksv-medaktiv.de",
        "internet_access": "wlan",
        "internet_access:fee": "no",
        "leisure": "fitness_centre",
        "level": "0",
        "name": "KSV medaktiv - Gesundheitsstudio Schriesheim",
        "opening_hours": "Mo-Fr 09:00-22:00; Sa 10:00-18:00; Su 10:00-16:00",
        "phone": "+49 6203 65562",
        "sport": "fitness;gymnastics",
        "website": "https://www.ksv-medaktiv.de"
      },
      "geometry": {
        "type": "Point",
        "coordinates": [
          8.6531095,
          49.4745818
        ]
      },
      "id": "node/12455714300"
    },
    {
      "type": "Feature",
      "properties": {
        "@id": "node/13031534380",
        "leisure": "fitness_centre",
        "name": "FitX",
        "website": "https://www.fitx.de/fitnessstudios/mannheim-almenhof"
      },
      "geometry": {
        "type": "Point",
        "coordinates": [
          8.4871165,
          49.4655244
        ]
      },
      "id": "node/13031534380"
    },
    {
      "type": "Feature",
      "properties": {
        "@id": "node/13167266534",
        "leisure": "fitness_centre",
        "name": "Personaltraining Gaby Busch"
      },
      "geometry": {
        "type": "Point",
        "coordinates": [
          8.6547048,
          49.4797433
        ]
      },
      "id": "node/13167266534"
    },
    {
      "type": "Feature",
      "properties": {
        "@id": "node/13388946218",
        "addr:city": "Hirschberg an der Bergstraße",
        "addr:housenumber": "7",
        "addr:postcode": "69493",
        "addr:street": "Goldbeckstraße",
        "leisure": "fitness_centre",
        "name": "GOLDBECK Fitnessgarage"
      },
      "geometry": {
        "type": "Point",
        "coordinates": [
          8.6382244,
          49.5059779
        ]
      },
      "id": "node/13388946218"
    },
    {
      "type": "Feature",
      "properties": {
        "@id": "node/13413240779",
        "leisure": "fitness_centre",
        "name": "YM-Fitness"
      },
      "geometry": {
        "type": "Point",
        "coordinates": [
          8.5702699,
          49.3910448
        ]
      },
      "id": "node/13413240779"
    },
    {
      "type": "Feature",
      "properties": {
        "@id": "node/13483980201",
        "addr:housenumber": "23",
        "addr:postcode": "68199",
        "addr:street": "Wattstraße",
        "email": "info@padelmannheim.de",
        "leisure": "sports_centre",
        "name": "maba! Padel Mannheim",
        "opening_hours": "Mo-We 15:00-22:30; Th 07:00-22:30; Fr 10:00-22:30; Sa 09:00-19:00; Su 09:00-18:00",
        "website": "https://padelmannheim.de/"
      },
      "geometry": {
        "type": "Point",
        "coordinates": [
          8.4955792,
          49.4647162
        ]
      },
      "id": "node/13483980201"
    },
    {
      "type": "Feature",
      "properties": {
        "@id": "node/13859591850",
        "leisure": "fitness_centre",
        "name": "K360 Sports",
        "sport": "fitness",
        "website": "https://www.kings360.de/"
      },
      "geometry": {
        "type": "Point",
        "coordinates": [
          8.4879169,
          49.4783798
        ]
      },
      "id": "node/13859591850"
    }
  ]
}