station_id,name,num_bicycles_available,last_reported
NBF:Station:78971440,Gerwigstraße,1,2026-05-24 23:53:23+02
NBF:Station:50819438,Moltkestraße - CAMPUSbike HSKA,2,2026-05-24 23:53:23+02
NBF:Station:280259,Werderplatz,3,2026-05-24 23:53:23+02
NBF:Station:289946,Durlach Schlossplatz,5,2026-05-24 23:53:23+02
NBF:Station:78972260,Servicescope,4,2026-05-24 23:53:23+02
NBF:Station:392504,L-Bank,1,2026-05-24 23:53:23+02
NBF:Station:55113155,Reinmuthstraße./ Sudetenstraße,1,2026-05-24 23:53:23+02
NBF:Station:37983402,Tennesseeallee - CAMPUSbike KIT,1,2026-05-24 23:53:23+02
NBF:Station:53001693,Knielinger Allee/Franz-Lust-Straße,2,2026-05-24 23:53:23+02
NBF:Station:462181,Daxlanden - Stadtwerke,2,2026-05-24 23:53:23+02
NBF:Station:289944,Rommelstr. / Auerstr.,4,2026-05-24 23:53:23+02
NBF:Station:54869634,Knielingen/Rheinbergstraße,2,2026-05-24 23:53:23+02
NBF:Station:6352777,Zeppelinstraße / Benzstraße,1,2026-05-24 23:53:23+02
NBF:Station:264394,Hauptbahnhof / Touristinformation,1,2026-05-24 23:53:23+02
NBF:Station:462165,Rüppurr – Tulpenstraße,6,2026-05-24 23:53:23+02
NBF:Station:280260,Nordweststadt - Kurt-Schumacher-Straße,1,2026-05-24 23:53:23+02
NBF:Station:281794,Agentur für Arbeit,1,2026-05-24 23:53:23+02
NBF:Station:280261,Knielingen / Herweghstraße,2,2026-05-24 23:53:23+02
NBF:Station:462174,Bulach - Grünwinkler Straße,5,2026-05-24 23:53:23+02
NBF:Station:280253,Karl-Wilhelm-Platz,1,2026-05-24 23:53:23+02
NBF:Station:1390,Karlstraße / Waldstraße,2,2026-05-24 23:53:23+02
NBF:Station:462159,Oberreut - Zentrum,6,2026-05-24 23:53:23+02
NBF:Station:300645,HaDiKo,7,2026-05-24 23:53:23+02
NBF:Station:367726,KIT Ost,5,2026-05-24 23:53:23+02
NBF:Station:280258,Karlstor,1,2026-05-24 23:53:23+02
NBF:Station:280249,Prinz-Max-Palais,1,2026-05-24 23:53:23+02
NBF:Station:54869634,Knielingen/Rheinbergstraße,2,2026-05-24 23:22:29+02
NBF:Station:289944,Rommelstr. / Auerstr.,2,2026-05-24 23:22:29+02
NBF:Station:462181,Daxlanden - Stadtwerke,2,2026-05-24 23:22:29+02
NBF:Station:53001693,Knielinger Allee/Franz-Lust-Straße,2,2026-05-24 23:22:29+02
NBF:Station:289946,Durlach Schlossplatz,5,2026-05-24 23:22:29+02
NBF:Station:78972260,Servicescope,4,2026-05-24 23:22:29+02
NBF:Station:392504,L-Bank,2,2026-05-24 23:22:29+02
NBF:Station:55113155,Reinmuthstraße./ Sudetenstraße,1,2026-05-24 23:22:29+02
NBF:Station:50819438,Moltkestraße - CAMPUSbike HSKA,2,2026-05-24 23:22:29+02
NBF:Station:280259,Werderplatz,2,2026-05-24 23:22:29+02
NBF:Station:78971440,Gerwigstraße,1,2026-05-24 23:22:29+02
NBF:Station:367726,KIT Ost,5,2026-05-24 23:22:29+02
NBF:Station:280258,Karlstor,1,2026-05-24 23:22:29+02
NBF:Station:462165,Rüppurr – Tulpenstraße,6,2026-05-24 23:22:29+02
NBF:Station:1390,Karlstraße / Waldstraße,1,2026-05-24 23:22:29+02
NBF:Station:462159,Oberreut - Zentrum,6,2026-05-24 23:22:29+02
NBF:Station:300645,HaDiKo,5,2026-05-24 23:22:29+02
NBF:Station:462174,Bulach - Grünwinkler Straße,3,2026-05-24 23:22:29+02
NBF:Station:280253,Karl-Wilhelm-Platz,1,2026-05-24 23:22:29+02
NBF:Station:281794,Agentur für Arbeit,1,2026-05-24 23:22:29+02
NBF:Station:280261,Knielingen / Herweghstraße,2,2026-05-24 23:22:29+02
NBF:Station:280260,Nordweststadt - Kurt-Schumacher-Straße,2,2026-05-24 23:22:29+02
NBF:Station:264394,Hauptbahnhof / Touristinformation,4,2026-05-24 23:22:29+02
NBF:Station:6352777,Zeppelinstraße / Benzstraße,1,2026-05-24 23:22:29+02
NBF:Station:281794,Agentur für Arbeit,1,2026-05-24 22:52:06+02
NBF:Station:280261,Knielingen / Herweghstraße,2,2026-05-24 22:52:06+02
NBF:Station:280260,Nordweststadt - Kurt-Schumacher-Straße,2,2026-05-24 22:52:06+02
NBF:Station:264394,Hauptbahnhof / Touristinformation,3,2026-05-24 22:52:06+02
NBF:Station:6352777,Zeppelinstraße / Benzstraße,1,2026-05-24 22:52:06+02
NBF:Station:367726,KIT Ost,5,2026-05-24 22:52:06+02
NBF:Station:462165,Rüppurr – Tulpenstraße,5,2026-05-24 22:52:06+02
NBF:Station:462159,Oberreut - Zentrum,6,2026-05-24 22:52:06+02
NBF:Station:1390,Karlstraße / Waldstraße,1,2026-05-24 22:52:06+02
NBF:Station:300645,HaDiKo,9,2026-05-24 22:52:06+02
NBF:Station:462174,Bulach - Grünwinkler Straße,3,2026-05-24 22:52:06+02
NBF:Station:280253,Karl-Wilhelm-Platz,1,2026-05-24 22:52:06+02
NBF:Station:280322,KIT Süd,0,2026-05-24 22:52:06+02
NBF:Station:53001693,Knielinger Allee/Franz-Lust-Straße,2,2026-05-24 22:52:06+02
NBF:Station:78972260,Servicescope,4,2026-05-24 22:52:06+02
NBF:Station:289946,Durlach Schlossplatz,5,2026-05-24 22:52:06+02
NBF:Station:392504,L-Bank,2,2026-05-24 22:52:06+02
NBF:Station:55113155,Reinmuthstraße./ Sudetenstraße,1,2026-05-24 22:52:06+02
NBF:Station:280259,Werderplatz,2,2026-05-24 22:52:06+02
NBF:Station:50819438,Moltkestraße - CAMPUSbike HSKA,2,2026-05-24 22:52:06+02
NBF:Station:54869634,Knielingen/Rheinbergstraße,2,2026-05-24 22:52:06+02
NBF:Station:289944,Rommelstr. / Auerstr.,2,2026-05-24 22:52:06+02
NBF:Station:462181,Daxlanden - Stadtwerke,2,2026-05-24 22:52:06+02
NBF:Station:462165,Rüppurr – Tulpenstraße,5,2026-05-24 22:18:09+02
NBF:Station:367726,KIT Ost,3,2026-05-24 22:18:09+02
NBF:Station:300645,HaDiKo,11,2026-05-24 22:18:09+02
NBF:Station:462159,Oberreut - Zentrum,6,2026-05-24 22:18:09+02
NBF:Station:1390,Karlstraße / Waldstraße,1,2026-05-24 22:18:09+02
NBF:Station:280253,Karl-Wilhelm-Platz,0,2026-05-24 22:18:09+02
NBF:Station:462174,Bulach - Grünwinkler Straße,3,2026-05-24 22:18:09+02
NBF:Station:281794,Agentur für Arbeit,1,2026-05-24 22:18:09+02
NBF:Station:280261,Knielingen / Herweghstraße,2,2026-05-24 22:18:09+02
NBF:Station:280260,Nordweststadt - Kurt-Schumacher-Straße,2,2026-05-24 22:18:09+02
NBF:Station:264394,Hauptbahnhof / Touristinformation,6,2026-05-24 22:18:09+02
NBF:Station:6352777,Zeppelinstraße / Benzstraße,1,2026-05-24 22:18:09+02
NBF:Station:54869634,Knielingen/Rheinbergstraße,2,2026-05-24 22:18:09+02
NBF:Station:289944,Rommelstr. / Auerstr.,4,2026-05-24 22:18:09+02
NBF:Station:392504,L-Bank,2,2026-05-24 22:18:09+02
NBF:Station:462181,Daxlanden - Stadtwerke,2,2026-05-24 22:18:09+02
NBF:Station:37983402,Tennesseeallee - CAMPUSbike KIT,0,2026-05-24 22:18:09+02
NBF:Station:55113155,Reinmuthstraße./ Sudetenstraße,1,2026-05-24 22:18:09+02
NBF:Station:78972260,Servicescope,4,2026-05-24 22:18:09+02
NBF:Station:289946,Durlach Schlossplatz,5,2026-05-24 22:18:09+02
NBF:Station:50819438,Moltkestraße - CAMPUSbike HSKA,2,2026-05-24 22:18:09+02
NBF:Station:280259,Werderplatz,1,2026-05-24 22:18:09+02
NBF:Station:289944,Rommelstr. / Auerstr.,4,2026-05-24 21:44:19+02
NBF:Station:54869634,Knielingen/Rheinbergstraße,2,2026-05-24 21:44:19+02
NBF:Station:462181,Daxlanden - Stadtwerke,2,2026-05-24 21:44:19+02
NBF:Station:37983402,Tennesseeallee - CAMPUSbike KIT,1,2026-05-24 21:44:19+02
NBF:Station:280259,Werderplatz,1,2026-05-24 21:44:19+02
NBF:Station:50819438,Moltkestraße - CAMPUSbike HSKA,2,2026-05-24 21:44:19+02
NBF:Station:78972260,Servicescope,4,2026-05-24 21:44:19+02
NBF:Station:289946,Durlach Schlossplatz,7,2026-05-24 21:44:19+02
NBF:Station:55113155,Reinmuthstraße./ Sudetenstraße,1,2026-05-24 21:44:19+02
NBF:Station:392504,L-Bank,0,2026-05-24 21:44:19+02
NBF:Station:367726,KIT Ost,1,2026-05-24 21:44:19+02
NBF:Station:462165,Rüppurr – Tulpenstraße,5,2026-05-24 21:44:19+02
NBF:Station:462174,Bulach - Grünwinkler Straße,3,2026-05-24 21:44:19+02
NBF:Station:300645,HaDiKo,4,2026-05-24 21:44:19+02
NBF:Station:462159,Oberreut - Zentrum,6,2026-05-24 21:44:19+02
NBF:Station:1390,Karlstraße / Waldstraße,0,2026-05-24 21:44:19+02
NBF:Station:280260,Nordweststadt - Kurt-Schumacher-Straße,2,2026-05-24 21:44:19+02
NBF:Station:280261,Knielingen / Herweghstraße,3,2026-05-24 21:44:19+02
NBF:Station:281794,Agentur für Arbeit,1,2026-05-24 21:44:19+02
NBF:Station:264394,Hauptbahnhof / Touristinformation,9,2026-05-24 21:44:19+02
NBF:Station:392504,L-Bank,1,2026-05-24 21:10:37+02
NBF:Station:462181,Daxlanden - Stadtwerke,2,2026-05-24 21:10:37+02
NBF:Station:54869634,Knielingen/Rheinbergstraße,2,2026-05-24 21:10:37+02
NBF:Station:289944,Rommelstr. / Auerstr.,4,2026-05-24 21:10:37+02
NBF:Station:55113155,Reinmuthstraße./ Sudetenstraße,1,2026-05-24 21:10:37+02
NBF:Station:289946,Durlach Schlossplatz,1,2026-05-24 21:10:37+02
NBF:Station:78972260,Servicescope,4,2026-05-24 21:10:37+02
NBF:Station:280259,Werderplatz,3,2026-05-24 21:10:37+02
NBF:Station:50819438,Moltkestraße - CAMPUSbike HSKA,2,2026-05-24 21:10:37+02
NBF:Station:78971440,Gerwigstraße,0,2026-05-24 21:10:37+02
NBF:Station:280263,Fächerbad,0,2026-05-24 21:10:37+02
NBF:Station:53001693,Knielinger Allee/Franz-Lust-Straße,0,2026-05-24 21:10:37+02
NBF:Station:300645,HaDiKo,2,2026-05-24 21:10:37+02
NBF:Station:1390,Karlstraße / Waldstraße,0,2026-05-24 21:10:37+02
NBF:Station:462159,Oberreut - Zentrum,6,2026-05-24 21:10:37+02
NBF:Station:462174,Bulach - Grünwinkler Straße,3,2026-05-24 21:10:37+02
NBF:Station:462165,Rüppurr – Tulpenstraße,5,2026-05-24 21:10:37+02
NBF:Station:367726,KIT Ost,1,2026-05-24 21:10:37+02
NBF:Station:264394,Hauptbahnhof / Touristinformation,10,2026-05-24 21:10:37+02
NBF:Station:280261,Knielingen / Herweghstraße,3,2026-05-24 21:10:37+02
NBF:Station:281794,Agentur für Arbeit,1,2026-05-24 21:10:37+02
NBF:Station:280260,Nordweststadt - Kurt-Schumacher-Straße,2,2026-05-24 21:10:37+02
NBF:Station:280259,Werderplatz,4,2026-05-24 20:38:22+02
NBF:Station:55113155,Reinmuthstraße./ Sudetenstraße,1,2026-05-24 20:38:22+02
NBF:Station:78972260,Servicescope,4,2026-05-24 20:38:22+02
NBF:Station:289946,Durlach Schlossplatz,1,2026-05-24 20:38:22+02
NBF:Station:50819438,Moltkestraße - CAMPUSbike HSKA,2,2026-05-24 20:38:22+02
NBF:Station:53001693,Knielinger Allee/Franz-Lust-Straße,2,2026-05-24 20:38:22+02
NBF:Station:280263,Fächerbad,2,2026-05-24 20:38:22+02
NBF:Station:462181,Daxlanden - Stadtwerke,2,2026-05-24 20:38:22+02
NBF:Station:54869634,Knielingen/Rheinbergstraße,3,2026-05-24 20:38:22+02
NBF:Station:289944,Rommelstr. / Auerstr.,4,2026-05-24 20:38:22+02
NBF:Station:264394,Hauptbahnhof / Touristinformation,15,2026-05-24 20:38:22+02
NBF:Station:281794,Agentur für Arbeit,1,2026-05-24 20:38:22+02
NBF:Station:462159,Oberreut - Zentrum,6,2026-05-24 20:38:22+02
NBF:Station:280261,Knielingen / Herweghstraße,3,2026-05-24 20:38:22+02
NBF:Station:280260,Nordweststadt - Kurt-Schumacher-Straße,2,2026-05-24 20:38:22+02
NBF:Station:300645,HaDiKo,3,2026-05-24 20:38:22+02
NBF:Station:1390,Karlstraße / Waldstraße,1,2026-05-24 20:38:22+02
NBF:Station:462174,Bulach - Grünwinkler Straße,3,2026-05-24 20:38:22+02
NBF:Station:462165,Rüppurr – Tulpenstraße,5,2026-05-24 20:38:22+02
NBF:Station:367726,KIT Ost,2,2026-05-24 20:38:22+02
NBF:Station:281794,Agentur für Arbeit,1,2026-05-24 20:01:53+02
NBF:Station:280261,Knielingen / Herweghstraße,2,2026-05-24 20:01:53+02
NBF:Station:280260,Nordweststadt - Kurt-Schumacher-Straße,2,2026-05-24 20:01:53+02
NBF:Station:264394,Hauptbahnhof / Touristinformation,28,2026-05-24 20:01:53+02
NBF:Station:6352777,Zeppelinstraße / Benzstraße,1,2026-05-24 20:01:53+02
NBF:Station:462165,Rüppurr – Tulpenstraße,5,2026-05-24 20:01:53+02
NBF:Station:462159,Oberreut - Zentrum,6,2026-05-24 20:01:53+02
NBF:Station:1390,Karlstraße / Waldstraße,1,2026-05-24 20:01:53+02
NBF:Station:300645,HaDiKo,4,2026-05-24 20:01:53+02
NBF:Station:462174,Bulach - Grünwinkler Straße,2,2026-05-24 20:01:53+02
NBF:Station:53001693,Knielinger Allee/Franz-Lust-Straße,1,2026-05-24 20:01:53+02
NBF:Station:280263,Fächerbad,2,2026-05-24 20:01:53+02
NBF:Station:78971162,Sophienstraße,1,2026-05-24 20:01:53+02
NBF:Station:78972260,Servicescope,3,2026-05-24 20:01:53+02
NBF:Station:289946,Durlach Schlossplatz,1,2026-05-24 20:01:53+02
NBF:Station:55113155,Reinmuthstraße./ Sudetenstraße,1,2026-05-24 20:01:53+02
NBF:Station:50819438,Moltkestraße - CAMPUSbike HSKA,2,2026-05-24 20:01:53+02
NBF:Station:280259,Werderplatz,4,2026-05-24 20:01:53+02
NBF:Station:54869634,Knielingen/Rheinbergstraße,3,2026-05-24 20:01:53+02
NBF:Station:289944,Rommelstr. / Auerstr.,4,2026-05-24 20:01:53+02
NBF:Station:462181,Daxlanden - Stadtwerke,2,2026-05-24 20:01:53+02
NBF:Station:264394,Hauptbahnhof / Touristinformation,33,2026-05-24 19:31:43+02
NBF:Station:6352777,Zeppelinstraße / Benzstraße,1,2026-05-24 19:31:43+02
NBF:Station:281794,Agentur für Arbeit,1,2026-05-24 19:31:43+02
NBF:Station:280261,Knielingen / Herweghstraße,2,2026-05-24 19:31:43+02
NBF:Station:280251,Mühlburger Tor / Kaiserplatz ,1,2026-05-24 19:31:43+02
NBF:Station:280260,Nordweststadt - Kurt-Schumacher-Straße,2,2026-05-24 19:31:43+02
NBF:Station:1390,Karlstraße / Waldstraße,1,2026-05-24 19:31:43+02
NBF:Station:462159,Oberreut - Zentrum,7,2026-05-24 19:31:43+02
NBF:Station:462174,Bulach - Grünwinkler Straße,2,2026-05-24 19:31:43+02
NBF:Station:462165,Rüppurr – Tulpenstraße,5,2026-05-24 19:31:43+02
NBF:Station:289946,Durlach Schlossplatz,1,2026-05-24 19:31:43+02
NBF:Station:78972260,Servicescope,3,2026-05-24 19:31:43+02
NBF:Station:78971162,Sophienstraße,1,2026-05-24 19:31:43+02
NBF:Station:55113155,Reinmuthstraße./ Sudetenstraße,1,2026-05-24 19:31:43+02
NBF:Station:280259,Werderplatz,3,2026-05-24 19:31:43+02
NBF:Station:50819438,Moltkestraße - CAMPUSbike HSKA,2,2026-05-24 19:31:43+02
NBF:Station:78971440,Gerwigstraße,2,2026-05-24 19:31:43+02
NBF:Station:280263,Fächerbad,2,2026-05-24 19:31:43+02
NBF:Station:53001693,Knielinger Allee/Franz-Lust-Straße,0,2026-05-24 19:31:43+02
NBF:Station:462181,Daxlanden - Stadtwerke,2,2026-05-24 19:31:43+02
NBF:Station:54869634,Knielingen/Rheinbergstraße,3,2026-05-24 19:31:43+02
NBF:Station:289944,Rommelstr. / Auerstr.,1,2026-05-24 19:31:43+02
NBF:Station:367726,KIT Ost,2,2026-05-24 18:59:46+02
NBF:Station:462159,Oberreut - Zentrum,7,2026-05-24 18:59:46+02
NBF:Station:280260,Nordweststadt - Kurt-Schumacher-Straße,2,2026-05-24 18:59:46+02
NBF:Station:280261,Knielingen / Herweghstraße,2,2026-05-24 18:59:46+02
NBF:Station:281794,Agentur für Arbeit,1,2026-05-24 18:59:46+02
NBF:Station:6352777,Zeppelinstraße / Benzstraße,3,2026-05-24 18:59:46+02
NBF:Station:6352822,Carl-Metz-Straße,0,2026-05-24 18:59:46+02
NBF:Station:264394,Hauptbahnhof / Touristinformation,35,2026-05-24 18:59:46+02
NBF:Station:462165,Rüppurr – Tulpenstraße,6,2026-05-24 18:59:46+02
NBF:Station:280249,Prinz-Max-Palais,2,2026-05-24 18:59:46+02
NBF:Station:462174,Bulach - Grünwinkler Straße,2,2026-05-24 18:59:46+02
NBF:Station:300645,HaDiKo,2,2026-05-24 18:59:46+02
NBF:Station:1390,Karlstraße / Waldstraße,0,2026-05-24 18:59:46+02
NBF:Station:53001693,Knielinger Allee/Franz-Lust-Straße,3,2026-05-24 18:59:46+02
NBF:Station:52997350,Schloss Rüppurr,1,2026-05-24 18:59:46+02
NBF:Station:50819438,Moltkestraße - CAMPUSbike HSKA,2,2026-05-24 18:59:46+02
NBF:Station:280259,Werderplatz,2,2026-05-24 18:59:46+02
NBF:Station:78970799,Durlach - Alte Karlsruher Straße,1,2026-05-24 18:59:46+02
NBF:Station:55113155,Reinmuthstraße./ Sudetenstraße,1,2026-05-24 18:59:46+02
NBF:Station:78971162,Sophienstraße,1,2026-05-24 18:59:46+02
NBF:Station:289946,Durlach Schlossplatz,1,2026-05-24 18:59:46+02
NBF:Station:78972260,Servicescope,3,2026-05-24 18:59:46+02
NBF:Station:289944,Rommelstr. / Auerstr.,1,2026-05-24 18:59:46+02
NBF:Station:54869634,Knielingen/Rheinbergstraße,3,2026-05-24 18:59:46+02
NBF:Station:462181,Daxlanden - Stadtwerke,2,2026-05-24 18:59:46+02
NBF:Station:52997350,Schloss Rüppurr,2,2026-05-24 18:26:54+02
NBF:Station:53001693,Knielinger Allee/Franz-Lust-Straße,2,2026-05-24 18:26:54+02
NBF:Station:78972260,Servicescope,3,2026-05-24 18:26:54+02
NBF:Station:289946,Durlach Schlossplatz,1,2026-05-24 18:26:54+02
NBF:Station:78971162,Sophienstraße,1,2026-05-24 18:26:54+02
NBF:Station:55113155,Reinmuthstraße./ Sudetenstraße,2,2026-05-24 18:26:54+02
NBF:Station:78970799,Durlach - Alte Karlsruher Straße,1,2026-05-24 18:26:54+02
NBF:Station:78971440,Gerwigstraße,1,2026-05-24 18:26:54+02
NBF:Station:280259,Werderplatz,1,2026-05-24 18:26:54+02
NBF:Station:50819438,Moltkestraße - CAMPUSbike HSKA,2,2026-05-24 18:26:54+02
NBF:Station:54869634,Knielingen/Rheinbergstraße,3,2026-05-24 18:26:54+02
NBF:Station:289944,Rommelstr. / Auerstr.,1,2026-05-24 18:26:54+02
NBF:Station:462181,Daxlanden - Stadtwerke,1,2026-05-24 18:26:54+02
NBF:Station:280261,Knielingen / Herweghstraße,2,2026-05-24 18:26:54+02
NBF:Station:281794,Agentur für Arbeit,1,2026-05-24 18:26:54+02
NBF:Station:280260,Nordweststadt - Kurt-Schumacher-Straße,2,2026-05-24 18:26:54+02
NBF:Station:264394,Hauptbahnhof / Touristinformation,39,2026-05-24 18:26:54+02
NBF:Station:6352822,Carl-Metz-Straße,0,2026-05-24 18:26:54+02
NBF:Station:6352777,Zeppelinstraße / Benzstraße,2,2026-05-24 18:26:54+02
NBF:Station:280249,Prinz-Max-Palais,0,2026-05-24 18:26:54+02
NBF:Station:280258,Karlstor,0,2026-05-24 18:26:54+02
NBF:Station:367726,KIT Ost,2,2026-05-24 18:26:54+02
NBF:Station:462165,Rüppurr – Tulpenstraße,6,2026-05-24 18:26:54+02
NBF:Station:462159,Oberreut - Zentrum,7,2026-05-24 18:26:54+02
NBF:Station:1390,Karlstraße / Waldstraße,2,2026-05-24 18:26:54+02
NBF:Station:300645,HaDiKo,1,2026-05-24 18:26:54+02
NBF:Station:462174,Bulach - Grünwinkler Straße,2,2026-05-24 18:26:54+02
NBF:Station:280250,Kolpingplatz,1,2026-05-24 18:26:54+02
NBF:Station:289946,Durlach Schlossplatz,1,2026-05-24 17:51:40+02
NBF:Station:50819438,Moltkestraße - CAMPUSbike HSKA,3,2026-05-24 17:51:40+02
NBF:Station:280259,Werderplatz,1,2026-05-24 17:51:40+02
NBF:Station:78970799,Durlach - Alte Karlsruher Straße,2,2026-05-24 17:51:40+02
NBF:Station:78971440,Gerwigstraße,1,2026-05-24 17:51:40+02
NBF:Station:78972260,Servicescope,3,2026-05-24 17:51:40+02
NBF:Station:55113155,Reinmuthstraße./ Sudetenstraße,2,2026-05-24 17:51:40+02
NBF:Station:78971162,Sophienstraße,1,2026-05-24 17:51:40+02
NBF:Station:280263,Fächerbad,3,2026-05-24 17:51:40+02
NBF:Station:53001693,Knielinger Allee/Franz-Lust-Straße,1,2026-05-24 17:51:40+02
NBF:Station:52997350,Schloss Rüppurr,0,2026-05-24 17:51:40+02
NBF:Station:462181,Daxlanden - Stadtwerke,1,2026-05-24 17:51:40+02
NBF:Station:285510,Adenauerring / Fasanengarten,0,2026-05-24 17:51:40+02
NBF:Station:289944,Rommelstr. / Auerstr.,1,2026-05-24 17:51:40+02
NBF:Station:367726,KIT Ost,3,2026-05-24 17:51:40+02
NBF:Station:54869634,Knielingen/Rheinbergstraße,3,2026-05-24 17:51:40+02
NBF:Station:289942,Durlach - Bahnhof ,2,2026-05-24 17:51:40+02
NBF:Station:6352777,Zeppelinstraße / Benzstraße,2,2026-05-24 17:51:40+02
NBF:Station:462176,Grünwinkel - Carl-Metz-Straße,1,2026-05-24 17:51:40+02
NBF:Station:264394,Hauptbahnhof / Touristinformation,47,2026-05-24 17:51:40+02
NBF:Station:280260,Nordweststadt - Kurt-Schumacher-Straße,1,2026-05-24 17:51:40+02
NBF:Station:280261,Knielingen / Herweghstraße,2,2026-05-24 17:51:40+02
NBF:Station:462174,Bulach - Grünwinkler Straße,2,2026-05-24 17:51:40+02
NBF:Station:280255,Kreativpark/Alter Schlachthof,1,2026-05-24 17:51:40+02
NBF:Station:280250,Kolpingplatz,1,2026-05-24 17:51:40+02
NBF:Station:1390,Karlstraße / Waldstraße,1,2026-05-24 17:51:40+02
NBF:Station:462159,Oberreut - Zentrum,7,2026-05-24 17:51:40+02
NBF:Station:280258,Karlstor,1,2026-05-24 17:51:40+02
NBF:Station:462165,Rüppurr – Tulpenstraße,6,2026-05-24 17:51:40+02
NBF:Station:280261,Knielingen / Herweghstraße,2,2026-05-24 17:19:24+02
NBF:Station:264394,Hauptbahnhof / Touristinformation,56,2026-05-24 17:19:24+02
NBF:Station:462176,Grünwinkel - Carl-Metz-Straße,1,2026-05-24 17:19:24+02
NBF:Station:289942,Durlach - Bahnhof ,2,2026-05-24 17:19:24+02
NBF:Station:462165,Rüppurr – Tulpenstraße,7,2026-05-24 17:19:24+02
NBF:Station:280258,Karlstor,1,2026-05-24 17:19:24+02
NBF:Station:367726,KIT Ost,3,2026-05-24 17:19:24+02
NBF:Station:300645,HaDiKo,7,2026-05-24 17:19:24+02
NBF:Station:1390,Karlstraße / Waldstraße,0,2026-05-24 17:19:24+02
NBF:Station:462159,Oberreut - Zentrum,7,2026-05-24 17:19:24+02
NBF:Station:280250,Kolpingplatz,1,2026-05-24 17:19:24+02
NBF:Station:462174,Bulach - Grünwinkler Straße,3,2026-05-24 17:19:24+02
NBF:Station:280255,Kreativpark/Alter Schlachthof,1,2026-05-24 17:19:24+02
NBF:Station:52997350,Schloss Rüppurr,2,2026-05-24 17:19:24+02
NBF:Station:280322,KIT Süd,0,2026-05-24 17:19:24+02
NBF:Station:280263,Fächerbad,3,2026-05-24 17:19:24+02
NBF:Station:78971162,Sophienstraße,1,2026-05-24 17:19:24+02
NBF:Station:55113155,Reinmuthstraße./ Sudetenstraße,2,2026-05-24 17:19:24+02
NBF:Station:289946,Durlach Schlossplatz,1,2026-05-24 17:19:24+02
NBF:Station:78972260,Servicescope,3,2026-05-24 17:19:24+02
NBF:Station:280259,Werderplatz,1,2026-05-24 17:19:24+02
NBF:Station:50819438,Moltkestraße - CAMPUSbike HSKA,4,2026-05-24 17:19:24+02
NBF:Station:78970799,Durlach - Alte Karlsruher Straße,2,2026-05-24 17:19:24+02
NBF:Station:78971440,Gerwigstraße,1,2026-05-24 17:19:24+02
NBF:Station:54869634,Knielingen/Rheinbergstraße,3,2026-05-24 17:19:24+02
NBF:Station:289944,Rommelstr. / Auerstr.,1,2026-05-24 17:19:24+02
NBF:Station:285510,Adenauerring / Fasanengarten,2,2026-05-24 17:19:24+02
NBF:Station:462181,Daxlanden - Stadtwerke,1,2026-05-24 17:19:24+02
NBF:Station:280261,Knielingen / Herweghstraße,2,2026-05-24 16:44:41+02
NBF:Station:264394,Hauptbahnhof / Touristinformation,56,2026-05-24 16:44:41+02
NBF:Station:289942,Durlach - Bahnhof ,2,2026-05-24 16:44:41+02
NBF:Station:462159,Oberreut - Zentrum,7,2026-05-24 16:44:41+02
NBF:Station:1390,Karlstraße / Waldstraße,1,2026-05-24 16:44:41+02
NBF:Station:300645,HaDiKo,5,2026-05-24 16:44:41+02
NBF:Station:280255,Kreativpark/Alter Schlachthof,1,2026-05-24 16:44:41+02
NBF:Station:462174,Bulach - Grünwinkler Straße,3,2026-05-24 16:44:41+02
NBF:Station:367726,KIT Ost,2,2026-05-24 16:44:41+02
NBF:Station:280258,Karlstor,1,2026-05-24 16:44:41+02
NBF:Station:462165,Rüppurr – Tulpenstraße,7,2026-05-24 16:44:41+02
NBF:Station:78972260,Servicescope,3,2026-05-24 16:44:41+02
NBF:Station:289946,Durlach Schlossplatz,1,2026-05-24 16:44:41+02
NBF:Station:78971162,Sophienstraße,1,2026-05-24 16:44:41+02
NBF:Station:55113155,Reinmuthstraße./ Sudetenstraße,2,2026-05-24 16:44:41+02
NBF:Station:78970799,Durlach - Alte Karlsruher Straße,2,2026-05-24 16:44:41+02
NBF:Station:78971440,Gerwigstraße,1,2026-05-24 16:44:41+02
NBF:Station:280259,Werderplatz,1,2026-05-24 16:44:41+02
NBF:Station:50819438,Moltkestraße - CAMPUSbike HSKA,5,2026-05-24 16:44:41+02
NBF:Station:52997350,Schloss Rüppurr,2,2026-05-24 16:44:41+02
NBF:Station:280322,KIT Süd,1,2026-05-24 16:44:41+02
NBF:Station:280263,Fächerbad,3,2026-05-24 16:44:41+02
NBF:Station:285510,Adenauerring / Fasanengarten,1,2026-05-24 16:44:41+02
NBF:Station:462181,Daxlanden - Stadtwerke,1,2026-05-24 16:44:41+02
NBF:Station:54869634,Knielingen/Rheinbergstraße,3,2026-05-24 16:44:41+02
NBF:Station:289944,Rommelstr. / Auerstr.,1,2026-05-24 16:44:41+02
NBF:Station:289944,Rommelstr. / Auerstr.,1,2026-05-24 16:10:43+02
NBF:Station:54869634,Knielingen/Rheinbergstraße,3,2026-05-24 16:10:43+02
NBF:Station:280322,KIT Süd,1,2026-05-24 16:10:43+02
NBF:Station:462181,Daxlanden - Stadtwerke,1,2026-05-24 16:10:43+02
NBF:Station:9016659,Mühlburg Bahnhof,2,2026-05-24 16:10:43+02
NBF:Station:285510,Adenauerring / Fasanengarten,1,2026-05-24 16:10:43+02
NBF:Station:53001693,Knielinger Allee/Franz-Lust-Straße,1,2026-05-24 16:10:43+02
NBF:Station:280263,Fächerbad,2,2026-05-24 16:10:43+02
NBF:Station:52997350,Schloss Rüppurr,2,2026-05-24 16:10:43+02
NBF:Station:78970799,Durlach - Alte Karlsruher Straße,2,2026-05-24 16:10:43+02
NBF:Station:50819438,Moltkestraße - CAMPUSbike HSKA,5,2026-05-24 16:10:43+02
NBF:Station:280259,Werderplatz,2,2026-05-24 16:10:43+02
NBF:Station:55113155,Reinmuthstraße./ Sudetenstraße,2,2026-05-24 16:10:43+02
NBF:Station:78972260,Servicescope,3,2026-05-24 16:10:43+02
NBF:Station:289946,Durlach Schlossplatz,2,2026-05-24 16:10:43+02
NBF:Station:462165,Rüppurr – Tulpenstraße,8,2026-05-24 16:10:43+02
NBF:Station:367726,KIT Ost,0,2026-05-24 16:10:43+02
NBF:Station:280255,Kreativpark/Alter Schlachthof,1,2026-05-24 16:10:43+02
NBF:Station:462174,Bulach - Grünwinkler Straße,3,2026-05-24 16:10:43+02
NBF:Station:300645,HaDiKo,2,2026-05-24 16:10:43+02
NBF:Station:462159,Oberreut - Zentrum,7,2026-05-24 16:10:43+02
NBF:Station:1390,Karlstraße / Waldstraße,1,2026-05-24 16:10:43+02
NBF:Station:280261,Knielingen / Herweghstraße,2,2026-05-24 16:10:43+02
NBF:Station:6352777,Zeppelinstraße / Benzstraße,1,2026-05-24 16:10:43+02
NBF:Station:289942,Durlach - Bahnhof ,2,2026-05-24 16:10:43+02
NBF:Station:6352822,Carl-Metz-Straße,1,2026-05-24 16:10:43+02
NBF:Station:264394,Hauptbahnhof / Touristinformation,55,2026-05-24 16:10:43+02
NBF:Station:280255,Kreativpark/Alter Schlachthof,1,2026-05-24 15:36:08+02
NBF:Station:462165,Rüppurr – Tulpenstraße,8,2026-05-24 15:36:08+02
NBF:Station:280249,Prinz-Max-Palais,1,2026-05-24 15:36:08+02
NBF:Station:462174,Bulach - Grünwinkler Straße,3,2026-05-24 15:36:08+02
NBF:Station:462159,Oberreut - Zentrum,7,2026-05-24 15:36:08+02
NBF:Station:1390,Karlstraße / Waldstraße,1,2026-05-24 15:36:08+02
NBF:Station:280261,Knielingen / Herweghstraße,2,2026-05-24 15:36:08+02
NBF:Station:289942,Durlach - Bahnhof ,2,2026-05-24 15:36:08+02
NBF:Station:6352777,Zeppelinstraße / Benzstraße,1,2026-05-24 15:36:08+02
NBF:Station:264394,Hauptbahnhof / Touristinformation,61,2026-05-24 15:36:08+02
NBF:Station:6352822,Carl-Metz-Straße,1,2026-05-24 15:36:08+02
NBF:Station:289944,Rommelstr. / Auerstr.,1,2026-05-24 15:36:08+02
NBF:Station:54869634,Knielingen/Rheinbergstraße,3,2026-05-24 15:36:08+02
NBF:Station:462181,Daxlanden - Stadtwerke,1,2026-05-24 15:36:08+02
NBF:Station:285510,Adenauerring / Fasanengarten,1,2026-05-24 15:36:08+02
NBF:Station:9016659,Mühlburg Bahnhof,2,2026-05-24 15:36:08+02
NBF:Station:280263,Fächerbad,2,2026-05-24 15:36:08+02
NBF:Station:52997350,Schloss Rüppurr,2,2026-05-24 15:36:08+02
NBF:Station:280322,KIT Süd,1,2026-05-24 15:36:08+02
NBF:Station:78970799,Durlach - Alte Karlsruher Straße,0,2026-05-24 15:36:08+02
NBF:Station:280259,Werderplatz,2,2026-05-24 15:36:08+02
NBF:Station:50819438,Moltkestraße - CAMPUSbike HSKA,7,2026-05-24 15:36:08+02
NBF:Station:78972260,Servicescope,3,2026-05-24 15:36:08+02
NBF:Station:289946,Durlach Schlossplatz,2,2026-05-24 15:36:08+02
NBF:Station:55113155,Reinmuthstraße./ Sudetenstraße,2,2026-05-24 15:36:08+02
NBF:Station:367726,KIT Ost,2,2026-05-24 15:01:51+02
NBF:Station:462165,Rüppurr – Tulpenstraße,8,2026-05-24 15:01:51+02
NBF:Station:462174,Bulach - Grünwinkler Straße,3,2026-05-24 15:01:51+02
NBF:Station:1390,Karlstraße / Waldstraße,1,2026-05-24 15:01:51+02
NBF:Station:462159,Oberreut - Zentrum,7,2026-05-24 15:01:51+02
NBF:Station:280251,Mühlburger Tor / Kaiserplatz ,1,2026-05-24 15:01:51+02
NBF:Station:280261,Knielingen / Herweghstraße,2,2026-05-24 15:01:51+02
NBF:Station:289942,Durlach - Bahnhof ,3,2026-05-24 15:01:51+02
NBF:Station:6352777,Zeppelinstraße / Benzstraße,1,2026-05-24 15:01:51+02
NBF:Station:264394,Hauptbahnhof / Touristinformation,56,2026-05-24 15:01:51+02
NBF:Station:6352822,Carl-Metz-Straße,1,2026-05-24 15:01:51+02
NBF:Station:289944,Rommelstr. / Auerstr.,1,2026-05-24 15:01:51+02
NBF:Station:54869634,Knielingen/Rheinbergstraße,3,2026-05-24 15:01:51+02
NBF:Station:462181,Daxlanden - Stadtwerke,1,2026-05-24 15:01:51+02
NBF:Station:285510,Adenauerring / Fasanengarten,1,2026-05-24 15:01:51+02
NBF:Station:9016659,Mühlburg Bahnhof,2,2026-05-24 15:01:51+02
NBF:Station:37983402,Tennesseeallee - CAMPUSbike KIT,0,2026-05-24 15:01:51+02
NBF:Station:280263,Fächerbad,2,2026-05-24 15:01:51+02
NBF:Station:52997350,Schloss Rüppurr,2,2026-05-24 15:01:51+02
NBF:Station:280322,KIT Süd,1,2026-05-24 15:01:51+02
NBF:Station:280259,Werderplatz,2,2026-05-24 15:01:51+02
NBF:Station:50819438,Moltkestraße - CAMPUSbike HSKA,7,2026-05-24 15:01:51+02
NBF:Station:78970799,Durlach - Alte Karlsruher Straße,2,2026-05-24 15:01:51+02
NBF:Station:289946,Durlach Schlossplatz,2,2026-05-24 15:01:51+02
NBF:Station:78972260,Servicescope,3,2026-05-24 15:01:51+02
NBF:Station:55113155,Reinmuthstraße./ Sudetenstraße,2,2026-05-24 15:01:51+02
NBF:Station:280261,Knielingen / Herweghstraße,2,2026-05-24 14:30:43+02
NBF:Station:289942,Durlach - Bahnhof ,3,2026-05-24 14:30:43+02
NBF:Station:6352777,Zeppelinstraße / Benzstraße,1,2026-05-24 14:30:43+02
NBF:Station:264394,Hauptbahnhof / Touristinformation,55,2026-05-24 14:30:43+02
NBF:Station:6352822,Carl-Metz-Straße,1,2026-05-24 14:30:43+02
NBF:Station:367726,KIT Ost,1,2026-05-24 14:30:43+02
NBF:Station:462165,Rüppurr – Tulpenstraße,7,2026-05-24 14:30:43+02
NBF:Station:280249,Prinz-Max-Palais,0,2026-05-24 14:30:43+02
NBF:Station:462174,Bulach - Grünwinkler Straße,3,2026-05-24 14:30:43+02
NBF:Station:1390,Karlstraße / Waldstraße,0,2026-05-24 14:30:43+02
NBF:Station:462159,Oberreut - Zentrum,7,2026-05-24 14:30:43+02
NBF:Station:300645,HaDiKo,2,2026-05-24 14:30:43+02
NBF:Station:280263,Fächerbad,2,2026-05-24 14:30:43+02
NBF:Station:37983402,Tennesseeallee - CAMPUSbike KIT,1,2026-05-24 14:30:43+02
NBF:Station:52997350,Schloss Rüppurr,2,2026-05-24 14:30:43+02
NBF:Station:280259,Werderplatz,3,2026-05-24 14:30:43+02
NBF:Station:50819438,Moltkestraße - CAMPUSbike HSKA,10,2026-05-24 14:30:43+02
NBF:Station:78970799,Durlach - Alte Karlsruher Straße,2,2026-05-24 14:30:43+02
NBF:Station:289946,Durlach Schlossplatz,2,2026-05-24 14:30:43+02
NBF:Station:78972260,Servicescope,3,2026-05-24 14:30:43+02
NBF:Station:55113155,Reinmuthstraße./ Sudetenstraße,2,2026-05-24 14:30:43+02
NBF:Station:289944,Rommelstr. / Auerstr.,1,2026-05-24 14:30:43+02
NBF:Station:54869634,Knielingen/Rheinbergstraße,3,2026-05-24 14:30:43+02
NBF:Station:462181,Daxlanden - Stadtwerke,1,2026-05-24 14:30:43+02
NBF:Station:285510,Adenauerring / Fasanengarten,1,2026-05-24 14:30:43+02
NBF:Station:9016659,Mühlburg Bahnhof,2,2026-05-24 14:30:43+02
NBF:Station:52997350,Schloss Rüppurr,2,2026-05-24 13:54:43+02
NBF:Station:37983402,Tennesseeallee - CAMPUSbike KIT,1,2026-05-24 13:54:43+02
NBF:Station:280263,Fächerbad,2,2026-05-24 13:54:43+02
NBF:Station:55113155,Reinmuthstraße./ Sudetenstraße,2,2026-05-24 13:54:43+02
NBF:Station:289946,Durlach Schlossplatz,2,2026-05-24 13:54:43+02
NBF:Station:78972260,Servicescope,3,2026-05-24 13:54:43+02
NBF:Station:280259,Werderplatz,3,2026-05-24 13:54:43+02
NBF:Station:54869634,Knielingen/Rheinbergstraße,3,2026-05-24 13:54:43+02
NBF:Station:78970799,Durlach - Alte Karlsruher Straße,1,2026-05-24 13:54:43+02
NBF:Station:289944,Rommelstr. / Auerstr.,1,2026-05-24 13:54:43+02
NBF:Station:9016659,Mühlburg Bahnhof,2,2026-05-24 13:54:43+02
NBF:Station:462181,Daxlanden - Stadtwerke,1,2026-05-24 13:54:43+02
NBF:Station:280261,Knielingen / Herweghstraße,2,2026-05-24 13:54:43+02
NBF:Station:6352822,Carl-Metz-Straße,1,2026-05-24 13:54:43+02
NBF:Station:264394,Hauptbahnhof / Touristinformation,55,2026-05-24 13:54:43+02
NBF:Station:6352777,Zeppelinstraße / Benzstraße,1,2026-05-24 13:54:43+02
NBF:Station:289942,Durlach - Bahnhof ,3,2026-05-24 13:54:43+02
NBF:Station:280249,Prinz-Max-Palais,0,2026-05-24 13:54:43+02
NBF:Station:462165,Rüppurr – Tulpenstraße,6,2026-05-24 13:54:43+02
NBF:Station:300645,HaDiKo,3,2026-05-24 13:54:43+02
NBF:Station:1390,Karlstraße / Waldstraße,1,2026-05-24 13:54:43+02
NBF:Station:462159,Oberreut - Zentrum,7,2026-05-24 13:54:43+02
NBF:Station:462174,Bulach - Grünwinkler Straße,3,2026-05-24 13:54:43+02
NBF:Station:280255,Kreativpark/Alter Schlachthof,1,2026-05-24 13:54:43+02
NBF:Station:280249,Prinz-Max-Palais,1,2026-05-24 13:18:34+02
NBF:Station:462165,Rüppurr – Tulpenstraße,3,2026-05-24 13:18:34+02
NBF:Station:367726,KIT Ost,1,2026-05-24 13:18:34+02
NBF:Station:300645,HaDiKo,3,2026-05-24 13:18:34+02
NBF:Station:462159,Oberreut - Zentrum,7,2026-05-24 13:18:34+02
NBF:Station:1390,Karlstraße / Waldstraße,1,2026-05-24 13:18:34+02
NBF:Station:280255,Kreativpark/Alter Schlachthof,1,2026-05-24 13:18:34+02
NBF:Station:462174,Bulach - Grünwinkler Straße,3,2026-05-24 13:18:34+02
NBF:Station:280261,Knielingen / Herweghstraße,2,2026-05-24 13:18:34+02
NBF:Station:264394,Hauptbahnhof / Touristinformation,57,2026-05-24 13:18:34+02
NBF:Station:6352777,Zeppelinstraße / Benzstraße,1,2026-05-24 13:18:34+02
NBF:Station:289942,Durlach - Bahnhof ,3,2026-05-24 13:18:34+02
NBF:Station:54869634,Knielingen/Rheinbergstraße,3,2026-05-24 13:18:34+02
NBF:Station:289944,Rommelstr. / Auerstr.,1,2026-05-24 13:18:34+02
NBF:Station:9016659,Mühlburg Bahnhof,2,2026-05-24 13:18:34+02
NBF:Station:462181,Daxlanden - Stadtwerke,1,2026-05-24 13:18:34+02
NBF:Station:280322,KIT Süd,1,2026-05-24 13:18:34+02
NBF:Station:52997350,Schloss Rüppurr,2,2026-05-24 13:18:34+02
NBF:Station:53001693,Knielinger Allee/Franz-Lust-Straße,2,2026-05-24 13:18:34+02
NBF:Station:280263,Fächerbad,1,2026-05-24 13:18:34+02
NBF:Station:55113155,Reinmuthstraße./ Sudetenstraße,1,2026-05-24 13:18:34+02
NBF:Station:78971162,Sophienstraße,1,2026-05-24 13:18:34+02
NBF:Station:78972260,Servicescope,3,2026-05-24 13:18:34+02
NBF:Station:289946,Durlach Schlossplatz,2,2026-05-24 13:18:34+02
NBF:Station:78970799,Durlach - Alte Karlsruher Straße,1,2026-05-24 13:18:34+02
NBF:Station:78971440,Gerwigstraße,1,2026-05-24 13:18:34+02
NBF:Station:280259,Werderplatz,3,2026-05-24 13:18:34+02
NBF:Station:280261,Knielingen / Herweghstraße,2,2026-05-24 12:43:35+02
NBF:Station:289942,Durlach - Bahnhof ,4,2026-05-24 12:43:35+02
NBF:Station:264394,Hauptbahnhof / Touristinformation,49,2026-05-24 12:43:35+02
NBF:Station:6352777,Zeppelinstraße / Benzstraße,1,2026-05-24 12:43:35+02
NBF:Station:462165,Rüppurr – Tulpenstraße,4,2026-05-24 12:43:35+02
NBF:Station:1390,Karlstraße / Waldstraße,1,2026-05-24 12:43:35+02
NBF:Station:462159,Oberreut - Zentrum,7,2026-05-24 12:43:35+02
NBF:Station:300645,HaDiKo,3,2026-05-24 12:43:35+02
NBF:Station:462174,Bulach - Grünwinkler Straße,3,2026-05-24 12:43:35+02
NBF:Station:280255,Kreativpark/Alter Schlachthof,1,2026-05-24 12:43:35+02
NBF:Station:280253,Karl-Wilhelm-Platz,1,2026-05-24 12:43:35+02
NBF:Station:52997350,Schloss Rüppurr,1,2026-05-24 12:43:35+02
NBF:Station:280322,KIT Süd,1,2026-05-24 12:43:35+02
NBF:Station:280263,Fächerbad,2,2026-05-24 12:43:35+02
NBF:Station:53001693,Knielinger Allee/Franz-Lust-Straße,3,2026-05-24 12:43:35+02
NBF:Station:289946,Durlach Schlossplatz,2,2026-05-24 12:43:35+02
NBF:Station:78972260,Servicescope,3,2026-05-24 12:43:35+02
NBF:Station:78971162,Sophienstraße,1,2026-05-24 12:43:35+02
NBF:Station:55113155,Reinmuthstraße./ Sudetenstraße,1,2026-05-24 12:43:35+02
NBF:Station:280259,Werderplatz,3,2026-05-24 12:43:35+02
NBF:Station:78970799,Durlach - Alte Karlsruher Straße,1,2026-05-24 12:43:35+02
NBF:Station:78971440,Gerwigstraße,2,2026-05-24 12:43:35+02
NBF:Station:52355370,Parkplatz Kühler Krug,0,2026-05-24 12:43:35+02
NBF:Station:54869634,Knielingen/Rheinbergstraße,3,2026-05-24 12:43:35+02
NBF:Station:289944,Rommelstr. / Auerstr.,1,2026-05-24 12:43:35+02
NBF:Station:9016659,Mühlburg Bahnhof,2,2026-05-24 12:43:35+02
NBF:Station:462181,Daxlanden - Stadtwerke,1,2026-05-24 12:43:35+02
NBF:Station:54869634,Knielingen/Rheinbergstraße,3,2026-05-24 12:10:49+02
NBF:Station:289944,Rommelstr. / Auerstr.,1,2026-05-24 12:10:49+02
NBF:Station:9016659,Mühlburg Bahnhof,1,2026-05-24 12:10:49+02
NBF:Station:462181,Daxlanden - Stadtwerke,1,2026-05-24 12:10:49+02
NBF:Station:52997350,Schloss Rüppurr,1,2026-05-24 12:10:49+02
NBF:Station:280322,KIT Süd,1,2026-05-24 12:10:49+02
NBF:Station:280263,Fächerbad,2,2026-05-24 12:10:49+02
NBF:Station:53001693,Knielinger Allee/Franz-Lust-Straße,4,2026-05-24 12:10:49+02
NBF:Station:78971162,Sophienstraße,1,2026-05-24 12:10:49+02
NBF:Station:289946,Durlach Schlossplatz,2,2026-05-24 12:10:49+02
NBF:Station:78972260,Servicescope,3,2026-05-24 12:10:49+02
NBF:Station:280259,Werderplatz,2,2026-05-24 12:10:49+02
NBF:Station:78971440,Gerwigstraße,1,2026-05-24 12:10:49+02
NBF:Station:462165,Rüppurr – Tulpenstraße,4,2026-05-24 12:10:49+02
NBF:Station:300645,HaDiKo,2,2026-05-24 12:10:49+02
NBF:Station:1390,Karlstraße / Waldstraße,1,2026-05-24 12:10:49+02
NBF:Station:462159,Oberreut - Zentrum,6,2026-05-24 12:10:49+02
NBF:Station:280253,Karl-Wilhelm-Platz,2,2026-05-24 12:10:49+02
NBF:Station:462174,Bulach - Grünwinkler Straße,3,2026-05-24 12:10:49+02
NBF:Station:280261,Knielingen / Herweghstraße,2,2026-05-24 12:10:49+02
NBF:Station:264394,Hauptbahnhof / Touristinformation,49,2026-05-24 12:10:49+02
NBF:Station:6352777,Zeppelinstraße / Benzstraße,1,2026-05-24 12:10:49+02
NBF:Station:289942,Durlach - Bahnhof ,2,2026-05-24 12:10:49+02
NBF:Station:280263,Fächerbad,2,2026-05-24 11:37:12+02
NBF:Station:54869634,Knielingen/Rheinbergstraße,3,2026-05-24 11:37:12+02
NBF:Station:289944,Rommelstr. / Auerstr.,1,2026-05-24 11:37:12+02
NBF:Station:9016659,Mühlburg Bahnhof,1,2026-05-24 11:37:12+02
NBF:Station:462181,Daxlanden - Stadtwerke,1,2026-05-24 11:37:12+02
NBF:Station:52997350,Schloss Rüppurr,1,2026-05-24 11:37:12+02
NBF:Station:53001693,Knielinger Allee/Franz-Lust-Straße,4,2026-05-24 11:37:12+02
NBF:Station:78971162,Sophienstraße,1,2026-05-24 11:37:12+02
NBF:Station:78972260,Servicescope,3,2026-05-24 11:37:12+02
NBF:Station:289946,Durlach Schlossplatz,2,2026-05-24 11:37:12+02
NBF:Station:78971440,Gerwigstraße,1,2026-05-24 11:37:12+02
NBF:Station:280259,Werderplatz,2,2026-05-24 11:37:12+02
NBF:Station:462165,Rüppurr – Tulpenstraße,2,2026-05-24 11:37:12+02
NBF:Station:300645,HaDiKo,2,2026-05-24 11:37:12+02
NBF:Station:462159,Oberreut - Zentrum,4,2026-05-24 11:37:12+02
NBF:Station:1390,Karlstraße / Waldstraße,1,2026-05-24 11:37:12+02
NBF:Station:280255,Kreativpark/Alter Schlachthof,1,2026-05-24 11:37:12+02
NBF:Station:462174,Bulach - Grünwinkler Straße,3,2026-05-24 11:37:12+02
NBF:Station:280261,Knielingen / Herweghstraße,2,2026-05-24 11:37:12+02
NBF:Station:264394,Hauptbahnhof / Touristinformation,52,2026-05-24 11:37:12+02
NBF:Station:6352777,Zeppelinstraße / Benzstraße,1,2026-05-24 11:37:12+02
NBF:Station:289942,Durlach - Bahnhof ,3,2026-05-24 11:37:12+02
NBF:Station:1390,Karlstraße / Waldstraße,0,2026-05-24 11:02:47+02
NBF:Station:462165,Rüppurr – Tulpenstraße,2,2026-05-24 11:02:47+02
NBF:Station:462159,Oberreut - Zentrum,5,2026-05-24 11:02:47+02
NBF:Station:300645,HaDiKo,6,2026-05-24 11:02:47+02
NBF:Station:462174,Bulach - Grünwinkler Straße,2,2026-05-24 11:02:47+02
NBF:Station:280255,Kreativpark/Alter Schlachthof,1,2026-05-24 11:02:47+02
NBF:Station:280261,Knielingen / Herweghstraße,2,2026-05-24 11:02:47+02
NBF:Station:264394,Hauptbahnhof / Touristinformation,32,2026-05-24 11:02:47+02
NBF:Station:289942,Durlach - Bahnhof ,3,2026-05-24 11:02:47+02
NBF:Station:54869634,Knielingen/Rheinbergstraße,3,2026-05-24 11:02:47+02
NBF:Station:289944,Rommelstr. / Auerstr.,1,2026-05-24 11:02:47+02
NBF:Station:9016659,Mühlburg Bahnhof,1,2026-05-24 11:02:47+02
NBF:Station:462181,Daxlanden - Stadtwerke,1,2026-05-24 11:02:47+02
NBF:Station:52997350,Schloss Rüppurr,1,2026-05-24 11:02:47+02
NBF:Station:280263,Fächerbad,1,2026-05-24 11:02:47+02
NBF:Station:53001693,Knielinger Allee/Franz-Lust-Straße,4,2026-05-24 11:02:47+02
NBF:Station:289946,Durlach Schlossplatz,3,2026-05-24 11:02:47+02
NBF:Station:78972260,Servicescope,3,2026-05-24 11:02:47+02
NBF:Station:78971162,Sophienstraße,1,2026-05-24 11:02:47+02
NBF:Station:280259,Werderplatz,2,2026-05-24 11:02:47+02
NBF:Station:78971440,Gerwigstraße,1,2026-05-24 11:02:47+02
NBF:Station:53001693,Knielinger Allee/Franz-Lust-Straße,7,2026-05-24 10:27:34+02
NBF:Station:280263,Fächerbad,1,2026-05-24 10:27:34+02
NBF:Station:52997350,Schloss Rüppurr,1,2026-05-24 10:27:34+02
NBF:Station:78971440,Gerwigstraße,1,2026-05-24 10:27:34+02
NBF:Station:280259,Werderplatz,2,2026-05-24 10:27:34+02
NBF:Station:78971162,Sophienstraße,1,2026-05-24 10:27:34+02
NBF:Station:78972260,Servicescope,3,2026-05-24 10:27:34+02
NBF:Station:289946,Durlach Schlossplatz,3,2026-05-24 10:27:34+02
NBF:Station:289944,Rommelstr. / Auerstr.,1,2026-05-24 10:27:34+02
NBF:Station:54869634,Knielingen/Rheinbergstraße,3,2026-05-24 10:27:34+02
NBF:Station:9016659,Mühlburg Bahnhof,1,2026-05-24 10:27:34+02
NBF:Station:280261,Knielingen / Herweghstraße,2,2026-05-24 10:27:34+02
NBF:Station:289942,Durlach - Bahnhof ,3,2026-05-24 10:27:34+02
NBF:Station:264394,Hauptbahnhof / Touristinformation,31,2026-05-24 10:27:34+02
NBF:Station:462165,Rüppurr – Tulpenstraße,2,2026-05-24 10:27:34+02
NBF:Station:280253,Karl-Wilhelm-Platz,0,2026-05-24 10:27:34+02
NBF:Station:280255,Kreativpark/Alter Schlachthof,1,2026-05-24 10:27:34+02
NBF:Station:462174,Bulach - Grünwinkler Straße,2,2026-05-24 10:27:34+02
NBF:Station:300645,HaDiKo,8,2026-05-24 10:27:34+02
NBF:Station:462159,Oberreut - Zentrum,7,2026-05-24 10:27:34+02
NBF:Station:1390,Karlstraße / Waldstraße,0,2026-05-24 10:27:34+02
NBF:Station:52997350,Schloss Rüppurr,1,2026-05-24 09:46:46+02
NBF:Station:280263,Fächerbad,1,2026-05-24 09:46:46+02
NBF:Station:53001693,Knielinger Allee/Franz-Lust-Straße,7,2026-05-24 09:46:46+02
NBF:Station:78971162,Sophienstraße,1,2026-05-24 09:46:46+02
NBF:Station:289946,Durlach Schlossplatz,3,2026-05-24 09:46:46+02
NBF:Station:78972260,Servicescope,3,2026-05-24 09:46:46+02
NBF:Station:280259,Werderplatz,2,2026-05-24 09:46:46+02
NBF:Station:78971440,Gerwigstraße,1,2026-05-24 09:46:46+02
NBF:Station:54869634,Knielingen/Rheinbergstraße,3,2026-05-24 09:46:46+02
NBF:Station:289944,Rommelstr. / Auerstr.,1,2026-05-24 09:46:46+02
NBF:Station:9016659,Mühlburg Bahnhof,1,2026-05-24 09:46:46+02
NBF:Station:280261,Knielingen / Herweghstraße,2,2026-05-24 09:46:46+02
NBF:Station:264394,Hauptbahnhof / Touristinformation,21,2026-05-24 09:46:46+02
NBF:Station:289942,Durlach - Bahnhof ,2,2026-05-24 09:46:46+02
NBF:Station:462165,Rüppurr – Tulpenstraße,4,2026-05-24 09:46:46+02
NBF:Station:280258,Karlstor,1,2026-05-24 09:46:46+02
NBF:Station:300645,HaDiKo,11,2026-05-24 09:46:46+02
NBF:Station:1390,Karlstraße / Waldstraße,1,2026-05-24 09:46:46+02
NBF:Station:462159,Oberreut - Zentrum,7,2026-05-24 09:46:46+02
NBF:Station:280253,Karl-Wilhelm-Platz,1,2026-05-24 09:46:46+02
NBF:Station:462174,Bulach - Grünwinkler Straße,4,2026-05-24 09:46:46+02
NBF:Station:280255,Kreativpark/Alter Schlachthof,1,2026-05-24 09:46:46+02
NBF:Station:300645,HaDiKo,13,2026-05-24 09:15:12+02
NBF:Station:280261,Knielingen / Herweghstraße,2,2026-05-24 09:15:12+02
NBF:Station:289942,Durlach - Bahnhof ,1,2026-05-24 09:15:12+02
NBF:Station:264394,Hauptbahnhof / Touristinformation,17,2026-05-24 09:15:12+02
NBF:Station:462165,Rüppurr – Tulpenstraße,4,2026-05-24 09:15:12+02
NBF:Station:280253,Karl-Wilhelm-Platz,1,2026-05-24 09:15:12+02
NBF:Station:462174,Bulach - Grünwinkler Straße,4,2026-05-24 09:15:12+02
NBF:Station:280255,Kreativpark/Alter Schlachthof,1,2026-05-24 09:15:12+02
NBF:Station:1390,Karlstraße / Waldstraße,1,2026-05-24 09:15:12+02
NBF:Station:462159,Oberreut - Zentrum,7,2026-05-24 09:15:12+02
NBF:Station:280263,Fächerbad,1,2026-05-24 09:15:12+02
NBF:Station:53001693,Knielinger Allee/Franz-Lust-Straße,6,2026-05-24 09:15:12+02
NBF:Station:52997350,Schloss Rüppurr,1,2026-05-24 09:15:12+02
NBF:Station:280259,Werderplatz,2,2026-05-24 09:15:12+02
NBF:Station:78971440,Gerwigstraße,1,2026-05-24 09:15:12+02
NBF:Station:78971162,Sophienstraße,1,2026-05-24 09:15:12+02
NBF:Station:289946,Durlach Schlossplatz,4,2026-05-24 09:15:12+02
NBF:Station:78972260,Servicescope,3,2026-05-24 09:15:12+02
NBF:Station:289944,Rommelstr. / Auerstr.,1,2026-05-24 09:15:12+02
NBF:Station:54869634,Knielingen/Rheinbergstraße,3,2026-05-24 09:15:12+02
NBF:Station:9016659,Mühlburg Bahnhof,1,2026-05-24 09:15:12+02
NBF:Station:9016659,Mühlburg Bahnhof,1,2026-05-24 08:41:57+02
NBF:Station:289944,Rommelstr. / Auerstr.,1,2026-05-24 08:41:57+02
NBF:Station:54869634,Knielingen/Rheinbergstraße,2,2026-05-24 08:41:57+02
NBF:Station:78971440,Gerwigstraße,1,2026-05-24 08:41:57+02
NBF:Station:280259,Werderplatz,2,2026-05-24 08:41:57+02
NBF:Station:78972260,Servicescope,3,2026-05-24 08:41:57+02
NBF:Station:289946,Durlach Schlossplatz,4,2026-05-24 08:41:57+02
NBF:Station:78971162,Sophienstraße,1,2026-05-24 08:41:57+02
NBF:Station:53001693,Knielinger Allee/Franz-Lust-Straße,6,2026-05-24 08:41:57+02
NBF:Station:280263,Fächerbad,1,2026-05-24 08:41:57+02
NBF:Station:37983402,Tennesseeallee - CAMPUSbike KIT,1,2026-05-24 08:41:57+02
NBF:Station:52997350,Schloss Rüppurr,1,2026-05-24 08:41:57+02
NBF:Station:280255,Kreativpark/Alter Schlachthof,2,2026-05-24 08:41:57+02
NBF:Station:462174,Bulach - Grünwinkler Straße,4,2026-05-24 08:41:57+02
NBF:Station:280253,Karl-Wilhelm-Platz,1,2026-05-24 08:41:57+02
NBF:Station:462159,Oberreut - Zentrum,7,2026-05-24 08:41:57+02
NBF:Station:1390,Karlstraße / Waldstraße,1,2026-05-24 08:41:57+02
NBF:Station:300645,HaDiKo,16,2026-05-24 08:41:57+02
NBF:Station:462165,Rüppurr – Tulpenstraße,5,2026-05-24 08:41:57+02
NBF:Station:289942,Durlach - Bahnhof ,1,2026-05-24 08:41:57+02
NBF:Station:264394,Hauptbahnhof / Touristinformation,16,2026-05-24 08:41:57+02
NBF:Station:280261,Knielingen / Herweghstraße,1,2026-05-24 08:41:57+02
NBF:Station:367726,KIT Ost,1,2026-05-24 08:11:31+02
NBF:Station:462165,Rüppurr – Tulpenstraße,5,2026-05-24 08:11:31+02
NBF:Station:1390,Karlstraße / Waldstraße,1,2026-05-24 08:11:31+02
NBF:Station:462159,Oberreut - Zentrum,7,2026-05-24 08:11:31+02
NBF:Station:300645,HaDiKo,15,2026-05-24 08:11:31+02
NBF:Station:462174,Bulach - Grünwinkler Straße,4,2026-05-24 08:11:31+02
NBF:Station:280255,Kreativpark/Alter Schlachthof,2,2026-05-24 08:11:31+02
NBF:Station:280253,Karl-Wilhelm-Platz,1,2026-05-24 08:11:31+02
NBF:Station:280261,Knielingen / Herweghstraße,1,2026-05-24 08:11:31+02
NBF:Station:264394,Hauptbahnhof / Touristinformation,17,2026-05-24 08:11:31+02
NBF:Station:54869634,Knielingen/Rheinbergstraße,2,2026-05-24 08:11:31+02
NBF:Station:289944,Rommelstr. / Auerstr.,1,2026-05-24 08:11:31+02
NBF:Station:9016659,Mühlburg Bahnhof,1,2026-05-24 08:11:31+02
NBF:Station:52997350,Schloss Rüppurr,1,2026-05-24 08:11:31+02
NBF:Station:280263,Fächerbad,1,2026-05-24 08:11:31+02
NBF:Station:53001693,Knielinger Allee/Franz-Lust-Straße,6,2026-05-24 08:11:31+02
NBF:Station:37983402,Tennesseeallee - CAMPUSbike KIT,0,2026-05-24 08:11:31+02
NBF:Station:289946,Durlach Schlossplatz,4,2026-05-24 08:11:31+02
NBF:Station:78972260,Servicescope,3,2026-05-24 08:11:31+02
NBF:Station:78971162,Sophienstraße,1,2026-05-24 08:11:31+02
NBF:Station:280259,Werderplatz,2,2026-05-24 08:11:31+02
NBF:Station:78971440,Gerwigstraße,2,2026-05-24 08:11:31+02
NBF:Station:280259,Werderplatz,2,2026-05-24 07:38:59+02
NBF:Station:300645,HaDiKo,16,2026-05-24 07:38:59+02
NBF:Station:462159,Oberreut - Zentrum,7,2026-05-24 07:38:59+02
NBF:Station:1390,Karlstraße / Waldstraße,1,2026-05-24 07:38:59+02
NBF:Station:280253,Karl-Wilhelm-Platz,1,2026-05-24 07:38:59+02
NBF:Station:280255,Kreativpark/Alter Schlachthof,2,2026-05-24 07:38:59+02
NBF:Station:462174,Bulach - Grünwinkler Straße,4,2026-05-24 07:38:59+02
NBF:Station:462165,Rüppurr – Tulpenstraße,5,2026-05-24 07:38:59+02
NBF:Station:367726,KIT Ost,1,2026-05-24 07:38:59+02
NBF:Station:264394,Hauptbahnhof / Touristinformation,13,2026-05-24 07:38:59+02
NBF:Station:280261,Knielingen / Herweghstraße,1,2026-05-24 07:38:59+02
NBF:Station:9016659,Mühlburg Bahnhof,1,2026-05-24 07:38:59+02
NBF:Station:54869634,Knielingen/Rheinbergstraße,2,2026-05-24 07:38:59+02
NBF:Station:289944,Rommelstr. / Auerstr.,2,2026-05-24 07:38:59+02
NBF:Station:78971162,Sophienstraße,1,2026-05-24 07:38:59+02
NBF:Station:78972260,Servicescope,3,2026-05-24 07:38:59+02
NBF:Station:289946,Durlach Schlossplatz,4,2026-05-24 07:38:59+02
NBF:Station:78971440,Gerwigstraße,2,2026-05-24 07:38:59+02
NBF:Station:52997350,Schloss Rüppurr,1,2026-05-24 07:38:59+02
NBF:Station:53001693,Knielinger Allee/Franz-Lust-Straße,7,2026-05-24 07:38:59+02
NBF:Station:280263,Fächerbad,1,2026-05-24 07:38:59+02
NBF:Station:37983402,Tennesseeallee - CAMPUSbike KIT,4,2026-05-24 07:38:59+02
NBF:Station:462165,Rüppurr – Tulpenstraße,5,2026-05-24 07:07:53+02
NBF:Station:367726,KIT Ost,2,2026-05-24 07:07:53+02
NBF:Station:300645,HaDiKo,19,2026-05-24 07:07:53+02
NBF:Station:1390,Karlstraße / Waldstraße,1,2026-05-24 07:07:53+02
NBF:Station:462159,Oberreut - Zentrum,7,2026-05-24 07:07:53+02
NBF:Station:462174,Bulach - Grünwinkler Straße,4,2026-05-24 07:07:53+02
NBF:Station:280255,Kreativpark/Alter Schlachthof,2,2026-05-24 07:07:53+02
NBF:Station:280261,Knielingen / Herweghstraße,1,2026-05-24 07:07:53+02
NBF:Station:264394,Hauptbahnhof / Touristinformation,12,2026-05-24 07:07:53+02
NBF:Station:54869634,Knielingen/Rheinbergstraße,2,2026-05-24 07:07:53+02
NBF:Station:289944,Rommelstr. / Auerstr.,2,2026-05-24 07:07:53+02
NBF:Station:9016659,Mühlburg Bahnhof,1,2026-05-24 07:07:53+02
NBF:Station:52997350,Schloss Rüppurr,1,2026-05-24 07:07:53+02
NBF:Station:280263,Fächerbad,1,2026-05-24 07:07:53+02
NBF:Station:53001693,Knielinger Allee/Franz-Lust-Straße,7,2026-05-24 07:07:53+02
NBF:Station:37983402,Tennesseeallee - CAMPUSbike KIT,4,2026-05-24 07:07:53+02
NBF:Station:78971162,Sophienstraße,1,2026-05-24 07:07:53+02
NBF:Station:289946,Durlach Schlossplatz,4,2026-05-24 07:07:53+02
NBF:Station:78972260,Servicescope,3,2026-05-24 07:07:53+02
NBF:Station:280259,Werderplatz,2,2026-05-24 07:07:53+02
NBF:Station:78971440,Gerwigstraße,3,2026-05-24 07:07:53+02
NBF:Station:280261,Knielingen / Herweghstraße,2,2026-05-24 06:34:50+02
NBF:Station:264394,Hauptbahnhof / Touristinformation,4,2026-05-24 06:34:50+02
NBF:Station:367726,KIT Ost,2,2026-05-24 06:34:50+02
NBF:Station:462165,Rüppurr – Tulpenstraße,5,2026-05-24 06:34:50+02
NBF:Station:462174,Bulach - Grünwinkler Straße,4,2026-05-24 06:34:50+02
NBF:Station:280255,Kreativpark/Alter Schlachthof,2,2026-05-24 06:34:50+02
NBF:Station:1390,Karlstraße / Waldstraße,1,2026-05-24 06:34:50+02
NBF:Station:462159,Oberreut - Zentrum,7,2026-05-24 06:34:50+02
NBF:Station:300645,HaDiKo,19,2026-05-24 06:34:50+02
NBF:Station:280263,Fächerbad,1,2026-05-24 06:34:50+02
NBF:Station:53001693,Knielinger Allee/Franz-Lust-Straße,7,2026-05-24 06:34:50+02
NBF:Station:37983402,Tennesseeallee - CAMPUSbike KIT,4,2026-05-24 06:34:50+02
NBF:Station:52997350,Schloss Rüppurr,1,2026-05-24 06:34:50+02
NBF:Station:280259,Werderplatz,2,2026-05-24 06:34:50+02
NBF:Station:78971440,Gerwigstraße,3,2026-05-24 06:34:50+02
NBF:Station:289946,Durlach Schlossplatz,4,2026-05-24 06:34:50+02
NBF:Station:78972260,Servicescope,3,2026-05-24 06:34:50+02
NBF:Station:78971162,Sophienstraße,1,2026-05-24 06:34:50+02
NBF:Station:289944,Rommelstr. / Auerstr.,2,2026-05-24 06:34:50+02
NBF:Station:54869634,Knielingen/Rheinbergstraße,2,2026-05-24 06:34:50+02
NBF:Station:9016659,Mühlburg Bahnhof,1,2026-05-24 06:34:50+02
NBF:Station:9016659,Mühlburg Bahnhof,1,2026-05-24 05:59:51+02
NBF:Station:54869634,Knielingen/Rheinbergstraße,2,2026-05-24 05:59:51+02
NBF:Station:289944,Rommelstr. / Auerstr.,2,2026-05-24 05:59:51+02
NBF:Station:289946,Durlach Schlossplatz,4,2026-05-24 05:59:51+02
NBF:Station:78972260,Servicescope,3,2026-05-24 05:59:51+02
NBF:Station:78971162,Sophienstraße,1,2026-05-24 05:59:51+02
NBF:Station:280259,Werderplatz,2,2026-05-24 05:59:51+02
NBF:Station:78971440,Gerwigstraße,3,2026-05-24 05:59:51+02
NBF:Station:52997350,Schloss Rüppurr,1,2026-05-24 05:59:51+02
NBF:Station:37983402,Tennesseeallee - CAMPUSbike KIT,4,2026-05-24 05:59:51+02
NBF:Station:280263,Fächerbad,1,2026-05-24 05:59:51+02
NBF:Station:53001693,Knielinger Allee/Franz-Lust-Straße,7,2026-05-24 05:59:51+02
NBF:Station:1390,Karlstraße / Waldstraße,1,2026-05-24 05:59:51+02
NBF:Station:462159,Oberreut - Zentrum,7,2026-05-24 05:59:51+02
NBF:Station:300645,HaDiKo,24,2026-05-24 05:59:51+02
NBF:Station:462174,Bulach - Grünwinkler Straße,4,2026-05-24 05:59:51+02
NBF:Station:280255,Kreativpark/Alter Schlachthof,1,2026-05-24 05:59:51+02
NBF:Station:367726,KIT Ost,2,2026-05-24 05:59:51+02
NBF:Station:462165,Rüppurr – Tulpenstraße,5,2026-05-24 05:59:51+02
NBF:Station:462176,Grünwinkel - Carl-Metz-Straße,1,2026-05-24 05:59:51+02
NBF:Station:264394,Hauptbahnhof / Touristinformation,5,2026-05-24 05:59:51+02
NBF:Station:280261,Knielingen / Herweghstraße,2,2026-05-24 05:59:51+02
NBF:Station:280260,Nordweststadt - Kurt-Schumacher-Straße,1,2026-05-24 05:24:15+02
NBF:Station:280261,Knielingen / Herweghstraße,2,2026-05-24 05:24:15+02
NBF:Station:264394,Hauptbahnhof / Touristinformation,3,2026-05-24 05:24:15+02
NBF:Station:462176,Grünwinkel - Carl-Metz-Straße,1,2026-05-24 05:24:15+02
NBF:Station:462165,Rüppurr – Tulpenstraße,5,2026-05-24 05:24:15+02
NBF:Station:367726,KIT Ost,1,2026-05-24 05:24:15+02
NBF:Station:280253,Karl-Wilhelm-Platz,1,2026-05-24 05:24:15+02
NBF:Station:280255,Kreativpark/Alter Schlachthof,1,2026-05-24 05:24:15+02
NBF:Station:462174,Bulach - Grünwinkler Straße,4,2026-05-24 05:24:15+02
NBF:Station:300645,HaDiKo,25,2026-05-24 05:24:15+02
NBF:Station:280263,Fächerbad,1,2026-05-24 05:24:15+02
NBF:Station:462159,Oberreut - Zentrum,7,2026-05-24 05:24:15+02
NBF:Station:1390,Karlstraße / Waldstraße,0,2026-05-24 05:24:15+02
NBF:Station:37983402,Tennesseeallee - CAMPUSbike KIT,4,2026-05-24 05:24:15+02
NBF:Station:53001693,Knielinger Allee/Franz-Lust-Straße,7,2026-05-24 05:24:15+02
NBF:Station:52997350,Schloss Rüppurr,1,2026-05-24 05:24:15+02
NBF:Station:78971440,Gerwigstraße,4,2026-05-24 05:24:15+02
NBF:Station:280259,Werderplatz,2,2026-05-24 05:24:15+02
NBF:Station:78971162,Sophienstraße,1,2026-05-24 05:24:15+02
NBF:Station:78972260,Servicescope,3,2026-05-24 05:24:15+02
NBF:Station:289946,Durlach Schlossplatz,4,2026-05-24 05:24:15+02
NBF:Station:289944,Rommelstr. / Auerstr.,2,2026-05-24 05:24:15+02
NBF:Station:54869634,Knielingen/Rheinbergstraße,2,2026-05-24 05:24:15+02
NBF:Station:9016659,Mühlburg Bahnhof,1,2026-05-24 05:24:15+02
NBF:Station:367726,KIT Ost,1,2026-05-24 04:49:21+02
NBF:Station:462165,Rüppurr – Tulpenstraße,5,2026-05-24 04:49:21+02
NBF:Station:1390,Karlstraße / Waldstraße,1,2026-05-24 04:49:21+02
NBF:Station:462159,Oberreut - Zentrum,7,2026-05-24 04:49:21+02
NBF:Station:300645,HaDiKo,24,2026-05-24 04:49:21+02
NBF:Station:462174,Bulach - Grünwinkler Straße,4,2026-05-24 04:49:21+02
NBF:Station:280253,Karl-Wilhelm-Platz,1,2026-05-24 04:49:21+02
NBF:Station:280261,Knielingen / Herweghstraße,1,2026-05-24 04:49:21+02
NBF:Station:280260,Nordweststadt - Kurt-Schumacher-Straße,1,2026-05-24 04:49:21+02
NBF:Station:462176,Grünwinkel - Carl-Metz-Straße,1,2026-05-24 04:49:21+02
NBF:Station:264394,Hauptbahnhof / Touristinformation,3,2026-05-24 04:49:21+02
NBF:Station:54869634,Knielingen/Rheinbergstraße,2,2026-05-24 04:49:21+02
NBF:Station:289944,Rommelstr. / Auerstr.,2,2026-05-24 04:49:21+02
NBF:Station:9016659,Mühlburg Bahnhof,1,2026-05-24 04:49:21+02
NBF:Station:52997350,Schloss Rüppurr,1,2026-05-24 04:49:21+02
NBF:Station:37983402,Tennesseeallee - CAMPUSbike KIT,2,2026-05-24 04:49:21+02
NBF:Station:280263,Fächerbad,1,2026-05-24 04:49:21+02
NBF:Station:53001693,Knielinger Allee/Franz-Lust-Straße,9,2026-05-24 04:49:21+02
NBF:Station:289946,Durlach Schlossplatz,4,2026-05-24 04:49:21+02
NBF:Station:78972260,Servicescope,3,2026-05-24 04:49:21+02
NBF:Station:78971162,Sophienstraße,1,2026-05-24 04:49:21+02
NBF:Station:280259,Werderplatz,2,2026-05-24 04:49:21+02
NBF:Station:78971440,Gerwigstraße,4,2026-05-24 04:49:21+02
NBF:Station:462174,Bulach - Grünwinkler Straße,4,2026-05-24 04:12:17+02
NBF:Station:300645,HaDiKo,24,2026-05-24 04:12:17+02
NBF:Station:462165,Rüppurr – Tulpenstraße,5,2026-05-24 04:12:17+02
NBF:Station:367726,KIT Ost,1,2026-05-24 04:12:17+02
NBF:Station:280253,Karl-Wilhelm-Platz,1,2026-05-24 04:12:17+02
NBF:Station:1390,Karlstraße / Waldstraße,1,2026-05-24 04:12:17+02
NBF:Station:462159,Oberreut - Zentrum,7,2026-05-24 04:12:17+02
NBF:Station:280260,Nordweststadt - Kurt-Schumacher-Straße,1,2026-05-24 04:12:17+02
NBF:Station:280261,Knielingen / Herweghstraße,1,2026-05-24 04:12:17+02
NBF:Station:462176,Grünwinkel - Carl-Metz-Straße,1,2026-05-24 04:12:17+02
NBF:Station:289944,Rommelstr. / Auerstr.,2,2026-05-24 04:12:17+02
NBF:Station:54869634,Knielingen/Rheinbergstraße,2,2026-05-24 04:12:17+02
NBF:Station:9016659,Mühlburg Bahnhof,1,2026-05-24 04:12:17+02
NBF:Station:280263,Fächerbad,1,2026-05-24 04:12:17+02
NBF:Station:53001693,Knielinger Allee/Franz-Lust-Straße,8,2026-05-24 04:12:17+02
NBF:Station:37983402,Tennesseeallee - CAMPUSbike KIT,3,2026-05-24 04:12:17+02
NBF:Station:52997350,Schloss Rüppurr,1,2026-05-24 04:12:17+02
NBF:Station:280259,Werderplatz,2,2026-05-24 04:12:17+02
NBF:Station:78971440,Gerwigstraße,4,2026-05-24 04:12:17+02
NBF:Station:78971162,Sophienstraße,1,2026-05-24 04:12:17+02
NBF:Station:289946,Durlach Schlossplatz,4,2026-05-24 04:12:17+02
NBF:Station:78972260,Servicescope,3,2026-05-24 04:12:17+02
NBF:Station:280261,Knielingen / Herweghstraße,1,2026-05-24 03:37:33+02
NBF:Station:300645,HaDiKo,25,2026-05-24 03:37:33+02
NBF:Station:280260,Nordweststadt - Kurt-Schumacher-Straße,1,2026-05-24 03:37:33+02
NBF:Station:462176,Grünwinkel - Carl-Metz-Straße,1,2026-05-24 03:37:33+02
NBF:Station:462165,Rüppurr – Tulpenstraße,5,2026-05-24 03:37:33+02
NBF:Station:367726,KIT Ost,1,2026-05-24 03:37:33+02
NBF:Station:462159,Oberreut - Zentrum,6,2026-05-24 03:37:33+02
NBF:Station:1390,Karlstraße / Waldstraße,1,2026-05-24 03:37:33+02
NBF:Station:280253,Karl-Wilhelm-Platz,1,2026-05-24 03:37:33+02
NBF:Station:462174,Bulach - Grünwinkler Straße,4,2026-05-24 03:37:33+02
NBF:Station:52997350,Schloss Rüppurr,1,2026-05-24 03:37:33+02
NBF:Station:37983402,Tennesseeallee - CAMPUSbike KIT,3,2026-05-24 03:37:33+02
NBF:Station:53001693,Knielinger Allee/Franz-Lust-Straße,10,2026-05-24 03:37:33+02
NBF:Station:280263,Fächerbad,1,2026-05-24 03:37:33+02
NBF:Station:78971162,Sophienstraße,1,2026-05-24 03:37:33+02
NBF:Station:78972260,Servicescope,3,2026-05-24 03:37:33+02
NBF:Station:289946,Durlach Schlossplatz,4,2026-05-24 03:37:33+02
NBF:Station:78971440,Gerwigstraße,4,2026-05-24 03:37:33+02
NBF:Station:280259,Werderplatz,0,2026-05-24 03:37:33+02
NBF:Station:54869634,Knielingen/Rheinbergstraße,2,2026-05-24 03:37:33+02
NBF:Station:289944,Rommelstr. / Auerstr.,2,2026-05-24 03:37:33+02
NBF:Station:9016659,Mühlburg Bahnhof,1,2026-05-24 03:37:33+02
NBF:Station:9016659,Mühlburg Bahnhof,1,2026-05-24 03:04:09+02
NBF:Station:289944,Rommelstr. / Auerstr.,2,2026-05-24 03:04:09+02
NBF:Station:54869634,Knielingen/Rheinbergstraße,2,2026-05-24 03:04:09+02
NBF:Station:78971440,Gerwigstraße,4,2026-05-24 03:04:09+02
NBF:Station:280259,Werderplatz,1,2026-05-24 03:04:09+02
NBF:Station:78972260,Servicescope,3,2026-05-24 03:04:09+02
NBF:Station:289946,Durlach Schlossplatz,4,2026-05-24 03:04:09+02
NBF:Station:78971162,Sophienstraße,1,2026-05-24 03:04:09+02
NBF:Station:53001693,Knielinger Allee/Franz-Lust-Straße,10,2026-05-24 03:04:09+02
NBF:Station:280263,Fächerbad,1,2026-05-24 03:04:09+02
NBF:Station:37983402,Tennesseeallee - CAMPUSbike KIT,3,2026-05-24 03:04:09+02
NBF:Station:52997350,Schloss Rüppurr,1,2026-05-24 03:04:09+02
NBF:Station:462174,Bulach - Grünwinkler Straße,4,2026-05-24 03:04:09+02
NBF:Station:280253,Karl-Wilhelm-Platz,1,2026-05-24 03:04:09+02
NBF:Station:462159,Oberreut - Zentrum,6,2026-05-24 03:04:09+02
NBF:Station:1390,Karlstraße / Waldstraße,1,2026-05-24 03:04:09+02
NBF:Station:300645,HaDiKo,25,2026-05-24 03:04:09+02
NBF:Station:367726,KIT Ost,1,2026-05-24 03:04:09+02
NBF:Station:462165,Rüppurr – Tulpenstraße,5,2026-05-24 03:04:09+02
NBF:Station:462176,Grünwinkel - Carl-Metz-Straße,1,2026-05-24 03:04:09+02
NBF:Station:280260,Nordweststadt - Kurt-Schumacher-Straße,1,2026-05-24 03:04:09+02
NBF:Station:280261,Knielingen / Herweghstraße,1,2026-05-24 03:04:09+02
NBF:Station:289944,Rommelstr. / Auerstr.,2,2026-05-24 02:30:58+02
NBF:Station:54869634,Knielingen/Rheinbergstraße,2,2026-05-24 02:30:58+02
NBF:Station:9016659,Mühlburg Bahnhof,1,2026-05-24 02:30:58+02
NBF:Station:280263,Fächerbad,1,2026-05-24 02:30:58+02
NBF:Station:53001693,Knielinger Allee/Franz-Lust-Straße,10,2026-05-24 02:30:58+02
NBF:Station:37983402,Tennesseeallee - CAMPUSbike KIT,3,2026-05-24 02:30:58+02
NBF:Station:52997350,Schloss Rüppurr,1,2026-05-24 02:30:58+02
NBF:Station:280259,Werderplatz,1,2026-05-24 02:30:58+02
NBF:Station:78971440,Gerwigstraße,4,2026-05-24 02:30:58+02
NBF:Station:289946,Durlach Schlossplatz,4,2026-05-24 02:30:58+02
NBF:Station:78972260,Servicescope,3,2026-05-24 02:30:58+02
NBF:Station:78971162,Sophienstraße,1,2026-05-24 02:30:58+02
NBF:Station:367726,KIT Ost,1,2026-05-24 02:30:58+02
NBF:Station:462165,Rüppurr – Tulpenstraße,5,2026-05-24 02:30:58+02
NBF:Station:462174,Bulach - Grünwinkler Straße,4,2026-05-24 02:30:58+02
NBF:Station:280253,Karl-Wilhelm-Platz,1,2026-05-24 02:30:58+02
NBF:Station:1390,Karlstraße / Waldstraße,1,2026-05-24 02:30:58+02
NBF:Station:462159,Oberreut - Zentrum,6,2026-05-24 02:30:58+02
NBF:Station:300645,HaDiKo,25,2026-05-24 02:30:58+02
NBF:Station:280260,Nordweststadt - Kurt-Schumacher-Straße,1,2026-05-24 02:30:58+02
NBF:Station:280261,Knielingen / Herweghstraße,1,2026-05-24 02:30:58+02
NBF:Station:462176,Grünwinkel - Carl-Metz-Straße,1,2026-05-24 02:30:58+02
NBF:Station:9016659,Mühlburg Bahnhof,1,2026-05-24 01:55:48+02
NBF:Station:52355370,Parkplatz Kühler Krug,1,2026-05-24 01:55:48+02
NBF:Station:54869634,Knielingen/Rheinbergstraße,2,2026-05-24 01:55:48+02
NBF:Station:289944,Rommelstr. / Auerstr.,2,2026-05-24 01:55:48+02
NBF:Station:78972260,Servicescope,3,2026-05-24 01:55:48+02
NBF:Station:289946,Durlach Schlossplatz,4,2026-05-24 01:55:48+02
NBF:Station:78971440,Gerwigstraße,4,2026-05-24 01:55:48+02
NBF:Station:280259,Werderplatz,1,2026-05-24 01:55:48+02
NBF:Station:52997350,Schloss Rüppurr,1,2026-05-24 01:55:48+02
NBF:Station:37983402,Tennesseeallee - CAMPUSbike KIT,3,2026-05-24 01:55:48+02
NBF:Station:53001693,Knielinger Allee/Franz-Lust-Straße,8,2026-05-24 01:55:48+02
NBF:Station:280263,Fächerbad,1,2026-05-24 01:55:48+02
NBF:Station:462159,Oberreut - Zentrum,6,2026-05-24 01:55:48+02
NBF:Station:1390,Karlstraße / Waldstraße,1,2026-05-24 01:55:48+02
NBF:Station:300645,HaDiKo,22,2026-05-24 01:55:48+02
NBF:Station:462174,Bulach - Grünwinkler Straße,4,2026-05-24 01:55:48+02
NBF:Station:280253,Karl-Wilhelm-Platz,0,2026-05-24 01:55:48+02
NBF:Station:367726,KIT Ost,1,2026-05-24 01:55:48+02
NBF:Station:462165,Rüppurr – Tulpenstraße,5,2026-05-24 01:55:48+02
NBF:Station:462176,Grünwinkel - Carl-Metz-Straße,1,2026-05-24 01:55:48+02
NBF:Station:289942,Durlach - Bahnhof ,2,2026-05-24 01:55:48+02
NBF:Station:280261,Knielingen / Herweghstraße,1,2026-05-24 01:55:48+02
NBF:Station:280260,Nordweststadt - Kurt-Schumacher-Straße,1,2026-05-24 01:55:48+02
NBF:Station:1390,Karlstraße / Waldstraße,1,2026-05-24 01:20:51+02
NBF:Station:462159,Oberreut - Zentrum,6,2026-05-24 01:20:51+02
NBF:Station:300645,HaDiKo,21,2026-05-24 01:20:51+02
NBF:Station:462174,Bulach - Grünwinkler Straße,4,2026-05-24 01:20:51+02
NBF:Station:280255,Kreativpark/Alter Schlachthof,0,2026-05-24 01:20:51+02
NBF:Station:280253,Karl-Wilhelm-Platz,2,2026-05-24 01:20:51+02
NBF:Station:462165,Rüppurr – Tulpenstraße,5,2026-05-24 01:20:51+02
NBF:Station:462176,Grünwinkel - Carl-Metz-Straße,1,2026-05-24 01:20:51+02
NBF:Station:289942,Durlach - Bahnhof ,2,2026-05-24 01:20:51+02
NBF:Station:6352777,Zeppelinstraße / Benzstraße,3,2026-05-24 01:20:51+02
NBF:Station:280261,Knielingen / Herweghstraße,1,2026-05-24 01:20:51+02
NBF:Station:9016659,Mühlburg Bahnhof,1,2026-05-24 01:20:51+02
NBF:Station:280260,Nordweststadt - Kurt-Schumacher-Straße,1,2026-05-24 01:20:51+02
NBF:Station:54869634,Knielingen/Rheinbergstraße,2,2026-05-24 01:20:51+02
NBF:Station:52355370,Parkplatz Kühler Krug,1,2026-05-24 01:20:51+02
NBF:Station:289944,Rommelstr. / Auerstr.,2,2026-05-24 01:20:51+02
NBF:Station:78972260,Servicescope,3,2026-05-24 01:20:51+02
NBF:Station:289946,Durlach Schlossplatz,4,2026-05-24 01:20:51+02
NBF:Station:280259,Werderplatz,1,2026-05-24 01:20:51+02
NBF:Station:78970799,Durlach - Alte Karlsruher Straße,0,2026-05-24 01:20:51+02
NBF:Station:78971440,Gerwigstraße,3,2026-05-24 01:20:51+02
NBF:Station:52997350,Schloss Rüppurr,1,2026-05-24 01:20:51+02
NBF:Station:37983402,Tennesseeallee - CAMPUSbike KIT,3,2026-05-24 01:20:51+02
NBF:Station:280263,Fächerbad,1,2026-05-24 01:20:51+02
NBF:Station:53001693,Knielinger Allee/Franz-Lust-Straße,7,2026-05-24 01:20:51+02
NBF:Station:280261,Knielingen / Herweghstraße,1,2026-05-24 00:45:27+02
NBF:Station:280260,Nordweststadt - Kurt-Schumacher-Straße,1,2026-05-24 00:45:27+02
NBF:Station:462176,Grünwinkel - Carl-Metz-Straße,1,2026-05-24 00:45:27+02
NBF:Station:6352777,Zeppelinstraße / Benzstraße,3,2026-05-24 00:45:27+02
NBF:Station:289942,Durlach - Bahnhof ,2,2026-05-24 00:45:27+02
NBF:Station:280249,Prinz-Max-Palais,0,2026-05-24 00:45:27+02
NBF:Station:462165,Rüppurr – Tulpenstraße,5,2026-05-24 00:45:27+02
NBF:Station:462159,Oberreut - Zentrum,6,2026-05-24 00:45:27+02
NBF:Station:300645,HaDiKo,20,2026-05-24 00:45:27+02
NBF:Station:1390,Karlstraße / Waldstraße,1,2026-05-24 00:45:27+02
NBF:Station:280253,Karl-Wilhelm-Platz,2,2026-05-24 00:45:27+02
NBF:Station:280255,Kreativpark/Alter Schlachthof,1,2026-05-24 00:45:27+02
NBF:Station:462174,Bulach - Grünwinkler Straße,4,2026-05-24 00:45:27+02
NBF:Station:37983402,Tennesseeallee - CAMPUSbike KIT,3,2026-05-24 00:45:27+02
NBF:Station:53001693,Knielinger Allee/Franz-Lust-Straße,3,2026-05-24 00:45:27+02
NBF:Station:280263,Fächerbad,1,2026-05-24 00:45:27+02
NBF:Station:392504,L-Bank,1,2026-05-24 00:45:27+02
NBF:Station:78972260,Servicescope,3,2026-05-24 00:45:27+02
NBF:Station:289946,Durlach Schlossplatz,4,2026-05-24 00:45:27+02
NBF:Station:78970799,Durlach - Alte Karlsruher Straße,1,2026-05-24 00:45:27+02
NBF:Station:78971440,Gerwigstraße,3,2026-05-24 00:45:27+02
NBF:Station:280259,Werderplatz,1,2026-05-24 00:45:27+02
NBF:Station:54869634,Knielingen/Rheinbergstraße,2,2026-05-24 00:45:27+02
NBF:Station:52355370,Parkplatz Kühler Krug,1,2026-05-24 00:45:27+02
NBF:Station:289944,Rommelstr. / Auerstr.,2,2026-05-24 00:45:27+02
NBF:Station:9016659,Mühlburg Bahnhof,1,2026-05-24 00:45:27+02
NBF:Station:462176,Grünwinkel - Carl-Metz-Straße,1,2026-05-24 00:02:29+02
NBF:Station:6352777,Zeppelinstraße / Benzstraße,3,2026-05-24 00:02:29+02
NBF:Station:289942,Durlach - Bahnhof ,3,2026-05-24 00:02:29+02
NBF:Station:280261,Knielingen / Herweghstraße,1,2026-05-24 00:02:29+02
NBF:Station:280260,Nordweststadt - Kurt-Schumacher-Straße,1,2026-05-24 00:02:29+02
NBF:Station:300645,HaDiKo,20,2026-05-24 00:02:29+02
NBF:Station:462159,Oberreut - Zentrum,6,2026-05-24 00:02:29+02
NBF:Station:280253,Karl-Wilhelm-Platz,1,2026-05-24 00:02:29+02
NBF:Station:280255,Kreativpark/Alter Schlachthof,1,2026-05-24 00:02:29+02
NBF:Station:462174,Bulach - Grünwinkler Straße,4,2026-05-24 00:02:29+02
NBF:Station:462165,Rüppurr – Tulpenstraße,5,2026-05-24 00:02:29+02
NBF:Station:392504,L-Bank,0,2026-05-24 00:02:29+02
NBF:Station:78972260,Servicescope,3,2026-05-24 00:02:29+02
NBF:Station:289946,Durlach Schlossplatz,4,2026-05-24 00:02:29+02
NBF:Station:78970799,Durlach - Alte Karlsruher Straße,1,2026-05-24 00:02:29+02
NBF:Station:78971440,Gerwigstraße,3,2026-05-24 00:02:29+02
NBF:Station:280259,Werderplatz,1,2026-05-24 00:02:29+02
NBF:Station:37983402,Tennesseeallee - CAMPUSbike KIT,3,2026-05-24 00:02:29+02
NBF:Station:53001693,Knielinger Allee/Franz-Lust-Straße,0,2026-05-24 00:02:29+02
NBF:Station:280263,Fächerbad,1,2026-05-24 00:02:29+02
NBF:Station:9016659,Mühlburg Bahnhof,1,2026-05-24 00:02:29+02
NBF:Station:52355370,Parkplatz Kühler Krug,1,2026-05-24 00:02:29+02
NBF:Station:54869634,Knielingen/Rheinbergstraße,2,2026-05-24 00:02:29+02
NBF:Station:289944,Rommelstr. / Auerstr.,2,2026-05-24 00:02:29+02
NBF:Station:280259,Werderplatz,2,2026-05-23 23:28:52+02
NBF:Station:78970799,Durlach - Alte Karlsruher Straße,1,2026-05-23 23:28:52+02
NBF:Station:78971440,Gerwigstraße,5,2026-05-23 23:28:52+02
NBF:Station:392504,L-Bank,1,2026-05-23 23:28:52+02
NBF:Station:289946,Durlach Schlossplatz,4,2026-05-23 23:28:52+02
NBF:Station:78972260,Servicescope,3,2026-05-23 23:28:52+02
NBF:Station:37983402,Tennesseeallee - CAMPUSbike KIT,2,2026-05-23 23:28:52+02
NBF:Station:280263,Fächerbad,1,2026-05-23 23:28:52+02
NBF:Station:53001693,Knielinger Allee/Franz-Lust-Straße,1,2026-05-23 23:28:52+02
NBF:Station:9016659,Mühlburg Bahnhof,1,2026-05-23 23:28:52+02
NBF:Station:289944,Rommelstr. / Auerstr.,2,2026-05-23 23:28:52+02
NBF:Station:54869634,Knielingen/Rheinbergstraße,2,2026-05-23 23:28:52+02
NBF:Station:52355370,Parkplatz Kühler Krug,1,2026-05-23 23:28:52+02
NBF:Station:6352777,Zeppelinstraße / Benzstraße,3,2026-05-23 23:28:52+02
NBF:Station:289942,Durlach - Bahnhof ,3,2026-05-23 23:28:52+02
NBF:Station:264394,Hauptbahnhof / Touristinformation,2,2026-05-23 23:28:52+02
NBF:Station:462176,Grünwinkel - Carl-Metz-Straße,1,2026-05-23 23:28:52+02
NBF:Station:280260,Nordweststadt - Kurt-Schumacher-Straße,1,2026-05-23 23:28:52+02
NBF:Station:280253,Karl-Wilhelm-Platz,1,2026-05-23 23:28:52+02
NBF:Station:462174,Bulach - Grünwinkler Straße,4,2026-05-23 23:28:52+02
NBF:Station:280255,Kreativpark/Alter Schlachthof,1,2026-05-23 23:28:52+02
NBF:Station:300645,HaDiKo,18,2026-05-23 23:28:52+02
NBF:Station:462159,Oberreut - Zentrum,6,2026-05-23 23:28:52+02
NBF:Station:462165,Rüppurr – Tulpenstraße,4,2026-05-23 23:28:52+02
NBF:Station:289944,Rommelstr. / Auerstr.,2,2026-05-23 22:54:02+02
NBF:Station:280263,Fächerbad,1,2026-05-23 22:54:02+02
NBF:Station:53001693,Knielinger Allee/Franz-Lust-Straße,1,2026-05-23 22:54:02+02
NBF:Station:37983402,Tennesseeallee - CAMPUSbike KIT,2,2026-05-23 22:54:02+02
NBF:Station:297942,Neuer Zirkel / Englerstr.,0,2026-05-23 22:54:02+02
NBF:Station:280259,Werderplatz,2,2026-05-23 22:54:02+02
NBF:Station:78970799,Durlach - Alte Karlsruher Straße,1,2026-05-23 22:54:02+02
NBF:Station:78971440,Gerwigstraße,5,2026-05-23 22:54:02+02
NBF:Station:392504,L-Bank,1,2026-05-23 22:54:02+02
NBF:Station:289946,Durlach Schlossplatz,4,2026-05-23 22:54:02+02
NBF:Station:78972260,Servicescope,3,2026-05-23 22:54:02+02
NBF:Station:52355370,Parkplatz Kühler Krug,1,2026-05-23 22:54:02+02
NBF:Station:54869634,Knielingen/Rheinbergstraße,2,2026-05-23 22:54:02+02
NBF:Station:9016659,Mühlburg Bahnhof,1,2026-05-23 22:54:02+02
NBF:Station:280260,Nordweststadt - Kurt-Schumacher-Straße,1,2026-05-23 22:54:02+02
NBF:Station:6352777,Zeppelinstraße / Benzstraße,3,2026-05-23 22:54:02+02
NBF:Station:289942,Durlach - Bahnhof ,0,2026-05-23 22:54:02+02
NBF:Station:264394,Hauptbahnhof / Touristinformation,1,2026-05-23 22:54:02+02
NBF:Station:462176,Grünwinkel - Carl-Metz-Straße,1,2026-05-23 22:54:02+02
NBF:Station:462165,Rüppurr – Tulpenstraße,4,2026-05-23 22:54:02+02
NBF:Station:367726,KIT Ost,0,2026-05-23 22:54:02+02
NBF:Station:462174,Bulach - Grünwinkler Straße,4,2026-05-23 22:54:02+02
NBF:Station:280255,Kreativpark/Alter Schlachthof,1,2026-05-23 22:54:02+02
NBF:Station:300645,HaDiKo,18,2026-05-23 22:54:02+02
NBF:Station:1390,Karlstraße / Waldstraße,1,2026-05-23 22:54:02+02
NBF:Station:462159,Oberreut - Zentrum,6,2026-05-23 22:54:02+02
NBF:Station:289944,Rommelstr. / Auerstr.,2,2026-05-23 22:19:16+02
NBF:Station:54869634,Knielingen/Rheinbergstraße,2,2026-05-23 22:19:16+02
NBF:Station:52355370,Parkplatz Kühler Krug,1,2026-05-23 22:19:16+02
NBF:Station:9016659,Mühlburg Bahnhof,1,2026-05-23 22:19:16+02
NBF:Station:280263,Fächerbad,1,2026-05-23 22:19:16+02
NBF:Station:37983402,Tennesseeallee - CAMPUSbike KIT,2,2026-05-23 22:19:16+02
NBF:Station:280259,Werderplatz,0,2026-05-23 22:19:16+02
NBF:Station:78970799,Durlach - Alte Karlsruher Straße,1,2026-05-23 22:19:16+02
NBF:Station:78971440,Gerwigstraße,5,2026-05-23 22:19:16+02
NBF:Station:392504,L-Bank,1,2026-05-23 22:19:16+02
NBF:Station:289946,Durlach Schlossplatz,5,2026-05-23 22:19:16+02
NBF:Station:78972260,Servicescope,3,2026-05-23 22:19:16+02
NBF:Station:462165,Rüppurr – Tulpenstraße,4,2026-05-23 22:19:16+02
NBF:Station:367726,KIT Ost,1,2026-05-23 22:19:16+02
NBF:Station:462174,Bulach - Grünwinkler Straße,5,2026-05-23 22:19:16+02
NBF:Station:280255,Kreativpark/Alter Schlachthof,2,2026-05-23 22:19:16+02
NBF:Station:300645,HaDiKo,15,2026-05-23 22:19:16+02
NBF:Station:1390,Karlstraße / Waldstraße,1,2026-05-23 22:19:16+02
NBF:Station:462159,Oberreut - Zentrum,6,2026-05-23 22:19:16+02
NBF:Station:280260,Nordweststadt - Kurt-Schumacher-Straße,1,2026-05-23 22:19:16+02
NBF:Station:6352777,Zeppelinstraße / Benzstraße,3,2026-05-23 22:19:16+02
NBF:Station:289942,Durlach - Bahnhof ,2,2026-05-23 22:19:16+02
NBF:Station:264394,Hauptbahnhof / Touristinformation,2,2026-05-23 22:19:16+02
NBF:Station:462176,Grünwinkel - Carl-Metz-Straße,1,2026-05-23 22:19:16+02
NBF:Station:280260,Nordweststadt - Kurt-Schumacher-Straße,0,2026-05-23 21:44:44+02
NBF:Station:264394,Hauptbahnhof / Touristinformation,3,2026-05-23 21:44:44+02
NBF:Station:462176,Grünwinkel - Carl-Metz-Straße,2,2026-05-23 21:44:44+02
NBF:Station:289942,Durlach - Bahnhof ,2,2026-05-23 21:44:44+02
NBF:Station:6352777,Zeppelinstraße / Benzstraße,3,2026-05-23 21:44:44+02
NBF:Station:367726,KIT Ost,1,2026-05-23 21:44:44+02
NBF:Station:462165,Rüppurr – Tulpenstraße,3,2026-05-23 21:44:44+02
NBF:Station:462159,Oberreut - Zentrum,6,2026-05-23 21:44:44+02
NBF:Station:1390,Karlstraße / Waldstraße,1,2026-05-23 21:44:44+02
NBF:Station:300645,HaDiKo,8,2026-05-23 21:44:44+02
NBF:Station:280255,Kreativpark/Alter Schlachthof,3,2026-05-23 21:44:44+02
NBF:Station:462174,Bulach - Grünwinkler Straße,5,2026-05-23 21:44:44+02
NBF:Station:280250,Kolpingplatz,1,2026-05-23 21:44:44+02
NBF:Station:280253,Karl-Wilhelm-Platz,1,2026-05-23 21:44:44+02
NBF:Station:280263,Fächerbad,1,2026-05-23 21:44:44+02
NBF:Station:78972260,Servicescope,3,2026-05-23 21:44:44+02
NBF:Station:289946,Durlach Schlossplatz,5,2026-05-23 21:44:44+02
NBF:Station:392504,L-Bank,1,2026-05-23 21:44:44+02
NBF:Station:78970799,Durlach - Alte Karlsruher Straße,1,2026-05-23 21:44:44+02
NBF:Station:78971440,Gerwigstraße,5,2026-05-23 21:44:44+02
NBF:Station:280259,Werderplatz,2,2026-05-23 21:44:44+02
NBF:Station:52355370,Parkplatz Kühler Krug,1,2026-05-23 21:44:44+02
NBF:Station:54869634,Knielingen/Rheinbergstraße,2,2026-05-23 21:44:44+02
NBF:Station:289944,Rommelstr. / Auerstr.,2,2026-05-23 21:44:44+02
NBF:Station:9016659,Mühlburg Bahnhof,1,2026-05-23 21:44:44+02
NBF:Station:462181,Daxlanden - Stadtwerke,1,2026-05-23 21:44:44+02
NBF:Station:280263,Fächerbad,5,2026-05-23 21:10:50+02
NBF:Station:78970799,Durlach - Alte Karlsruher Straße,1,2026-05-23 21:10:50+02
NBF:Station:78971440,Gerwigstraße,4,2026-05-23 21:10:50+02
NBF:Station:280259,Werderplatz,2,2026-05-23 21:10:50+02
NBF:Station:392504,L-Bank,1,2026-05-23 21:10:50+02
NBF:Station:78972260,Servicescope,3,2026-05-23 21:10:50+02
NBF:Station:289946,Durlach Schlossplatz,5,2026-05-23 21:10:50+02
NBF:Station:289944,Rommelstr. / Auerstr.,2,2026-05-23 21:10:50+02
NBF:Station:52355370,Parkplatz Kühler Krug,1,2026-05-23 21:10:50+02
NBF:Station:54869634,Knielingen/Rheinbergstraße,3,2026-05-23 21:10:50+02
NBF:Station:9016659,Mühlburg Bahnhof,1,2026-05-23 21:10:50+02
NBF:Station:280260,Nordweststadt - Kurt-Schumacher-Straße,1,2026-05-23 21:10:50+02
NBF:Station:281794,Agentur für Arbeit,1,2026-05-23 21:10:50+02
NBF:Station:6352777,Zeppelinstraße / Benzstraße,3,2026-05-23 21:10:50+02
NBF:Station:289942,Durlach - Bahnhof ,2,2026-05-23 21:10:50+02
NBF:Station:462176,Grünwinkel - Carl-Metz-Straße,1,2026-05-23 21:10:50+02
NBF:Station:264394,Hauptbahnhof / Touristinformation,8,2026-05-23 21:10:50+02
NBF:Station:462165,Rüppurr – Tulpenstraße,3,2026-05-23 21:10:50+02
NBF:Station:367726,KIT Ost,1,2026-05-23 21:10:50+02
NBF:Station:280250,Kolpingplatz,1,2026-05-23 21:10:50+02
NBF:Station:280255,Kreativpark/Alter Schlachthof,2,2026-05-23 21:10:50+02
NBF:Station:462174,Bulach - Grünwinkler Straße,6,2026-05-23 21:10:50+02
NBF:Station:300645,HaDiKo,6,2026-05-23 21:10:50+02
NBF:Station:462159,Oberreut - Zentrum,6,2026-05-23 21:10:50+02
NBF:Station:392504,L-Bank,1,2026-05-23 20:36:18+02
NBF:Station:462165,Rüppurr – Tulpenstraße,3,2026-05-23 20:36:18+02
NBF:Station:367726,KIT Ost,0,2026-05-23 20:36:18+02
NBF:Station:280249,Prinz-Max-Palais,1,2026-05-23 20:36:18+02
NBF:Station:280250,Kolpingplatz,1,2026-05-23 20:36:18+02
NBF:Station:462174,Bulach - Grünwinkler Straße,4,2026-05-23 20:36:18+02
NBF:Station:280255,Kreativpark/Alter Schlachthof,2,2026-05-23 20:36:18+02
NBF:Station:300645,HaDiKo,6,2026-05-23 20:36:18+02
NBF:Station:462159,Oberreut - Zentrum,6,2026-05-23 20:36:18+02
NBF:Station:280260,Nordweststadt - Kurt-Schumacher-Straße,1,2026-05-23 20:36:18+02
NBF:Station:281794,Agentur für Arbeit,1,2026-05-23 20:36:18+02
NBF:Station:6352777,Zeppelinstraße / Benzstraße,3,2026-05-23 20:36:18+02
NBF:Station:289942,Durlach - Bahnhof ,2,2026-05-23 20:36:18+02
NBF:Station:264394,Hauptbahnhof / Touristinformation,9,2026-05-23 20:36:18+02
NBF:Station:462176,Grünwinkel - Carl-Metz-Straße,1,2026-05-23 20:36:18+02
NBF:Station:289944,Rommelstr. / Auerstr.,2,2026-05-23 20:36:18+02
NBF:Station:54869634,Knielingen/Rheinbergstraße,3,2026-05-23 20:36:18+02
NBF:Station:52355370,Parkplatz Kühler Krug,1,2026-05-23 20:36:18+02
NBF:Station:9016659,Mühlburg Bahnhof,1,2026-05-23 20:36:18+02
NBF:Station:280263,Fächerbad,5,2026-05-23 20:36:18+02
NBF:Station:280259,Werderplatz,1,2026-05-23 20:36:18+02
NBF:Station:78970799,Durlach - Alte Karlsruher Straße,1,2026-05-23 20:36:18+02
NBF:Station:78971440,Gerwigstraße,2,2026-05-23 20:36:18+02
NBF:Station:289946,Durlach Schlossplatz,5,2026-05-23 20:36:18+02
NBF:Station:78972260,Servicescope,3,2026-05-23 20:36:18+02
NBF:Station:78971440,Gerwigstraße,4,2026-05-23 20:02:19+02
NBF:Station:37983402,Tennesseeallee - CAMPUSbike KIT,1,2026-05-23 20:02:19+02
NBF:Station:53001693,Knielinger Allee/Franz-Lust-Straße,0,2026-05-23 20:02:19+02
NBF:Station:280263,Fächerbad,5,2026-05-23 20:02:19+02
NBF:Station:78970799,Durlach - Alte Karlsruher Straße,1,2026-05-23 20:02:19+02
NBF:Station:280259,Werderplatz,1,2026-05-23 20:02:19+02
NBF:Station:78972260,Servicescope,3,2026-05-23 20:02:19+02
NBF:Station:280258,Karlstor,1,2026-05-23 20:02:19+02
NBF:Station:289946,Durlach Schlossplatz,5,2026-05-23 20:02:19+02
NBF:Station:392504,L-Bank,0,2026-05-23 20:02:19+02
NBF:Station:289944,Rommelstr. / Auerstr.,2,2026-05-23 20:02:19+02
NBF:Station:52355370,Parkplatz Kühler Krug,1,2026-05-23 20:02:19+02
NBF:Station:54869634,Knielingen/Rheinbergstraße,3,2026-05-23 20:02:19+02
NBF:Station:462181,Daxlanden - Stadtwerke,1,2026-05-23 20:02:19+02
NBF:Station:9016659,Mühlburg Bahnhof,1,2026-05-23 20:02:19+02
NBF:Station:280260,Nordweststadt - Kurt-Schumacher-Straße,2,2026-05-23 20:02:19+02
NBF:Station:281794,Agentur für Arbeit,2,2026-05-23 20:02:19+02
NBF:Station:289942,Durlach - Bahnhof ,2,2026-05-23 20:02:19+02
NBF:Station:6352777,Zeppelinstraße / Benzstraße,3,2026-05-23 20:02:19+02
NBF:Station:264394,Hauptbahnhof / Touristinformation,15,2026-05-23 20:02:19+02
NBF:Station:462165,Rüppurr – Tulpenstraße,3,2026-05-23 20:02:19+02
NBF:Station:280255,Kreativpark/Alter Schlachthof,2,2026-05-23 20:02:19+02
NBF:Station:462174,Bulach - Grünwinkler Straße,4,2026-05-23 20:02:19+02
NBF:Station:280250,Kolpingplatz,1,2026-05-23 20:02:19+02
NBF:Station:462159,Oberreut - Zentrum,6,2026-05-23 20:02:19+02
NBF:Station:300645,HaDiKo,5,2026-05-23 20:02:19+02
NBF:Station:280255,Kreativpark/Alter Schlachthof,2,2026-05-23 19:29:00+02
NBF:Station:462174,Bulach - Grünwinkler Straße,3,2026-05-23 19:29:00+02
NBF:Station:280250,Kolpingplatz,1,2026-05-23 19:29:00+02
NBF:Station:280253,Karl-Wilhelm-Platz,1,2026-05-23 19:29:00+02
NBF:Station:462159,Oberreut - Zentrum,6,2026-05-23 19:29:00+02
NBF:Station:300645,HaDiKo,2,2026-05-23 19:29:00+02
NBF:Station:280258,Karlstor,1,2026-05-23 19:29:00+02
NBF:Station:462165,Rüppurr – Tulpenstraße,3,2026-05-23 19:29:00+02
NBF:Station:280249,Prinz-Max-Palais,1,2026-05-23 19:29:00+02
NBF:Station:289942,Durlach - Bahnhof ,2,2026-05-23 19:29:00+02
NBF:Station:6352777,Zeppelinstraße / Benzstraße,3,2026-05-23 19:29:00+02
NBF:Station:264394,Hauptbahnhof / Touristinformation,25,2026-05-23 19:29:00+02
NBF:Station:280260,Nordweststadt - Kurt-Schumacher-Straße,2,2026-05-23 19:29:00+02
NBF:Station:281794,Agentur für Arbeit,2,2026-05-23 19:29:00+02
NBF:Station:462181,Daxlanden - Stadtwerke,1,2026-05-23 19:29:00+02
NBF:Station:9016659,Mühlburg Bahnhof,1,2026-05-23 19:29:00+02
NBF:Station:289944,Rommelstr. / Auerstr.,2,2026-05-23 19:29:00+02
NBF:Station:54869634,Knielingen/Rheinbergstraße,3,2026-05-23 19:29:00+02
NBF:Station:78970799,Durlach - Alte Karlsruher Straße,1,2026-05-23 19:29:00+02
NBF:Station:78971440,Gerwigstraße,1,2026-05-23 19:29:00+02
NBF:Station:280259,Werderplatz,1,2026-05-23 19:29:00+02
NBF:Station:78972260,Servicescope,3,2026-05-23 19:29:00+02
NBF:Station:289946,Durlach Schlossplatz,4,2026-05-23 19:29:00+02
NBF:Station:392504,L-Bank,1,2026-05-23 19:29:00+02
NBF:Station:53001693,Knielinger Allee/Franz-Lust-Straße,2,2026-05-23 19:29:00+02
NBF:Station:280263,Fächerbad,4,2026-05-23 19:29:00+02
NBF:Station:289946,Durlach Schlossplatz,4,2026-05-23 18:58:47+02
NBF:Station:462159,Oberreut - Zentrum,6,2026-05-23 18:58:47+02
NBF:Station:289942,Durlach - Bahnhof ,3,2026-05-23 18:58:47+02
NBF:Station:6352777,Zeppelinstraße / Benzstraße,3,2026-05-23 18:58:47+02
NBF:Station:264394,Hauptbahnhof / Touristinformation,22,2026-05-23 18:58:47+02
NBF:Station:280260,Nordweststadt - Kurt-Schumacher-Straße,2,2026-05-23 18:58:47+02
NBF:Station:281794,Agentur für Arbeit,2,2026-05-23 18:58:47+02
NBF:Station:458,Erbprinzenstr.,0,2026-05-23 18:58:47+02
NBF:Station:280255,Kreativpark/Alter Schlachthof,2,2026-05-23 18:58:47+02
NBF:Station:462174,Bulach - Grünwinkler Straße,3,2026-05-23 18:58:47+02
NBF:Station:280250,Kolpingplatz,1,2026-05-23 18:58:47+02
NBF:Station:280253,Karl-Wilhelm-Platz,1,2026-05-23 18:58:47+02
NBF:Station:300645,HaDiKo,1,2026-05-23 18:58:47+02
NBF:Station:367726,KIT Ost,1,2026-05-23 18:58:47+02
NBF:Station:280258,Karlstor,0,2026-05-23 18:58:47+02
NBF:Station:462165,Rüppurr – Tulpenstraße,3,2026-05-23 18:58:47+02
NBF:Station:78970799,Durlach - Alte Karlsruher Straße,1,2026-05-23 18:58:47+02
NBF:Station:78971440,Gerwigstraße,4,2026-05-23 18:58:47+02
NBF:Station:280259,Werderplatz,2,2026-05-23 18:58:47+02
NBF:Station:78972260,Servicescope,3,2026-05-23 18:58:47+02
NBF:Station:53001693,Knielinger Allee/Franz-Lust-Straße,3,2026-05-23 18:58:47+02
NBF:Station:280263,Fächerbad,5,2026-05-23 18:58:47+02
NBF:Station:280322,KIT Süd,1,2026-05-23 18:58:47+02
NBF:Station:462181,Daxlanden - Stadtwerke,1,2026-05-23 18:58:47+02
NBF:Station:9016659,Mühlburg Bahnhof,1,2026-05-23 18:58:47+02
NBF:Station:289944,Rommelstr. / Auerstr.,2,2026-05-23 18:58:47+02
NBF:Station:54869634,Knielingen/Rheinbergstraße,3,2026-05-23 18:58:47+02
NBF:Station:9016659,Mühlburg Bahnhof,1,2026-05-23 18:24:26+02
NBF:Station:54869634,Knielingen/Rheinbergstraße,3,2026-05-23 18:24:26+02
NBF:Station:289944,Rommelstr. / Auerstr.,2,2026-05-23 18:24:26+02
NBF:Station:280322,KIT Süd,3,2026-05-23 18:24:26+02
NBF:Station:280263,Fächerbad,5,2026-05-23 18:24:26+02
NBF:Station:53001693,Knielinger Allee/Franz-Lust-Straße,3,2026-05-23 18:24:26+02
NBF:Station:289946,Durlach Schlossplatz,4,2026-05-23 18:24:26+02
NBF:Station:78972260,Servicescope,3,2026-05-23 18:24:26+02
NBF:Station:280259,Werderplatz,0,2026-05-23 18:24:26+02
NBF:Station:78970799,Durlach - Alte Karlsruher Straße,1,2026-05-23 18:24:26+02
NBF:Station:78971440,Gerwigstraße,2,2026-05-23 18:24:26+02
NBF:Station:300645,HaDiKo,0,2026-05-23 18:24:26+02
NBF:Station:367726,KIT Ost,3,2026-05-23 18:24:26+02
NBF:Station:28894975,Landratsamt Wolfartweierstr.,1,2026-05-23 18:24:26+02
NBF:Station:462165,Rüppurr – Tulpenstraße,4,2026-05-23 18:24:26+02
NBF:Station:462159,Oberreut - Zentrum,6,2026-05-23 18:24:26+02
NBF:Station:458,Erbprinzenstr.,3,2026-05-23 18:24:26+02
NBF:Station:462174,Bulach - Grünwinkler Straße,3,2026-05-23 18:24:26+02
NBF:Station:280255,Kreativpark/Alter Schlachthof,2,2026-05-23 18:24:26+02
NBF:Station:280253,Karl-Wilhelm-Platz,1,2026-05-23 18:24:26+02
NBF:Station:280250,Kolpingplatz,1,2026-05-23 18:24:26+02
NBF:Station:281794,Agentur für Arbeit,2,2026-05-23 18:24:26+02
NBF:Station:280251,Mühlburger Tor / Kaiserplatz ,0,2026-05-23 18:24:26+02
NBF:Station:280260,Nordweststadt - Kurt-Schumacher-Straße,2,2026-05-23 18:24:26+02
NBF:Station:264394,Hauptbahnhof / Touristinformation,29,2026-05-23 18:24:26+02
NBF:Station:289942,Durlach - Bahnhof ,3,2026-05-23 18:24:26+02
NBF:Station:6352777,Zeppelinstraße / Benzstraße,3,2026-05-23 18:24:26+02
NBF:Station:54869634,Knielingen/Rheinbergstraße,3,2026-05-23 17:52:37+02
NBF:Station:289944,Rommelstr. / Auerstr.,2,2026-05-23 17:52:37+02
NBF:Station:285510,Adenauerring / Fasanengarten,0,2026-05-23 17:52:37+02
NBF:Station:9016659,Mühlburg Bahnhof,1,2026-05-23 17:52:37+02
NBF:Station:280322,KIT Süd,6,2026-05-23 17:52:37+02
NBF:Station:280263,Fächerbad,5,2026-05-23 17:52:37+02
NBF:Station:53001693,Knielinger Allee/Franz-Lust-Straße,2,2026-05-23 17:52:37+02
NBF:Station:289946,Durlach Schlossplatz,4,2026-05-23 17:52:37+02
NBF:Station:78972260,Servicescope,3,2026-05-23 17:52:37+02
NBF:Station:78971162,Sophienstraße,1,2026-05-23 17:52:37+02
NBF:Station:280259,Werderplatz,1,2026-05-23 17:52:37+02
NBF:Station:78970799,Durlach - Alte Karlsruher Straße,1,2026-05-23 17:52:37+02
NBF:Station:367726,KIT Ost,2,2026-05-23 17:52:37+02
NBF:Station:462165,Rüppurr – Tulpenstraße,4,2026-05-23 17:52:37+02
NBF:Station:462159,Oberreut - Zentrum,6,2026-05-23 17:52:37+02
NBF:Station:300645,HaDiKo,3,2026-05-23 17:52:37+02
NBF:Station:462174,Bulach - Grünwinkler Straße,3,2026-05-23 17:52:37+02
NBF:Station:280255,Kreativpark/Alter Schlachthof,2,2026-05-23 17:52:37+02
NBF:Station:280250,Kolpingplatz,1,2026-05-23 17:52:37+02
NBF:Station:281794,Agentur für Arbeit,1,2026-05-23 17:52:37+02
NBF:Station:458,Erbprinzenstr.,1,2026-05-23 17:52:37+02
NBF:Station:280260,Nordweststadt - Kurt-Schumacher-Straße,2,2026-05-23 17:52:37+02
NBF:Station:264394,Hauptbahnhof / Touristinformation,35,2026-05-23 17:52:37+02
NBF:Station:289942,Durlach - Bahnhof ,4,2026-05-23 17:52:37+02
NBF:Station:6352777,Zeppelinstraße / Benzstraße,3,2026-05-23 17:52:37+02
NBF:Station:264394,Hauptbahnhof / Touristinformation,33,2026-05-23 17:21:01+02
NBF:Station:289942,Durlach - Bahnhof ,4,2026-05-23 17:21:01+02
NBF:Station:6352777,Zeppelinstraße / Benzstraße,3,2026-05-23 17:21:01+02
NBF:Station:281794,Agentur für Arbeit,1,2026-05-23 17:21:01+02
NBF:Station:280260,Nordweststadt - Kurt-Schumacher-Straße,2,2026-05-23 17:21:01+02
NBF:Station:462159,Oberreut - Zentrum,6,2026-05-23 17:21:01+02
NBF:Station:462174,Bulach - Grünwinkler Straße,3,2026-05-23 17:21:01+02
NBF:Station:280255,Kreativpark/Alter Schlachthof,2,2026-05-23 17:21:01+02
NBF:Station:280250,Kolpingplatz,1,2026-05-23 17:21:01+02
NBF:Station:280249,Prinz-Max-Palais,0,2026-05-23 17:21:01+02
NBF:Station:280259,Werderplatz,0,2026-05-23 17:21:01+02
NBF:Station:462165,Rüppurr – Tulpenstraße,4,2026-05-23 17:21:01+02
NBF:Station:289946,Durlach Schlossplatz,4,2026-05-23 17:21:01+02
NBF:Station:78972260,Servicescope,3,2026-05-23 17:21:01+02
NBF:Station:78971162,Sophienstraße,2,2026-05-23 17:21:01+02
NBF:Station:78970799,Durlach - Alte Karlsruher Straße,1,2026-05-23 17:21:01+02
NBF:Station:78971440,Gerwigstraße,1,2026-05-23 17:21:01+02
NBF:Station:280322,KIT Süd,6,2026-05-23 17:21:01+02
NBF:Station:280263,Fächerbad,5,2026-05-23 17:21:01+02
NBF:Station:53001693,Knielinger Allee/Franz-Lust-Straße,3,2026-05-23 17:21:01+02
NBF:Station:285510,Adenauerring / Fasanengarten,1,2026-05-23 17:21:01+02
NBF:Station:9016659,Mühlburg Bahnhof,1,2026-05-23 17:21:01+02
NBF:Station:54869634,Knielingen/Rheinbergstraße,3,2026-05-23 17:21:01+02
NBF:Station:289944,Rommelstr. / Auerstr.,2,2026-05-23 17:21:01+02
NBF:Station:462159,Oberreut - Zentrum,5,2026-05-23 16:47:36+02
NBF:Station:280255,Kreativpark/Alter Schlachthof,2,2026-05-23 16:47:36+02
NBF:Station:462174,Bulach - Grünwinkler Straße,3,2026-05-23 16:47:36+02
NBF:Station:280250,Kolpingplatz,2,2026-05-23 16:47:36+02
NBF:Station:462165,Rüppurr – Tulpenstraße,4,2026-05-23 16:47:36+02
NBF:Station:264394,Hauptbahnhof / Touristinformation,35,2026-05-23 16:47:36+02
NBF:Station:289942,Durlach - Bahnhof ,4,2026-05-23 16:47:36+02
NBF:Station:6352777,Zeppelinstraße / Benzstraße,3,2026-05-23 16:47:36+02
NBF:Station:281794,Agentur für Arbeit,1,2026-05-23 16:47:36+02
NBF:Station:280259,Werderplatz,1,2026-05-23 16:47:36+02
NBF:Station:280260,Nordweststadt - Kurt-Schumacher-Straße,2,2026-05-23 16:47:36+02
NBF:Station:9016659,Mühlburg Bahnhof,1,2026-05-23 16:47:36+02
NBF:Station:54869634,Knielingen/Rheinbergstraße,3,2026-05-23 16:47:36+02
NBF:Station:289944,Rommelstr. / Auerstr.,2,2026-05-23 16:47:36+02
NBF:Station:78972260,Servicescope,3,2026-05-23 16:47:36+02
NBF:Station:289946,Durlach Schlossplatz,4,2026-05-23 16:47:36+02
NBF:Station:78971162,Sophienstraße,2,2026-05-23 16:47:36+02
NBF:Station:78970799,Durlach - Alte Karlsruher Straße,1,2026-05-23 16:47:36+02
NBF:Station:52997350,Schloss Rüppurr,1,2026-05-23 16:47:36+02
NBF:Station:280322,KIT Süd,6,2026-05-23 16:47:36+02
NBF:Station:53001693,Knielinger Allee/Franz-Lust-Straße,2,2026-05-23 16:47:36+02
NBF:Station:280263,Fächerbad,2,2026-05-23 16:47:36+02
NBF:Station:280250,Kolpingplatz,1,2026-05-23 16:15:26+02
NBF:Station:78971162,Sophienstraße,3,2026-05-23 16:15:26+02
NBF:Station:280263,Fächerbad,2,2026-05-23 16:15:26+02
NBF:Station:9016659,Mühlburg Bahnhof,1,2026-05-23 16:15:26+02
NBF:Station:54869634,Knielingen/Rheinbergstraße,3,2026-05-23 16:15:26+02
NBF:Station:289944,Rommelstr. / Auerstr.,3,2026-05-23 16:15:26+02
NBF:Station:78972260,Servicescope,3,2026-05-23 16:15:26+02
NBF:Station:289946,Durlach Schlossplatz,4,2026-05-23 16:15:26+02
NBF:Station:392504,L-Bank,1,2026-05-23 16:15:26+02
NBF:Station:78970799,Durlach - Alte Karlsruher Straße,1,2026-05-23 16:15:26+02
NBF:Station:280259,Werderplatz,2,2026-05-23 16:15:26+02
NBF:Station:52997350,Schloss Rüppurr,1,2026-05-23 16:15:26+02
NBF:Station:280322,KIT Süd,9,2026-05-23 16:15:26+02
NBF:Station:53001693,Knielinger Allee/Franz-Lust-Straße,1,2026-05-23 16:15:26+02
NBF:Station:462159,Oberreut - Zentrum,5,2026-05-23 16:15:26+02
NBF:Station:1390,Karlstraße / Waldstraße,1,2026-05-23 16:15:26+02
NBF:Station:300645,HaDiKo,0,2026-05-23 16:15:26+02
NBF:Station:280255,Kreativpark/Alter Schlachthof,2,2026-05-23 16:15:26+02
NBF:Station:462174,Bulach - Grünwinkler Straße,2,2026-05-23 16:15:26+02
NBF:Station:280249,Prinz-Max-Palais,0,2026-05-23 16:15:26+02
NBF:Station:462165,Rüppurr – Tulpenstraße,4,2026-05-23 16:15:26+02
NBF:Station:264394,Hauptbahnhof / Touristinformation,33,2026-05-23 16:15:26+02
NBF:Station:289942,Durlach - Bahnhof ,4,2026-05-23 16:15:26+02
NBF:Station:6352777,Zeppelinstraße / Benzstraße,4,2026-05-23 16:15:26+02
NBF:Station:281794,Agentur für Arbeit,1,2026-05-23 16:15:26+02
NBF:Station:280260,Nordweststadt - Kurt-Schumacher-Straße,2,2026-05-23 16:15:26+02
NBF:Station:392504,L-Bank,1,2026-05-23 15:40:29+02
NBF:Station:280250,Kolpingplatz,1,2026-05-23 15:40:29+02
NBF:Station:462165,Rüppurr – Tulpenstraße,4,2026-05-23 15:40:29+02
NBF:Station:280249,Prinz-Max-Palais,1,2026-05-23 15:40:29+02
NBF:Station:462174,Bulach - Grünwinkler Straße,2,2026-05-23 15:40:29+02
NBF:Station:280255,Kreativpark/Alter Schlachthof,2,2026-05-23 15:40:29+02
NBF:Station:1390,Karlstraße / Waldstraße,1,2026-05-23 15:40:29+02
NBF:Station:462159,Oberreut - Zentrum,5,2026-05-23 15:40:29+02
NBF:Station:280260,Nordweststadt - Kurt-Schumacher-Straße,2,2026-05-23 15:40:29+02
NBF:Station:458,Erbprinzenstr.,1,2026-05-23 15:40:29+02
NBF:Station:281794,Agentur für Arbeit,1,2026-05-23 15:40:29+02
NBF:Station:6352777,Zeppelinstraße / Benzstraße,4,2026-05-23 15:40:29+02
NBF:Station:289942,Durlach - Bahnhof ,4,2026-05-23 15:40:29+02
NBF:Station:264394,Hauptbahnhof / Touristinformation,28,2026-05-23 15:40:29+02
NBF:Station:289944,Rommelstr. / Auerstr.,3,2026-05-23 15:40:29+02
NBF:Station:54869634,Knielingen/Rheinbergstraße,3,2026-05-23 15:40:29+02
NBF:Station:9016659,Mühlburg Bahnhof,1,2026-05-23 15:40:29+02
NBF:Station:280263,Fächerbad,2,2026-05-23 15:40:29+02
NBF:Station:53001693,Knielinger Allee/Franz-Lust-Straße,1,2026-05-23 15:40:29+02
NBF:Station:280322,KIT Süd,13,2026-05-23 15:40:29+02
NBF:Station:52997350,Schloss Rüppurr,1,2026-05-23 15:40:29+02
NBF:Station:280259,Werderplatz,2,2026-05-23 15:40:29+02
NBF:Station:78970799,Durlach - Alte Karlsruher Straße,1,2026-05-23 15:40:29+02
NBF:Station:78971162,Sophienstraße,3,2026-05-23 15:40:29+02
NBF:Station:289946,Durlach Schlossplatz,4,2026-05-23 15:40:29+02
NBF:Station:78972260,Servicescope,3,2026-05-23 15:40:29+02
NBF:Station:280263,Fächerbad,3,2026-05-23 15:07:55+02
NBF:Station:52997350,Schloss Rüppurr,1,2026-05-23 15:07:55+02
NBF:Station:280322,KIT Süd,11,2026-05-23 15:07:55+02
NBF:Station:78971162,Sophienstraße,4,2026-05-23 15:07:55+02
NBF:Station:280259,Werderplatz,2,2026-05-23 15:07:55+02
NBF:Station:392504,L-Bank,1,2026-05-23 15:07:55+02
NBF:Station:78972260,Servicescope,3,2026-05-23 15:07:55+02
NBF:Station:289946,Durlach Schlossplatz,4,2026-05-23 15:07:55+02
NBF:Station:289944,Rommelstr. / Auerstr.,3,2026-05-23 15:07:55+02
NBF:Station:54869634,Knielingen/Rheinbergstraße,3,2026-05-23 15:07:55+02
NBF:Station:9016659,Mühlburg Bahnhof,1,2026-05-23 15:07:55+02
NBF:Station:280260,Nordweststadt - Kurt-Schumacher-Straße,2,2026-05-23 15:07:55+02
NBF:Station:281794,Agentur für Arbeit,1,2026-05-23 15:07:55+02
NBF:Station:6352777,Zeppelinstraße / Benzstraße,4,2026-05-23 15:07:55+02
NBF:Station:289942,Durlach - Bahnhof ,4,2026-05-23 15:07:55+02
NBF:Station:264394,Hauptbahnhof / Touristinformation,33,2026-05-23 15:07:55+02
NBF:Station:462165,Rüppurr – Tulpenstraße,4,2026-05-23 15:07:55+02
NBF:Station:280250,Kolpingplatz,1,2026-05-23 15:07:55+02
NBF:Station:462174,Bulach - Grünwinkler Straße,3,2026-05-23 15:07:55+02
NBF:Station:462159,Oberreut - Zentrum,5,2026-05-23 15:07:55+02
NBF:Station:6352777,Zeppelinstraße / Benzstraße,4,2026-05-23 14:35:18+02
NBF:Station:289942,Durlach - Bahnhof ,4,2026-05-23 14:35:18+02
NBF:Station:264394,Hauptbahnhof / Touristinformation,30,2026-05-23 14:35:18+02
NBF:Station:280260,Nordweststadt - Kurt-Schumacher-Straße,2,2026-05-23 14:35:18+02
NBF:Station:300645,HaDiKo,0,2026-05-23 14:35:18+02
NBF:Station:281794,Agentur für Arbeit,1,2026-05-23 14:35:18+02
NBF:Station:280250,Kolpingplatz,1,2026-05-23 14:35:18+02
NBF:Station:462174,Bulach - Grünwinkler Straße,3,2026-05-23 14:35:18+02
NBF:Station:280255,Kreativpark/Alter Schlachthof,1,2026-05-23 14:35:18+02
NBF:Station:462159,Oberreut - Zentrum,5,2026-05-23 14:35:18+02
NBF:Station:462165,Rüppurr – Tulpenstraße,4,2026-05-23 14:35:18+02
NBF:Station:280259,Werderplatz,0,2026-05-23 14:35:18+02
NBF:Station:78971162,Sophienstraße,4,2026-05-23 14:35:18+02
NBF:Station:289946,Durlach Schlossplatz,4,2026-05-23 14:35:18+02
NBF:Station:78972260,Servicescope,3,2026-05-23 14:35:18+02
NBF:Station:280263,Fächerbad,3,2026-05-23 14:35:18+02
NBF:Station:53001693,Knielinger Allee/Franz-Lust-Straße,2,2026-05-23 14:35:18+02
NBF:Station:52997350,Schloss Rüppurr,1,2026-05-23 14:35:18+02
NBF:Station:280322,KIT Süd,11,2026-05-23 14:35:18+02
NBF:Station:9016659,Mühlburg Bahnhof,1,2026-05-23 14:35:18+02
NBF:Station:289944,Rommelstr. / Auerstr.,3,2026-05-23 14:35:18+02
NBF:Station:54869634,Knielingen/Rheinbergstraße,3,2026-05-23 14:35:18+02
NBF:Station:280259,Werderplatz,1,2026-05-23 13:59:31+02
NBF:Station:52997350,Schloss Rüppurr,1,2026-05-23 13:59:31+02
NBF:Station:280322,KIT Süd,11,2026-05-23 13:59:31+02
NBF:Station:280263,Fächerbad,3,2026-05-23 13:59:31+02
NBF:Station:53001693,Knielinger Allee/Franz-Lust-Straße,2,2026-05-23 13:59:31+02
NBF:Station:289946,Durlach Schlossplatz,4,2026-05-23 13:59:31+02
NBF:Station:78972260,Servicescope,3,2026-05-23 13:59:31+02
NBF:Station:78971162,Sophienstraße,4,2026-05-23 13:59:31+02
NBF:Station:50819438,Moltkestraße - CAMPUSbike HSKA,1,2026-05-23 13:59:31+02
NBF:Station:78970799,Durlach - Alte Karlsruher Straße,1,2026-05-23 13:59:31+02
NBF:Station:78971440,Gerwigstraße,1,2026-05-23 13:59:31+02
NBF:Station:54869634,Knielingen/Rheinbergstraße,3,2026-05-23 13:59:31+02
NBF:Station:289944,Rommelstr. / Auerstr.,3,2026-05-23 13:59:31+02
NBF:Station:9016659,Mühlburg Bahnhof,1,2026-05-23 13:59:31+02
NBF:Station:281794,Agentur für Arbeit,1,2026-05-23 13:59:31+02
NBF:Station:280260,Nordweststadt - Kurt-Schumacher-Straße,2,2026-05-23 13:59:31+02
NBF:Station:264394,Hauptbahnhof / Touristinformation,28,2026-05-23 13:59:31+02
NBF:Station:280250,Kolpingplatz,1,2026-05-23 13:59:31+02
NBF:Station:289942,Durlach - Bahnhof ,5,2026-05-23 13:59:31+02
NBF:Station:6352777,Zeppelinstraße / Benzstraße,4,2026-05-23 13:59:31+02
NBF:Station:462165,Rüppurr – Tulpenstraße,4,2026-05-23 13:59:31+02
NBF:Station:462159,Oberreut - Zentrum,5,2026-05-23 13:59:31+02
NBF:Station:462174,Bulach - Grünwinkler Straße,4,2026-05-23 13:59:31+02
NBF:Station:280255,Kreativpark/Alter Schlachthof,1,2026-05-23 13:59:31+02
NBF:Station:280253,Karl-Wilhelm-Platz,2,2026-05-23 13:59:31+02
NBF:Station:280249,Prinz-Max-Palais,1,2026-05-23 13:26:00+02
NBF:Station:462165,Rüppurr – Tulpenstraße,6,2026-05-23 13:26:00+02
NBF:Station:300645,HaDiKo,1,2026-05-23 13:26:00+02
NBF:Station:462159,Oberreut - Zentrum,5,2026-05-23 13:26:00+02
NBF:Station:280253,Karl-Wilhelm-Platz,2,2026-05-23 13:26:00+02
NBF:Station:462174,Bulach - Grünwinkler Straße,4,2026-05-23 13:26:00+02
NBF:Station:281794,Agentur für Arbeit,1,2026-05-23 13:26:00+02
NBF:Station:280260,Nordweststadt - Kurt-Schumacher-Straße,2,2026-05-23 13:26:00+02
NBF:Station:264394,Hauptbahnhof / Touristinformation,32,2026-05-23 13:26:00+02
NBF:Station:6352777,Zeppelinstraße / Benzstraße,4,2026-05-23 13:26:00+02
NBF:Station:289942,Durlach - Bahnhof ,5,2026-05-23 13:26:00+02
NBF:Station:54869634,Knielingen/Rheinbergstraße,3,2026-05-23 13:26:00+02
NBF:Station:289944,Rommelstr. / Auerstr.,3,2026-05-23 13:26:00+02
NBF:Station:9016659,Mühlburg Bahnhof,1,2026-05-23 13:26:00+02
NBF:Station:52997350,Schloss Rüppurr,1,2026-05-23 13:26:00+02
NBF:Station:280322,KIT Süd,12,2026-05-23 13:26:00+02
NBF:Station:280263,Fächerbad,7,2026-05-23 13:26:00+02
NBF:Station:53001693,Knielinger Allee/Franz-Lust-Straße,0,2026-05-23 13:26:00+02
NBF:Station:78971162,Sophienstraße,4,2026-05-23 13:26:00+02
NBF:Station:289946,Durlach Schlossplatz,4,2026-05-23 13:26:00+02
NBF:Station:78972260,Servicescope,3,2026-05-23 13:26:00+02
NBF:Station:280259,Werderplatz,1,2026-05-23 13:26:00+02
NBF:Station:50819438,Moltkestraße - CAMPUSbike HSKA,1,2026-05-23 13:26:00+02
NBF:Station:78970799,Durlach - Alte Karlsruher Straße,1,2026-05-23 13:26:00+02
NBF:Station:78971440,Gerwigstraße,1,2026-05-23 13:26:00+02
NBF:Station:78971440,Gerwigstraße,1,2026-05-23 12:52:19+02
NBF:Station:50819438,Moltkestraße - CAMPUSbike HSKA,0,2026-05-23 12:52:19+02
NBF:Station:280259,Werderplatz,0,2026-05-23 12:52:19+02
NBF:Station:78970799,Durlach - Alte Karlsruher Straße,1,2026-05-23 12:52:19+02
NBF:Station:289946,Durlach Schlossplatz,4,2026-05-23 12:52:19+02
NBF:Station:78972260,Servicescope,3,2026-05-23 12:52:19+02
NBF:Station:78971162,Sophienstraße,5,2026-05-23 12:52:19+02
NBF:Station:280263,Fächerbad,7,2026-05-23 12:52:19+02
NBF:Station:53001693,Knielinger Allee/Franz-Lust-Straße,1,2026-05-23 12:52:19+02
NBF:Station:52997350,Schloss Rüppurr,1,2026-05-23 12:52:19+02
NBF:Station:280322,KIT Süd,14,2026-05-23 12:52:19+02
NBF:Station:9016659,Mühlburg Bahnhof,1,2026-05-23 12:52:19+02
NBF:Station:289944,Rommelstr. / Auerstr.,3,2026-05-23 12:52:19+02
NBF:Station:54869634,Knielingen/Rheinbergstraße,3,2026-05-23 12:52:19+02
NBF:Station:289942,Durlach - Bahnhof ,6,2026-05-23 12:52:19+02
NBF:Station:6352777,Zeppelinstraße / Benzstraße,4,2026-05-23 12:52:19+02
NBF:Station:264394,Hauptbahnhof / Touristinformation,37,2026-05-23 12:52:19+02
NBF:Station:280260,Nordweststadt - Kurt-Schumacher-Straße,2,2026-05-23 12:52:19+02
NBF:Station:458,Erbprinzenstr.,1,2026-05-23 12:52:19+02
NBF:Station:281794,Agentur für Arbeit,1,2026-05-23 12:52:19+02
NBF:Station:462174,Bulach - Grünwinkler Straße,4,2026-05-23 12:52:19+02
NBF:Station:280250,Kolpingplatz,1,2026-05-23 12:52:19+02
NBF:Station:462159,Oberreut - Zentrum,5,2026-05-23 12:52:19+02
NBF:Station:367726,KIT Ost,1,2026-05-23 12:52:19+02
NBF:Station:462165,Rüppurr – Tulpenstraße,6,2026-05-23 12:52:19+02
NBF:Station:280249,Prinz-Max-Palais,0,2026-05-23 12:52:19+02
NBF:Station:289946,Durlach Schlossplatz,4,2026-05-23 12:20:17+02
NBF:Station:78972260,Servicescope,3,2026-05-23 12:20:17+02
NBF:Station:78971162,Sophienstraße,3,2026-05-23 12:20:17+02
NBF:Station:50819438,Moltkestraße - CAMPUSbike HSKA,0,2026-05-23 12:20:17+02
NBF:Station:280259,Werderplatz,1,2026-05-23 12:20:17+02
NBF:Station:78970799,Durlach - Alte Karlsruher Straße,1,2026-05-23 12:20:17+02
NBF:Station:78971440,Gerwigstraße,1,2026-05-23 12:20:17+02
NBF:Station:52997350,Schloss Rüppurr,1,2026-05-23 12:20:17+02
NBF:Station:280263,Fächerbad,7,2026-05-23 12:20:17+02
NBF:Station:53001693,Knielinger Allee/Franz-Lust-Straße,0,2026-05-23 12:20:17+02
NBF:Station:9016659,Mühlburg Bahnhof,1,2026-05-23 12:20:17+02
NBF:Station:54869634,Knielingen/Rheinbergstraße,3,2026-05-23 12:20:17+02
NBF:Station:289944,Rommelstr. / Auerstr.,3,2026-05-23 12:20:17+02
NBF:Station:264394,Hauptbahnhof / Touristinformation,35,2026-05-23 12:20:17+02
NBF:Station:289942,Durlach - Bahnhof ,7,2026-05-23 12:20:17+02
NBF:Station:6352777,Zeppelinstraße / Benzstraße,4,2026-05-23 12:20:17+02
NBF:Station:281794,Agentur für Arbeit,2,2026-05-23 12:20:17+02
NBF:Station:280260,Nordweststadt - Kurt-Schumacher-Straße,2,2026-05-23 12:20:17+02
NBF:Station:462159,Oberreut - Zentrum,5,2026-05-23 12:20:17+02
NBF:Station:462174,Bulach - Grünwinkler Straße,3,2026-05-23 12:20:17+02
NBF:Station:280250,Kolpingplatz,1,2026-05-23 12:20:17+02
NBF:Station:280249,Prinz-Max-Palais,0,2026-05-23 12:20:17+02
NBF:Station:367726,KIT Ost,1,2026-05-23 12:20:17+02
NBF:Station:462165,Rüppurr – Tulpenstraße,7,2026-05-23 12:20:17+02
NBF:Station:367726,KIT Ost,1,2026-05-23 11:47:40+02
NBF:Station:280250,Kolpingplatz,0,2026-05-23 11:47:40+02
NBF:Station:462174,Bulach - Grünwinkler Straße,3,2026-05-23 11:47:40+02
NBF:Station:53171791,Südendstraße./ Brauerstr.,1,2026-05-23 11:47:40+02
NBF:Station:462159,Oberreut - Zentrum,5,2026-05-23 11:47:40+02
NBF:Station:462165,Rüppurr – Tulpenstraße,7,2026-05-23 11:47:40+02
NBF:Station:280249,Prinz-Max-Palais,2,2026-05-23 11:47:40+02
NBF:Station:6352777,Zeppelinstraße / Benzstraße,4,2026-05-23 11:47:40+02
NBF:Station:289942,Durlach - Bahnhof ,6,2026-05-23 11:47:40+02
NBF:Station:264394,Hauptbahnhof / Touristinformation,32,2026-05-23 11:47:40+02
NBF:Station:280260,Nordweststadt - Kurt-Schumacher-Straße,2,2026-05-23 11:47:40+02
NBF:Station:281794,Agentur für Arbeit,2,2026-05-23 11:47:40+02
NBF:Station:9016659,Mühlburg Bahnhof,1,2026-05-23 11:47:40+02
NBF:Station:289944,Rommelstr. / Auerstr.,3,2026-05-23 11:47:40+02
NBF:Station:54869634,Knielingen/Rheinbergstraße,3,2026-05-23 11:47:40+02
NBF:Station:280259,Werderplatz,0,2026-05-23 11:47:40+02
NBF:Station:50819438,Moltkestraße - CAMPUSbike HSKA,1,2026-05-23 11:47:40+02
NBF:Station:78970799,Durlach - Alte Karlsruher Straße,1,2026-05-23 11:47:40+02
NBF:Station:78971162,Sophienstraße,4,2026-05-23 11:47:40+02
NBF:Station:289946,Durlach Schlossplatz,4,2026-05-23 11:47:40+02
NBF:Station:78972260,Servicescope,3,2026-05-23 11:47:40+02
NBF:Station:280263,Fächerbad,7,2026-05-23 11:47:40+02
NBF:Station:53001693,Knielinger Allee/Franz-Lust-Straße,1,2026-05-23 11:47:40+02
NBF:Station:52997350,Schloss Rüppurr,1,2026-05-23 11:47:40+02
NBF:Station:280260,Nordweststadt - Kurt-Schumacher-Straße,2,2026-05-23 11:12:12+02
NBF:Station:281794,Agentur für Arbeit,1,2026-05-23 11:12:12+02
NBF:Station:289942,Durlach - Bahnhof ,6,2026-05-23 11:12:12+02
NBF:Station:462159,Oberreut - Zentrum,7,2026-05-23 11:12:12+02
NBF:Station:6352777,Zeppelinstraße / Benzstraße,4,2026-05-23 11:12:12+02
NBF:Station:264394,Hauptbahnhof / Touristinformation,32,2026-05-23 11:12:12+02
NBF:Station:462165,Rüppurr – Tulpenstraße,7,2026-05-23 11:12:12+02
NBF:Station:280249,Prinz-Max-Palais,3,2026-05-23 11:12:12+02
NBF:Station:53171791,Südendstraße./ Brauerstr.,1,2026-05-23 11:12:12+02
NBF:Station:462174,Bulach - Grünwinkler Straße,3,2026-05-23 11:12:12+02
NBF:Station:280250,Kolpingplatz,0,2026-05-23 11:12:12+02
NBF:Station:1390,Karlstraße / Waldstraße,1,2026-05-23 11:12:12+02
NBF:Station:280263,Fächerbad,7,2026-05-23 11:12:12+02
NBF:Station:52997350,Schloss Rüppurr,1,2026-05-23 11:12:12+02
NBF:Station:78970799,Durlach - Alte Karlsruher Straße,1,2026-05-23 11:12:12+02
NBF:Station:50819438,Moltkestraße - CAMPUSbike HSKA,1,2026-05-23 11:12:12+02
NBF:Station:78972260,Servicescope,3,2026-05-23 11:12:12+02
NBF:Station:289946,Durlach Schlossplatz,4,2026-05-23 11:12:12+02
NBF:Station:78971162,Sophienstraße,3,2026-05-23 11:12:12+02
NBF:Station:289944,Rommelstr. / Auerstr.,3,2026-05-23 11:12:12+02
NBF:Station:54869634,Knielingen/Rheinbergstraße,3,2026-05-23 11:12:12+02
NBF:Station:9016659,Mühlburg Bahnhof,1,2026-05-23 11:12:12+02
NBF:Station:280260,Nordweststadt - Kurt-Schumacher-Straße,2,2026-05-23 10:37:49+02
NBF:Station:281794,Agentur für Arbeit,1,2026-05-23 10:37:49+02
NBF:Station:6352777,Zeppelinstraße / Benzstraße,4,2026-05-23 10:37:49+02
NBF:Station:289942,Durlach - Bahnhof ,5,2026-05-23 10:37:49+02
NBF:Station:264394,Hauptbahnhof / Touristinformation,36,2026-05-23 10:37:49+02
NBF:Station:462165,Rüppurr – Tulpenstraße,7,2026-05-23 10:37:49+02
NBF:Station:280249,Prinz-Max-Palais,1,2026-05-23 10:37:49+02
NBF:Station:280250,Kolpingplatz,0,2026-05-23 10:37:49+02
NBF:Station:462174,Bulach - Grünwinkler Straße,3,2026-05-23 10:37:49+02
NBF:Station:53171791,Südendstraße./ Brauerstr.,1,2026-05-23 10:37:49+02
NBF:Station:1390,Karlstraße / Waldstraße,1,2026-05-23 10:37:49+02
NBF:Station:462159,Oberreut - Zentrum,7,2026-05-23 10:37:49+02
NBF:Station:280263,Fächerbad,7,2026-05-23 10:37:49+02
NBF:Station:52997350,Schloss Rüppurr,1,2026-05-23 10:37:49+02
NBF:Station:280322,KIT Süd,1,2026-05-23 10:37:49+02
NBF:Station:78970799,Durlach - Alte Karlsruher Straße,1,2026-05-23 10:37:49+02
NBF:Station:78971162,Sophienstraße,1,2026-05-23 10:37:49+02
NBF:Station:289946,Durlach Schlossplatz,4,2026-05-23 10:37:49+02
NBF:Station:78972260,Servicescope,3,2026-05-23 10:37:49+02
NBF:Station:289944,Rommelstr. / Auerstr.,3,2026-05-23 10:37:49+02
NBF:Station:54869634,Knielingen/Rheinbergstraße,3,2026-05-23 10:37:49+02
NBF:Station:9016659,Mühlburg Bahnhof,1,2026-05-23 10:37:49+02
NBF:Station:280263,Fächerbad,7,2026-05-23 10:03:31+02
NBF:Station:300645,HaDiKo,0,2026-05-23 10:03:31+02
NBF:Station:289944,Rommelstr. / Auerstr.,3,2026-05-23 10:03:31+02
NBF:Station:9016659,Mühlburg Bahnhof,1,2026-05-23 10:03:31+02
NBF:Station:54869634,Knielingen/Rheinbergstraße,3,2026-05-23 10:03:31+02
NBF:Station:78970799,Durlach - Alte Karlsruher Straße,1,2026-05-23 10:03:31+02
NBF:Station:78972260,Servicescope,3,2026-05-23 10:03:31+02
NBF:Station:289946,Durlach Schlossplatz,4,2026-05-23 10:03:31+02
NBF:Station:37983402,Tennesseeallee - CAMPUSbike KIT,1,2026-05-23 10:03:31+02
NBF:Station:52997350,Schloss Rüppurr,1,2026-05-23 10:03:31+02
NBF:Station:280322,KIT Süd,0,2026-05-23 10:03:31+02
NBF:Station:280250,Kolpingplatz,1,2026-05-23 10:03:31+02
NBF:Station:53171791,Südendstraße./ Brauerstr.,1,2026-05-23 10:03:31+02
NBF:Station:462174,Bulach - Grünwinkler Straße,3,2026-05-23 10:03:31+02
NBF:Station:462159,Oberreut - Zentrum,8,2026-05-23 10:03:31+02
NBF:Station:1390,Karlstraße / Waldstraße,1,2026-05-23 10:03:31+02
NBF:Station:462165,Rüppurr – Tulpenstraße,7,2026-05-23 10:03:31+02
NBF:Station:280258,Karlstor,1,2026-05-23 10:03:31+02
NBF:Station:280249,Prinz-Max-Palais,0,2026-05-23 10:03:31+02
NBF:Station:6352777,Zeppelinstraße / Benzstraße,4,2026-05-23 10:03:31+02
NBF:Station:289942,Durlach - Bahnhof ,3,2026-05-23 10:03:31+02
NBF:Station:264394,Hauptbahnhof / Touristinformation,31,2026-05-23 10:03:31+02
NBF:Station:280260,Nordweststadt - Kurt-Schumacher-Straße,2,2026-05-23 10:03:31+02
NBF:Station:281794,Agentur für Arbeit,1,2026-05-23 10:03:31+02
NBF:Station:281794,Agentur für Arbeit,1,2026-05-23 09:29:37+02
NBF:Station:280260,Nordweststadt - Kurt-Schumacher-Straße,2,2026-05-23 09:29:37+02
NBF:Station:264394,Hauptbahnhof / Touristinformation,28,2026-05-23 09:29:37+02
NBF:Station:6352777,Zeppelinstraße / Benzstraße,4,2026-05-23 09:29:37+02
NBF:Station:289942,Durlach - Bahnhof ,4,2026-05-23 09:29:37+02
NBF:Station:280249,Prinz-Max-Palais,1,2026-05-23 09:29:37+02
NBF:Station:462165,Rüppurr – Tulpenstraße,8,2026-05-23 09:29:37+02
NBF:Station:367726,KIT Ost,0,2026-05-23 09:29:37+02
NBF:Station:1390,Karlstraße / Waldstraße,0,2026-05-23 09:29:37+02
NBF:Station:462159,Oberreut - Zentrum,8,2026-05-23 09:29:37+02
NBF:Station:280250,Kolpingplatz,1,2026-05-23 09:29:37+02
NBF:Station:462174,Bulach - Grünwinkler Straße,3,2026-05-23 09:29:37+02
NBF:Station:53171791,Südendstraße./ Brauerstr.,1,2026-05-23 09:29:37+02
NBF:Station:280322,KIT Süd,2,2026-05-23 09:29:37+02
NBF:Station:52997350,Schloss Rüppurr,1,2026-05-23 09:29:37+02
NBF:Station:37983402,Tennesseeallee - CAMPUSbike KIT,1,2026-05-23 09:29:37+02
NBF:Station:280263,Fächerbad,7,2026-05-23 09:29:37+02
NBF:Station:289946,Durlach Schlossplatz,4,2026-05-23 09:29:37+02
NBF:Station:78972260,Servicescope,3,2026-05-23 09:29:37+02
NBF:Station:78970799,Durlach - Alte Karlsruher Straße,1,2026-05-23 09:29:37+02
NBF:Station:54869634,Knielingen/Rheinbergstraße,3,2026-05-23 09:29:37+02
NBF:Station:289944,Rommelstr. / Auerstr.,3,2026-05-23 09:29:37+02
NBF:Station:9016659,Mühlburg Bahnhof,1,2026-05-23 09:29:37+02
NBF:Station:280322,KIT Süd,1,2026-05-23 08:53:43+02
NBF:Station:52997350,Schloss Rüppurr,1,2026-05-23 08:53:43+02
NBF:Station:37983402,Tennesseeallee - CAMPUSbike KIT,0,2026-05-23 08:53:43+02
NBF:Station:280263,Fächerbad,7,2026-05-23 08:53:43+02
NBF:Station:53001693,Knielinger Allee/Franz-Lust-Straße,0,2026-05-23 08:53:43+02
NBF:Station:289946,Durlach Schlossplatz,4,2026-05-23 08:53:43+02
NBF:Station:78972260,Servicescope,3,2026-05-23 08:53:43+02
NBF:Station:78970799,Durlach - Alte Karlsruher Straße,1,2026-05-23 08:53:43+02
NBF:Station:54869634,Knielingen/Rheinbergstraße,3,2026-05-23 08:53:43+02
NBF:Station:289944,Rommelstr. / Auerstr.,3,2026-05-23 08:53:43+02
NBF:Station:9016659,Mühlburg Bahnhof,1,2026-05-23 08:53:43+02
NBF:Station:281794,Agentur für Arbeit,1,2026-05-23 08:53:43+02
NBF:Station:280260,Nordweststadt - Kurt-Schumacher-Straße,2,2026-05-23 08:53:43+02
NBF:Station:264394,Hauptbahnhof / Touristinformation,28,2026-05-23 08:53:43+02
NBF:Station:6352777,Zeppelinstraße / Benzstraße,4,2026-05-23 08:53:43+02
NBF:Station:280250,Kolpingplatz,1,2026-05-23 08:53:43+02
NBF:Station:289942,Durlach - Bahnhof ,4,2026-05-23 08:53:43+02
NBF:Station:280249,Prinz-Max-Palais,0,2026-05-23 08:53:43+02
NBF:Station:462165,Rüppurr – Tulpenstraße,8,2026-05-23 08:53:43+02
NBF:Station:367726,KIT Ost,0,2026-05-23 08:53:43+02
NBF:Station:462159,Oberreut - Zentrum,8,2026-05-23 08:53:43+02
NBF:Station:462174,Bulach - Grünwinkler Straße,2,2026-05-23 08:53:43+02
NBF:Station:53171791,Südendstraße./ Brauerstr.,1,2026-05-23 08:53:43+02
NBF:Station:54869634,Knielingen/Rheinbergstraße,3,2026-05-23 08:20:41+02
NBF:Station:289944,Rommelstr. / Auerstr.,3,2026-05-23 08:20:41+02
NBF:Station:78972260,Servicescope,3,2026-05-23 08:20:41+02
NBF:Station:289946,Durlach Schlossplatz,4,2026-05-23 08:20:41+02
NBF:Station:78970799,Durlach - Alte Karlsruher Straße,1,2026-05-23 08:20:41+02
NBF:Station:280250,Kolpingplatz,1,2026-05-23 08:20:41+02
NBF:Station:52997350,Schloss Rüppurr,1,2026-05-23 08:20:41+02
NBF:Station:53001693,Knielinger Allee/Franz-Lust-Straße,0,2026-05-23 08:20:41+02
NBF:Station:280263,Fächerbad,7,2026-05-23 08:20:41+02
NBF:Station:37983402,Tennesseeallee - CAMPUSbike KIT,3,2026-05-23 08:20:41+02
NBF:Station:462159,Oberreut - Zentrum,8,2026-05-23 08:20:41+02
NBF:Station:53171791,Südendstraße./ Brauerstr.,1,2026-05-23 08:20:41+02
NBF:Station:462174,Bulach - Grünwinkler Straße,2,2026-05-23 08:20:41+02
NBF:Station:280249,Prinz-Max-Palais,1,2026-05-23 08:20:41+02
NBF:Station:462165,Rüppurr – Tulpenstraße,8,2026-05-23 08:20:41+02
NBF:Station:367726,KIT Ost,2,2026-05-23 08:20:41+02
NBF:Station:264394,Hauptbahnhof / Touristinformation,27,2026-05-23 08:20:41+02
NBF:Station:6352777,Zeppelinstraße / Benzstraße,4,2026-05-23 08:20:41+02
NBF:Station:289942,Durlach - Bahnhof ,4,2026-05-23 08:20:41+02
NBF:Station:281794,Agentur für Arbeit,1,2026-05-23 08:20:41+02
NBF:Station:280260,Nordweststadt - Kurt-Schumacher-Straße,2,2026-05-23 08:20:41+02
NBF:Station:280249,Prinz-Max-Palais,1,2026-05-23 07:43:40+02
NBF:Station:462165,Rüppurr – Tulpenstraße,8,2026-05-23 07:43:40+02
NBF:Station:367726,KIT Ost,2,2026-05-23 07:43:40+02
NBF:Station:300645,HaDiKo,0,2026-05-23 07:43:40+02
NBF:Station:462159,Oberreut - Zentrum,8,2026-05-23 07:43:40+02
NBF:Station:53171791,Südendstraße./ Brauerstr.,1,2026-05-23 07:43:40+02
NBF:Station:281794,Agentur für Arbeit,1,2026-05-23 07:43:40+02
NBF:Station:280260,Nordweststadt - Kurt-Schumacher-Straße,2,2026-05-23 07:43:40+02
NBF:Station:264394,Hauptbahnhof / Touristinformation,18,2026-05-23 07:43:40+02
NBF:Station:6352777,Zeppelinstraße / Benzstraße,4,2026-05-23 07:43:40+02
NBF:Station:289942,Durlach - Bahnhof ,3,2026-05-23 07:43:40+02
NBF:Station:54869634,Knielingen/Rheinbergstraße,3,2026-05-23 07:43:40+02
NBF:Station:289944,Rommelstr. / Auerstr.,3,2026-05-23 07:43:40+02
NBF:Station:52997350,Schloss Rüppurr,1,2026-05-23 07:43:40+02
NBF:Station:37983402,Tennesseeallee - CAMPUSbike KIT,3,2026-05-23 07:43:40+02
NBF:Station:53001693,Knielinger Allee/Franz-Lust-Straße,1,2026-05-23 07:43:40+02
NBF:Station:280263,Fächerbad,7,2026-05-23 07:43:40+02
NBF:Station:78972260,Servicescope,3,2026-05-23 07:43:40+02
NBF:Station:289946,Durlach Schlossplatz,4,2026-05-23 07:43:40+02
NBF:Station:78970799,Durlach - Alte Karlsruher Straße,1,2026-05-23 07:43:40+02
NBF:Station:78970799,Durlach - Alte Karlsruher Straße,1,2026-05-23 07:06:44+02
NBF:Station:78972260,Servicescope,3,2026-05-23 07:06:44+02
NBF:Station:289946,Durlach Schlossplatz,4,2026-05-23 07:06:44+02
NBF:Station:37983402,Tennesseeallee - CAMPUSbike KIT,4,2026-05-23 07:06:44+02
NBF:Station:53001693,Knielinger Allee/Franz-Lust-Straße,2,2026-05-23 07:06:44+02
NBF:Station:280263,Fächerbad,7,2026-05-23 07:06:44+02
NBF:Station:52997350,Schloss Rüppurr,1,2026-05-23 07:06:44+02
NBF:Station:289944,Rommelstr. / Auerstr.,3,2026-05-23 07:06:44+02
NBF:Station:54869634,Knielingen/Rheinbergstraße,3,2026-05-23 07:06:44+02
NBF:Station:6352777,Zeppelinstraße / Benzstraße,4,2026-05-23 07:06:44+02
NBF:Station:289942,Durlach - Bahnhof ,3,2026-05-23 07:06:44+02
NBF:Station:264394,Hauptbahnhof / Touristinformation,15,2026-05-23 07:06:44+02
NBF:Station:367726,KIT Ost,2,2026-05-23 07:06:44+02
NBF:Station:280260,Nordweststadt - Kurt-Schumacher-Straße,2,2026-05-23 07:06:44+02
NBF:Station:281794,Agentur für Arbeit,1,2026-05-23 07:06:44+02
NBF:Station:53171791,Südendstraße./ Brauerstr.,1,2026-05-23 07:06:44+02
NBF:Station:300645,HaDiKo,2,2026-05-23 07:06:44+02
NBF:Station:462159,Oberreut - Zentrum,8,2026-05-23 07:06:44+02
NBF:Station:462165,Rüppurr – Tulpenstraße,8,2026-05-23 07:06:44+02
NBF:Station:280249,Prinz-Max-Palais,1,2026-05-23 07:06:44+02
NBF:Station:280249,Prinz-Max-Palais,1,2026-05-23 06:30:04+02
NBF:Station:367726,KIT Ost,3,2026-05-23 06:30:04+02
NBF:Station:462165,Rüppurr – Tulpenstraße,9,2026-05-23 06:30:04+02
NBF:Station:462159,Oberreut - Zentrum,8,2026-05-23 06:30:04+02
NBF:Station:300645,HaDiKo,5,2026-05-23 06:30:04+02
NBF:Station:53171791,Südendstraße./ Brauerstr.,1,2026-05-23 06:30:04+02
NBF:Station:281794,Agentur für Arbeit,1,2026-05-23 06:30:04+02
NBF:Station:280260,Nordweststadt - Kurt-Schumacher-Straße,2,2026-05-23 06:30:04+02
NBF:Station:264394,Hauptbahnhof / Touristinformation,12,2026-05-23 06:30:04+02
NBF:Station:289942,Durlach - Bahnhof ,3,2026-05-23 06:30:04+02
NBF:Station:6352777,Zeppelinstraße / Benzstraße,4,2026-05-23 06:30:04+02
NBF:Station:54869634,Knielingen/Rheinbergstraße,3,2026-05-23 06:30:04+02
NBF:Station:289944,Rommelstr. / Auerstr.,3,2026-05-23 06:30:04+02
NBF:Station:52997350,Schloss Rüppurr,1,2026-05-23 06:30:04+02
NBF:Station:53001693,Knielinger Allee/Franz-Lust-Straße,2,2026-05-23 06:30:04+02
NBF:Station:280263,Fächerbad,7,2026-05-23 06:30:04+02
NBF:Station:37983402,Tennesseeallee - CAMPUSbike KIT,4,2026-05-23 06:30:04+02
NBF:Station:78972260,Servicescope,3,2026-05-23 06:30:04+02
NBF:Station:289946,Durlach Schlossplatz,4,2026-05-23 06:30:04+02
NBF:Station:78970799,Durlach - Alte Karlsruher Straße,1,2026-05-23 06:30:04+02
NBF:Station:280250,Kolpingplatz,1,2026-05-23 05:56:50+02
NBF:Station:289946,Durlach Schlossplatz,4,2026-05-23 05:56:50+02
NBF:Station:78972260,Servicescope,3,2026-05-23 05:56:50+02
NBF:Station:78970799,Durlach - Alte Karlsruher Straße,1,2026-05-23 05:56:50+02
NBF:Station:52997350,Schloss Rüppurr,1,2026-05-23 05:56:50+02
NBF:Station:37983402,Tennesseeallee - CAMPUSbike KIT,5,2026-05-23 05:56:50+02
NBF:Station:280263,Fächerbad,7,2026-05-23 05:56:50+02
NBF:Station:53001693,Knielinger Allee/Franz-Lust-Straße,2,2026-05-23 05:56:50+02
NBF:Station:54869634,Knielingen/Rheinbergstraße,3,2026-05-23 05:56:50+02
NBF:Station:289944,Rommelstr. / Auerstr.,3,2026-05-23 05:56:50+02
NBF:Station:264394,Hauptbahnhof / Touristinformation,11,2026-05-23 05:56:50+02
NBF:Station:6352777,Zeppelinstraße / Benzstraße,4,2026-05-23 05:56:50+02
NBF:Station:289942,Durlach - Bahnhof ,3,2026-05-23 05:56:50+02
NBF:Station:281794,Agentur für Arbeit,1,2026-05-23 05:56:50+02
NBF:Station:280260,Nordweststadt - Kurt-Schumacher-Straße,2,2026-05-23 05:56:50+02
NBF:Station:300645,HaDiKo,6,2026-05-23 05:56:50+02
NBF:Station:462159,Oberreut - Zentrum,8,2026-05-23 05:56:50+02
NBF:Station:53171791,Südendstraße./ Brauerstr.,1,2026-05-23 05:56:50+02
NBF:Station:280249,Prinz-Max-Palais,1,2026-05-23 05:56:50+02
NBF:Station:462165,Rüppurr – Tulpenstraße,9,2026-05-23 05:56:50+02
NBF:Station:367726,KIT Ost,3,2026-05-23 05:56:50+02
NBF:Station:280260,Nordweststadt - Kurt-Schumacher-Straße,3,2026-05-23 05:21:42+02
NBF:Station:281794,Agentur für Arbeit,1,2026-05-23 05:21:42+02
NBF:Station:6352777,Zeppelinstraße / Benzstraße,4,2026-05-23 05:21:42+02
NBF:Station:289942,Durlach - Bahnhof ,3,2026-05-23 05:21:42+02
NBF:Station:264394,Hauptbahnhof / Touristinformation,7,2026-05-23 05:21:42+02
NBF:Station:462165,Rüppurr – Tulpenstraße,9,2026-05-23 05:21:42+02
NBF:Station:367726,KIT Ost,3,2026-05-23 05:21:42+02
NBF:Station:280249,Prinz-Max-Palais,1,2026-05-23 05:21:42+02
NBF:Station:280250,Kolpingplatz,1,2026-05-23 05:21:42+02
NBF:Station:280263,Fächerbad,7,2026-05-23 05:21:42+02
NBF:Station:53171791,Südendstraße./ Brauerstr.,1,2026-05-23 05:21:42+02
NBF:Station:300645,HaDiKo,7,2026-05-23 05:21:42+02
NBF:Station:462159,Oberreut - Zentrum,8,2026-05-23 05:21:42+02
NBF:Station:53001693,Knielinger Allee/Franz-Lust-Straße,3,2026-05-23 05:21:42+02
NBF:Station:37983402,Tennesseeallee - CAMPUSbike KIT,5,2026-05-23 05:21:42+02
NBF:Station:52997350,Schloss Rüppurr,1,2026-05-23 05:21:42+02
NBF:Station:78970799,Durlach - Alte Karlsruher Straße,1,2026-05-23 05:21:42+02
NBF:Station:78972260,Servicescope,3,2026-05-23 05:21:42+02
NBF:Station:289946,Durlach Schlossplatz,4,2026-05-23 05:21:42+02
NBF:Station:289944,Rommelstr. / Auerstr.,3,2026-05-23 05:21:42+02
NBF:Station:54869634,Knielingen/Rheinbergstraße,3,2026-05-23 05:21:42+02
NBF:Station:280249,Prinz-Max-Palais,1,2026-05-23 04:45:12+02
NBF:Station:462165,Rüppurr – Tulpenstraße,8,2026-05-23 04:45:12+02
NBF:Station:367726,KIT Ost,3,2026-05-23 04:45:12+02
NBF:Station:300645,HaDiKo,8,2026-05-23 04:45:12+02
NBF:Station:462159,Oberreut - Zentrum,8,2026-05-23 04:45:12+02
NBF:Station:280250,Kolpingplatz,1,2026-05-23 04:45:12+02
NBF:Station:53171791,Südendstraße./ Brauerstr.,1,2026-05-23 04:45:12+02
NBF:Station:280261,Knielingen / Herweghstraße,1,2026-05-23 04:45:12+02
NBF:Station:280260,Nordweststadt - Kurt-Schumacher-Straße,3,2026-05-23 04:45:12+02
NBF:Station:264394,Hauptbahnhof / Touristinformation,7,2026-05-23 04:45:12+02
NBF:Station:6352777,Zeppelinstraße / Benzstraße,4,2026-05-23 04:45:12+02
NBF:Station:289942,Durlach - Bahnhof ,3,2026-05-23 04:45:12+02
NBF:Station:54869634,Knielingen/Rheinbergstraße,3,2026-05-23 04:45:12+02
NBF:Station:289944,Rommelstr. / Auerstr.,3,2026-05-23 04:45:12+02
NBF:Station:52997350,Schloss Rüppurr,1,2026-05-23 04:45:12+02
NBF:Station:37983402,Tennesseeallee - CAMPUSbike KIT,5,2026-05-23 04:45:12+02
NBF:Station:280263,Fächerbad,7,2026-05-23 04:45:12+02
NBF:Station:53001693,Knielinger Allee/Franz-Lust-Straße,2,2026-05-23 04:45:12+02
NBF:Station:289946,Durlach Schlossplatz,4,2026-05-23 04:45:12+02
NBF:Station:78972260,Servicescope,3,2026-05-23 04:45:12+02
NBF:Station:78970799,Durlach - Alte Karlsruher Straße,1,2026-05-23 04:45:12+02
NBF:Station:289942,Durlach - Bahnhof ,3,2026-05-23 04:11:48+02
NBF:Station:6352777,Zeppelinstraße / Benzstraße,4,2026-05-23 04:11:48+02
NBF:Station:264394,Hauptbahnhof / Touristinformation,7,2026-05-23 04:11:48+02
NBF:Station:6352822,Carl-Metz-Straße,1,2026-05-23 04:11:48+02
NBF:Station:280260,Nordweststadt - Kurt-Schumacher-Straße,3,2026-05-23 04:11:48+02
NBF:Station:280261,Knielingen / Herweghstraße,1,2026-05-23 04:11:48+02
NBF:Station:53171791,Südendstraße./ Brauerstr.,1,2026-05-23 04:11:48+02
NBF:Station:280250,Kolpingplatz,1,2026-05-23 04:11:48+02
NBF:Station:462159,Oberreut - Zentrum,8,2026-05-23 04:11:48+02
NBF:Station:300645,HaDiKo,7,2026-05-23 04:11:48+02
NBF:Station:367726,KIT Ost,2,2026-05-23 04:11:48+02
NBF:Station:462165,Rüppurr – Tulpenstraße,7,2026-05-23 04:11:48+02
NBF:Station:280249,Prinz-Max-Palais,1,2026-05-23 04:11:48+02
NBF:Station:78970799,Durlach - Alte Karlsruher Straße,1,2026-05-23 04:11:48+02
NBF:Station:289946,Durlach Schlossplatz,4,2026-05-23 04:11:48+02
NBF:Station:78972260,Servicescope,3,2026-05-23 04:11:48+02
NBF:Station:280263,Fächerbad,7,2026-05-23 04:11:48+02
NBF:Station:53001693,Knielinger Allee/Franz-Lust-Straße,2,2026-05-23 04:11:48+02
NBF:Station:37983402,Tennesseeallee - CAMPUSbike KIT,5,2026-05-23 04:11:48+02
NBF:Station:52997350,Schloss Rüppurr,1,2026-05-23 04:11:48+02
NBF:Station:289944,Rommelstr. / Auerstr.,3,2026-05-23 04:11:48+02
NBF:Station:54869634,Knielingen/Rheinbergstraße,3,2026-05-23 04:11:48+02
NBF:Station:52997350,Schloss Rüppurr,1,2026-05-23 03:36:41+02
NBF:Station:37983402,Tennesseeallee - CAMPUSbike KIT,5,2026-05-23 03:36:41+02
NBF:Station:280263,Fächerbad,7,2026-05-23 03:36:41+02
NBF:Station:53001693,Knielinger Allee/Franz-Lust-Straße,2,2026-05-23 03:36:41+02
NBF:Station:289946,Durlach Schlossplatz,4,2026-05-23 03:36:41+02
NBF:Station:78972260,Servicescope,3,2026-05-23 03:36:41+02
NBF:Station:78970799,Durlach - Alte Karlsruher Straße,1,2026-05-23 03:36:41+02
NBF:Station:78971440,Gerwigstraße,1,2026-05-23 03:36:41+02
NBF:Station:54869634,Knielingen/Rheinbergstraße,3,2026-05-23 03:36:41+02
NBF:Station:289944,Rommelstr. / Auerstr.,3,2026-05-23 03:36:41+02
NBF:Station:280261,Knielingen / Herweghstraße,1,2026-05-23 03:36:41+02
NBF:Station:280260,Nordweststadt - Kurt-Schumacher-Straße,3,2026-05-23 03:36:41+02
NBF:Station:264394,Hauptbahnhof / Touristinformation,7,2026-05-23 03:36:41+02
NBF:Station:6352822,Carl-Metz-Straße,1,2026-05-23 03:36:41+02
NBF:Station:289942,Durlach - Bahnhof ,2,2026-05-23 03:36:41+02
NBF:Station:6352777,Zeppelinstraße / Benzstraße,4,2026-05-23 03:36:41+02
NBF:Station:280249,Prinz-Max-Palais,0,2026-05-23 03:36:41+02
NBF:Station:367726,KIT Ost,2,2026-05-23 03:36:41+02
NBF:Station:462165,Rüppurr – Tulpenstraße,7,2026-05-23 03:36:41+02
NBF:Station:462159,Oberreut - Zentrum,8,2026-05-23 03:36:41+02
NBF:Station:300645,HaDiKo,7,2026-05-23 03:36:41+02
NBF:Station:53171791,Südendstraße./ Brauerstr.,1,2026-05-23 03:36:41+02
NBF:Station:280250,Kolpingplatz,1,2026-05-23 03:36:41+02
NBF:Station:289944,Rommelstr. / Auerstr.,3,2026-05-23 03:01:24+02
NBF:Station:54869634,Knielingen/Rheinbergstraße,3,2026-05-23 03:01:24+02
NBF:Station:78970799,Durlach - Alte Karlsruher Straße,2,2026-05-23 03:01:24+02
NBF:Station:78971440,Gerwigstraße,1,2026-05-23 03:01:24+02
NBF:Station:289946,Durlach Schlossplatz,4,2026-05-23 03:01:24+02
NBF:Station:78972260,Servicescope,3,2026-05-23 03:01:24+02
NBF:Station:280263,Fächerbad,7,2026-05-23 03:01:24+02
NBF:Station:53001693,Knielinger Allee/Franz-Lust-Straße,1,2026-05-23 03:01:24+02
NBF:Station:37983402,Tennesseeallee - CAMPUSbike KIT,3,2026-05-23 03:01:24+02
NBF:Station:52997350,Schloss Rüppurr,1,2026-05-23 03:01:24+02
NBF:Station:53171791,Südendstraße./ Brauerstr.,1,2026-05-23 03:01:24+02
NBF:Station:280250,Kolpingplatz,1,2026-05-23 03:01:24+02
NBF:Station:1390,Karlstraße / Waldstraße,1,2026-05-23 03:01:24+02
NBF:Station:462159,Oberreut - Zentrum,8,2026-05-23 03:01:24+02
NBF:Station:300645,HaDiKo,6,2026-05-23 03:01:24+02
NBF:Station:367726,KIT Ost,2,2026-05-23 03:01:24+02
NBF:Station:462165,Rüppurr – Tulpenstraße,7,2026-05-23 03:01:24+02
NBF:Station:280249,Prinz-Max-Palais,1,2026-05-23 03:01:24+02
NBF:Station:289942,Durlach - Bahnhof ,1,2026-05-23 03:01:24+02
NBF:Station:6352777,Zeppelinstraße / Benzstraße,4,2026-05-23 03:01:24+02
NBF:Station:264394,Hauptbahnhof / Touristinformation,8,2026-05-23 03:01:24+02
NBF:Station:6352822,Carl-Metz-Straße,1,2026-05-23 03:01:24+02
NBF:Station:280260,Nordweststadt - Kurt-Schumacher-Straße,3,2026-05-23 03:01:24+02
NBF:Station:52997350,Schloss Rüppurr,1,2026-05-23 02:24:42+02
NBF:Station:53001693,Knielinger Allee/Franz-Lust-Straße,1,2026-05-23 02:24:42+02
NBF:Station:280263,Fächerbad,7,2026-05-23 02:24:42+02
NBF:Station:37983402,Tennesseeallee - CAMPUSbike KIT,1,2026-05-23 02:24:42+02
NBF:Station:78972260,Servicescope,3,2026-05-23 02:24:42+02
NBF:Station:289946,Durlach Schlossplatz,4,2026-05-23 02:24:42+02
NBF:Station:78970799,Durlach - Alte Karlsruher Straße,2,2026-05-23 02:24:42+02
NBF:Station:78971440,Gerwigstraße,1,2026-05-23 02:24:42+02
NBF:Station:54869634,Knielingen/Rheinbergstraße,3,2026-05-23 02:24:42+02
NBF:Station:289944,Rommelstr. / Auerstr.,3,2026-05-23 02:24:42+02
NBF:Station:289942,Durlach - Bahnhof ,1,2026-05-23 02:24:42+02
NBF:Station:280260,Nordweststadt - Kurt-Schumacher-Straße,3,2026-05-23 02:24:42+02
NBF:Station:6352822,Carl-Metz-Straße,1,2026-05-23 02:24:42+02
NBF:Station:264394,Hauptbahnhof / Touristinformation,10,2026-05-23 02:24:42+02
NBF:Station:6352777,Zeppelinstraße / Benzstraße,3,2026-05-23 02:24:42+02
NBF:Station:280249,Prinz-Max-Palais,1,2026-05-23 02:24:42+02
NBF:Station:462165,Rüppurr – Tulpenstraße,5,2026-05-23 02:24:42+02
NBF:Station:367726,KIT Ost,4,2026-05-23 02:24:42+02
NBF:Station:300645,HaDiKo,6,2026-05-23 02:24:42+02
NBF:Station:462159,Oberreut - Zentrum,8,2026-05-23 02:24:42+02
NBF:Station:1390,Karlstraße / Waldstraße,1,2026-05-23 02:24:42+02
NBF:Station:280253,Karl-Wilhelm-Platz,1,2026-05-23 02:24:42+02
NBF:Station:280250,Kolpingplatz,1,2026-05-23 02:24:42+02
NBF:Station:53171791,Südendstraße./ Brauerstr.,1,2026-05-23 02:24:42+02
NBF:Station:289946,Durlach Schlossplatz,4,2026-05-23 01:45:23+02
NBF:Station:78972260,Servicescope,3,2026-05-23 01:45:23+02
NBF:Station:78970799,Durlach - Alte Karlsruher Straße,0,2026-05-23 01:45:23+02
NBF:Station:78971440,Gerwigstraße,1,2026-05-23 01:45:23+02
NBF:Station:52997350,Schloss Rüppurr,1,2026-05-23 01:45:23+02
NBF:Station:280263,Fächerbad,7,2026-05-23 01:45:23+02
NBF:Station:37983402,Tennesseeallee - CAMPUSbike KIT,1,2026-05-23 01:45:23+02
NBF:Station:54869634,Knielingen/Rheinbergstraße,4,2026-05-23 01:45:23+02
NBF:Station:289944,Rommelstr. / Auerstr.,3,2026-05-23 01:45:23+02
NBF:Station:6352822,Carl-Metz-Straße,3,2026-05-23 01:45:23+02
NBF:Station:264394,Hauptbahnhof / Touristinformation,13,2026-05-23 01:45:23+02
NBF:Station:6352777,Zeppelinstraße / Benzstraße,3,2026-05-23 01:45:23+02
NBF:Station:289942,Durlach - Bahnhof ,1,2026-05-23 01:45:23+02
NBF:Station:280261,Knielingen / Herweghstraße,1,2026-05-23 01:45:23+02
NBF:Station:280260,Nordweststadt - Kurt-Schumacher-Straße,2,2026-05-23 01:45:23+02
NBF:Station:300645,HaDiKo,7,2026-05-23 01:45:23+02
NBF:Station:462159,Oberreut - Zentrum,8,2026-05-23 01:45:23+02
NBF:Station:280250,Kolpingplatz,1,2026-05-23 01:45:23+02
NBF:Station:53171791,Südendstraße./ Brauerstr.,1,2026-05-23 01:45:23+02
NBF:Station:280249,Prinz-Max-Palais,1,2026-05-23 01:45:23+02
NBF:Station:462165,Rüppurr – Tulpenstraße,4,2026-05-23 01:45:23+02
NBF:Station:367726,KIT Ost,4,2026-05-23 01:45:23+02
NBF:Station:289944,Rommelstr. / Auerstr.,3,2026-05-23 01:06:28+02
NBF:Station:54869634,Knielingen/Rheinbergstraße,4,2026-05-23 01:06:28+02
NBF:Station:280263,Fächerbad,7,2026-05-23 01:06:28+02
NBF:Station:37983402,Tennesseeallee - CAMPUSbike KIT,2,2026-05-23 01:06:28+02
NBF:Station:52997350,Schloss Rüppurr,1,2026-05-23 01:06:28+02
NBF:Station:280259,Werderplatz,1,2026-05-23 01:06:28+02
NBF:Station:78970799,Durlach - Alte Karlsruher Straße,2,2026-05-23 01:06:28+02
NBF:Station:78971440,Gerwigstraße,1,2026-05-23 01:06:28+02
NBF:Station:289946,Durlach Schlossplatz,3,2026-05-23 01:06:28+02
NBF:Station:78972260,Servicescope,3,2026-05-23 01:06:28+02
NBF:Station:367726,KIT Ost,3,2026-05-23 01:06:28+02
NBF:Station:462165,Rüppurr – Tulpenstraße,4,2026-05-23 01:06:28+02
NBF:Station:280249,Prinz-Max-Palais,2,2026-05-23 01:06:28+02
NBF:Station:53171791,Südendstraße./ Brauerstr.,1,2026-05-23 01:06:28+02
NBF:Station:280255,Kreativpark/Alter Schlachthof,1,2026-05-23 01:06:28+02
NBF:Station:280250,Kolpingplatz,1,2026-05-23 01:06:28+02
NBF:Station:462159,Oberreut - Zentrum,8,2026-05-23 01:06:28+02
NBF:Station:300645,HaDiKo,3,2026-05-23 01:06:28+02
NBF:Station:280260,Nordweststadt - Kurt-Schumacher-Straße,2,2026-05-23 01:06:28+02
NBF:Station:280261,Knielingen / Herweghstraße,1,2026-05-23 01:06:28+02
NBF:Station:289942,Durlach - Bahnhof ,0,2026-05-23 01:06:28+02
NBF:Station:6352777,Zeppelinstraße / Benzstraße,3,2026-05-23 01:06:28+02
NBF:Station:264394,Hauptbahnhof / Touristinformation,11,2026-05-23 01:06:28+02
NBF:Station:6352822,Carl-Metz-Straße,3,2026-05-23 01:06:28+02
NBF:Station:300645,HaDiKo,5,2026-05-23 00:25:44+02
NBF:Station:54869634,Knielingen/Rheinbergstraße,4,2026-05-23 00:25:44+02
NBF:Station:78971440,Gerwigstraße,1,2026-05-23 00:25:44+02
NBF:Station:289944,Rommelstr. / Auerstr.,3,2026-05-23 00:25:44+02
NBF:Station:289946,Durlach Schlossplatz,3,2026-05-23 00:25:44+02
NBF:Station:78972260,Servicescope,3,2026-05-23 00:25:44+02
NBF:Station:280259,Werderplatz,5,2026-05-23 00:25:44+02
NBF:Station:78970799,Durlach - Alte Karlsruher Straße,2,2026-05-23 00:25:44+02
NBF:Station:52997350,Schloss Rüppurr,1,2026-05-23 00:25:44+02
NBF:Station:37983402,Tennesseeallee - CAMPUSbike KIT,1,2026-05-23 00:25:44+02
NBF:Station:280263,Fächerbad,7,2026-05-23 00:25:44+02
NBF:Station:53001693,Knielinger Allee/Franz-Lust-Straße,1,2026-05-23 00:25:44+02
NBF:Station:462159,Oberreut - Zentrum,7,2026-05-23 00:25:44+02
NBF:Station:53171791,Südendstraße./ Brauerstr.,1,2026-05-23 00:25:44+02
NBF:Station:280250,Kolpingplatz,1,2026-05-23 00:25:44+02
NBF:Station:280249,Prinz-Max-Palais,1,2026-05-23 00:25:44+02
NBF:Station:367726,KIT Ost,2,2026-05-23 00:25:44+02
NBF:Station:462165,Rüppurr – Tulpenstraße,4,2026-05-23 00:25:44+02
NBF:Station:264394,Hauptbahnhof / Touristinformation,15,2026-05-23 00:25:44+02
NBF:Station:6352822,Carl-Metz-Straße,3,2026-05-23 00:25:44+02
NBF:Station:289942,Durlach - Bahnhof ,1,2026-05-23 00:25:44+02
NBF:Station:6352777,Zeppelinstraße / Benzstraße,3,2026-05-23 00:25:44+02
NBF:Station:280261,Knielingen / Herweghstraße,1,2026-05-23 00:25:44+02
NBF:Station:280260,Nordweststadt - Kurt-Schumacher-Straße,2,2026-05-23 00:25:44+02
NBF:Station:289944,Rommelstr. / Auerstr.,3,2026-05-22 23:45:34+02
NBF:Station:54869634,Knielingen/Rheinbergstraße,4,2026-05-22 23:45:34+02
NBF:Station:78972260,Servicescope,3,2026-05-22 23:45:34+02
NBF:Station:289946,Durlach Schlossplatz,3,2026-05-22 23:45:34+02
NBF:Station:78970799,Durlach - Alte Karlsruher Straße,2,2026-05-22 23:45:34+02
NBF:Station:78971440,Gerwigstraße,0,2026-05-22 23:45:34+02
NBF:Station:280259,Werderplatz,2,2026-05-22 23:45:34+02
NBF:Station:52997350,Schloss Rüppurr,1,2026-05-22 23:45:34+02
NBF:Station:53001693,Knielinger Allee/Franz-Lust-Straße,2,2026-05-22 23:45:34+02
NBF:Station:280263,Fächerbad,7,2026-05-22 23:45:34+02
NBF:Station:462159,Oberreut - Zentrum,7,2026-05-22 23:45:34+02
NBF:Station:300645,HaDiKo,0,2026-05-22 23:45:34+02
NBF:Station:53171791,Südendstraße./ Brauerstr.,1,2026-05-22 23:45:34+02
NBF:Station:280250,Kolpingplatz,1,2026-05-22 23:45:34+02
NBF:Station:280249,Prinz-Max-Palais,0,2026-05-22 23:45:34+02
NBF:Station:367726,KIT Ost,1,2026-05-22 23:45:34+02
NBF:Station:462165,Rüppurr – Tulpenstraße,3,2026-05-22 23:45:34+02
NBF:Station:264394,Hauptbahnhof / Touristinformation,15,2026-05-22 23:45:34+02
NBF:Station:6352822,Carl-Metz-Straße,3,2026-05-22 23:45:34+02
NBF:Station:289942,Durlach - Bahnhof ,1,2026-05-22 23:45:34+02
NBF:Station:6352777,Zeppelinstraße / Benzstraße,3,2026-05-22 23:45:34+02
NBF:Station:280261,Knielingen / Herweghstraße,1,2026-05-22 23:45:34+02
NBF:Station:280260,Nordweststadt - Kurt-Schumacher-Straße,2,2026-05-22 23:45:34+02
NBF:Station:280261,Knielingen / Herweghstraße,1,2026-05-22 23:08:56+02
NBF:Station:280260,Nordweststadt - Kurt-Schumacher-Straße,2,2026-05-22 23:08:56+02
NBF:Station:6352822,Carl-Metz-Straße,3,2026-05-22 23:08:56+02
NBF:Station:264394,Hauptbahnhof / Touristinformation,14,2026-05-22 23:08:56+02
NBF:Station:6352777,Zeppelinstraße / Benzstraße,4,2026-05-22 23:08:56+02
NBF:Station:289942,Durlach - Bahnhof ,1,2026-05-22 23:08:56+02
NBF:Station:280249,Prinz-Max-Palais,3,2026-05-22 23:08:56+02
NBF:Station:462165,Rüppurr – Tulpenstraße,3,2026-05-22 23:08:56+02
NBF:Station:367726,KIT Ost,1,2026-05-22 23:08:56+02
NBF:Station:300645,HaDiKo,1,2026-05-22 23:08:56+02
NBF:Station:462159,Oberreut - Zentrum,7,2026-05-22 23:08:56+02
NBF:Station:52999116,Weinbrennerplatz,1,2026-05-22 23:08:56+02
NBF:Station:280250,Kolpingplatz,2,2026-05-22 23:08:56+02
NBF:Station:53171791,Südendstraße./ Brauerstr.,1,2026-05-22 23:08:56+02
NBF:Station:52997350,Schloss Rüppurr,1,2026-05-22 23:08:56+02
NBF:Station:53001693,Knielinger Allee/Franz-Lust-Straße,1,2026-05-22 23:08:56+02
NBF:Station:280263,Fächerbad,7,2026-05-22 23:08:56+02
NBF:Station:78972260,Servicescope,3,2026-05-22 23:08:56+02
NBF:Station:289946,Durlach Schlossplatz,2,2026-05-22 23:08:56+02
NBF:Station:78970799,Durlach - Alte Karlsruher Straße,1,2026-05-22 23:08:56+02
NBF:Station:78971440,Gerwigstraße,2,2026-05-22 23:08:56+02
NBF:Station:280259,Werderplatz,3,2026-05-22 23:08:56+02
NBF:Station:54869634,Knielingen/Rheinbergstraße,4,2026-05-22 23:08:56+02
NBF:Station:289944,Rommelstr. / Auerstr.,3,2026-05-22 23:08:56+02
NBF:Station:280261,Knielingen / Herweghstraße,1,2026-05-22 22:34:30+02
NBF:Station:280260,Nordweststadt - Kurt-Schumacher-Straße,2,2026-05-22 22:34:30+02
NBF:Station:264394,Hauptbahnhof / Touristinformation,10,2026-05-22 22:34:30+02
NBF:Station:6352822,Carl-Metz-Straße,4,2026-05-22 22:34:30+02
NBF:Station:289942,Durlach - Bahnhof ,1,2026-05-22 22:34:30+02
NBF:Station:6352777,Zeppelinstraße / Benzstraße,4,2026-05-22 22:34:30+02
NBF:Station:280249,Prinz-Max-Palais,4,2026-05-22 22:34:30+02
NBF:Station:367726,KIT Ost,1,2026-05-22 22:34:30+02
NBF:Station:462165,Rüppurr – Tulpenstraße,3,2026-05-22 22:34:30+02
NBF:Station:462159,Oberreut - Zentrum,7,2026-05-22 22:34:30+02
NBF:Station:1390,Karlstraße / Waldstraße,1,2026-05-22 22:34:30+02
NBF:Station:300645,HaDiKo,5,2026-05-22 22:34:30+02
NBF:Station:53171791,Südendstraße./ Brauerstr.,1,2026-05-22 22:34:30+02
NBF:Station:280250,Kolpingplatz,2,2026-05-22 22:34:30+02
NBF:Station:52997350,Schloss Rüppurr,1,2026-05-22 22:34:30+02
NBF:Station:53001693,Knielinger Allee/Franz-Lust-Straße,1,2026-05-22 22:34:30+02
NBF:Station:280263,Fächerbad,7,2026-05-22 22:34:30+02
NBF:Station:78972260,Servicescope,3,2026-05-22 22:34:30+02
NBF:Station:289946,Durlach Schlossplatz,2,2026-05-22 22:34:30+02
NBF:Station:78970799,Durlach - Alte Karlsruher Straße,1,2026-05-22 22:34:30+02
NBF:Station:78971440,Gerwigstraße,0,2026-05-22 22:34:30+02
NBF:Station:280259,Werderplatz,1,2026-05-22 22:34:30+02
NBF:Station:54869634,Knielingen/Rheinbergstraße,4,2026-05-22 22:34:30+02
NBF:Station:289944,Rommelstr. / Auerstr.,3,2026-05-22 22:34:30+02
NBF:Station:280260,Nordweststadt - Kurt-Schumacher-Straße,2,2026-05-22 21:58:09+02
NBF:Station:280261,Knielingen / Herweghstraße,1,2026-05-22 21:58:09+02
NBF:Station:6352777,Zeppelinstraße / Benzstraße,3,2026-05-22 21:58:09+02
NBF:Station:289942,Durlach - Bahnhof ,1,2026-05-22 21:58:09+02
NBF:Station:6352822,Carl-Metz-Straße,2,2026-05-22 21:58:09+02
NBF:Station:264394,Hauptbahnhof / Touristinformation,10,2026-05-22 21:58:09+02
NBF:Station:462165,Rüppurr – Tulpenstraße,3,2026-05-22 21:58:09+02
NBF:Station:367726,KIT Ost,4,2026-05-22 21:58:09+02
NBF:Station:280249,Prinz-Max-Palais,0,2026-05-22 21:58:09+02
NBF:Station:280250,Kolpingplatz,1,2026-05-22 21:58:09+02
NBF:Station:50819425,Knielinger Allee - CAMPUSbike HSKA,1,2026-05-22 21:58:09+02
NBF:Station:53171791,Südendstraße./ Brauerstr.,1,2026-05-22 21:58:09+02
NBF:Station:300645,HaDiKo,0,2026-05-22 21:58:09+02
NBF:Station:1390,Karlstraße / Waldstraße,1,2026-05-22 21:58:09+02
NBF:Station:462159,Oberreut - Zentrum,7,2026-05-22 21:58:09+02
NBF:Station:37983402,Tennesseeallee - CAMPUSbike KIT,0,2026-05-22 21:58:09+02
NBF:Station:280263,Fächerbad,8,2026-05-22 21:58:09+02
NBF:Station:52997350,Schloss Rüppurr,1,2026-05-22 21:58:09+02
NBF:Station:280259,Werderplatz,1,2026-05-22 21:58:09+02
NBF:Station:78970799,Durlach - Alte Karlsruher Straße,1,2026-05-22 21:58:09+02
NBF:Station:78971440,Gerwigstraße,4,2026-05-22 21:58:09+02
NBF:Station:289946,Durlach Schlossplatz,2,2026-05-22 21:58:09+02
NBF:Station:78972260,Servicescope,3,2026-05-22 21:58:09+02
NBF:Station:289944,Rommelstr. / Auerstr.,3,2026-05-22 21:58:09+02
NBF:Station:54869634,Knielingen/Rheinbergstraße,4,2026-05-22 21:58:09+02
NBF:Station:37983402,Tennesseeallee - CAMPUSbike KIT,1,2026-05-22 21:20:06+02
NBF:Station:280263,Fächerbad,8,2026-05-22 21:20:06+02
NBF:Station:53001693,Knielinger Allee/Franz-Lust-Straße,1,2026-05-22 21:20:06+02
NBF:Station:52997350,Schloss Rüppurr,1,2026-05-22 21:20:06+02
NBF:Station:280259,Werderplatz,1,2026-05-22 21:20:06+02
NBF:Station:78970799,Durlach - Alte Karlsruher Straße,1,2026-05-22 21:20:06+02
NBF:Station:78971440,Gerwigstraße,0,2026-05-22 21:20:06+02
NBF:Station:289946,Durlach Schlossplatz,2,2026-05-22 21:20:06+02
NBF:Station:78972260,Servicescope,3,2026-05-22 21:20:06+02
NBF:Station:55113155,Reinmuthstraße./ Sudetenstraße,1,2026-05-22 21:20:06+02
NBF:Station:289944,Rommelstr. / Auerstr.,2,2026-05-22 21:20:06+02
NBF:Station:54869634,Knielingen/Rheinbergstraße,4,2026-05-22 21:20:06+02
NBF:Station:280260,Nordweststadt - Kurt-Schumacher-Straße,2,2026-05-22 21:20:06+02
NBF:Station:6352777,Zeppelinstraße / Benzstraße,1,2026-05-22 21:20:06+02
NBF:Station:264394,Hauptbahnhof / Touristinformation,14,2026-05-22 21:20:06+02
NBF:Station:6352822,Carl-Metz-Straße,2,2026-05-22 21:20:06+02
NBF:Station:462165,Rüppurr – Tulpenstraße,3,2026-05-22 21:20:06+02
NBF:Station:367726,KIT Ost,3,2026-05-22 21:20:06+02
NBF:Station:280249,Prinz-Max-Palais,1,2026-05-22 21:20:06+02
NBF:Station:53171791,Südendstraße./ Brauerstr.,1,2026-05-22 21:20:06+02
NBF:Station:1390,Karlstraße / Waldstraße,0,2026-05-22 21:20:06+02
NBF:Station:462159,Oberreut - Zentrum,7,2026-05-22 21:20:06+02
NBF:Station:462159,Oberreut - Zentrum,7,2026-05-22 20:45:47+02
NBF:Station:78972260,Servicescope,3,2026-05-22 20:45:47+02
NBF:Station:289946,Durlach Schlossplatz,2,2026-05-22 20:45:47+02
NBF:Station:78970799,Durlach - Alte Karlsruher Straße,1,2026-05-22 20:45:47+02
NBF:Station:78971440,Gerwigstraße,4,2026-05-22 20:45:47+02
NBF:Station:52997350,Schloss Rüppurr,3,2026-05-22 20:45:47+02
NBF:Station:53001693,Knielinger Allee/Franz-Lust-Straße,1,2026-05-22 20:45:47+02
NBF:Station:280263,Fächerbad,8,2026-05-22 20:45:47+02
NBF:Station:52355370,Parkplatz Kühler Krug,1,2026-05-22 20:45:47+02
NBF:Station:54869634,Knielingen/Rheinbergstraße,4,2026-05-22 20:45:47+02
NBF:Station:289944,Rommelstr. / Auerstr.,2,2026-05-22 20:45:47+02
NBF:Station:462176,Grünwinkel - Carl-Metz-Straße,1,2026-05-22 20:45:47+02
NBF:Station:264394,Hauptbahnhof / Touristinformation,12,2026-05-22 20:45:47+02
NBF:Station:6352822,Carl-Metz-Straße,2,2026-05-22 20:45:47+02
NBF:Station:6352777,Zeppelinstraße / Benzstraße,1,2026-05-22 20:45:47+02
NBF:Station:280260,Nordweststadt - Kurt-Schumacher-Straße,1,2026-05-22 20:45:47+02
NBF:Station:53171791,Südendstraße./ Brauerstr.,1,2026-05-22 20:45:47+02
NBF:Station:280249,Prinz-Max-Palais,0,2026-05-22 20:45:47+02
NBF:Station:280258,Karlstor,1,2026-05-22 20:45:47+02
NBF:Station:367726,KIT Ost,3,2026-05-22 20:45:47+02
NBF:Station:462165,Rüppurr – Tulpenstraße,3,2026-05-22 20:45:47+02
NBF:Station:280263,Fächerbad,7,2026-05-22 20:10:48+02
NBF:Station:53001693,Knielinger Allee/Franz-Lust-Straße,0,2026-05-22 20:10:48+02
NBF:Station:52997350,Schloss Rüppurr,2,2026-05-22 20:10:48+02
NBF:Station:78970799,Durlach - Alte Karlsruher Straße,1,2026-05-22 20:10:48+02
NBF:Station:78971440,Gerwigstraße,2,2026-05-22 20:10:48+02
NBF:Station:78972260,Servicescope,3,2026-05-22 20:10:48+02
NBF:Station:289946,Durlach Schlossplatz,3,2026-05-22 20:10:48+02
NBF:Station:289944,Rommelstr. / Auerstr.,1,2026-05-22 20:10:48+02
NBF:Station:54869634,Knielingen/Rheinbergstraße,4,2026-05-22 20:10:48+02
NBF:Station:52355370,Parkplatz Kühler Krug,1,2026-05-22 20:10:48+02
NBF:Station:9016659,Mühlburg Bahnhof,0,2026-05-22 20:10:48+02
NBF:Station:280260,Nordweststadt - Kurt-Schumacher-Straße,2,2026-05-22 20:10:48+02
NBF:Station:6352777,Zeppelinstraße / Benzstraße,2,2026-05-22 20:10:48+02
NBF:Station:289942,Durlach - Bahnhof ,1,2026-05-22 20:10:48+02
NBF:Station:6352822,Carl-Metz-Straße,2,2026-05-22 20:10:48+02
NBF:Station:462176,Grünwinkel - Carl-Metz-Straße,1,2026-05-22 20:10:48+02
NBF:Station:264394,Hauptbahnhof / Touristinformation,16,2026-05-22 20:10:48+02
NBF:Station:462165,Rüppurr – Tulpenstraße,3,2026-05-22 20:10:48+02
NBF:Station:367726,KIT Ost,3,2026-05-22 20:10:48+02
NBF:Station:280258,Karlstor,2,2026-05-22 20:10:48+02
NBF:Station:280249,Prinz-Max-Palais,2,2026-05-22 20:10:48+02
NBF:Station:53171791,Südendstraße./ Brauerstr.,1,2026-05-22 20:10:48+02
NBF:Station:300645,HaDiKo,1,2026-05-22 20:10:48+02
NBF:Station:462159,Oberreut - Zentrum,7,2026-05-22 20:10:48+02
NBF:Station:1390,Karlstraße / Waldstraße,1,2026-05-22 20:10:48+02
NBF:Station:78971440,Gerwigstraße,1,2026-05-22 19:40:33+02
NBF:Station:52997350,Schloss Rüppurr,2,2026-05-22 19:40:33+02
NBF:Station:280263,Fächerbad,5,2026-05-22 19:40:33+02
NBF:Station:78972260,Servicescope,3,2026-05-22 19:40:33+02
NBF:Station:289946,Durlach Schlossplatz,4,2026-05-22 19:40:33+02
NBF:Station:55113155,Reinmuthstraße./ Sudetenstraße,0,2026-05-22 19:40:33+02
NBF:Station:78970799,Durlach - Alte Karlsruher Straße,1,2026-05-22 19:40:33+02
NBF:Station:54869634,Knielingen/Rheinbergstraße,4,2026-05-22 19:40:33+02
NBF:Station:52355370,Parkplatz Kühler Krug,2,2026-05-22 19:40:33+02
NBF:Station:289944,Rommelstr. / Auerstr.,1,2026-05-22 19:40:33+02
NBF:Station:9016659,Mühlburg Bahnhof,1,2026-05-22 19:40:33+02
NBF:Station:285510,Adenauerring / Fasanengarten,0,2026-05-22 19:40:33+02
NBF:Station:458,Erbprinzenstr.,1,2026-05-22 19:40:33+02
NBF:Station:280260,Nordweststadt - Kurt-Schumacher-Straße,2,2026-05-22 19:40:33+02
NBF:Station:462176,Grünwinkel - Carl-Metz-Straße,1,2026-05-22 19:40:33+02
NBF:Station:264394,Hauptbahnhof / Touristinformation,16,2026-05-22 19:40:33+02
NBF:Station:6352822,Carl-Metz-Straße,2,2026-05-22 19:40:33+02
NBF:Station:289942,Durlach - Bahnhof ,1,2026-05-22 19:40:33+02
NBF:Station:6352777,Zeppelinstraße / Benzstraße,2,2026-05-22 19:40:33+02
NBF:Station:280249,Prinz-Max-Palais,3,2026-05-22 19:40:33+02
NBF:Station:280258,Karlstor,0,2026-05-22 19:40:33+02
NBF:Station:367726,KIT Ost,4,2026-05-22 19:40:33+02
NBF:Station:462165,Rüppurr – Tulpenstraße,3,2026-05-22 19:40:33+02
NBF:Station:462159,Oberreut - Zentrum,7,2026-05-22 19:40:33+02
NBF:Station:1390,Karlstraße / Waldstraße,1,2026-05-22 19:40:33+02
NBF:Station:300645,HaDiKo,3,2026-05-22 19:40:33+02
NBF:Station:462174,Bulach - Grünwinkler Straße,1,2026-05-22 19:40:33+02
NBF:Station:300645,HaDiKo,4,2026-05-22 19:08:22+02
NBF:Station:1390,Karlstraße / Waldstraße,2,2026-05-22 19:08:22+02
NBF:Station:462159,Oberreut - Zentrum,7,2026-05-22 19:08:22+02
NBF:Station:50819425,Knielinger Allee - CAMPUSbike HSKA,0,2026-05-22 19:08:22+02
NBF:Station:280253,Karl-Wilhelm-Platz,0,2026-05-22 19:08:22+02
NBF:Station:462174,Bulach - Grünwinkler Straße,0,2026-05-22 19:08:22+02
NBF:Station:280249,Prinz-Max-Palais,1,2026-05-22 19:08:22+02
NBF:Station:458,Erbprinzenstr.,2,2026-05-22 19:08:22+02
NBF:Station:462165,Rüppurr – Tulpenstraße,3,2026-05-22 19:08:22+02
NBF:Station:367726,KIT Ost,1,2026-05-22 19:08:22+02
NBF:Station:280258,Karlstor,1,2026-05-22 19:08:22+02
NBF:Station:6352822,Carl-Metz-Straße,1,2026-05-22 19:08:22+02
NBF:Station:462176,Grünwinkel - Carl-Metz-Straße,1,2026-05-22 19:08:22+02
NBF:Station:264394,Hauptbahnhof / Touristinformation,15,2026-05-22 19:08:22+02
NBF:Station:6352777,Zeppelinstraße / Benzstraße,2,2026-05-22 19:08:22+02
NBF:Station:9016659,Mühlburg Bahnhof,1,2026-05-22 19:08:22+02
NBF:Station:280260,Nordweststadt - Kurt-Schumacher-Straße,3,2026-05-22 19:08:22+02
NBF:Station:285510,Adenauerring / Fasanengarten,0,2026-05-22 19:08:22+02
NBF:Station:54869634,Knielingen/Rheinbergstraße,4,2026-05-22 19:08:22+02
NBF:Station:52355370,Parkplatz Kühler Krug,2,2026-05-22 19:08:22+02
NBF:Station:289944,Rommelstr. / Auerstr.,1,2026-05-22 19:08:22+02
NBF:Station:55113155,Reinmuthstraße./ Sudetenstraße,2,2026-05-22 19:08:22+02
NBF:Station:289946,Durlach Schlossplatz,4,2026-05-22 19:08:22+02
NBF:Station:78972260,Servicescope,3,2026-05-22 19:08:22+02
NBF:Station:280259,Werderplatz,1,2026-05-22 19:08:22+02
NBF:Station:78970799,Durlach - Alte Karlsruher Straße,1,2026-05-22 19:08:22+02
NBF:Station:78971440,Gerwigstraße,1,2026-05-22 19:08:22+02
NBF:Station:52997350,Schloss Rüppurr,2,2026-05-22 19:08:22+02
NBF:Station:280263,Fächerbad,3,2026-05-22 19:08:22+02
NBF:Station:53001693,Knielinger Allee/Franz-Lust-Straße,1,2026-05-22 19:08:22+02
NBF:Station:54869634,Knielingen/Rheinbergstraße,4,2026-05-22 18:33:11+02
NBF:Station:52355370,Parkplatz Kühler Krug,2,2026-05-22 18:33:11+02
NBF:Station:289944,Rommelstr. / Auerstr.,2,2026-05-22 18:33:11+02
NBF:Station:9016659,Mühlburg Bahnhof,1,2026-05-22 18:33:11+02
NBF:Station:285510,Adenauerring / Fasanengarten,0,2026-05-22 18:33:11+02
NBF:Station:52997350,Schloss Rüppurr,2,2026-05-22 18:33:11+02
NBF:Station:280263,Fächerbad,2,2026-05-22 18:33:11+02
NBF:Station:37983402,Tennesseeallee - CAMPUSbike KIT,0,2026-05-22 18:33:11+02
NBF:Station:55113155,Reinmuthstraße./ Sudetenstraße,2,2026-05-22 18:33:11+02
NBF:Station:392504,L-Bank,1,2026-05-22 18:33:11+02
NBF:Station:78972260,Servicescope,3,2026-05-22 18:33:11+02
NBF:Station:289946,Durlach Schlossplatz,4,2026-05-22 18:33:11+02
NBF:Station:78970799,Durlach - Alte Karlsruher Straße,1,2026-05-22 18:33:11+02
NBF:Station:280249,Prinz-Max-Palais,1,2026-05-22 18:33:11+02
NBF:Station:462165,Rüppurr – Tulpenstraße,4,2026-05-22 18:33:11+02
NBF:Station:280258,Karlstor,0,2026-05-22 18:33:11+02
NBF:Station:300645,HaDiKo,0,2026-05-22 18:33:11+02
NBF:Station:462159,Oberreut - Zentrum,7,2026-05-22 18:33:11+02
NBF:Station:50819425,Knielinger Allee - CAMPUSbike HSKA,1,2026-05-22 18:33:11+02
NBF:Station:458,Erbprinzenstr.,1,2026-05-22 18:33:11+02
NBF:Station:280260,Nordweststadt - Kurt-Schumacher-Straße,2,2026-05-22 18:33:11+02
NBF:Station:6352822,Carl-Metz-Straße,2,2026-05-22 18:33:11+02
NBF:Station:462176,Grünwinkel - Carl-Metz-Straße,1,2026-05-22 18:33:11+02
NBF:Station:264394,Hauptbahnhof / Touristinformation,28,2026-05-22 18:33:11+02
NBF:Station:6352777,Zeppelinstraße / Benzstraße,1,2026-05-22 18:33:11+02
NBF:Station:289942,Durlach - Bahnhof ,1,2026-05-22 18:33:11+02
NBF:Station:280259,Werderplatz,1,2026-05-22 18:00:46+02
NBF:Station:280260,Nordweststadt - Kurt-Schumacher-Straße,2,2026-05-22 18:00:46+02
NBF:Station:6352822,Carl-Metz-Straße,2,2026-05-22 18:00:46+02
NBF:Station:462176,Grünwinkel - Carl-Metz-Straße,1,2026-05-22 18:00:46+02
NBF:Station:264394,Hauptbahnhof / Touristinformation,29,2026-05-22 18:00:46+02
NBF:Station:6352777,Zeppelinstraße / Benzstraße,1,2026-05-22 18:00:46+02
NBF:Station:289942,Durlach - Bahnhof ,1,2026-05-22 18:00:46+02
NBF:Station:280249,Prinz-Max-Palais,0,2026-05-22 18:00:46+02
NBF:Station:462165,Rüppurr – Tulpenstraße,4,2026-05-22 18:00:46+02
NBF:Station:280258,Karlstor,1,2026-05-22 18:00:46+02
NBF:Station:300645,HaDiKo,4,2026-05-22 18:00:46+02
NBF:Station:462159,Oberreut - Zentrum,7,2026-05-22 18:00:46+02
NBF:Station:1390,Karlstraße / Waldstraße,1,2026-05-22 18:00:46+02
NBF:Station:280250,Kolpingplatz,1,2026-05-22 18:00:46+02
NBF:Station:52997350,Schloss Rüppurr,2,2026-05-22 18:00:46+02
NBF:Station:37983402,Tennesseeallee - CAMPUSbike KIT,0,2026-05-22 18:00:46+02
NBF:Station:53001693,Knielinger Allee/Franz-Lust-Straße,0,2026-05-22 18:00:46+02
NBF:Station:280263,Fächerbad,2,2026-05-22 18:00:46+02
NBF:Station:289946,Durlach Schlossplatz,4,2026-05-22 18:00:46+02
NBF:Station:55113155,Reinmuthstraße./ Sudetenstraße,2,2026-05-22 18:00:46+02
NBF:Station:78972260,Servicescope,3,2026-05-22 18:00:46+02
NBF:Station:78970799,Durlach - Alte Karlsruher Straße,1,2026-05-22 18:00:46+02
NBF:Station:78971440,Gerwigstraße,1,2026-05-22 18:00:46+02
NBF:Station:52355370,Parkplatz Kühler Krug,2,2026-05-22 18:00:46+02
NBF:Station:54869634,Knielingen/Rheinbergstraße,4,2026-05-22 18:00:46+02
NBF:Station:289944,Rommelstr. / Auerstr.,2,2026-05-22 18:00:46+02
NBF:Station:9016659,Mühlburg Bahnhof,1,2026-05-22 18:00:46+02
NBF:Station:285510,Adenauerring / Fasanengarten,0,2026-05-22 18:00:46+02
NBF:Station:289942,Durlach - Bahnhof ,4,2026-05-22 17:28:03+02
NBF:Station:6352777,Zeppelinstraße / Benzstraße,2,2026-05-22 17:28:03+02
NBF:Station:264394,Hauptbahnhof / Touristinformation,32,2026-05-22 17:28:03+02
NBF:Station:462176,Grünwinkel - Carl-Metz-Straße,1,2026-05-22 17:28:03+02
NBF:Station:6352822,Carl-Metz-Straße,2,2026-05-22 17:28:03+02
NBF:Station:280260,Nordweststadt - Kurt-Schumacher-Straße,2,2026-05-22 17:28:03+02
NBF:Station:458,Erbprinzenstr.,1,2026-05-22 17:28:03+02
NBF:Station:280255,Kreativpark/Alter Schlachthof,1,2026-05-22 17:28:03+02
NBF:Station:462174,Bulach - Grünwinkler Straße,2,2026-05-22 17:28:03+02
NBF:Station:462159,Oberreut - Zentrum,7,2026-05-22 17:28:03+02
NBF:Station:1390,Karlstraße / Waldstraße,0,2026-05-22 17:28:03+02
NBF:Station:300645,HaDiKo,7,2026-05-22 17:28:03+02
NBF:Station:280258,Karlstor,2,2026-05-22 17:28:03+02
NBF:Station:462165,Rüppurr – Tulpenstraße,4,2026-05-22 17:28:03+02
NBF:Station:280263,Fächerbad,3,2026-05-22 17:28:03+02
NBF:Station:280249,Prinz-Max-Palais,2,2026-05-22 17:28:03+02
NBF:Station:78970799,Durlach - Alte Karlsruher Straße,1,2026-05-22 17:28:03+02
NBF:Station:78971440,Gerwigstraße,1,2026-05-22 17:28:03+02
NBF:Station:280259,Werderplatz,1,2026-05-22 17:28:03+02
NBF:Station:78972260,Servicescope,3,2026-05-22 17:28:03+02
NBF:Station:289946,Durlach Schlossplatz,4,2026-05-22 17:28:03+02
NBF:Station:53001693,Knielinger Allee/Franz-Lust-Straße,1,2026-05-22 17:28:03+02
NBF:Station:52997350,Schloss Rüppurr,1,2026-05-22 17:28:03+02
NBF:Station:285510,Adenauerring / Fasanengarten,1,2026-05-22 17:28:03+02
NBF:Station:9016659,Mühlburg Bahnhof,1,2026-05-22 17:28:03+02
NBF:Station:289944,Rommelstr. / Auerstr.,2,2026-05-22 17:28:03+02
NBF:Station:52355370,Parkplatz Kühler Krug,2,2026-05-22 17:28:03+02
NBF:Station:54869634,Knielingen/Rheinbergstraße,4,2026-05-22 17:28:03+02
NBF:Station:462165,Rüppurr – Tulpenstraße,4,2026-05-22 16:52:19+02
NBF:Station:462159,Oberreut - Zentrum,7,2026-05-22 16:52:19+02
NBF:Station:300645,HaDiKo,3,2026-05-22 16:52:19+02
NBF:Station:462174,Bulach - Grünwinkler Straße,4,2026-05-22 16:52:19+02
NBF:Station:280255,Kreativpark/Alter Schlachthof,2,2026-05-22 16:52:19+02
NBF:Station:281794,Agentur für Arbeit,1,2026-05-22 16:52:19+02
NBF:Station:280260,Nordweststadt - Kurt-Schumacher-Straße,3,2026-05-22 16:52:19+02
NBF:Station:264394,Hauptbahnhof / Touristinformation,32,2026-05-22 16:52:19+02
NBF:Station:462176,Grünwinkel - Carl-Metz-Straße,1,2026-05-22 16:52:19+02
NBF:Station:6352822,Carl-Metz-Straße,2,2026-05-22 16:52:19+02
NBF:Station:289942,Durlach - Bahnhof ,4,2026-05-22 16:52:19+02
NBF:Station:6352777,Zeppelinstraße / Benzstraße,2,2026-05-22 16:52:19+02
NBF:Station:52355370,Parkplatz Kühler Krug,1,2026-05-22 16:52:19+02
NBF:Station:54869634,Knielingen/Rheinbergstraße,4,2026-05-22 16:52:19+02
NBF:Station:289944,Rommelstr. / Auerstr.,2,2026-05-22 16:52:19+02
NBF:Station:285510,Adenauerring / Fasanengarten,1,2026-05-22 16:52:19+02
NBF:Station:9016659,Mühlburg Bahnhof,1,2026-05-22 16:52:19+02
NBF:Station:52997350,Schloss Rüppurr,1,2026-05-22 16:52:19+02
NBF:Station:280263,Fächerbad,4,2026-05-22 16:52:19+02
NBF:Station:280259,Werderplatz,1,2026-05-22 16:52:19+02
NBF:Station:289946,Durlach Schlossplatz,2,2026-05-22 16:52:19+02
NBF:Station:78972260,Servicescope,3,2026-05-22 16:52:19+02
NBF:Station:281794,Agentur für Arbeit,1,2026-05-22 16:19:03+02
NBF:Station:280260,Nordweststadt - Kurt-Schumacher-Straße,3,2026-05-22 16:19:03+02
NBF:Station:6352822,Carl-Metz-Straße,2,2026-05-22 16:19:03+02
NBF:Station:300645,HaDiKo,4,2026-05-22 16:19:03+02
NBF:Station:264394,Hauptbahnhof / Touristinformation,28,2026-05-22 16:19:03+02
NBF:Station:462176,Grünwinkel - Carl-Metz-Straße,1,2026-05-22 16:19:03+02
NBF:Station:6352777,Zeppelinstraße / Benzstraße,3,2026-05-22 16:19:03+02
NBF:Station:289942,Durlach - Bahnhof ,5,2026-05-22 16:19:03+02
NBF:Station:462165,Rüppurr – Tulpenstraße,4,2026-05-22 16:19:03+02
NBF:Station:462159,Oberreut - Zentrum,7,2026-05-22 16:19:03+02
NBF:Station:280253,Karl-Wilhelm-Platz,0,2026-05-22 16:19:03+02
NBF:Station:280255,Kreativpark/Alter Schlachthof,2,2026-05-22 16:19:03+02
NBF:Station:462174,Bulach - Grünwinkler Straße,4,2026-05-22 16:19:03+02
NBF:Station:280322,KIT Süd,0,2026-05-22 16:19:03+02
NBF:Station:53001693,Knielinger Allee/Franz-Lust-Straße,1,2026-05-22 16:19:03+02
NBF:Station:280263,Fächerbad,5,2026-05-22 16:19:03+02
NBF:Station:78972260,Servicescope,2,2026-05-22 16:19:03+02
NBF:Station:289946,Durlach Schlossplatz,2,2026-05-22 16:19:03+02
NBF:Station:280259,Werderplatz,1,2026-05-22 16:19:03+02
NBF:Station:54869634,Knielingen/Rheinbergstraße,4,2026-05-22 16:19:03+02
NBF:Station:52355370,Parkplatz Kühler Krug,2,2026-05-22 16:19:03+02
NBF:Station:289944,Rommelstr. / Auerstr.,2,2026-05-22 16:19:03+02
NBF:Station:285510,Adenauerring / Fasanengarten,1,2026-05-22 16:19:03+02
NBF:Station:9016659,Mühlburg Bahnhof,1,2026-05-22 16:19:03+02
NBF:Station:280260,Nordweststadt - Kurt-Schumacher-Straße,4,2026-05-22 15:46:11+02
NBF:Station:281794,Agentur für Arbeit,1,2026-05-22 15:46:11+02
NBF:Station:6352777,Zeppelinstraße / Benzstraße,2,2026-05-22 15:46:11+02
NBF:Station:289942,Durlach - Bahnhof ,6,2026-05-22 15:46:11+02
NBF:Station:6352822,Carl-Metz-Straße,2,2026-05-22 15:46:11+02
NBF:Station:462176,Grünwinkel - Carl-Metz-Straße,1,2026-05-22 15:46:11+02
NBF:Station:264394,Hauptbahnhof / Touristinformation,24,2026-05-22 15:46:11+02
NBF:Station:462165,Rüppurr – Tulpenstraße,4,2026-05-22 15:46:11+02
NBF:Station:300645,HaDiKo,2,2026-05-22 15:46:11+02
NBF:Station:280253,Karl-Wilhelm-Platz,2,2026-05-22 15:46:11+02
NBF:Station:280255,Kreativpark/Alter Schlachthof,2,2026-05-22 15:46:11+02
NBF:Station:462174,Bulach - Grünwinkler Straße,4,2026-05-22 15:46:11+02
NBF:Station:462159,Oberreut - Zentrum,7,2026-05-22 15:46:11+02
NBF:Station:1390,Karlstraße / Waldstraße,1,2026-05-22 15:46:11+02
NBF:Station:280263,Fächerbad,6,2026-05-22 15:46:11+02
NBF:Station:78971440,Gerwigstraße,3,2026-05-22 15:46:11+02
NBF:Station:78972260,Servicescope,2,2026-05-22 15:46:11+02
NBF:Station:289946,Durlach Schlossplatz,2,2026-05-22 15:46:11+02
NBF:Station:289944,Rommelstr. / Auerstr.,3,2026-05-22 15:46:11+02
NBF:Station:54869634,Knielingen/Rheinbergstraße,4,2026-05-22 15:46:11+02
NBF:Station:52355370,Parkplatz Kühler Krug,2,2026-05-22 15:46:11+02
NBF:Station:9016659,Mühlburg Bahnhof,1,2026-05-22 15:46:11+02
NBF:Station:285510,Adenauerring / Fasanengarten,0,2026-05-22 15:46:11+02
NBF:Station:289944,Rommelstr. / Auerstr.,3,2026-05-22 15:10:06+02
NBF:Station:54869634,Knielingen/Rheinbergstraße,4,2026-05-22 15:10:06+02
NBF:Station:52355370,Parkplatz Kühler Krug,2,2026-05-22 15:10:06+02
NBF:Station:9016659,Mühlburg Bahnhof,1,2026-05-22 15:10:06+02
NBF:Station:285510,Adenauerring / Fasanengarten,4,2026-05-22 15:10:06+02
NBF:Station:280263,Fächerbad,5,2026-05-22 15:10:06+02
NBF:Station:37983402,Tennesseeallee - CAMPUSbike KIT,0,2026-05-22 15:10:06+02
NBF:Station:280322,KIT Süd,1,2026-05-22 15:10:06+02
NBF:Station:297942,Neuer Zirkel / Englerstr.,2,2026-05-22 15:10:06+02
NBF:Station:78971440,Gerwigstraße,1,2026-05-22 15:10:06+02
NBF:Station:78972260,Servicescope,2,2026-05-22 15:10:06+02
NBF:Station:289946,Durlach Schlossplatz,2,2026-05-22 15:10:06+02
NBF:Station:462165,Rüppurr – Tulpenstraße,3,2026-05-22 15:10:06+02
NBF:Station:367726,KIT Ost,1,2026-05-22 15:10:06+02
NBF:Station:280253,Karl-Wilhelm-Platz,2,2026-05-22 15:10:06+02
NBF:Station:280255,Kreativpark/Alter Schlachthof,0,2026-05-22 15:10:06+02
NBF:Station:462174,Bulach - Grünwinkler Straße,4,2026-05-22 15:10:06+02
NBF:Station:300645,HaDiKo,0,2026-05-22 15:10:06+02
NBF:Station:462159,Oberreut - Zentrum,8,2026-05-22 15:10:06+02
NBF:Station:1390,Karlstraße / Waldstraße,1,2026-05-22 15:10:06+02
NBF:Station:280260,Nordweststadt - Kurt-Schumacher-Straße,4,2026-05-22 15:10:06+02
NBF:Station:458,Erbprinzenstr.,1,2026-05-22 15:10:06+02
NBF:Station:281794,Agentur für Arbeit,0,2026-05-22 15:10:06+02
NBF:Station:6352777,Zeppelinstraße / Benzstraße,3,2026-05-22 15:10:06+02
NBF:Station:289942,Durlach - Bahnhof ,6,2026-05-22 15:10:06+02
NBF:Station:6352822,Carl-Metz-Straße,2,2026-05-22 15:10:06+02
NBF:Station:462176,Grünwinkel - Carl-Metz-Straße,1,2026-05-22 15:10:06+02
NBF:Station:264394,Hauptbahnhof / Touristinformation,27,2026-05-22 15:10:06+02
NBF:Station:300645,HaDiKo,7,2026-05-22 14:36:11+02
NBF:Station:367726,KIT Ost,0,2026-05-22 14:36:11+02
NBF:Station:462165,Rüppurr – Tulpenstraße,3,2026-05-22 14:36:11+02
NBF:Station:462174,Bulach - Grünwinkler Straße,4,2026-05-22 14:36:11+02
NBF:Station:280253,Karl-Wilhelm-Platz,1,2026-05-22 14:36:11+02
NBF:Station:462159,Oberreut - Zentrum,8,2026-05-22 14:36:11+02
NBF:Station:280260,Nordweststadt - Kurt-Schumacher-Straße,3,2026-05-22 14:36:11+02
NBF:Station:281794,Agentur für Arbeit,0,2026-05-22 14:36:11+02
NBF:Station:289942,Durlach - Bahnhof ,6,2026-05-22 14:36:11+02
NBF:Station:6352777,Zeppelinstraße / Benzstraße,3,2026-05-22 14:36:11+02
NBF:Station:264394,Hauptbahnhof / Touristinformation,16,2026-05-22 14:36:11+02
NBF:Station:462176,Grünwinkel - Carl-Metz-Straße,1,2026-05-22 14:36:11+02
NBF:Station:6352822,Carl-Metz-Straße,2,2026-05-22 14:36:11+02
NBF:Station:289944,Rommelstr. / Auerstr.,3,2026-05-22 14:36:11+02
NBF:Station:54869634,Knielingen/Rheinbergstraße,4,2026-05-22 14:36:11+02
NBF:Station:52355370,Parkplatz Kühler Krug,2,2026-05-22 14:36:11+02
NBF:Station:285510,Adenauerring / Fasanengarten,4,2026-05-22 14:36:11+02
NBF:Station:53001693,Knielinger Allee/Franz-Lust-Straße,1,2026-05-22 14:36:11+02
NBF:Station:280263,Fächerbad,5,2026-05-22 14:36:11+02
NBF:Station:297942,Neuer Zirkel / Englerstr.,2,2026-05-22 14:36:11+02
NBF:Station:78971440,Gerwigstraße,1,2026-05-22 14:36:11+02
NBF:Station:78972260,Servicescope,2,2026-05-22 14:36:11+02
NBF:Station:289946,Durlach Schlossplatz,2,2026-05-22 14:36:11+02
NBF:Station:280263,Fächerbad,4,2026-05-22 14:04:42+02
NBF:Station:52355370,Parkplatz Kühler Krug,2,2026-05-22 14:04:42+02
NBF:Station:54869634,Knielingen/Rheinbergstraße,4,2026-05-22 14:04:42+02
NBF:Station:289944,Rommelstr. / Auerstr.,3,2026-05-22 14:04:42+02
NBF:Station:285510,Adenauerring / Fasanengarten,3,2026-05-22 14:04:42+02
NBF:Station:280322,KIT Süd,3,2026-05-22 14:04:42+02
NBF:Station:297942,Neuer Zirkel / Englerstr.,2,2026-05-22 14:04:42+02
NBF:Station:289946,Durlach Schlossplatz,2,2026-05-22 14:04:42+02
NBF:Station:78972260,Servicescope,2,2026-05-22 14:04:42+02
NBF:Station:462165,Rüppurr – Tulpenstraße,4,2026-05-22 14:04:42+02
NBF:Station:367726,KIT Ost,1,2026-05-22 14:04:42+02
NBF:Station:462159,Oberreut - Zentrum,8,2026-05-22 14:04:42+02
NBF:Station:462174,Bulach - Grünwinkler Straße,4,2026-05-22 14:04:42+02
NBF:Station:280260,Nordweststadt - Kurt-Schumacher-Straße,3,2026-05-22 14:04:42+02
NBF:Station:6352822,Carl-Metz-Straße,2,2026-05-22 14:04:42+02
NBF:Station:264394,Hauptbahnhof / Touristinformation,14,2026-05-22 14:04:42+02
NBF:Station:462176,Grünwinkel - Carl-Metz-Straße,0,2026-05-22 14:04:42+02
NBF:Station:6352777,Zeppelinstraße / Benzstraße,3,2026-05-22 14:04:42+02
NBF:Station:289942,Durlach - Bahnhof ,4,2026-05-22 14:04:42+02
NBF:Station:37983357,Adenauerring,2,2026-05-22 13:30:36+02
NBF:Station:462165,Rüppurr – Tulpenstraße,4,2026-05-22 13:30:36+02
NBF:Station:462159,Oberreut - Zentrum,8,2026-05-22 13:30:36+02
NBF:Station:300645,HaDiKo,0,2026-05-22 13:30:36+02
NBF:Station:462174,Bulach - Grünwinkler Straße,5,2026-05-22 13:30:36+02
NBF:Station:458,Erbprinzenstr.,1,2026-05-22 13:30:36+02
NBF:Station:280260,Nordweststadt - Kurt-Schumacher-Straße,3,2026-05-22 13:30:36+02
NBF:Station:462176,Grünwinkel - Carl-Metz-Straße,1,2026-05-22 13:30:36+02
NBF:Station:264394,Hauptbahnhof / Touristinformation,9,2026-05-22 13:30:36+02
NBF:Station:6352822,Carl-Metz-Straße,1,2026-05-22 13:30:36+02
NBF:Station:289942,Durlach - Bahnhof ,4,2026-05-22 13:30:36+02
NBF:Station:6352777,Zeppelinstraße / Benzstraße,4,2026-05-22 13:30:36+02
NBF:Station:52355370,Parkplatz Kühler Krug,2,2026-05-22 13:30:36+02
NBF:Station:54869634,Knielingen/Rheinbergstraße,4,2026-05-22 13:30:36+02
NBF:Station:289944,Rommelstr. / Auerstr.,3,2026-05-22 13:30:36+02
NBF:Station:285510,Adenauerring / Fasanengarten,2,2026-05-22 13:30:36+02
NBF:Station:280322,KIT Süd,0,2026-05-22 13:30:36+02
NBF:Station:53001693,Knielinger Allee/Franz-Lust-Straße,0,2026-05-22 13:30:36+02
NBF:Station:280263,Fächerbad,4,2026-05-22 13:30:36+02
NBF:Station:78972260,Servicescope,2,2026-05-22 13:30:36+02
NBF:Station:289946,Durlach Schlossplatz,2,2026-05-22 13:30:36+02
NBF:Station:462174,Bulach - Grünwinkler Straße,5,2026-05-22 12:58:44+02
NBF:Station:300645,HaDiKo,0,2026-05-22 12:58:44+02
NBF:Station:462159,Oberreut - Zentrum,8,2026-05-22 12:58:44+02
NBF:Station:462165,Rüppurr – Tulpenstraße,4,2026-05-22 12:58:44+02
NBF:Station:37983357,Adenauerring,0,2026-05-22 12:58:44+02
NBF:Station:6352777,Zeppelinstraße / Benzstraße,5,2026-05-22 12:58:44+02
NBF:Station:289942,Durlach - Bahnhof ,3,2026-05-22 12:58:44+02
NBF:Station:6352822,Carl-Metz-Straße,1,2026-05-22 12:58:44+02
NBF:Station:462176,Grünwinkel - Carl-Metz-Straße,1,2026-05-22 12:58:44+02
NBF:Station:264394,Hauptbahnhof / Touristinformation,10,2026-05-22 12:58:44+02
NBF:Station:280260,Nordweststadt - Kurt-Schumacher-Straße,3,2026-05-22 12:58:44+02
NBF:Station:285510,Adenauerring / Fasanengarten,3,2026-05-22 12:58:44+02
NBF:Station:289944,Rommelstr. / Auerstr.,3,2026-05-22 12:58:44+02
NBF:Station:54869634,Knielingen/Rheinbergstraße,4,2026-05-22 12:58:44+02
NBF:Station:280259,Werderplatz,1,2026-05-22 12:58:44+02
NBF:Station:78971162,Sophienstraße,1,2026-05-22 12:58:44+02
NBF:Station:289946,Durlach Schlossplatz,2,2026-05-22 12:58:44+02
NBF:Station:78972260,Servicescope,2,2026-05-22 12:58:44+02
NBF:Station:280263,Fächerbad,4,2026-05-22 12:58:44+02
NBF:Station:53001693,Knielinger Allee/Franz-Lust-Straße,2,2026-05-22 12:58:44+02
NBF:Station:280322,KIT Süd,6,2026-05-22 12:58:44+02
NBF:Station:52997350,Schloss Rüppurr,1,2026-05-22 12:58:44+02
NBF:Station:280263,Fächerbad,5,2026-05-22 12:26:15+02
NBF:Station:280255,Kreativpark/Alter Schlachthof,2,2026-05-22 12:26:15+02
NBF:Station:462174,Bulach - Grünwinkler Straße,5,2026-05-22 12:26:15+02
NBF:Station:300645,HaDiKo,7,2026-05-22 12:26:15+02
NBF:Station:462159,Oberreut - Zentrum,8,2026-05-22 12:26:15+02
NBF:Station:462165,Rüppurr – Tulpenstraße,3,2026-05-22 12:26:15+02
NBF:Station:37983357,Adenauerring,1,2026-05-22 12:26:15+02
NBF:Station:367726,KIT Ost,1,2026-05-22 12:26:15+02
NBF:Station:6352777,Zeppelinstraße / Benzstraße,4,2026-05-22 12:26:15+02
NBF:Station:289942,Durlach - Bahnhof ,3,2026-05-22 12:26:15+02
NBF:Station:6352822,Carl-Metz-Straße,1,2026-05-22 12:26:15+02
NBF:Station:264394,Hauptbahnhof / Touristinformation,6,2026-05-22 12:26:15+02
NBF:Station:462176,Grünwinkel - Carl-Metz-Straße,1,2026-05-22 12:26:15+02
NBF:Station:280260,Nordweststadt - Kurt-Schumacher-Straße,3,2026-05-22 12:26:15+02
NBF:Station:285510,Adenauerring / Fasanengarten,1,2026-05-22 12:26:15+02
NBF:Station:289944,Rommelstr. / Auerstr.,3,2026-05-22 12:26:15+02
NBF:Station:54869634,Knielingen/Rheinbergstraße,4,2026-05-22 12:26:15+02
NBF:Station:78971440,Gerwigstraße,1,2026-05-22 12:26:15+02
NBF:Station:280259,Werderplatz,1,2026-05-22 12:26:15+02
NBF:Station:78971162,Sophienstraße,1,2026-05-22 12:26:15+02
NBF:Station:78972260,Servicescope,2,2026-05-22 12:26:15+02
NBF:Station:289946,Durlach Schlossplatz,2,2026-05-22 12:26:15+02
NBF:Station:52997350,Schloss Rüppurr,1,2026-05-22 12:26:15+02
NBF:Station:280322,KIT Süd,4,2026-05-22 12:26:15+02
NBF:Station:297942,Neuer Zirkel / Englerstr.,2,2026-05-22 11:53:45+02
NBF:Station:52997350,Schloss Rüppurr,1,2026-05-22 11:53:45+02
NBF:Station:280322,KIT Süd,1,2026-05-22 11:53:45+02
NBF:Station:289946,Durlach Schlossplatz,2,2026-05-22 11:53:45+02
NBF:Station:280263,Fächerbad,5,2026-05-22 11:53:45+02
NBF:Station:78971162,Sophienstraße,1,2026-05-22 11:53:45+02
NBF:Station:78972260,Servicescope,2,2026-05-22 11:53:45+02
NBF:Station:54869634,Knielingen/Rheinbergstraße,4,2026-05-22 11:53:45+02
NBF:Station:289944,Rommelstr. / Auerstr.,3,2026-05-22 11:53:45+02
NBF:Station:285510,Adenauerring / Fasanengarten,1,2026-05-22 11:53:45+02
NBF:Station:280260,Nordweststadt - Kurt-Schumacher-Straße,3,2026-05-22 11:53:45+02
NBF:Station:6352822,Carl-Metz-Straße,1,2026-05-22 11:53:45+02
NBF:Station:264394,Hauptbahnhof / Touristinformation,7,2026-05-22 11:53:45+02
NBF:Station:462176,Grünwinkel - Carl-Metz-Straße,1,2026-05-22 11:53:45+02
NBF:Station:6352777,Zeppelinstraße / Benzstraße,5,2026-05-22 11:53:45+02
NBF:Station:367726,KIT Ost,0,2026-05-22 11:53:45+02
NBF:Station:289942,Durlach - Bahnhof ,2,2026-05-22 11:53:45+02
NBF:Station:462165,Rüppurr – Tulpenstraße,3,2026-05-22 11:53:45+02
NBF:Station:37983357,Adenauerring,1,2026-05-22 11:53:45+02
NBF:Station:300645,HaDiKo,1,2026-05-22 11:53:45+02
NBF:Station:462159,Oberreut - Zentrum,8,2026-05-22 11:53:45+02
NBF:Station:462174,Bulach - Grünwinkler Straße,5,2026-05-22 11:53:45+02
NBF:Station:53171791,Südendstraße./ Brauerstr.,1,2026-05-22 11:53:45+02
NBF:Station:280255,Kreativpark/Alter Schlachthof,2,2026-05-22 11:53:45+02
NBF:Station:280322,KIT Süd,1,2026-05-22 11:22:20+02
NBF:Station:280263,Fächerbad,5,2026-05-22 11:22:20+02
NBF:Station:289946,Durlach Schlossplatz,2,2026-05-22 11:22:20+02
NBF:Station:78972260,Servicescope,2,2026-05-22 11:22:20+02
NBF:Station:50819438,Moltkestraße - CAMPUSbike HSKA,3,2026-05-22 11:22:20+02
NBF:Station:54869634,Knielingen/Rheinbergstraße,4,2026-05-22 11:22:20+02
NBF:Station:289944,Rommelstr. / Auerstr.,3,2026-05-22 11:22:20+02
NBF:Station:280260,Nordweststadt - Kurt-Schumacher-Straße,3,2026-05-22 11:22:20+02
NBF:Station:289942,Durlach - Bahnhof ,1,2026-05-22 11:22:20+02
NBF:Station:264394,Hauptbahnhof / Touristinformation,3,2026-05-22 11:22:20+02
NBF:Station:462176,Grünwinkel - Carl-Metz-Straße,1,2026-05-22 11:22:20+02
NBF:Station:6352822,Carl-Metz-Straße,1,2026-05-22 11:22:20+02
NBF:Station:6352777,Zeppelinstraße / Benzstraße,6,2026-05-22 11:22:20+02
NBF:Station:37983357,Adenauerring,2,2026-05-22 11:22:20+02
NBF:Station:462165,Rüppurr – Tulpenstraße,3,2026-05-22 11:22:20+02
NBF:Station:462159,Oberreut - Zentrum,8,2026-05-22 11:22:20+02
NBF:Station:300645,HaDiKo,0,2026-05-22 11:22:20+02
NBF:Station:53171791,Südendstraße./ Brauerstr.,1,2026-05-22 11:22:20+02
NBF:Station:462174,Bulach - Grünwinkler Straße,6,2026-05-22 11:22:20+02
NBF:Station:280255,Kreativpark/Alter Schlachthof,2,2026-05-22 11:22:20+02
NBF:Station:280250,Kolpingplatz,1,2026-05-22 10:47:43+02
NBF:Station:289944,Rommelstr. / Auerstr.,3,2026-05-22 10:47:43+02
NBF:Station:54869634,Knielingen/Rheinbergstraße,4,2026-05-22 10:47:43+02
NBF:Station:280263,Fächerbad,5,2026-05-22 10:47:43+02
NBF:Station:280322,KIT Süd,2,2026-05-22 10:47:43+02
NBF:Station:78972260,Servicescope,2,2026-05-22 10:47:43+02
NBF:Station:289946,Durlach Schlossplatz,2,2026-05-22 10:47:43+02
NBF:Station:462165,Rüppurr – Tulpenstraße,4,2026-05-22 10:47:43+02
NBF:Station:37983357,Adenauerring,2,2026-05-22 10:47:43+02
NBF:Station:367726,KIT Ost,0,2026-05-22 10:47:43+02
NBF:Station:280253,Karl-Wilhelm-Platz,1,2026-05-22 10:47:43+02
NBF:Station:280255,Kreativpark/Alter Schlachthof,2,2026-05-22 10:47:43+02
NBF:Station:53171791,Südendstraße./ Brauerstr.,1,2026-05-22 10:47:43+02
NBF:Station:462174,Bulach - Grünwinkler Straße,6,2026-05-22 10:47:43+02
NBF:Station:300645,HaDiKo,1,2026-05-22 10:47:43+02
NBF:Station:462159,Oberreut - Zentrum,8,2026-05-22 10:47:43+02
NBF:Station:1390,Karlstraße / Waldstraße,1,2026-05-22 10:47:43+02
NBF:Station:280260,Nordweststadt - Kurt-Schumacher-Straße,3,2026-05-22 10:47:43+02
NBF:Station:281794,Agentur für Arbeit,1,2026-05-22 10:47:43+02
NBF:Station:6352777,Zeppelinstraße / Benzstraße,5,2026-05-22 10:47:43+02
NBF:Station:289942,Durlach - Bahnhof ,1,2026-05-22 10:47:43+02
NBF:Station:6352822,Carl-Metz-Straße,1,2026-05-22 10:47:43+02
NBF:Station:264394,Hauptbahnhof / Touristinformation,7,2026-05-22 10:47:43+02
NBF:Station:462176,Grünwinkel - Carl-Metz-Straße,1,2026-05-22 10:47:43+02
NBF:Station:289944,Rommelstr. / Auerstr.,3,2026-05-22 10:14:26+02
NBF:Station:54869634,Knielingen/Rheinbergstraße,4,2026-05-22 10:14:26+02
NBF:Station:52355370,Parkplatz Kühler Krug,1,2026-05-22 10:14:26+02
NBF:Station:280263,Fächerbad,5,2026-05-22 10:14:26+02
NBF:Station:297942,Neuer Zirkel / Englerstr.,1,2026-05-22 10:14:26+02
NBF:Station:78972260,Servicescope,2,2026-05-22 10:14:26+02
NBF:Station:289946,Durlach Schlossplatz,2,2026-05-22 10:14:26+02
NBF:Station:280258,Karlstor,1,2026-05-22 10:14:26+02
NBF:Station:37983357,Adenauerring,1,2026-05-22 10:14:26+02
NBF:Station:462165,Rüppurr – Tulpenstraße,4,2026-05-22 10:14:26+02
NBF:Station:280255,Kreativpark/Alter Schlachthof,2,2026-05-22 10:14:26+02
NBF:Station:53171791,Südendstraße./ Brauerstr.,1,2026-05-22 10:14:26+02
NBF:Station:462174,Bulach - Grünwinkler Straße,6,2026-05-22 10:14:26+02
NBF:Station:462159,Oberreut - Zentrum,8,2026-05-22 10:14:26+02
NBF:Station:280250,Kolpingplatz,0,2026-05-22 10:14:26+02
NBF:Station:1390,Karlstraße / Waldstraße,1,2026-05-22 10:14:26+02
NBF:Station:300645,HaDiKo,0,2026-05-22 10:14:26+02
NBF:Station:280260,Nordweststadt - Kurt-Schumacher-Straße,3,2026-05-22 10:14:26+02
NBF:Station:458,Erbprinzenstr.,1,2026-05-22 10:14:26+02
NBF:Station:281794,Agentur für Arbeit,1,2026-05-22 10:14:26+02
NBF:Station:289942,Durlach - Bahnhof ,1,2026-05-22 10:14:26+02
NBF:Station:6352777,Zeppelinstraße / Benzstraße,6,2026-05-22 10:14:26+02
NBF:Station:462176,Grünwinkel - Carl-Metz-Straße,1,2026-05-22 10:14:26+02
NBF:Station:264394,Hauptbahnhof / Touristinformation,5,2026-05-22 10:14:26+02
NBF:Station:6352822,Carl-Metz-Straße,1,2026-05-22 10:14:26+02
NBF:Station:280250,Kolpingplatz,1,2026-05-22 09:39:38+02
NBF:Station:462174,Bulach - Grünwinkler Straße,5,2026-05-22 09:39:38+02
NBF:Station:53171791,Südendstraße./ Brauerstr.,2,2026-05-22 09:39:38+02
NBF:Station:280255,Kreativpark/Alter Schlachthof,2,2026-05-22 09:39:38+02
NBF:Station:300645,HaDiKo,0,2026-05-22 09:39:38+02
NBF:Station:1390,Karlstraße / Waldstraße,1,2026-05-22 09:39:38+02
NBF:Station:462159,Oberreut - Zentrum,8,2026-05-22 09:39:38+02
NBF:Station:462165,Rüppurr – Tulpenstraße,4,2026-05-22 09:39:38+02
NBF:Station:367726,KIT Ost,4,2026-05-22 09:39:38+02
NBF:Station:6352777,Zeppelinstraße / Benzstraße,6,2026-05-22 09:39:38+02
NBF:Station:289942,Durlach - Bahnhof ,1,2026-05-22 09:39:38+02
NBF:Station:6352822,Carl-Metz-Straße,1,2026-05-22 09:39:38+02
NBF:Station:264394,Hauptbahnhof / Touristinformation,5,2026-05-22 09:39:38+02
NBF:Station:462176,Grünwinkel - Carl-Metz-Straße,1,2026-05-22 09:39:38+02
NBF:Station:280260,Nordweststadt - Kurt-Schumacher-Straße,3,2026-05-22 09:39:38+02
NBF:Station:289944,Rommelstr. / Auerstr.,3,2026-05-22 09:39:38+02
NBF:Station:52355370,Parkplatz Kühler Krug,1,2026-05-22 09:39:38+02
NBF:Station:54869634,Knielingen/Rheinbergstraße,4,2026-05-22 09:39:38+02
NBF:Station:50819438,Moltkestraße - CAMPUSbike HSKA,4,2026-05-22 09:39:38+02
NBF:Station:289946,Durlach Schlossplatz,2,2026-05-22 09:39:38+02
NBF:Station:78972260,Servicescope,2,2026-05-22 09:39:38+02
NBF:Station:280263,Fächerbad,5,2026-05-22 09:39:38+02
NBF:Station:280322,KIT Süd,3,2026-05-22 09:39:38+02
NBF:Station:289946,Durlach Schlossplatz,2,2026-05-22 09:04:25+02
NBF:Station:78972260,Servicescope,2,2026-05-22 09:04:25+02
NBF:Station:50819438,Moltkestraße - CAMPUSbike HSKA,9,2026-05-22 09:04:25+02
NBF:Station:297942,Neuer Zirkel / Englerstr.,1,2026-05-22 09:04:25+02
NBF:Station:280322,KIT Süd,3,2026-05-22 09:04:25+02
NBF:Station:280263,Fächerbad,5,2026-05-22 09:04:25+02
NBF:Station:53001693,Knielinger Allee/Franz-Lust-Straße,0,2026-05-22 09:04:25+02
NBF:Station:37983402,Tennesseeallee - CAMPUSbike KIT,1,2026-05-22 09:04:25+02
NBF:Station:285510,Adenauerring / Fasanengarten,1,2026-05-22 09:04:25+02
NBF:Station:54869634,Knielingen/Rheinbergstraße,4,2026-05-22 09:04:25+02
NBF:Station:52355370,Parkplatz Kühler Krug,1,2026-05-22 09:04:25+02
NBF:Station:289944,Rommelstr. / Auerstr.,3,2026-05-22 09:04:25+02
NBF:Station:462176,Grünwinkel - Carl-Metz-Straße,1,2026-05-22 09:04:25+02
NBF:Station:264394,Hauptbahnhof / Touristinformation,8,2026-05-22 09:04:25+02
NBF:Station:6352822,Carl-Metz-Straße,1,2026-05-22 09:04:25+02
NBF:Station:6352777,Zeppelinstraße / Benzstraße,6,2026-05-22 09:04:25+02
NBF:Station:281794,Agentur für Arbeit,1,2026-05-22 09:04:25+02
NBF:Station:280260,Nordweststadt - Kurt-Schumacher-Straße,3,2026-05-22 09:04:25+02
NBF:Station:1390,Karlstraße / Waldstraße,1,2026-05-22 09:04:25+02
NBF:Station:462159,Oberreut - Zentrum,8,2026-05-22 09:04:25+02
NBF:Station:300645,HaDiKo,1,2026-05-22 09:04:25+02
NBF:Station:53171791,Südendstraße./ Brauerstr.,2,2026-05-22 09:04:25+02
NBF:Station:462174,Bulach - Grünwinkler Straße,5,2026-05-22 09:04:25+02
NBF:Station:280255,Kreativpark/Alter Schlachthof,3,2026-05-22 09:04:25+02
NBF:Station:50819425,Knielinger Allee - CAMPUSbike HSKA,2,2026-05-22 09:04:25+02
NBF:Station:280250,Kolpingplatz,1,2026-05-22 09:04:25+02
NBF:Station:280249,Prinz-Max-Palais,1,2026-05-22 09:04:25+02
NBF:Station:462165,Rüppurr – Tulpenstraße,4,2026-05-22 09:04:25+02
NBF:Station:367726,KIT Ost,3,2026-05-22 09:04:25+02
NBF:Station:281794,Agentur für Arbeit,2,2026-05-22 08:28:50+02
NBF:Station:280260,Nordweststadt - Kurt-Schumacher-Straße,3,2026-05-22 08:28:50+02
NBF:Station:6352822,Carl-Metz-Straße,1,2026-05-22 08:28:50+02
NBF:Station:462176,Grünwinkel - Carl-Metz-Straße,1,2026-05-22 08:28:50+02
NBF:Station:264394,Hauptbahnhof / Touristinformation,14,2026-05-22 08:28:50+02
NBF:Station:6352777,Zeppelinstraße / Benzstraße,6,2026-05-22 08:28:50+02
NBF:Station:289942,Durlach - Bahnhof ,3,2026-05-22 08:28:50+02
NBF:Station:462165,Rüppurr – Tulpenstraße,4,2026-05-22 08:28:50+02
NBF:Station:37983357,Adenauerring,1,2026-05-22 08:28:50+02
NBF:Station:367726,KIT Ost,1,2026-05-22 08:28:50+02
NBF:Station:1390,Karlstraße / Waldstraße,1,2026-05-22 08:28:50+02
NBF:Station:462159,Oberreut - Zentrum,8,2026-05-22 08:28:50+02
NBF:Station:50819425,Knielinger Allee - CAMPUSbike HSKA,2,2026-05-22 08:28:50+02
NBF:Station:280250,Kolpingplatz,1,2026-05-22 08:28:50+02
NBF:Station:280253,Karl-Wilhelm-Platz,2,2026-05-22 08:28:50+02
NBF:Station:53171791,Südendstraße./ Brauerstr.,2,2026-05-22 08:28:50+02
NBF:Station:462174,Bulach - Grünwinkler Straße,6,2026-05-22 08:28:50+02
NBF:Station:280255,Kreativpark/Alter Schlachthof,2,2026-05-22 08:28:50+02
NBF:Station:280322,KIT Süd,1,2026-05-22 08:28:50+02
NBF:Station:297942,Neuer Zirkel / Englerstr.,1,2026-05-22 08:28:50+02
NBF:Station:37983402,Tennesseeallee - CAMPUSbike KIT,0,2026-05-22 08:28:50+02
NBF:Station:280263,Fächerbad,5,2026-05-22 08:28:50+02
NBF:Station:53001693,Knielinger Allee/Franz-Lust-Straße,2,2026-05-22 08:28:50+02
NBF:Station:289946,Durlach Schlossplatz,2,2026-05-22 08:28:50+02
NBF:Station:78972260,Servicescope,2,2026-05-22 08:28:50+02
NBF:Station:50819438,Moltkestraße - CAMPUSbike HSKA,5,2026-05-22 08:28:50+02
NBF:Station:54869634,Knielingen/Rheinbergstraße,4,2026-05-22 08:28:50+02
NBF:Station:52355370,Parkplatz Kühler Krug,1,2026-05-22 08:28:50+02
NBF:Station:289944,Rommelstr. / Auerstr.,3,2026-05-22 08:28:50+02
NBF:Station:281794,Agentur für Arbeit,2,2026-05-22 07:53:37+02
NBF:Station:280260,Nordweststadt - Kurt-Schumacher-Straße,5,2026-05-22 07:53:37+02
NBF:Station:280250,Kolpingplatz,1,2026-05-22 07:53:37+02
NBF:Station:462176,Grünwinkel - Carl-Metz-Straße,1,2026-05-22 07:53:37+02
NBF:Station:264394,Hauptbahnhof / Touristinformation,12,2026-05-22 07:53:37+02
NBF:Station:6352822,Carl-Metz-Straße,1,2026-05-22 07:53:37+02
NBF:Station:289942,Durlach - Bahnhof ,3,2026-05-22 07:53:37+02
NBF:Station:6352777,Zeppelinstraße / Benzstraße,4,2026-05-22 07:53:37+02
NBF:Station:367726,KIT Ost,0,2026-05-22 07:53:37+02
NBF:Station:462165,Rüppurr – Tulpenstraße,4,2026-05-22 07:53:37+02
NBF:Station:462159,Oberreut - Zentrum,8,2026-05-22 07:53:37+02
NBF:Station:300645,HaDiKo,2,2026-05-22 07:53:37+02
NBF:Station:462174,Bulach - Grünwinkler Straße,6,2026-05-22 07:53:37+02
NBF:Station:53171791,Südendstraße./ Brauerstr.,2,2026-05-22 07:53:37+02
NBF:Station:280255,Kreativpark/Alter Schlachthof,2,2026-05-22 07:53:37+02
NBF:Station:280253,Karl-Wilhelm-Platz,2,2026-05-22 07:53:37+02
NBF:Station:50819425,Knielinger Allee - CAMPUSbike HSKA,1,2026-05-22 07:53:37+02
NBF:Station:280322,KIT Süd,2,2026-05-22 07:53:37+02
NBF:Station:280263,Fächerbad,4,2026-05-22 07:53:37+02
NBF:Station:53001693,Knielinger Allee/Franz-Lust-Straße,3,2026-05-22 07:53:37+02
NBF:Station:37983402,Tennesseeallee - CAMPUSbike KIT,0,2026-05-22 07:53:37+02
NBF:Station:289946,Durlach Schlossplatz,2,2026-05-22 07:53:37+02
NBF:Station:78972260,Servicescope,2,2026-05-22 07:53:37+02
NBF:Station:50819438,Moltkestraße - CAMPUSbike HSKA,3,2026-05-22 07:53:37+02
NBF:Station:52355370,Parkplatz Kühler Krug,1,2026-05-22 07:53:37+02
NBF:Station:54869634,Knielingen/Rheinbergstraße,4,2026-05-22 07:53:37+02
NBF:Station:289944,Rommelstr. / Auerstr.,3,2026-05-22 07:53:37+02
NBF:Station:462181,Daxlanden - Stadtwerke,0,2026-05-22 07:53:37+02
NBF:Station:462181,Daxlanden - Stadtwerke,1,2026-05-22 07:21:16+02
NBF:Station:37983402,Tennesseeallee - CAMPUSbike KIT,0,2026-05-22 07:21:16+02
NBF:Station:280263,Fächerbad,4,2026-05-22 07:21:16+02
NBF:Station:53001693,Knielinger Allee/Franz-Lust-Straße,4,2026-05-22 07:21:16+02
NBF:Station:280322,KIT Süd,2,2026-05-22 07:21:16+02
NBF:Station:289946,Durlach Schlossplatz,2,2026-05-22 07:21:16+02
NBF:Station:78972260,Servicescope,2,2026-05-22 07:21:16+02
NBF:Station:289944,Rommelstr. / Auerstr.,3,2026-05-22 07:21:16+02
NBF:Station:54869634,Knielingen/Rheinbergstraße,4,2026-05-22 07:21:16+02
NBF:Station:52355370,Parkplatz Kühler Krug,1,2026-05-22 07:21:16+02
NBF:Station:280260,Nordweststadt - Kurt-Schumacher-Straße,5,2026-05-22 07:21:16+02
NBF:Station:281794,Agentur für Arbeit,1,2026-05-22 07:21:16+02
NBF:Station:289942,Durlach - Bahnhof ,2,2026-05-22 07:21:16+02
NBF:Station:6352777,Zeppelinstraße / Benzstraße,4,2026-05-22 07:21:16+02
NBF:Station:462176,Grünwinkel - Carl-Metz-Straße,1,2026-05-22 07:21:16+02
NBF:Station:264394,Hauptbahnhof / Touristinformation,12,2026-05-22 07:21:16+02
NBF:Station:6352822,Carl-Metz-Straße,1,2026-05-22 07:21:16+02
NBF:Station:367726,KIT Ost,1,2026-05-22 07:21:16+02
NBF:Station:462165,Rüppurr – Tulpenstraße,4,2026-05-22 07:21:16+02
NBF:Station:53171791,Südendstraße./ Brauerstr.,1,2026-05-22 07:21:16+02
NBF:Station:462174,Bulach - Grünwinkler Straße,6,2026-05-22 07:21:16+02
NBF:Station:280255,Kreativpark/Alter Schlachthof,1,2026-05-22 07:21:16+02
NBF:Station:280250,Kolpingplatz,1,2026-05-22 07:21:16+02
NBF:Station:280253,Karl-Wilhelm-Platz,0,2026-05-22 07:21:16+02
NBF:Station:462159,Oberreut - Zentrum,8,2026-05-22 07:21:16+02
NBF:Station:300645,HaDiKo,5,2026-05-22 07:21:16+02
NBF:Station:462159,Oberreut - Zentrum,8,2026-05-22 06:45:09+02
NBF:Station:300645,HaDiKo,9,2026-05-22 06:45:09+02
NBF:Station:462174,Bulach - Grünwinkler Straße,6,2026-05-22 06:45:09+02
NBF:Station:280255,Kreativpark/Alter Schlachthof,1,2026-05-22 06:45:09+02
NBF:Station:280250,Kolpingplatz,1,2026-05-22 06:45:09+02
NBF:Station:280253,Karl-Wilhelm-Platz,1,2026-05-22 06:45:09+02
NBF:Station:367726,KIT Ost,1,2026-05-22 06:45:09+02
NBF:Station:462165,Rüppurr – Tulpenstraße,4,2026-05-22 06:45:09+02
NBF:Station:264394,Hauptbahnhof / Touristinformation,14,2026-05-22 06:45:09+02
NBF:Station:462176,Grünwinkel - Carl-Metz-Straße,1,2026-05-22 06:45:09+02
NBF:Station:6352822,Carl-Metz-Straße,1,2026-05-22 06:45:09+02
NBF:Station:289942,Durlach - Bahnhof ,1,2026-05-22 06:45:09+02
NBF:Station:6352777,Zeppelinstraße / Benzstraße,4,2026-05-22 06:45:09+02
NBF:Station:281794,Agentur für Arbeit,1,2026-05-22 06:45:09+02
NBF:Station:280260,Nordweststadt - Kurt-Schumacher-Straße,5,2026-05-22 06:45:09+02
NBF:Station:462181,Daxlanden - Stadtwerke,1,2026-05-22 06:45:09+02
NBF:Station:52355370,Parkplatz Kühler Krug,1,2026-05-22 06:45:09+02
NBF:Station:54869634,Knielingen/Rheinbergstraße,4,2026-05-22 06:45:09+02
NBF:Station:289944,Rommelstr. / Auerstr.,3,2026-05-22 06:45:09+02
NBF:Station:289946,Durlach Schlossplatz,2,2026-05-22 06:45:09+02
NBF:Station:78972260,Servicescope,2,2026-05-22 06:45:09+02
NBF:Station:78971440,Gerwigstraße,1,2026-05-22 06:45:09+02
NBF:Station:280322,KIT Süd,2,2026-05-22 06:45:09+02
NBF:Station:37983402,Tennesseeallee - CAMPUSbike KIT,1,2026-05-22 06:45:09+02
NBF:Station:280263,Fächerbad,4,2026-05-22 06:45:09+02
NBF:Station:53001693,Knielinger Allee/Franz-Lust-Straße,5,2026-05-22 06:45:09+02
NBF:Station:300645,HaDiKo,9,2026-05-22 06:11:40+02
NBF:Station:462159,Oberreut - Zentrum,8,2026-05-22 06:11:40+02
NBF:Station:280250,Kolpingplatz,1,2026-05-22 06:11:40+02
NBF:Station:280253,Karl-Wilhelm-Platz,1,2026-05-22 06:11:40+02
NBF:Station:462174,Bulach - Grünwinkler Straße,6,2026-05-22 06:11:40+02
NBF:Station:280255,Kreativpark/Alter Schlachthof,1,2026-05-22 06:11:40+02
NBF:Station:462165,Rüppurr – Tulpenstraße,4,2026-05-22 06:11:40+02
NBF:Station:367726,KIT Ost,1,2026-05-22 06:11:40+02
NBF:Station:6352822,Carl-Metz-Straße,1,2026-05-22 06:11:40+02
NBF:Station:462176,Grünwinkel - Carl-Metz-Straße,1,2026-05-22 06:11:40+02
NBF:Station:264394,Hauptbahnhof / Touristinformation,12,2026-05-22 06:11:40+02
NBF:Station:6352777,Zeppelinstraße / Benzstraße,3,2026-05-22 06:11:40+02
NBF:Station:281794,Agentur für Arbeit,1,2026-05-22 06:11:40+02
NBF:Station:280260,Nordweststadt - Kurt-Schumacher-Straße,5,2026-05-22 06:11:40+02
NBF:Station:462181,Daxlanden - Stadtwerke,1,2026-05-22 06:11:40+02
NBF:Station:54869634,Knielingen/Rheinbergstraße,4,2026-05-22 06:11:40+02
NBF:Station:52355370,Parkplatz Kühler Krug,1,2026-05-22 06:11:40+02
NBF:Station:289944,Rommelstr. / Auerstr.,3,2026-05-22 06:11:40+02
NBF:Station:289946,Durlach Schlossplatz,3,2026-05-22 06:11:40+02
NBF:Station:78972260,Servicescope,2,2026-05-22 06:11:40+02
NBF:Station:78971440,Gerwigstraße,1,2026-05-22 06:11:40+02
NBF:Station:280322,KIT Süd,2,2026-05-22 06:11:40+02
NBF:Station:37983402,Tennesseeallee - CAMPUSbike KIT,0,2026-05-22 06:11:40+02
NBF:Station:280263,Fächerbad,4,2026-05-22 06:11:40+02
NBF:Station:53001693,Knielinger Allee/Franz-Lust-Straße,5,2026-05-22 06:11:40+02
NBF:Station:289946,Durlach Schlossplatz,3,2026-05-22 05:35:23+02
NBF:Station:78971440,Gerwigstraße,1,2026-05-22 05:35:23+02
NBF:Station:78972260,Servicescope,2,2026-05-22 05:35:23+02
NBF:Station:37983402,Tennesseeallee - CAMPUSbike KIT,1,2026-05-22 05:35:23+02
NBF:Station:53001693,Knielinger Allee/Franz-Lust-Straße,5,2026-05-22 05:35:23+02
NBF:Station:280263,Fächerbad,4,2026-05-22 05:35:23+02
NBF:Station:280322,KIT Süd,2,2026-05-22 05:35:23+02
NBF:Station:462181,Daxlanden - Stadtwerke,1,2026-05-22 05:35:23+02
NBF:Station:289944,Rommelstr. / Auerstr.,3,2026-05-22 05:35:23+02
NBF:Station:52355370,Parkplatz Kühler Krug,1,2026-05-22 05:35:23+02
NBF:Station:54869634,Knielingen/Rheinbergstraße,4,2026-05-22 05:35:23+02
NBF:Station:6352777,Zeppelinstraße / Benzstraße,3,2026-05-22 05:35:23+02
NBF:Station:6352822,Carl-Metz-Straße,1,2026-05-22 05:35:23+02
NBF:Station:264394,Hauptbahnhof / Touristinformation,4,2026-05-22 05:35:23+02
NBF:Station:462176,Grünwinkel - Carl-Metz-Straße,1,2026-05-22 05:35:23+02
NBF:Station:280260,Nordweststadt - Kurt-Schumacher-Straße,5,2026-05-22 05:35:23+02
NBF:Station:281794,Agentur für Arbeit,1,2026-05-22 05:35:23+02
NBF:Station:280255,Kreativpark/Alter Schlachthof,1,2026-05-22 05:35:23+02
NBF:Station:280250,Kolpingplatz,1,2026-05-22 05:35:23+02
NBF:Station:462174,Bulach - Grünwinkler Straße,6,2026-05-22 05:35:23+02
NBF:Station:462159,Oberreut - Zentrum,8,2026-05-22 05:35:23+02
NBF:Station:300645,HaDiKo,12,2026-05-22 05:35:23+02
NBF:Station:462165,Rüppurr – Tulpenstraße,4,2026-05-22 05:35:23+02
NBF:Station:367726,KIT Ost,1,2026-05-22 05:35:23+02
NBF:Station:289944,Rommelstr. / Auerstr.,3,2026-05-22 04:57:46+02
NBF:Station:462181,Daxlanden - Stadtwerke,1,2026-05-22 04:57:46+02
NBF:Station:52355370,Parkplatz Kühler Krug,1,2026-05-22 04:57:46+02
NBF:Station:54869634,Knielingen/Rheinbergstraße,4,2026-05-22 04:57:46+02
NBF:Station:78971440,Gerwigstraße,1,2026-05-22 04:57:46+02
NBF:Station:289946,Durlach Schlossplatz,3,2026-05-22 04:57:46+02
NBF:Station:78972260,Servicescope,2,2026-05-22 04:57:46+02
NBF:Station:280263,Fächerbad,4,2026-05-22 04:57:46+02
NBF:Station:53001693,Knielinger Allee/Franz-Lust-Straße,5,2026-05-22 04:57:46+02
NBF:Station:37983402,Tennesseeallee - CAMPUSbike KIT,1,2026-05-22 04:57:46+02
NBF:Station:280322,KIT Süd,2,2026-05-22 04:57:46+02
NBF:Station:280250,Kolpingplatz,1,2026-05-22 04:57:46+02
NBF:Station:462174,Bulach - Grünwinkler Straße,6,2026-05-22 04:57:46+02
NBF:Station:280255,Kreativpark/Alter Schlachthof,1,2026-05-22 04:57:46+02
NBF:Station:300645,HaDiKo,12,2026-05-22 04:57:46+02
NBF:Station:462159,Oberreut - Zentrum,8,2026-05-22 04:57:46+02
NBF:Station:462165,Rüppurr – Tulpenstraße,4,2026-05-22 04:57:46+02
NBF:Station:367726,KIT Ost,1,2026-05-22 04:57:46+02
NBF:Station:6352777,Zeppelinstraße / Benzstraße,3,2026-05-22 04:57:46+02
NBF:Station:6352822,Carl-Metz-Straße,1,2026-05-22 04:57:46+02
NBF:Station:462176,Grünwinkel - Carl-Metz-Straße,1,2026-05-22 04:57:46+02
NBF:Station:264394,Hauptbahnhof / Touristinformation,4,2026-05-22 04:57:46+02
NBF:Station:280260,Nordweststadt - Kurt-Schumacher-Straße,5,2026-05-22 04:57:46+02
NBF:Station:281794,Agentur für Arbeit,1,2026-05-22 04:57:46+02
NBF:Station:462181,Daxlanden - Stadtwerke,1,2026-05-22 04:18:34+02
NBF:Station:54869634,Knielingen/Rheinbergstraße,4,2026-05-22 04:18:34+02
NBF:Station:52355370,Parkplatz Kühler Krug,1,2026-05-22 04:18:34+02
NBF:Station:289944,Rommelstr. / Auerstr.,3,2026-05-22 04:18:34+02
NBF:Station:78972260,Servicescope,2,2026-05-22 04:18:34+02
NBF:Station:289946,Durlach Schlossplatz,3,2026-05-22 04:18:34+02
NBF:Station:78971440,Gerwigstraße,1,2026-05-22 04:18:34+02
NBF:Station:280322,KIT Süd,2,2026-05-22 04:18:34+02
NBF:Station:53001693,Knielinger Allee/Franz-Lust-Straße,5,2026-05-22 04:18:34+02
NBF:Station:280263,Fächerbad,4,2026-05-22 04:18:34+02
NBF:Station:37983402,Tennesseeallee - CAMPUSbike KIT,1,2026-05-22 04:18:34+02
NBF:Station:462159,Oberreut - Zentrum,8,2026-05-22 04:18:34+02
NBF:Station:1390,Karlstraße / Waldstraße,1,2026-05-22 04:18:34+02
NBF:Station:300645,HaDiKo,13,2026-05-22 04:18:34+02
NBF:Station:280255,Kreativpark/Alter Schlachthof,1,2026-05-22 04:18:34+02
NBF:Station:462174,Bulach - Grünwinkler Straße,6,2026-05-22 04:18:34+02
NBF:Station:280250,Kolpingplatz,2,2026-05-22 04:18:34+02
NBF:Station:367726,KIT Ost,1,2026-05-22 04:18:34+02
NBF:Station:462165,Rüppurr – Tulpenstraße,4,2026-05-22 04:18:34+02
NBF:Station:462176,Grünwinkel - Carl-Metz-Straße,1,2026-05-22 04:18:34+02
NBF:Station:264394,Hauptbahnhof / Touristinformation,3,2026-05-22 04:18:34+02
NBF:Station:6352822,Carl-Metz-Straße,1,2026-05-22 04:18:34+02
NBF:Station:6352777,Zeppelinstraße / Benzstraße,3,2026-05-22 04:18:34+02
NBF:Station:281794,Agentur für Arbeit,1,2026-05-22 04:18:34+02
NBF:Station:280260,Nordweststadt - Kurt-Schumacher-Straße,5,2026-05-22 04:18:34+02
NBF:Station:367726,KIT Ost,1,2026-05-22 03:42:26+02
NBF:Station:462176,Grünwinkel - Carl-Metz-Straße,1,2026-05-22 03:42:26+02
NBF:Station:264394,Hauptbahnhof / Touristinformation,2,2026-05-22 03:42:26+02
NBF:Station:300645,HaDiKo,14,2026-05-22 03:42:26+02
NBF:Station:6352822,Carl-Metz-Straße,1,2026-05-22 03:42:26+02
NBF:Station:6352777,Zeppelinstraße / Benzstraße,3,2026-05-22 03:42:26+02
NBF:Station:281794,Agentur für Arbeit,1,2026-05-22 03:42:26+02
NBF:Station:280260,Nordweststadt - Kurt-Schumacher-Straße,5,2026-05-22 03:42:26+02
NBF:Station:462159,Oberreut - Zentrum,8,2026-05-22 03:42:26+02
NBF:Station:1390,Karlstraße / Waldstraße,2,2026-05-22 03:42:26+02
NBF:Station:462174,Bulach - Grünwinkler Straße,6,2026-05-22 03:42:26+02
NBF:Station:280255,Kreativpark/Alter Schlachthof,1,2026-05-22 03:42:26+02
NBF:Station:280250,Kolpingplatz,2,2026-05-22 03:42:26+02
NBF:Station:462165,Rüppurr – Tulpenstraße,4,2026-05-22 03:42:26+02
NBF:Station:78972260,Servicescope,2,2026-05-22 03:42:26+02
NBF:Station:289946,Durlach Schlossplatz,3,2026-05-22 03:42:26+02
NBF:Station:53001693,Knielinger Allee/Franz-Lust-Straße,4,2026-05-22 03:42:26+02
NBF:Station:280263,Fächerbad,4,2026-05-22 03:42:26+02
NBF:Station:37983402,Tennesseeallee - CAMPUSbike KIT,1,2026-05-22 03:42:26+02
NBF:Station:462181,Daxlanden - Stadtwerke,1,2026-05-22 03:42:26+02
NBF:Station:52355370,Parkplatz Kühler Krug,1,2026-05-22 03:42:26+02
NBF:Station:54869634,Knielingen/Rheinbergstraße,4,2026-05-22 03:42:26+02
NBF:Station:289944,Rommelstr. / Auerstr.,3,2026-05-22 03:42:26+02
NBF:Station:462176,Grünwinkel - Carl-Metz-Straße,1,2026-05-22 03:09:05+02
NBF:Station:264394,Hauptbahnhof / Touristinformation,2,2026-05-22 03:09:05+02
NBF:Station:6352822,Carl-Metz-Straße,1,2026-05-22 03:09:05+02
NBF:Station:6352777,Zeppelinstraße / Benzstraße,3,2026-05-22 03:09:05+02
NBF:Station:281794,Agentur für Arbeit,2,2026-05-22 03:09:05+02
NBF:Station:280260,Nordweststadt - Kurt-Schumacher-Straße,5,2026-05-22 03:09:05+02
NBF:Station:462159,Oberreut - Zentrum,8,2026-05-22 03:09:05+02
NBF:Station:1390,Karlstraße / Waldstraße,2,2026-05-22 03:09:05+02
NBF:Station:300645,HaDiKo,14,2026-05-22 03:09:05+02
NBF:Station:280255,Kreativpark/Alter Schlachthof,1,2026-05-22 03:09:05+02
NBF:Station:462174,Bulach - Grünwinkler Straße,6,2026-05-22 03:09:05+02
NBF:Station:280250,Kolpingplatz,2,2026-05-22 03:09:05+02
NBF:Station:367726,KIT Ost,1,2026-05-22 03:09:05+02
NBF:Station:462165,Rüppurr – Tulpenstraße,4,2026-05-22 03:09:05+02
NBF:Station:78972260,Servicescope,2,2026-05-22 03:09:05+02
NBF:Station:289946,Durlach Schlossplatz,3,2026-05-22 03:09:05+02
NBF:Station:280263,Fächerbad,4,2026-05-22 03:09:05+02
NBF:Station:53001693,Knielinger Allee/Franz-Lust-Straße,4,2026-05-22 03:09:05+02
NBF:Station:37983402,Tennesseeallee - CAMPUSbike KIT,1,2026-05-22 03:09:05+02
NBF:Station:462181,Daxlanden - Stadtwerke,1,2026-05-22 03:09:05+02
NBF:Station:54869634,Knielingen/Rheinbergstraße,4,2026-05-22 03:09:05+02
NBF:Station:52355370,Parkplatz Kühler Krug,1,2026-05-22 03:09:05+02
NBF:Station:289944,Rommelstr. / Auerstr.,3,2026-05-22 03:09:05+02
NBF:Station:462159,Oberreut - Zentrum,8,2026-05-22 02:34:06+02
NBF:Station:300645,HaDiKo,14,2026-05-22 02:34:06+02
NBF:Station:280255,Kreativpark/Alter Schlachthof,1,2026-05-22 02:34:06+02
NBF:Station:462174,Bulach - Grünwinkler Straße,6,2026-05-22 02:34:06+02
NBF:Station:280250,Kolpingplatz,2,2026-05-22 02:34:06+02
NBF:Station:367726,KIT Ost,1,2026-05-22 02:34:06+02
NBF:Station:462165,Rüppurr – Tulpenstraße,4,2026-05-22 02:34:06+02
NBF:Station:462176,Grünwinkel - Carl-Metz-Straße,1,2026-05-22 02:34:06+02
NBF:Station:264394,Hauptbahnhof / Touristinformation,1,2026-05-22 02:34:06+02
NBF:Station:6352822,Carl-Metz-Straße,1,2026-05-22 02:34:06+02
NBF:Station:6352777,Zeppelinstraße / Benzstraße,3,2026-05-22 02:34:06+02
NBF:Station:281794,Agentur für Arbeit,2,2026-05-22 02:34:06+02
NBF:Station:280260,Nordweststadt - Kurt-Schumacher-Straße,4,2026-05-22 02:34:06+02
NBF:Station:462181,Daxlanden - Stadtwerke,2,2026-05-22 02:34:06+02
NBF:Station:54869634,Knielingen/Rheinbergstraße,4,2026-05-22 02:34:06+02
NBF:Station:52355370,Parkplatz Kühler Krug,1,2026-05-22 02:34:06+02
NBF:Station:289944,Rommelstr. / Auerstr.,3,2026-05-22 02:34:06+02
NBF:Station:78972260,Servicescope,2,2026-05-22 02:34:06+02
NBF:Station:289946,Durlach Schlossplatz,3,2026-05-22 02:34:06+02
NBF:Station:53001693,Knielinger Allee/Franz-Lust-Straße,4,2026-05-22 02:34:06+02
NBF:Station:280263,Fächerbad,4,2026-05-22 02:34:06+02
NBF:Station:37983402,Tennesseeallee - CAMPUSbike KIT,1,2026-05-22 02:34:06+02
NBF:Station:280249,Prinz-Max-Palais,1,2026-05-22 01:59:43+02
NBF:Station:462165,Rüppurr – Tulpenstraße,4,2026-05-22 01:59:43+02
NBF:Station:367726,KIT Ost,1,2026-05-22 01:59:43+02
NBF:Station:300645,HaDiKo,12,2026-05-22 01:59:43+02
NBF:Station:462159,Oberreut - Zentrum,8,2026-05-22 01:59:43+02
NBF:Station:280250,Kolpingplatz,2,2026-05-22 01:59:43+02
NBF:Station:280255,Kreativpark/Alter Schlachthof,1,2026-05-22 01:59:43+02
NBF:Station:462174,Bulach - Grünwinkler Straße,6,2026-05-22 01:59:43+02
NBF:Station:281794,Agentur für Arbeit,2,2026-05-22 01:59:43+02
NBF:Station:280260,Nordweststadt - Kurt-Schumacher-Straße,4,2026-05-22 01:59:43+02
NBF:Station:6352822,Carl-Metz-Straße,1,2026-05-22 01:59:43+02
NBF:Station:264394,Hauptbahnhof / Touristinformation,1,2026-05-22 01:59:43+02
NBF:Station:462176,Grünwinkel - Carl-Metz-Straße,1,2026-05-22 01:59:43+02
NBF:Station:6352777,Zeppelinstraße / Benzstraße,3,2026-05-22 01:59:43+02
NBF:Station:54869634,Knielingen/Rheinbergstraße,4,2026-05-22 01:59:43+02
NBF:Station:52355370,Parkplatz Kühler Krug,1,2026-05-22 01:59:43+02
NBF:Station:289944,Rommelstr. / Auerstr.,3,2026-05-22 01:59:43+02
NBF:Station:462181,Daxlanden - Stadtwerke,3,2026-05-22 01:59:43+02
NBF:Station:53001693,Knielinger Allee/Franz-Lust-Straße,4,2026-05-22 01:59:43+02
NBF:Station:280263,Fächerbad,4,2026-05-22 01:59:43+02
NBF:Station:37983402,Tennesseeallee - CAMPUSbike KIT,3,2026-05-22 01:59:43+02
NBF:Station:78972260,Servicescope,2,2026-05-22 01:59:43+02
NBF:Station:289946,Durlach Schlossplatz,3,2026-05-22 01:59:43+02
NBF:Station:78971440,Gerwigstraße,1,2026-05-22 01:23:48+02
NBF:Station:78972260,Servicescope,2,2026-05-22 01:23:48+02
NBF:Station:289946,Durlach Schlossplatz,3,2026-05-22 01:23:48+02
NBF:Station:53001693,Knielinger Allee/Franz-Lust-Straße,3,2026-05-22 01:23:48+02
NBF:Station:280263,Fächerbad,2,2026-05-22 01:23:48+02
NBF:Station:37983402,Tennesseeallee - CAMPUSbike KIT,1,2026-05-22 01:23:48+02
NBF:Station:462181,Daxlanden - Stadtwerke,3,2026-05-22 01:23:48+02
NBF:Station:289944,Rommelstr. / Auerstr.,3,2026-05-22 01:23:48+02
NBF:Station:52355370,Parkplatz Kühler Krug,1,2026-05-22 01:23:48+02
NBF:Station:54869634,Knielingen/Rheinbergstraße,4,2026-05-22 01:23:48+02
NBF:Station:6352777,Zeppelinstraße / Benzstraße,3,2026-05-22 01:23:48+02
NBF:Station:264394,Hauptbahnhof / Touristinformation,1,2026-05-22 01:23:48+02
NBF:Station:462176,Grünwinkel - Carl-Metz-Straße,1,2026-05-22 01:23:48+02
NBF:Station:6352822,Carl-Metz-Straße,1,2026-05-22 01:23:48+02
NBF:Station:280260,Nordweststadt - Kurt-Schumacher-Straße,4,2026-05-22 01:23:48+02
NBF:Station:281794,Agentur für Arbeit,2,2026-05-22 01:23:48+02
NBF:Station:280255,Kreativpark/Alter Schlachthof,1,2026-05-22 01:23:48+02
NBF:Station:462174,Bulach - Grünwinkler Straße,6,2026-05-22 01:23:48+02
NBF:Station:280250,Kolpingplatz,2,2026-05-22 01:23:48+02
NBF:Station:462159,Oberreut - Zentrum,8,2026-05-22 01:23:48+02
NBF:Station:300645,HaDiKo,9,2026-05-22 01:23:48+02
NBF:Station:367726,KIT Ost,1,2026-05-22 01:23:48+02
NBF:Station:462165,Rüppurr – Tulpenstraße,4,2026-05-22 01:23:48+02
NBF:Station:280249,Prinz-Max-Palais,1,2026-05-22 01:23:48+02
NBF:Station:300645,HaDiKo,9,2026-05-22 00:48:38+02
NBF:Station:462159,Oberreut - Zentrum,8,2026-05-22 00:48:38+02
NBF:Station:280250,Kolpingplatz,2,2026-05-22 00:48:38+02
NBF:Station:280255,Kreativpark/Alter Schlachthof,1,2026-05-22 00:48:38+02
NBF:Station:462174,Bulach - Grünwinkler Straße,6,2026-05-22 00:48:38+02
NBF:Station:462165,Rüppurr – Tulpenstraße,4,2026-05-22 00:48:38+02
NBF:Station:367726,KIT Ost,1,2026-05-22 00:48:38+02
NBF:Station:6352822,Carl-Metz-Straße,1,2026-05-22 00:48:38+02
NBF:Station:264394,Hauptbahnhof / Touristinformation,1,2026-05-22 00:48:38+02
NBF:Station:462176,Grünwinkel - Carl-Metz-Straße,1,2026-05-22 00:48:38+02
NBF:Station:6352777,Zeppelinstraße / Benzstraße,3,2026-05-22 00:48:38+02
NBF:Station:281794,Agentur für Arbeit,2,2026-05-22 00:48:38+02
NBF:Station:280260,Nordweststadt - Kurt-Schumacher-Straße,3,2026-05-22 00:48:38+02
NBF:Station:462181,Daxlanden - Stadtwerke,3,2026-05-22 00:48:38+02
NBF:Station:54869634,Knielingen/Rheinbergstraße,4,2026-05-22 00:48:38+02
NBF:Station:52355370,Parkplatz Kühler Krug,1,2026-05-22 00:48:38+02
NBF:Station:289944,Rommelstr. / Auerstr.,3,2026-05-22 00:48:38+02
NBF:Station:55113155,Reinmuthstraße./ Sudetenstraße,2,2026-05-22 00:48:38+02
NBF:Station:78972260,Servicescope,2,2026-05-22 00:48:38+02
NBF:Station:289946,Durlach Schlossplatz,3,2026-05-22 00:48:38+02
NBF:Station:280322,KIT Süd,1,2026-05-22 00:48:38+02
NBF:Station:37983402,Tennesseeallee - CAMPUSbike KIT,0,2026-05-22 00:48:38+02
NBF:Station:53001693,Knielinger Allee/Franz-Lust-Straße,3,2026-05-22 00:48:38+02
NBF:Station:280263,Fächerbad,2,2026-05-22 00:48:38+02
NBF:Station:462181,Daxlanden - Stadtwerke,3,2026-05-22 00:09:32+02
NBF:Station:54869634,Knielingen/Rheinbergstraße,4,2026-05-22 00:09:32+02
NBF:Station:52355370,Parkplatz Kühler Krug,1,2026-05-22 00:09:32+02
NBF:Station:289944,Rommelstr. / Auerstr.,3,2026-05-22 00:09:32+02
NBF:Station:55113155,Reinmuthstraße./ Sudetenstraße,2,2026-05-22 00:09:32+02
NBF:Station:289946,Durlach Schlossplatz,3,2026-05-22 00:09:32+02
NBF:Station:78972260,Servicescope,2,2026-05-22 00:09:32+02
NBF:Station:280263,Fächerbad,2,2026-05-22 00:09:32+02
NBF:Station:53001693,Knielinger Allee/Franz-Lust-Straße,3,2026-05-22 00:09:32+02
NBF:Station:37983402,Tennesseeallee - CAMPUSbike KIT,2,2026-05-22 00:09:32+02
NBF:Station:300645,HaDiKo,9,2026-05-22 00:09:32+02
NBF:Station:462159,Oberreut - Zentrum,8,2026-05-22 00:09:32+02
NBF:Station:280250,Kolpingplatz,2,2026-05-22 00:09:32+02
NBF:Station:462174,Bulach - Grünwinkler Straße,6,2026-05-22 00:09:32+02
NBF:Station:280255,Kreativpark/Alter Schlachthof,1,2026-05-22 00:09:32+02
NBF:Station:462165,Rüppurr – Tulpenstraße,4,2026-05-22 00:09:32+02
NBF:Station:280258,Karlstor,1,2026-05-22 00:09:32+02
NBF:Station:367726,KIT Ost,2,2026-05-22 00:09:32+02
NBF:Station:6352822,Carl-Metz-Straße,1,2026-05-22 00:09:32+02
NBF:Station:462176,Grünwinkel - Carl-Metz-Straße,1,2026-05-22 00:09:32+02
NBF:Station:6352777,Zeppelinstraße / Benzstraße,4,2026-05-22 00:09:32+02
NBF:Station:281794,Agentur für Arbeit,2,2026-05-22 00:09:32+02
NBF:Station:280260,Nordweststadt - Kurt-Schumacher-Straße,3,2026-05-22 00:09:32+02
NBF:Station:281794,Agentur für Arbeit,2,2026-05-21 23:32:36+02
NBF:Station:280260,Nordweststadt - Kurt-Schumacher-Straße,3,2026-05-21 23:32:36+02
NBF:Station:264394,Hauptbahnhof / Touristinformation,0,2026-05-21 23:32:36+02
NBF:Station:462176,Grünwinkel - Carl-Metz-Straße,1,2026-05-21 23:32:36+02
NBF:Station:6352822,Carl-Metz-Straße,1,2026-05-21 23:32:36+02
NBF:Station:6352777,Zeppelinstraße / Benzstraße,4,2026-05-21 23:32:36+02
NBF:Station:280258,Karlstor,1,2026-05-21 23:32:36+02
NBF:Station:367726,KIT Ost,0,2026-05-21 23:32:36+02
NBF:Station:300645,HaDiKo,8,2026-05-21 23:32:36+02
NBF:Station:462165,Rüppurr – Tulpenstraße,4,2026-05-21 23:32:36+02
NBF:Station:462159,Oberreut - Zentrum,8,2026-05-21 23:32:36+02
NBF:Station:1390,Karlstraße / Waldstraße,0,2026-05-21 23:32:36+02
NBF:Station:280250,Kolpingplatz,2,2026-05-21 23:32:36+02
NBF:Station:280255,Kreativpark/Alter Schlachthof,1,2026-05-21 23:32:36+02
NBF:Station:462174,Bulach - Grünwinkler Straße,6,2026-05-21 23:32:36+02
NBF:Station:53001693,Knielinger Allee/Franz-Lust-Straße,3,2026-05-21 23:32:36+02
NBF:Station:280263,Fächerbad,2,2026-05-21 23:32:36+02
NBF:Station:37983402,Tennesseeallee - CAMPUSbike KIT,0,2026-05-21 23:32:36+02
NBF:Station:78972260,Servicescope,2,2026-05-21 23:32:36+02
NBF:Station:289946,Durlach Schlossplatz,3,2026-05-21 23:32:36+02
NBF:Station:55113155,Reinmuthstraße./ Sudetenstraße,2,2026-05-21 23:32:36+02
NBF:Station:280259,Werderplatz,1,2026-05-21 23:32:36+02
NBF:Station:54869634,Knielingen/Rheinbergstraße,4,2026-05-21 23:32:36+02
NBF:Station:52355370,Parkplatz Kühler Krug,1,2026-05-21 23:32:36+02
NBF:Station:289944,Rommelstr. / Auerstr.,3,2026-05-21 23:32:36+02
NBF:Station:462181,Daxlanden - Stadtwerke,3,2026-05-21 23:32:36+02
NBF:Station:462159,Oberreut - Zentrum,8,2026-05-21 22:57:50+02
NBF:Station:280255,Kreativpark/Alter Schlachthof,0,2026-05-21 22:57:50+02
NBF:Station:280258,Karlstor,1,2026-05-21 22:57:50+02
NBF:Station:1390,Karlstraße / Waldstraße,1,2026-05-21 22:57:50+02
NBF:Station:300645,HaDiKo,8,2026-05-21 22:57:50+02
NBF:Station:462174,Bulach - Grünwinkler Straße,6,2026-05-21 22:57:50+02
NBF:Station:280250,Kolpingplatz,1,2026-05-21 22:57:50+02
NBF:Station:367726,KIT Ost,1,2026-05-21 22:57:50+02
NBF:Station:462165,Rüppurr – Tulpenstraße,4,2026-05-21 22:57:50+02
NBF:Station:264394,Hauptbahnhof / Touristinformation,3,2026-05-21 22:57:50+02
NBF:Station:462176,Grünwinkel - Carl-Metz-Straße,1,2026-05-21 22:57:50+02
NBF:Station:6352822,Carl-Metz-Straße,1,2026-05-21 22:57:50+02
NBF:Station:289942,Durlach - Bahnhof ,1,2026-05-21 22:57:50+02
NBF:Station:6352777,Zeppelinstraße / Benzstraße,4,2026-05-21 22:57:50+02
NBF:Station:281794,Agentur für Arbeit,1,2026-05-21 22:57:50+02
NBF:Station:280260,Nordweststadt - Kurt-Schumacher-Straße,3,2026-05-21 22:57:50+02
NBF:Station:462181,Daxlanden - Stadtwerke,3,2026-05-21 22:57:50+02
NBF:Station:54869634,Knielingen/Rheinbergstraße,4,2026-05-21 22:57:50+02
NBF:Station:52355370,Parkplatz Kühler Krug,1,2026-05-21 22:57:50+02
NBF:Station:289944,Rommelstr. / Auerstr.,3,2026-05-21 22:57:50+02
NBF:Station:289946,Durlach Schlossplatz,3,2026-05-21 22:57:50+02
NBF:Station:78972260,Servicescope,2,2026-05-21 22:57:50+02
NBF:Station:55113155,Reinmuthstraße./ Sudetenstraße,2,2026-05-21 22:57:50+02
NBF:Station:280259,Werderplatz,1,2026-05-21 22:57:50+02
NBF:Station:78971440,Gerwigstraße,3,2026-05-21 22:57:50+02
NBF:Station:37983402,Tennesseeallee - CAMPUSbike KIT,1,2026-05-21 22:57:50+02
NBF:Station:280263,Fächerbad,2,2026-05-21 22:57:50+02
NBF:Station:53001693,Knielinger Allee/Franz-Lust-Straße,0,2026-05-21 22:57:50+02
NBF:Station:462176,Grünwinkel - Carl-Metz-Straße,1,2026-05-21 22:23:03+02
NBF:Station:264394,Hauptbahnhof / Touristinformation,4,2026-05-21 22:23:03+02
NBF:Station:6352822,Carl-Metz-Straße,1,2026-05-21 22:23:03+02
NBF:Station:289942,Durlach - Bahnhof ,2,2026-05-21 22:23:03+02
NBF:Station:6352777,Zeppelinstraße / Benzstraße,5,2026-05-21 22:23:03+02
NBF:Station:281794,Agentur für Arbeit,1,2026-05-21 22:23:03+02
NBF:Station:280260,Nordweststadt - Kurt-Schumacher-Straße,4,2026-05-21 22:23:03+02
NBF:Station:1390,Karlstraße / Waldstraße,1,2026-05-21 22:23:03+02
NBF:Station:462159,Oberreut - Zentrum,8,2026-05-21 22:23:03+02
NBF:Station:300645,HaDiKo,5,2026-05-21 22:23:03+02
NBF:Station:462174,Bulach - Grünwinkler Straße,6,2026-05-21 22:23:03+02
NBF:Station:280255,Kreativpark/Alter Schlachthof,3,2026-05-21 22:23:03+02
NBF:Station:280258,Karlstor,1,2026-05-21 22:23:03+02
NBF:Station:367726,KIT Ost,2,2026-05-21 22:23:03+02
NBF:Station:462165,Rüppurr – Tulpenstraße,4,2026-05-21 22:23:03+02
NBF:Station:289946,Durlach Schlossplatz,3,2026-05-21 22:23:03+02
NBF:Station:78972260,Servicescope,2,2026-05-21 22:23:03+02
NBF:Station:55113155,Reinmuthstraße./ Sudetenstraße,2,2026-05-21 22:23:03+02
NBF:Station:280259,Werderplatz,1,2026-05-21 22:23:03+02
NBF:Station:78971440,Gerwigstraße,2,2026-05-21 22:23:03+02
NBF:Station:280263,Fächerbad,1,2026-05-21 22:23:03+02
NBF:Station:53001693,Knielinger Allee/Franz-Lust-Straße,0,2026-05-21 22:23:03+02
NBF:Station:37983402,Tennesseeallee - CAMPUSbike KIT,1,2026-05-21 22:23:03+02
NBF:Station:462181,Daxlanden - Stadtwerke,3,2026-05-21 22:23:03+02
NBF:Station:54869634,Knielingen/Rheinbergstraße,4,2026-05-21 22:23:03+02
NBF:Station:52355370,Parkplatz Kühler Krug,1,2026-05-21 22:23:03+02
NBF:Station:289944,Rommelstr. / Auerstr.,3,2026-05-21 22:23:03+02
NBF:Station:280260,Nordweststadt - Kurt-Schumacher-Straße,4,2026-05-21 21:45:33+02
NBF:Station:264394,Hauptbahnhof / Touristinformation,4,2026-05-21 21:45:33+02
NBF:Station:462176,Grünwinkel - Carl-Metz-Straße,1,2026-05-21 21:45:33+02
NBF:Station:6352822,Carl-Metz-Straße,1,2026-05-21 21:45:33+02
NBF:Station:289942,Durlach - Bahnhof ,2,2026-05-21 21:45:33+02
NBF:Station:6352777,Zeppelinstraße / Benzstraße,5,2026-05-21 21:45:33+02
NBF:Station:367726,KIT Ost,3,2026-05-21 21:45:33+02
NBF:Station:280258,Karlstor,1,2026-05-21 21:45:33+02
NBF:Station:462165,Rüppurr – Tulpenstraße,4,2026-05-21 21:45:33+02
NBF:Station:1390,Karlstraße / Waldstraße,1,2026-05-21 21:45:33+02
NBF:Station:462159,Oberreut - Zentrum,8,2026-05-21 21:45:33+02
NBF:Station:300645,HaDiKo,2,2026-05-21 21:45:33+02
NBF:Station:462174,Bulach - Grünwinkler Straße,6,2026-05-21 21:45:33+02
NBF:Station:280255,Kreativpark/Alter Schlachthof,2,2026-05-21 21:45:33+02
NBF:Station:280253,Karl-Wilhelm-Platz,1,2026-05-21 21:45:33+02
NBF:Station:280263,Fächerbad,3,2026-05-21 21:45:33+02
NBF:Station:289946,Durlach Schlossplatz,3,2026-05-21 21:45:33+02
NBF:Station:78972260,Servicescope,2,2026-05-21 21:45:33+02
NBF:Station:55113155,Reinmuthstraße./ Sudetenstraße,1,2026-05-21 21:45:33+02
NBF:Station:280259,Werderplatz,1,2026-05-21 21:45:33+02
NBF:Station:78971440,Gerwigstraße,1,2026-05-21 21:45:33+02
NBF:Station:52355370,Parkplatz Kühler Krug,1,2026-05-21 21:45:33+02
NBF:Station:54869634,Knielingen/Rheinbergstraße,4,2026-05-21 21:45:33+02
NBF:Station:289944,Rommelstr. / Auerstr.,3,2026-05-21 21:45:33+02
NBF:Station:462181,Daxlanden - Stadtwerke,3,2026-05-21 21:45:33+02
NBF:Station:6352777,Zeppelinstraße / Benzstraße,4,2026-05-21 21:09:42+02
NBF:Station:289942,Durlach - Bahnhof ,2,2026-05-21 21:09:42+02
NBF:Station:6352822,Carl-Metz-Straße,1,2026-05-21 21:09:42+02
NBF:Station:462176,Grünwinkel - Carl-Metz-Straße,1,2026-05-21 21:09:42+02
NBF:Station:264394,Hauptbahnhof / Touristinformation,3,2026-05-21 21:09:42+02
NBF:Station:280260,Nordweststadt - Kurt-Schumacher-Straße,5,2026-05-21 21:09:42+02
NBF:Station:280253,Karl-Wilhelm-Platz,1,2026-05-21 21:09:42+02
NBF:Station:462174,Bulach - Grünwinkler Straße,6,2026-05-21 21:09:42+02
NBF:Station:462159,Oberreut - Zentrum,8,2026-05-21 21:09:42+02
NBF:Station:1390,Karlstraße / Waldstraße,0,2026-05-21 21:09:42+02
NBF:Station:462165,Rüppurr – Tulpenstraße,4,2026-05-21 21:09:42+02
NBF:Station:367726,KIT Ost,3,2026-05-21 21:09:42+02
NBF:Station:280258,Karlstor,0,2026-05-21 21:09:42+02
NBF:Station:78970799,Durlach - Alte Karlsruher Straße,1,2026-05-21 21:09:42+02
NBF:Station:78971440,Gerwigstraße,1,2026-05-21 21:09:42+02
NBF:Station:280259,Werderplatz,0,2026-05-21 21:09:42+02
NBF:Station:55113155,Reinmuthstraße./ Sudetenstraße,1,2026-05-21 21:09:42+02
NBF:Station:78972260,Servicescope,2,2026-05-21 21:09:42+02
NBF:Station:289946,Durlach Schlossplatz,3,2026-05-21 21:09:42+02
NBF:Station:37983402,Tennesseeallee - CAMPUSbike KIT,1,2026-05-21 21:09:42+02
NBF:Station:53001693,Knielinger Allee/Franz-Lust-Straße,0,2026-05-21 21:09:42+02
NBF:Station:280263,Fächerbad,6,2026-05-21 21:09:42+02
NBF:Station:462181,Daxlanden - Stadtwerke,3,2026-05-21 21:09:42+02
NBF:Station:289944,Rommelstr. / Auerstr.,2,2026-05-21 21:09:42+02
NBF:Station:52355370,Parkplatz Kühler Krug,1,2026-05-21 21:09:42+02
NBF:Station:54869634,Knielingen/Rheinbergstraße,4,2026-05-21 21:09:42+02
NBF:Station:289944,Rommelstr. / Auerstr.,2,2026-05-21 20:35:39+02
NBF:Station:52355370,Parkplatz Kühler Krug,1,2026-05-21 20:35:39+02
NBF:Station:54869634,Knielingen/Rheinbergstraße,4,2026-05-21 20:35:39+02
NBF:Station:462181,Daxlanden - Stadtwerke,3,2026-05-21 20:35:39+02
NBF:Station:37983402,Tennesseeallee - CAMPUSbike KIT,1,2026-05-21 20:35:39+02
NBF:Station:53001693,Knielinger Allee/Franz-Lust-Straße,1,2026-05-21 20:35:39+02
NBF:Station:280263,Fächerbad,6,2026-05-21 20:35:39+02
NBF:Station:78970799,Durlach - Alte Karlsruher Straße,1,2026-05-21 20:35:39+02
NBF:Station:78971440,Gerwigstraße,2,2026-05-21 20:35:39+02
NBF:Station:280259,Werderplatz,1,2026-05-21 20:35:39+02
NBF:Station:55113155,Reinmuthstraße./ Sudetenstraße,1,2026-05-21 20:35:39+02
NBF:Station:78972260,Servicescope,2,2026-05-21 20:35:39+02
NBF:Station:289946,Durlach Schlossplatz,3,2026-05-21 20:35:39+02
NBF:Station:462165,Rüppurr – Tulpenstraße,4,2026-05-21 20:35:39+02
NBF:Station:367726,KIT Ost,2,2026-05-21 20:35:39+02
NBF:Station:280258,Karlstor,1,2026-05-21 20:35:39+02
NBF:Station:462174,Bulach - Grünwinkler Straße,6,2026-05-21 20:35:39+02
NBF:Station:300645,HaDiKo,3,2026-05-21 20:35:39+02
NBF:Station:462159,Oberreut - Zentrum,8,2026-05-21 20:35:39+02
NBF:Station:1390,Karlstraße / Waldstraße,1,2026-05-21 20:35:39+02
NBF:Station:280260,Nordweststadt - Kurt-Schumacher-Straße,6,2026-05-21 20:35:39+02
NBF:Station:6352777,Zeppelinstraße / Benzstraße,4,2026-05-21 20:35:39+02
NBF:Station:289942,Durlach - Bahnhof ,2,2026-05-21 20:35:39+02
NBF:Station:6352822,Carl-Metz-Straße,1,2026-05-21 20:35:39+02
NBF:Station:462176,Grünwinkel - Carl-Metz-Straße,1,2026-05-21 20:35:39+02
NBF:Station:264394,Hauptbahnhof / Touristinformation,3,2026-05-21 20:35:39+02
NBF:Station:289946,Durlach Schlossplatz,3,2026-05-21 19:59:28+02
NBF:Station:462181,Daxlanden - Stadtwerke,3,2026-05-21 19:59:28+02
NBF:Station:52355370,Parkplatz Kühler Krug,1,2026-05-21 19:59:28+02
NBF:Station:54869634,Knielingen/Rheinbergstraße,4,2026-05-21 19:59:28+02
NBF:Station:289944,Rommelstr. / Auerstr.,2,2026-05-21 19:59:28+02
NBF:Station:78972260,Servicescope,2,2026-05-21 19:59:28+02
NBF:Station:55113155,Reinmuthstraße./ Sudetenstraße,1,2026-05-21 19:59:28+02
NBF:Station:78970799,Durlach - Alte Karlsruher Straße,1,2026-05-21 19:59:28+02
NBF:Station:78971440,Gerwigstraße,2,2026-05-21 19:59:28+02
NBF:Station:280259,Werderplatz,1,2026-05-21 19:59:28+02
NBF:Station:280263,Fächerbad,2,2026-05-21 19:59:28+02
NBF:Station:37983402,Tennesseeallee - CAMPUSbike KIT,0,2026-05-21 19:59:28+02
NBF:Station:462159,Oberreut - Zentrum,6,2026-05-21 19:59:28+02
NBF:Station:1390,Karlstraße / Waldstraße,0,2026-05-21 19:59:28+02
NBF:Station:280250,Kolpingplatz,1,2026-05-21 19:59:28+02
NBF:Station:300645,HaDiKo,5,2026-05-21 19:59:28+02
NBF:Station:462174,Bulach - Grünwinkler Straße,7,2026-05-21 19:59:28+02
NBF:Station:280253,Karl-Wilhelm-Platz,0,2026-05-21 19:59:28+02
NBF:Station:280249,Prinz-Max-Palais,1,2026-05-21 19:59:28+02
NBF:Station:367726,KIT Ost,2,2026-05-21 19:59:28+02
NBF:Station:462165,Rüppurr – Tulpenstraße,4,2026-05-21 19:59:28+02
NBF:Station:462176,Grünwinkel - Carl-Metz-Straße,1,2026-05-21 19:59:28+02
NBF:Station:264394,Hauptbahnhof / Touristinformation,9,2026-05-21 19:59:28+02
NBF:Station:6352822,Carl-Metz-Straße,1,2026-05-21 19:59:28+02
NBF:Station:289942,Durlach - Bahnhof ,2,2026-05-21 19:59:28+02
NBF:Station:6352777,Zeppelinstraße / Benzstraße,3,2026-05-21 19:59:28+02
NBF:Station:280260,Nordweststadt - Kurt-Schumacher-Straße,5,2026-05-21 19:59:28+02
NBF:Station:289946,Durlach Schlossplatz,4,2026-05-21 19:24:58+02
NBF:Station:78972260,Servicescope,2,2026-05-21 19:24:58+02
NBF:Station:55113155,Reinmuthstraße./ Sudetenstraße,1,2026-05-21 19:24:58+02
NBF:Station:280259,Werderplatz,1,2026-05-21 19:24:58+02
NBF:Station:78970799,Durlach - Alte Karlsruher Straße,1,2026-05-21 19:24:58+02
NBF:Station:78971440,Gerwigstraße,0,2026-05-21 19:24:58+02
NBF:Station:280322,KIT Süd,1,2026-05-21 19:24:58+02
NBF:Station:280263,Fächerbad,1,2026-05-21 19:24:58+02
NBF:Station:462181,Daxlanden - Stadtwerke,3,2026-05-21 19:24:58+02
NBF:Station:54869634,Knielingen/Rheinbergstraße,4,2026-05-21 19:24:58+02
NBF:Station:52355370,Parkplatz Kühler Krug,1,2026-05-21 19:24:58+02
NBF:Station:289944,Rommelstr. / Auerstr.,2,2026-05-21 19:24:58+02
NBF:Station:264394,Hauptbahnhof / Touristinformation,7,2026-05-21 19:24:58+02
NBF:Station:462176,Grünwinkel - Carl-Metz-Straße,1,2026-05-21 19:24:58+02
NBF:Station:6352822,Carl-Metz-Straße,1,2026-05-21 19:24:58+02
NBF:Station:289942,Durlach - Bahnhof ,2,2026-05-21 19:24:58+02
NBF:Station:6352777,Zeppelinstraße / Benzstraße,3,2026-05-21 19:24:58+02
NBF:Station:458,Erbprinzenstr.,1,2026-05-21 19:24:58+02
NBF:Station:280260,Nordweststadt - Kurt-Schumacher-Straße,4,2026-05-21 19:24:58+02
NBF:Station:1390,Karlstraße / Waldstraße,2,2026-05-21 19:24:58+02
NBF:Station:462159,Oberreut - Zentrum,6,2026-05-21 19:24:58+02
NBF:Station:300645,HaDiKo,7,2026-05-21 19:24:58+02
NBF:Station:462174,Bulach - Grünwinkler Straße,7,2026-05-21 19:24:58+02
NBF:Station:280253,Karl-Wilhelm-Platz,2,2026-05-21 19:24:58+02
NBF:Station:280249,Prinz-Max-Palais,0,2026-05-21 19:24:58+02
NBF:Station:367726,KIT Ost,3,2026-05-21 19:24:58+02
NBF:Station:462165,Rüppurr – Tulpenstraße,4,2026-05-21 19:24:58+02
NBF:Station:462165,Rüppurr – Tulpenstraße,4,2026-05-21 18:50:21+02
NBF:Station:1390,Karlstraße / Waldstraße,0,2026-05-21 18:50:21+02
NBF:Station:367726,KIT Ost,2,2026-05-21 18:50:21+02
NBF:Station:300645,HaDiKo,4,2026-05-21 18:50:21+02
NBF:Station:462159,Oberreut - Zentrum,6,2026-05-21 18:50:21+02
NBF:Station:462174,Bulach - Grünwinkler Straße,5,2026-05-21 18:50:21+02
NBF:Station:458,Erbprinzenstr.,2,2026-05-21 18:50:21+02
NBF:Station:280251,Mühlburger Tor / Kaiserplatz ,0,2026-05-21 18:50:21+02
NBF:Station:280260,Nordweststadt - Kurt-Schumacher-Straße,4,2026-05-21 18:50:21+02
NBF:Station:264394,Hauptbahnhof / Touristinformation,10,2026-05-21 18:50:21+02
NBF:Station:462176,Grünwinkel - Carl-Metz-Straße,1,2026-05-21 18:50:21+02
NBF:Station:6352777,Zeppelinstraße / Benzstraße,3,2026-05-21 18:50:21+02
NBF:Station:289942,Durlach - Bahnhof ,2,2026-05-21 18:50:21+02
NBF:Station:54869634,Knielingen/Rheinbergstraße,4,2026-05-21 18:50:21+02
NBF:Station:52355370,Parkplatz Kühler Krug,1,2026-05-21 18:50:21+02
NBF:Station:289944,Rommelstr. / Auerstr.,2,2026-05-21 18:50:21+02
NBF:Station:462181,Daxlanden - Stadtwerke,3,2026-05-21 18:50:21+02
NBF:Station:280263,Fächerbad,2,2026-05-21 18:50:21+02
NBF:Station:55113155,Reinmuthstraße./ Sudetenstraße,1,2026-05-21 18:50:21+02
NBF:Station:289946,Durlach Schlossplatz,4,2026-05-21 18:50:21+02
NBF:Station:78972260,Servicescope,2,2026-05-21 18:50:21+02
NBF:Station:78970799,Durlach - Alte Karlsruher Straße,1,2026-05-21 18:50:21+02
NBF:Station:78971440,Gerwigstraße,1,2026-05-21 18:50:21+02
NBF:Station:52997350,Schloss Rüppurr,1,2026-05-21 18:16:10+02
NBF:Station:37983402,Tennesseeallee - CAMPUSbike KIT,0,2026-05-21 18:16:10+02
NBF:Station:53001693,Knielinger Allee/Franz-Lust-Straße,0,2026-05-21 18:16:10+02
NBF:Station:280263,Fächerbad,4,2026-05-21 18:16:10+02
NBF:Station:78972260,Servicescope,2,2026-05-21 18:16:10+02
NBF:Station:289946,Durlach Schlossplatz,4,2026-05-21 18:16:10+02
NBF:Station:55113155,Reinmuthstraße./ Sudetenstraße,1,2026-05-21 18:16:10+02
NBF:Station:78970799,Durlach - Alte Karlsruher Straße,1,2026-05-21 18:16:10+02
NBF:Station:78971440,Gerwigstraße,1,2026-05-21 18:16:10+02
NBF:Station:54869634,Knielingen/Rheinbergstraße,4,2026-05-21 18:16:10+02
NBF:Station:52355370,Parkplatz Kühler Krug,1,2026-05-21 18:16:10+02
NBF:Station:289944,Rommelstr. / Auerstr.,2,2026-05-21 18:16:10+02
NBF:Station:462181,Daxlanden - Stadtwerke,3,2026-05-21 18:16:10+02
NBF:Station:458,Erbprinzenstr.,1,2026-05-21 18:16:10+02
NBF:Station:280260,Nordweststadt - Kurt-Schumacher-Straße,6,2026-05-21 18:16:10+02
NBF:Station:280251,Mühlburger Tor / Kaiserplatz ,1,2026-05-21 18:16:10+02
NBF:Station:462176,Grünwinkel - Carl-Metz-Straße,1,2026-05-21 18:16:10+02
NBF:Station:264394,Hauptbahnhof / Touristinformation,13,2026-05-21 18:16:10+02
NBF:Station:289942,Durlach - Bahnhof ,1,2026-05-21 18:16:10+02
NBF:Station:6352777,Zeppelinstraße / Benzstraße,3,2026-05-21 18:16:10+02
NBF:Station:280249,Prinz-Max-Palais,0,2026-05-21 18:16:10+02
NBF:Station:37983357,Adenauerring,0,2026-05-21 18:16:10+02
NBF:Station:367726,KIT Ost,4,2026-05-21 18:16:10+02
NBF:Station:462165,Rüppurr – Tulpenstraße,4,2026-05-21 18:16:10+02
NBF:Station:462159,Oberreut - Zentrum,6,2026-05-21 18:16:10+02
NBF:Station:300645,HaDiKo,2,2026-05-21 18:16:10+02
NBF:Station:462174,Bulach - Grünwinkler Straße,5,2026-05-21 18:16:10+02
NBF:Station:53001693,Knielinger Allee/Franz-Lust-Straße,2,2026-05-21 17:42:13+02
NBF:Station:280263,Fächerbad,3,2026-05-21 17:42:13+02
NBF:Station:280322,KIT Süd,0,2026-05-21 17:42:13+02
NBF:Station:52997350,Schloss Rüppurr,1,2026-05-21 17:42:13+02
NBF:Station:78970799,Durlach - Alte Karlsruher Straße,1,2026-05-21 17:42:13+02
NBF:Station:78971440,Gerwigstraße,2,2026-05-21 17:42:13+02
NBF:Station:78972260,Servicescope,2,2026-05-21 17:42:13+02
NBF:Station:289946,Durlach Schlossplatz,4,2026-05-21 17:42:13+02
NBF:Station:55113155,Reinmuthstraße./ Sudetenstraße,1,2026-05-21 17:42:13+02
NBF:Station:392504,L-Bank,1,2026-05-21 17:42:13+02
NBF:Station:289944,Rommelstr. / Auerstr.,2,2026-05-21 17:42:13+02
NBF:Station:54869634,Knielingen/Rheinbergstraße,4,2026-05-21 17:42:13+02
NBF:Station:462181,Daxlanden - Stadtwerke,3,2026-05-21 17:42:13+02
NBF:Station:280260,Nordweststadt - Kurt-Schumacher-Straße,5,2026-05-21 17:42:13+02
NBF:Station:458,Erbprinzenstr.,1,2026-05-21 17:42:13+02
NBF:Station:289942,Durlach - Bahnhof ,1,2026-05-21 17:42:13+02
NBF:Station:6352777,Zeppelinstraße / Benzstraße,3,2026-05-21 17:42:13+02
NBF:Station:462176,Grünwinkel - Carl-Metz-Straße,1,2026-05-21 17:42:13+02
NBF:Station:264394,Hauptbahnhof / Touristinformation,16,2026-05-21 17:42:13+02
NBF:Station:37983357,Adenauerring,0,2026-05-21 17:42:13+02
NBF:Station:367726,KIT Ost,0,2026-05-21 17:42:13+02
NBF:Station:462165,Rüppurr – Tulpenstraße,3,2026-05-21 17:42:13+02
NBF:Station:280249,Prinz-Max-Palais,1,2026-05-21 17:42:13+02
NBF:Station:53171791,Südendstraße./ Brauerstr.,0,2026-05-21 17:42:13+02
NBF:Station:462174,Bulach - Grünwinkler Straße,5,2026-05-21 17:42:13+02
NBF:Station:280253,Karl-Wilhelm-Platz,1,2026-05-21 17:42:13+02
NBF:Station:462159,Oberreut - Zentrum,6,2026-05-21 17:42:13+02
NBF:Station:280263,Fächerbad,2,2026-05-21 17:07:46+02
NBF:Station:53001693,Knielinger Allee/Franz-Lust-Straße,2,2026-05-21 17:07:46+02
NBF:Station:52997350,Schloss Rüppurr,1,2026-05-21 17:07:46+02
NBF:Station:280322,KIT Süd,2,2026-05-21 17:07:46+02
NBF:Station:78970799,Durlach - Alte Karlsruher Straße,1,2026-05-21 17:07:46+02
NBF:Station:78971440,Gerwigstraße,5,2026-05-21 17:07:46+02
NBF:Station:289946,Durlach Schlossplatz,5,2026-05-21 17:07:46+02
NBF:Station:78972260,Servicescope,2,2026-05-21 17:07:46+02
NBF:Station:55113155,Reinmuthstraße./ Sudetenstraße,1,2026-05-21 17:07:46+02
NBF:Station:392504,L-Bank,0,2026-05-21 17:07:46+02
NBF:Station:289944,Rommelstr. / Auerstr.,2,2026-05-21 17:07:46+02
NBF:Station:54869634,Knielingen/Rheinbergstraße,4,2026-05-21 17:07:46+02
NBF:Station:462181,Daxlanden - Stadtwerke,2,2026-05-21 17:07:46+02
NBF:Station:280251,Mühlburger Tor / Kaiserplatz ,0,2026-05-21 17:07:46+02
NBF:Station:280260,Nordweststadt - Kurt-Schumacher-Straße,3,2026-05-21 17:07:46+02
NBF:Station:458,Erbprinzenstr.,2,2026-05-21 17:07:46+02
NBF:Station:289942,Durlach - Bahnhof ,1,2026-05-21 17:07:46+02
NBF:Station:6352777,Zeppelinstraße / Benzstraße,4,2026-05-21 17:07:46+02
NBF:Station:264394,Hauptbahnhof / Touristinformation,15,2026-05-21 17:07:46+02
NBF:Station:462176,Grünwinkel - Carl-Metz-Straße,1,2026-05-21 17:07:46+02
NBF:Station:367726,KIT Ost,0,2026-05-21 17:07:46+02
NBF:Station:37983357,Adenauerring,0,2026-05-21 17:07:46+02
NBF:Station:462165,Rüppurr – Tulpenstraße,3,2026-05-21 17:07:46+02
NBF:Station:280249,Prinz-Max-Palais,4,2026-05-21 17:07:46+02
NBF:Station:462174,Bulach - Grünwinkler Straße,6,2026-05-21 17:07:46+02
NBF:Station:53171791,Südendstraße./ Brauerstr.,1,2026-05-21 17:07:46+02
NBF:Station:280250,Kolpingplatz,0,2026-05-21 17:07:46+02
NBF:Station:50819425,Knielinger Allee - CAMPUSbike HSKA,0,2026-05-21 17:07:46+02
NBF:Station:462159,Oberreut - Zentrum,6,2026-05-21 17:07:46+02
NBF:Station:300645,HaDiKo,5,2026-05-21 17:07:46+02
NBF:Station:462181,Daxlanden - Stadtwerke,2,2026-05-21 16:33:31+02
NBF:Station:289944,Rommelstr. / Auerstr.,2,2026-05-21 16:33:31+02
NBF:Station:54869634,Knielingen/Rheinbergstraße,4,2026-05-21 16:33:31+02
NBF:Station:392504,L-Bank,1,2026-05-21 16:33:31+02
NBF:Station:78970799,Durlach - Alte Karlsruher Straße,1,2026-05-21 16:33:31+02
NBF:Station:78971440,Gerwigstraße,4,2026-05-21 16:33:31+02
NBF:Station:50819438,Moltkestraße - CAMPUSbike HSKA,3,2026-05-21 16:33:31+02
NBF:Station:280259,Werderplatz,1,2026-05-21 16:33:31+02
NBF:Station:55113155,Reinmuthstraße./ Sudetenstraße,1,2026-05-21 16:33:31+02
NBF:Station:280263,Fächerbad,1,2026-05-21 16:33:31+02
NBF:Station:78972260,Servicescope,2,2026-05-21 16:33:31+02
NBF:Station:289946,Durlach Schlossplatz,5,2026-05-21 16:33:31+02
NBF:Station:37983402,Tennesseeallee - CAMPUSbike KIT,1,2026-05-21 16:33:31+02
NBF:Station:280322,KIT Süd,1,2026-05-21 16:33:31+02
NBF:Station:52997350,Schloss Rüppurr,1,2026-05-21 16:33:31+02
NBF:Station:462174,Bulach - Grünwinkler Straße,6,2026-05-21 16:33:31+02
NBF:Station:50819425,Knielinger Allee - CAMPUSbike HSKA,2,2026-05-21 16:33:31+02
NBF:Station:280250,Kolpingplatz,0,2026-05-21 16:33:31+02
NBF:Station:53171791,Südendstraße./ Brauerstr.,1,2026-05-21 16:33:31+02
NBF:Station:300645,HaDiKo,5,2026-05-21 16:33:31+02
NBF:Station:462159,Oberreut - Zentrum,6,2026-05-21 16:33:31+02
NBF:Station:462165,Rüppurr – Tulpenstraße,3,2026-05-21 16:33:31+02
NBF:Station:367726,KIT Ost,4,2026-05-21 16:33:31+02
NBF:Station:37983357,Adenauerring,0,2026-05-21 16:33:31+02
NBF:Station:280249,Prinz-Max-Palais,3,2026-05-21 16:33:31+02
NBF:Station:6352777,Zeppelinstraße / Benzstraße,4,2026-05-21 16:33:31+02
NBF:Station:289942,Durlach - Bahnhof ,1,2026-05-21 16:33:31+02
NBF:Station:462176,Grünwinkel - Carl-Metz-Straße,1,2026-05-21 16:33:31+02
NBF:Station:264394,Hauptbahnhof / Touristinformation,14,2026-05-21 16:33:31+02
NBF:Station:280260,Nordweststadt - Kurt-Schumacher-Straße,3,2026-05-21 16:33:31+02
NBF:Station:458,Erbprinzenstr.,3,2026-05-21 16:33:31+02
NBF:Station:280250,Kolpingplatz,0,2026-05-21 15:56:16+02
NBF:Station:280260,Nordweststadt - Kurt-Schumacher-Straße,2,2026-05-21 15:56:16+02
NBF:Station:280251,Mühlburger Tor / Kaiserplatz ,1,2026-05-21 15:56:16+02
NBF:Station:264394,Hauptbahnhof / Touristinformation,16,2026-05-21 15:56:16+02
NBF:Station:462176,Grünwinkel - Carl-Metz-Straße,1,2026-05-21 15:56:16+02
NBF:Station:289942,Durlach - Bahnhof ,1,2026-05-21 15:56:16+02
NBF:Station:6352777,Zeppelinstraße / Benzstraße,4,2026-05-21 15:56:16+02
NBF:Station:280249,Prinz-Max-Palais,4,2026-05-21 15:56:16+02
NBF:Station:367726,KIT Ost,9,2026-05-21 15:56:16+02
NBF:Station:37983357,Adenauerring,0,2026-05-21 15:56:16+02
NBF:Station:462165,Rüppurr – Tulpenstraße,3,2026-05-21 15:56:16+02
NBF:Station:462159,Oberreut - Zentrum,6,2026-05-21 15:56:16+02
NBF:Station:300645,HaDiKo,6,2026-05-21 15:56:16+02
NBF:Station:462174,Bulach - Grünwinkler Straße,6,2026-05-21 15:56:16+02
NBF:Station:53171791,Südendstraße./ Brauerstr.,1,2026-05-21 15:56:16+02
NBF:Station:50819425,Knielinger Allee - CAMPUSbike HSKA,0,2026-05-21 15:56:16+02
NBF:Station:280322,KIT Süd,0,2026-05-21 15:56:16+02
NBF:Station:53001693,Knielinger Allee/Franz-Lust-Straße,1,2026-05-21 15:56:16+02
NBF:Station:37983402,Tennesseeallee - CAMPUSbike KIT,0,2026-05-21 15:56:16+02
NBF:Station:78972260,Servicescope,2,2026-05-21 15:56:16+02
NBF:Station:289946,Durlach Schlossplatz,5,2026-05-21 15:56:16+02
NBF:Station:55113155,Reinmuthstraße./ Sudetenstraße,1,2026-05-21 15:56:16+02
NBF:Station:78970799,Durlach - Alte Karlsruher Straße,1,2026-05-21 15:56:16+02
NBF:Station:78971440,Gerwigstraße,1,2026-05-21 15:56:16+02
NBF:Station:280259,Werderplatz,0,2026-05-21 15:56:16+02
NBF:Station:50819438,Moltkestraße - CAMPUSbike HSKA,9,2026-05-21 15:56:16+02
NBF:Station:52355370,Parkplatz Kühler Krug,1,2026-05-21 15:56:16+02
NBF:Station:54869634,Knielingen/Rheinbergstraße,4,2026-05-21 15:56:16+02
NBF:Station:289944,Rommelstr. / Auerstr.,2,2026-05-21 15:56:16+02
NBF:Station:462181,Daxlanden - Stadtwerke,2,2026-05-21 15:56:16+02
NBF:Station:53001693,Knielinger Allee/Franz-Lust-Straße,0,2026-05-21 15:20:45+02
NBF:Station:37983402,Tennesseeallee - CAMPUSbike KIT,0,2026-05-21 15:20:45+02
NBF:Station:280322,KIT Süd,2,2026-05-21 15:20:45+02
NBF:Station:78970799,Durlach - Alte Karlsruher Straße,1,2026-05-21 15:20:45+02
NBF:Station:78971440,Gerwigstraße,2,2026-05-21 15:20:45+02
NBF:Station:280259,Werderplatz,1,2026-05-21 15:20:45+02
NBF:Station:50819438,Moltkestraße - CAMPUSbike HSKA,11,2026-05-21 15:20:45+02
NBF:Station:78972260,Servicescope,2,2026-05-21 15:20:45+02
NBF:Station:289946,Durlach Schlossplatz,5,2026-05-21 15:20:45+02
NBF:Station:55113155,Reinmuthstraße./ Sudetenstraße,1,2026-05-21 15:20:45+02
NBF:Station:289944,Rommelstr. / Auerstr.,2,2026-05-21 15:20:45+02
NBF:Station:54869634,Knielingen/Rheinbergstraße,4,2026-05-21 15:20:45+02
NBF:Station:462181,Daxlanden - Stadtwerke,3,2026-05-21 15:20:45+02
NBF:Station:280260,Nordweststadt - Kurt-Schumacher-Straße,1,2026-05-21 15:20:45+02
NBF:Station:289942,Durlach - Bahnhof ,4,2026-05-21 15:20:45+02
NBF:Station:6352777,Zeppelinstraße / Benzstraße,4,2026-05-21 15:20:45+02
NBF:Station:264394,Hauptbahnhof / Touristinformation,17,2026-05-21 15:20:45+02
NBF:Station:462176,Grünwinkel - Carl-Metz-Straße,1,2026-05-21 15:20:45+02
NBF:Station:280258,Karlstor,1,2026-05-21 15:20:45+02
NBF:Station:367726,KIT Ost,7,2026-05-21 15:20:45+02
NBF:Station:37983357,Adenauerring,2,2026-05-21 15:20:45+02
NBF:Station:462165,Rüppurr – Tulpenstraße,4,2026-05-21 15:20:45+02
NBF:Station:280249,Prinz-Max-Palais,1,2026-05-21 15:20:45+02
NBF:Station:462174,Bulach - Grünwinkler Straße,6,2026-05-21 15:20:45+02
NBF:Station:53171791,Südendstraße./ Brauerstr.,1,2026-05-21 15:20:45+02
NBF:Station:280250,Kolpingplatz,1,2026-05-21 15:20:45+02
NBF:Station:50819425,Knielinger Allee - CAMPUSbike HSKA,1,2026-05-21 15:20:45+02
NBF:Station:462159,Oberreut - Zentrum,6,2026-05-21 15:20:45+02
NBF:Station:300645,HaDiKo,2,2026-05-21 15:20:45+02
NBF:Station:462165,Rüppurr – Tulpenstraße,4,2026-05-21 14:47:11+02
NBF:Station:37983357,Adenauerring,2,2026-05-21 14:47:11+02
NBF:Station:462174,Bulach - Grünwinkler Straße,5,2026-05-21 14:47:11+02
NBF:Station:53171791,Südendstraße./ Brauerstr.,1,2026-05-21 14:47:11+02
NBF:Station:50819425,Knielinger Allee - CAMPUSbike HSKA,1,2026-05-21 14:47:11+02
NBF:Station:280250,Kolpingplatz,1,2026-05-21 14:47:11+02
NBF:Station:462159,Oberreut - Zentrum,7,2026-05-21 14:47:11+02
NBF:Station:300645,HaDiKo,4,2026-05-21 14:47:11+02
NBF:Station:367726,KIT Ost,9,2026-05-21 14:47:11+02
NBF:Station:289942,Durlach - Bahnhof ,3,2026-05-21 14:47:11+02
NBF:Station:6352777,Zeppelinstraße / Benzstraße,4,2026-05-21 14:47:11+02
NBF:Station:462176,Grünwinkel - Carl-Metz-Straße,1,2026-05-21 14:47:11+02
NBF:Station:264394,Hauptbahnhof / Touristinformation,16,2026-05-21 14:47:11+02
NBF:Station:458,Erbprinzenstr.,1,2026-05-21 14:47:11+02
NBF:Station:462181,Daxlanden - Stadtwerke,3,2026-05-21 14:47:11+02
NBF:Station:280322,KIT Süd,1,2026-05-21 14:47:11+02
NBF:Station:289944,Rommelstr. / Auerstr.,2,2026-05-21 14:47:11+02
NBF:Station:54869634,Knielingen/Rheinbergstraße,4,2026-05-21 14:47:11+02
NBF:Station:50819438,Moltkestraße - CAMPUSbike HSKA,9,2026-05-21 14:47:11+02
NBF:Station:78972260,Servicescope,2,2026-05-21 14:47:11+02
NBF:Station:289946,Durlach Schlossplatz,5,2026-05-21 14:47:11+02
NBF:Station:55113155,Reinmuthstraße./ Sudetenstraße,1,2026-05-21 14:47:11+02
NBF:Station:37983402,Tennesseeallee - CAMPUSbike KIT,1,2026-05-21 14:47:11+02
NBF:Station:53001693,Knielinger Allee/Franz-Lust-Straße,3,2026-05-21 14:47:11+02
NBF:Station:297942,Neuer Zirkel / Englerstr.,1,2026-05-21 14:47:11+02
NBF:Station:297942,Neuer Zirkel / Englerstr.,2,2026-05-21 14:16:00+02
NBF:Station:280322,KIT Süd,0,2026-05-21 14:16:00+02
NBF:Station:37983402,Tennesseeallee - CAMPUSbike KIT,0,2026-05-21 14:16:00+02
NBF:Station:53001693,Knielinger Allee/Franz-Lust-Straße,1,2026-05-21 14:16:00+02
NBF:Station:78972260,Servicescope,2,2026-05-21 14:16:00+02
NBF:Station:289946,Durlach Schlossplatz,5,2026-05-21 14:16:00+02
NBF:Station:55113155,Reinmuthstraße./ Sudetenstraße,1,2026-05-21 14:16:00+02
NBF:Station:50819438,Moltkestraße - CAMPUSbike HSKA,10,2026-05-21 14:16:00+02
NBF:Station:52355370,Parkplatz Kühler Krug,1,2026-05-21 14:16:00+02
NBF:Station:54869634,Knielingen/Rheinbergstraße,4,2026-05-21 14:16:00+02
NBF:Station:289944,Rommelstr. / Auerstr.,2,2026-05-21 14:16:00+02
NBF:Station:462181,Daxlanden - Stadtwerke,3,2026-05-21 14:16:00+02
NBF:Station:462176,Grünwinkel - Carl-Metz-Straße,1,2026-05-21 14:16:00+02
NBF:Station:264394,Hauptbahnhof / Touristinformation,18,2026-05-21 14:16:00+02
NBF:Station:289942,Durlach - Bahnhof ,3,2026-05-21 14:16:00+02
NBF:Station:6352777,Zeppelinstraße / Benzstraße,3,2026-05-21 14:16:00+02
NBF:Station:367726,KIT Ost,9,2026-05-21 14:16:00+02
NBF:Station:37983357,Adenauerring,0,2026-05-21 14:16:00+02
NBF:Station:462165,Rüppurr – Tulpenstraße,4,2026-05-21 14:16:00+02
NBF:Station:462159,Oberreut - Zentrum,7,2026-05-21 14:16:00+02
NBF:Station:300645,HaDiKo,5,2026-05-21 14:16:00+02
NBF:Station:462174,Bulach - Grünwinkler Straße,7,2026-05-21 14:16:00+02
NBF:Station:53171791,Südendstraße./ Brauerstr.,1,2026-05-21 14:16:00+02
NBF:Station:50819425,Knielinger Allee - CAMPUSbike HSKA,1,2026-05-21 14:16:00+02
NBF:Station:280250,Kolpingplatz,1,2026-05-21 14:16:00+02
NBF:Station:78972260,Servicescope,2,2026-05-21 13:42:48+02
NBF:Station:289946,Durlach Schlossplatz,5,2026-05-21 13:42:48+02
NBF:Station:55113155,Reinmuthstraße./ Sudetenstraße,1,2026-05-21 13:42:48+02
NBF:Station:78971440,Gerwigstraße,1,2026-05-21 13:42:48+02
NBF:Station:50819438,Moltkestraße - CAMPUSbike HSKA,11,2026-05-21 13:42:48+02
NBF:Station:280322,KIT Süd,0,2026-05-21 13:42:48+02
NBF:Station:53001693,Knielinger Allee/Franz-Lust-Straße,5,2026-05-21 13:42:48+02
NBF:Station:37983402,Tennesseeallee - CAMPUSbike KIT,0,2026-05-21 13:42:48+02
NBF:Station:285510,Adenauerring / Fasanengarten,1,2026-05-21 13:42:48+02
NBF:Station:462181,Daxlanden - Stadtwerke,3,2026-05-21 13:42:48+02
NBF:Station:52355370,Parkplatz Kühler Krug,1,2026-05-21 13:42:48+02
NBF:Station:54869634,Knielingen/Rheinbergstraße,4,2026-05-21 13:42:48+02
NBF:Station:289944,Rommelstr. / Auerstr.,2,2026-05-21 13:42:48+02
NBF:Station:264394,Hauptbahnhof / Touristinformation,19,2026-05-21 13:42:48+02
NBF:Station:462176,Grünwinkel - Carl-Metz-Straße,1,2026-05-21 13:42:48+02
NBF:Station:289942,Durlach - Bahnhof ,3,2026-05-21 13:42:48+02
NBF:Station:6352777,Zeppelinstraße / Benzstraße,3,2026-05-21 13:42:48+02
NBF:Station:462159,Oberreut - Zentrum,7,2026-05-21 13:42:48+02
NBF:Station:300645,HaDiKo,3,2026-05-21 13:42:48+02
NBF:Station:462174,Bulach - Grünwinkler Straße,7,2026-05-21 13:42:48+02
NBF:Station:53171791,Südendstraße./ Brauerstr.,1,2026-05-21 13:42:48+02
NBF:Station:280249,Prinz-Max-Palais,1,2026-05-21 13:42:48+02
NBF:Station:367726,KIT Ost,5,2026-05-21 13:42:48+02
NBF:Station:37983357,Adenauerring,2,2026-05-21 13:42:48+02
NBF:Station:462165,Rüppurr – Tulpenstraße,4,2026-05-21 13:42:48+02
NBF:Station:280322,KIT Süd,3,2026-05-21 13:09:41+02
NBF:Station:78971440,Gerwigstraße,1,2026-05-21 13:09:41+02
NBF:Station:50819438,Moltkestraße - CAMPUSbike HSKA,12,2026-05-21 13:09:41+02
NBF:Station:55113155,Reinmuthstraße./ Sudetenstraße,1,2026-05-21 13:09:41+02
NBF:Station:78972260,Servicescope,2,2026-05-21 13:09:41+02
NBF:Station:289946,Durlach Schlossplatz,5,2026-05-21 13:09:41+02
NBF:Station:37983402,Tennesseeallee - CAMPUSbike KIT,2,2026-05-21 13:09:41+02
NBF:Station:53001693,Knielinger Allee/Franz-Lust-Straße,0,2026-05-21 13:09:41+02
NBF:Station:462181,Daxlanden - Stadtwerke,3,2026-05-21 13:09:41+02
NBF:Station:285510,Adenauerring / Fasanengarten,5,2026-05-21 13:09:41+02
NBF:Station:289944,Rommelstr. / Auerstr.,2,2026-05-21 13:09:41+02
NBF:Station:52355370,Parkplatz Kühler Krug,1,2026-05-21 13:09:41+02
NBF:Station:54869634,Knielingen/Rheinbergstraße,4,2026-05-21 13:09:41+02
NBF:Station:6352777,Zeppelinstraße / Benzstraße,3,2026-05-21 13:09:41+02
NBF:Station:289942,Durlach - Bahnhof ,3,2026-05-21 13:09:41+02
NBF:Station:264394,Hauptbahnhof / Touristinformation,17,2026-05-21 13:09:41+02
NBF:Station:462176,Grünwinkel - Carl-Metz-Straße,1,2026-05-21 13:09:41+02
NBF:Station:50819425,Knielinger Allee - CAMPUSbike HSKA,1,2026-05-21 13:09:41+02
NBF:Station:462174,Bulach - Grünwinkler Straße,8,2026-05-21 13:09:41+02
NBF:Station:53171791,Südendstraße./ Brauerstr.,1,2026-05-21 13:09:41+02
NBF:Station:300645,HaDiKo,0,2026-05-21 13:09:41+02
NBF:Station:462159,Oberreut - Zentrum,7,2026-05-21 13:09:41+02
NBF:Station:462165,Rüppurr – Tulpenstraße,4,2026-05-21 13:09:41+02
NBF:Station:367726,KIT Ost,6,2026-05-21 13:09:41+02
NBF:Station:37983357,Adenauerring,3,2026-05-21 13:09:41+02
NBF:Station:297942,Neuer Zirkel / Englerstr.,0,2026-05-21 12:35:25+02
NBF:Station:53001693,Knielinger Allee/Franz-Lust-Straße,1,2026-05-21 12:35:25+02
NBF:Station:280322,KIT Süd,1,2026-05-21 12:35:25+02
NBF:Station:78971440,Gerwigstraße,1,2026-05-21 12:35:25+02
NBF:Station:50819438,Moltkestraße - CAMPUSbike HSKA,20,2026-05-21 12:35:25+02
NBF:Station:78972260,Servicescope,2,2026-05-21 12:35:25+02
NBF:Station:289946,Durlach Schlossplatz,4,2026-05-21 12:35:25+02
NBF:Station:55113155,Reinmuthstraße./ Sudetenstraße,1,2026-05-21 12:35:25+02
NBF:Station:289944,Rommelstr. / Auerstr.,2,2026-05-21 12:35:25+02
NBF:Station:52355370,Parkplatz Kühler Krug,1,2026-05-21 12:35:25+02
NBF:Station:54869634,Knielingen/Rheinbergstraße,4,2026-05-21 12:35:25+02
NBF:Station:462181,Daxlanden - Stadtwerke,3,2026-05-21 12:35:25+02
NBF:Station:285510,Adenauerring / Fasanengarten,6,2026-05-21 12:35:25+02
NBF:Station:458,Erbprinzenstr.,1,2026-05-21 12:35:25+02
NBF:Station:289942,Durlach - Bahnhof ,2,2026-05-21 12:35:25+02
NBF:Station:6352777,Zeppelinstraße / Benzstraße,3,2026-05-21 12:35:25+02
NBF:Station:462176,Grünwinkel - Carl-Metz-Straße,1,2026-05-21 12:35:25+02
NBF:Station:264394,Hauptbahnhof / Touristinformation,22,2026-05-21 12:35:25+02
NBF:Station:367726,KIT Ost,5,2026-05-21 12:35:25+02
NBF:Station:37983357,Adenauerring,2,2026-05-21 12:35:25+02
NBF:Station:462165,Rüppurr – Tulpenstraße,4,2026-05-21 12:35:25+02
NBF:Station:300645,HaDiKo,0,2026-05-21 12:35:25+02
NBF:Station:462174,Bulach - Grünwinkler Straße,8,2026-05-21 12:35:25+02
NBF:Station:53171791,Südendstraße./ Brauerstr.,1,2026-05-21 12:35:25+02
NBF:Station:50819425,Knielinger Allee - CAMPUSbike HSKA,4,2026-05-21 12:35:25+02
NBF:Station:462159,Oberreut - Zentrum,7,2026-05-21 12:35:25+02
NBF:Station:462181,Daxlanden - Stadtwerke,3,2026-05-21 12:00:10+02
NBF:Station:285510,Adenauerring / Fasanengarten,5,2026-05-21 12:00:10+02
NBF:Station:289944,Rommelstr. / Auerstr.,4,2026-05-21 12:00:10+02
NBF:Station:54869634,Knielingen/Rheinbergstraße,4,2026-05-21 12:00:10+02
NBF:Station:52355370,Parkplatz Kühler Krug,1,2026-05-21 12:00:10+02
NBF:Station:50819438,Moltkestraße - CAMPUSbike HSKA,23,2026-05-21 12:00:10+02
NBF:Station:289946,Durlach Schlossplatz,4,2026-05-21 12:00:10+02
NBF:Station:78972260,Servicescope,3,2026-05-21 12:00:10+02
NBF:Station:55113155,Reinmuthstraße./ Sudetenstraße,1,2026-05-21 12:00:10+02
NBF:Station:297942,Neuer Zirkel / Englerstr.,3,2026-05-21 12:00:10+02
NBF:Station:280322,KIT Süd,3,2026-05-21 12:00:10+02
NBF:Station:53171791,Südendstraße./ Brauerstr.,3,2026-05-21 12:00:10+02
NBF:Station:462174,Bulach - Grünwinkler Straße,8,2026-05-21 12:00:10+02
NBF:Station:50819425,Knielinger Allee - CAMPUSbike HSKA,6,2026-05-21 12:00:10+02
NBF:Station:462159,Oberreut - Zentrum,7,2026-05-21 12:00:10+02
NBF:Station:300645,HaDiKo,0,2026-05-21 12:00:10+02
NBF:Station:37983357,Adenauerring,2,2026-05-21 12:00:10+02
NBF:Station:367726,KIT Ost,6,2026-05-21 12:00:10+02
NBF:Station:462165,Rüppurr – Tulpenstraße,4,2026-05-21 12:00:10+02
NBF:Station:289942,Durlach - Bahnhof ,2,2026-05-21 12:00:10+02
NBF:Station:6352777,Zeppelinstraße / Benzstraße,3,2026-05-21 12:00:10+02
NBF:Station:462176,Grünwinkel - Carl-Metz-Straße,1,2026-05-21 12:00:10+02
NBF:Station:264394,Hauptbahnhof / Touristinformation,18,2026-05-21 12:00:10+02
NBF:Station:280260,Nordweststadt - Kurt-Schumacher-Straße,1,2026-05-21 12:00:10+02
NBF:Station:458,Erbprinzenstr.,1,2026-05-21 12:00:10+02
NBF:Station:280322,KIT Süd,2,2026-05-21 11:24:18+02
NBF:Station:264394,Hauptbahnhof / Touristinformation,20,2026-05-21 11:24:18+02
NBF:Station:462176,Grünwinkel - Carl-Metz-Straße,1,2026-05-21 11:24:18+02
NBF:Station:289942,Durlach - Bahnhof ,3,2026-05-21 11:24:18+02
NBF:Station:6352777,Zeppelinstraße / Benzstraße,3,2026-05-21 11:24:18+02
NBF:Station:458,Erbprinzenstr.,1,2026-05-21 11:24:18+02
NBF:Station:280260,Nordweststadt - Kurt-Schumacher-Straße,1,2026-05-21 11:24:18+02
NBF:Station:462159,Oberreut - Zentrum,7,2026-05-21 11:24:18+02
NBF:Station:462174,Bulach - Grünwinkler Straße,8,2026-05-21 11:24:18+02
NBF:Station:53171791,Südendstraße./ Brauerstr.,3,2026-05-21 11:24:18+02
NBF:Station:280253,Karl-Wilhelm-Platz,1,2026-05-21 11:24:18+02
NBF:Station:280250,Kolpingplatz,2,2026-05-21 11:24:18+02
NBF:Station:50819425,Knielinger Allee - CAMPUSbike HSKA,6,2026-05-21 11:24:18+02
NBF:Station:367726,KIT Ost,6,2026-05-21 11:24:18+02
NBF:Station:37983357,Adenauerring,0,2026-05-21 11:24:18+02
NBF:Station:462165,Rüppurr – Tulpenstraße,4,2026-05-21 11:24:18+02
NBF:Station:289946,Durlach Schlossplatz,4,2026-05-21 11:24:18+02
NBF:Station:78972260,Servicescope,3,2026-05-21 11:24:18+02
NBF:Station:55113155,Reinmuthstraße./ Sudetenstraße,1,2026-05-21 11:24:18+02
NBF:Station:297942,Neuer Zirkel / Englerstr.,0,2026-05-21 11:24:18+02
NBF:Station:53001693,Knielinger Allee/Franz-Lust-Straße,1,2026-05-21 11:24:18+02
NBF:Station:37983402,Tennesseeallee - CAMPUSbike KIT,1,2026-05-21 11:24:18+02
NBF:Station:285510,Adenauerring / Fasanengarten,1,2026-05-21 11:24:18+02
NBF:Station:462181,Daxlanden - Stadtwerke,3,2026-05-21 11:24:18+02
NBF:Station:52355370,Parkplatz Kühler Krug,1,2026-05-21 11:24:18+02
NBF:Station:54869634,Knielingen./Rheinbergstraße,4,2026-05-21 11:24:18+02
NBF:Station:289944,Rommelstr. / Auerstr.,3,2026-05-21 11:24:18+02
NBF:Station:280250,Kolpingplatz,2,2026-05-21 10:50:47+02
NBF:Station:6352777,Zeppelinstraße / Benzstraße,3,2026-05-21 10:50:47+02
NBF:Station:289942,Durlach - Bahnhof ,3,2026-05-21 10:50:47+02
NBF:Station:462176,Grünwinkel - Carl-Metz-Straße,1,2026-05-21 10:50:47+02
NBF:Station:264394,Hauptbahnhof / Touristinformation,21,2026-05-21 10:50:47+02
NBF:Station:280260,Nordweststadt - Kurt-Schumacher-Straße,1,2026-05-21 10:50:47+02
NBF:Station:281794,Agentur für Arbeit,1,2026-05-21 10:50:47+02
NBF:Station:50819425,Knielinger Allee - CAMPUSbike HSKA,6,2026-05-21 10:50:47+02
NBF:Station:462174,Bulach - Grünwinkler Straße,8,2026-05-21 10:50:47+02
NBF:Station:53171791,Südendstraße./ Brauerstr.,3,2026-05-21 10:50:47+02
NBF:Station:462159,Oberreut - Zentrum,7,2026-05-21 10:50:47+02
NBF:Station:462165,Rüppurr – Tulpenstraße,4,2026-05-21 10:50:47+02
NBF:Station:367726,KIT Ost,6,2026-05-21 10:50:47+02
NBF:Station:37983357,Adenauerring,4,2026-05-21 10:50:47+02
NBF:Station:280259,Werderplatz,1,2026-05-21 10:50:47+02
NBF:Station:55113155,Reinmuthstraße./ Sudetenstraße,1,2026-05-21 10:50:47+02
NBF:Station:289946,Durlach Schlossplatz,4,2026-05-21 10:50:47+02
NBF:Station:78972260,Servicescope,3,2026-05-21 10:50:47+02
NBF:Station:280263,Fächerbad,1,2026-05-21 10:50:47+02
NBF:Station:280322,KIT Süd,2,2026-05-21 10:50:47+02
NBF:Station:297942,Neuer Zirkel / Englerstr.,3,2026-05-21 10:50:47+02
NBF:Station:462181,Daxlanden - Stadtwerke,3,2026-05-21 10:50:47+02
NBF:Station:289944,Rommelstr. / Auerstr.,3,2026-05-21 10:50:47+02
NBF:Station:52355370,Parkplatz Kühler Krug,1,2026-05-21 10:50:47+02
NBF:Station:54869634,Knielingen./Rheinbergstraße,4,2026-05-21 10:50:47+02
NBF:Station:280250,Kolpingplatz,2,2026-05-21 10:18:08+02
NBF:Station:50819425,Knielinger Allee - CAMPUSbike HSKA,6,2026-05-21 10:18:08+02
NBF:Station:53171791,Südendstraße./ Brauerstr.,3,2026-05-21 10:18:08+02
NBF:Station:462174,Bulach - Grünwinkler Straße,8,2026-05-21 10:18:08+02
NBF:Station:462159,Oberreut - Zentrum,7,2026-05-21 10:18:08+02
NBF:Station:462165,Rüppurr – Tulpenstraße,4,2026-05-21 10:18:08+02
NBF:Station:37983357,Adenauerring,5,2026-05-21 10:18:08+02
NBF:Station:367726,KIT Ost,6,2026-05-21 10:18:08+02
NBF:Station:6352777,Zeppelinstraße / Benzstraße,3,2026-05-21 10:18:08+02
NBF:Station:289942,Durlach - Bahnhof ,3,2026-05-21 10:18:08+02
NBF:Station:462176,Grünwinkel - Carl-Metz-Straße,1,2026-05-21 10:18:08+02
NBF:Station:264394,Hauptbahnhof / Touristinformation,22,2026-05-21 10:18:08+02
NBF:Station:280260,Nordweststadt - Kurt-Schumacher-Straße,1,2026-05-21 10:18:08+02
NBF:Station:281794,Agentur für Arbeit,2,2026-05-21 10:18:08+02
NBF:Station:462181,Daxlanden - Stadtwerke,4,2026-05-21 10:18:08+02
NBF:Station:289944,Rommelstr. / Auerstr.,3,2026-05-21 10:18:08+02
NBF:Station:54869634,Knielingen./Rheinbergstraße,4,2026-05-21 10:18:08+02
NBF:Station:52355370,Parkplatz Kühler Krug,1,2026-05-21 10:18:08+02
NBF:Station:280259,Werderplatz,1,2026-05-21 10:18:08+02
NBF:Station:78971440,Gerwigstraße,0,2026-05-21 10:18:08+02
NBF:Station:55113155,Reinmuthstraße./ Sudetenstraße,1,2026-05-21 10:18:08+02
NBF:Station:289946,Durlach Schlossplatz,4,2026-05-21 10:18:08+02
NBF:Station:78972260,Servicescope,3,2026-05-21 10:18:08+02
NBF:Station:280263,Fächerbad,1,2026-05-21 10:18:08+02
NBF:Station:280322,KIT Süd,3,2026-05-21 10:18:08+02
NBF:Station:297942,Neuer Zirkel / Englerstr.,3,2026-05-21 10:18:08+02
NBF:Station:367726,KIT Ost,4,2026-05-21 09:47:05+02
NBF:Station:37983357,Adenauerring,0,2026-05-21 09:47:05+02
NBF:Station:462165,Rüppurr – Tulpenstraße,4,2026-05-21 09:47:05+02
NBF:Station:1390,Karlstraße / Waldstraße,1,2026-05-21 09:47:05+02
NBF:Station:462159,Oberreut - Zentrum,7,2026-05-21 09:47:05+02
NBF:Station:300645,HaDiKo,0,2026-05-21 09:47:05+02
NBF:Station:462174,Bulach - Grünwinkler Straße,8,2026-05-21 09:47:05+02
NBF:Station:53171791,Südendstraße./ Brauerstr.,3,2026-05-21 09:47:05+02
NBF:Station:280250,Kolpingplatz,2,2026-05-21 09:47:05+02
NBF:Station:50819425,Knielinger Allee - CAMPUSbike HSKA,6,2026-05-21 09:47:05+02
NBF:Station:281794,Agentur für Arbeit,2,2026-05-21 09:47:05+02
NBF:Station:280260,Nordweststadt - Kurt-Schumacher-Straße,1,2026-05-21 09:47:05+02
NBF:Station:264394,Hauptbahnhof / Touristinformation,21,2026-05-21 09:47:05+02
NBF:Station:462176,Grünwinkel - Carl-Metz-Straße,1,2026-05-21 09:47:05+02
NBF:Station:289942,Durlach - Bahnhof ,3,2026-05-21 09:47:05+02
NBF:Station:6352777,Zeppelinstraße / Benzstraße,3,2026-05-21 09:47:05+02
NBF:Station:52355370,Parkplatz Kühler Krug,1,2026-05-21 09:47:05+02
NBF:Station:54869634,Knielingen./Rheinbergstraße,4,2026-05-21 09:47:05+02
NBF:Station:289944,Rommelstr. / Auerstr.,3,2026-05-21 09:47:05+02
NBF:Station:462181,Daxlanden - Stadtwerke,4,2026-05-21 09:47:05+02
NBF:Station:297942,Neuer Zirkel / Englerstr.,3,2026-05-21 09:47:05+02
NBF:Station:280322,KIT Süd,2,2026-05-21 09:47:05+02
NBF:Station:280263,Fächerbad,2,2026-05-21 09:47:05+02
NBF:Station:289946,Durlach Schlossplatz,4,2026-05-21 09:47:05+02
NBF:Station:78972260,Servicescope,3,2026-05-21 09:47:05+02
NBF:Station:55113155,Reinmuthstraße./ Sudetenstraße,1,2026-05-21 09:47:05+02
NBF:Station:280259,Werderplatz,1,2026-05-21 09:47:05+02
NBF:Station:280249,Prinz-Max-Palais,1,2026-05-21 09:12:04+02
NBF:Station:37983357,Adenauerring,5,2026-05-21 09:12:04+02
NBF:Station:367726,KIT Ost,6,2026-05-21 09:12:04+02
NBF:Station:462165,Rüppurr – Tulpenstraße,4,2026-05-21 09:12:04+02
NBF:Station:462159,Oberreut - Zentrum,7,2026-05-21 09:12:04+02
NBF:Station:1390,Karlstraße / Waldstraße,0,2026-05-21 09:12:04+02
NBF:Station:280255,Kreativpark/Alter Schlachthof,1,2026-05-21 09:12:04+02
NBF:Station:53171791,Südendstraße./ Brauerstr.,3,2026-05-21 09:12:04+02
NBF:Station:462174,Bulach - Grünwinkler Straße,8,2026-05-21 09:12:04+02
NBF:Station:50819425,Knielinger Allee - CAMPUSbike HSKA,0,2026-05-21 09:12:04+02
NBF:Station:280250,Kolpingplatz,2,2026-05-21 09:12:04+02
NBF:Station:281794,Agentur für Arbeit,1,2026-05-21 09:12:04+02
NBF:Station:280260,Nordweststadt - Kurt-Schumacher-Straße,1,2026-05-21 09:12:04+02
NBF:Station:462176,Grünwinkel - Carl-Metz-Straße,1,2026-05-21 09:12:04+02
NBF:Station:264394,Hauptbahnhof / Touristinformation,24,2026-05-21 09:12:04+02
NBF:Station:289942,Durlach - Bahnhof ,3,2026-05-21 09:12:04+02
NBF:Station:6352777,Zeppelinstraße / Benzstraße,3,2026-05-21 09:12:04+02
NBF:Station:54869634,Knielingen./Rheinbergstraße,4,2026-05-21 09:12:04+02
NBF:Station:52355370,Parkplatz Kühler Krug,1,2026-05-21 09:12:04+02
NBF:Station:289944,Rommelstr. / Auerstr.,3,2026-05-21 09:12:04+02
NBF:Station:285510,Adenauerring / Fasanengarten,0,2026-05-21 09:12:04+02
NBF:Station:462181,Daxlanden - Stadtwerke,4,2026-05-21 09:12:04+02
NBF:Station:297942,Neuer Zirkel / Englerstr.,1,2026-05-21 09:12:04+02
NBF:Station:280322,KIT Süd,1,2026-05-21 09:12:04+02
NBF:Station:280263,Fächerbad,2,2026-05-21 09:12:04+02
NBF:Station:280259,Werderplatz,1,2026-05-21 09:12:04+02
NBF:Station:78972260,Servicescope,3,2026-05-21 09:12:04+02
NBF:Station:289946,Durlach Schlossplatz,4,2026-05-21 09:12:04+02
NBF:Station:55113155,Reinmuthstraße./ Sudetenstraße,1,2026-05-21 09:12:04+02
NBF:Station:50819438,Moltkestraße - CAMPUSbike HSKA,4,2026-05-21 09:12:04+02
NBF:Station:280260,Nordweststadt - Kurt-Schumacher-Straße,1,2026-05-21 08:35:44+02
NBF:Station:462176,Grünwinkel - Carl-Metz-Straße,1,2026-05-21 08:35:44+02
NBF:Station:264394,Hauptbahnhof / Touristinformation,25,2026-05-21 08:35:44+02
NBF:Station:289942,Durlach - Bahnhof ,3,2026-05-21 08:35:44+02
NBF:Station:6352777,Zeppelinstraße / Benzstraße,3,2026-05-21 08:35:44+02
NBF:Station:367726,KIT Ost,0,2026-05-21 08:35:44+02
NBF:Station:37983357,Adenauerring,3,2026-05-21 08:35:44+02
NBF:Station:462165,Rüppurr – Tulpenstraße,4,2026-05-21 08:35:44+02
NBF:Station:52999116,Weinbrennerplatz,0,2026-05-21 08:35:44+02
NBF:Station:462159,Oberreut - Zentrum,7,2026-05-21 08:35:44+02
NBF:Station:1390,Karlstraße / Waldstraße,1,2026-05-21 08:35:44+02
NBF:Station:300645,HaDiKo,0,2026-05-21 08:35:44+02
NBF:Station:280322,KIT Süd,1,2026-05-21 08:35:44+02
NBF:Station:462174,Bulach - Grünwinkler Straße,9,2026-05-21 08:35:44+02
NBF:Station:53171791,Südendstraße./ Brauerstr.,3,2026-05-21 08:35:44+02
NBF:Station:50819425,Knielinger Allee - CAMPUSbike HSKA,5,2026-05-21 08:35:44+02
NBF:Station:280250,Kolpingplatz,4,2026-05-21 08:35:44+02
NBF:Station:297942,Neuer Zirkel / Englerstr.,0,2026-05-21 08:35:44+02
NBF:Station:78972260,Servicescope,3,2026-05-21 08:35:44+02
NBF:Station:289946,Durlach Schlossplatz,4,2026-05-21 08:35:44+02
NBF:Station:55113155,Reinmuthstraße./ Sudetenstraße,1,2026-05-21 08:35:44+02
NBF:Station:50819438,Moltkestraße - CAMPUSbike HSKA,3,2026-05-21 08:35:44+02
NBF:Station:280259,Werderplatz,1,2026-05-21 08:35:44+02
NBF:Station:52355370,Parkplatz Kühler Krug,1,2026-05-21 08:35:44+02
NBF:Station:54869634,Knielingen./Rheinbergstraße,4,2026-05-21 08:35:44+02
NBF:Station:289944,Rommelstr. / Auerstr.,3,2026-05-21 08:35:44+02
NBF:Station:462181,Daxlanden - Stadtwerke,4,2026-05-21 08:35:44+02
NBF:Station:462181,Daxlanden - Stadtwerke,4,2026-05-21 08:00:45+02
NBF:Station:54869634,Knielingen./Rheinbergstraße,4,2026-05-21 08:00:45+02
NBF:Station:52355370,Parkplatz Kühler Krug,1,2026-05-21 08:00:45+02
NBF:Station:289944,Rommelstr. / Auerstr.,3,2026-05-21 08:00:45+02
NBF:Station:289946,Durlach Schlossplatz,4,2026-05-21 08:00:45+02
NBF:Station:78972260,Servicescope,3,2026-05-21 08:00:45+02
NBF:Station:55113155,Reinmuthstraße./ Sudetenstraße,1,2026-05-21 08:00:45+02
NBF:Station:280259,Werderplatz,1,2026-05-21 08:00:45+02
NBF:Station:50819438,Moltkestraße - CAMPUSbike HSKA,2,2026-05-21 08:00:45+02
NBF:Station:52997350,Schloss Rüppurr,0,2026-05-21 08:00:45+02
NBF:Station:53001693,Knielinger Allee/Franz-Lust-Straße,0,2026-05-21 08:00:45+02
NBF:Station:52999116,Weinbrennerplatz,1,2026-05-21 08:00:45+02
NBF:Station:1390,Karlstraße / Waldstraße,0,2026-05-21 08:00:45+02
NBF:Station:462159,Oberreut - Zentrum,7,2026-05-21 08:00:45+02
NBF:Station:300645,HaDiKo,1,2026-05-21 08:00:45+02
NBF:Station:53171791,Südendstraße./ Brauerstr.,2,2026-05-21 08:00:45+02
NBF:Station:462174,Bulach - Grünwinkler Straße,9,2026-05-21 08:00:45+02
NBF:Station:280250,Kolpingplatz,4,2026-05-21 08:00:45+02
NBF:Station:50819425,Knielinger Allee - CAMPUSbike HSKA,6,2026-05-21 08:00:45+02
NBF:Station:280253,Karl-Wilhelm-Platz,0,2026-05-21 08:00:45+02
NBF:Station:280249,Prinz-Max-Palais,1,2026-05-21 08:00:45+02
NBF:Station:37983357,Adenauerring,1,2026-05-21 08:00:45+02
NBF:Station:367726,KIT Ost,3,2026-05-21 08:00:45+02
NBF:Station:462165,Rüppurr – Tulpenstraße,4,2026-05-21 08:00:45+02
NBF:Station:264394,Hauptbahnhof / Touristinformation,32,2026-05-21 08:00:45+02
NBF:Station:462176,Grünwinkel - Carl-Metz-Straße,1,2026-05-21 08:00:45+02
NBF:Station:289942,Durlach - Bahnhof ,4,2026-05-21 08:00:45+02
NBF:Station:6352777,Zeppelinstraße / Benzstraße,3,2026-05-21 08:00:45+02
NBF:Station:281794,Agentur für Arbeit,0,2026-05-21 08:00:45+02
NBF:Station:280251,Mühlburger Tor / Kaiserplatz ,1,2026-05-21 08:00:45+02
NBF:Station:280260,Nordweststadt - Kurt-Schumacher-Straße,1,2026-05-21 08:00:45+02
NBF:Station:280251,Mühlburger Tor / Kaiserplatz ,1,2026-05-21 07:28:19+02
NBF:Station:280260,Nordweststadt - Kurt-Schumacher-Straße,3,2026-05-21 07:28:19+02
NBF:Station:462176,Grünwinkel - Carl-Metz-Straße,1,2026-05-21 07:28:19+02
NBF:Station:264394,Hauptbahnhof / Touristinformation,34,2026-05-21 07:28:19+02
NBF:Station:289942,Durlach - Bahnhof ,5,2026-05-21 07:28:19+02
NBF:Station:6352777,Zeppelinstraße / Benzstraße,3,2026-05-21 07:28:19+02
NBF:Station:367726,KIT Ost,4,2026-05-21 07:28:19+02
NBF:Station:462165,Rüppurr – Tulpenstraße,4,2026-05-21 07:28:19+02
NBF:Station:1390,Karlstraße / Waldstraße,0,2026-05-21 07:28:19+02
NBF:Station:462159,Oberreut - Zentrum,7,2026-05-21 07:28:19+02
NBF:Station:52999116,Weinbrennerplatz,2,2026-05-21 07:28:19+02
NBF:Station:300645,HaDiKo,0,2026-05-21 07:28:19+02
NBF:Station:53171791,Südendstraße./ Brauerstr.,2,2026-05-21 07:28:19+02
NBF:Station:462174,Bulach - Grünwinkler Straße,8,2026-05-21 07:28:19+02
NBF:Station:280253,Karl-Wilhelm-Platz,4,2026-05-21 07:28:19+02
NBF:Station:50819425,Knielinger Allee - CAMPUSbike HSKA,1,2026-05-21 07:28:19+02
NBF:Station:280250,Kolpingplatz,4,2026-05-21 07:28:19+02
NBF:Station:52997350,Schloss Rüppurr,1,2026-05-21 07:28:19+02
NBF:Station:53001693,Knielinger Allee/Franz-Lust-Straße,0,2026-05-21 07:28:19+02
NBF:Station:289946,Durlach Schlossplatz,4,2026-05-21 07:28:19+02
NBF:Station:78972260,Servicescope,3,2026-05-21 07:28:19+02
NBF:Station:55113155,Reinmuthstraße./ Sudetenstraße,1,2026-05-21 07:28:19+02
NBF:Station:280259,Werderplatz,1,2026-05-21 07:28:19+02
NBF:Station:54869634,Knielingen./Rheinbergstraße,4,2026-05-21 07:28:19+02
NBF:Station:52355370,Parkplatz Kühler Krug,1,2026-05-21 07:28:19+02
NBF:Station:289944,Rommelstr. / Auerstr.,3,2026-05-21 07:28:19+02
NBF:Station:462181,Daxlanden - Stadtwerke,4,2026-05-21 07:28:19+02
NBF:Station:264394,Hauptbahnhof / Touristinformation,8,2026-05-21 06:54:59+02
NBF:Station:462176,Grünwinkel - Carl-Metz-Straße,1,2026-05-21 06:54:59+02
NBF:Station:6352777,Zeppelinstraße / Benzstraße,3,2026-05-21 06:54:59+02
NBF:Station:289942,Durlach - Bahnhof ,4,2026-05-21 06:54:59+02
NBF:Station:280260,Nordweststadt - Kurt-Schumacher-Straße,3,2026-05-21 06:54:59+02
NBF:Station:300645,HaDiKo,2,2026-05-21 06:54:59+02
NBF:Station:52999116,Weinbrennerplatz,2,2026-05-21 06:54:59+02
NBF:Station:462159,Oberreut - Zentrum,7,2026-05-21 06:54:59+02
NBF:Station:280250,Kolpingplatz,4,2026-05-21 06:54:59+02
NBF:Station:280253,Karl-Wilhelm-Platz,4,2026-05-21 06:54:59+02
NBF:Station:53171791,Südendstraße./ Brauerstr.,1,2026-05-21 06:54:59+02
NBF:Station:462174,Bulach - Grünwinkler Straße,8,2026-05-21 06:54:59+02
NBF:Station:462165,Rüppurr – Tulpenstraße,4,2026-05-21 06:54:59+02
NBF:Station:367726,KIT Ost,3,2026-05-21 06:54:59+02
NBF:Station:55113155,Reinmuthstraße./ Sudetenstraße,1,2026-05-21 06:54:59+02
NBF:Station:78972260,Servicescope,3,2026-05-21 06:54:59+02
NBF:Station:289946,Durlach Schlossplatz,4,2026-05-21 06:54:59+02
NBF:Station:78971440,Gerwigstraße,1,2026-05-21 06:54:59+02
NBF:Station:280259,Werderplatz,1,2026-05-21 06:54:59+02
NBF:Station:52997350,Schloss Rüppurr,1,2026-05-21 06:54:59+02
NBF:Station:53001693,Knielinger Allee/Franz-Lust-Straße,2,2026-05-21 06:54:59+02
NBF:Station:462181,Daxlanden - Stadtwerke,4,2026-05-21 06:54:59+02
NBF:Station:54869634,Knielingen./Rheinbergstraße,4,2026-05-21 06:54:59+02
NBF:Station:52355370,Parkplatz Kühler Krug,1,2026-05-21 06:54:59+02
NBF:Station:289944,Rommelstr. / Auerstr.,3,2026-05-21 06:54:59+02
NBF:Station:462181,Daxlanden - Stadtwerke,4,2026-05-21 06:20:56+02
NBF:Station:54869634,Knielingen./Rheinbergstraße,4,2026-05-21 06:20:56+02
NBF:Station:52355370,Parkplatz Kühler Krug,1,2026-05-21 06:20:56+02
NBF:Station:289944,Rommelstr. / Auerstr.,3,2026-05-21 06:20:56+02
NBF:Station:55113155,Reinmuthstraße./ Sudetenstraße,1,2026-05-21 06:20:56+02
NBF:Station:289946,Durlach Schlossplatz,4,2026-05-21 06:20:56+02
NBF:Station:78972260,Servicescope,3,2026-05-21 06:20:56+02
NBF:Station:280259,Werderplatz,1,2026-05-21 06:20:56+02
NBF:Station:78970799,Durlach - Alte Karlsruher Straße,1,2026-05-21 06:20:56+02
NBF:Station:78971440,Gerwigstraße,1,2026-05-21 06:20:56+02
NBF:Station:52997350,Schloss Rüppurr,1,2026-05-21 06:20:56+02
NBF:Station:53001693,Knielinger Allee/Franz-Lust-Straße,2,2026-05-21 06:20:56+02
NBF:Station:300645,HaDiKo,5,2026-05-21 06:20:56+02
NBF:Station:52999116,Weinbrennerplatz,2,2026-05-21 06:20:56+02
NBF:Station:462159,Oberreut - Zentrum,7,2026-05-21 06:20:56+02
NBF:Station:280250,Kolpingplatz,4,2026-05-21 06:20:56+02
NBF:Station:280253,Karl-Wilhelm-Platz,4,2026-05-21 06:20:56+02
NBF:Station:53171791,Südendstraße./ Brauerstr.,1,2026-05-21 06:20:56+02
NBF:Station:462174,Bulach - Grünwinkler Straße,8,2026-05-21 06:20:56+02
NBF:Station:462165,Rüppurr – Tulpenstraße,3,2026-05-21 06:20:56+02
NBF:Station:367726,KIT Ost,3,2026-05-21 06:20:56+02
NBF:Station:462176,Grünwinkel - Carl-Metz-Straße,1,2026-05-21 06:20:56+02
NBF:Station:264394,Hauptbahnhof / Touristinformation,4,2026-05-21 06:20:56+02
NBF:Station:6352777,Zeppelinstraße / Benzstraße,3,2026-05-21 06:20:56+02
NBF:Station:289942,Durlach - Bahnhof ,3,2026-05-21 06:20:56+02
NBF:Station:280260,Nordweststadt - Kurt-Schumacher-Straße,3,2026-05-21 06:20:56+02
NBF:Station:52999116,Weinbrennerplatz,2,2026-05-21 05:46:27+02
NBF:Station:462159,Oberreut - Zentrum,7,2026-05-21 05:46:27+02
NBF:Station:300645,HaDiKo,8,2026-05-21 05:46:27+02
NBF:Station:53171791,Südendstraße./ Brauerstr.,1,2026-05-21 05:46:27+02
NBF:Station:462174,Bulach - Grünwinkler Straße,8,2026-05-21 05:46:27+02
NBF:Station:280250,Kolpingplatz,4,2026-05-21 05:46:27+02
NBF:Station:280253,Karl-Wilhelm-Platz,2,2026-05-21 05:46:27+02
NBF:Station:280249,Prinz-Max-Palais,1,2026-05-21 05:46:27+02
NBF:Station:367726,KIT Ost,3,2026-05-21 05:46:27+02
NBF:Station:462165,Rüppurr – Tulpenstraße,3,2026-05-21 05:46:27+02
NBF:Station:264394,Hauptbahnhof / Touristinformation,1,2026-05-21 05:46:27+02
NBF:Station:462176,Grünwinkel - Carl-Metz-Straße,1,2026-05-21 05:46:27+02
NBF:Station:289942,Durlach - Bahnhof ,3,2026-05-21 05:46:27+02
NBF:Station:6352777,Zeppelinstraße / Benzstraße,3,2026-05-21 05:46:27+02
NBF:Station:280260,Nordweststadt - Kurt-Schumacher-Straße,3,2026-05-21 05:46:27+02
NBF:Station:280251,Mühlburger Tor / Kaiserplatz ,1,2026-05-21 05:46:27+02
NBF:Station:462181,Daxlanden - Stadtwerke,4,2026-05-21 05:46:27+02
NBF:Station:54869634,Knielingen./Rheinbergstraße,4,2026-05-21 05:46:27+02
NBF:Station:52355370,Parkplatz Kühler Krug,1,2026-05-21 05:46:27+02
NBF:Station:289944,Rommelstr. / Auerstr.,3,2026-05-21 05:46:27+02
NBF:Station:78972260,Servicescope,3,2026-05-21 05:46:27+02
NBF:Station:289946,Durlach Schlossplatz,4,2026-05-21 05:46:27+02
NBF:Station:55113155,Reinmuthstraße./ Sudetenstraße,1,2026-05-21 05:46:27+02
NBF:Station:78970799,Durlach - Alte Karlsruher Straße,1,2026-05-21 05:46:27+02
NBF:Station:78971440,Gerwigstraße,1,2026-05-21 05:46:27+02
NBF:Station:280259,Werderplatz,1,2026-05-21 05:46:27+02
NBF:Station:52997350,Schloss Rüppurr,1,2026-05-21 05:46:27+02
NBF:Station:53001693,Knielinger Allee/Franz-Lust-Straße,2,2026-05-21 05:46:27+02
NBF:Station:462181,Daxlanden - Stadtwerke,4,2026-05-21 05:10:01+02
NBF:Station:280259,Werderplatz,1,2026-05-21 05:10:01+02
NBF:Station:289944,Rommelstr. / Auerstr.,3,2026-05-21 05:10:01+02
NBF:Station:52355370,Parkplatz Kühler Krug,1,2026-05-21 05:10:01+02
NBF:Station:54869634,Knielingen./Rheinbergstraße,4,2026-05-21 05:10:01+02
NBF:Station:78970799,Durlach - Alte Karlsruher Straße,1,2026-05-21 05:10:01+02
NBF:Station:78971440,Gerwigstraße,1,2026-05-21 05:10:01+02
NBF:Station:78972260,Servicescope,3,2026-05-21 05:10:01+02
NBF:Station:289946,Durlach Schlossplatz,4,2026-05-21 05:10:01+02
NBF:Station:55113155,Reinmuthstraße./ Sudetenstraße,1,2026-05-21 05:10:01+02
NBF:Station:53001693,Knielinger Allee/Franz-Lust-Straße,2,2026-05-21 05:10:01+02
NBF:Station:52997350,Schloss Rüppurr,1,2026-05-21 05:10:01+02
NBF:Station:462174,Bulach - Grünwinkler Straße,9,2026-05-21 05:10:01+02
NBF:Station:53171791,Südendstraße./ Brauerstr.,1,2026-05-21 05:10:01+02
NBF:Station:280250,Kolpingplatz,4,2026-05-21 05:10:01+02
NBF:Station:280253,Karl-Wilhelm-Platz,2,2026-05-21 05:10:01+02
NBF:Station:52999116,Weinbrennerplatz,2,2026-05-21 05:10:01+02
NBF:Station:462159,Oberreut - Zentrum,7,2026-05-21 05:10:01+02
NBF:Station:300645,HaDiKo,14,2026-05-21 05:10:01+02
NBF:Station:367726,KIT Ost,3,2026-05-21 05:10:01+02
NBF:Station:462165,Rüppurr – Tulpenstraße,3,2026-05-21 05:10:01+02
NBF:Station:280249,Prinz-Max-Palais,1,2026-05-21 05:10:01+02
NBF:Station:289942,Durlach - Bahnhof ,3,2026-05-21 05:10:01+02
NBF:Station:6352777,Zeppelinstraße / Benzstraße,3,2026-05-21 05:10:01+02
NBF:Station:462176,Grünwinkel - Carl-Metz-Straße,1,2026-05-21 05:10:01+02
NBF:Station:264394,Hauptbahnhof / Touristinformation,1,2026-05-21 05:10:01+02
NBF:Station:280260,Nordweststadt - Kurt-Schumacher-Straße,3,2026-05-21 05:10:01+02
NBF:Station:280251,Mühlburger Tor / Kaiserplatz ,1,2026-05-21 05:10:01+02
NBF:Station:289946,Durlach Schlossplatz,3,2026-05-21 04:35:07+02
NBF:Station:280259,Werderplatz,1,2026-05-21 04:35:07+02
NBF:Station:78970799,Durlach - Alte Karlsruher Straße,1,2026-05-21 04:35:07+02
NBF:Station:78971440,Gerwigstraße,1,2026-05-21 04:35:07+02
NBF:Station:78972260,Servicescope,3,2026-05-21 04:35:07+02
NBF:Station:55113155,Reinmuthstraße./ Sudetenstraße,1,2026-05-21 04:35:07+02
NBF:Station:53001693,Knielinger Allee/Franz-Lust-Straße,2,2026-05-21 04:35:07+02
NBF:Station:52997350,Schloss Rüppurr,1,2026-05-21 04:35:07+02
NBF:Station:462181,Daxlanden - Stadtwerke,4,2026-05-21 04:35:07+02
NBF:Station:289944,Rommelstr. / Auerstr.,3,2026-05-21 04:35:07+02
NBF:Station:54869634,Knielingen./Rheinbergstraße,4,2026-05-21 04:35:07+02
NBF:Station:52355370,Parkplatz Kühler Krug,1,2026-05-21 04:35:07+02
NBF:Station:289942,Durlach - Bahnhof ,3,2026-05-21 04:35:07+02
NBF:Station:6352777,Zeppelinstraße / Benzstraße,3,2026-05-21 04:35:07+02
NBF:Station:264394,Hauptbahnhof / Touristinformation,1,2026-05-21 04:35:07+02
NBF:Station:462176,Grünwinkel - Carl-Metz-Straße,1,2026-05-21 04:35:07+02
NBF:Station:280251,Mühlburger Tor / Kaiserplatz ,1,2026-05-21 04:35:07+02
NBF:Station:280260,Nordweststadt - Kurt-Schumacher-Straße,3,2026-05-21 04:35:07+02
NBF:Station:53171791,Südendstraße./ Brauerstr.,1,2026-05-21 04:35:07+02
NBF:Station:462174,Bulach - Grünwinkler Straße,9,2026-05-21 04:35:07+02
NBF:Station:280250,Kolpingplatz,4,2026-05-21 04:35:07+02
NBF:Station:462159,Oberreut - Zentrum,7,2026-05-21 04:35:07+02
NBF:Station:52999116,Weinbrennerplatz,2,2026-05-21 04:35:07+02
NBF:Station:300645,HaDiKo,14,2026-05-21 04:35:07+02
NBF:Station:367726,KIT Ost,3,2026-05-21 04:35:07+02
NBF:Station:462165,Rüppurr – Tulpenstraße,3,2026-05-21 04:35:07+02
NBF:Station:280249,Prinz-Max-Palais,1,2026-05-21 04:35:07+02
NBF:Station:462159,Oberreut - Zentrum,7,2026-05-21 03:58:51+02
NBF:Station:6352777,Zeppelinstraße / Benzstraße,3,2026-05-21 03:58:51+02
NBF:Station:289942,Durlach - Bahnhof ,3,2026-05-21 03:58:51+02
NBF:Station:462176,Grünwinkel - Carl-Metz-Straße,1,2026-05-21 03:58:51+02
NBF:Station:264394,Hauptbahnhof / Touristinformation,1,2026-05-21 03:58:51+02
NBF:Station:280260,Nordweststadt - Kurt-Schumacher-Straße,3,2026-05-21 03:58:51+02
NBF:Station:280251,Mühlburger Tor / Kaiserplatz ,1,2026-05-21 03:58:51+02
NBF:Station:300645,HaDiKo,14,2026-05-21 03:58:51+02
NBF:Station:52999116,Weinbrennerplatz,2,2026-05-21 03:58:51+02
NBF:Station:280253,Karl-Wilhelm-Platz,1,2026-05-21 03:58:51+02
NBF:Station:280250,Kolpingplatz,4,2026-05-21 03:58:51+02
NBF:Station:462174,Bulach - Grünwinkler Straße,9,2026-05-21 03:58:51+02
NBF:Station:53171791,Südendstraße./ Brauerstr.,1,2026-05-21 03:58:51+02
NBF:Station:280249,Prinz-Max-Palais,1,2026-05-21 03:58:51+02
NBF:Station:462165,Rüppurr – Tulpenstraße,3,2026-05-21 03:58:51+02
NBF:Station:367726,KIT Ost,3,2026-05-21 03:58:51+02
NBF:Station:55113155,Reinmuthstraße./ Sudetenstraße,1,2026-05-21 03:58:51+02
NBF:Station:78972260,Servicescope,3,2026-05-21 03:58:51+02
NBF:Station:289946,Durlach Schlossplatz,3,2026-05-21 03:58:51+02
NBF:Station:78970799,Durlach - Alte Karlsruher Straße,1,2026-05-21 03:58:51+02
NBF:Station:78971440,Gerwigstraße,1,2026-05-21 03:58:51+02
NBF:Station:280259,Werderplatz,1,2026-05-21 03:58:51+02
NBF:Station:52997350,Schloss Rüppurr,1,2026-05-21 03:58:51+02
NBF:Station:53001693,Knielinger Allee/Franz-Lust-Straße,1,2026-05-21 03:58:51+02
NBF:Station:462181,Daxlanden - Stadtwerke,4,2026-05-21 03:58:51+02
NBF:Station:52355370,Parkplatz Kühler Krug,1,2026-05-21 03:58:51+02
NBF:Station:54869634,Knielingen./Rheinbergstraße,4,2026-05-21 03:58:51+02
NBF:Station:289944,Rommelstr. / Auerstr.,3,2026-05-21 03:58:51+02
NBF:Station:462176,Grünwinkel - Carl-Metz-Straße,1,2026-05-21 03:20:48+02
NBF:Station:264394,Hauptbahnhof / Touristinformation,3,2026-05-21 03:20:48+02
NBF:Station:289942,Durlach - Bahnhof ,3,2026-05-21 03:20:48+02
NBF:Station:6352777,Zeppelinstraße / Benzstraße,3,2026-05-21 03:20:48+02
NBF:Station:280259,Werderplatz,1,2026-05-21 03:20:48+02
NBF:Station:280251,Mühlburger Tor / Kaiserplatz ,1,2026-05-21 03:20:48+02
NBF:Station:280260,Nordweststadt - Kurt-Schumacher-Straße,3,2026-05-21 03:20:48+02
NBF:Station:462159,Oberreut - Zentrum,7,2026-05-21 03:20:48+02
NBF:Station:52999116,Weinbrennerplatz,2,2026-05-21 03:20:48+02
NBF:Station:300645,HaDiKo,15,2026-05-21 03:20:48+02
NBF:Station:462174,Bulach - Grünwinkler Straße,9,2026-05-21 03:20:48+02
NBF:Station:53171791,Südendstraße./ Brauerstr.,1,2026-05-21 03:20:48+02
NBF:Station:280253,Karl-Wilhelm-Platz,2,2026-05-21 03:20:48+02
NBF:Station:280250,Kolpingplatz,4,2026-05-21 03:20:48+02
NBF:Station:280249,Prinz-Max-Palais,1,2026-05-21 03:20:48+02
NBF:Station:367726,KIT Ost,3,2026-05-21 03:20:48+02
NBF:Station:462165,Rüppurr – Tulpenstraße,3,2026-05-21 03:20:48+02
NBF:Station:289946,Durlach Schlossplatz,3,2026-05-21 03:20:48+02
NBF:Station:78972260,Servicescope,3,2026-05-21 03:20:48+02
NBF:Station:55113155,Reinmuthstraße./ Sudetenstraße,1,2026-05-21 03:20:48+02
NBF:Station:78970799,Durlach - Alte Karlsruher Straße,1,2026-05-21 03:20:48+02
NBF:Station:78971440,Gerwigstraße,1,2026-05-21 03:20:48+02
NBF:Station:52997350,Schloss Rüppurr,1,2026-05-21 03:20:48+02
NBF:Station:53001693,Knielinger Allee/Franz-Lust-Straße,1,2026-05-21 03:20:48+02
NBF:Station:462181,Daxlanden - Stadtwerke,4,2026-05-21 03:20:48+02
NBF:Station:52355370,Parkplatz Kühler Krug,1,2026-05-21 03:20:48+02
NBF:Station:54869634,Knielingen./Rheinbergstraße,4,2026-05-21 03:20:48+02
NBF:Station:289944,Rommelstr. / Auerstr.,3,2026-05-21 03:20:48+02
NBF:Station:280260,Nordweststadt - Kurt-Schumacher-Straße,3,2026-05-21 02:45:35+02
NBF:Station:280251,Mühlburger Tor / Kaiserplatz ,1,2026-05-21 02:45:35+02
NBF:Station:289942,Durlach - Bahnhof ,3,2026-05-21 02:45:35+02
NBF:Station:6352777,Zeppelinstraße / Benzstraße,3,2026-05-21 02:45:35+02
NBF:Station:264394,Hauptbahnhof / Touristinformation,1,2026-05-21 02:45:35+02
NBF:Station:462176,Grünwinkel - Carl-Metz-Straße,1,2026-05-21 02:45:35+02
NBF:Station:367726,KIT Ost,3,2026-05-21 02:45:35+02
NBF:Station:462165,Rüppurr – Tulpenstraße,3,2026-05-21 02:45:35+02
NBF:Station:280249,Prinz-Max-Palais,1,2026-05-21 02:45:35+02
NBF:Station:462174,Bulach - Grünwinkler Straße,9,2026-05-21 02:45:35+02
NBF:Station:53171791,Südendstraße./ Brauerstr.,1,2026-05-21 02:45:35+02
NBF:Station:280253,Karl-Wilhelm-Platz,2,2026-05-21 02:45:35+02
NBF:Station:280250,Kolpingplatz,4,2026-05-21 02:45:35+02
NBF:Station:462159,Oberreut - Zentrum,7,2026-05-21 02:45:35+02
NBF:Station:52999116,Weinbrennerplatz,2,2026-05-21 02:45:35+02
NBF:Station:300645,HaDiKo,15,2026-05-21 02:45:35+02
NBF:Station:53001693,Knielinger Allee/Franz-Lust-Straße,1,2026-05-21 02:45:35+02
NBF:Station:52997350,Schloss Rüppurr,1,2026-05-21 02:45:35+02
NBF:Station:78970799,Durlach - Alte Karlsruher Straße,1,2026-05-21 02:45:35+02
NBF:Station:78971440,Gerwigstraße,1,2026-05-21 02:45:35+02
NBF:Station:280259,Werderplatz,1,2026-05-21 02:45:35+02
NBF:Station:78972260,Servicescope,3,2026-05-21 02:45:35+02
NBF:Station:289946,Durlach Schlossplatz,3,2026-05-21 02:45:35+02
NBF:Station:55113155,Reinmuthstraße./ Sudetenstraße,1,2026-05-21 02:45:35+02
NBF:Station:289944,Rommelstr. / Auerstr.,3,2026-05-21 02:45:35+02
NBF:Station:52355370,Parkplatz Kühler Krug,1,2026-05-21 02:45:35+02
NBF:Station:54869634,Knielingen./Rheinbergstraße,4,2026-05-21 02:45:35+02
NBF:Station:462181,Daxlanden - Stadtwerke,4,2026-05-21 02:45:35+02
NBF:Station:280251,Mühlburger Tor / Kaiserplatz ,1,2026-05-21 02:13:09+02
NBF:Station:280260,Nordweststadt - Kurt-Schumacher-Straße,3,2026-05-21 02:13:09+02
NBF:Station:289942,Durlach - Bahnhof ,3,2026-05-21 02:13:09+02
NBF:Station:6352777,Zeppelinstraße / Benzstraße,3,2026-05-21 02:13:09+02
NBF:Station:264394,Hauptbahnhof / Touristinformation,1,2026-05-21 02:13:09+02
NBF:Station:462176,Grünwinkel - Carl-Metz-Straße,1,2026-05-21 02:13:09+02
NBF:Station:367726,KIT Ost,3,2026-05-21 02:13:09+02
NBF:Station:462165,Rüppurr – Tulpenstraße,3,2026-05-21 02:13:09+02
NBF:Station:280249,Prinz-Max-Palais,1,2026-05-21 02:13:09+02
NBF:Station:53171791,Südendstraße./ Brauerstr.,1,2026-05-21 02:13:09+02
NBF:Station:462174,Bulach - Grünwinkler Straße,9,2026-05-21 02:13:09+02
NBF:Station:280250,Kolpingplatz,4,2026-05-21 02:13:09+02
NBF:Station:280253,Karl-Wilhelm-Platz,2,2026-05-21 02:13:09+02
NBF:Station:52999116,Weinbrennerplatz,1,2026-05-21 02:13:09+02
NBF:Station:52997350,Schloss Rüppurr,1,2026-05-21 02:13:09+02
NBF:Station:462159,Oberreut - Zentrum,7,2026-05-21 02:13:09+02
NBF:Station:300645,HaDiKo,14,2026-05-21 02:13:09+02
NBF:Station:53001693,Knielinger Allee/Franz-Lust-Straße,1,2026-05-21 02:13:09+02
NBF:Station:280259,Werderplatz,1,2026-05-21 02:13:09+02
NBF:Station:78970799,Durlach - Alte Karlsruher Straße,1,2026-05-21 02:13:09+02
NBF:Station:78971440,Gerwigstraße,1,2026-05-21 02:13:09+02
NBF:Station:289946,Durlach Schlossplatz,3,2026-05-21 02:13:09+02
NBF:Station:78972260,Servicescope,3,2026-05-21 02:13:09+02
NBF:Station:55113155,Reinmuthstraße./ Sudetenstraße,1,2026-05-21 02:13:09+02
NBF:Station:289944,Rommelstr. / Auerstr.,3,2026-05-21 02:13:09+02
NBF:Station:54869634,Knielingen./Rheinbergstraße,4,2026-05-21 02:13:09+02
NBF:Station:52355370,Parkplatz Kühler Krug,1,2026-05-21 02:13:09+02
NBF:Station:462181,Daxlanden - Stadtwerke,4,2026-05-21 02:13:09+02
NBF:Station:52355370,Parkplatz Kühler Krug,1,2026-05-21 01:38:56+02
NBF:Station:54869634,Knielingen./Rheinbergstraße,4,2026-05-21 01:38:56+02
NBF:Station:289944,Rommelstr. / Auerstr.,3,2026-05-21 01:38:56+02
NBF:Station:462181,Daxlanden - Stadtwerke,4,2026-05-21 01:38:56+02
NBF:Station:52997350,Schloss Rüppurr,1,2026-05-21 01:38:56+02
NBF:Station:53001693,Knielinger Allee/Franz-Lust-Straße,0,2026-05-21 01:38:56+02
NBF:Station:55113155,Reinmuthstraße./ Sudetenstraße,1,2026-05-21 01:38:56+02
NBF:Station:289946,Durlach Schlossplatz,3,2026-05-21 01:38:56+02
NBF:Station:78972260,Servicescope,3,2026-05-21 01:38:56+02
NBF:Station:280259,Werderplatz,1,2026-05-21 01:38:56+02
NBF:Station:78970799,Durlach - Alte Karlsruher Straße,1,2026-05-21 01:38:56+02
NBF:Station:78971440,Gerwigstraße,1,2026-05-21 01:38:56+02
NBF:Station:280249,Prinz-Max-Palais,1,2026-05-21 01:38:56+02
NBF:Station:462165,Rüppurr – Tulpenstraße,3,2026-05-21 01:38:56+02
NBF:Station:367726,KIT Ost,3,2026-05-21 01:38:56+02
NBF:Station:300645,HaDiKo,15,2026-05-21 01:38:56+02
NBF:Station:52999116,Weinbrennerplatz,1,2026-05-21 01:38:56+02
NBF:Station:1390,Karlstraße / Waldstraße,2,2026-05-21 01:38:56+02
NBF:Station:462159,Oberreut - Zentrum,7,2026-05-21 01:38:56+02
NBF:Station:280250,Kolpingplatz,4,2026-05-21 01:38:56+02
NBF:Station:280253,Karl-Wilhelm-Platz,2,2026-05-21 01:38:56+02
NBF:Station:462174,Bulach - Grünwinkler Straße,9,2026-05-21 01:38:56+02
NBF:Station:53171791,Südendstraße./ Brauerstr.,1,2026-05-21 01:38:56+02
NBF:Station:280260,Nordweststadt - Kurt-Schumacher-Straße,3,2026-05-21 01:38:56+02
NBF:Station:462176,Grünwinkel - Carl-Metz-Straße,1,2026-05-21 01:38:56+02
NBF:Station:264394,Hauptbahnhof / Touristinformation,1,2026-05-21 01:38:56+02
NBF:Station:6352777,Zeppelinstraße / Benzstraße,3,2026-05-21 01:38:56+02
NBF:Station:289942,Durlach - Bahnhof ,3,2026-05-21 01:38:56+02
NBF:Station:462181,Daxlanden - Stadtwerke,4,2026-05-21 01:04:42+02
NBF:Station:280250,Kolpingplatz,4,2026-05-21 01:04:42+02
NBF:Station:52355370,Parkplatz Kühler Krug,1,2026-05-21 01:04:42+02
NBF:Station:54869634,Knielingen./Rheinbergstraße,4,2026-05-21 01:04:42+02
NBF:Station:289944,Rommelstr. / Auerstr.,3,2026-05-21 01:04:42+02
NBF:Station:52997350,Schloss Rüppurr,1,2026-05-21 01:04:42+02
NBF:Station:53001693,Knielinger Allee/Franz-Lust-Straße,5,2026-05-21 01:04:42+02
NBF:Station:78972260,Servicescope,3,2026-05-21 01:04:42+02
NBF:Station:289946,Durlach Schlossplatz,3,2026-05-21 01:04:42+02
NBF:Station:280259,Werderplatz,1,2026-05-21 01:04:42+02
NBF:Station:55113155,Reinmuthstraße./ Sudetenstraße,1,2026-05-21 01:04:42+02
NBF:Station:78970799,Durlach - Alte Karlsruher Straße,1,2026-05-21 01:04:42+02
NBF:Station:367726,KIT Ost,3,2026-05-21 01:04:42+02
NBF:Station:462165,Rüppurr – Tulpenstraße,3,2026-05-21 01:04:42+02
NBF:Station:462159,Oberreut - Zentrum,7,2026-05-21 01:04:42+02
NBF:Station:1390,Karlstraße / Waldstraße,2,2026-05-21 01:04:42+02
NBF:Station:52999116,Weinbrennerplatz,1,2026-05-21 01:04:42+02
NBF:Station:300645,HaDiKo,13,2026-05-21 01:04:42+02
NBF:Station:462174,Bulach - Grünwinkler Straße,9,2026-05-21 01:04:42+02
NBF:Station:53171791,Südendstraße./ Brauerstr.,1,2026-05-21 01:04:42+02
NBF:Station:280253,Karl-Wilhelm-Platz,2,2026-05-21 01:04:42+02
NBF:Station:280260,Nordweststadt - Kurt-Schumacher-Straße,3,2026-05-21 01:04:42+02
NBF:Station:462176,Grünwinkel - Carl-Metz-Straße,1,2026-05-21 01:04:42+02
NBF:Station:264394,Hauptbahnhof / Touristinformation,1,2026-05-21 01:04:42+02
NBF:Station:289942,Durlach - Bahnhof ,3,2026-05-21 01:04:42+02
NBF:Station:6352777,Zeppelinstraße / Benzstraße,4,2026-05-21 01:04:42+02
NBF:Station:280250,Kolpingplatz,4,2026-05-21 00:30:11+02
NBF:Station:280253,Karl-Wilhelm-Platz,2,2026-05-21 00:30:11+02
NBF:Station:280255,Kreativpark/Alter Schlachthof,1,2026-05-21 00:30:11+02
NBF:Station:462174,Bulach - Grünwinkler Straße,9,2026-05-21 00:30:11+02
NBF:Station:53171791,Südendstraße./ Brauerstr.,1,2026-05-21 00:30:11+02
NBF:Station:300645,HaDiKo,8,2026-05-21 00:30:11+02
NBF:Station:52999116,Weinbrennerplatz,1,2026-05-21 00:30:11+02
NBF:Station:462159,Oberreut - Zentrum,7,2026-05-21 00:30:11+02
NBF:Station:1390,Karlstraße / Waldstraße,1,2026-05-21 00:30:11+02
NBF:Station:462165,Rüppurr – Tulpenstraße,3,2026-05-21 00:30:11+02
NBF:Station:367726,KIT Ost,2,2026-05-21 00:30:11+02
NBF:Station:6352777,Zeppelinstraße / Benzstraße,4,2026-05-21 00:30:11+02
NBF:Station:289942,Durlach - Bahnhof ,3,2026-05-21 00:30:11+02
NBF:Station:264394,Hauptbahnhof / Touristinformation,1,2026-05-21 00:30:11+02
NBF:Station:462176,Grünwinkel - Carl-Metz-Straße,1,2026-05-21 00:30:11+02
NBF:Station:280260,Nordweststadt - Kurt-Schumacher-Straße,3,2026-05-21 00:30:11+02
NBF:Station:462181,Daxlanden - Stadtwerke,4,2026-05-21 00:30:11+02
NBF:Station:289944,Rommelstr. / Auerstr.,3,2026-05-21 00:30:11+02
NBF:Station:52355370,Parkplatz Kühler Krug,1,2026-05-21 00:30:11+02
NBF:Station:54869634,Knielingen./Rheinbergstraße,4,2026-05-21 00:30:11+02
NBF:Station:78970799,Durlach - Alte Karlsruher Straße,1,2026-05-21 00:30:11+02
NBF:Station:280259,Werderplatz,1,2026-05-21 00:30:11+02
NBF:Station:55113155,Reinmuthstraße./ Sudetenstraße,1,2026-05-21 00:30:11+02
NBF:Station:78972260,Servicescope,3,2026-05-21 00:30:11+02
NBF:Station:289946,Durlach Schlossplatz,2,2026-05-21 00:30:11+02
NBF:Station:53001693,Knielinger Allee/Franz-Lust-Straße,6,2026-05-21 00:30:11+02
NBF:Station:52997350,Schloss Rüppurr,1,2026-05-21 00:30:11+02
NBF:Station:280259,Werderplatz,1,2026-05-20 23:51:17+02
NBF:Station:78970799,Durlach - Alte Karlsruher Straße,1,2026-05-20 23:51:17+02
NBF:Station:78971440,Gerwigstraße,1,2026-05-20 23:51:17+02
NBF:Station:55113155,Reinmuthstraße./ Sudetenstraße,1,2026-05-20 23:51:17+02
NBF:Station:289946,Durlach Schlossplatz,2,2026-05-20 23:51:17+02
NBF:Station:78972260,Servicescope,3,2026-05-20 23:51:17+02
NBF:Station:53001693,Knielinger Allee/Franz-Lust-Straße,6,2026-05-20 23:51:17+02
NBF:Station:462181,Daxlanden - Stadtwerke,4,2026-05-20 23:51:17+02
NBF:Station:289944,Rommelstr. / Auerstr.,3,2026-05-20 23:51:17+02
NBF:Station:52355370,Parkplatz Kühler Krug,0,2026-05-20 23:51:17+02
NBF:Station:54869634,Knielingen./Rheinbergstraße,4,2026-05-20 23:51:17+02
NBF:Station:6352777,Zeppelinstraße / Benzstraße,5,2026-05-20 23:51:17+02
NBF:Station:289942,Durlach - Bahnhof ,3,2026-05-20 23:51:17+02
NBF:Station:462176,Grünwinkel - Carl-Metz-Straße,1,2026-05-20 23:51:17+02
NBF:Station:264394,Hauptbahnhof / Touristinformation,1,2026-05-20 23:51:17+02
NBF:Station:280260,Nordweststadt - Kurt-Schumacher-Straße,3,2026-05-20 23:51:17+02
NBF:Station:280253,Karl-Wilhelm-Platz,0,2026-05-20 23:51:17+02
NBF:Station:280250,Kolpingplatz,4,2026-05-20 23:51:17+02
NBF:Station:462174,Bulach - Grünwinkler Straße,9,2026-05-20 23:51:17+02
NBF:Station:53171791,Südendstraße./ Brauerstr.,1,2026-05-20 23:51:17+02
NBF:Station:280255,Kreativpark/Alter Schlachthof,1,2026-05-20 23:51:17+02
NBF:Station:300645,HaDiKo,6,2026-05-20 23:51:17+02
NBF:Station:1390,Karlstraße / Waldstraße,0,2026-05-20 23:51:17+02
NBF:Station:462159,Oberreut - Zentrum,7,2026-05-20 23:51:17+02
NBF:Station:462165,Rüppurr – Tulpenstraße,3,2026-05-20 23:51:17+02
NBF:Station:367726,KIT Ost,1,2026-05-20 23:51:17+02
NBF:Station:462165,Rüppurr – Tulpenstraße,2,2026-05-20 23:17:07+02
NBF:Station:367726,KIT Ost,1,2026-05-20 23:17:07+02
NBF:Station:280250,Kolpingplatz,4,2026-05-20 23:17:07+02
NBF:Station:280253,Karl-Wilhelm-Platz,2,2026-05-20 23:17:07+02
NBF:Station:280255,Kreativpark/Alter Schlachthof,1,2026-05-20 23:17:07+02
NBF:Station:53171791,Südendstraße./ Brauerstr.,1,2026-05-20 23:17:07+02
NBF:Station:462174,Bulach - Grünwinkler Straße,9,2026-05-20 23:17:07+02
NBF:Station:300645,HaDiKo,1,2026-05-20 23:17:07+02
NBF:Station:462159,Oberreut - Zentrum,7,2026-05-20 23:17:07+02
NBF:Station:1390,Karlstraße / Waldstraße,0,2026-05-20 23:17:07+02
NBF:Station:280260,Nordweststadt - Kurt-Schumacher-Straße,2,2026-05-20 23:17:07+02
NBF:Station:6352777,Zeppelinstraße / Benzstraße,5,2026-05-20 23:17:07+02
NBF:Station:289942,Durlach - Bahnhof ,3,2026-05-20 23:17:07+02
NBF:Station:462176,Grünwinkel - Carl-Metz-Straße,1,2026-05-20 23:17:07+02
NBF:Station:264394,Hauptbahnhof / Touristinformation,3,2026-05-20 23:17:07+02
NBF:Station:289944,Rommelstr. / Auerstr.,3,2026-05-20 23:17:07+02
NBF:Station:54869634,Knielingen./Rheinbergstraße,3,2026-05-20 23:17:07+02
NBF:Station:52355370,Parkplatz Kühler Krug,2,2026-05-20 23:17:07+02
NBF:Station:462181,Daxlanden - Stadtwerke,4,2026-05-20 23:17:07+02
NBF:Station:53001693,Knielinger Allee/Franz-Lust-Straße,4,2026-05-20 23:17:07+02
NBF:Station:78970799,Durlach - Alte Karlsruher Straße,1,2026-05-20 23:17:07+02
NBF:Station:78971440,Gerwigstraße,1,2026-05-20 23:17:07+02
NBF:Station:280259,Werderplatz,1,2026-05-20 23:17:07+02
NBF:Station:78972260,Servicescope,3,2026-05-20 23:17:07+02
NBF:Station:289946,Durlach Schlossplatz,2,2026-05-20 23:17:07+02
NBF:Station:289946,Durlach Schlossplatz,2,2026-05-20 22:42:55+02
NBF:Station:78972260,Servicescope,3,2026-05-20 22:42:55+02
NBF:Station:280259,Werderplatz,1,2026-05-20 22:42:55+02
NBF:Station:78970799,Durlach - Alte Karlsruher Straße,1,2026-05-20 22:42:55+02
NBF:Station:78971440,Gerwigstraße,1,2026-05-20 22:42:55+02
NBF:Station:53001693,Knielinger Allee/Franz-Lust-Straße,1,2026-05-20 22:42:55+02
NBF:Station:37983402,Tennesseeallee - CAMPUSbike KIT,0,2026-05-20 22:42:55+02
NBF:Station:462181,Daxlanden - Stadtwerke,4,2026-05-20 22:42:55+02
NBF:Station:52355370,Parkplatz Kühler Krug,4,2026-05-20 22:42:55+02
NBF:Station:54869634,Knielingen./Rheinbergstraße,3,2026-05-20 22:42:55+02
NBF:Station:289944,Rommelstr. / Auerstr.,3,2026-05-20 22:42:55+02
NBF:Station:264394,Hauptbahnhof / Touristinformation,2,2026-05-20 22:42:55+02
NBF:Station:462176,Grünwinkel - Carl-Metz-Straße,1,2026-05-20 22:42:55+02
NBF:Station:289942,Durlach - Bahnhof ,3,2026-05-20 22:42:55+02
NBF:Station:6352777,Zeppelinstraße / Benzstraße,5,2026-05-20 22:42:55+02
NBF:Station:280260,Nordweststadt - Kurt-Schumacher-Straße,2,2026-05-20 22:42:55+02
NBF:Station:1390,Karlstraße / Waldstraße,0,2026-05-20 22:42:55+02
NBF:Station:462159,Oberreut - Zentrum,7,2026-05-20 22:42:55+02
NBF:Station:462174,Bulach - Grünwinkler Straße,9,2026-05-20 22:42:55+02
NBF:Station:53171791,Südendstraße./ Brauerstr.,1,2026-05-20 22:42:55+02
NBF:Station:280255,Kreativpark/Alter Schlachthof,3,2026-05-20 22:42:55+02
NBF:Station:280253,Karl-Wilhelm-Platz,2,2026-05-20 22:42:55+02
NBF:Station:280250,Kolpingplatz,2,2026-05-20 22:42:55+02
NBF:Station:367726,KIT Ost,0,2026-05-20 22:42:55+02
NBF:Station:462165,Rüppurr – Tulpenstraße,2,2026-05-20 22:42:55+02
NBF:Station:78972260,Servicescope,3,2026-05-20 22:08:14+02
NBF:Station:52355370,Parkplatz Kühler Krug,4,2026-05-20 22:08:14+02
NBF:Station:54869634,Knielingen./Rheinbergstraße,3,2026-05-20 22:08:14+02
NBF:Station:289944,Rommelstr. / Auerstr.,3,2026-05-20 22:08:14+02
NBF:Station:78971440,Gerwigstraße,0,2026-05-20 22:08:14+02
NBF:Station:462181,Daxlanden - Stadtwerke,4,2026-05-20 22:08:14+02
NBF:Station:37983402,Tennesseeallee - CAMPUSbike KIT,0,2026-05-20 22:08:14+02
NBF:Station:280263,Fächerbad,2,2026-05-20 22:08:14+02
NBF:Station:53001693,Knielinger Allee/Franz-Lust-Straße,0,2026-05-20 22:08:14+02
NBF:Station:289946,Durlach Schlossplatz,2,2026-05-20 22:08:14+02
NBF:Station:280259,Werderplatz,1,2026-05-20 22:08:14+02
NBF:Station:78970799,Durlach - Alte Karlsruher Straße,1,2026-05-20 22:08:14+02
NBF:Station:280250,Kolpingplatz,3,2026-05-20 22:08:14+02
NBF:Station:462165,Rüppurr – Tulpenstraße,2,2026-05-20 22:08:14+02
NBF:Station:1390,Karlstraße / Waldstraße,1,2026-05-20 22:08:14+02
NBF:Station:462159,Oberreut - Zentrum,7,2026-05-20 22:08:14+02
NBF:Station:300645,HaDiKo,6,2026-05-20 22:08:14+02
NBF:Station:462174,Bulach - Grünwinkler Straße,9,2026-05-20 22:08:14+02
NBF:Station:53171791,Südendstraße./ Brauerstr.,1,2026-05-20 22:08:14+02
NBF:Station:280255,Kreativpark/Alter Schlachthof,3,2026-05-20 22:08:14+02
NBF:Station:280260,Nordweststadt - Kurt-Schumacher-Straße,2,2026-05-20 22:08:14+02
NBF:Station:264394,Hauptbahnhof / Touristinformation,5,2026-05-20 22:08:14+02
NBF:Station:462176,Grünwinkel - Carl-Metz-Straße,1,2026-05-20 22:08:14+02
NBF:Station:289942,Durlach - Bahnhof ,3,2026-05-20 22:08:14+02
NBF:Station:6352777,Zeppelinstraße / Benzstraße,6,2026-05-20 22:08:14+02
NBF:Station:462165,Rüppurr – Tulpenstraße,2,2026-05-20 21:28:36+02
NBF:Station:300645,HaDiKo,1,2026-05-20 21:28:36+02
NBF:Station:280250,Kolpingplatz,3,2026-05-20 21:28:36+02
NBF:Station:1390,Karlstraße / Waldstraße,1,2026-05-20 21:28:36+02
NBF:Station:462159,Oberreut - Zentrum,7,2026-05-20 21:28:36+02
NBF:Station:462174,Bulach - Grünwinkler Straße,8,2026-05-20 21:28:36+02
NBF:Station:53171791,Südendstraße./ Brauerstr.,1,2026-05-20 21:28:36+02
NBF:Station:280255,Kreativpark/Alter Schlachthof,1,2026-05-20 21:28:36+02
NBF:Station:280260,Nordweststadt - Kurt-Schumacher-Straße,1,2026-05-20 21:28:36+02
NBF:Station:264394,Hauptbahnhof / Touristinformation,4,2026-05-20 21:28:36+02
NBF:Station:462176,Grünwinkel - Carl-Metz-Straße,1,2026-05-20 21:28:36+02
NBF:Station:6352777,Zeppelinstraße / Benzstraße,6,2026-05-20 21:28:36+02
NBF:Station:289942,Durlach - Bahnhof ,3,2026-05-20 21:28:36+02
NBF:Station:52355370,Parkplatz Kühler Krug,4,2026-05-20 21:28:36+02
NBF:Station:54869634,Knielingen./Rheinbergstraße,3,2026-05-20 21:28:36+02
NBF:Station:289944,Rommelstr. / Auerstr.,3,2026-05-20 21:28:36+02
NBF:Station:462181,Daxlanden - Stadtwerke,4,2026-05-20 21:28:36+02
NBF:Station:289946,Durlach Schlossplatz,2,2026-05-20 21:28:36+02
NBF:Station:280263,Fächerbad,6,2026-05-20 21:28:36+02
NBF:Station:53001693,Knielinger Allee/Franz-Lust-Straße,1,2026-05-20 21:28:36+02
NBF:Station:78972260,Servicescope,3,2026-05-20 21:28:36+02
NBF:Station:78970799,Durlach - Alte Karlsruher Straße,1,2026-05-20 21:28:36+02
NBF:Station:78971440,Gerwigstraße,2,2026-05-20 21:28:36+02
NBF:Station:280255,Kreativpark/Alter Schlachthof,1,2026-05-20 20:53:05+02
NBF:Station:300645,HaDiKo,2,2026-05-20 20:53:05+02
NBF:Station:1390,Karlstraße / Waldstraße,3,2026-05-20 20:53:05+02
NBF:Station:462159,Oberreut - Zentrum,7,2026-05-20 20:53:05+02
NBF:Station:280250,Kolpingplatz,1,2026-05-20 20:53:05+02
NBF:Station:280253,Karl-Wilhelm-Platz,1,2026-05-20 20:53:05+02
NBF:Station:53171791,Südendstraße./ Brauerstr.,1,2026-05-20 20:53:05+02
NBF:Station:462174,Bulach - Grünwinkler Straße,8,2026-05-20 20:53:05+02
NBF:Station:462165,Rüppurr – Tulpenstraße,2,2026-05-20 20:53:05+02
NBF:Station:367726,KIT Ost,1,2026-05-20 20:53:05+02
NBF:Station:264394,Hauptbahnhof / Touristinformation,14,2026-05-20 20:53:05+02
NBF:Station:462176,Grünwinkel - Carl-Metz-Straße,1,2026-05-20 20:53:05+02
NBF:Station:6352777,Zeppelinstraße / Benzstraße,6,2026-05-20 20:53:05+02
NBF:Station:289942,Durlach - Bahnhof ,3,2026-05-20 20:53:05+02
NBF:Station:280260,Nordweststadt - Kurt-Schumacher-Straße,1,2026-05-20 20:53:05+02
NBF:Station:462181,Daxlanden - Stadtwerke,4,2026-05-20 20:53:05+02
NBF:Station:54869634,Knielingen./Rheinbergstraße,3,2026-05-20 20:53:05+02
NBF:Station:52355370,Parkplatz Kühler Krug,4,2026-05-20 20:53:05+02
NBF:Station:289944,Rommelstr. / Auerstr.,3,2026-05-20 20:53:05+02
NBF:Station:289946,Durlach Schlossplatz,2,2026-05-20 20:53:05+02
NBF:Station:78972260,Servicescope,3,2026-05-20 20:53:05+02
NBF:Station:78970799,Durlach - Alte Karlsruher Straße,1,2026-05-20 20:53:05+02
NBF:Station:78971440,Gerwigstraße,1,2026-05-20 20:53:05+02
NBF:Station:280263,Fächerbad,6,2026-05-20 20:53:05+02
NBF:Station:53001693,Knielinger Allee/Franz-Lust-Straße,2,2026-05-20 20:53:05+02
NBF:Station:52997350,Schloss Rüppurr,1,2026-05-20 20:18:47+02
NBF:Station:280263,Fächerbad,6,2026-05-20 20:18:47+02
NBF:Station:78972260,Servicescope,3,2026-05-20 20:18:47+02
NBF:Station:289946,Durlach Schlossplatz,2,2026-05-20 20:18:47+02
NBF:Station:78970799,Durlach - Alte Karlsruher Straße,2,2026-05-20 20:18:47+02
NBF:Station:78971440,Gerwigstraße,0,2026-05-20 20:18:47+02
NBF:Station:52355370,Parkplatz Kühler Krug,6,2026-05-20 20:18:47+02
NBF:Station:54869634,Knielingen./Rheinbergstraße,3,2026-05-20 20:18:47+02
NBF:Station:289944,Rommelstr. / Auerstr.,3,2026-05-20 20:18:47+02
NBF:Station:462181,Daxlanden - Stadtwerke,4,2026-05-20 20:18:47+02
NBF:Station:280260,Nordweststadt - Kurt-Schumacher-Straße,1,2026-05-20 20:18:47+02
NBF:Station:462176,Grünwinkel - Carl-Metz-Straße,1,2026-05-20 20:18:47+02
NBF:Station:264394,Hauptbahnhof / Touristinformation,13,2026-05-20 20:18:47+02
NBF:Station:6352777,Zeppelinstraße / Benzstraße,5,2026-05-20 20:18:47+02
NBF:Station:289942,Durlach - Bahnhof ,3,2026-05-20 20:18:47+02
NBF:Station:280249,Prinz-Max-Palais,0,2026-05-20 20:18:47+02
NBF:Station:462165,Rüppurr – Tulpenstraße,1,2026-05-20 20:18:47+02
NBF:Station:300645,HaDiKo,3,2026-05-20 20:18:47+02
NBF:Station:462159,Oberreut - Zentrum,7,2026-05-20 20:18:47+02
NBF:Station:1390,Karlstraße / Waldstraße,0,2026-05-20 20:18:47+02
NBF:Station:280250,Kolpingplatz,1,2026-05-20 20:18:47+02
NBF:Station:462174,Bulach - Grünwinkler Straße,9,2026-05-20 20:18:47+02
NBF:Station:53171791,Südendstraße./ Brauerstr.,1,2026-05-20 20:18:47+02
NBF:Station:289946,Durlach Schlossplatz,2,2026-05-20 19:44:18+02
NBF:Station:78972260,Servicescope,3,2026-05-20 19:44:18+02
NBF:Station:78970799,Durlach - Alte Karlsruher Straße,2,2026-05-20 19:44:18+02
NBF:Station:78971440,Gerwigstraße,2,2026-05-20 19:44:18+02
NBF:Station:52997350,Schloss Rüppurr,1,2026-05-20 19:44:18+02
NBF:Station:280263,Fächerbad,2,2026-05-20 19:44:18+02
NBF:Station:53001693,Knielinger Allee/Franz-Lust-Straße,4,2026-05-20 19:44:18+02
NBF:Station:37983402,Tennesseeallee - CAMPUSbike KIT,1,2026-05-20 19:44:18+02
NBF:Station:462181,Daxlanden - Stadtwerke,4,2026-05-20 19:44:18+02
NBF:Station:54869634,Knielingen./Rheinbergstraße,3,2026-05-20 19:44:18+02
NBF:Station:52355370,Parkplatz Kühler Krug,6,2026-05-20 19:44:18+02
NBF:Station:289944,Rommelstr. / Auerstr.,3,2026-05-20 19:44:18+02
NBF:Station:264394,Hauptbahnhof / Touristinformation,21,2026-05-20 19:44:18+02
NBF:Station:462176,Grünwinkel - Carl-Metz-Straße,1,2026-05-20 19:44:18+02
NBF:Station:6352777,Zeppelinstraße / Benzstraße,5,2026-05-20 19:44:18+02
NBF:Station:289942,Durlach - Bahnhof ,2,2026-05-20 19:44:18+02
NBF:Station:281794,Agentur für Arbeit,1,2026-05-20 19:44:18+02
NBF:Station:280260,Nordweststadt - Kurt-Schumacher-Straße,1,2026-05-20 19:44:18+02
NBF:Station:1390,Karlstraße / Waldstraße,1,2026-05-20 19:44:18+02
NBF:Station:462159,Oberreut - Zentrum,7,2026-05-20 19:44:18+02
NBF:Station:280253,Karl-Wilhelm-Platz,0,2026-05-20 19:44:18+02
NBF:Station:280250,Kolpingplatz,1,2026-05-20 19:44:18+02
NBF:Station:53171791,Südendstraße./ Brauerstr.,1,2026-05-20 19:44:18+02
NBF:Station:462174,Bulach - Grünwinkler Straße,9,2026-05-20 19:44:18+02
NBF:Station:462165,Rüppurr – Tulpenstraße,1,2026-05-20 19:44:18+02
NBF:Station:37983357,Adenauerring,0,2026-05-20 19:44:18+02
NBF:Station:367726,KIT Ost,0,2026-05-20 19:44:18+02
NBF:Station:52997350,Schloss Rüppurr,1,2026-05-20 19:10:38+02
NBF:Station:37983402,Tennesseeallee - CAMPUSbike KIT,1,2026-05-20 19:10:38+02
NBF:Station:53001693,Knielinger Allee/Franz-Lust-Straße,3,2026-05-20 19:10:38+02
NBF:Station:280263,Fächerbad,2,2026-05-20 19:10:38+02
NBF:Station:78970799,Durlach - Alte Karlsruher Straße,2,2026-05-20 19:10:38+02
NBF:Station:78971440,Gerwigstraße,3,2026-05-20 19:10:38+02
NBF:Station:78972260,Servicescope,3,2026-05-20 19:10:38+02
NBF:Station:289946,Durlach Schlossplatz,2,2026-05-20 19:10:38+02
NBF:Station:392504,L-Bank,1,2026-05-20 19:10:38+02
NBF:Station:289944,Rommelstr. / Auerstr.,3,2026-05-20 19:10:38+02
NBF:Station:52355370,Parkplatz Kühler Krug,5,2026-05-20 19:10:38+02
NBF:Station:54869634,Knielingen./Rheinbergstraße,3,2026-05-20 19:10:38+02
NBF:Station:462181,Daxlanden - Stadtwerke,4,2026-05-20 19:10:38+02
NBF:Station:280260,Nordweststadt - Kurt-Schumacher-Straße,2,2026-05-20 19:10:38+02
NBF:Station:458,Erbprinzenstr.,1,2026-05-20 19:10:38+02
NBF:Station:289942,Durlach - Bahnhof ,2,2026-05-20 19:10:38+02
NBF:Station:6352777,Zeppelinstraße / Benzstraße,5,2026-05-20 19:10:38+02
NBF:Station:462176,Grünwinkel - Carl-Metz-Straße,1,2026-05-20 19:10:38+02
NBF:Station:264394,Hauptbahnhof / Touristinformation,26,2026-05-20 19:10:38+02
NBF:Station:367726,KIT Ost,1,2026-05-20 19:10:38+02
NBF:Station:37983357,Adenauerring,0,2026-05-20 19:10:38+02
NBF:Station:462174,Bulach - Grünwinkler Straße,8,2026-05-20 19:10:38+02
NBF:Station:53171791,Südendstraße./ Brauerstr.,1,2026-05-20 19:10:38+02
NBF:Station:280250,Kolpingplatz,1,2026-05-20 19:10:38+02
NBF:Station:280253,Karl-Wilhelm-Platz,1,2026-05-20 19:10:38+02
NBF:Station:462159,Oberreut - Zentrum,7,2026-05-20 19:10:38+02
NBF:Station:1390,Karlstraße / Waldstraße,0,2026-05-20 19:10:38+02
NBF:Station:300645,HaDiKo,0,2026-05-20 19:10:38+02
NBF:Station:280258,Karlstor,2,2026-05-20 18:39:20+02
NBF:Station:37983357,Adenauerring,0,2026-05-20 18:39:20+02
NBF:Station:462165,Rüppurr – Tulpenstraße,1,2026-05-20 18:39:20+02
NBF:Station:1390,Karlstraße / Waldstraße,0,2026-05-20 18:39:20+02
NBF:Station:462159,Oberreut - Zentrum,7,2026-05-20 18:39:20+02
NBF:Station:300645,HaDiKo,7,2026-05-20 18:39:20+02
NBF:Station:462174,Bulach - Grünwinkler Straße,8,2026-05-20 18:39:20+02
NBF:Station:53171791,Südendstraße./ Brauerstr.,1,2026-05-20 18:39:20+02
NBF:Station:280253,Karl-Wilhelm-Platz,1,2026-05-20 18:39:20+02
NBF:Station:280250,Kolpingplatz,1,2026-05-20 18:39:20+02
NBF:Station:50819425,Knielinger Allee - CAMPUSbike HSKA,0,2026-05-20 18:39:20+02
NBF:Station:458,Erbprinzenstr.,2,2026-05-20 18:39:20+02
NBF:Station:280260,Nordweststadt - Kurt-Schumacher-Straße,2,2026-05-20 18:39:20+02
NBF:Station:264394,Hauptbahnhof / Touristinformation,24,2026-05-20 18:39:20+02
NBF:Station:462176,Grünwinkel - Carl-Metz-Straße,1,2026-05-20 18:39:20+02
NBF:Station:289942,Durlach - Bahnhof ,4,2026-05-20 18:39:20+02
NBF:Station:6352777,Zeppelinstraße / Benzstraße,6,2026-05-20 18:39:20+02
NBF:Station:54869634,Knielingen./Rheinbergstraße,3,2026-05-20 18:39:20+02
NBF:Station:289944,Rommelstr. / Auerstr.,3,2026-05-20 18:39:20+02
NBF:Station:462181,Daxlanden - Stadtwerke,4,2026-05-20 18:39:20+02
NBF:Station:280263,Fächerbad,3,2026-05-20 18:39:20+02
NBF:Station:52997350,Schloss Rüppurr,1,2026-05-20 18:39:20+02
NBF:Station:53001693,Knielinger Allee/Franz-Lust-Straße,2,2026-05-20 18:39:20+02
NBF:Station:37983402,Tennesseeallee - CAMPUSbike KIT,1,2026-05-20 18:39:20+02
NBF:Station:289946,Durlach Schlossplatz,2,2026-05-20 18:39:20+02
NBF:Station:78972260,Servicescope,3,2026-05-20 18:39:20+02
NBF:Station:55113155,Reinmuthstraße./ Sudetenstraße,1,2026-05-20 18:39:20+02
NBF:Station:392504,L-Bank,1,2026-05-20 18:39:20+02
NBF:Station:78970799,Durlach - Alte Karlsruher Straße,2,2026-05-20 18:39:20+02
NBF:Station:78971440,Gerwigstraße,2,2026-05-20 18:39:20+02
NBF:Station:458,Erbprinzenstr.,1,2026-05-20 18:04:09+02
NBF:Station:280260,Nordweststadt - Kurt-Schumacher-Straße,2,2026-05-20 18:04:09+02
NBF:Station:280251,Mühlburger Tor / Kaiserplatz ,1,2026-05-20 18:04:09+02
NBF:Station:367726,KIT Ost,2,2026-05-20 18:04:09+02
NBF:Station:289942,Durlach - Bahnhof ,5,2026-05-20 18:04:09+02
NBF:Station:6352777,Zeppelinstraße / Benzstraße,8,2026-05-20 18:04:09+02
NBF:Station:462176,Grünwinkel - Carl-Metz-Straße,1,2026-05-20 18:04:09+02
NBF:Station:264394,Hauptbahnhof / Touristinformation,28,2026-05-20 18:04:09+02
NBF:Station:280258,Karlstor,1,2026-05-20 18:04:09+02
NBF:Station:37983357,Adenauerring,2,2026-05-20 18:04:09+02
NBF:Station:462165,Rüppurr – Tulpenstraße,1,2026-05-20 18:04:09+02
NBF:Station:280255,Kreativpark/Alter Schlachthof,1,2026-05-20 18:04:09+02
NBF:Station:462174,Bulach - Grünwinkler Straße,10,2026-05-20 18:04:09+02
NBF:Station:53171791,Südendstraße./ Brauerstr.,1,2026-05-20 18:04:09+02
NBF:Station:280253,Karl-Wilhelm-Platz,0,2026-05-20 18:04:09+02
NBF:Station:280322,KIT Süd,0,2026-05-20 18:04:09+02
NBF:Station:50819425,Knielinger Allee - CAMPUSbike HSKA,0,2026-05-20 18:04:09+02
NBF:Station:280250,Kolpingplatz,2,2026-05-20 18:04:09+02
NBF:Station:462159,Oberreut - Zentrum,7,2026-05-20 18:04:09+02
NBF:Station:1390,Karlstraße / Waldstraße,1,2026-05-20 18:04:09+02
NBF:Station:300645,HaDiKo,9,2026-05-20 18:04:09+02
NBF:Station:280263,Fächerbad,4,2026-05-20 18:04:09+02
NBF:Station:37983402,Tennesseeallee - CAMPUSbike KIT,3,2026-05-20 18:04:09+02
NBF:Station:297942,Neuer Zirkel / Englerstr.,1,2026-05-20 18:04:09+02
NBF:Station:52997350,Schloss Rüppurr,1,2026-05-20 18:04:09+02
NBF:Station:78970799,Durlach - Alte Karlsruher Straße,1,2026-05-20 18:04:09+02
NBF:Station:78971440,Gerwigstraße,3,2026-05-20 18:04:09+02
NBF:Station:78972260,Servicescope,3,2026-05-20 18:04:09+02
NBF:Station:289946,Durlach Schlossplatz,3,2026-05-20 18:04:09+02
NBF:Station:55113155,Reinmuthstraße./ Sudetenstraße,1,2026-05-20 18:04:09+02
NBF:Station:392504,L-Bank,1,2026-05-20 18:04:09+02
NBF:Station:289944,Rommelstr. / Auerstr.,3,2026-05-20 18:04:09+02
NBF:Station:54869634,Knielingen./Rheinbergstraße,3,2026-05-20 18:04:09+02
NBF:Station:462181,Daxlanden - Stadtwerke,4,2026-05-20 18:04:09+02
NBF:Station:289942,Durlach - Bahnhof ,6,2026-05-20 17:27:41+02
NBF:Station:6352777,Zeppelinstraße / Benzstraße,5,2026-05-20 17:27:41+02
NBF:Station:264394,Hauptbahnhof / Touristinformation,22,2026-05-20 17:27:41+02
NBF:Station:462176,Grünwinkel - Carl-Metz-Straße,1,2026-05-20 17:27:41+02
NBF:Station:280260,Nordweststadt - Kurt-Schumacher-Straße,1,2026-05-20 17:27:41+02
NBF:Station:280251,Mühlburger Tor / Kaiserplatz ,0,2026-05-20 17:27:41+02
NBF:Station:280250,Kolpingplatz,2,2026-05-20 17:27:41+02
NBF:Station:458,Erbprinzenstr.,0,2026-05-20 17:27:41+02
NBF:Station:280255,Kreativpark/Alter Schlachthof,1,2026-05-20 17:27:41+02
NBF:Station:462174,Bulach - Grünwinkler Straße,8,2026-05-20 17:27:41+02
NBF:Station:53171791,Südendstraße./ Brauerstr.,1,2026-05-20 17:27:41+02
NBF:Station:50819425,Knielinger Allee - CAMPUSbike HSKA,0,2026-05-20 17:27:41+02
NBF:Station:280253,Karl-Wilhelm-Platz,2,2026-05-20 17:27:41+02
NBF:Station:462159,Oberreut - Zentrum,8,2026-05-20 17:27:41+02
NBF:Station:1390,Karlstraße / Waldstraße,0,2026-05-20 17:27:41+02
NBF:Station:280258,Karlstor,1,2026-05-20 17:27:41+02
NBF:Station:300645,HaDiKo,5,2026-05-20 17:27:41+02
NBF:Station:367726,KIT Ost,3,2026-05-20 17:27:41+02
NBF:Station:280249,Prinz-Max-Palais,0,2026-05-20 17:27:41+02
NBF:Station:78970799,Durlach - Alte Karlsruher Straße,1,2026-05-20 17:27:41+02
NBF:Station:78971440,Gerwigstraße,4,2026-05-20 17:27:41+02
NBF:Station:280259,Werderplatz,1,2026-05-20 17:27:41+02
NBF:Station:78972260,Servicescope,3,2026-05-20 17:27:41+02
NBF:Station:289946,Durlach Schlossplatz,3,2026-05-20 17:27:41+02
NBF:Station:392504,L-Bank,0,2026-05-20 17:27:41+02
NBF:Station:280263,Fächerbad,5,2026-05-20 17:27:41+02
NBF:Station:297942,Neuer Zirkel / Englerstr.,2,2026-05-20 17:27:41+02
NBF:Station:52997350,Schloss Rüppurr,1,2026-05-20 17:27:41+02
NBF:Station:462181,Daxlanden - Stadtwerke,4,2026-05-20 17:27:41+02
NBF:Station:289944,Rommelstr. / Auerstr.,3,2026-05-20 17:27:41+02
NBF:Station:54869634,Knielingen./Rheinbergstraße,3,2026-05-20 17:27:41+02
NBF:Station:297942,Neuer Zirkel / Englerstr.,5,2026-05-20 16:58:20+02
NBF:Station:52997350,Schloss Rüppurr,1,2026-05-20 16:58:20+02
NBF:Station:280263,Fächerbad,5,2026-05-20 16:58:20+02
NBF:Station:392504,L-Bank,0,2026-05-20 16:58:20+02
NBF:Station:78972260,Servicescope,3,2026-05-20 16:58:20+02
NBF:Station:289946,Durlach Schlossplatz,3,2026-05-20 16:58:20+02
NBF:Station:78971440,Gerwigstraße,3,2026-05-20 16:58:20+02
NBF:Station:54869634,Knielingen./Rheinbergstraße,3,2026-05-20 16:58:20+02
NBF:Station:289944,Rommelstr. / Auerstr.,3,2026-05-20 16:58:20+02
NBF:Station:285510,Adenauerring / Fasanengarten,0,2026-05-20 16:58:20+02
NBF:Station:462181,Daxlanden - Stadtwerke,4,2026-05-20 16:58:20+02
NBF:Station:280258,Karlstor,0,2026-05-20 16:58:20+02
NBF:Station:458,Erbprinzenstr.,1,2026-05-20 16:58:20+02
NBF:Station:264394,Hauptbahnhof / Touristinformation,14,2026-05-20 16:58:20+02
NBF:Station:462176,Grünwinkel - Carl-Metz-Straße,1,2026-05-20 16:58:20+02
NBF:Station:6352777,Zeppelinstraße / Benzstraße,5,2026-05-20 16:58:20+02
NBF:Station:289942,Durlach - Bahnhof ,5,2026-05-20 16:58:20+02
NBF:Station:280249,Prinz-Max-Palais,1,2026-05-20 16:58:20+02
NBF:Station:28894975,Landratsamt Wolfartweierstr.,1,2026-05-20 16:58:20+02
NBF:Station:37983357,Adenauerring,0,2026-05-20 16:58:20+02
NBF:Station:367726,KIT Ost,3,2026-05-20 16:58:20+02
NBF:Station:300645,HaDiKo,10,2026-05-20 16:58:20+02
NBF:Station:462159,Oberreut - Zentrum,8,2026-05-20 16:58:20+02
NBF:Station:1390,Karlstraße / Waldstraße,4,2026-05-20 16:58:20+02
NBF:Station:280253,Karl-Wilhelm-Platz,0,2026-05-20 16:58:20+02
NBF:Station:280250,Kolpingplatz,1,2026-05-20 16:58:20+02
NBF:Station:50819425,Knielinger Allee - CAMPUSbike HSKA,1,2026-05-20 16:58:20+02
NBF:Station:280255,Kreativpark/Alter Schlachthof,2,2026-05-20 16:58:20+02
NBF:Station:53171791,Südendstraße./ Brauerstr.,1,2026-05-20 16:58:20+02
NBF:Station:462174,Bulach - Grünwinkler Straße,5,2026-05-20 16:58:20+02
NBF:Station:285510,Adenauerring / Fasanengarten,1,2026-05-20 16:26:23+02
NBF:Station:289942,Durlach - Bahnhof ,5,2026-05-20 16:26:23+02
NBF:Station:458,Erbprinzenstr.,1,2026-05-20 16:26:23+02
NBF:Station:289946,Durlach Schlossplatz,3,2026-05-20 16:26:23+02
NBF:Station:78972260,Servicescope,3,2026-05-20 16:26:23+02
NBF:Station:392504,L-Bank,2,2026-05-20 16:26:23+02
NBF:Station:78971440,Gerwigstraße,1,2026-05-20 16:26:23+02
NBF:Station:297942,Neuer Zirkel / Englerstr.,5,2026-05-20 16:26:23+02
NBF:Station:280322,KIT Süd,0,2026-05-20 16:26:23+02
NBF:Station:52997350,Schloss Rüppurr,1,2026-05-20 16:26:23+02
NBF:Station:280263,Fächerbad,5,2026-05-20 16:26:23+02
NBF:Station:53001693,Knielinger Allee/Franz-Lust-Straße,0,2026-05-20 16:26:23+02
NBF:Station:37983402,Tennesseeallee - CAMPUSbike KIT,1,2026-05-20 16:26:23+02
NBF:Station:462181,Daxlanden - Stadtwerke,4,2026-05-20 16:26:23+02
NBF:Station:52355370,Parkplatz Kühler Krug,0,2026-05-20 16:26:23+02
NBF:Station:54869634,Knielingen./Rheinbergstraße,3,2026-05-20 16:26:23+02
NBF:Station:289944,Rommelstr. / Auerstr.,4,2026-05-20 16:26:23+02
NBF:Station:462176,Grünwinkel - Carl-Metz-Straße,1,2026-05-20 16:26:23+02
NBF:Station:264394,Hauptbahnhof / Touristinformation,8,2026-05-20 16:26:23+02
NBF:Station:6352777,Zeppelinstraße / Benzstraße,3,2026-05-20 16:26:23+02
NBF:Station:280251,Mühlburger Tor / Kaiserplatz ,0,2026-05-20 16:26:23+02
NBF:Station:1390,Karlstraße / Waldstraße,2,2026-05-20 16:26:23+02
NBF:Station:462159,Oberreut - Zentrum,8,2026-05-20 16:26:23+02
NBF:Station:300645,HaDiKo,7,2026-05-20 16:26:23+02
NBF:Station:462174,Bulach - Grünwinkler Straße,5,2026-05-20 16:26:23+02
NBF:Station:53171791,Südendstraße./ Brauerstr.,1,2026-05-20 16:26:23+02
NBF:Station:280255,Kreativpark/Alter Schlachthof,2,2026-05-20 16:26:23+02
NBF:Station:280253,Karl-Wilhelm-Platz,1,2026-05-20 16:26:23+02
NBF:Station:50819425,Knielinger Allee - CAMPUSbike HSKA,3,2026-05-20 16:26:23+02
NBF:Station:280250,Kolpingplatz,1,2026-05-20 16:26:23+02
NBF:Station:280249,Prinz-Max-Palais,0,2026-05-20 16:26:23+02
NBF:Station:280258,Karlstor,2,2026-05-20 16:26:23+02
NBF:Station:367726,KIT Ost,8,2026-05-20 16:26:23+02
NBF:Station:37983357,Adenauerring,0,2026-05-20 16:26:23+02
NBF:Station:28894975,Landratsamt Wolfartweierstr.,1,2026-05-20 16:26:23+02
NBF:Station:462165,Rüppurr – Tulpenstraße,1,2026-05-20 16:26:23+02
NBF:Station:28894975,Landratsamt Wolfartweierstr.,1,2026-05-20 15:54:17+02
NBF:Station:462165,Rüppurr – Tulpenstraße,1,2026-05-20 15:54:17+02
NBF:Station:367726,KIT Ost,11,2026-05-20 15:54:17+02
NBF:Station:37983357,Adenauerring,0,2026-05-20 15:54:17+02
NBF:Station:280258,Karlstor,1,2026-05-20 15:54:17+02
NBF:Station:280249,Prinz-Max-Palais,0,2026-05-20 15:54:17+02
NBF:Station:280250,Kolpingplatz,1,2026-05-20 15:54:17+02
NBF:Station:50819425,Knielinger Allee - CAMPUSbike HSKA,4,2026-05-20 15:54:17+02
NBF:Station:462174,Bulach - Grünwinkler Straße,5,2026-05-20 15:54:17+02
NBF:Station:53171791,Südendstraße./ Brauerstr.,1,2026-05-20 15:54:17+02
NBF:Station:280255,Kreativpark/Alter Schlachthof,1,2026-05-20 15:54:17+02
NBF:Station:300645,HaDiKo,7,2026-05-20 15:54:17+02
NBF:Station:1390,Karlstraße / Waldstraße,1,2026-05-20 15:54:17+02
NBF:Station:462159,Oberreut - Zentrum,8,2026-05-20 15:54:17+02
NBF:Station:458,Erbprinzenstr.,1,2026-05-20 15:54:17+02
NBF:Station:6352777,Zeppelinstraße / Benzstraße,4,2026-05-20 15:54:17+02
NBF:Station:289942,Durlach - Bahnhof ,5,2026-05-20 15:54:17+02
NBF:Station:264394,Hauptbahnhof / Touristinformation,8,2026-05-20 15:54:17+02
NBF:Station:462176,Grünwinkel - Carl-Metz-Straße,1,2026-05-20 15:54:17+02
NBF:Station:289944,Rommelstr. / Auerstr.,4,2026-05-20 15:54:17+02
NBF:Station:52355370,Parkplatz Kühler Krug,1,2026-05-20 15:54:17+02
NBF:Station:54869634,Knielingen./Rheinbergstraße,3,2026-05-20 15:54:17+02
NBF:Station:462181,Daxlanden - Stadtwerke,4,2026-05-20 15:54:17+02
NBF:Station:37983402,Tennesseeallee - CAMPUSbike KIT,0,2026-05-20 15:54:17+02
NBF:Station:280263,Fächerbad,5,2026-05-20 15:54:17+02
NBF:Station:53001693,Knielinger Allee/Franz-Lust-Straße,2,2026-05-20 15:54:17+02
NBF:Station:52997350,Schloss Rüppurr,1,2026-05-20 15:54:17+02
NBF:Station:297942,Neuer Zirkel / Englerstr.,7,2026-05-20 15:54:17+02
NBF:Station:78971440,Gerwigstraße,0,2026-05-20 15:54:17+02
NBF:Station:392504,L-Bank,4,2026-05-20 15:54:17+02
NBF:Station:289946,Durlach Schlossplatz,3,2026-05-20 15:54:17+02
NBF:Station:78972260,Servicescope,3,2026-05-20 15:54:17+02
NBF:Station:54869634,Knielingen./Rheinbergstraße,3,2026-05-20 15:23:14+02
NBF:Station:52355370,Parkplatz Kühler Krug,1,2026-05-20 15:23:14+02
NBF:Station:289944,Rommelstr. / Auerstr.,4,2026-05-20 15:23:14+02
NBF:Station:280258,Karlstor,1,2026-05-20 15:23:14+02
NBF:Station:462181,Daxlanden - Stadtwerke,5,2026-05-20 15:23:14+02
NBF:Station:297942,Neuer Zirkel / Englerstr.,5,2026-05-20 15:23:14+02
NBF:Station:280322,KIT Süd,1,2026-05-20 15:23:14+02
NBF:Station:52997350,Schloss Rüppurr,1,2026-05-20 15:23:14+02
NBF:Station:37983402,Tennesseeallee - CAMPUSbike KIT,1,2026-05-20 15:23:14+02
NBF:Station:280263,Fächerbad,4,2026-05-20 15:23:14+02
NBF:Station:53001693,Knielinger Allee/Franz-Lust-Straße,4,2026-05-20 15:23:14+02
NBF:Station:289946,Durlach Schlossplatz,3,2026-05-20 15:23:14+02
NBF:Station:78972260,Servicescope,3,2026-05-20 15:23:14+02
NBF:Station:392504,L-Bank,3,2026-05-20 15:23:14+02
NBF:Station:50819438,Moltkestraße - CAMPUSbike HSKA,0,2026-05-20 15:23:14+02
NBF:Station:78971440,Gerwigstraße,1,2026-05-20 15:23:14+02
NBF:Station:37983357,Adenauerring,0,2026-05-20 15:23:14+02
NBF:Station:367726,KIT Ost,6,2026-05-20 15:23:14+02
NBF:Station:462165,Rüppurr – Tulpenstraße,1,2026-05-20 15:23:14+02
NBF:Station:1390,Karlstraße / Waldstraße,1,2026-05-20 15:23:14+02
NBF:Station:462159,Oberreut - Zentrum,8,2026-05-20 15:23:14+02
NBF:Station:300645,HaDiKo,4,2026-05-20 15:23:14+02
NBF:Station:53171791,Südendstraße./ Brauerstr.,1,2026-05-20 15:23:14+02
NBF:Station:462174,Bulach - Grünwinkler Straße,5,2026-05-20 15:23:14+02
NBF:Station:280255,Kreativpark/Alter Schlachthof,1,2026-05-20 15:23:14+02
NBF:Station:50819425,Knielinger Allee - CAMPUSbike HSKA,0,2026-05-20 15:23:14+02
NBF:Station:280250,Kolpingplatz,1,2026-05-20 15:23:14+02
NBF:Station:280253,Karl-Wilhelm-Platz,2,2026-05-20 15:23:14+02
NBF:Station:458,Erbprinzenstr.,2,2026-05-20 15:23:14+02
NBF:Station:462176,Grünwinkel - Carl-Metz-Straße,1,2026-05-20 15:23:14+02
NBF:Station:264394,Hauptbahnhof / Touristinformation,7,2026-05-20 15:23:14+02
NBF:Station:289942,Durlach - Bahnhof ,5,2026-05-20 15:23:14+02
NBF:Station:6352777,Zeppelinstraße / Benzstraße,5,2026-05-20 15:23:14+02
NBF:Station:280250,Kolpingplatz,1,2026-05-20 14:50:59+02
NBF:Station:280263,Fächerbad,4,2026-05-20 14:50:59+02
NBF:Station:264394,Hauptbahnhof / Touristinformation,2,2026-05-20 14:50:59+02
NBF:Station:462176,Grünwinkel - Carl-Metz-Straße,1,2026-05-20 14:50:59+02
NBF:Station:289942,Durlach - Bahnhof ,5,2026-05-20 14:50:59+02
NBF:Station:6352777,Zeppelinstraße / Benzstraße,5,2026-05-20 14:50:59+02
NBF:Station:458,Erbprinzenstr.,2,2026-05-20 14:50:59+02
NBF:Station:280260,Nordweststadt - Kurt-Schumacher-Straße,1,2026-05-20 14:50:59+02
NBF:Station:280251,Mühlburger Tor / Kaiserplatz ,1,2026-05-20 14:50:59+02
NBF:Station:462159,Oberreut - Zentrum,8,2026-05-20 14:50:59+02
NBF:Station:1390,Karlstraße / Waldstraße,0,2026-05-20 14:50:59+02
NBF:Station:300645,HaDiKo,2,2026-05-20 14:50:59+02
NBF:Station:280255,Kreativpark/Alter Schlachthof,1,2026-05-20 14:50:59+02
NBF:Station:53171791,Südendstraße./ Brauerstr.,1,2026-05-20 14:50:59+02
NBF:Station:462174,Bulach - Grünwinkler Straße,5,2026-05-20 14:50:59+02
NBF:Station:280253,Karl-Wilhelm-Platz,0,2026-05-20 14:50:59+02
NBF:Station:50819425,Knielinger Allee - CAMPUSbike HSKA,1,2026-05-20 14:50:59+02
NBF:Station:280249,Prinz-Max-Palais,2,2026-05-20 14:50:59+02
NBF:Station:280258,Karlstor,2,2026-05-20 14:50:59+02
NBF:Station:37983357,Adenauerring,0,2026-05-20 14:50:59+02
NBF:Station:367726,KIT Ost,8,2026-05-20 14:50:59+02
NBF:Station:462165,Rüppurr – Tulpenstraße,1,2026-05-20 14:50:59+02
NBF:Station:78972260,Servicescope,3,2026-05-20 14:50:59+02
NBF:Station:289946,Durlach Schlossplatz,3,2026-05-20 14:50:59+02
NBF:Station:78971440,Gerwigstraße,0,2026-05-20 14:50:59+02
NBF:Station:280259,Werderplatz,1,2026-05-20 14:50:59+02
NBF:Station:50819438,Moltkestraße - CAMPUSbike HSKA,4,2026-05-20 14:50:59+02
NBF:Station:297942,Neuer Zirkel / Englerstr.,4,2026-05-20 14:50:59+02
NBF:Station:52997350,Schloss Rüppurr,1,2026-05-20 14:50:59+02
NBF:Station:280322,KIT Süd,0,2026-05-20 14:50:59+02
NBF:Station:53001693,Knielinger Allee/Franz-Lust-Straße,2,2026-05-20 14:50:59+02
NBF:Station:37983402,Tennesseeallee - CAMPUSbike KIT,0,2026-05-20 14:50:59+02
NBF:Station:462181,Daxlanden - Stadtwerke,5,2026-05-20 14:50:59+02
NBF:Station:54869634,Knielingen./Rheinbergstraße,3,2026-05-20 14:50:59+02
NBF:Station:52355370,Parkplatz Kühler Krug,1,2026-05-20 14:50:59+02
NBF:Station:289944,Rommelstr. / Auerstr.,4,2026-05-20 14:50:59+02
NBF:Station:462165,Rüppurr – Tulpenstraße,1,2026-05-20 14:17:22+02
NBF:Station:367726,KIT Ost,7,2026-05-20 14:17:22+02
NBF:Station:37983357,Adenauerring,2,2026-05-20 14:17:22+02
NBF:Station:1390,Karlstraße / Waldstraße,0,2026-05-20 14:17:22+02
NBF:Station:280258,Karlstor,0,2026-05-20 14:17:22+02
NBF:Station:462159,Oberreut - Zentrum,7,2026-05-20 14:17:22+02
NBF:Station:50819425,Knielinger Allee - CAMPUSbike HSKA,3,2026-05-20 14:17:22+02
NBF:Station:280250,Kolpingplatz,1,2026-05-20 14:17:22+02
NBF:Station:280253,Karl-Wilhelm-Platz,1,2026-05-20 14:17:22+02
NBF:Station:462174,Bulach - Grünwinkler Straße,5,2026-05-20 14:17:22+02
NBF:Station:53171791,Südendstraße./ Brauerstr.,1,2026-05-20 14:17:22+02
NBF:Station:280255,Kreativpark/Alter Schlachthof,1,2026-05-20 14:17:22+02
NBF:Station:281794,Agentur für Arbeit,1,2026-05-20 14:17:22+02
NBF:Station:289942,Durlach - Bahnhof ,5,2026-05-20 14:17:22+02
NBF:Station:280251,Mühlburger Tor / Kaiserplatz ,1,2026-05-20 14:17:22+02
NBF:Station:280260,Nordweststadt - Kurt-Schumacher-Straße,1,2026-05-20 14:17:22+02
NBF:Station:462176,Grünwinkel - Carl-Metz-Straße,1,2026-05-20 14:17:22+02
NBF:Station:264394,Hauptbahnhof / Touristinformation,4,2026-05-20 14:17:22+02
NBF:Station:6352777,Zeppelinstraße / Benzstraße,5,2026-05-20 14:17:22+02
NBF:Station:52355370,Parkplatz Kühler Krug,1,2026-05-20 14:17:22+02
NBF:Station:54869634,Knielingen./Rheinbergstraße,3,2026-05-20 14:17:22+02
NBF:Station:289944,Rommelstr. / Auerstr.,4,2026-05-20 14:17:22+02
NBF:Station:280263,Fächerbad,4,2026-05-20 14:17:22+02
NBF:Station:462181,Daxlanden - Stadtwerke,5,2026-05-20 14:17:22+02
NBF:Station:280322,KIT Süd,1,2026-05-20 14:17:22+02
NBF:Station:52997350,Schloss Rüppurr,1,2026-05-20 14:17:22+02
NBF:Station:297942,Neuer Zirkel / Englerstr.,4,2026-05-20 14:17:22+02
NBF:Station:37983402,Tennesseeallee - CAMPUSbike KIT,1,2026-05-20 14:17:22+02
NBF:Station:289946,Durlach Schlossplatz,3,2026-05-20 14:17:22+02
NBF:Station:78972260,Servicescope,3,2026-05-20 14:17:22+02
NBF:Station:50819438,Moltkestraße - CAMPUSbike HSKA,3,2026-05-20 14:17:22+02
NBF:Station:78971440,Gerwigstraße,3,2026-05-20 14:17:22+02
NBF:Station:280263,Fächerbad,4,2026-05-20 13:44:07+02
NBF:Station:297942,Neuer Zirkel / Englerstr.,6,2026-05-20 13:44:07+02
NBF:Station:280322,KIT Süd,3,2026-05-20 13:44:07+02
NBF:Station:52997350,Schloss Rüppurr,2,2026-05-20 13:44:07+02
NBF:Station:78971440,Gerwigstraße,2,2026-05-20 13:44:07+02
NBF:Station:50819438,Moltkestraße - CAMPUSbike HSKA,0,2026-05-20 13:44:07+02
NBF:Station:78972260,Servicescope,3,2026-05-20 13:44:07+02
NBF:Station:289946,Durlach Schlossplatz,3,2026-05-20 13:44:07+02
NBF:Station:289944,Rommelstr. / Auerstr.,4,2026-05-20 13:44:07+02
NBF:Station:54869634,Knielingen./Rheinbergstraße,3,2026-05-20 13:44:07+02
NBF:Station:52355370,Parkplatz Kühler Krug,1,2026-05-20 13:44:07+02
NBF:Station:462181,Daxlanden - Stadtwerke,5,2026-05-20 13:44:07+02
NBF:Station:458,Erbprinzenstr.,1,2026-05-20 13:44:07+02
NBF:Station:280260,Nordweststadt - Kurt-Schumacher-Straße,1,2026-05-20 13:44:07+02
NBF:Station:289942,Durlach - Bahnhof ,4,2026-05-20 13:44:07+02
NBF:Station:300645,HaDiKo,0,2026-05-20 13:44:07+02
NBF:Station:6352777,Zeppelinstraße / Benzstraße,7,2026-05-20 13:44:07+02
NBF:Station:462176,Grünwinkel - Carl-Metz-Straße,1,2026-05-20 13:44:07+02
NBF:Station:264394,Hauptbahnhof / Touristinformation,5,2026-05-20 13:44:07+02
NBF:Station:37983357,Adenauerring,0,2026-05-20 13:44:07+02
NBF:Station:367726,KIT Ost,3,2026-05-20 13:44:07+02
NBF:Station:280258,Karlstor,1,2026-05-20 13:44:07+02
NBF:Station:462165,Rüppurr – Tulpenstraße,2,2026-05-20 13:44:07+02
NBF:Station:280255,Kreativpark/Alter Schlachthof,1,2026-05-20 13:44:07+02
NBF:Station:53171791,Südendstraße./ Brauerstr.,1,2026-05-20 13:44:07+02
NBF:Station:462174,Bulach - Grünwinkler Straße,5,2026-05-20 13:44:07+02
NBF:Station:50819425,Knielinger Allee - CAMPUSbike HSKA,0,2026-05-20 13:44:07+02
NBF:Station:280250,Kolpingplatz,1,2026-05-20 13:44:07+02
NBF:Station:280253,Karl-Wilhelm-Platz,1,2026-05-20 13:44:07+02
NBF:Station:462159,Oberreut - Zentrum,6,2026-05-20 13:44:07+02
NBF:Station:1390,Karlstraße / Waldstraße,0,2026-05-20 13:44:07+02
NBF:Station:280253,Karl-Wilhelm-Platz,0,2026-05-20 13:11:16+02
NBF:Station:50819425,Knielinger Allee - CAMPUSbike HSKA,0,2026-05-20 13:11:16+02
NBF:Station:280250,Kolpingplatz,1,2026-05-20 13:11:16+02
NBF:Station:280255,Kreativpark/Alter Schlachthof,1,2026-05-20 13:11:16+02
NBF:Station:462174,Bulach - Grünwinkler Straße,5,2026-05-20 13:11:16+02
NBF:Station:53171791,Südendstraße./ Brauerstr.,1,2026-05-20 13:11:16+02
NBF:Station:1390,Karlstraße / Waldstraße,1,2026-05-20 13:11:16+02
NBF:Station:462159,Oberreut - Zentrum,6,2026-05-20 13:11:16+02
NBF:Station:462165,Rüppurr – Tulpenstraße,2,2026-05-20 13:11:16+02
NBF:Station:280258,Karlstor,1,2026-05-20 13:11:16+02
NBF:Station:37983357,Adenauerring,1,2026-05-20 13:11:16+02
NBF:Station:280249,Prinz-Max-Palais,0,2026-05-20 13:11:16+02
NBF:Station:6352777,Zeppelinstraße / Benzstraße,5,2026-05-20 13:11:16+02
NBF:Station:289942,Durlach - Bahnhof ,4,2026-05-20 13:11:16+02
NBF:Station:462176,Grünwinkel - Carl-Metz-Straße,1,2026-05-20 13:11:16+02
NBF:Station:264394,Hauptbahnhof / Touristinformation,6,2026-05-20 13:11:16+02
NBF:Station:280260,Nordweststadt - Kurt-Schumacher-Straße,1,2026-05-20 13:11:16+02
NBF:Station:458,Erbprinzenstr.,1,2026-05-20 13:11:16+02
NBF:Station:462181,Daxlanden - Stadtwerke,5,2026-05-20 13:11:16+02
NBF:Station:289944,Rommelstr. / Auerstr.,4,2026-05-20 13:11:16+02
NBF:Station:52355370,Parkplatz Kühler Krug,1,2026-05-20 13:11:16+02
NBF:Station:54869634,Knielingen./Rheinbergstraße,3,2026-05-20 13:11:16+02
NBF:Station:78971440,Gerwigstraße,1,2026-05-20 13:11:16+02
NBF:Station:50819438,Moltkestraße - CAMPUSbike HSKA,1,2026-05-20 13:11:16+02
NBF:Station:78972260,Servicescope,3,2026-05-20 13:11:16+02
NBF:Station:289946,Durlach Schlossplatz,3,2026-05-20 13:11:16+02
NBF:Station:53001693,Knielinger Allee/Franz-Lust-Straße,1,2026-05-20 13:11:16+02
NBF:Station:280263,Fächerbad,5,2026-05-20 13:11:16+02
NBF:Station:280322,KIT Süd,10,2026-05-20 13:11:16+02
NBF:Station:52997350,Schloss Rüppurr,2,2026-05-20 13:11:16+02
NBF:Station:297942,Neuer Zirkel / Englerstr.,3,2026-05-20 13:11:16+02
NBF:Station:78972260,Servicescope,3,2026-05-20 12:36:07+02
NBF:Station:289946,Durlach Schlossplatz,3,2026-05-20 12:36:07+02
NBF:Station:50819438,Moltkestraße - CAMPUSbike HSKA,1,2026-05-20 12:36:07+02
NBF:Station:52997350,Schloss Rüppurr,2,2026-05-20 12:36:07+02
NBF:Station:280322,KIT Süd,5,2026-05-20 12:36:07+02
NBF:Station:297942,Neuer Zirkel / Englerstr.,6,2026-05-20 12:36:07+02
NBF:Station:53001693,Knielinger Allee/Franz-Lust-Straße,0,2026-05-20 12:36:07+02
NBF:Station:280263,Fächerbad,5,2026-05-20 12:36:07+02
NBF:Station:285510,Adenauerring / Fasanengarten,2,2026-05-20 12:36:07+02
NBF:Station:462181,Daxlanden - Stadtwerke,5,2026-05-20 12:36:07+02
NBF:Station:54869634,Knielingen./Rheinbergstraße,3,2026-05-20 12:36:07+02
NBF:Station:52355370,Parkplatz Kühler Krug,1,2026-05-20 12:36:07+02
NBF:Station:289944,Rommelstr. / Auerstr.,4,2026-05-20 12:36:07+02
NBF:Station:264394,Hauptbahnhof / Touristinformation,5,2026-05-20 12:36:07+02
NBF:Station:462176,Grünwinkel - Carl-Metz-Straße,1,2026-05-20 12:36:07+02
NBF:Station:6352777,Zeppelinstraße / Benzstraße,5,2026-05-20 12:36:07+02
NBF:Station:289942,Durlach - Bahnhof ,4,2026-05-20 12:36:07+02
NBF:Station:458,Erbprinzenstr.,1,2026-05-20 12:36:07+02
NBF:Station:280251,Mühlburger Tor / Kaiserplatz ,0,2026-05-20 12:36:07+02
NBF:Station:300645,HaDiKo,0,2026-05-20 12:36:07+02
NBF:Station:462159,Oberreut - Zentrum,6,2026-05-20 12:36:07+02
NBF:Station:1390,Karlstraße / Waldstraße,0,2026-05-20 12:36:07+02
NBF:Station:280250,Kolpingplatz,1,2026-05-20 12:36:07+02
NBF:Station:50819425,Knielinger Allee - CAMPUSbike HSKA,2,2026-05-20 12:36:07+02
NBF:Station:280253,Karl-Wilhelm-Platz,0,2026-05-20 12:36:07+02
NBF:Station:280255,Kreativpark/Alter Schlachthof,0,2026-05-20 12:36:07+02
NBF:Station:53171791,Südendstraße./ Brauerstr.,1,2026-05-20 12:36:07+02
NBF:Station:462174,Bulach - Grünwinkler Straße,6,2026-05-20 12:36:07+02
NBF:Station:280249,Prinz-Max-Palais,2,2026-05-20 12:36:07+02
NBF:Station:462165,Rüppurr – Tulpenstraße,2,2026-05-20 12:36:07+02
NBF:Station:37983357,Adenauerring,1,2026-05-20 12:36:07+02
NBF:Station:367726,KIT Ost,0,2026-05-20 12:36:07+02
NBF:Station:280258,Karlstor,1,2026-05-20 12:36:07+02
NBF:Station:54869634,Knielingen./Rheinbergstraße,3,2026-05-20 12:02:26+02
NBF:Station:52355370,Parkplatz Kühler Krug,1,2026-05-20 12:02:26+02
NBF:Station:289944,Rommelstr. / Auerstr.,4,2026-05-20 12:02:26+02
NBF:Station:285510,Adenauerring / Fasanengarten,2,2026-05-20 12:02:26+02
NBF:Station:462181,Daxlanden - Stadtwerke,5,2026-05-20 12:02:26+02
NBF:Station:297942,Neuer Zirkel / Englerstr.,6,2026-05-20 12:02:26+02
NBF:Station:280258,Karlstor,0,2026-05-20 12:02:26+02
NBF:Station:280322,KIT Süd,4,2026-05-20 12:02:26+02
NBF:Station:52997350,Schloss Rüppurr,2,2026-05-20 12:02:26+02
NBF:Station:280263,Fächerbad,5,2026-05-20 12:02:26+02
NBF:Station:78972260,Servicescope,3,2026-05-20 12:02:26+02
NBF:Station:289946,Durlach Schlossplatz,3,2026-05-20 12:02:26+02
NBF:Station:78971440,Gerwigstraße,1,2026-05-20 12:02:26+02
NBF:Station:50819438,Moltkestraße - CAMPUSbike HSKA,2,2026-05-20 12:02:26+02
NBF:Station:280249,Prinz-Max-Palais,1,2026-05-20 12:02:26+02
NBF:Station:37983357,Adenauerring,1,2026-05-20 12:02:26+02
NBF:Station:367726,KIT Ost,0,2026-05-20 12:02:26+02
NBF:Station:462165,Rüppurr – Tulpenstraße,2,2026-05-20 12:02:26+02
NBF:Station:462159,Oberreut - Zentrum,6,2026-05-20 12:02:26+02
NBF:Station:1390,Karlstraße / Waldstraße,0,2026-05-20 12:02:26+02
NBF:Station:280255,Kreativpark/Alter Schlachthof,1,2026-05-20 12:02:26+02
NBF:Station:53171791,Südendstraße./ Brauerstr.,1,2026-05-20 12:02:26+02
NBF:Station:462174,Bulach - Grünwinkler Straße,6,2026-05-20 12:02:26+02
NBF:Station:280253,Karl-Wilhelm-Platz,0,2026-05-20 12:02:26+02
NBF:Station:50819425,Knielinger Allee - CAMPUSbike HSKA,0,2026-05-20 12:02:26+02
NBF:Station:280250,Kolpingplatz,1,2026-05-20 12:02:26+02
NBF:Station:458,Erbprinzenstr.,1,2026-05-20 12:02:26+02
NBF:Station:280260,Nordweststadt - Kurt-Schumacher-Straße,1,2026-05-20 12:02:26+02
NBF:Station:280251,Mühlburger Tor / Kaiserplatz ,1,2026-05-20 12:02:26+02
NBF:Station:462176,Grünwinkel - Carl-Metz-Straße,1,2026-05-20 12:02:26+02
NBF:Station:264394,Hauptbahnhof / Touristinformation,2,2026-05-20 12:02:26+02
NBF:Station:289942,Durlach - Bahnhof ,3,2026-05-20 12:02:26+02
NBF:Station:6352777,Zeppelinstraße / Benzstraße,4,2026-05-20 12:02:26+02
NBF:Station:289944,Rommelstr. / Auerstr.,4,2026-05-20 11:30:50+02
NBF:Station:52355370,Parkplatz Kühler Krug,1,2026-05-20 11:30:50+02
NBF:Station:54869634,Knielingen./Rheinbergstraße,3,2026-05-20 11:30:50+02
NBF:Station:462181,Daxlanden - Stadtwerke,5,2026-05-20 11:30:50+02
NBF:Station:285510,Adenauerring / Fasanengarten,3,2026-05-20 11:30:50+02
NBF:Station:280263,Fächerbad,4,2026-05-20 11:30:50+02
NBF:Station:297942,Neuer Zirkel / Englerstr.,6,2026-05-20 11:30:50+02
NBF:Station:52997350,Schloss Rüppurr,2,2026-05-20 11:30:50+02
NBF:Station:280322,KIT Süd,1,2026-05-20 11:30:50+02
NBF:Station:50819438,Moltkestraße - CAMPUSbike HSKA,0,2026-05-20 11:30:50+02
NBF:Station:289946,Durlach Schlossplatz,3,2026-05-20 11:30:50+02
NBF:Station:78972260,Servicescope,3,2026-05-20 11:30:50+02
NBF:Station:367726,KIT Ost,3,2026-05-20 11:30:50+02
NBF:Station:37983357,Adenauerring,2,2026-05-20 11:30:50+02
NBF:Station:280258,Karlstor,0,2026-05-20 11:30:50+02
NBF:Station:462165,Rüppurr – Tulpenstraße,2,2026-05-20 11:30:50+02
NBF:Station:280249,Prinz-Max-Palais,1,2026-05-20 11:30:50+02
NBF:Station:462174,Bulach - Grünwinkler Straße,6,2026-05-20 11:30:50+02
NBF:Station:53171791,Südendstraße./ Brauerstr.,1,2026-05-20 11:30:50+02
NBF:Station:280255,Kreativpark/Alter Schlachthof,1,2026-05-20 11:30:50+02
NBF:Station:280250,Kolpingplatz,1,2026-05-20 11:30:50+02
NBF:Station:50819425,Knielinger Allee - CAMPUSbike HSKA,0,2026-05-20 11:30:50+02
NBF:Station:280253,Karl-Wilhelm-Platz,0,2026-05-20 11:30:50+02
NBF:Station:1390,Karlstraße / Waldstraße,1,2026-05-20 11:30:50+02
NBF:Station:462159,Oberreut - Zentrum,6,2026-05-20 11:30:50+02
NBF:Station:280260,Nordweststadt - Kurt-Schumacher-Straße,1,2026-05-20 11:30:50+02
NBF:Station:281794,Agentur für Arbeit,2,2026-05-20 11:30:50+02
NBF:Station:458,Erbprinzenstr.,1,2026-05-20 11:30:50+02
NBF:Station:289942,Durlach - Bahnhof ,3,2026-05-20 11:30:50+02
NBF:Station:6352777,Zeppelinstraße / Benzstraße,3,2026-05-20 11:30:50+02
NBF:Station:264394,Hauptbahnhof / Touristinformation,0,2026-05-20 11:30:50+02
NBF:Station:462176,Grünwinkel - Carl-Metz-Straße,1,2026-05-20 11:30:50+02
NBF:Station:462181,Daxlanden - Stadtwerke,5,2026-05-20 10:55:45+02
NBF:Station:285510,Adenauerring / Fasanengarten,4,2026-05-20 10:55:45+02
NBF:Station:280259,Werderplatz,1,2026-05-20 10:55:45+02
NBF:Station:289944,Rommelstr. / Auerstr.,4,2026-05-20 10:55:45+02
NBF:Station:52355370,Parkplatz Kühler Krug,0,2026-05-20 10:55:45+02
NBF:Station:54869634,Knielingen./Rheinbergstraße,3,2026-05-20 10:55:45+02
NBF:Station:50819438,Moltkestraße - CAMPUSbike HSKA,0,2026-05-20 10:55:45+02
NBF:Station:289946,Durlach Schlossplatz,3,2026-05-20 10:55:45+02
NBF:Station:78972260,Servicescope,3,2026-05-20 10:55:45+02
NBF:Station:280263,Fächerbad,4,2026-05-20 10:55:45+02
NBF:Station:53001693,Knielinger Allee/Franz-Lust-Straße,0,2026-05-20 10:55:45+02
NBF:Station:280322,KIT Süd,1,2026-05-20 10:55:45+02
NBF:Station:52997350,Schloss Rüppurr,2,2026-05-20 10:55:45+02
NBF:Station:297942,Neuer Zirkel / Englerstr.,3,2026-05-20 10:55:45+02
NBF:Station:280253,Karl-Wilhelm-Platz,0,2026-05-20 10:55:45+02
NBF:Station:50819425,Knielinger Allee - CAMPUSbike HSKA,6,2026-05-20 10:55:45+02
NBF:Station:280250,Kolpingplatz,1,2026-05-20 10:55:45+02
NBF:Station:462174,Bulach - Grünwinkler Straße,6,2026-05-20 10:55:45+02
NBF:Station:53171791,Südendstraße./ Brauerstr.,1,2026-05-20 10:55:45+02
NBF:Station:280255,Kreativpark/Alter Schlachthof,2,2026-05-20 10:55:45+02
NBF:Station:300645,HaDiKo,1,2026-05-20 10:55:45+02
NBF:Station:1390,Karlstraße / Waldstraße,2,2026-05-20 10:55:45+02
NBF:Station:462159,Oberreut - Zentrum,6,2026-05-20 10:55:45+02
NBF:Station:462165,Rüppurr – Tulpenstraße,3,2026-05-20 10:55:45+02
NBF:Station:280258,Karlstor,1,2026-05-20 10:55:45+02
NBF:Station:367726,KIT Ost,5,2026-05-20 10:55:45+02
NBF:Station:37983357,Adenauerring,2,2026-05-20 10:55:45+02
NBF:Station:6352777,Zeppelinstraße / Benzstraße,3,2026-05-20 10:55:45+02
NBF:Station:289942,Durlach - Bahnhof ,3,2026-05-20 10:55:45+02
NBF:Station:462176,Grünwinkel - Carl-Metz-Straße,1,2026-05-20 10:55:45+02
NBF:Station:264394,Hauptbahnhof / Touristinformation,1,2026-05-20 10:55:45+02
NBF:Station:280260,Nordweststadt - Kurt-Schumacher-Straße,1,2026-05-20 10:55:45+02
NBF:Station:458,Erbprinzenstr.,1,2026-05-20 10:55:45+02
NBF:Station:281794,Agentur für Arbeit,1,2026-05-20 10:55:45+02
NBF:Station:280263,Fächerbad,4,2026-05-20 10:20:19+02
NBF:Station:297942,Neuer Zirkel / Englerstr.,3,2026-05-20 10:20:19+02
NBF:Station:52997350,Schloss Rüppurr,2,2026-05-20 10:20:19+02
NBF:Station:53001693,Knielinger Allee/Franz-Lust-Straße,2,2026-05-20 10:20:19+02
NBF:Station:289946,Durlach Schlossplatz,3,2026-05-20 10:20:19+02
NBF:Station:78972260,Servicescope,3,2026-05-20 10:20:19+02
NBF:Station:78971162,Sophienstraße,1,2026-05-20 10:20:19+02
NBF:Station:50819438,Moltkestraße - CAMPUSbike HSKA,2,2026-05-20 10:20:19+02
NBF:Station:280259,Werderplatz,1,2026-05-20 10:20:19+02
NBF:Station:52355370,Parkplatz Kühler Krug,1,2026-05-20 10:20:19+02
NBF:Station:54869634,Knielingen./Rheinbergstraße,3,2026-05-20 10:20:19+02
NBF:Station:289944,Rommelstr. / Auerstr.,4,2026-05-20 10:20:19+02
NBF:Station:285510,Adenauerring / Fasanengarten,3,2026-05-20 10:20:19+02
NBF:Station:462181,Daxlanden - Stadtwerke,5,2026-05-20 10:20:19+02
NBF:Station:281794,Agentur für Arbeit,1,2026-05-20 10:20:19+02
NBF:Station:458,Erbprinzenstr.,1,2026-05-20 10:20:19+02
NBF:Station:280251,Mühlburger Tor / Kaiserplatz ,0,2026-05-20 10:20:19+02
NBF:Station:280260,Nordweststadt - Kurt-Schumacher-Straße,1,2026-05-20 10:20:19+02
NBF:Station:462176,Grünwinkel - Carl-Metz-Straße,1,2026-05-20 10:20:19+02
NBF:Station:264394,Hauptbahnhof / Touristinformation,0,2026-05-20 10:20:19+02
NBF:Station:289942,Durlach - Bahnhof ,3,2026-05-20 10:20:19+02
NBF:Station:6352777,Zeppelinstraße / Benzstraße,3,2026-05-20 10:20:19+02
NBF:Station:280249,Prinz-Max-Palais,1,2026-05-20 10:20:19+02
NBF:Station:367726,KIT Ost,2,2026-05-20 10:20:19+02
NBF:Station:37983357,Adenauerring,0,2026-05-20 10:20:19+02
NBF:Station:462165,Rüppurr – Tulpenstraße,3,2026-05-20 10:20:19+02
NBF:Station:1390,Karlstraße / Waldstraße,2,2026-05-20 10:20:19+02
NBF:Station:462159,Oberreut - Zentrum,6,2026-05-20 10:20:19+02
NBF:Station:300645,HaDiKo,0,2026-05-20 10:20:19+02
NBF:Station:462174,Bulach - Grünwinkler Straße,7,2026-05-20 10:20:19+02
NBF:Station:53171791,Südendstraße./ Brauerstr.,1,2026-05-20 10:20:19+02
NBF:Station:280255,Kreativpark/Alter Schlachthof,2,2026-05-20 10:20:19+02
NBF:Station:50819425,Knielinger Allee - CAMPUSbike HSKA,8,2026-05-20 10:20:19+02
NBF:Station:280250,Kolpingplatz,1,2026-05-20 10:20:19+02
NBF:Station:280253,Karl-Wilhelm-Platz,0,2026-05-20 10:20:19+02
NBF:Station:462174,Bulach - Grünwinkler Straße,7,2026-05-20 09:46:04+02
NBF:Station:280255,Kreativpark/Alter Schlachthof,2,2026-05-20 09:46:04+02
NBF:Station:280253,Karl-Wilhelm-Platz,1,2026-05-20 09:46:04+02
NBF:Station:280250,Kolpingplatz,1,2026-05-20 09:46:04+02
NBF:Station:50819425,Knielinger Allee - CAMPUSbike HSKA,11,2026-05-20 09:46:04+02
NBF:Station:53171791,Südendstraße./ Brauerstr.,1,2026-05-20 09:46:04+02
NBF:Station:300645,HaDiKo,2,2026-05-20 09:46:04+02
NBF:Station:1390,Karlstraße / Waldstraße,1,2026-05-20 09:46:04+02
NBF:Station:462159,Oberreut - Zentrum,6,2026-05-20 09:46:04+02
NBF:Station:462165,Rüppurr – Tulpenstraße,3,2026-05-20 09:46:04+02
NBF:Station:367726,KIT Ost,3,2026-05-20 09:46:04+02
NBF:Station:37983357,Adenauerring,0,2026-05-20 09:46:04+02
NBF:Station:6352777,Zeppelinstraße / Benzstraße,3,2026-05-20 09:46:04+02
NBF:Station:289942,Durlach - Bahnhof ,3,2026-05-20 09:46:04+02
NBF:Station:264394,Hauptbahnhof / Touristinformation,1,2026-05-20 09:46:04+02
NBF:Station:280251,Mühlburger Tor / Kaiserplatz ,0,2026-05-20 09:46:04+02
NBF:Station:280260,Nordweststadt - Kurt-Schumacher-Straße,2,2026-05-20 09:46:04+02
NBF:Station:458,Erbprinzenstr.,1,2026-05-20 09:46:04+02
NBF:Station:281794,Agentur für Arbeit,1,2026-05-20 09:46:04+02
NBF:Station:462181,Daxlanden - Stadtwerke,5,2026-05-20 09:46:04+02
NBF:Station:285510,Adenauerring / Fasanengarten,4,2026-05-20 09:46:04+02
NBF:Station:289944,Rommelstr. / Auerstr.,4,2026-05-20 09:46:04+02
NBF:Station:52355370,Parkplatz Kühler Krug,1,2026-05-20 09:46:04+02
NBF:Station:54869634,Knielingen./Rheinbergstraße,3,2026-05-20 09:46:04+02
NBF:Station:280259,Werderplatz,1,2026-05-20 09:46:04+02
NBF:Station:78971162,Sophienstraße,2,2026-05-20 09:46:04+02
NBF:Station:289946,Durlach Schlossplatz,3,2026-05-20 09:46:04+02
NBF:Station:78972260,Servicescope,3,2026-05-20 09:46:04+02
NBF:Station:280263,Fächerbad,4,2026-05-20 09:46:04+02
NBF:Station:52997350,Schloss Rüppurr,2,2026-05-20 09:46:04+02
NBF:Station:280322,KIT Süd,2,2026-05-20 09:46:04+02
NBF:Station:297942,Neuer Zirkel / Englerstr.,3,2026-05-20 09:46:04+02
NBF:Station:264394,Hauptbahnhof / Touristinformation,1,2026-05-20 09:14:55+02
NBF:Station:289942,Durlach - Bahnhof ,2,2026-05-20 09:14:55+02
NBF:Station:6352777,Zeppelinstraße / Benzstraße,3,2026-05-20 09:14:55+02
NBF:Station:281794,Agentur für Arbeit,0,2026-05-20 09:14:55+02
NBF:Station:458,Erbprinzenstr.,1,2026-05-20 09:14:55+02
NBF:Station:280260,Nordweststadt - Kurt-Schumacher-Straße,3,2026-05-20 09:14:55+02
NBF:Station:1390,Karlstraße / Waldstraße,1,2026-05-20 09:14:55+02
NBF:Station:462159,Oberreut - Zentrum,6,2026-05-20 09:14:55+02
NBF:Station:300645,HaDiKo,0,2026-05-20 09:14:55+02
NBF:Station:53171791,Südendstraße./ Brauerstr.,1,2026-05-20 09:14:55+02
NBF:Station:462174,Bulach - Grünwinkler Straße,7,2026-05-20 09:14:55+02
NBF:Station:280255,Kreativpark/Alter Schlachthof,2,2026-05-20 09:14:55+02
NBF:Station:50819425,Knielinger Allee - CAMPUSbike HSKA,10,2026-05-20 09:14:55+02
NBF:Station:280250,Kolpingplatz,1,2026-05-20 09:14:55+02
NBF:Station:280253,Karl-Wilhelm-Platz,1,2026-05-20 09:14:55+02
NBF:Station:37983357,Adenauerring,1,2026-05-20 09:14:55+02
NBF:Station:367726,KIT Ost,0,2026-05-20 09:14:55+02
NBF:Station:462165,Rüppurr – Tulpenstraße,3,2026-05-20 09:14:55+02
NBF:Station:289946,Durlach Schlossplatz,3,2026-05-20 09:14:55+02
NBF:Station:78972260,Servicescope,3,2026-05-20 09:14:55+02
NBF:Station:392504,L-Bank,1,2026-05-20 09:14:55+02
NBF:Station:78971162,Sophienstraße,2,2026-05-20 09:14:55+02
NBF:Station:280259,Werderplatz,0,2026-05-20 09:14:55+02
NBF:Station:297942,Neuer Zirkel / Englerstr.,3,2026-05-20 09:14:55+02
NBF:Station:280322,KIT Süd,2,2026-05-20 09:14:55+02
NBF:Station:52997350,Schloss Rüppurr,2,2026-05-20 09:14:55+02
NBF:Station:37983402,Tennesseeallee - CAMPUSbike KIT,1,2026-05-20 09:14:55+02
NBF:Station:280263,Fächerbad,4,2026-05-20 09:14:55+02
NBF:Station:53001693,Knielinger Allee/Franz-Lust-Straße,0,2026-05-20 09:14:55+02
NBF:Station:285510,Adenauerring / Fasanengarten,5,2026-05-20 09:14:55+02
NBF:Station:462181,Daxlanden - Stadtwerke,5,2026-05-20 09:14:55+02
NBF:Station:54869634,Knielingen./Rheinbergstraße,3,2026-05-20 09:14:55+02
NBF:Station:52355370,Parkplatz Kühler Krug,1,2026-05-20 09:14:55+02
NBF:Station:289944,Rommelstr. / Auerstr.,4,2026-05-20 09:14:55+02
NBF:Station:462165,Rüppurr – Tulpenstraße,3,2026-05-20 08:40:20+02
NBF:Station:280253,Karl-Wilhelm-Platz,0,2026-05-20 08:40:20+02
NBF:Station:50819425,Knielinger Allee - CAMPUSbike HSKA,10,2026-05-20 08:40:20+02
NBF:Station:280250,Kolpingplatz,1,2026-05-20 08:40:20+02
NBF:Station:280255,Kreativpark/Alter Schlachthof,2,2026-05-20 08:40:20+02
NBF:Station:462174,Bulach - Grünwinkler Straße,7,2026-05-20 08:40:20+02
NBF:Station:53171791,Südendstraße./ Brauerstr.,1,2026-05-20 08:40:20+02
NBF:Station:300645,HaDiKo,6,2026-05-20 08:40:20+02
NBF:Station:462159,Oberreut - Zentrum,6,2026-05-20 08:40:20+02
NBF:Station:1390,Karlstraße / Waldstraße,1,2026-05-20 08:40:20+02
NBF:Station:367726,KIT Ost,2,2026-05-20 08:40:20+02
NBF:Station:37983357,Adenauerring,1,2026-05-20 08:40:20+02
NBF:Station:6352777,Zeppelinstraße / Benzstraße,3,2026-05-20 08:40:20+02
NBF:Station:289942,Durlach - Bahnhof ,3,2026-05-20 08:40:20+02
NBF:Station:264394,Hauptbahnhof / Touristinformation,2,2026-05-20 08:40:20+02
NBF:Station:280260,Nordweststadt - Kurt-Schumacher-Straße,3,2026-05-20 08:40:20+02
NBF:Station:458,Erbprinzenstr.,1,2026-05-20 08:40:20+02
NBF:Station:281794,Agentur für Arbeit,1,2026-05-20 08:40:20+02
NBF:Station:462181,Daxlanden - Stadtwerke,5,2026-05-20 08:40:20+02
NBF:Station:285510,Adenauerring / Fasanengarten,3,2026-05-20 08:40:20+02
NBF:Station:289944,Rommelstr. / Auerstr.,4,2026-05-20 08:40:20+02
NBF:Station:54869634,Knielingen./Rheinbergstraße,3,2026-05-20 08:40:20+02
NBF:Station:280259,Werderplatz,0,2026-05-20 08:40:20+02
NBF:Station:392504,L-Bank,0,2026-05-20 08:40:20+02
NBF:Station:78972260,Servicescope,3,2026-05-20 08:40:20+02
NBF:Station:289946,Durlach Schlossplatz,2,2026-05-20 08:40:20+02
NBF:Station:53001693,Knielinger Allee/Franz-Lust-Straße,0,2026-05-20 08:40:20+02
NBF:Station:280263,Fächerbad,4,2026-05-20 08:40:20+02
NBF:Station:37983402,Tennesseeallee - CAMPUSbike KIT,1,2026-05-20 08:40:20+02
NBF:Station:52997350,Schloss Rüppurr,3,2026-05-20 08:40:20+02
NBF:Station:297942,Neuer Zirkel / Englerstr.,3,2026-05-20 08:40:20+02
NBF:Station:462181,Daxlanden - Stadtwerke,5,2026-05-20 08:10:07+02
NBF:Station:285510,Adenauerring / Fasanengarten,3,2026-05-20 08:10:07+02
NBF:Station:289944,Rommelstr. / Auerstr.,4,2026-05-20 08:10:07+02
NBF:Station:54869634,Knielingen./Rheinbergstraße,3,2026-05-20 08:10:07+02
NBF:Station:280259,Werderplatz,2,2026-05-20 08:10:07+02
NBF:Station:392504,L-Bank,1,2026-05-20 08:10:07+02
NBF:Station:289946,Durlach Schlossplatz,2,2026-05-20 08:10:07+02
NBF:Station:78972260,Servicescope,3,2026-05-20 08:10:07+02
NBF:Station:280263,Fächerbad,4,2026-05-20 08:10:07+02
NBF:Station:53001693,Knielinger Allee/Franz-Lust-Straße,2,2026-05-20 08:10:07+02
NBF:Station:37983402,Tennesseeallee - CAMPUSbike KIT,2,2026-05-20 08:10:07+02
NBF:Station:52997350,Schloss Rüppurr,3,2026-05-20 08:10:07+02
NBF:Station:297942,Neuer Zirkel / Englerstr.,1,2026-05-20 08:10:07+02
NBF:Station:280253,Karl-Wilhelm-Platz,1,2026-05-20 08:10:07+02
NBF:Station:50819425,Knielinger Allee - CAMPUSbike HSKA,8,2026-05-20 08:10:07+02
NBF:Station:280250,Kolpingplatz,1,2026-05-20 08:10:07+02
NBF:Station:53171791,Südendstraße./ Brauerstr.,1,2026-05-20 08:10:07+02
NBF:Station:300645,HaDiKo,7,2026-05-20 08:10:07+02
NBF:Station:462174,Bulach - Grünwinkler Straße,8,2026-05-20 08:10:07+02
NBF:Station:280255,Kreativpark/Alter Schlachthof,2,2026-05-20 08:10:07+02
NBF:Station:1390,Karlstraße / Waldstraße,0,2026-05-20 08:10:07+02
NBF:Station:462159,Oberreut - Zentrum,6,2026-05-20 08:10:07+02
NBF:Station:462165,Rüppurr – Tulpenstraße,3,2026-05-20 08:10:07+02
NBF:Station:367726,KIT Ost,2,2026-05-20 08:10:07+02
NBF:Station:6352777,Zeppelinstraße / Benzstraße,3,2026-05-20 08:10:07+02
NBF:Station:289942,Durlach - Bahnhof ,3,2026-05-20 08:10:07+02
NBF:Station:264394,Hauptbahnhof / Touristinformation,2,2026-05-20 08:10:07+02
NBF:Station:280260,Nordweststadt - Kurt-Schumacher-Straße,3,2026-05-20 08:10:07+02
NBF:Station:281794,Agentur für Arbeit,1,2026-05-20 08:10:07+02
NBF:Station:462165,Rüppurr – Tulpenstraße,3,2026-05-20 07:35:12+02
NBF:Station:367726,KIT Ost,0,2026-05-20 07:35:12+02
NBF:Station:280250,Kolpingplatz,1,2026-05-20 07:35:12+02
NBF:Station:50819425,Knielinger Allee - CAMPUSbike HSKA,3,2026-05-20 07:35:12+02
NBF:Station:280253,Karl-Wilhelm-Platz,0,2026-05-20 07:35:12+02
NBF:Station:462174,Bulach - Grünwinkler Straße,8,2026-05-20 07:35:12+02
NBF:Station:53171791,Südendstraße./ Brauerstr.,1,2026-05-20 07:35:12+02
NBF:Station:280255,Kreativpark/Alter Schlachthof,1,2026-05-20 07:35:12+02
NBF:Station:300645,HaDiKo,13,2026-05-20 07:35:12+02
NBF:Station:1390,Karlstraße / Waldstraße,2,2026-05-20 07:35:12+02
NBF:Station:462159,Oberreut - Zentrum,6,2026-05-20 07:35:12+02
NBF:Station:280260,Nordweststadt - Kurt-Schumacher-Straße,4,2026-05-20 07:35:12+02
NBF:Station:281794,Agentur für Arbeit,1,2026-05-20 07:35:12+02
NBF:Station:6352777,Zeppelinstraße / Benzstraße,2,2026-05-20 07:35:12+02
NBF:Station:289942,Durlach - Bahnhof ,2,2026-05-20 07:35:12+02
NBF:Station:264394,Hauptbahnhof / Touristinformation,7,2026-05-20 07:35:12+02
NBF:Station:289944,Rommelstr. / Auerstr.,4,2026-05-20 07:35:12+02
NBF:Station:54869634,Knielingen./Rheinbergstraße,3,2026-05-20 07:35:12+02
NBF:Station:462181,Daxlanden - Stadtwerke,5,2026-05-20 07:35:12+02
NBF:Station:37983402,Tennesseeallee - CAMPUSbike KIT,4,2026-05-20 07:35:12+02
NBF:Station:280263,Fächerbad,4,2026-05-20 07:35:12+02
NBF:Station:53001693,Knielinger Allee/Franz-Lust-Straße,0,2026-05-20 07:35:12+02
NBF:Station:52997350,Schloss Rüppurr,3,2026-05-20 07:35:12+02
NBF:Station:280259,Werderplatz,2,2026-05-20 07:35:12+02
NBF:Station:392504,L-Bank,0,2026-05-20 07:35:12+02
NBF:Station:289946,Durlach Schlossplatz,2,2026-05-20 07:35:12+02
NBF:Station:78972260,Servicescope,3,2026-05-20 07:35:12+02
NBF:Station:53001693,Knielinger Allee/Franz-Lust-Straße,5,2026-05-20 07:00:54+02
NBF:Station:280263,Fächerbad,4,2026-05-20 07:00:54+02
NBF:Station:37983402,Tennesseeallee - CAMPUSbike KIT,3,2026-05-20 07:00:54+02
NBF:Station:52997350,Schloss Rüppurr,3,2026-05-20 07:00:54+02
NBF:Station:78970799,Durlach - Alte Karlsruher Straße,1,2026-05-20 07:00:54+02
NBF:Station:280259,Werderplatz,2,2026-05-20 07:00:54+02
NBF:Station:78972260,Servicescope,3,2026-05-20 07:00:54+02
NBF:Station:289946,Durlach Schlossplatz,2,2026-05-20 07:00:54+02
NBF:Station:392504,L-Bank,1,2026-05-20 07:00:54+02
NBF:Station:289944,Rommelstr. / Auerstr.,4,2026-05-20 07:00:54+02
NBF:Station:54869634,Knielingen./Rheinbergstraße,3,2026-05-20 07:00:54+02
NBF:Station:462181,Daxlanden - Stadtwerke,5,2026-05-20 07:00:54+02
NBF:Station:280260,Nordweststadt - Kurt-Schumacher-Straße,4,2026-05-20 07:00:54+02
NBF:Station:281794,Agentur für Arbeit,1,2026-05-20 07:00:54+02
NBF:Station:289942,Durlach - Bahnhof ,2,2026-05-20 07:00:54+02
NBF:Station:6352777,Zeppelinstraße / Benzstraße,2,2026-05-20 07:00:54+02
NBF:Station:264394,Hauptbahnhof / Touristinformation,4,2026-05-20 07:00:54+02
NBF:Station:367726,KIT Ost,1,2026-05-20 07:00:54+02
NBF:Station:462165,Rüppurr – Tulpenstraße,3,2026-05-20 07:00:54+02
NBF:Station:280255,Kreativpark/Alter Schlachthof,1,2026-05-20 07:00:54+02
NBF:Station:462174,Bulach - Grünwinkler Straße,8,2026-05-20 07:00:54+02
NBF:Station:53171791,Südendstraße./ Brauerstr.,1,2026-05-20 07:00:54+02
NBF:Station:280253,Karl-Wilhelm-Platz,1,2026-05-20 07:00:54+02
NBF:Station:280250,Kolpingplatz,1,2026-05-20 07:00:54+02
NBF:Station:462159,Oberreut - Zentrum,6,2026-05-20 07:00:54+02
NBF:Station:1390,Karlstraße / Waldstraße,2,2026-05-20 07:00:54+02
NBF:Station:300645,HaDiKo,13,2026-05-20 07:00:54+02
NBF:Station:54869634,Knielingen./Rheinbergstraße,3,2026-05-20 06:24:50+02
NBF:Station:289944,Rommelstr. / Auerstr.,4,2026-05-20 06:24:50+02
NBF:Station:462181,Daxlanden - Stadtwerke,5,2026-05-20 06:24:50+02
NBF:Station:52997350,Schloss Rüppurr,3,2026-05-20 06:24:50+02
NBF:Station:280263,Fächerbad,4,2026-05-20 06:24:50+02
NBF:Station:53001693,Knielinger Allee/Franz-Lust-Straße,5,2026-05-20 06:24:50+02
NBF:Station:37983402,Tennesseeallee - CAMPUSbike KIT,3,2026-05-20 06:24:50+02
NBF:Station:392504,L-Bank,1,2026-05-20 06:24:50+02
NBF:Station:289946,Durlach Schlossplatz,3,2026-05-20 06:24:50+02
NBF:Station:78972260,Servicescope,3,2026-05-20 06:24:50+02
NBF:Station:280259,Werderplatz,2,2026-05-20 06:24:50+02
NBF:Station:78970799,Durlach - Alte Karlsruher Straße,1,2026-05-20 06:24:50+02
NBF:Station:462165,Rüppurr – Tulpenstraße,3,2026-05-20 06:24:50+02
NBF:Station:367726,KIT Ost,1,2026-05-20 06:24:50+02
NBF:Station:300645,HaDiKo,13,2026-05-20 06:24:50+02
NBF:Station:1390,Karlstraße / Waldstraße,2,2026-05-20 06:24:50+02
NBF:Station:462159,Oberreut - Zentrum,6,2026-05-20 06:24:50+02
NBF:Station:280253,Karl-Wilhelm-Platz,1,2026-05-20 06:24:50+02
NBF:Station:280250,Kolpingplatz,1,2026-05-20 06:24:50+02
NBF:Station:462174,Bulach - Grünwinkler Straße,8,2026-05-20 06:24:50+02
NBF:Station:53171791,Südendstraße./ Brauerstr.,1,2026-05-20 06:24:50+02
NBF:Station:280255,Kreativpark/Alter Schlachthof,1,2026-05-20 06:24:50+02
NBF:Station:281794,Agentur für Arbeit,1,2026-05-20 06:24:50+02
NBF:Station:280260,Nordweststadt - Kurt-Schumacher-Straße,4,2026-05-20 06:24:50+02
NBF:Station:264394,Hauptbahnhof / Touristinformation,2,2026-05-20 06:24:50+02
NBF:Station:6352777,Zeppelinstraße / Benzstraße,2,2026-05-20 06:24:50+02
NBF:Station:289942,Durlach - Bahnhof ,1,2026-05-20 06:24:50+02
NBF:Station:52997350,Schloss Rüppurr,3,2026-05-20 05:49:06+02
NBF:Station:280263,Fächerbad,4,2026-05-20 05:49:06+02
NBF:Station:53001693,Knielinger Allee/Franz-Lust-Straße,5,2026-05-20 05:49:06+02
NBF:Station:37983402,Tennesseeallee - CAMPUSbike KIT,4,2026-05-20 05:49:06+02
NBF:Station:289946,Durlach Schlossplatz,3,2026-05-20 05:49:06+02
NBF:Station:78972260,Servicescope,3,2026-05-20 05:49:06+02
NBF:Station:392504,L-Bank,1,2026-05-20 05:49:06+02
NBF:Station:280259,Werderplatz,2,2026-05-20 05:49:06+02
NBF:Station:78970799,Durlach - Alte Karlsruher Straße,1,2026-05-20 05:49:06+02
NBF:Station:54869634,Knielingen./Rheinbergstraße,3,2026-05-20 05:49:06+02
NBF:Station:289944,Rommelstr. / Auerstr.,4,2026-05-20 05:49:06+02
NBF:Station:462181,Daxlanden - Stadtwerke,5,2026-05-20 05:49:06+02
NBF:Station:281794,Agentur für Arbeit,1,2026-05-20 05:49:06+02
NBF:Station:280251,Mühlburger Tor / Kaiserplatz ,1,2026-05-20 05:49:06+02
NBF:Station:280260,Nordweststadt - Kurt-Schumacher-Straße,4,2026-05-20 05:49:06+02
NBF:Station:264394,Hauptbahnhof / Touristinformation,2,2026-05-20 05:49:06+02
NBF:Station:289942,Durlach - Bahnhof ,1,2026-05-20 05:49:06+02
NBF:Station:6352777,Zeppelinstraße / Benzstraße,2,2026-05-20 05:49:06+02
NBF:Station:367726,KIT Ost,1,2026-05-20 05:49:06+02
NBF:Station:462165,Rüppurr – Tulpenstraße,3,2026-05-20 05:49:06+02
NBF:Station:462159,Oberreut - Zentrum,6,2026-05-20 05:49:06+02
NBF:Station:1390,Karlstraße / Waldstraße,2,2026-05-20 05:49:06+02
NBF:Station:300645,HaDiKo,14,2026-05-20 05:49:06+02
NBF:Station:462174,Bulach - Grünwinkler Straße,8,2026-05-20 05:49:06+02
NBF:Station:53171791,Südendstraße./ Brauerstr.,1,2026-05-20 05:49:06+02
NBF:Station:280255,Kreativpark/Alter Schlachthof,1,2026-05-20 05:49:06+02
NBF:Station:280253,Karl-Wilhelm-Platz,1,2026-05-20 05:49:06+02
NBF:Station:280250,Kolpingplatz,1,2026-05-20 05:49:06+02
NBF:Station:54869634,Knielingen./Rheinbergstraße,3,2026-05-20 05:12:25+02
NBF:Station:289944,Rommelstr. / Auerstr.,4,2026-05-20 05:12:25+02
NBF:Station:462181,Daxlanden - Stadtwerke,5,2026-05-20 05:12:25+02
NBF:Station:52997350,Schloss Rüppurr,3,2026-05-20 05:12:25+02
NBF:Station:392504,L-Bank,1,2026-05-20 05:12:25+02
NBF:Station:37983402,Tennesseeallee - CAMPUSbike KIT,4,2026-05-20 05:12:25+02
NBF:Station:280263,Fächerbad,4,2026-05-20 05:12:25+02
NBF:Station:53001693,Knielinger Allee/Franz-Lust-Straße,5,2026-05-20 05:12:25+02
NBF:Station:289946,Durlach Schlossplatz,3,2026-05-20 05:12:25+02
NBF:Station:78972260,Servicescope,3,2026-05-20 05:12:25+02
NBF:Station:280259,Werderplatz,2,2026-05-20 05:12:25+02
NBF:Station:78970799,Durlach - Alte Karlsruher Straße,1,2026-05-20 05:12:25+02
NBF:Station:462165,Rüppurr – Tulpenstraße,3,2026-05-20 05:12:25+02
NBF:Station:367726,KIT Ost,1,2026-05-20 05:12:25+02
NBF:Station:300645,HaDiKo,16,2026-05-20 05:12:25+02
NBF:Station:1390,Karlstraße / Waldstraße,2,2026-05-20 05:12:25+02
NBF:Station:462159,Oberreut - Zentrum,6,2026-05-20 05:12:25+02
NBF:Station:280250,Kolpingplatz,1,2026-05-20 05:12:25+02
NBF:Station:280253,Karl-Wilhelm-Platz,1,2026-05-20 05:12:25+02
NBF:Station:53171791,Südendstraße./ Brauerstr.,1,2026-05-20 05:12:25+02
NBF:Station:462174,Bulach - Grünwinkler Straße,8,2026-05-20 05:12:25+02
NBF:Station:280255,Kreativpark/Alter Schlachthof,1,2026-05-20 05:12:25+02
NBF:Station:281794,Agentur für Arbeit,1,2026-05-20 05:12:25+02
NBF:Station:280251,Mühlburger Tor / Kaiserplatz ,1,2026-05-20 05:12:25+02
NBF:Station:280260,Nordweststadt - Kurt-Schumacher-Straße,4,2026-05-20 05:12:25+02
NBF:Station:264394,Hauptbahnhof / Touristinformation,2,2026-05-20 05:12:25+02
NBF:Station:6352777,Zeppelinstraße / Benzstraße,2,2026-05-20 05:12:25+02
NBF:Station:289942,Durlach - Bahnhof ,1,2026-05-20 05:12:25+02
NBF:Station:78972260,Servicescope,3,2026-05-20 04:36:29+02
NBF:Station:289946,Durlach Schlossplatz,3,2026-05-20 04:36:29+02
NBF:Station:392504,L-Bank,1,2026-05-20 04:36:29+02
NBF:Station:78970799,Durlach - Alte Karlsruher Straße,1,2026-05-20 04:36:29+02
NBF:Station:280259,Werderplatz,2,2026-05-20 04:36:29+02
NBF:Station:280263,Fächerbad,4,2026-05-20 04:36:29+02
NBF:Station:52997350,Schloss Rüppurr,3,2026-05-20 04:36:29+02
NBF:Station:53001693,Knielinger Allee/Franz-Lust-Straße,5,2026-05-20 04:36:29+02
NBF:Station:37983402,Tennesseeallee - CAMPUSbike KIT,4,2026-05-20 04:36:29+02
NBF:Station:462181,Daxlanden - Stadtwerke,5,2026-05-20 04:36:29+02
NBF:Station:54869634,Knielingen./Rheinbergstraße,3,2026-05-20 04:36:29+02
NBF:Station:289944,Rommelstr. / Auerstr.,4,2026-05-20 04:36:29+02
NBF:Station:264394,Hauptbahnhof / Touristinformation,1,2026-05-20 04:36:29+02
NBF:Station:289942,Durlach - Bahnhof ,1,2026-05-20 04:36:29+02
NBF:Station:6352777,Zeppelinstraße / Benzstraße,2,2026-05-20 04:36:29+02
NBF:Station:281794,Agentur für Arbeit,1,2026-05-20 04:36:29+02
NBF:Station:280260,Nordweststadt - Kurt-Schumacher-Straße,4,2026-05-20 04:36:29+02
NBF:Station:280251,Mühlburger Tor / Kaiserplatz ,1,2026-05-20 04:36:29+02
NBF:Station:462159,Oberreut - Zentrum,6,2026-05-20 04:36:29+02
NBF:Station:1390,Karlstraße / Waldstraße,2,2026-05-20 04:36:29+02
NBF:Station:300645,HaDiKo,16,2026-05-20 04:36:29+02
NBF:Station:280255,Kreativpark/Alter Schlachthof,1,2026-05-20 04:36:29+02
NBF:Station:462174,Bulach - Grünwinkler Straße,8,2026-05-20 04:36:29+02
NBF:Station:53171791,Südendstraße./ Brauerstr.,1,2026-05-20 04:36:29+02
NBF:Station:280253,Karl-Wilhelm-Platz,1,2026-05-20 04:36:29+02
NBF:Station:280250,Kolpingplatz,1,2026-05-20 04:36:29+02
NBF:Station:367726,KIT Ost,1,2026-05-20 04:36:29+02
NBF:Station:462165,Rüppurr – Tulpenstraße,3,2026-05-20 04:36:29+02
NBF:Station:462181,Daxlanden - Stadtwerke,5,2026-05-20 04:01:16+02
NBF:Station:54869634,Knielingen./Rheinbergstraße,3,2026-05-20 04:01:16+02
NBF:Station:289944,Rommelstr. / Auerstr.,4,2026-05-20 04:01:16+02
NBF:Station:78972260,Servicescope,3,2026-05-20 04:01:16+02
NBF:Station:289946,Durlach Schlossplatz,3,2026-05-20 04:01:16+02
NBF:Station:392504,L-Bank,1,2026-05-20 04:01:16+02
NBF:Station:78970799,Durlach - Alte Karlsruher Straße,1,2026-05-20 04:01:16+02
NBF:Station:280259,Werderplatz,2,2026-05-20 04:01:16+02
NBF:Station:52997350,Schloss Rüppurr,3,2026-05-20 04:01:16+02
NBF:Station:53001693,Knielinger Allee/Franz-Lust-Straße,5,2026-05-20 04:01:16+02
NBF:Station:280263,Fächerbad,4,2026-05-20 04:01:16+02
NBF:Station:37983402,Tennesseeallee - CAMPUSbike KIT,4,2026-05-20 04:01:16+02
NBF:Station:462159,Oberreut - Zentrum,6,2026-05-20 04:01:16+02
NBF:Station:1390,Karlstraße / Waldstraße,2,2026-05-20 04:01:16+02
NBF:Station:300645,HaDiKo,16,2026-05-20 04:01:16+02
NBF:Station:280255,Kreativpark/Alter Schlachthof,1,2026-05-20 04:01:16+02
NBF:Station:53171791,Südendstraße./ Brauerstr.,1,2026-05-20 04:01:16+02
NBF:Station:462174,Bulach - Grünwinkler Straße,8,2026-05-20 04:01:16+02
NBF:Station:280253,Karl-Wilhelm-Platz,1,2026-05-20 04:01:16+02
NBF:Station:280250,Kolpingplatz,1,2026-05-20 04:01:16+02
NBF:Station:367726,KIT Ost,1,2026-05-20 04:01:16+02
NBF:Station:462165,Rüppurr – Tulpenstraße,3,2026-05-20 04:01:16+02
NBF:Station:264394,Hauptbahnhof / Touristinformation,1,2026-05-20 04:01:16+02
NBF:Station:289942,Durlach - Bahnhof ,1,2026-05-20 04:01:16+02
NBF:Station:6352777,Zeppelinstraße / Benzstraße,2,2026-05-20 04:01:16+02
NBF:Station:281794,Agentur für Arbeit,1,2026-05-20 04:01:16+02
NBF:Station:280260,Nordweststadt - Kurt-Schumacher-Straße,4,2026-05-20 04:01:16+02
NBF:Station:280251,Mühlburger Tor / Kaiserplatz ,1,2026-05-20 04:01:16+02
NBF:Station:264394,Hauptbahnhof / Touristinformation,1,2026-05-20 03:26:01+02
NBF:Station:6352777,Zeppelinstraße / Benzstraße,2,2026-05-20 03:26:01+02
NBF:Station:289942,Durlach - Bahnhof ,1,2026-05-20 03:26:01+02
NBF:Station:281794,Agentur für Arbeit,1,2026-05-20 03:26:01+02
NBF:Station:280260,Nordweststadt - Kurt-Schumacher-Straße,4,2026-05-20 03:26:01+02
NBF:Station:280251,Mühlburger Tor / Kaiserplatz ,1,2026-05-20 03:26:01+02
NBF:Station:300645,HaDiKo,12,2026-05-20 03:26:01+02
NBF:Station:462159,Oberreut - Zentrum,6,2026-05-20 03:26:01+02
NBF:Station:1390,Karlstraße / Waldstraße,2,2026-05-20 03:26:01+02
NBF:Station:280250,Kolpingplatz,1,2026-05-20 03:26:01+02
NBF:Station:280253,Karl-Wilhelm-Platz,1,2026-05-20 03:26:01+02
NBF:Station:280255,Kreativpark/Alter Schlachthof,1,2026-05-20 03:26:01+02
NBF:Station:462174,Bulach - Grünwinkler Straße,8,2026-05-20 03:26:01+02
NBF:Station:53171791,Südendstraße./ Brauerstr.,1,2026-05-20 03:26:01+02
NBF:Station:462165,Rüppurr – Tulpenstraße,3,2026-05-20 03:26:01+02
NBF:Station:367726,KIT Ost,1,2026-05-20 03:26:01+02
NBF:Station:392504,L-Bank,0,2026-05-20 03:26:01+02
NBF:Station:78972260,Servicescope,3,2026-05-20 03:26:01+02
NBF:Station:289946,Durlach Schlossplatz,3,2026-05-20 03:26:01+02
NBF:Station:78970799,Durlach - Alte Karlsruher Straße,1,2026-05-20 03:26:01+02
NBF:Station:280259,Werderplatz,2,2026-05-20 03:26:01+02
NBF:Station:52997350,Schloss Rüppurr,3,2026-05-20 03:26:01+02
NBF:Station:37983402,Tennesseeallee - CAMPUSbike KIT,4,2026-05-20 03:26:01+02
NBF:Station:53001693,Knielinger Allee/Franz-Lust-Straße,5,2026-05-20 03:26:01+02
NBF:Station:280263,Fächerbad,4,2026-05-20 03:26:01+02
NBF:Station:462181,Daxlanden - Stadtwerke,5,2026-05-20 03:26:01+02
NBF:Station:54869634,Knielingen./Rheinbergstraße,3,2026-05-20 03:26:01+02
NBF:Station:289944,Rommelstr. / Auerstr.,4,2026-05-20 03:26:01+02
NBF:Station:280260,Nordweststadt - Kurt-Schumacher-Straße,4,2026-05-20 02:49:09+02
NBF:Station:280251,Mühlburger Tor / Kaiserplatz ,1,2026-05-20 02:49:09+02
NBF:Station:281794,Agentur für Arbeit,1,2026-05-20 02:49:09+02
NBF:Station:289942,Durlach - Bahnhof ,1,2026-05-20 02:49:09+02
NBF:Station:6352777,Zeppelinstraße / Benzstraße,2,2026-05-20 02:49:09+02
NBF:Station:264394,Hauptbahnhof / Touristinformation,1,2026-05-20 02:49:09+02
NBF:Station:367726,KIT Ost,1,2026-05-20 02:49:09+02
NBF:Station:462165,Rüppurr – Tulpenstraße,3,2026-05-20 02:49:09+02
NBF:Station:280255,Kreativpark/Alter Schlachthof,1,2026-05-20 02:49:09+02
NBF:Station:53171791,Südendstraße./ Brauerstr.,1,2026-05-20 02:49:09+02
NBF:Station:462174,Bulach - Grünwinkler Straße,8,2026-05-20 02:49:09+02
NBF:Station:280250,Kolpingplatz,1,2026-05-20 02:49:09+02
NBF:Station:280253,Karl-Wilhelm-Platz,1,2026-05-20 02:49:09+02
NBF:Station:462159,Oberreut - Zentrum,6,2026-05-20 02:49:09+02
NBF:Station:1390,Karlstraße / Waldstraße,2,2026-05-20 02:49:09+02
NBF:Station:300645,HaDiKo,12,2026-05-20 02:49:09+02
NBF:Station:37983402,Tennesseeallee - CAMPUSbike KIT,4,2026-05-20 02:49:09+02
NBF:Station:53001693,Knielinger Allee/Franz-Lust-Straße,4,2026-05-20 02:49:09+02
NBF:Station:280263,Fächerbad,4,2026-05-20 02:49:09+02
NBF:Station:52997350,Schloss Rüppurr,3,2026-05-20 02:49:09+02
NBF:Station:78970799,Durlach - Alte Karlsruher Straße,1,2026-05-20 02:49:09+02
NBF:Station:280259,Werderplatz,2,2026-05-20 02:49:09+02
NBF:Station:78972260,Servicescope,3,2026-05-20 02:49:09+02
NBF:Station:289946,Durlach Schlossplatz,3,2026-05-20 02:49:09+02
NBF:Station:392504,L-Bank,3,2026-05-20 02:49:09+02
NBF:Station:289944,Rommelstr. / Auerstr.,4,2026-05-20 02:49:09+02
NBF:Station:54869634,Knielingen./Rheinbergstraße,3,2026-05-20 02:49:09+02
NBF:Station:462181,Daxlanden - Stadtwerke,5,2026-05-20 02:49:09+02
NBF:Station:289944,Rommelstr. / Auerstr.,4,2026-05-20 02:15:56+02
NBF:Station:54869634,Knielingen./Rheinbergstraße,3,2026-05-20 02:15:56+02
NBF:Station:280259,Werderplatz,2,2026-05-20 02:15:56+02
NBF:Station:462181,Daxlanden - Stadtwerke,5,2026-05-20 02:15:56+02
NBF:Station:37983402,Tennesseeallee - CAMPUSbike KIT,4,2026-05-20 02:15:56+02
NBF:Station:280263,Fächerbad,4,2026-05-20 02:15:56+02
NBF:Station:53001693,Knielinger Allee/Franz-Lust-Straße,5,2026-05-20 02:15:56+02
NBF:Station:52997350,Schloss Rüppurr,3,2026-05-20 02:15:56+02
NBF:Station:78970799,Durlach - Alte Karlsruher Straße,1,2026-05-20 02:15:56+02
NBF:Station:392504,L-Bank,3,2026-05-20 02:15:56+02
NBF:Station:289946,Durlach Schlossplatz,3,2026-05-20 02:15:56+02
NBF:Station:78972260,Servicescope,3,2026-05-20 02:15:56+02
NBF:Station:462165,Rüppurr – Tulpenstraße,3,2026-05-20 02:15:56+02
NBF:Station:367726,KIT Ost,1,2026-05-20 02:15:56+02
NBF:Station:280250,Kolpingplatz,1,2026-05-20 02:15:56+02
NBF:Station:280253,Karl-Wilhelm-Platz,1,2026-05-20 02:15:56+02
NBF:Station:53171791,Südendstraße./ Brauerstr.,1,2026-05-20 02:15:56+02
NBF:Station:462174,Bulach - Grünwinkler Straße,8,2026-05-20 02:15:56+02
NBF:Station:280255,Kreativpark/Alter Schlachthof,1,2026-05-20 02:15:56+02
NBF:Station:300645,HaDiKo,12,2026-05-20 02:15:56+02
NBF:Station:1390,Karlstraße / Waldstraße,2,2026-05-20 02:15:56+02
NBF:Station:462159,Oberreut - Zentrum,6,2026-05-20 02:15:56+02
NBF:Station:280251,Mühlburger Tor / Kaiserplatz ,1,2026-05-20 02:15:56+02
NBF:Station:280260,Nordweststadt - Kurt-Schumacher-Straße,4,2026-05-20 02:15:56+02
NBF:Station:281794,Agentur für Arbeit,1,2026-05-20 02:15:56+02
NBF:Station:6352777,Zeppelinstraße / Benzstraße,2,2026-05-20 02:15:56+02
NBF:Station:289942,Durlach - Bahnhof ,1,2026-05-20 02:15:56+02
NBF:Station:264394,Hauptbahnhof / Touristinformation,1,2026-05-20 02:15:56+02
NBF:Station:392504,L-Bank,3,2026-05-20 01:41:27+02
NBF:Station:289946,Durlach Schlossplatz,3,2026-05-20 01:41:27+02
NBF:Station:78972260,Servicescope,3,2026-05-20 01:41:27+02
NBF:Station:280259,Werderplatz,2,2026-05-20 01:41:27+02
NBF:Station:78970799,Durlach - Alte Karlsruher Straße,1,2026-05-20 01:41:27+02
NBF:Station:280322,KIT Süd,1,2026-05-20 01:41:27+02
NBF:Station:52997350,Schloss Rüppurr,3,2026-05-20 01:41:27+02
NBF:Station:280263,Fächerbad,4,2026-05-20 01:41:27+02
NBF:Station:53001693,Knielinger Allee/Franz-Lust-Straße,4,2026-05-20 01:41:27+02
NBF:Station:37983402,Tennesseeallee - CAMPUSbike KIT,5,2026-05-20 01:41:27+02
NBF:Station:462181,Daxlanden - Stadtwerke,5,2026-05-20 01:41:27+02
NBF:Station:54869634,Knielingen./Rheinbergstraße,3,2026-05-20 01:41:27+02
NBF:Station:289944,Rommelstr. / Auerstr.,4,2026-05-20 01:41:27+02
NBF:Station:264394,Hauptbahnhof / Touristinformation,1,2026-05-20 01:41:27+02
NBF:Station:6352777,Zeppelinstraße / Benzstraße,2,2026-05-20 01:41:27+02
NBF:Station:289942,Durlach - Bahnhof ,1,2026-05-20 01:41:27+02
NBF:Station:281794,Agentur für Arbeit,1,2026-05-20 01:41:27+02
NBF:Station:280251,Mühlburger Tor / Kaiserplatz ,1,2026-05-20 01:41:27+02
NBF:Station:280260,Nordweststadt - Kurt-Schumacher-Straße,4,2026-05-20 01:41:27+02
NBF:Station:300645,HaDiKo,10,2026-05-20 01:41:27+02
NBF:Station:1390,Karlstraße / Waldstraße,2,2026-05-20 01:41:27+02
NBF:Station:462159,Oberreut - Zentrum,6,2026-05-20 01:41:27+02
NBF:Station:280253,Karl-Wilhelm-Platz,1,2026-05-20 01:41:27+02
NBF:Station:280250,Kolpingplatz,1,2026-05-20 01:41:27+02
NBF:Station:53171791,Südendstraße./ Brauerstr.,1,2026-05-20 01:41:27+02
NBF:Station:462174,Bulach - Grünwinkler Straße,8,2026-05-20 01:41:27+02
NBF:Station:280255,Kreativpark/Alter Schlachthof,1,2026-05-20 01:41:27+02
NBF:Station:462165,Rüppurr – Tulpenstraße,3,2026-05-20 01:41:27+02
NBF:Station:367726,KIT Ost,1,2026-05-20 01:41:27+02
NBF:Station:289942,Durlach - Bahnhof ,1,2026-05-20 01:05:54+02
NBF:Station:6352777,Zeppelinstraße / Benzstraße,2,2026-05-20 01:05:54+02
NBF:Station:264394,Hauptbahnhof / Touristinformation,2,2026-05-20 01:05:54+02
NBF:Station:280260,Nordweststadt - Kurt-Schumacher-Straße,4,2026-05-20 01:05:54+02
NBF:Station:280251,Mühlburger Tor / Kaiserplatz ,1,2026-05-20 01:05:54+02
NBF:Station:281794,Agentur für Arbeit,1,2026-05-20 01:05:54+02
NBF:Station:78971440,Gerwigstraße,1,2026-05-20 01:05:54+02
NBF:Station:280255,Kreativpark/Alter Schlachthof,1,2026-05-20 01:05:54+02
NBF:Station:53171791,Südendstraße./ Brauerstr.,1,2026-05-20 01:05:54+02
NBF:Station:462174,Bulach - Grünwinkler Straße,8,2026-05-20 01:05:54+02
NBF:Station:280250,Kolpingplatz,1,2026-05-20 01:05:54+02
NBF:Station:280253,Karl-Wilhelm-Platz,3,2026-05-20 01:05:54+02
NBF:Station:462159,Oberreut - Zentrum,6,2026-05-20 01:05:54+02
NBF:Station:1390,Karlstraße / Waldstraße,2,2026-05-20 01:05:54+02
NBF:Station:300645,HaDiKo,7,2026-05-20 01:05:54+02
NBF:Station:367726,KIT Ost,1,2026-05-20 01:05:54+02
NBF:Station:289946,Durlach Schlossplatz,3,2026-05-20 01:05:54+02
NBF:Station:462165,Rüppurr – Tulpenstraße,3,2026-05-20 01:05:54+02
NBF:Station:78970799,Durlach - Alte Karlsruher Straße,1,2026-05-20 01:05:54+02
NBF:Station:280259,Werderplatz,2,2026-05-20 01:05:54+02
NBF:Station:78972260,Servicescope,3,2026-05-20 01:05:54+02
NBF:Station:392504,L-Bank,3,2026-05-20 01:05:54+02
NBF:Station:37983402,Tennesseeallee - CAMPUSbike KIT,6,2026-05-20 01:05:54+02
NBF:Station:53001693,Knielinger Allee/Franz-Lust-Straße,5,2026-05-20 01:05:54+02
NBF:Station:280263,Fächerbad,4,2026-05-20 01:05:54+02
NBF:Station:52997350,Schloss Rüppurr,3,2026-05-20 01:05:54+02
NBF:Station:280322,KIT Süd,1,2026-05-20 01:05:54+02
NBF:Station:462181,Daxlanden - Stadtwerke,5,2026-05-20 01:05:54+02
NBF:Station:289944,Rommelstr. / Auerstr.,4,2026-05-20 01:05:54+02
NBF:Station:54869634,Knielingen./Rheinbergstraße,3,2026-05-20 01:05:54+02
NBF:Station:281794,Agentur für Arbeit,1,2026-05-20 00:29:13+02
NBF:Station:367726,KIT Ost,1,2026-05-20 00:29:13+02
NBF:Station:462165,Rüppurr – Tulpenstraße,3,2026-05-20 00:29:13+02
NBF:Station:280255,Kreativpark/Alter Schlachthof,1,2026-05-20 00:29:13+02
NBF:Station:462174,Bulach - Grünwinkler Straße,8,2026-05-20 00:29:13+02
NBF:Station:53171791,Südendstraße./ Brauerstr.,1,2026-05-20 00:29:13+02
NBF:Station:280253,Karl-Wilhelm-Platz,3,2026-05-20 00:29:13+02
NBF:Station:280250,Kolpingplatz,1,2026-05-20 00:29:13+02
NBF:Station:462159,Oberreut - Zentrum,6,2026-05-20 00:29:13+02
NBF:Station:1390,Karlstraße / Waldstraße,1,2026-05-20 00:29:13+02
NBF:Station:300645,HaDiKo,8,2026-05-20 00:29:13+02
NBF:Station:280260,Nordweststadt - Kurt-Schumacher-Straße,4,2026-05-20 00:29:13+02
NBF:Station:280251,Mühlburger Tor / Kaiserplatz ,1,2026-05-20 00:29:13+02
NBF:Station:289942,Durlach - Bahnhof ,1,2026-05-20 00:29:13+02
NBF:Station:6352777,Zeppelinstraße / Benzstraße,2,2026-05-20 00:29:13+02
NBF:Station:264394,Hauptbahnhof / Touristinformation,2,2026-05-20 00:29:13+02
NBF:Station:289944,Rommelstr. / Auerstr.,4,2026-05-20 00:29:13+02
NBF:Station:54869634,Knielingen./Rheinbergstraße,3,2026-05-20 00:29:13+02
NBF:Station:462181,Daxlanden - Stadtwerke,5,2026-05-20 00:29:13+02
NBF:Station:53001693,Knielinger Allee/Franz-Lust-Straße,5,2026-05-20 00:29:13+02
NBF:Station:280263,Fächerbad,4,2026-05-20 00:29:13+02
NBF:Station:392504,L-Bank,3,2026-05-20 00:29:13+02
NBF:Station:37983402,Tennesseeallee - CAMPUSbike KIT,6,2026-05-20 00:29:13+02
NBF:Station:52997350,Schloss Rüppurr,3,2026-05-20 00:29:13+02
NBF:Station:280322,KIT Süd,1,2026-05-20 00:29:13+02
NBF:Station:78970799,Durlach - Alte Karlsruher Straße,1,2026-05-20 00:29:13+02
NBF:Station:78971440,Gerwigstraße,1,2026-05-20 00:29:13+02
NBF:Station:280259,Werderplatz,2,2026-05-20 00:29:13+02
NBF:Station:78972260,Servicescope,3,2026-05-20 00:29:13+02
NBF:Station:289946,Durlach Schlossplatz,3,2026-05-20 00:29:13+02
NBF:Station:289944,Rommelstr. / Auerstr.,4,2026-05-19 23:48:51+02
NBF:Station:54869634,Knielingen./Rheinbergstraße,3,2026-05-19 23:48:51+02
NBF:Station:462181,Daxlanden - Stadtwerke,5,2026-05-19 23:48:51+02
NBF:Station:37983402,Tennesseeallee - CAMPUSbike KIT,6,2026-05-19 23:48:51+02
NBF:Station:53001693,Knielinger Allee/Franz-Lust-Straße,6,2026-05-19 23:48:51+02
NBF:Station:280263,Fächerbad,4,2026-05-19 23:48:51+02
NBF:Station:52997350,Schloss Rüppurr,3,2026-05-19 23:48:51+02
NBF:Station:78970799,Durlach - Alte Karlsruher Straße,1,2026-05-19 23:48:51+02
NBF:Station:280259,Werderplatz,2,2026-05-19 23:48:51+02
NBF:Station:392504,L-Bank,1,2026-05-19 23:48:51+02
NBF:Station:78972260,Servicescope,3,2026-05-19 23:48:51+02
NBF:Station:289946,Durlach Schlossplatz,3,2026-05-19 23:48:51+02
NBF:Station:462165,Rüppurr – Tulpenstraße,3,2026-05-19 23:48:51+02
NBF:Station:280250,Kolpingplatz,1,2026-05-19 23:48:51+02
NBF:Station:280253,Karl-Wilhelm-Platz,3,2026-05-19 23:48:51+02
NBF:Station:280255,Kreativpark/Alter Schlachthof,1,2026-05-19 23:48:51+02
NBF:Station:462174,Bulach - Grünwinkler Straße,8,2026-05-19 23:48:51+02
NBF:Station:53171791,Südendstraße./ Brauerstr.,1,2026-05-19 23:48:51+02
NBF:Station:300645,HaDiKo,7,2026-05-19 23:48:51+02
NBF:Station:462159,Oberreut - Zentrum,6,2026-05-19 23:48:51+02
NBF:Station:1390,Karlstraße / Waldstraße,1,2026-05-19 23:48:51+02
NBF:Station:280260,Nordweststadt - Kurt-Schumacher-Straße,4,2026-05-19 23:48:51+02
NBF:Station:280251,Mühlburger Tor / Kaiserplatz ,1,2026-05-19 23:48:51+02
NBF:Station:281794,Agentur für Arbeit,1,2026-05-19 23:48:51+02
NBF:Station:6352777,Zeppelinstraße / Benzstraße,2,2026-05-19 23:48:51+02
NBF:Station:289942,Durlach - Bahnhof ,1,2026-05-19 23:48:51+02
NBF:Station:264394,Hauptbahnhof / Touristinformation,2,2026-05-19 23:48:51+02
NBF:Station:52997350,Schloss Rüppurr,3,2026-05-19 23:13:16+02
NBF:Station:53001693,Knielinger Allee/Franz-Lust-Straße,7,2026-05-19 23:13:16+02
NBF:Station:280263,Fächerbad,4,2026-05-19 23:13:16+02
NBF:Station:37983402,Tennesseeallee - CAMPUSbike KIT,6,2026-05-19 23:13:16+02
NBF:Station:392504,L-Bank,1,2026-05-19 23:13:16+02
NBF:Station:78972260,Servicescope,3,2026-05-19 23:13:16+02
NBF:Station:289946,Durlach Schlossplatz,3,2026-05-19 23:13:16+02
NBF:Station:78970799,Durlach - Alte Karlsruher Straße,1,2026-05-19 23:13:16+02
NBF:Station:78971440,Gerwigstraße,2,2026-05-19 23:13:16+02
NBF:Station:280259,Werderplatz,3,2026-05-19 23:13:16+02
NBF:Station:54869634,Knielingen./Rheinbergstraße,3,2026-05-19 23:13:16+02
NBF:Station:289944,Rommelstr. / Auerstr.,4,2026-05-19 23:13:16+02
NBF:Station:462181,Daxlanden - Stadtwerke,5,2026-05-19 23:13:16+02
NBF:Station:281794,Agentur für Arbeit,1,2026-05-19 23:13:16+02
NBF:Station:280260,Nordweststadt - Kurt-Schumacher-Straße,4,2026-05-19 23:13:16+02
NBF:Station:280251,Mühlburger Tor / Kaiserplatz ,1,2026-05-19 23:13:16+02
NBF:Station:264394,Hauptbahnhof / Touristinformation,0,2026-05-19 23:13:16+02
NBF:Station:6352777,Zeppelinstraße / Benzstraße,2,2026-05-19 23:13:16+02
NBF:Station:289942,Durlach - Bahnhof ,1,2026-05-19 23:13:16+02
NBF:Station:1390,Karlstraße / Waldstraße,4,2026-05-19 23:13:16+02
NBF:Station:462165,Rüppurr – Tulpenstraße,3,2026-05-19 23:13:16+02
NBF:Station:300645,HaDiKo,6,2026-05-19 23:13:16+02
NBF:Station:462159,Oberreut - Zentrum,6,2026-05-19 23:13:16+02
NBF:Station:280253,Karl-Wilhelm-Platz,2,2026-05-19 23:13:16+02
NBF:Station:280250,Kolpingplatz,1,2026-05-19 23:13:16+02
NBF:Station:280255,Kreativpark/Alter Schlachthof,1,2026-05-19 23:13:16+02
NBF:Station:462174,Bulach - Grünwinkler Straße,8,2026-05-19 23:13:16+02
NBF:Station:53171791,Südendstraße./ Brauerstr.,1,2026-05-19 23:13:16+02
NBF:Station:280250,Kolpingplatz,1,2026-05-19 22:39:18+02
NBF:Station:462165,Rüppurr – Tulpenstraße,3,2026-05-19 22:39:18+02
NBF:Station:367726,KIT Ost,2,2026-05-19 22:39:18+02
NBF:Station:280253,Karl-Wilhelm-Platz,3,2026-05-19 22:39:18+02
NBF:Station:280255,Kreativpark/Alter Schlachthof,2,2026-05-19 22:39:18+02
NBF:Station:462174,Bulach - Grünwinkler Straße,8,2026-05-19 22:39:18+02
NBF:Station:300645,HaDiKo,7,2026-05-19 22:39:18+02
NBF:Station:53171791,Südendstraße./ Brauerstr.,1,2026-05-19 22:39:18+02
NBF:Station:462159,Oberreut - Zentrum,6,2026-05-19 22:39:18+02
NBF:Station:1390,Karlstraße / Waldstraße,4,2026-05-19 22:39:18+02
NBF:Station:280260,Nordweststadt - Kurt-Schumacher-Straße,4,2026-05-19 22:39:18+02
NBF:Station:280251,Mühlburger Tor / Kaiserplatz ,1,2026-05-19 22:39:18+02
NBF:Station:281794,Agentur für Arbeit,1,2026-05-19 22:39:18+02
NBF:Station:6352777,Zeppelinstraße / Benzstraße,2,2026-05-19 22:39:18+02
NBF:Station:289942,Durlach - Bahnhof ,1,2026-05-19 22:39:18+02
NBF:Station:264394,Hauptbahnhof / Touristinformation,2,2026-05-19 22:39:18+02
NBF:Station:289944,Rommelstr. / Auerstr.,4,2026-05-19 22:39:18+02
NBF:Station:54869634,Knielingen./Rheinbergstraße,3,2026-05-19 22:39:18+02
NBF:Station:462181,Daxlanden - Stadtwerke,5,2026-05-19 22:39:18+02
NBF:Station:280259,Werderplatz,2,2026-05-19 22:39:18+02
NBF:Station:37983402,Tennesseeallee - CAMPUSbike KIT,4,2026-05-19 22:39:18+02
NBF:Station:53001693,Knielinger Allee/Franz-Lust-Straße,4,2026-05-19 22:39:18+02
NBF:Station:280263,Fächerbad,4,2026-05-19 22:39:18+02
NBF:Station:52997350,Schloss Rüppurr,3,2026-05-19 22:39:18+02
NBF:Station:297942,Neuer Zirkel / Englerstr.,1,2026-05-19 22:39:18+02
NBF:Station:78970799,Durlach - Alte Karlsruher Straße,1,2026-05-19 22:39:18+02
NBF:Station:78971440,Gerwigstraße,3,2026-05-19 22:39:18+02
NBF:Station:392504,L-Bank,1,2026-05-19 22:39:18+02
NBF:Station:78972260,Servicescope,3,2026-05-19 22:39:18+02
NBF:Station:289946,Durlach Schlossplatz,3,2026-05-19 22:39:18+02
NBF:Station:300645,HaDiKo,5,2026-05-19 22:02:39+02
NBF:Station:462174,Bulach - Grünwinkler Straße,8,2026-05-19 22:02:39+02
NBF:Station:280249,Prinz-Max-Palais,1,2026-05-19 22:02:39+02
NBF:Station:367726,KIT Ost,1,2026-05-19 22:02:39+02
NBF:Station:462165,Rüppurr – Tulpenstraße,4,2026-05-19 22:02:39+02
NBF:Station:1390,Karlstraße / Waldstraße,1,2026-05-19 22:02:39+02
NBF:Station:281794,Agentur für Arbeit,1,2026-05-19 22:02:39+02
NBF:Station:462159,Oberreut - Zentrum,6,2026-05-19 22:02:39+02
NBF:Station:53171791,Südendstraße./ Brauerstr.,1,2026-05-19 22:02:39+02
NBF:Station:280255,Kreativpark/Alter Schlachthof,2,2026-05-19 22:02:39+02
NBF:Station:280250,Kolpingplatz,1,2026-05-19 22:02:39+02
NBF:Station:280253,Karl-Wilhelm-Platz,2,2026-05-19 22:02:39+02
NBF:Station:280260,Nordweststadt - Kurt-Schumacher-Straße,4,2026-05-19 22:02:39+02
NBF:Station:264394,Hauptbahnhof / Touristinformation,2,2026-05-19 22:02:39+02
NBF:Station:289942,Durlach - Bahnhof ,1,2026-05-19 22:02:39+02
NBF:Station:6352777,Zeppelinstraße / Benzstraße,2,2026-05-19 22:02:39+02
NBF:Station:54869634,Knielingen./Rheinbergstraße,3,2026-05-19 22:02:39+02
NBF:Station:289944,Rommelstr. / Auerstr.,4,2026-05-19 22:02:39+02
NBF:Station:462181,Daxlanden - Stadtwerke,5,2026-05-19 22:02:39+02
NBF:Station:52997350,Schloss Rüppurr,3,2026-05-19 22:02:39+02
NBF:Station:37983402,Tennesseeallee - CAMPUSbike KIT,4,2026-05-19 22:02:39+02
NBF:Station:280263,Fächerbad,4,2026-05-19 22:02:39+02
NBF:Station:53001693,Knielinger Allee/Franz-Lust-Straße,3,2026-05-19 22:02:39+02
NBF:Station:289946,Durlach Schlossplatz,3,2026-05-19 22:02:39+02
NBF:Station:78972260,Servicescope,3,2026-05-19 22:02:39+02
NBF:Station:392504,L-Bank,1,2026-05-19 22:02:39+02
NBF:Station:55113155,Reinmuthstraße./ Sudetenstraße,1,2026-05-19 22:02:39+02
NBF:Station:280259,Werderplatz,2,2026-05-19 22:02:39+02
NBF:Station:78970799,Durlach - Alte Karlsruher Straße,1,2026-05-19 22:02:39+02
NBF:Station:78971440,Gerwigstraße,4,2026-05-19 22:02:39+02
NBF:Station:289946,Durlach Schlossplatz,3,2026-05-19 21:20:49+02
NBF:Station:78970799,Durlach - Alte Karlsruher Straße,1,2026-05-19 21:20:49+02
NBF:Station:78971440,Gerwigstraße,2,2026-05-19 21:20:49+02
NBF:Station:280259,Werderplatz,4,2026-05-19 21:20:49+02
NBF:Station:392504,L-Bank,1,2026-05-19 21:20:49+02
NBF:Station:78972260,Servicescope,3,2026-05-19 21:20:49+02
NBF:Station:53001693,Knielinger Allee/Franz-Lust-Straße,2,2026-05-19 21:20:49+02
NBF:Station:280263,Fächerbad,6,2026-05-19 21:20:49+02
NBF:Station:37983402,Tennesseeallee - CAMPUSbike KIT,3,2026-05-19 21:20:49+02
NBF:Station:52997350,Schloss Rüppurr,3,2026-05-19 21:20:49+02
NBF:Station:280322,KIT Süd,1,2026-05-19 21:20:49+02
NBF:Station:462181,Daxlanden - Stadtwerke,5,2026-05-19 21:20:49+02
NBF:Station:289944,Rommelstr. / Auerstr.,4,2026-05-19 21:20:49+02
NBF:Station:54869634,Knielingen./Rheinbergstraße,3,2026-05-19 21:20:49+02
NBF:Station:6352777,Zeppelinstraße / Benzstraße,2,2026-05-19 21:20:49+02
NBF:Station:289942,Durlach - Bahnhof ,1,2026-05-19 21:20:49+02
NBF:Station:264394,Hauptbahnhof / Touristinformation,4,2026-05-19 21:20:49+02
NBF:Station:280260,Nordweststadt - Kurt-Schumacher-Straße,5,2026-05-19 21:20:49+02
NBF:Station:281794,Agentur für Arbeit,1,2026-05-19 21:20:49+02
NBF:Station:280253,Karl-Wilhelm-Platz,3,2026-05-19 21:20:49+02
NBF:Station:280250,Kolpingplatz,2,2026-05-19 21:20:49+02
NBF:Station:280255,Kreativpark/Alter Schlachthof,1,2026-05-19 21:20:49+02
NBF:Station:53171791,Südendstraße./ Brauerstr.,1,2026-05-19 21:20:49+02
NBF:Station:462174,Bulach - Grünwinkler Straße,5,2026-05-19 21:20:49+02
NBF:Station:300645,HaDiKo,2,2026-05-19 21:20:49+02
NBF:Station:462159,Oberreut - Zentrum,6,2026-05-19 21:20:49+02
NBF:Station:1390,Karlstraße / Waldstraße,1,2026-05-19 21:20:49+02
NBF:Station:462165,Rüppurr – Tulpenstraße,4,2026-05-19 21:20:49+02
NBF:Station:280258,Karlstor,1,2026-05-19 21:20:49+02
NBF:Station:367726,KIT Ost,1,2026-05-19 21:20:49+02
NBF:Station:280249,Prinz-Max-Palais,0,2026-05-19 21:20:49+02
NBF:Station:54869634,Knielingen./Rheinbergstraße,3,2026-05-19 20:45:14+02
NBF:Station:289944,Rommelstr. / Auerstr.,4,2026-05-19 20:45:14+02
NBF:Station:462181,Daxlanden - Stadtwerke,5,2026-05-19 20:45:14+02
NBF:Station:52997350,Schloss Rüppurr,3,2026-05-19 20:45:14+02
NBF:Station:280263,Fächerbad,6,2026-05-19 20:45:14+02
NBF:Station:53001693,Knielinger Allee/Franz-Lust-Straße,3,2026-05-19 20:45:14+02
NBF:Station:37983402,Tennesseeallee - CAMPUSbike KIT,2,2026-05-19 20:45:14+02
NBF:Station:392504,L-Bank,0,2026-05-19 20:45:14+02
NBF:Station:289946,Durlach Schlossplatz,4,2026-05-19 20:45:14+02
NBF:Station:78972260,Servicescope,3,2026-05-19 20:45:14+02
NBF:Station:280259,Werderplatz,5,2026-05-19 20:45:14+02
NBF:Station:78970799,Durlach - Alte Karlsruher Straße,1,2026-05-19 20:45:14+02
NBF:Station:78971440,Gerwigstraße,3,2026-05-19 20:45:14+02
NBF:Station:300645,HaDiKo,2,2026-05-19 20:45:14+02
NBF:Station:462165,Rüppurr – Tulpenstraße,4,2026-05-19 20:45:14+02
NBF:Station:280258,Karlstor,1,2026-05-19 20:45:14+02
NBF:Station:367726,KIT Ost,1,2026-05-19 20:45:14+02
NBF:Station:462159,Oberreut - Zentrum,6,2026-05-19 20:45:14+02
NBF:Station:280253,Karl-Wilhelm-Platz,0,2026-05-19 20:45:14+02
NBF:Station:280250,Kolpingplatz,1,2026-05-19 20:45:14+02
NBF:Station:53171791,Südendstraße./ Brauerstr.,1,2026-05-19 20:45:14+02
NBF:Station:462174,Bulach - Grünwinkler Straße,5,2026-05-19 20:45:14+02
NBF:Station:280255,Kreativpark/Alter Schlachthof,1,2026-05-19 20:45:14+02
NBF:Station:281794,Agentur für Arbeit,1,2026-05-19 20:45:14+02
NBF:Station:280260,Nordweststadt - Kurt-Schumacher-Straße,3,2026-05-19 20:45:14+02
NBF:Station:264394,Hauptbahnhof / Touristinformation,8,2026-05-19 20:45:14+02
NBF:Station:6352777,Zeppelinstraße / Benzstraße,2,2026-05-19 20:45:14+02
NBF:Station:289942,Durlach - Bahnhof ,1,2026-05-19 20:45:14+02
NBF:Station:289944,Rommelstr. / Auerstr.,4,2026-05-19 20:08:50+02
NBF:Station:54869634,Knielingen./Rheinbergstraße,3,2026-05-19 20:08:50+02
NBF:Station:462181,Daxlanden - Stadtwerke,5,2026-05-19 20:08:50+02
NBF:Station:53001693,Knielinger Allee/Franz-Lust-Straße,5,2026-05-19 20:08:50+02
NBF:Station:280263,Fächerbad,7,2026-05-19 20:08:50+02
NBF:Station:37983402,Tennesseeallee - CAMPUSbike KIT,4,2026-05-19 20:08:50+02
NBF:Station:52997350,Schloss Rüppurr,4,2026-05-19 20:08:50+02
NBF:Station:280250,Kolpingplatz,1,2026-05-19 20:08:50+02
NBF:Station:78970799,Durlach - Alte Karlsruher Straße,1,2026-05-19 20:08:50+02
NBF:Station:78971440,Gerwigstraße,1,2026-05-19 20:08:50+02
NBF:Station:280259,Werderplatz,4,2026-05-19 20:08:50+02
NBF:Station:392504,L-Bank,1,2026-05-19 20:08:50+02
NBF:Station:300645,HaDiKo,3,2026-05-19 20:08:50+02
NBF:Station:78972260,Servicescope,3,2026-05-19 20:08:50+02
NBF:Station:289946,Durlach Schlossplatz,4,2026-05-19 20:08:50+02
NBF:Station:462165,Rüppurr – Tulpenstraße,4,2026-05-19 20:08:50+02
NBF:Station:280258,Karlstor,1,2026-05-19 20:08:50+02
NBF:Station:367726,KIT Ost,1,2026-05-19 20:08:50+02
NBF:Station:280249,Prinz-Max-Palais,0,2026-05-19 20:08:50+02
NBF:Station:280253,Karl-Wilhelm-Platz,0,2026-05-19 20:08:50+02
NBF:Station:280255,Kreativpark/Alter Schlachthof,0,2026-05-19 20:08:50+02
NBF:Station:462174,Bulach - Grünwinkler Straße,5,2026-05-19 20:08:50+02
NBF:Station:53171791,Südendstraße./ Brauerstr.,1,2026-05-19 20:08:50+02
NBF:Station:462159,Oberreut - Zentrum,6,2026-05-19 20:08:50+02
NBF:Station:280260,Nordweststadt - Kurt-Schumacher-Straße,3,2026-05-19 20:08:50+02
NBF:Station:281794,Agentur für Arbeit,1,2026-05-19 20:08:50+02
NBF:Station:6352777,Zeppelinstraße / Benzstraße,5,2026-05-19 20:08:50+02
NBF:Station:289942,Durlach - Bahnhof ,1,2026-05-19 20:08:50+02
NBF:Station:264394,Hauptbahnhof / Touristinformation,8,2026-05-19 20:08:50+02
NBF:Station:367726,KIT Ost,0,2026-05-19 19:35:59+02
NBF:Station:280258,Karlstor,1,2026-05-19 19:35:59+02
NBF:Station:462159,Oberreut - Zentrum,6,2026-05-19 19:35:59+02
NBF:Station:280249,Prinz-Max-Palais,1,2026-05-19 19:35:59+02
NBF:Station:462165,Rüppurr – Tulpenstraße,4,2026-05-19 19:35:59+02
NBF:Station:300645,HaDiKo,2,2026-05-19 19:35:59+02
NBF:Station:280250,Kolpingplatz,1,2026-05-19 19:35:59+02
NBF:Station:280253,Karl-Wilhelm-Platz,1,2026-05-19 19:35:59+02
NBF:Station:280255,Kreativpark/Alter Schlachthof,2,2026-05-19 19:35:59+02
NBF:Station:462174,Bulach - Grünwinkler Straße,5,2026-05-19 19:35:59+02
NBF:Station:53171791,Südendstraße./ Brauerstr.,1,2026-05-19 19:35:59+02
NBF:Station:281794,Agentur für Arbeit,1,2026-05-19 19:35:59+02
NBF:Station:280260,Nordweststadt - Kurt-Schumacher-Straße,3,2026-05-19 19:35:59+02
NBF:Station:264394,Hauptbahnhof / Touristinformation,8,2026-05-19 19:35:59+02
NBF:Station:6352777,Zeppelinstraße / Benzstraße,6,2026-05-19 19:35:59+02
NBF:Station:289942,Durlach - Bahnhof ,2,2026-05-19 19:35:59+02
NBF:Station:54869634,Knielingen./Rheinbergstraße,3,2026-05-19 19:35:59+02
NBF:Station:289944,Rommelstr. / Auerstr.,4,2026-05-19 19:35:59+02
NBF:Station:462181,Daxlanden - Stadtwerke,5,2026-05-19 19:35:59+02
NBF:Station:280322,KIT Süd,0,2026-05-19 19:35:59+02
NBF:Station:52997350,Schloss Rüppurr,3,2026-05-19 19:35:59+02
NBF:Station:37983402,Tennesseeallee - CAMPUSbike KIT,5,2026-05-19 19:35:59+02
NBF:Station:53001693,Knielinger Allee/Franz-Lust-Straße,5,2026-05-19 19:35:59+02
NBF:Station:280263,Fächerbad,6,2026-05-19 19:35:59+02
NBF:Station:392504,L-Bank,1,2026-05-19 19:35:59+02
NBF:Station:78972260,Servicescope,3,2026-05-19 19:35:59+02
NBF:Station:289946,Durlach Schlossplatz,4,2026-05-19 19:35:59+02
NBF:Station:78970799,Durlach - Alte Karlsruher Straße,1,2026-05-19 19:35:59+02
NBF:Station:78971440,Gerwigstraße,1,2026-05-19 19:35:59+02
NBF:Station:280259,Werderplatz,4,2026-05-19 19:35:59+02
NBF:Station:281794,Agentur für Arbeit,1,2026-05-19 19:02:07+02
NBF:Station:280260,Nordweststadt - Kurt-Schumacher-Straße,3,2026-05-19 19:02:07+02
NBF:Station:264394,Hauptbahnhof / Touristinformation,9,2026-05-19 19:02:07+02
NBF:Station:6352777,Zeppelinstraße / Benzstraße,6,2026-05-19 19:02:07+02
NBF:Station:289942,Durlach - Bahnhof ,2,2026-05-19 19:02:07+02
NBF:Station:462165,Rüppurr – Tulpenstraße,4,2026-05-19 19:02:07+02
NBF:Station:280258,Karlstor,1,2026-05-19 19:02:07+02
NBF:Station:367726,KIT Ost,3,2026-05-19 19:02:07+02
NBF:Station:300645,HaDiKo,0,2026-05-19 19:02:07+02
NBF:Station:462159,Oberreut - Zentrum,6,2026-05-19 19:02:07+02
NBF:Station:1390,Karlstraße / Waldstraße,1,2026-05-19 19:02:07+02
NBF:Station:52999116,Weinbrennerplatz,1,2026-05-19 19:02:07+02
NBF:Station:280253,Karl-Wilhelm-Platz,1,2026-05-19 19:02:07+02
NBF:Station:280250,Kolpingplatz,1,2026-05-19 19:02:07+02
NBF:Station:280255,Kreativpark/Alter Schlachthof,2,2026-05-19 19:02:07+02
NBF:Station:53171791,Südendstraße./ Brauerstr.,1,2026-05-19 19:02:07+02
NBF:Station:462174,Bulach - Grünwinkler Straße,6,2026-05-19 19:02:07+02
NBF:Station:280322,KIT Süd,0,2026-05-19 19:02:07+02
NBF:Station:52997350,Schloss Rüppurr,3,2026-05-19 19:02:07+02
NBF:Station:297942,Neuer Zirkel / Englerstr.,1,2026-05-19 19:02:07+02
NBF:Station:53001693,Knielinger Allee/Franz-Lust-Straße,6,2026-05-19 19:02:07+02
NBF:Station:280263,Fächerbad,7,2026-05-19 19:02:07+02
NBF:Station:37983402,Tennesseeallee - CAMPUSbike KIT,6,2026-05-19 19:02:07+02
NBF:Station:392504,L-Bank,0,2026-05-19 19:02:07+02
NBF:Station:78972260,Servicescope,3,2026-05-19 19:02:07+02
NBF:Station:289946,Durlach Schlossplatz,4,2026-05-19 19:02:07+02
NBF:Station:78970799,Durlach - Alte Karlsruher Straße,1,2026-05-19 19:02:07+02
NBF:Station:78971440,Gerwigstraße,2,2026-05-19 19:02:07+02
NBF:Station:280259,Werderplatz,2,2026-05-19 19:02:07+02
NBF:Station:54869634,Knielingen./Rheinbergstraße,4,2026-05-19 19:02:07+02
NBF:Station:289944,Rommelstr. / Auerstr.,4,2026-05-19 19:02:07+02
NBF:Station:462181,Daxlanden - Stadtwerke,5,2026-05-19 19:02:07+02
NBF:Station:280258,Karlstor,1,2026-05-19 18:28:37+02
NBF:Station:367726,KIT Ost,2,2026-05-19 18:28:37+02
NBF:Station:462165,Rüppurr – Tulpenstraße,4,2026-05-19 18:28:37+02
NBF:Station:280263,Fächerbad,7,2026-05-19 18:28:37+02
NBF:Station:462174,Bulach - Grünwinkler Straße,6,2026-05-19 18:28:37+02
NBF:Station:53171791,Südendstraße./ Brauerstr.,1,2026-05-19 18:28:37+02
NBF:Station:280255,Kreativpark/Alter Schlachthof,0,2026-05-19 18:28:37+02
NBF:Station:280253,Karl-Wilhelm-Platz,0,2026-05-19 18:28:37+02
NBF:Station:280250,Kolpingplatz,1,2026-05-19 18:28:37+02
NBF:Station:1390,Karlstraße / Waldstraße,0,2026-05-19 18:28:37+02
NBF:Station:462159,Oberreut - Zentrum,6,2026-05-19 18:28:37+02
NBF:Station:300645,HaDiKo,6,2026-05-19 18:28:37+02
NBF:Station:280260,Nordweststadt - Kurt-Schumacher-Straße,3,2026-05-19 18:28:37+02
NBF:Station:281794,Agentur für Arbeit,0,2026-05-19 18:28:37+02
NBF:Station:289942,Durlach - Bahnhof ,3,2026-05-19 18:28:37+02
NBF:Station:6352777,Zeppelinstraße / Benzstraße,4,2026-05-19 18:28:37+02
NBF:Station:264394,Hauptbahnhof / Touristinformation,9,2026-05-19 18:28:37+02
NBF:Station:289944,Rommelstr. / Auerstr.,4,2026-05-19 18:28:37+02
NBF:Station:54869634,Knielingen./Rheinbergstraße,4,2026-05-19 18:28:37+02
NBF:Station:462181,Daxlanden - Stadtwerke,5,2026-05-19 18:28:37+02
NBF:Station:9016659,Mühlburg Bahnhof,0,2026-05-19 18:28:37+02
NBF:Station:53001693,Knielinger Allee/Franz-Lust-Straße,5,2026-05-19 18:28:37+02
NBF:Station:37983402,Tennesseeallee - CAMPUSbike KIT,4,2026-05-19 18:28:37+02
NBF:Station:297942,Neuer Zirkel / Englerstr.,0,2026-05-19 18:28:37+02
NBF:Station:52997350,Schloss Rüppurr,3,2026-05-19 18:28:37+02
NBF:Station:280259,Werderplatz,2,2026-05-19 18:28:37+02
NBF:Station:78970799,Durlach - Alte Karlsruher Straße,1,2026-05-19 18:28:37+02
NBF:Station:78971440,Gerwigstraße,3,2026-05-19 18:28:37+02
NBF:Station:289946,Durlach Schlossplatz,4,2026-05-19 18:28:37+02
NBF:Station:78972260,Servicescope,3,2026-05-19 18:28:37+02
NBF:Station:392504,L-Bank,0,2026-05-19 18:28:37+02
NBF:Station:53171791,Südendstraße./ Brauerstr.,1,2026-05-19 17:56:56+02
NBF:Station:280250,Kolpingplatz,1,2026-05-19 17:56:56+02
NBF:Station:462159,Oberreut - Zentrum,6,2026-05-19 17:56:56+02
NBF:Station:462174,Bulach - Grünwinkler Straße,6,2026-05-19 17:56:56+02
NBF:Station:280255,Kreativpark/Alter Schlachthof,1,2026-05-19 17:56:56+02
NBF:Station:280253,Karl-Wilhelm-Platz,2,2026-05-19 17:56:56+02
NBF:Station:300645,HaDiKo,3,2026-05-19 17:56:56+02
NBF:Station:367726,KIT Ost,1,2026-05-19 17:56:56+02
NBF:Station:280258,Karlstor,1,2026-05-19 17:56:56+02
NBF:Station:462165,Rüppurr – Tulpenstraße,3,2026-05-19 17:56:56+02
NBF:Station:289942,Durlach - Bahnhof ,4,2026-05-19 17:56:56+02
NBF:Station:6352777,Zeppelinstraße / Benzstraße,4,2026-05-19 17:56:56+02
NBF:Station:264394,Hauptbahnhof / Touristinformation,10,2026-05-19 17:56:56+02
NBF:Station:280260,Nordweststadt - Kurt-Schumacher-Straße,4,2026-05-19 17:56:56+02
NBF:Station:281794,Agentur für Arbeit,1,2026-05-19 17:56:56+02
NBF:Station:462181,Daxlanden - Stadtwerke,5,2026-05-19 17:56:56+02
NBF:Station:9016659,Mühlburg Bahnhof,1,2026-05-19 17:56:56+02
NBF:Station:289944,Rommelstr. / Auerstr.,4,2026-05-19 17:56:56+02
NBF:Station:54869634,Knielingen./Rheinbergstraße,4,2026-05-19 17:56:56+02
NBF:Station:280259,Werderplatz,2,2026-05-19 17:56:56+02
NBF:Station:78970799,Durlach - Alte Karlsruher Straße,1,2026-05-19 17:56:56+02
NBF:Station:78971440,Gerwigstraße,1,2026-05-19 17:56:56+02
NBF:Station:289946,Durlach Schlossplatz,3,2026-05-19 17:56:56+02
NBF:Station:78972260,Servicescope,3,2026-05-19 17:56:56+02
NBF:Station:392504,L-Bank,1,2026-05-19 17:56:56+02
NBF:Station:78971162,Sophienstraße,1,2026-05-19 17:56:56+02
NBF:Station:37983402,Tennesseeallee - CAMPUSbike KIT,0,2026-05-19 17:56:56+02
NBF:Station:280263,Fächerbad,8,2026-05-19 17:56:56+02
NBF:Station:53001693,Knielinger Allee/Franz-Lust-Straße,3,2026-05-19 17:56:56+02
NBF:Station:297942,Neuer Zirkel / Englerstr.,0,2026-05-19 17:56:56+02
NBF:Station:52997350,Schloss Rüppurr,3,2026-05-19 17:56:56+02
NBF:Station:280260,Nordweststadt - Kurt-Schumacher-Straße,2,2026-05-19 17:24:44+02
NBF:Station:281794,Agentur für Arbeit,0,2026-05-19 17:24:44+02
NBF:Station:6352777,Zeppelinstraße / Benzstraße,4,2026-05-19 17:24:44+02
NBF:Station:289942,Durlach - Bahnhof ,3,2026-05-19 17:24:44+02
NBF:Station:264394,Hauptbahnhof / Touristinformation,8,2026-05-19 17:24:44+02
NBF:Station:462165,Rüppurr – Tulpenstraße,2,2026-05-19 17:24:44+02
NBF:Station:280258,Karlstor,1,2026-05-19 17:24:44+02
NBF:Station:367726,KIT Ost,3,2026-05-19 17:24:44+02
NBF:Station:280249,Prinz-Max-Palais,0,2026-05-19 17:24:44+02
NBF:Station:280253,Karl-Wilhelm-Platz,1,2026-05-19 17:24:44+02
NBF:Station:53171791,Südendstraße./ Brauerstr.,1,2026-05-19 17:24:44+02
NBF:Station:462174,Bulach - Grünwinkler Straße,6,2026-05-19 17:24:44+02
NBF:Station:280255,Kreativpark/Alter Schlachthof,1,2026-05-19 17:24:44+02
NBF:Station:280263,Fächerbad,8,2026-05-19 17:24:44+02
NBF:Station:300645,HaDiKo,2,2026-05-19 17:24:44+02
NBF:Station:1390,Karlstraße / Waldstraße,1,2026-05-19 17:24:44+02
NBF:Station:462159,Oberreut - Zentrum,6,2026-05-19 17:24:44+02
NBF:Station:53001693,Knielinger Allee/Franz-Lust-Straße,2,2026-05-19 17:24:44+02
NBF:Station:37983402,Tennesseeallee - CAMPUSbike KIT,2,2026-05-19 17:24:44+02
NBF:Station:52997350,Schloss Rüppurr,3,2026-05-19 17:24:44+02
NBF:Station:297942,Neuer Zirkel / Englerstr.,0,2026-05-19 17:24:44+02
NBF:Station:280259,Werderplatz,0,2026-05-19 17:24:44+02
NBF:Station:78970799,Durlach - Alte Karlsruher Straße,1,2026-05-19 17:24:44+02
NBF:Station:78971440,Gerwigstraße,1,2026-05-19 17:24:44+02
NBF:Station:78971162,Sophienstraße,1,2026-05-19 17:24:44+02
NBF:Station:392504,L-Bank,0,2026-05-19 17:24:44+02
NBF:Station:289946,Durlach Schlossplatz,3,2026-05-19 17:24:44+02
NBF:Station:78972260,Servicescope,3,2026-05-19 17:24:44+02
NBF:Station:289944,Rommelstr. / Auerstr.,4,2026-05-19 17:24:44+02
NBF:Station:54869634,Knielingen./Rheinbergstraße,4,2026-05-19 17:24:44+02
NBF:Station:462181,Daxlanden - Stadtwerke,5,2026-05-19 17:24:44+02
NBF:Station:9016659,Mühlburg Bahnhof,1,2026-05-19 17:24:44+02
NBF:Station:280258,Karlstor,0,2026-05-19 16:52:15+02
NBF:Station:367726,KIT Ost,2,2026-05-19 16:52:15+02
NBF:Station:462165,Rüppurr – Tulpenstraße,2,2026-05-19 16:52:15+02
NBF:Station:280249,Prinz-Max-Palais,4,2026-05-19 16:52:15+02
NBF:Station:280255,Kreativpark/Alter Schlachthof,2,2026-05-19 16:52:15+02
NBF:Station:53171791,Südendstraße./ Brauerstr.,1,2026-05-19 16:52:15+02
NBF:Station:462174,Bulach - Grünwinkler Straße,6,2026-05-19 16:52:15+02
NBF:Station:280253,Karl-Wilhelm-Platz,0,2026-05-19 16:52:15+02
NBF:Station:462159,Oberreut - Zentrum,6,2026-05-19 16:52:15+02
NBF:Station:1390,Karlstraße / Waldstraße,2,2026-05-19 16:52:15+02
NBF:Station:300645,HaDiKo,2,2026-05-19 16:52:15+02
NBF:Station:280260,Nordweststadt - Kurt-Schumacher-Straße,1,2026-05-19 16:52:15+02
NBF:Station:281794,Agentur für Arbeit,1,2026-05-19 16:52:15+02
NBF:Station:289942,Durlach - Bahnhof ,3,2026-05-19 16:52:15+02
NBF:Station:6352777,Zeppelinstraße / Benzstraße,3,2026-05-19 16:52:15+02
NBF:Station:264394,Hauptbahnhof / Touristinformation,9,2026-05-19 16:52:15+02
NBF:Station:289944,Rommelstr. / Auerstr.,4,2026-05-19 16:52:15+02
NBF:Station:54869634,Knielingen./Rheinbergstraße,4,2026-05-19 16:52:15+02
NBF:Station:462181,Daxlanden - Stadtwerke,5,2026-05-19 16:52:15+02
NBF:Station:9016659,Mühlburg Bahnhof,0,2026-05-19 16:52:15+02
NBF:Station:53001693,Knielinger Allee/Franz-Lust-Straße,3,2026-05-19 16:52:15+02
NBF:Station:280263,Fächerbad,8,2026-05-19 16:52:15+02
NBF:Station:37983402,Tennesseeallee - CAMPUSbike KIT,3,2026-05-19 16:52:15+02
NBF:Station:297942,Neuer Zirkel / Englerstr.,0,2026-05-19 16:52:15+02
NBF:Station:280322,KIT Süd,0,2026-05-19 16:52:15+02
NBF:Station:52997350,Schloss Rüppurr,3,2026-05-19 16:52:15+02
NBF:Station:78970799,Durlach - Alte Karlsruher Straße,1,2026-05-19 16:52:15+02
NBF:Station:78971440,Gerwigstraße,1,2026-05-19 16:52:15+02
NBF:Station:280259,Werderplatz,2,2026-05-19 16:52:15+02
NBF:Station:78972260,Servicescope,3,2026-05-19 16:52:15+02
NBF:Station:289946,Durlach Schlossplatz,3,2026-05-19 16:52:15+02
NBF:Station:392504,L-Bank,0,2026-05-19 16:52:15+02
NBF:Station:280259,Werderplatz,2,2026-05-19 16:19:35+02
NBF:Station:280249,Prinz-Max-Palais,5,2026-05-19 16:19:35+02
NBF:Station:367726,KIT Ost,0,2026-05-19 16:19:35+02
NBF:Station:280258,Karlstor,1,2026-05-19 16:19:35+02
NBF:Station:462165,Rüppurr – Tulpenstraße,2,2026-05-19 16:19:35+02
NBF:Station:462159,Oberreut - Zentrum,6,2026-05-19 16:19:35+02
NBF:Station:1390,Karlstraße / Waldstraße,1,2026-05-19 16:19:35+02
NBF:Station:280255,Kreativpark/Alter Schlachthof,2,2026-05-19 16:19:35+02
NBF:Station:462174,Bulach - Grünwinkler Straße,6,2026-05-19 16:19:35+02
NBF:Station:53171791,Südendstraße./ Brauerstr.,1,2026-05-19 16:19:35+02
NBF:Station:280250,Kolpingplatz,1,2026-05-19 16:19:35+02
NBF:Station:280253,Karl-Wilhelm-Platz,2,2026-05-19 16:19:35+02
NBF:Station:281794,Agentur für Arbeit,1,2026-05-19 16:19:35+02
NBF:Station:280260,Nordweststadt - Kurt-Schumacher-Straße,1,2026-05-19 16:19:35+02
NBF:Station:264394,Hauptbahnhof / Touristinformation,12,2026-05-19 16:19:35+02
NBF:Station:289942,Durlach - Bahnhof ,3,2026-05-19 16:19:35+02
NBF:Station:6352777,Zeppelinstraße / Benzstraße,3,2026-05-19 16:19:35+02
NBF:Station:54869634,Knielingen./Rheinbergstraße,4,2026-05-19 16:19:35+02
NBF:Station:289944,Rommelstr. / Auerstr.,4,2026-05-19 16:19:35+02
NBF:Station:285510,Adenauerring / Fasanengarten,0,2026-05-19 16:19:35+02
NBF:Station:9016659,Mühlburg Bahnhof,1,2026-05-19 16:19:35+02
NBF:Station:462181,Daxlanden - Stadtwerke,5,2026-05-19 16:19:35+02
NBF:Station:297942,Neuer Zirkel / Englerstr.,1,2026-05-19 16:19:35+02
NBF:Station:52997350,Schloss Rüppurr,3,2026-05-19 16:19:35+02
NBF:Station:37983402,Tennesseeallee - CAMPUSbike KIT,5,2026-05-19 16:19:35+02
NBF:Station:280263,Fächerbad,7,2026-05-19 16:19:35+02
NBF:Station:78972260,Servicescope,3,2026-05-19 16:19:35+02
NBF:Station:289946,Durlach Schlossplatz,4,2026-05-19 16:19:35+02
NBF:Station:392504,L-Bank,1,2026-05-19 16:19:35+02
NBF:Station:78971440,Gerwigstraße,1,2026-05-19 16:19:35+02
NBF:Station:78970799,Durlach - Alte Karlsruher Straße,1,2026-05-19 16:19:35+02
NBF:Station:50819438,Moltkestraße - CAMPUSbike HSKA,0,2026-05-19 16:19:35+02
NBF:Station:300645,HaDiKo,1,2026-05-19 15:44:49+02
NBF:Station:264394,Hauptbahnhof / Touristinformation,10,2026-05-19 15:44:49+02
NBF:Station:6352777,Zeppelinstraße / Benzstraße,4,2026-05-19 15:44:49+02
NBF:Station:289942,Durlach - Bahnhof ,5,2026-05-19 15:44:49+02
NBF:Station:462159,Oberreut - Zentrum,6,2026-05-19 15:44:49+02
NBF:Station:1390,Karlstraße / Waldstraße,1,2026-05-19 15:44:49+02
NBF:Station:52999116,Weinbrennerplatz,1,2026-05-19 15:44:49+02
NBF:Station:280253,Karl-Wilhelm-Platz,2,2026-05-19 15:44:49+02
NBF:Station:280255,Kreativpark/Alter Schlachthof,1,2026-05-19 15:44:49+02
NBF:Station:462174,Bulach - Grünwinkler Straße,6,2026-05-19 15:44:49+02
NBF:Station:53171791,Südendstraße./ Brauerstr.,1,2026-05-19 15:44:49+02
NBF:Station:280249,Prinz-Max-Palais,2,2026-05-19 15:44:49+02
NBF:Station:462165,Rüppurr – Tulpenstraße,2,2026-05-19 15:44:49+02
NBF:Station:280258,Karlstor,2,2026-05-19 15:44:49+02
NBF:Station:367726,KIT Ost,0,2026-05-19 15:44:49+02
NBF:Station:392504,L-Bank,1,2026-05-19 15:44:49+02
NBF:Station:78972260,Servicescope,3,2026-05-19 15:44:49+02
NBF:Station:289946,Durlach Schlossplatz,4,2026-05-19 15:44:49+02
NBF:Station:78970799,Durlach - Alte Karlsruher Straße,2,2026-05-19 15:44:49+02
NBF:Station:78971440,Gerwigstraße,0,2026-05-19 15:44:49+02
NBF:Station:280259,Werderplatz,2,2026-05-19 15:44:49+02
NBF:Station:50819438,Moltkestraße - CAMPUSbike HSKA,3,2026-05-19 15:44:49+02
NBF:Station:52997350,Schloss Rüppurr,3,2026-05-19 15:44:49+02
NBF:Station:280322,KIT Süd,1,2026-05-19 15:44:49+02
NBF:Station:297942,Neuer Zirkel / Englerstr.,3,2026-05-19 15:44:49+02
NBF:Station:53001693,Knielinger Allee/Franz-Lust-Straße,0,2026-05-19 15:44:49+02
NBF:Station:280263,Fächerbad,6,2026-05-19 15:44:49+02
NBF:Station:37983402,Tennesseeallee - CAMPUSbike KIT,4,2026-05-19 15:44:49+02
NBF:Station:285510,Adenauerring / Fasanengarten,1,2026-05-19 15:44:49+02
NBF:Station:9016659,Mühlburg Bahnhof,1,2026-05-19 15:44:49+02
NBF:Station:462181,Daxlanden - Stadtwerke,5,2026-05-19 15:44:49+02
NBF:Station:54869634,Knielingen./Rheinbergstraße,4,2026-05-19 15:44:49+02
NBF:Station:289944,Rommelstr. / Auerstr.,3,2026-05-19 15:44:49+02
NBF:Station:367726,KIT Ost,4,2026-05-19 15:10:18+02
NBF:Station:289944,Rommelstr. / Auerstr.,3,2026-05-19 15:10:18+02
NBF:Station:54869634,Knielingen./Rheinbergstraße,4,2026-05-19 15:10:18+02
NBF:Station:462181,Daxlanden - Stadtwerke,5,2026-05-19 15:10:18+02
NBF:Station:9016659,Mühlburg Bahnhof,1,2026-05-19 15:10:18+02
NBF:Station:285510,Adenauerring / Fasanengarten,3,2026-05-19 15:10:18+02
NBF:Station:37983402,Tennesseeallee - CAMPUSbike KIT,4,2026-05-19 15:10:18+02
NBF:Station:53001693,Knielinger Allee/Franz-Lust-Straße,1,2026-05-19 15:10:18+02
NBF:Station:280263,Fächerbad,5,2026-05-19 15:10:18+02
NBF:Station:297942,Neuer Zirkel / Englerstr.,4,2026-05-19 15:10:18+02
NBF:Station:280322,KIT Süd,5,2026-05-19 15:10:18+02
NBF:Station:52997350,Schloss Rüppurr,3,2026-05-19 15:10:18+02
NBF:Station:78970799,Durlach - Alte Karlsruher Straße,2,2026-05-19 15:10:18+02
NBF:Station:78971440,Gerwigstraße,2,2026-05-19 15:10:18+02
NBF:Station:50819438,Moltkestraße - CAMPUSbike HSKA,0,2026-05-19 15:10:18+02
NBF:Station:280259,Werderplatz,0,2026-05-19 15:10:18+02
NBF:Station:78972260,Servicescope,3,2026-05-19 15:10:18+02
NBF:Station:289946,Durlach Schlossplatz,4,2026-05-19 15:10:18+02
NBF:Station:280258,Karlstor,2,2026-05-19 15:10:18+02
NBF:Station:462165,Rüppurr – Tulpenstraße,3,2026-05-19 15:10:18+02
NBF:Station:280249,Prinz-Max-Palais,2,2026-05-19 15:10:18+02
NBF:Station:280255,Kreativpark/Alter Schlachthof,1,2026-05-19 15:10:18+02
NBF:Station:462174,Bulach - Grünwinkler Straße,6,2026-05-19 15:10:18+02
NBF:Station:53171791,Südendstraße./ Brauerstr.,1,2026-05-19 15:10:18+02
NBF:Station:50819425,Knielinger Allee - CAMPUSbike HSKA,3,2026-05-19 15:10:18+02
NBF:Station:280253,Karl-Wilhelm-Platz,2,2026-05-19 15:10:18+02
NBF:Station:52999116,Weinbrennerplatz,1,2026-05-19 15:10:18+02
NBF:Station:462159,Oberreut - Zentrum,6,2026-05-19 15:10:18+02
NBF:Station:300645,HaDiKo,2,2026-05-19 15:10:18+02
NBF:Station:280251,Mühlburger Tor / Kaiserplatz ,1,2026-05-19 15:10:18+02
NBF:Station:458,Erbprinzenstr.,1,2026-05-19 15:10:18+02
NBF:Station:289942,Durlach - Bahnhof ,5,2026-05-19 15:10:18+02
NBF:Station:6352777,Zeppelinstraße / Benzstraße,4,2026-05-19 15:10:18+02
NBF:Station:264394,Hauptbahnhof / Touristinformation,8,2026-05-19 15:10:18+02
NBF:Station:458,Erbprinzenstr.,1,2026-05-19 14:32:45+02
NBF:Station:264394,Hauptbahnhof / Touristinformation,3,2026-05-19 14:32:45+02
NBF:Station:289942,Durlach - Bahnhof ,5,2026-05-19 14:32:45+02
NBF:Station:6352777,Zeppelinstraße / Benzstraße,4,2026-05-19 14:32:45+02
NBF:Station:280249,Prinz-Max-Palais,3,2026-05-19 14:32:45+02
NBF:Station:280258,Karlstor,1,2026-05-19 14:32:45+02
NBF:Station:367726,KIT Ost,6,2026-05-19 14:32:45+02
NBF:Station:462165,Rüppurr – Tulpenstraße,3,2026-05-19 14:32:45+02
NBF:Station:462159,Oberreut - Zentrum,6,2026-05-19 14:32:45+02
NBF:Station:52999116,Weinbrennerplatz,1,2026-05-19 14:32:45+02
NBF:Station:300645,HaDiKo,1,2026-05-19 14:32:45+02
NBF:Station:280255,Kreativpark/Alter Schlachthof,0,2026-05-19 14:32:45+02
NBF:Station:462174,Bulach - Grünwinkler Straße,6,2026-05-19 14:32:45+02
NBF:Station:53171791,Südendstraße./ Brauerstr.,1,2026-05-19 14:32:45+02
NBF:Station:280253,Karl-Wilhelm-Platz,1,2026-05-19 14:32:45+02
NBF:Station:50819425,Knielinger Allee - CAMPUSbike HSKA,7,2026-05-19 14:32:45+02
NBF:Station:297942,Neuer Zirkel / Englerstr.,2,2026-05-19 14:32:45+02
NBF:Station:52997350,Schloss Rüppurr,3,2026-05-19 14:32:45+02
NBF:Station:280263,Fächerbad,6,2026-05-19 14:32:45+02
NBF:Station:37983402,Tennesseeallee - CAMPUSbike KIT,4,2026-05-19 14:32:45+02
NBF:Station:78972260,Servicescope,3,2026-05-19 14:32:45+02
NBF:Station:289946,Durlach Schlossplatz,5,2026-05-19 14:32:45+02
NBF:Station:78970799,Durlach - Alte Karlsruher Straße,2,2026-05-19 14:32:45+02
NBF:Station:78971440,Gerwigstraße,1,2026-05-19 14:32:45+02
NBF:Station:50819438,Moltkestraße - CAMPUSbike HSKA,2,2026-05-19 14:32:45+02
NBF:Station:54869634,Knielingen./Rheinbergstraße,4,2026-05-19 14:32:45+02
NBF:Station:289944,Rommelstr. / Auerstr.,3,2026-05-19 14:32:45+02
NBF:Station:285510,Adenauerring / Fasanengarten,1,2026-05-19 14:32:45+02
NBF:Station:9016659,Mühlburg Bahnhof,1,2026-05-19 14:32:45+02
NBF:Station:462181,Daxlanden - Stadtwerke,5,2026-05-19 14:32:45+02
NBF:Station:367726,KIT Ost,6,2026-05-19 13:58:04+02
NBF:Station:289944,Rommelstr. / Auerstr.,3,2026-05-19 13:58:04+02
NBF:Station:54869634,Knielingen./Rheinbergstraße,4,2026-05-19 13:58:04+02
NBF:Station:462181,Daxlanden - Stadtwerke,5,2026-05-19 13:58:04+02
NBF:Station:285510,Adenauerring / Fasanengarten,4,2026-05-19 13:58:04+02
NBF:Station:9016659,Mühlburg Bahnhof,1,2026-05-19 13:58:04+02
NBF:Station:37983402,Tennesseeallee - CAMPUSbike KIT,5,2026-05-19 13:58:04+02
NBF:Station:53001693,Knielinger Allee/Franz-Lust-Straße,1,2026-05-19 13:58:04+02
NBF:Station:280263,Fächerbad,6,2026-05-19 13:58:04+02
NBF:Station:52997350,Schloss Rüppurr,3,2026-05-19 13:58:04+02
NBF:Station:280322,KIT Süd,3,2026-05-19 13:58:04+02
NBF:Station:297942,Neuer Zirkel / Englerstr.,1,2026-05-19 13:58:04+02
NBF:Station:78970799,Durlach - Alte Karlsruher Straße,2,2026-05-19 13:58:04+02
NBF:Station:78971440,Gerwigstraße,1,2026-05-19 13:58:04+02
NBF:Station:50819438,Moltkestraße - CAMPUSbike HSKA,0,2026-05-19 13:58:04+02
NBF:Station:78972260,Servicescope,3,2026-05-19 13:58:04+02
NBF:Station:289946,Durlach Schlossplatz,5,2026-05-19 13:58:04+02
NBF:Station:462165,Rüppurr – Tulpenstraße,3,2026-05-19 13:58:04+02
NBF:Station:280258,Karlstor,1,2026-05-19 13:58:04+02
NBF:Station:280249,Prinz-Max-Palais,2,2026-05-19 13:58:04+02
NBF:Station:50819425,Knielinger Allee - CAMPUSbike HSKA,4,2026-05-19 13:58:04+02
NBF:Station:280253,Karl-Wilhelm-Platz,1,2026-05-19 13:58:04+02
NBF:Station:280255,Kreativpark/Alter Schlachthof,1,2026-05-19 13:58:04+02
NBF:Station:53171791,Südendstraße./ Brauerstr.,2,2026-05-19 13:58:04+02
NBF:Station:462174,Bulach - Grünwinkler Straße,7,2026-05-19 13:58:04+02
NBF:Station:52999116,Weinbrennerplatz,1,2026-05-19 13:58:04+02
NBF:Station:462159,Oberreut - Zentrum,6,2026-05-19 13:58:04+02
NBF:Station:458,Erbprinzenstr.,1,2026-05-19 13:58:04+02
NBF:Station:6352777,Zeppelinstraße / Benzstraße,4,2026-05-19 13:58:04+02
NBF:Station:289942,Durlach - Bahnhof ,6,2026-05-19 13:58:04+02
NBF:Station:264394,Hauptbahnhof / Touristinformation,0,2026-05-19 13:58:04+02
NBF:Station:78972260,Servicescope,3,2026-05-19 13:24:40+02
NBF:Station:52997350,Schloss Rüppurr,2,2026-05-19 13:24:40+02
NBF:Station:280322,KIT Süd,0,2026-05-19 13:24:40+02
NBF:Station:297942,Neuer Zirkel / Englerstr.,1,2026-05-19 13:24:40+02
NBF:Station:37983402,Tennesseeallee - CAMPUSbike KIT,6,2026-05-19 13:24:40+02
NBF:Station:280263,Fächerbad,6,2026-05-19 13:24:40+02
NBF:Station:53001693,Knielinger Allee/Franz-Lust-Straße,0,2026-05-19 13:24:40+02
NBF:Station:289946,Durlach Schlossplatz,5,2026-05-19 13:24:40+02
NBF:Station:50819438,Moltkestraße - CAMPUSbike HSKA,1,2026-05-19 13:24:40+02
NBF:Station:78970799,Durlach - Alte Karlsruher Straße,2,2026-05-19 13:24:40+02
NBF:Station:54869634,Knielingen./Rheinbergstraße,4,2026-05-19 13:24:40+02
NBF:Station:289944,Rommelstr. / Auerstr.,3,2026-05-19 13:24:40+02
NBF:Station:9016659,Mühlburg Bahnhof,1,2026-05-19 13:24:40+02
NBF:Station:462181,Daxlanden - Stadtwerke,6,2026-05-19 13:24:40+02
NBF:Station:458,Erbprinzenstr.,1,2026-05-19 13:24:40+02
NBF:Station:280260,Nordweststadt - Kurt-Schumacher-Straße,1,2026-05-19 13:24:40+02
NBF:Station:264394,Hauptbahnhof / Touristinformation,2,2026-05-19 13:24:40+02
NBF:Station:6352777,Zeppelinstraße / Benzstraße,4,2026-05-19 13:24:40+02
NBF:Station:289942,Durlach - Bahnhof ,6,2026-05-19 13:24:40+02
NBF:Station:37983357,Adenauerring,1,2026-05-19 13:24:40+02
NBF:Station:280249,Prinz-Max-Palais,0,2026-05-19 13:24:40+02
NBF:Station:462165,Rüppurr – Tulpenstraße,3,2026-05-19 13:24:40+02
NBF:Station:367726,KIT Ost,1,2026-05-19 13:24:40+02
NBF:Station:280258,Karlstor,0,2026-05-19 13:24:40+02
NBF:Station:300645,HaDiKo,0,2026-05-19 13:24:40+02
NBF:Station:52999116,Weinbrennerplatz,0,2026-05-19 13:24:40+02
NBF:Station:462159,Oberreut - Zentrum,6,2026-05-19 13:24:40+02
NBF:Station:50819425,Knielinger Allee - CAMPUSbike HSKA,0,2026-05-19 13:24:40+02
NBF:Station:53171791,Südendstraße./ Brauerstr.,2,2026-05-19 13:24:40+02
NBF:Station:462174,Bulach - Grünwinkler Straße,7,2026-05-19 13:24:40+02
NBF:Station:280255,Kreativpark/Alter Schlachthof,0,2026-05-19 13:24:40+02
NBF:Station:462159,Oberreut - Zentrum,6,2026-05-19 12:52:12+02
NBF:Station:37983402,Tennesseeallee - CAMPUSbike KIT,6,2026-05-19 12:52:12+02
NBF:Station:280263,Fächerbad,7,2026-05-19 12:52:12+02
NBF:Station:53001693,Knielinger Allee/Franz-Lust-Straße,3,2026-05-19 12:52:12+02
NBF:Station:52997350,Schloss Rüppurr,2,2026-05-19 12:52:12+02
NBF:Station:280322,KIT Süd,9,2026-05-19 12:52:12+02
NBF:Station:297942,Neuer Zirkel / Englerstr.,1,2026-05-19 12:52:12+02
NBF:Station:280259,Werderplatz,2,2026-05-19 12:52:12+02
NBF:Station:78970799,Durlach - Alte Karlsruher Straße,1,2026-05-19 12:52:12+02
NBF:Station:392504,L-Bank,1,2026-05-19 12:52:12+02
NBF:Station:289946,Durlach Schlossplatz,5,2026-05-19 12:52:12+02
NBF:Station:78972260,Servicescope,3,2026-05-19 12:52:12+02
NBF:Station:289944,Rommelstr. / Auerstr.,3,2026-05-19 12:52:12+02
NBF:Station:54869634,Knielingen./Rheinbergstraße,4,2026-05-19 12:52:12+02
NBF:Station:462181,Daxlanden - Stadtwerke,5,2026-05-19 12:52:12+02
NBF:Station:9016659,Mühlburg Bahnhof,1,2026-05-19 12:52:12+02
NBF:Station:280260,Nordweststadt - Kurt-Schumacher-Straße,1,2026-05-19 12:52:12+02
NBF:Station:458,Erbprinzenstr.,1,2026-05-19 12:52:12+02
NBF:Station:6352777,Zeppelinstraße / Benzstraße,2,2026-05-19 12:52:12+02
NBF:Station:289942,Durlach - Bahnhof ,5,2026-05-19 12:52:12+02
NBF:Station:264394,Hauptbahnhof / Touristinformation,4,2026-05-19 12:52:12+02
NBF:Station:462165,Rüppurr – Tulpenstraße,3,2026-05-19 12:52:12+02
NBF:Station:280258,Karlstor,1,2026-05-19 12:52:12+02
NBF:Station:50819425,Knielinger Allee - CAMPUSbike HSKA,7,2026-05-19 12:52:12+02
NBF:Station:53171791,Südendstraße./ Brauerstr.,3,2026-05-19 12:52:12+02
NBF:Station:462174,Bulach - Grünwinkler Straße,7,2026-05-19 12:52:12+02
NBF:Station:280255,Kreativpark/Alter Schlachthof,1,2026-05-19 12:52:12+02
NBF:Station:300645,HaDiKo,0,2026-05-19 12:52:12+02
NBF:Station:52999116,Weinbrennerplatz,1,2026-05-19 12:52:12+02
NBF:Station:78972260,Servicescope,3,2026-05-19 12:18:15+02
NBF:Station:78970799,Durlach - Alte Karlsruher Straße,1,2026-05-19 12:18:15+02
NBF:Station:280259,Werderplatz,1,2026-05-19 12:18:15+02
NBF:Station:50819438,Moltkestraße - CAMPUSbike HSKA,2,2026-05-19 12:18:15+02
NBF:Station:289946,Durlach Schlossplatz,5,2026-05-19 12:18:15+02
NBF:Station:392504,L-Bank,1,2026-05-19 12:18:15+02
NBF:Station:280263,Fächerbad,7,2026-05-19 12:18:15+02
NBF:Station:53001693,Knielinger Allee/Franz-Lust-Straße,4,2026-05-19 12:18:15+02
NBF:Station:37983402,Tennesseeallee - CAMPUSbike KIT,6,2026-05-19 12:18:15+02
NBF:Station:297942,Neuer Zirkel / Englerstr.,2,2026-05-19 12:18:15+02
NBF:Station:52997350,Schloss Rüppurr,2,2026-05-19 12:18:15+02
NBF:Station:280322,KIT Süd,7,2026-05-19 12:18:15+02
NBF:Station:462181,Daxlanden - Stadtwerke,5,2026-05-19 12:18:15+02
NBF:Station:285510,Adenauerring / Fasanengarten,0,2026-05-19 12:18:15+02
NBF:Station:9016659,Mühlburg Bahnhof,1,2026-05-19 12:18:15+02
NBF:Station:289944,Rommelstr. / Auerstr.,3,2026-05-19 12:18:15+02
NBF:Station:54869634,Knielingen./Rheinbergstraße,4,2026-05-19 12:18:15+02
NBF:Station:289942,Durlach - Bahnhof ,5,2026-05-19 12:18:15+02
NBF:Station:6352777,Zeppelinstraße / Benzstraße,4,2026-05-19 12:18:15+02
NBF:Station:264394,Hauptbahnhof / Touristinformation,3,2026-05-19 12:18:15+02
NBF:Station:280260,Nordweststadt - Kurt-Schumacher-Straße,1,2026-05-19 12:18:15+02
NBF:Station:458,Erbprinzenstr.,2,2026-05-19 12:18:15+02
NBF:Station:280255,Kreativpark/Alter Schlachthof,1,2026-05-19 12:18:15+02
NBF:Station:53171791,Südendstraße./ Brauerstr.,3,2026-05-19 12:18:15+02
NBF:Station:462174,Bulach - Grünwinkler Straße,7,2026-05-19 12:18:15+02
NBF:Station:50819425,Knielinger Allee - CAMPUSbike HSKA,9,2026-05-19 12:18:15+02
NBF:Station:462159,Oberreut - Zentrum,6,2026-05-19 12:18:15+02
NBF:Station:52999116,Weinbrennerplatz,2,2026-05-19 12:18:15+02
NBF:Station:37983357,Adenauerring,1,2026-05-19 12:18:15+02
NBF:Station:300645,HaDiKo,0,2026-05-19 12:18:15+02
NBF:Station:280258,Karlstor,0,2026-05-19 12:18:15+02
NBF:Station:462165,Rüppurr – Tulpenstraße,3,2026-05-19 12:18:15+02
NBF:Station:53001693,Knielinger Allee/Franz-Lust-Straße,1,2026-05-19 11:44:19+02
NBF:Station:280263,Fächerbad,7,2026-05-19 11:44:19+02
NBF:Station:37983402,Tennesseeallee - CAMPUSbike KIT,7,2026-05-19 11:44:19+02
NBF:Station:280322,KIT Süd,4,2026-05-19 11:44:19+02
NBF:Station:52997350,Schloss Rüppurr,2,2026-05-19 11:44:19+02
NBF:Station:297942,Neuer Zirkel / Englerstr.,3,2026-05-19 11:44:19+02
NBF:Station:78970799,Durlach - Alte Karlsruher Straße,1,2026-05-19 11:44:19+02
NBF:Station:78971440,Gerwigstraße,2,2026-05-19 11:44:19+02
NBF:Station:50819438,Moltkestraße - CAMPUSbike HSKA,2,2026-05-19 11:44:19+02
NBF:Station:280259,Werderplatz,0,2026-05-19 11:44:19+02
NBF:Station:78972260,Servicescope,3,2026-05-19 11:44:19+02
NBF:Station:289946,Durlach Schlossplatz,5,2026-05-19 11:44:19+02
NBF:Station:289944,Rommelstr. / Auerstr.,3,2026-05-19 11:44:19+02
NBF:Station:54869634,Knielingen./Rheinbergstraße,4,2026-05-19 11:44:19+02
NBF:Station:285510,Adenauerring / Fasanengarten,3,2026-05-19 11:44:19+02
NBF:Station:462181,Daxlanden - Stadtwerke,6,2026-05-19 11:44:19+02
NBF:Station:9016659,Mühlburg Bahnhof,1,2026-05-19 11:44:19+02
NBF:Station:280260,Nordweststadt - Kurt-Schumacher-Straße,1,2026-05-19 11:44:19+02
NBF:Station:280261,Knielingen / Herweghstraße,1,2026-05-19 11:44:19+02
NBF:Station:458,Erbprinzenstr.,2,2026-05-19 11:44:19+02
NBF:Station:6352777,Zeppelinstraße / Benzstraße,4,2026-05-19 11:44:19+02
NBF:Station:289942,Durlach - Bahnhof ,4,2026-05-19 11:44:19+02
NBF:Station:264394,Hauptbahnhof / Touristinformation,3,2026-05-19 11:44:19+02
NBF:Station:462165,Rüppurr – Tulpenstraße,2,2026-05-19 11:44:19+02
NBF:Station:280258,Karlstor,0,2026-05-19 11:44:19+02
NBF:Station:367726,KIT Ost,0,2026-05-19 11:44:19+02
NBF:Station:50819425,Knielinger Allee - CAMPUSbike HSKA,0,2026-05-19 11:44:19+02
NBF:Station:280250,Kolpingplatz,1,2026-05-19 11:44:19+02
NBF:Station:280255,Kreativpark/Alter Schlachthof,1,2026-05-19 11:44:19+02
NBF:Station:53171791,Südendstraße./ Brauerstr.,3,2026-05-19 11:44:19+02
NBF:Station:462174,Bulach - Grünwinkler Straße,7,2026-05-19 11:44:19+02
NBF:Station:462159,Oberreut - Zentrum,5,2026-05-19 11:44:19+02
NBF:Station:300645,HaDiKo,0,2026-05-19 11:44:19+02
NBF:Station:52999116,Weinbrennerplatz,2,2026-05-19 11:44:19+02
NBF:Station:289946,Durlach Schlossplatz,5,2026-05-19 11:10:53+02
NBF:Station:78972260,Servicescope,3,2026-05-19 11:10:53+02
NBF:Station:280259,Werderplatz,1,2026-05-19 11:10:53+02
NBF:Station:50819438,Moltkestraße - CAMPUSbike HSKA,5,2026-05-19 11:10:53+02
NBF:Station:78970799,Durlach - Alte Karlsruher Straße,1,2026-05-19 11:10:53+02
NBF:Station:297942,Neuer Zirkel / Englerstr.,2,2026-05-19 11:10:53+02
NBF:Station:52997350,Schloss Rüppurr,2,2026-05-19 11:10:53+02
NBF:Station:280322,KIT Süd,9,2026-05-19 11:10:53+02
NBF:Station:280263,Fächerbad,7,2026-05-19 11:10:53+02
NBF:Station:53001693,Knielinger Allee/Franz-Lust-Straße,1,2026-05-19 11:10:53+02
NBF:Station:285510,Adenauerring / Fasanengarten,4,2026-05-19 11:10:53+02
NBF:Station:462181,Daxlanden - Stadtwerke,6,2026-05-19 11:10:53+02
NBF:Station:54869634,Knielingen./Rheinbergstraße,4,2026-05-19 11:10:53+02
NBF:Station:289944,Rommelstr. / Auerstr.,3,2026-05-19 11:10:53+02
NBF:Station:264394,Hauptbahnhof / Touristinformation,1,2026-05-19 11:10:53+02
NBF:Station:289942,Durlach - Bahnhof ,5,2026-05-19 11:10:53+02
NBF:Station:6352777,Zeppelinstraße / Benzstraße,4,2026-05-19 11:10:53+02
NBF:Station:280261,Knielingen / Herweghstraße,1,2026-05-19 11:10:53+02
NBF:Station:280260,Nordweststadt - Kurt-Schumacher-Straße,1,2026-05-19 11:10:53+02
NBF:Station:462159,Oberreut - Zentrum,5,2026-05-19 11:10:53+02
NBF:Station:52999116,Weinbrennerplatz,2,2026-05-19 11:10:53+02
NBF:Station:300645,HaDiKo,0,2026-05-19 11:10:53+02
NBF:Station:53171791,Südendstraße./ Brauerstr.,3,2026-05-19 11:10:53+02
NBF:Station:462174,Bulach - Grünwinkler Straße,8,2026-05-19 11:10:53+02
NBF:Station:280255,Kreativpark/Alter Schlachthof,1,2026-05-19 11:10:53+02
NBF:Station:50819425,Knielinger Allee - CAMPUSbike HSKA,2,2026-05-19 11:10:53+02
NBF:Station:462165,Rüppurr – Tulpenstraße,2,2026-05-19 11:10:53+02
NBF:Station:289944,Rommelstr. / Auerstr.,3,2026-05-19 10:39:12+02
NBF:Station:54869634,Knielingen./Rheinbergstraße,4,2026-05-19 10:39:12+02
NBF:Station:52355370,Parkplatz Kühler Krug,0,2026-05-19 10:39:12+02
NBF:Station:280258,Karlstor,1,2026-05-19 10:39:12+02
NBF:Station:462181,Daxlanden - Stadtwerke,6,2026-05-19 10:39:12+02
NBF:Station:285510,Adenauerring / Fasanengarten,3,2026-05-19 10:39:12+02
NBF:Station:280263,Fächerbad,7,2026-05-19 10:39:12+02
NBF:Station:53001693,Knielinger Allee/Franz-Lust-Straße,1,2026-05-19 10:39:12+02
NBF:Station:52997350,Schloss Rüppurr,2,2026-05-19 10:39:12+02
NBF:Station:280322,KIT Süd,4,2026-05-19 10:39:12+02
NBF:Station:297942,Neuer Zirkel / Englerstr.,4,2026-05-19 10:39:12+02
NBF:Station:280259,Werderplatz,1,2026-05-19 10:39:12+02
NBF:Station:50819438,Moltkestraße - CAMPUSbike HSKA,5,2026-05-19 10:39:12+02
NBF:Station:78970799,Durlach - Alte Karlsruher Straße,1,2026-05-19 10:39:12+02
NBF:Station:289946,Durlach Schlossplatz,5,2026-05-19 10:39:12+02
NBF:Station:78972260,Servicescope,3,2026-05-19 10:39:12+02
NBF:Station:462165,Rüppurr – Tulpenstraße,2,2026-05-19 10:39:12+02
NBF:Station:50819425,Knielinger Allee - CAMPUSbike HSKA,6,2026-05-19 10:39:12+02
NBF:Station:53171791,Südendstraße./ Brauerstr.,3,2026-05-19 10:39:12+02
NBF:Station:462174,Bulach - Grünwinkler Straße,8,2026-05-19 10:39:12+02
NBF:Station:280255,Kreativpark/Alter Schlachthof,1,2026-05-19 10:39:12+02
NBF:Station:462159,Oberreut - Zentrum,6,2026-05-19 10:39:12+02
NBF:Station:52999116,Weinbrennerplatz,2,2026-05-19 10:39:12+02
NBF:Station:280260,Nordweststadt - Kurt-Schumacher-Straße,1,2026-05-19 10:39:12+02
NBF:Station:280261,Knielingen / Herweghstraße,2,2026-05-19 10:39:12+02
NBF:Station:289942,Durlach - Bahnhof ,5,2026-05-19 10:39:12+02
NBF:Station:6352777,Zeppelinstraße / Benzstraße,4,2026-05-19 10:39:12+02
NBF:Station:264394,Hauptbahnhof / Touristinformation,0,2026-05-19 10:39:12+02
NBF:Station:280322,KIT Süd,1,2026-05-19 10:05:54+02
NBF:Station:280261,Knielingen / Herweghstraße,2,2026-05-19 10:05:54+02
NBF:Station:458,Erbprinzenstr.,1,2026-05-19 10:05:54+02
NBF:Station:280260,Nordweststadt - Kurt-Schumacher-Straße,1,2026-05-19 10:05:54+02
NBF:Station:264394,Hauptbahnhof / Touristinformation,2,2026-05-19 10:05:54+02
NBF:Station:289942,Durlach - Bahnhof ,5,2026-05-19 10:05:54+02
NBF:Station:6352777,Zeppelinstraße / Benzstraße,4,2026-05-19 10:05:54+02
NBF:Station:367726,KIT Ost,0,2026-05-19 10:05:54+02
NBF:Station:37983357,Adenauerring,1,2026-05-19 10:05:54+02
NBF:Station:280258,Karlstor,1,2026-05-19 10:05:54+02
NBF:Station:462165,Rüppurr – Tulpenstraße,2,2026-05-19 10:05:54+02
NBF:Station:52999116,Weinbrennerplatz,2,2026-05-19 10:05:54+02
NBF:Station:462159,Oberreut - Zentrum,6,2026-05-19 10:05:54+02
NBF:Station:300645,HaDiKo,0,2026-05-19 10:05:54+02
NBF:Station:280255,Kreativpark/Alter Schlachthof,1,2026-05-19 10:05:54+02
NBF:Station:462174,Bulach - Grünwinkler Straße,8,2026-05-19 10:05:54+02
NBF:Station:53171791,Südendstraße./ Brauerstr.,3,2026-05-19 10:05:54+02
NBF:Station:50819425,Knielinger Allee - CAMPUSbike HSKA,4,2026-05-19 10:05:54+02
NBF:Station:280253,Karl-Wilhelm-Platz,0,2026-05-19 10:05:54+02
NBF:Station:297942,Neuer Zirkel / Englerstr.,3,2026-05-19 10:05:54+02
NBF:Station:52997350,Schloss Rüppurr,2,2026-05-19 10:05:54+02
NBF:Station:53001693,Knielinger Allee/Franz-Lust-Straße,1,2026-05-19 10:05:54+02
NBF:Station:280263,Fächerbad,7,2026-05-19 10:05:54+02
NBF:Station:78972260,Servicescope,3,2026-05-19 10:05:54+02
NBF:Station:289946,Durlach Schlossplatz,5,2026-05-19 10:05:54+02
NBF:Station:55113155,Reinmuthstraße./ Sudetenstraße,1,2026-05-19 10:05:54+02
NBF:Station:78970799,Durlach - Alte Karlsruher Straße,1,2026-05-19 10:05:54+02
NBF:Station:78971440,Gerwigstraße,0,2026-05-19 10:05:54+02
NBF:Station:50819438,Moltkestraße - CAMPUSbike HSKA,4,2026-05-19 10:05:54+02
NBF:Station:280259,Werderplatz,0,2026-05-19 10:05:54+02
NBF:Station:52355370,Parkplatz Kühler Krug,1,2026-05-19 10:05:54+02
NBF:Station:54869634,Knielingen./Rheinbergstraße,3,2026-05-19 10:05:54+02
NBF:Station:289944,Rommelstr. / Auerstr.,3,2026-05-19 10:05:54+02
NBF:Station:285510,Adenauerring / Fasanengarten,2,2026-05-19 10:05:54+02
NBF:Station:462181,Daxlanden - Stadtwerke,6,2026-05-19 10:05:54+02
NBF:Station:280259,Werderplatz,0,2026-05-19 09:32:09+02
NBF:Station:280261,Knielingen / Herweghstraße,2,2026-05-19 09:32:09+02
NBF:Station:289942,Durlach - Bahnhof ,5,2026-05-19 09:32:09+02
NBF:Station:6352777,Zeppelinstraße / Benzstraße,5,2026-05-19 09:32:09+02
NBF:Station:462159,Oberreut - Zentrum,6,2026-05-19 09:32:09+02
NBF:Station:264394,Hauptbahnhof / Touristinformation,0,2026-05-19 09:32:09+02
NBF:Station:280260,Nordweststadt - Kurt-Schumacher-Straße,1,2026-05-19 09:32:09+02
NBF:Station:280255,Kreativpark/Alter Schlachthof,1,2026-05-19 09:32:09+02
NBF:Station:462174,Bulach - Grünwinkler Straße,8,2026-05-19 09:32:09+02
NBF:Station:53171791,Südendstraße./ Brauerstr.,2,2026-05-19 09:32:09+02
NBF:Station:50819425,Knielinger Allee - CAMPUSbike HSKA,4,2026-05-19 09:32:09+02
NBF:Station:280263,Fächerbad,6,2026-05-19 09:32:09+02
NBF:Station:52999116,Weinbrennerplatz,2,2026-05-19 09:32:09+02
NBF:Station:300645,HaDiKo,0,2026-05-19 09:32:09+02
NBF:Station:280258,Karlstor,1,2026-05-19 09:32:09+02
NBF:Station:367726,KIT Ost,7,2026-05-19 09:32:09+02
NBF:Station:462165,Rüppurr – Tulpenstraße,2,2026-05-19 09:32:09+02
NBF:Station:280249,Prinz-Max-Palais,1,2026-05-19 09:32:09+02
NBF:Station:78970799,Durlach - Alte Karlsruher Straße,1,2026-05-19 09:32:09+02
NBF:Station:78971440,Gerwigstraße,2,2026-05-19 09:32:09+02
NBF:Station:50819438,Moltkestraße - CAMPUSbike HSKA,1,2026-05-19 09:32:09+02
NBF:Station:280322,KIT Süd,0,2026-05-19 09:32:09+02
NBF:Station:78972260,Servicescope,3,2026-05-19 09:32:09+02
NBF:Station:289946,Durlach Schlossplatz,5,2026-05-19 09:32:09+02
NBF:Station:55113155,Reinmuthstraße./ Sudetenstraße,2,2026-05-19 09:32:09+02
NBF:Station:53001693,Knielinger Allee/Franz-Lust-Straße,4,2026-05-19 09:32:09+02
NBF:Station:297942,Neuer Zirkel / Englerstr.,3,2026-05-19 09:32:09+02
NBF:Station:52997350,Schloss Rüppurr,2,2026-05-19 09:32:09+02
NBF:Station:462181,Daxlanden - Stadtwerke,6,2026-05-19 09:32:09+02
NBF:Station:285510,Adenauerring / Fasanengarten,4,2026-05-19 09:32:09+02
NBF:Station:289944,Rommelstr. / Auerstr.,3,2026-05-19 09:32:09+02
NBF:Station:52355370,Parkplatz Kühler Krug,1,2026-05-19 09:32:09+02
NBF:Station:54869634,Knielingen./Rheinbergstraße,3,2026-05-19 09:32:09+02
NBF:Station:289946,Durlach Schlossplatz,5,2026-05-19 08:56:45+02
NBF:Station:78972260,Servicescope,3,2026-05-19 08:56:45+02
NBF:Station:55113155,Reinmuthstraße./ Sudetenstraße,1,2026-05-19 08:56:45+02
NBF:Station:280259,Werderplatz,1,2026-05-19 08:56:45+02
NBF:Station:50819438,Moltkestraße - CAMPUSbike HSKA,1,2026-05-19 08:56:45+02
NBF:Station:78970799,Durlach - Alte Karlsruher Straße,1,2026-05-19 08:56:45+02
NBF:Station:78971440,Gerwigstraße,0,2026-05-19 08:56:45+02
NBF:Station:297942,Neuer Zirkel / Englerstr.,4,2026-05-19 08:56:45+02
NBF:Station:52997350,Schloss Rüppurr,2,2026-05-19 08:56:45+02
NBF:Station:280322,KIT Süd,2,2026-05-19 08:56:45+02
NBF:Station:280263,Fächerbad,6,2026-05-19 08:56:45+02
NBF:Station:53001693,Knielinger Allee/Franz-Lust-Straße,5,2026-05-19 08:56:45+02
NBF:Station:285510,Adenauerring / Fasanengarten,4,2026-05-19 08:56:45+02
NBF:Station:462181,Daxlanden - Stadtwerke,6,2026-05-19 08:56:45+02
NBF:Station:52355370,Parkplatz Kühler Krug,1,2026-05-19 08:56:45+02
NBF:Station:54869634,Knielingen./Rheinbergstraße,3,2026-05-19 08:56:45+02
NBF:Station:289944,Rommelstr. / Auerstr.,3,2026-05-19 08:56:45+02
NBF:Station:264394,Hauptbahnhof / Touristinformation,0,2026-05-19 08:56:45+02
NBF:Station:289942,Durlach - Bahnhof ,5,2026-05-19 08:56:45+02
NBF:Station:6352777,Zeppelinstraße / Benzstraße,5,2026-05-19 08:56:45+02
NBF:Station:280261,Knielingen / Herweghstraße,2,2026-05-19 08:56:45+02
NBF:Station:462174,Bulach - Grünwinkler Straße,9,2026-05-19 08:56:45+02
NBF:Station:280260,Nordweststadt - Kurt-Schumacher-Straße,1,2026-05-19 08:56:45+02
NBF:Station:52999116,Weinbrennerplatz,2,2026-05-19 08:56:45+02
NBF:Station:462159,Oberreut - Zentrum,6,2026-05-19 08:56:45+02
NBF:Station:53171791,Südendstraße./ Brauerstr.,2,2026-05-19 08:56:45+02
NBF:Station:280255,Kreativpark/Alter Schlachthof,1,2026-05-19 08:56:45+02
NBF:Station:50819425,Knielinger Allee - CAMPUSbike HSKA,4,2026-05-19 08:56:45+02
NBF:Station:367726,KIT Ost,7,2026-05-19 08:56:45+02
NBF:Station:37983357,Adenauerring,1,2026-05-19 08:56:45+02
NBF:Station:280258,Karlstor,1,2026-05-19 08:56:45+02
NBF:Station:462165,Rüppurr – Tulpenstraße,2,2026-05-19 08:56:45+02
NBF:Station:289944,Rommelstr. / Auerstr.,2,2026-05-19 08:22:17+02
NBF:Station:54869634,Knielingen./Rheinbergstraße,3,2026-05-19 08:22:17+02
NBF:Station:462181,Daxlanden - Stadtwerke,6,2026-05-19 08:22:17+02
NBF:Station:285510,Adenauerring / Fasanengarten,1,2026-05-19 08:22:17+02
NBF:Station:53001693,Knielinger Allee/Franz-Lust-Straße,6,2026-05-19 08:22:17+02
NBF:Station:280263,Fächerbad,5,2026-05-19 08:22:17+02
NBF:Station:297942,Neuer Zirkel / Englerstr.,3,2026-05-19 08:22:17+02
NBF:Station:280322,KIT Süd,3,2026-05-19 08:22:17+02
NBF:Station:52997350,Schloss Rüppurr,2,2026-05-19 08:22:17+02
NBF:Station:78970799,Durlach - Alte Karlsruher Straße,1,2026-05-19 08:22:17+02
NBF:Station:78971440,Gerwigstraße,1,2026-05-19 08:22:17+02
NBF:Station:280259,Werderplatz,3,2026-05-19 08:22:17+02
NBF:Station:78972260,Servicescope,3,2026-05-19 08:22:17+02
NBF:Station:289946,Durlach Schlossplatz,5,2026-05-19 08:22:17+02
NBF:Station:55113155,Reinmuthstraße./ Sudetenstraße,1,2026-05-19 08:22:17+02
NBF:Station:280258,Karlstor,0,2026-05-19 08:22:17+02
NBF:Station:367726,KIT Ost,7,2026-05-19 08:22:17+02
NBF:Station:462165,Rüppurr – Tulpenstraße,2,2026-05-19 08:22:17+02
NBF:Station:280255,Kreativpark/Alter Schlachthof,1,2026-05-19 08:22:17+02
NBF:Station:53171791,Südendstraße./ Brauerstr.,2,2026-05-19 08:22:17+02
NBF:Station:462174,Bulach - Grünwinkler Straße,9,2026-05-19 08:22:17+02
NBF:Station:50819425,Knielinger Allee - CAMPUSbike HSKA,5,2026-05-19 08:22:17+02
NBF:Station:462159,Oberreut - Zentrum,6,2026-05-19 08:22:17+02
NBF:Station:300645,HaDiKo,5,2026-05-19 08:22:17+02
NBF:Station:1390,Karlstraße / Waldstraße,1,2026-05-19 08:22:17+02
NBF:Station:52999116,Weinbrennerplatz,2,2026-05-19 08:22:17+02
NBF:Station:280260,Nordweststadt - Kurt-Schumacher-Straße,1,2026-05-19 08:22:17+02
NBF:Station:280261,Knielingen / Herweghstraße,2,2026-05-19 08:22:17+02
NBF:Station:289942,Durlach - Bahnhof ,3,2026-05-19 08:22:17+02
NBF:Station:6352777,Zeppelinstraße / Benzstraße,5,2026-05-19 08:22:17+02
NBF:Station:264394,Hauptbahnhof / Touristinformation,1,2026-05-19 08:22:17+02
NBF:Station:280258,Karlstor,1,2026-05-19 07:45:48+02
NBF:Station:367726,KIT Ost,6,2026-05-19 07:45:48+02
NBF:Station:462165,Rüppurr – Tulpenstraße,2,2026-05-19 07:45:48+02
NBF:Station:462174,Bulach - Grünwinkler Straße,9,2026-05-19 07:45:48+02
NBF:Station:53171791,Südendstraße./ Brauerstr.,2,2026-05-19 07:45:48+02
NBF:Station:280255,Kreativpark/Alter Schlachthof,1,2026-05-19 07:45:48+02
NBF:Station:50819425,Knielinger Allee - CAMPUSbike HSKA,1,2026-05-19 07:45:48+02
NBF:Station:280253,Karl-Wilhelm-Platz,1,2026-05-19 07:45:48+02
NBF:Station:52999116,Weinbrennerplatz,2,2026-05-19 07:45:48+02
NBF:Station:462159,Oberreut - Zentrum,6,2026-05-19 07:45:48+02
NBF:Station:300645,HaDiKo,11,2026-05-19 07:45:48+02
NBF:Station:280260,Nordweststadt - Kurt-Schumacher-Straße,2,2026-05-19 07:45:48+02
NBF:Station:458,Erbprinzenstr.,1,2026-05-19 07:45:48+02
NBF:Station:280261,Knielingen / Herweghstraße,2,2026-05-19 07:45:48+02
NBF:Station:289942,Durlach - Bahnhof ,2,2026-05-19 07:45:48+02
NBF:Station:6352777,Zeppelinstraße / Benzstraße,5,2026-05-19 07:45:48+02
NBF:Station:264394,Hauptbahnhof / Touristinformation,3,2026-05-19 07:45:48+02
NBF:Station:289944,Rommelstr. / Auerstr.,2,2026-05-19 07:45:48+02
NBF:Station:54869634,Knielingen./Rheinbergstraße,3,2026-05-19 07:45:48+02
NBF:Station:52355370,Parkplatz Kühler Krug,1,2026-05-19 07:45:48+02
NBF:Station:462181,Daxlanden - Stadtwerke,6,2026-05-19 07:45:48+02
NBF:Station:280263,Fächerbad,5,2026-05-19 07:45:48+02
NBF:Station:53001693,Knielinger Allee/Franz-Lust-Straße,9,2026-05-19 07:45:48+02
NBF:Station:297942,Neuer Zirkel / Englerstr.,1,2026-05-19 07:45:48+02
NBF:Station:52997350,Schloss Rüppurr,2,2026-05-19 07:45:48+02
NBF:Station:50819438,Moltkestraße - CAMPUSbike HSKA,0,2026-05-19 07:45:48+02
NBF:Station:280259,Werderplatz,3,2026-05-19 07:45:48+02
NBF:Station:78970799,Durlach - Alte Karlsruher Straße,2,2026-05-19 07:45:48+02
NBF:Station:78971440,Gerwigstraße,0,2026-05-19 07:45:48+02
NBF:Station:78972260,Servicescope,3,2026-05-19 07:45:48+02
NBF:Station:289946,Durlach Schlossplatz,4,2026-05-19 07:45:48+02
NBF:Station:55113155,Reinmuthstraße./ Sudetenstraße,1,2026-05-19 07:45:48+02
NBF:Station:280260,Nordweststadt - Kurt-Schumacher-Straße,3,2026-05-19 07:12:11+02
NBF:Station:280261,Knielingen / Herweghstraße,2,2026-05-19 07:12:11+02
NBF:Station:289942,Durlach - Bahnhof ,1,2026-05-19 07:12:11+02
NBF:Station:6352777,Zeppelinstraße / Benzstraße,4,2026-05-19 07:12:11+02
NBF:Station:264394,Hauptbahnhof / Touristinformation,0,2026-05-19 07:12:11+02
NBF:Station:280258,Karlstor,1,2026-05-19 07:12:11+02
NBF:Station:367726,KIT Ost,6,2026-05-19 07:12:11+02
NBF:Station:462165,Rüppurr – Tulpenstraße,2,2026-05-19 07:12:11+02
NBF:Station:462174,Bulach - Grünwinkler Straße,9,2026-05-19 07:12:11+02
NBF:Station:53171791,Südendstraße./ Brauerstr.,2,2026-05-19 07:12:11+02
NBF:Station:280255,Kreativpark/Alter Schlachthof,2,2026-05-19 07:12:11+02
NBF:Station:280250,Kolpingplatz,1,2026-05-19 07:12:11+02
NBF:Station:462159,Oberreut - Zentrum,6,2026-05-19 07:12:11+02
NBF:Station:52999116,Weinbrennerplatz,2,2026-05-19 07:12:11+02
NBF:Station:300645,HaDiKo,11,2026-05-19 07:12:11+02
NBF:Station:280263,Fächerbad,5,2026-05-19 07:12:11+02
NBF:Station:53001693,Knielinger Allee/Franz-Lust-Straße,10,2026-05-19 07:12:11+02
NBF:Station:37983402,Tennesseeallee - CAMPUSbike KIT,0,2026-05-19 07:12:11+02
NBF:Station:297942,Neuer Zirkel / Englerstr.,1,2026-05-19 07:12:11+02
NBF:Station:52997350,Schloss Rüppurr,2,2026-05-19 07:12:11+02
NBF:Station:280259,Werderplatz,3,2026-05-19 07:12:11+02
NBF:Station:78970799,Durlach - Alte Karlsruher Straße,1,2026-05-19 07:12:11+02
NBF:Station:78971440,Gerwigstraße,2,2026-05-19 07:12:11+02
NBF:Station:289946,Durlach Schlossplatz,4,2026-05-19 07:12:11+02
NBF:Station:78972260,Servicescope,3,2026-05-19 07:12:11+02
NBF:Station:55113155,Reinmuthstraße./ Sudetenstraße,1,2026-05-19 07:12:11+02
NBF:Station:289944,Rommelstr. / Auerstr.,2,2026-05-19 07:12:11+02
NBF:Station:52355370,Parkplatz Kühler Krug,1,2026-05-19 07:12:11+02
NBF:Station:54869634,Knielingen./Rheinbergstraße,3,2026-05-19 07:12:11+02
NBF:Station:462181,Daxlanden - Stadtwerke,6,2026-05-19 07:12:11+02
NBF:Station:289942,Durlach - Bahnhof ,1,2026-05-19 06:36:41+02
NBF:Station:280250,Kolpingplatz,1,2026-05-19 06:36:41+02
NBF:Station:300645,HaDiKo,14,2026-05-19 06:36:41+02
NBF:Station:462159,Oberreut - Zentrum,6,2026-05-19 06:36:41+02
NBF:Station:52999116,Weinbrennerplatz,2,2026-05-19 06:36:41+02
NBF:Station:280253,Karl-Wilhelm-Platz,2,2026-05-19 06:36:41+02
NBF:Station:280255,Kreativpark/Alter Schlachthof,2,2026-05-19 06:36:41+02
NBF:Station:53171791,Südendstraße./ Brauerstr.,1,2026-05-19 06:36:41+02
NBF:Station:462174,Bulach - Grünwinkler Straße,8,2026-05-19 06:36:41+02
NBF:Station:462165,Rüppurr – Tulpenstraße,2,2026-05-19 06:36:41+02
NBF:Station:280258,Karlstor,1,2026-05-19 06:36:41+02
NBF:Station:367726,KIT Ost,6,2026-05-19 06:36:41+02
NBF:Station:264394,Hauptbahnhof / Touristinformation,2,2026-05-19 06:36:41+02
NBF:Station:6352777,Zeppelinstraße / Benzstraße,4,2026-05-19 06:36:41+02
NBF:Station:280261,Knielingen / Herweghstraße,2,2026-05-19 06:36:41+02
NBF:Station:280260,Nordweststadt - Kurt-Schumacher-Straße,3,2026-05-19 06:36:41+02
NBF:Station:462181,Daxlanden - Stadtwerke,6,2026-05-19 06:36:41+02
NBF:Station:54869634,Knielingen./Rheinbergstraße,3,2026-05-19 06:36:41+02
NBF:Station:52355370,Parkplatz Kühler Krug,1,2026-05-19 06:36:41+02
NBF:Station:289944,Rommelstr. / Auerstr.,2,2026-05-19 06:36:41+02
NBF:Station:55113155,Reinmuthstraße./ Sudetenstraße,1,2026-05-19 06:36:41+02
NBF:Station:78972260,Servicescope,3,2026-05-19 06:36:41+02
NBF:Station:289946,Durlach Schlossplatz,3,2026-05-19 06:36:41+02
NBF:Station:78970799,Durlach - Alte Karlsruher Straße,1,2026-05-19 06:36:41+02
NBF:Station:78971440,Gerwigstraße,2,2026-05-19 06:36:41+02
NBF:Station:280259,Werderplatz,3,2026-05-19 06:36:41+02
NBF:Station:52997350,Schloss Rüppurr,2,2026-05-19 06:36:41+02
NBF:Station:297942,Neuer Zirkel / Englerstr.,1,2026-05-19 06:36:41+02
NBF:Station:53001693,Knielinger Allee/Franz-Lust-Straße,10,2026-05-19 06:36:41+02
NBF:Station:280263,Fächerbad,5,2026-05-19 06:36:41+02
NBF:Station:37983402,Tennesseeallee - CAMPUSbike KIT,0,2026-05-19 06:36:41+02
NBF:Station:264394,Hauptbahnhof / Touristinformation,2,2026-05-19 06:04:01+02
NBF:Station:6352777,Zeppelinstraße / Benzstraße,4,2026-05-19 06:04:01+02
NBF:Station:280261,Knielingen / Herweghstraße,2,2026-05-19 06:04:01+02
NBF:Station:280260,Nordweststadt - Kurt-Schumacher-Straße,3,2026-05-19 06:04:01+02
NBF:Station:300645,HaDiKo,14,2026-05-19 06:04:01+02
NBF:Station:52999116,Weinbrennerplatz,2,2026-05-19 06:04:01+02
NBF:Station:462159,Oberreut - Zentrum,6,2026-05-19 06:04:01+02
NBF:Station:280250,Kolpingplatz,1,2026-05-19 06:04:01+02
NBF:Station:280253,Karl-Wilhelm-Platz,2,2026-05-19 06:04:01+02
NBF:Station:53171791,Südendstraße./ Brauerstr.,1,2026-05-19 06:04:01+02
NBF:Station:462174,Bulach - Grünwinkler Straße,8,2026-05-19 06:04:01+02
NBF:Station:280255,Kreativpark/Alter Schlachthof,2,2026-05-19 06:04:01+02
NBF:Station:462165,Rüppurr – Tulpenstraße,2,2026-05-19 06:04:01+02
NBF:Station:367726,KIT Ost,6,2026-05-19 06:04:01+02
NBF:Station:280258,Karlstor,1,2026-05-19 06:04:01+02
NBF:Station:55113155,Reinmuthstraße./ Sudetenstraße,1,2026-05-19 06:04:01+02
NBF:Station:289946,Durlach Schlossplatz,3,2026-05-19 06:04:01+02
NBF:Station:78972260,Servicescope,3,2026-05-19 06:04:01+02
NBF:Station:280259,Werderplatz,3,2026-05-19 06:04:01+02
NBF:Station:78970799,Durlach - Alte Karlsruher Straße,1,2026-05-19 06:04:01+02
NBF:Station:78971440,Gerwigstraße,2,2026-05-19 06:04:01+02
NBF:Station:52997350,Schloss Rüppurr,2,2026-05-19 06:04:01+02
NBF:Station:297942,Neuer Zirkel / Englerstr.,1,2026-05-19 06:04:01+02
NBF:Station:37983402,Tennesseeallee - CAMPUSbike KIT,1,2026-05-19 06:04:01+02
NBF:Station:280263,Fächerbad,5,2026-05-19 06:04:01+02
NBF:Station:53001693,Knielinger Allee/Franz-Lust-Straße,10,2026-05-19 06:04:01+02
NBF:Station:462181,Daxlanden - Stadtwerke,6,2026-05-19 06:04:01+02
NBF:Station:54869634,Knielingen./Rheinbergstraße,3,2026-05-19 06:04:01+02
NBF:Station:52355370,Parkplatz Kühler Krug,1,2026-05-19 06:04:01+02
NBF:Station:289944,Rommelstr. / Auerstr.,2,2026-05-19 06:04:01+02
NBF:Station:280260,Nordweststadt - Kurt-Schumacher-Straße,3,2026-05-19 05:22:15+02
NBF:Station:280261,Knielingen / Herweghstraße,2,2026-05-19 05:22:15+02
NBF:Station:6352777,Zeppelinstraße / Benzstraße,4,2026-05-19 05:22:15+02
NBF:Station:264394,Hauptbahnhof / Touristinformation,1,2026-05-19 05:22:15+02
NBF:Station:462165,Rüppurr – Tulpenstraße,2,2026-05-19 05:22:15+02
NBF:Station:367726,KIT Ost,6,2026-05-19 05:22:15+02
NBF:Station:280258,Karlstor,1,2026-05-19 05:22:15+02
NBF:Station:280250,Kolpingplatz,1,2026-05-19 05:22:15+02
NBF:Station:280253,Karl-Wilhelm-Platz,2,2026-05-19 05:22:15+02
NBF:Station:280255,Kreativpark/Alter Schlachthof,2,2026-05-19 05:22:15+02
NBF:Station:53171791,Südendstraße./ Brauerstr.,1,2026-05-19 05:22:15+02
NBF:Station:462174,Bulach - Grünwinkler Straße,8,2026-05-19 05:22:15+02
NBF:Station:300645,HaDiKo,14,2026-05-19 05:22:15+02
NBF:Station:52999116,Weinbrennerplatz,2,2026-05-19 05:22:15+02
NBF:Station:462159,Oberreut - Zentrum,6,2026-05-19 05:22:15+02
NBF:Station:37983402,Tennesseeallee - CAMPUSbike KIT,1,2026-05-19 05:22:15+02
NBF:Station:53001693,Knielinger Allee/Franz-Lust-Straße,10,2026-05-19 05:22:15+02
NBF:Station:280263,Fächerbad,5,2026-05-19 05:22:15+02
NBF:Station:52997350,Schloss Rüppurr,2,2026-05-19 05:22:15+02
NBF:Station:297942,Neuer Zirkel / Englerstr.,1,2026-05-19 05:22:15+02
NBF:Station:78970799,Durlach - Alte Karlsruher Straße,1,2026-05-19 05:22:15+02
NBF:Station:78971440,Gerwigstraße,2,2026-05-19 05:22:15+02
NBF:Station:280259,Werderplatz,3,2026-05-19 05:22:15+02
NBF:Station:55113155,Reinmuthstraße./ Sudetenstraße,1,2026-05-19 05:22:15+02
NBF:Station:78972260,Servicescope,3,2026-05-19 05:22:15+02
NBF:Station:289946,Durlach Schlossplatz,3,2026-05-19 05:22:15+02
NBF:Station:289944,Rommelstr. / Auerstr.,2,2026-05-19 05:22:15+02
NBF:Station:54869634,Knielingen./Rheinbergstraße,3,2026-05-19 05:22:15+02
NBF:Station:52355370,Parkplatz Kühler Krug,1,2026-05-19 05:22:15+02
NBF:Station:462181,Daxlanden - Stadtwerke,6,2026-05-19 05:22:15+02
NBF:Station:55113155,Reinmuthstraße./ Sudetenstraße,1,2026-05-19 04:47:52+02
NBF:Station:289946,Durlach Schlossplatz,3,2026-05-19 04:47:52+02
NBF:Station:78972260,Servicescope,3,2026-05-19 04:47:52+02
NBF:Station:280259,Werderplatz,3,2026-05-19 04:47:52+02
NBF:Station:78970799,Durlach - Alte Karlsruher Straße,1,2026-05-19 04:47:52+02
NBF:Station:78971440,Gerwigstraße,2,2026-05-19 04:47:52+02
NBF:Station:52997350,Schloss Rüppurr,2,2026-05-19 04:47:52+02
NBF:Station:297942,Neuer Zirkel / Englerstr.,1,2026-05-19 04:47:52+02
NBF:Station:280263,Fächerbad,5,2026-05-19 04:47:52+02
NBF:Station:53001693,Knielinger Allee/Franz-Lust-Straße,10,2026-05-19 04:47:52+02
NBF:Station:37983402,Tennesseeallee - CAMPUSbike KIT,1,2026-05-19 04:47:52+02
NBF:Station:462181,Daxlanden - Stadtwerke,6,2026-05-19 04:47:52+02
NBF:Station:52355370,Parkplatz Kühler Krug,1,2026-05-19 04:47:52+02
NBF:Station:54869634,Knielingen./Rheinbergstraße,3,2026-05-19 04:47:52+02
NBF:Station:289944,Rommelstr. / Auerstr.,2,2026-05-19 04:47:52+02
NBF:Station:264394,Hauptbahnhof / Touristinformation,1,2026-05-19 04:47:52+02
NBF:Station:6352777,Zeppelinstraße / Benzstraße,4,2026-05-19 04:47:52+02
NBF:Station:280261,Knielingen / Herweghstraße,2,2026-05-19 04:47:52+02
NBF:Station:280260,Nordweststadt - Kurt-Schumacher-Straße,3,2026-05-19 04:47:52+02
NBF:Station:367726,KIT Ost,6,2026-05-19 04:47:52+02
NBF:Station:300645,HaDiKo,14,2026-05-19 04:47:52+02
NBF:Station:462159,Oberreut - Zentrum,6,2026-05-19 04:47:52+02
NBF:Station:52999116,Weinbrennerplatz,2,2026-05-19 04:47:52+02
NBF:Station:280253,Karl-Wilhelm-Platz,2,2026-05-19 04:47:52+02
NBF:Station:280250,Kolpingplatz,1,2026-05-19 04:47:52+02
NBF:Station:462174,Bulach - Grünwinkler Straße,8,2026-05-19 04:47:52+02
NBF:Station:53171791,Südendstraße./ Brauerstr.,1,2026-05-19 04:47:52+02
NBF:Station:280255,Kreativpark/Alter Schlachthof,2,2026-05-19 04:47:52+02
NBF:Station:462165,Rüppurr – Tulpenstraße,2,2026-05-19 04:47:52+02
NBF:Station:280258,Karlstor,1,2026-05-19 04:47:52+02
NBF:Station:462165,Rüppurr – Tulpenstraße,2,2026-05-19 04:12:01+02
NBF:Station:280258,Karlstor,1,2026-05-19 04:12:01+02
NBF:Station:367726,KIT Ost,6,2026-05-19 04:12:01+02
NBF:Station:280253,Karl-Wilhelm-Platz,2,2026-05-19 04:12:01+02
NBF:Station:280250,Kolpingplatz,1,2026-05-19 04:12:01+02
NBF:Station:462174,Bulach - Grünwinkler Straße,8,2026-05-19 04:12:01+02
NBF:Station:53171791,Südendstraße./ Brauerstr.,1,2026-05-19 04:12:01+02
NBF:Station:280255,Kreativpark/Alter Schlachthof,2,2026-05-19 04:12:01+02
NBF:Station:300645,HaDiKo,14,2026-05-19 04:12:01+02
NBF:Station:462159,Oberreut - Zentrum,6,2026-05-19 04:12:01+02
NBF:Station:52999116,Weinbrennerplatz,2,2026-05-19 04:12:01+02
NBF:Station:280260,Nordweststadt - Kurt-Schumacher-Straße,3,2026-05-19 04:12:01+02
NBF:Station:280261,Knielingen / Herweghstraße,2,2026-05-19 04:12:01+02
NBF:Station:6352777,Zeppelinstraße / Benzstraße,4,2026-05-19 04:12:01+02
NBF:Station:264394,Hauptbahnhof / Touristinformation,1,2026-05-19 04:12:01+02
NBF:Station:289944,Rommelstr. / Auerstr.,2,2026-05-19 04:12:01+02
NBF:Station:52355370,Parkplatz Kühler Krug,1,2026-05-19 04:12:01+02
NBF:Station:54869634,Knielingen./Rheinbergstraße,3,2026-05-19 04:12:01+02
NBF:Station:462181,Daxlanden - Stadtwerke,6,2026-05-19 04:12:01+02
NBF:Station:280263,Fächerbad,5,2026-05-19 04:12:01+02
NBF:Station:53001693,Knielinger Allee/Franz-Lust-Straße,10,2026-05-19 04:12:01+02
NBF:Station:37983402,Tennesseeallee - CAMPUSbike KIT,1,2026-05-19 04:12:01+02
NBF:Station:52997350,Schloss Rüppurr,2,2026-05-19 04:12:01+02
NBF:Station:297942,Neuer Zirkel / Englerstr.,1,2026-05-19 04:12:01+02
NBF:Station:280259,Werderplatz,3,2026-05-19 04:12:01+02
NBF:Station:78970799,Durlach - Alte Karlsruher Straße,1,2026-05-19 04:12:01+02
NBF:Station:78971440,Gerwigstraße,2,2026-05-19 04:12:01+02
NBF:Station:55113155,Reinmuthstraße./ Sudetenstraße,1,2026-05-19 04:12:01+02
NBF:Station:289946,Durlach Schlossplatz,3,2026-05-19 04:12:01+02
NBF:Station:78972260,Servicescope,3,2026-05-19 04:12:01+02
NBF:Station:52355370,Parkplatz Kühler Krug,1,2026-05-19 03:38:07+02
NBF:Station:54869634,Knielingen./Rheinbergstraße,3,2026-05-19 03:38:07+02
NBF:Station:289944,Rommelstr. / Auerstr.,2,2026-05-19 03:38:07+02
NBF:Station:462181,Daxlanden - Stadtwerke,6,2026-05-19 03:38:07+02
NBF:Station:297942,Neuer Zirkel / Englerstr.,1,2026-05-19 03:38:07+02
NBF:Station:52997350,Schloss Rüppurr,2,2026-05-19 03:38:07+02
NBF:Station:37983402,Tennesseeallee - CAMPUSbike KIT,1,2026-05-19 03:38:07+02
NBF:Station:53001693,Knielinger Allee/Franz-Lust-Straße,10,2026-05-19 03:38:07+02
NBF:Station:280263,Fächerbad,5,2026-05-19 03:38:07+02
NBF:Station:78972260,Servicescope,3,2026-05-19 03:38:07+02
NBF:Station:289946,Durlach Schlossplatz,3,2026-05-19 03:38:07+02
NBF:Station:55113155,Reinmuthstraße./ Sudetenstraße,1,2026-05-19 03:38:07+02
NBF:Station:78970799,Durlach - Alte Karlsruher Straße,1,2026-05-19 03:38:07+02
NBF:Station:78971440,Gerwigstraße,2,2026-05-19 03:38:07+02
NBF:Station:280259,Werderplatz,3,2026-05-19 03:38:07+02
NBF:Station:367726,KIT Ost,6,2026-05-19 03:38:07+02
NBF:Station:280258,Karlstor,1,2026-05-19 03:38:07+02
NBF:Station:462165,Rüppurr – Tulpenstraße,2,2026-05-19 03:38:07+02
NBF:Station:52999116,Weinbrennerplatz,2,2026-05-19 03:38:07+02
NBF:Station:462159,Oberreut - Zentrum,6,2026-05-19 03:38:07+02
NBF:Station:300645,HaDiKo,13,2026-05-19 03:38:07+02
NBF:Station:280255,Kreativpark/Alter Schlachthof,2,2026-05-19 03:38:07+02
NBF:Station:462174,Bulach - Grünwinkler Straße,8,2026-05-19 03:38:07+02
NBF:Station:53171791,Südendstraße./ Brauerstr.,1,2026-05-19 03:38:07+02
NBF:Station:280250,Kolpingplatz,1,2026-05-19 03:38:07+02
NBF:Station:280253,Karl-Wilhelm-Platz,2,2026-05-19 03:38:07+02
NBF:Station:280261,Knielingen / Herweghstraße,2,2026-05-19 03:38:07+02
NBF:Station:280260,Nordweststadt - Kurt-Schumacher-Straße,3,2026-05-19 03:38:07+02
NBF:Station:264394,Hauptbahnhof / Touristinformation,1,2026-05-19 03:38:07+02
NBF:Station:6352777,Zeppelinstraße / Benzstraße,4,2026-05-19 03:38:07+02
NBF:Station:280259,Werderplatz,3,2026-05-19 03:07:16+02
NBF:Station:280253,Karl-Wilhelm-Platz,2,2026-05-19 03:07:16+02
NBF:Station:280250,Kolpingplatz,1,2026-05-19 03:07:16+02
NBF:Station:280255,Kreativpark/Alter Schlachthof,2,2026-05-19 03:07:16+02
NBF:Station:462174,Bulach - Grünwinkler Straße,8,2026-05-19 03:07:16+02
NBF:Station:53171791,Südendstraße./ Brauerstr.,1,2026-05-19 03:07:16+02
NBF:Station:300645,HaDiKo,12,2026-05-19 03:07:16+02
NBF:Station:462159,Oberreut - Zentrum,6,2026-05-19 03:07:16+02
NBF:Station:52999116,Weinbrennerplatz,2,2026-05-19 03:07:16+02
NBF:Station:367726,KIT Ost,6,2026-05-19 03:07:16+02
NBF:Station:462165,Rüppurr – Tulpenstraße,2,2026-05-19 03:07:16+02
NBF:Station:280258,Karlstor,1,2026-05-19 03:07:16+02
NBF:Station:6352777,Zeppelinstraße / Benzstraße,4,2026-05-19 03:07:16+02
NBF:Station:264394,Hauptbahnhof / Touristinformation,1,2026-05-19 03:07:16+02
NBF:Station:280260,Nordweststadt - Kurt-Schumacher-Straße,3,2026-05-19 03:07:16+02
NBF:Station:280261,Knielingen / Herweghstraße,2,2026-05-19 03:07:16+02
NBF:Station:462181,Daxlanden - Stadtwerke,6,2026-05-19 03:07:16+02
NBF:Station:289944,Rommelstr. / Auerstr.,2,2026-05-19 03:07:16+02
NBF:Station:52355370,Parkplatz Kühler Krug,1,2026-05-19 03:07:16+02
NBF:Station:54869634,Knielingen./Rheinbergstraße,3,2026-05-19 03:07:16+02
NBF:Station:78970799,Durlach - Alte Karlsruher Straße,1,2026-05-19 03:07:16+02
NBF:Station:78971440,Gerwigstraße,2,2026-05-19 03:07:16+02
NBF:Station:55113155,Reinmuthstraße./ Sudetenstraße,1,2026-05-19 03:07:16+02
NBF:Station:78972260,Servicescope,3,2026-05-19 03:07:16+02
NBF:Station:289946,Durlach Schlossplatz,3,2026-05-19 03:07:16+02
NBF:Station:53001693,Knielinger Allee/Franz-Lust-Straße,10,2026-05-19 03:07:16+02
NBF:Station:280263,Fächerbad,5,2026-05-19 03:07:16+02
NBF:Station:37983402,Tennesseeallee - CAMPUSbike KIT,1,2026-05-19 03:07:16+02
NBF:Station:52997350,Schloss Rüppurr,2,2026-05-19 03:07:16+02
NBF:Station:297942,Neuer Zirkel / Englerstr.,1,2026-05-19 03:07:16+02
NBF:Station:6352777,Zeppelinstraße / Benzstraße,4,2026-05-19 02:35:10+02
NBF:Station:264394,Hauptbahnhof / Touristinformation,1,2026-05-19 02:35:10+02
NBF:Station:280260,Nordweststadt - Kurt-Schumacher-Straße,3,2026-05-19 02:35:10+02
NBF:Station:280261,Knielingen / Herweghstraße,1,2026-05-19 02:35:10+02
NBF:Station:462174,Bulach - Grünwinkler Straße,8,2026-05-19 02:35:10+02
NBF:Station:53171791,Südendstraße./ Brauerstr.,1,2026-05-19 02:35:10+02
NBF:Station:280255,Kreativpark/Alter Schlachthof,2,2026-05-19 02:35:10+02
NBF:Station:280253,Karl-Wilhelm-Platz,2,2026-05-19 02:35:10+02
NBF:Station:280250,Kolpingplatz,1,2026-05-19 02:35:10+02
NBF:Station:462159,Oberreut - Zentrum,6,2026-05-19 02:35:10+02
NBF:Station:367726,KIT Ost,7,2026-05-19 02:35:10+02
NBF:Station:52999116,Weinbrennerplatz,2,2026-05-19 02:35:10+02
NBF:Station:300645,HaDiKo,14,2026-05-19 02:35:10+02
NBF:Station:280258,Karlstor,1,2026-05-19 02:35:10+02
NBF:Station:462165,Rüppurr – Tulpenstraße,2,2026-05-19 02:35:10+02
NBF:Station:280259,Werderplatz,3,2026-05-19 02:35:10+02
NBF:Station:78970799,Durlach - Alte Karlsruher Straße,1,2026-05-19 02:35:10+02
NBF:Station:78971440,Gerwigstraße,4,2026-05-19 02:35:10+02
NBF:Station:289946,Durlach Schlossplatz,3,2026-05-19 02:35:10+02
NBF:Station:78972260,Servicescope,3,2026-05-19 02:35:10+02
NBF:Station:55113155,Reinmuthstraße./ Sudetenstraße,1,2026-05-19 02:35:10+02
NBF:Station:280263,Fächerbad,5,2026-05-19 02:35:10+02
NBF:Station:53001693,Knielinger Allee/Franz-Lust-Straße,9,2026-05-19 02:35:10+02
NBF:Station:297942,Neuer Zirkel / Englerstr.,1,2026-05-19 02:35:10+02
NBF:Station:52997350,Schloss Rüppurr,2,2026-05-19 02:35:10+02
NBF:Station:462181,Daxlanden - Stadtwerke,6,2026-05-19 02:35:10+02
NBF:Station:289944,Rommelstr. / Auerstr.,2,2026-05-19 02:35:10+02
NBF:Station:52355370,Parkplatz Kühler Krug,1,2026-05-19 02:35:10+02
NBF:Station:54869634,Knielingen./Rheinbergstraße,4,2026-05-19 02:35:10+02
NBF:Station:54869634,Knielingen./Rheinbergstraße,4,2026-05-19 02:03:00+02
NBF:Station:289944,Rommelstr. / Auerstr.,2,2026-05-19 02:03:00+02
NBF:Station:462181,Daxlanden - Stadtwerke,6,2026-05-19 02:03:00+02
NBF:Station:297942,Neuer Zirkel / Englerstr.,1,2026-05-19 02:03:00+02
NBF:Station:52997350,Schloss Rüppurr,2,2026-05-19 02:03:00+02
NBF:Station:53001693,Knielinger Allee/Franz-Lust-Straße,9,2026-05-19 02:03:00+02
NBF:Station:280263,Fächerbad,5,2026-05-19 02:03:00+02
NBF:Station:78972260,Servicescope,3,2026-05-19 02:03:00+02
NBF:Station:289946,Durlach Schlossplatz,3,2026-05-19 02:03:00+02
NBF:Station:55113155,Reinmuthstraße./ Sudetenstraße,1,2026-05-19 02:03:00+02
NBF:Station:280259,Werderplatz,3,2026-05-19 02:03:00+02
NBF:Station:78970799,Durlach - Alte Karlsruher Straße,1,2026-05-19 02:03:00+02
NBF:Station:78971440,Gerwigstraße,4,2026-05-19 02:03:00+02
NBF:Station:462159,Oberreut - Zentrum,6,2026-05-19 02:03:00+02
NBF:Station:280258,Karlstor,1,2026-05-19 02:03:00+02
NBF:Station:367726,KIT Ost,7,2026-05-19 02:03:00+02
NBF:Station:462165,Rüppurr – Tulpenstraße,2,2026-05-19 02:03:00+02
NBF:Station:52999116,Weinbrennerplatz,1,2026-05-19 02:03:00+02
NBF:Station:300645,HaDiKo,15,2026-05-19 02:03:00+02
NBF:Station:280255,Kreativpark/Alter Schlachthof,2,2026-05-19 02:03:00+02
NBF:Station:53171791,Südendstraße./ Brauerstr.,1,2026-05-19 02:03:00+02
NBF:Station:462174,Bulach - Grünwinkler Straße,8,2026-05-19 02:03:00+02
NBF:Station:280253,Karl-Wilhelm-Platz,2,2026-05-19 02:03:00+02
NBF:Station:280250,Kolpingplatz,1,2026-05-19 02:03:00+02
NBF:Station:280261,Knielingen / Herweghstraße,1,2026-05-19 02:03:00+02
NBF:Station:280260,Nordweststadt - Kurt-Schumacher-Straße,3,2026-05-19 02:03:00+02
NBF:Station:264394,Hauptbahnhof / Touristinformation,1,2026-05-19 02:03:00+02
NBF:Station:6352777,Zeppelinstraße / Benzstraße,4,2026-05-19 02:03:00+02
NBF:Station:462181,Daxlanden - Stadtwerke,6,2026-05-19 01:27:21+02
NBF:Station:280263,Fächerbad,5,2026-05-19 01:27:21+02
NBF:Station:54869634,Knielingen./Rheinbergstraße,4,2026-05-19 01:27:21+02
NBF:Station:289944,Rommelstr. / Auerstr.,2,2026-05-19 01:27:21+02
NBF:Station:289946,Durlach Schlossplatz,3,2026-05-19 01:27:21+02
NBF:Station:78972260,Servicescope,3,2026-05-19 01:27:21+02
NBF:Station:55113155,Reinmuthstraße./ Sudetenstraße,1,2026-05-19 01:27:21+02
NBF:Station:280259,Werderplatz,3,2026-05-19 01:27:21+02
NBF:Station:78970799,Durlach - Alte Karlsruher Straße,1,2026-05-19 01:27:21+02
NBF:Station:78971440,Gerwigstraße,4,2026-05-19 01:27:21+02
NBF:Station:297942,Neuer Zirkel / Englerstr.,0,2026-05-19 01:27:21+02
NBF:Station:52997350,Schloss Rüppurr,2,2026-05-19 01:27:21+02
NBF:Station:53001693,Knielinger Allee/Franz-Lust-Straße,8,2026-05-19 01:27:21+02
NBF:Station:52999116,Weinbrennerplatz,1,2026-05-19 01:27:21+02
NBF:Station:462159,Oberreut - Zentrum,6,2026-05-19 01:27:21+02
NBF:Station:300645,HaDiKo,16,2026-05-19 01:27:21+02
NBF:Station:462174,Bulach - Grünwinkler Straße,8,2026-05-19 01:27:21+02
NBF:Station:53171791,Südendstraße./ Brauerstr.,1,2026-05-19 01:27:21+02
NBF:Station:280255,Kreativpark/Alter Schlachthof,2,2026-05-19 01:27:21+02
NBF:Station:280250,Kolpingplatz,1,2026-05-19 01:27:21+02
NBF:Station:280253,Karl-Wilhelm-Platz,2,2026-05-19 01:27:21+02
NBF:Station:367726,KIT Ost,7,2026-05-19 01:27:21+02
NBF:Station:280258,Karlstor,0,2026-05-19 01:27:21+02
NBF:Station:462165,Rüppurr – Tulpenstraße,2,2026-05-19 01:27:21+02
NBF:Station:264394,Hauptbahnhof / Touristinformation,1,2026-05-19 01:27:21+02
NBF:Station:6352777,Zeppelinstraße / Benzstraße,4,2026-05-19 01:27:21+02
NBF:Station:280261,Knielingen / Herweghstraße,1,2026-05-19 01:27:21+02
NBF:Station:280260,Nordweststadt - Kurt-Schumacher-Straße,3,2026-05-19 01:27:21+02
NBF:Station:367726,KIT Ost,7,2026-05-19 00:53:20+02
NBF:Station:280258,Karlstor,1,2026-05-19 00:53:20+02
NBF:Station:462165,Rüppurr – Tulpenstraße,2,2026-05-19 00:53:20+02
NBF:Station:52999116,Weinbrennerplatz,1,2026-05-19 00:53:20+02
NBF:Station:462159,Oberreut - Zentrum,6,2026-05-19 00:53:20+02
NBF:Station:300645,HaDiKo,15,2026-05-19 00:53:20+02
NBF:Station:280255,Kreativpark/Alter Schlachthof,2,2026-05-19 00:53:20+02
NBF:Station:53171791,Südendstraße./ Brauerstr.,1,2026-05-19 00:53:20+02
NBF:Station:462174,Bulach - Grünwinkler Straße,8,2026-05-19 00:53:20+02
NBF:Station:280250,Kolpingplatz,1,2026-05-19 00:53:20+02
NBF:Station:280253,Karl-Wilhelm-Platz,2,2026-05-19 00:53:20+02
NBF:Station:280261,Knielingen / Herweghstraße,1,2026-05-19 00:53:20+02
NBF:Station:280260,Nordweststadt - Kurt-Schumacher-Straße,3,2026-05-19 00:53:20+02
NBF:Station:264394,Hauptbahnhof / Touristinformation,0,2026-05-19 00:53:20+02
NBF:Station:6352777,Zeppelinstraße / Benzstraße,4,2026-05-19 00:53:20+02
NBF:Station:54869634,Knielingen./Rheinbergstraße,4,2026-05-19 00:53:20+02
NBF:Station:289944,Rommelstr. / Auerstr.,2,2026-05-19 00:53:20+02
NBF:Station:462181,Daxlanden - Stadtwerke,6,2026-05-19 00:53:20+02
NBF:Station:297942,Neuer Zirkel / Englerstr.,1,2026-05-19 00:53:20+02
NBF:Station:52997350,Schloss Rüppurr,2,2026-05-19 00:53:20+02
NBF:Station:53001693,Knielinger Allee/Franz-Lust-Straße,7,2026-05-19 00:53:20+02
NBF:Station:280263,Fächerbad,5,2026-05-19 00:53:20+02
NBF:Station:78972260,Servicescope,3,2026-05-19 00:53:20+02
NBF:Station:289946,Durlach Schlossplatz,3,2026-05-19 00:53:20+02
NBF:Station:55113155,Reinmuthstraße./ Sudetenstraße,1,2026-05-19 00:53:20+02
NBF:Station:78970799,Durlach - Alte Karlsruher Straße,1,2026-05-19 00:53:20+02
NBF:Station:78971440,Gerwigstraße,4,2026-05-19 00:53:20+02
NBF:Station:280259,Werderplatz,3,2026-05-19 00:53:20+02
NBF:Station:462181,Daxlanden - Stadtwerke,6,2026-05-19 00:16:00+02
NBF:Station:54869634,Knielingen./Rheinbergstraße,4,2026-05-19 00:16:00+02
NBF:Station:289944,Rommelstr. / Auerstr.,2,2026-05-19 00:16:00+02
NBF:Station:55113155,Reinmuthstraße./ Sudetenstraße,1,2026-05-19 00:16:00+02
NBF:Station:289946,Durlach Schlossplatz,3,2026-05-19 00:16:00+02
NBF:Station:78972260,Servicescope,3,2026-05-19 00:16:00+02
NBF:Station:300645,HaDiKo,11,2026-05-19 00:16:00+02
NBF:Station:280259,Werderplatz,3,2026-05-19 00:16:00+02
NBF:Station:78970799,Durlach - Alte Karlsruher Straße,1,2026-05-19 00:16:00+02
NBF:Station:78971440,Gerwigstraße,4,2026-05-19 00:16:00+02
NBF:Station:52997350,Schloss Rüppurr,2,2026-05-19 00:16:00+02
NBF:Station:297942,Neuer Zirkel / Englerstr.,1,2026-05-19 00:16:00+02
NBF:Station:280263,Fächerbad,5,2026-05-19 00:16:00+02
NBF:Station:53001693,Knielinger Allee/Franz-Lust-Straße,7,2026-05-19 00:16:00+02
NBF:Station:462159,Oberreut - Zentrum,6,2026-05-19 00:16:00+02
NBF:Station:52999116,Weinbrennerplatz,1,2026-05-19 00:16:00+02
NBF:Station:280253,Karl-Wilhelm-Platz,2,2026-05-19 00:16:00+02
NBF:Station:280250,Kolpingplatz,1,2026-05-19 00:16:00+02
NBF:Station:462174,Bulach - Grünwinkler Straße,8,2026-05-19 00:16:00+02
NBF:Station:53171791,Südendstraße./ Brauerstr.,1,2026-05-19 00:16:00+02
NBF:Station:280255,Kreativpark/Alter Schlachthof,2,2026-05-19 00:16:00+02
NBF:Station:462165,Rüppurr – Tulpenstraße,2,2026-05-19 00:16:00+02
NBF:Station:280258,Karlstor,1,2026-05-19 00:16:00+02
NBF:Station:367726,KIT Ost,7,2026-05-19 00:16:00+02
NBF:Station:264394,Hauptbahnhof / Touristinformation,0,2026-05-19 00:16:00+02
NBF:Station:6352777,Zeppelinstraße / Benzstraße,4,2026-05-19 00:16:00+02
NBF:Station:280261,Knielingen / Herweghstraße,1,2026-05-19 00:16:00+02
NBF:Station:280260,Nordweststadt - Kurt-Schumacher-Straße,3,2026-05-19 00:16:00+02
NBF:Station:280258,Karlstor,1,2026-05-18 23:36:57+02
NBF:Station:367726,KIT Ost,10,2026-05-18 23:36:57+02
NBF:Station:462165,Rüppurr – Tulpenstraße,2,2026-05-18 23:36:57+02
NBF:Station:53171791,Südendstraße./ Brauerstr.,1,2026-05-18 23:36:57+02
NBF:Station:462174,Bulach - Grünwinkler Straße,8,2026-05-18 23:36:57+02
NBF:Station:280255,Kreativpark/Alter Schlachthof,2,2026-05-18 23:36:57+02
NBF:Station:280253,Karl-Wilhelm-Platz,2,2026-05-18 23:36:57+02
NBF:Station:280250,Kolpingplatz,1,2026-05-18 23:36:57+02
NBF:Station:462159,Oberreut - Zentrum,6,2026-05-18 23:36:57+02
NBF:Station:300645,HaDiKo,8,2026-05-18 23:36:57+02
NBF:Station:280260,Nordweststadt - Kurt-Schumacher-Straße,3,2026-05-18 23:36:57+02
NBF:Station:280261,Knielingen / Herweghstraße,1,2026-05-18 23:36:57+02
NBF:Station:6352777,Zeppelinstraße / Benzstraße,4,2026-05-18 23:36:57+02
NBF:Station:264394,Hauptbahnhof / Touristinformation,1,2026-05-18 23:36:57+02
NBF:Station:289944,Rommelstr. / Auerstr.,2,2026-05-18 23:36:57+02
NBF:Station:54869634,Knielingen./Rheinbergstraße,4,2026-05-18 23:36:57+02
NBF:Station:462181,Daxlanden - Stadtwerke,6,2026-05-18 23:36:57+02
NBF:Station:280263,Fächerbad,5,2026-05-18 23:36:57+02
NBF:Station:53001693,Knielinger Allee/Franz-Lust-Straße,6,2026-05-18 23:36:57+02
NBF:Station:52997350,Schloss Rüppurr,2,2026-05-18 23:36:57+02
NBF:Station:280259,Werderplatz,3,2026-05-18 23:36:57+02
NBF:Station:78970799,Durlach - Alte Karlsruher Straße,2,2026-05-18 23:36:57+02
NBF:Station:78971440,Gerwigstraße,4,2026-05-18 23:36:57+02
NBF:Station:289946,Durlach Schlossplatz,3,2026-05-18 23:36:57+02
NBF:Station:78972260,Servicescope,3,2026-05-18 23:36:57+02
NBF:Station:55113155,Reinmuthstraße./ Sudetenstraße,1,2026-05-18 23:36:57+02
NBF:Station:462165,Rüppurr – Tulpenstraße,2,2026-05-18 23:05:18+02
NBF:Station:367726,KIT Ost,9,2026-05-18 23:05:18+02
NBF:Station:280258,Karlstor,1,2026-05-18 23:05:18+02
NBF:Station:300645,HaDiKo,3,2026-05-18 23:05:18+02
NBF:Station:462159,Oberreut - Zentrum,6,2026-05-18 23:05:18+02
NBF:Station:280250,Kolpingplatz,1,2026-05-18 23:05:18+02
NBF:Station:280253,Karl-Wilhelm-Platz,2,2026-05-18 23:05:18+02
NBF:Station:462174,Bulach - Grünwinkler Straße,8,2026-05-18 23:05:18+02
NBF:Station:53171791,Südendstraße./ Brauerstr.,1,2026-05-18 23:05:18+02
NBF:Station:280255,Kreativpark/Alter Schlachthof,2,2026-05-18 23:05:18+02
NBF:Station:280261,Knielingen / Herweghstraße,1,2026-05-18 23:05:18+02
NBF:Station:280260,Nordweststadt - Kurt-Schumacher-Straße,3,2026-05-18 23:05:18+02
NBF:Station:264394,Hauptbahnhof / Touristinformation,2,2026-05-18 23:05:18+02
NBF:Station:6352777,Zeppelinstraße / Benzstraße,4,2026-05-18 23:05:18+02
NBF:Station:54869634,Knielingen./Rheinbergstraße,5,2026-05-18 23:05:18+02
NBF:Station:289944,Rommelstr. / Auerstr.,2,2026-05-18 23:05:18+02
NBF:Station:462181,Daxlanden - Stadtwerke,6,2026-05-18 23:05:18+02
NBF:Station:52997350,Schloss Rüppurr,2,2026-05-18 23:05:18+02
NBF:Station:280322,KIT Süd,0,2026-05-18 23:05:18+02
NBF:Station:280263,Fächerbad,5,2026-05-18 23:05:18+02
NBF:Station:53001693,Knielinger Allee/Franz-Lust-Straße,6,2026-05-18 23:05:18+02
NBF:Station:55113155,Reinmuthstraße./ Sudetenstraße,1,2026-05-18 23:05:18+02
NBF:Station:289946,Durlach Schlossplatz,3,2026-05-18 23:05:18+02
NBF:Station:78972260,Servicescope,3,2026-05-18 23:05:18+02
NBF:Station:280259,Werderplatz,3,2026-05-18 23:05:18+02
NBF:Station:78970799,Durlach - Alte Karlsruher Straße,2,2026-05-18 23:05:18+02
NBF:Station:78971440,Gerwigstraße,4,2026-05-18 23:05:18+02
NBF:Station:78971440,Gerwigstraße,4,2026-05-18 22:33:06+02
NBF:Station:37983402,Tennesseeallee - CAMPUSbike KIT,0,2026-05-18 22:33:06+02
NBF:Station:53001693,Knielinger Allee/Franz-Lust-Straße,5,2026-05-18 22:33:06+02
NBF:Station:280263,Fächerbad,6,2026-05-18 22:33:06+02
NBF:Station:52997350,Schloss Rüppurr,2,2026-05-18 22:33:06+02
NBF:Station:280322,KIT Süd,1,2026-05-18 22:33:06+02
NBF:Station:78970799,Durlach - Alte Karlsruher Straße,2,2026-05-18 22:33:06+02
NBF:Station:280259,Werderplatz,3,2026-05-18 22:33:06+02
NBF:Station:55113155,Reinmuthstraße./ Sudetenstraße,0,2026-05-18 22:33:06+02
NBF:Station:78972260,Servicescope,3,2026-05-18 22:33:06+02
NBF:Station:289946,Durlach Schlossplatz,3,2026-05-18 22:33:06+02
NBF:Station:289944,Rommelstr. / Auerstr.,2,2026-05-18 22:33:06+02
NBF:Station:54869634,Knielingen./Rheinbergstraße,5,2026-05-18 22:33:06+02
NBF:Station:462181,Daxlanden - Stadtwerke,6,2026-05-18 22:33:06+02
NBF:Station:280260,Nordweststadt - Kurt-Schumacher-Straße,3,2026-05-18 22:33:06+02
NBF:Station:280261,Knielingen / Herweghstraße,1,2026-05-18 22:33:06+02
NBF:Station:6352777,Zeppelinstraße / Benzstraße,4,2026-05-18 22:33:06+02
NBF:Station:264394,Hauptbahnhof / Touristinformation,1,2026-05-18 22:33:06+02
NBF:Station:462165,Rüppurr – Tulpenstraße,2,2026-05-18 22:33:06+02
NBF:Station:367726,KIT Ost,5,2026-05-18 22:33:06+02
NBF:Station:280258,Karlstor,1,2026-05-18 22:33:06+02
NBF:Station:280250,Kolpingplatz,1,2026-05-18 22:33:06+02
NBF:Station:280253,Karl-Wilhelm-Platz,1,2026-05-18 22:33:06+02
NBF:Station:280255,Kreativpark/Alter Schlachthof,2,2026-05-18 22:33:06+02
NBF:Station:53171791,Südendstraße./ Brauerstr.,1,2026-05-18 22:33:06+02
NBF:Station:462174,Bulach - Grünwinkler Straße,8,2026-05-18 22:33:06+02
NBF:Station:462159,Oberreut - Zentrum,6,2026-05-18 22:33:06+02
NBF:Station:1390,Karlstraße / Waldstraße,0,2026-05-18 22:33:06+02
NBF:Station:37983402,Tennesseeallee - CAMPUSbike KIT,3,2026-05-18 22:00:15+02
NBF:Station:280263,Fächerbad,7,2026-05-18 22:00:15+02
NBF:Station:53001693,Knielinger Allee/Franz-Lust-Straße,5,2026-05-18 22:00:15+02
NBF:Station:52997350,Schloss Rüppurr,2,2026-05-18 22:00:15+02
NBF:Station:280259,Werderplatz,3,2026-05-18 22:00:15+02
NBF:Station:78970799,Durlach - Alte Karlsruher Straße,2,2026-05-18 22:00:15+02
NBF:Station:78971440,Gerwigstraße,4,2026-05-18 22:00:15+02
NBF:Station:289946,Durlach Schlossplatz,3,2026-05-18 22:00:15+02
NBF:Station:78972260,Servicescope,3,2026-05-18 22:00:15+02
NBF:Station:55113155,Reinmuthstraße./ Sudetenstraße,1,2026-05-18 22:00:15+02
NBF:Station:289944,Rommelstr. / Auerstr.,2,2026-05-18 22:00:15+02
NBF:Station:54869634,Knielingen./Rheinbergstraße,5,2026-05-18 22:00:15+02
NBF:Station:462181,Daxlanden - Stadtwerke,6,2026-05-18 22:00:15+02
NBF:Station:280260,Nordweststadt - Kurt-Schumacher-Straße,2,2026-05-18 22:00:15+02
NBF:Station:6352777,Zeppelinstraße / Benzstraße,4,2026-05-18 22:00:15+02
NBF:Station:264394,Hauptbahnhof / Touristinformation,1,2026-05-18 22:00:15+02
NBF:Station:367726,KIT Ost,6,2026-05-18 22:00:15+02
NBF:Station:280258,Karlstor,0,2026-05-18 22:00:15+02
NBF:Station:462165,Rüppurr – Tulpenstraße,2,2026-05-18 22:00:15+02
NBF:Station:53171791,Südendstraße./ Brauerstr.,1,2026-05-18 22:00:15+02
NBF:Station:462174,Bulach - Grünwinkler Straße,9,2026-05-18 22:00:15+02
NBF:Station:280255,Kreativpark/Alter Schlachthof,2,2026-05-18 22:00:15+02
NBF:Station:280250,Kolpingplatz,1,2026-05-18 22:00:15+02
NBF:Station:280253,Karl-Wilhelm-Platz,1,2026-05-18 22:00:15+02
NBF:Station:462159,Oberreut - Zentrum,6,2026-05-18 22:00:15+02
NBF:Station:300645,HaDiKo,4,2026-05-18 22:00:15+02
NBF:Station:462181,Daxlanden - Stadtwerke,6,2026-05-18 21:22:09+02
NBF:Station:54869634,Knielingen./Rheinbergstraße,5,2026-05-18 21:22:09+02
NBF:Station:289944,Rommelstr. / Auerstr.,2,2026-05-18 21:22:09+02
NBF:Station:289946,Durlach Schlossplatz,3,2026-05-18 21:22:09+02
NBF:Station:78972260,Servicescope,3,2026-05-18 21:22:09+02
NBF:Station:280259,Werderplatz,3,2026-05-18 21:22:09+02
NBF:Station:78970799,Durlach - Alte Karlsruher Straße,2,2026-05-18 21:22:09+02
NBF:Station:78971440,Gerwigstraße,3,2026-05-18 21:22:09+02
NBF:Station:52997350,Schloss Rüppurr,2,2026-05-18 21:22:09+02
NBF:Station:280263,Fächerbad,7,2026-05-18 21:22:09+02
NBF:Station:53001693,Knielinger Allee/Franz-Lust-Straße,2,2026-05-18 21:22:09+02
NBF:Station:37983402,Tennesseeallee - CAMPUSbike KIT,2,2026-05-18 21:22:09+02
NBF:Station:300645,HaDiKo,0,2026-05-18 21:22:09+02
NBF:Station:462159,Oberreut - Zentrum,6,2026-05-18 21:22:09+02
NBF:Station:280253,Karl-Wilhelm-Platz,0,2026-05-18 21:22:09+02
NBF:Station:462174,Bulach - Grünwinkler Straße,9,2026-05-18 21:22:09+02
NBF:Station:53171791,Südendstraße./ Brauerstr.,1,2026-05-18 21:22:09+02
NBF:Station:280255,Kreativpark/Alter Schlachthof,2,2026-05-18 21:22:09+02
NBF:Station:280249,Prinz-Max-Palais,1,2026-05-18 21:22:09+02
NBF:Station:462165,Rüppurr – Tulpenstraße,2,2026-05-18 21:22:09+02
NBF:Station:280258,Karlstor,0,2026-05-18 21:22:09+02
NBF:Station:367726,KIT Ost,5,2026-05-18 21:22:09+02
NBF:Station:264394,Hauptbahnhof / Touristinformation,2,2026-05-18 21:22:09+02
NBF:Station:6352777,Zeppelinstraße / Benzstraße,4,2026-05-18 21:22:09+02
NBF:Station:280260,Nordweststadt - Kurt-Schumacher-Straße,2,2026-05-18 21:22:09+02
NBF:Station:280255,Kreativpark/Alter Schlachthof,2,2026-05-18 20:49:33+02
NBF:Station:6352777,Zeppelinstraße / Benzstraße,4,2026-05-18 20:49:33+02
NBF:Station:264394,Hauptbahnhof / Touristinformation,2,2026-05-18 20:49:33+02
NBF:Station:280260,Nordweststadt - Kurt-Schumacher-Straße,2,2026-05-18 20:49:33+02
NBF:Station:462174,Bulach - Grünwinkler Straße,9,2026-05-18 20:49:33+02
NBF:Station:53171791,Südendstraße./ Brauerstr.,1,2026-05-18 20:49:33+02
NBF:Station:280253,Karl-Wilhelm-Platz,1,2026-05-18 20:49:33+02
NBF:Station:462159,Oberreut - Zentrum,6,2026-05-18 20:49:33+02
NBF:Station:280258,Karlstor,1,2026-05-18 20:49:33+02
NBF:Station:367726,KIT Ost,5,2026-05-18 20:49:33+02
NBF:Station:28894975,Landratsamt Wolfartweierstr.,1,2026-05-18 20:49:33+02
NBF:Station:462165,Rüppurr – Tulpenstraße,2,2026-05-18 20:49:33+02
NBF:Station:280249,Prinz-Max-Palais,1,2026-05-18 20:49:33+02
NBF:Station:280259,Werderplatz,4,2026-05-18 20:49:33+02
NBF:Station:78970799,Durlach - Alte Karlsruher Straße,2,2026-05-18 20:49:33+02
NBF:Station:78971440,Gerwigstraße,4,2026-05-18 20:49:33+02
NBF:Station:289946,Durlach Schlossplatz,3,2026-05-18 20:49:33+02
NBF:Station:78972260,Servicescope,3,2026-05-18 20:49:33+02
NBF:Station:280263,Fächerbad,7,2026-05-18 20:49:33+02
NBF:Station:53001693,Knielinger Allee/Franz-Lust-Straße,1,2026-05-18 20:49:33+02
NBF:Station:37983402,Tennesseeallee - CAMPUSbike KIT,0,2026-05-18 20:49:33+02
NBF:Station:280322,KIT Süd,0,2026-05-18 20:49:33+02
NBF:Station:52997350,Schloss Rüppurr,2,2026-05-18 20:49:33+02
NBF:Station:462181,Daxlanden - Stadtwerke,6,2026-05-18 20:49:33+02
NBF:Station:289944,Rommelstr. / Auerstr.,2,2026-05-18 20:49:33+02
NBF:Station:54869634,Knielingen./Rheinbergstraße,5,2026-05-18 20:49:33+02
NBF:Station:289944,Rommelstr. / Auerstr.,3,2026-05-18 20:15:05+02
NBF:Station:54869634,Knielingen./Rheinbergstraße,5,2026-05-18 20:15:05+02
NBF:Station:462181,Daxlanden - Stadtwerke,6,2026-05-18 20:15:05+02
NBF:Station:285510,Adenauerring / Fasanengarten,0,2026-05-18 20:15:05+02
NBF:Station:37983402,Tennesseeallee - CAMPUSbike KIT,1,2026-05-18 20:15:05+02
NBF:Station:53001693,Knielinger Allee/Franz-Lust-Straße,0,2026-05-18 20:15:05+02
NBF:Station:280263,Fächerbad,8,2026-05-18 20:15:05+02
NBF:Station:52997350,Schloss Rüppurr,2,2026-05-18 20:15:05+02
NBF:Station:78970799,Durlach - Alte Karlsruher Straße,1,2026-05-18 20:15:05+02
NBF:Station:78971440,Gerwigstraße,4,2026-05-18 20:15:05+02
NBF:Station:280259,Werderplatz,2,2026-05-18 20:15:05+02
NBF:Station:78972260,Servicescope,3,2026-05-18 20:15:05+02
NBF:Station:289946,Durlach Schlossplatz,3,2026-05-18 20:15:05+02
NBF:Station:367726,KIT Ost,5,2026-05-18 20:15:05+02
NBF:Station:280258,Karlstor,1,2026-05-18 20:15:05+02
NBF:Station:28894975,Landratsamt Wolfartweierstr.,1,2026-05-18 20:15:05+02
NBF:Station:462165,Rüppurr – Tulpenstraße,2,2026-05-18 20:15:05+02
NBF:Station:280249,Prinz-Max-Palais,0,2026-05-18 20:15:05+02
NBF:Station:280255,Kreativpark/Alter Schlachthof,1,2026-05-18 20:15:05+02
NBF:Station:53171791,Südendstraße./ Brauerstr.,1,2026-05-18 20:15:05+02
NBF:Station:462174,Bulach - Grünwinkler Straße,8,2026-05-18 20:15:05+02
NBF:Station:280253,Karl-Wilhelm-Platz,1,2026-05-18 20:15:05+02
NBF:Station:462159,Oberreut - Zentrum,6,2026-05-18 20:15:05+02
NBF:Station:300645,HaDiKo,1,2026-05-18 20:15:05+02
NBF:Station:280260,Nordweststadt - Kurt-Schumacher-Straße,3,2026-05-18 20:15:05+02
NBF:Station:458,Erbprinzenstr.,0,2026-05-18 20:15:05+02
NBF:Station:6352777,Zeppelinstraße / Benzstraße,3,2026-05-18 20:15:05+02
NBF:Station:264394,Hauptbahnhof / Touristinformation,2,2026-05-18 20:15:05+02
NBF:Station:289946,Durlach Schlossplatz,3,2026-05-18 19:39:50+02
NBF:Station:78972260,Servicescope,3,2026-05-18 19:39:50+02
NBF:Station:280259,Werderplatz,2,2026-05-18 19:39:50+02
NBF:Station:78970799,Durlach - Alte Karlsruher Straße,1,2026-05-18 19:39:50+02
NBF:Station:78971440,Gerwigstraße,1,2026-05-18 19:39:50+02
NBF:Station:297942,Neuer Zirkel / Englerstr.,0,2026-05-18 19:39:50+02
NBF:Station:52997350,Schloss Rüppurr,2,2026-05-18 19:39:50+02
NBF:Station:37983402,Tennesseeallee - CAMPUSbike KIT,0,2026-05-18 19:39:50+02
NBF:Station:280263,Fächerbad,7,2026-05-18 19:39:50+02
NBF:Station:285510,Adenauerring / Fasanengarten,0,2026-05-18 19:39:50+02
NBF:Station:462181,Daxlanden - Stadtwerke,6,2026-05-18 19:39:50+02
NBF:Station:54869634,Knielingen./Rheinbergstraße,5,2026-05-18 19:39:50+02
NBF:Station:289944,Rommelstr. / Auerstr.,3,2026-05-18 19:39:50+02
NBF:Station:264394,Hauptbahnhof / Touristinformation,3,2026-05-18 19:39:50+02
NBF:Station:289942,Durlach - Bahnhof ,1,2026-05-18 19:39:50+02
NBF:Station:6352777,Zeppelinstraße / Benzstraße,3,2026-05-18 19:39:50+02
NBF:Station:458,Erbprinzenstr.,2,2026-05-18 19:39:50+02
NBF:Station:280260,Nordweststadt - Kurt-Schumacher-Straße,3,2026-05-18 19:39:50+02
NBF:Station:462159,Oberreut - Zentrum,6,2026-05-18 19:39:50+02
NBF:Station:300645,HaDiKo,0,2026-05-18 19:39:50+02
NBF:Station:462174,Bulach - Grünwinkler Straße,8,2026-05-18 19:39:50+02
NBF:Station:53171791,Südendstraße./ Brauerstr.,1,2026-05-18 19:39:50+02
NBF:Station:280255,Kreativpark/Alter Schlachthof,1,2026-05-18 19:39:50+02
NBF:Station:280253,Karl-Wilhelm-Platz,1,2026-05-18 19:39:50+02
NBF:Station:280249,Prinz-Max-Palais,0,2026-05-18 19:39:50+02
NBF:Station:367726,KIT Ost,4,2026-05-18 19:39:50+02
NBF:Station:280258,Karlstor,1,2026-05-18 19:39:50+02
NBF:Station:462165,Rüppurr – Tulpenstraße,2,2026-05-18 19:39:50+02
NBF:Station:280260,Nordweststadt - Kurt-Schumacher-Straße,4,2026-05-18 19:08:15+02
NBF:Station:458,Erbprinzenstr.,0,2026-05-18 19:08:15+02
NBF:Station:6352777,Zeppelinstraße / Benzstraße,4,2026-05-18 19:08:15+02
NBF:Station:289942,Durlach - Bahnhof ,1,2026-05-18 19:08:15+02
NBF:Station:264394,Hauptbahnhof / Touristinformation,3,2026-05-18 19:08:15+02
NBF:Station:462165,Rüppurr – Tulpenstraße,2,2026-05-18 19:08:15+02
NBF:Station:280263,Fächerbad,8,2026-05-18 19:08:15+02
NBF:Station:280258,Karlstor,2,2026-05-18 19:08:15+02
NBF:Station:367726,KIT Ost,0,2026-05-18 19:08:15+02
NBF:Station:280249,Prinz-Max-Palais,2,2026-05-18 19:08:15+02
NBF:Station:280253,Karl-Wilhelm-Platz,0,2026-05-18 19:08:15+02
NBF:Station:280255,Kreativpark/Alter Schlachthof,0,2026-05-18 19:08:15+02
NBF:Station:462174,Bulach - Grünwinkler Straße,7,2026-05-18 19:08:15+02
NBF:Station:53171791,Südendstraße./ Brauerstr.,1,2026-05-18 19:08:15+02
NBF:Station:300645,HaDiKo,0,2026-05-18 19:08:15+02
NBF:Station:462159,Oberreut - Zentrum,6,2026-05-18 19:08:15+02
NBF:Station:52997350,Schloss Rüppurr,2,2026-05-18 19:08:15+02
NBF:Station:37983402,Tennesseeallee - CAMPUSbike KIT,0,2026-05-18 19:08:15+02
NBF:Station:297942,Neuer Zirkel / Englerstr.,0,2026-05-18 19:08:15+02
NBF:Station:78970799,Durlach - Alte Karlsruher Straße,1,2026-05-18 19:08:15+02
NBF:Station:78971440,Gerwigstraße,2,2026-05-18 19:08:15+02
NBF:Station:280259,Werderplatz,1,2026-05-18 19:08:15+02
NBF:Station:78972260,Servicescope,3,2026-05-18 19:08:15+02
NBF:Station:289946,Durlach Schlossplatz,3,2026-05-18 19:08:15+02
NBF:Station:289944,Rommelstr. / Auerstr.,3,2026-05-18 19:08:15+02
NBF:Station:54869634,Knielingen./Rheinbergstraße,5,2026-05-18 19:08:15+02
NBF:Station:462181,Daxlanden - Stadtwerke,6,2026-05-18 19:08:15+02
NBF:Station:9016659,Mühlburg Bahnhof,1,2026-05-18 19:08:15+02
NBF:Station:285510,Adenauerring / Fasanengarten,0,2026-05-18 19:08:15+02
NBF:Station:6352777,Zeppelinstraße / Benzstraße,4,2026-05-18 18:35:02+02
NBF:Station:289942,Durlach - Bahnhof ,2,2026-05-18 18:35:02+02
NBF:Station:264394,Hauptbahnhof / Touristinformation,2,2026-05-18 18:35:02+02
NBF:Station:280260,Nordweststadt - Kurt-Schumacher-Straße,4,2026-05-18 18:35:02+02
NBF:Station:458,Erbprinzenstr.,2,2026-05-18 18:35:02+02
NBF:Station:280253,Karl-Wilhelm-Platz,1,2026-05-18 18:35:02+02
NBF:Station:50819425,Knielinger Allee - CAMPUSbike HSKA,0,2026-05-18 18:35:02+02
NBF:Station:300645,HaDiKo,7,2026-05-18 18:35:02+02
NBF:Station:462174,Bulach - Grünwinkler Straße,7,2026-05-18 18:35:02+02
NBF:Station:53171791,Südendstraße./ Brauerstr.,1,2026-05-18 18:35:02+02
NBF:Station:280255,Kreativpark/Alter Schlachthof,1,2026-05-18 18:35:02+02
NBF:Station:462159,Oberreut - Zentrum,6,2026-05-18 18:35:02+02
NBF:Station:28894975,Landratsamt Wolfartweierstr.,1,2026-05-18 18:35:02+02
NBF:Station:462165,Rüppurr – Tulpenstraße,2,2026-05-18 18:35:02+02
NBF:Station:280258,Karlstor,2,2026-05-18 18:35:02+02
NBF:Station:367726,KIT Ost,0,2026-05-18 18:35:02+02
NBF:Station:280249,Prinz-Max-Palais,3,2026-05-18 18:35:02+02
NBF:Station:280259,Werderplatz,2,2026-05-18 18:35:02+02
NBF:Station:78970799,Durlach - Alte Karlsruher Straße,1,2026-05-18 18:35:02+02
NBF:Station:78971440,Gerwigstraße,3,2026-05-18 18:35:02+02
NBF:Station:289946,Durlach Schlossplatz,3,2026-05-18 18:35:02+02
NBF:Station:78972260,Servicescope,3,2026-05-18 18:35:02+02
NBF:Station:280263,Fächerbad,8,2026-05-18 18:35:02+02
NBF:Station:53001693,Knielinger Allee/Franz-Lust-Straße,2,2026-05-18 18:35:02+02
NBF:Station:37983402,Tennesseeallee - CAMPUSbike KIT,0,2026-05-18 18:35:02+02
NBF:Station:280322,KIT Süd,1,2026-05-18 18:35:02+02
NBF:Station:52997350,Schloss Rüppurr,2,2026-05-18 18:35:02+02
NBF:Station:462181,Daxlanden - Stadtwerke,6,2026-05-18 18:35:02+02
NBF:Station:9016659,Mühlburg Bahnhof,1,2026-05-18 18:35:02+02
NBF:Station:285510,Adenauerring / Fasanengarten,0,2026-05-18 18:35:02+02
NBF:Station:289944,Rommelstr. / Auerstr.,3,2026-05-18 18:35:02+02
NBF:Station:54869634,Knielingen./Rheinbergstraße,5,2026-05-18 18:35:02+02
NBF:Station:280260,Nordweststadt - Kurt-Schumacher-Straße,4,2026-05-18 18:06:30+02
NBF:Station:6352777,Zeppelinstraße / Benzstraße,4,2026-05-18 18:06:30+02
NBF:Station:289942,Durlach - Bahnhof ,3,2026-05-18 18:06:30+02
NBF:Station:264394,Hauptbahnhof / Touristinformation,1,2026-05-18 18:06:30+02
NBF:Station:28894975,Landratsamt Wolfartweierstr.,1,2026-05-18 18:06:30+02
NBF:Station:462165,Rüppurr – Tulpenstraße,1,2026-05-18 18:06:30+02
NBF:Station:367726,KIT Ost,2,2026-05-18 18:06:30+02
NBF:Station:280258,Karlstor,0,2026-05-18 18:06:30+02
NBF:Station:280263,Fächerbad,6,2026-05-18 18:06:30+02
NBF:Station:280249,Prinz-Max-Palais,0,2026-05-18 18:06:30+02
NBF:Station:50819425,Knielinger Allee - CAMPUSbike HSKA,0,2026-05-18 18:06:30+02
NBF:Station:280253,Karl-Wilhelm-Platz,0,2026-05-18 18:06:30+02
NBF:Station:53171791,Südendstraße./ Brauerstr.,1,2026-05-18 18:06:30+02
NBF:Station:462174,Bulach - Grünwinkler Straße,7,2026-05-18 18:06:30+02
NBF:Station:280255,Kreativpark/Alter Schlachthof,0,2026-05-18 18:06:30+02
NBF:Station:300645,HaDiKo,5,2026-05-18 18:06:30+02
NBF:Station:462159,Oberreut - Zentrum,6,2026-05-18 18:06:30+02
NBF:Station:37983402,Tennesseeallee - CAMPUSbike KIT,1,2026-05-18 18:06:30+02
NBF:Station:53001693,Knielinger Allee/Franz-Lust-Straße,1,2026-05-18 18:06:30+02
NBF:Station:52997350,Schloss Rüppurr,2,2026-05-18 18:06:30+02
NBF:Station:280322,KIT Süd,1,2026-05-18 18:06:30+02
NBF:Station:280259,Werderplatz,2,2026-05-18 18:06:30+02
NBF:Station:78970799,Durlach - Alte Karlsruher Straße,1,2026-05-18 18:06:30+02
NBF:Station:78971440,Gerwigstraße,1,2026-05-18 18:06:30+02
NBF:Station:289946,Durlach Schlossplatz,3,2026-05-18 18:06:30+02
NBF:Station:78972260,Servicescope,3,2026-05-18 18:06:30+02
NBF:Station:289944,Rommelstr. / Auerstr.,3,2026-05-18 18:06:30+02
NBF:Station:54869634,Knielingen./Rheinbergstraße,5,2026-05-18 18:06:30+02
NBF:Station:462181,Daxlanden - Stadtwerke,6,2026-05-18 18:06:30+02
NBF:Station:285510,Adenauerring / Fasanengarten,0,2026-05-18 18:06:30+02
NBF:Station:9016659,Mühlburg Bahnhof,1,2026-05-18 18:06:30+02
NBF:Station:285510,Adenauerring / Fasanengarten,1,2026-05-18 17:33:34+02
NBF:Station:462181,Daxlanden - Stadtwerke,6,2026-05-18 17:33:34+02
NBF:Station:54869634,Knielingen./Rheinbergstraße,5,2026-05-18 17:33:34+02
NBF:Station:52355370,Parkplatz Kühler Krug,1,2026-05-18 17:33:34+02
NBF:Station:289944,Rommelstr. / Auerstr.,3,2026-05-18 17:33:34+02
NBF:Station:55113155,Reinmuthstraße./ Sudetenstraße,1,2026-05-18 17:33:34+02
NBF:Station:289946,Durlach Schlossplatz,3,2026-05-18 17:33:34+02
NBF:Station:78972260,Servicescope,3,2026-05-18 17:33:34+02
NBF:Station:78970799,Durlach - Alte Karlsruher Straße,1,2026-05-18 17:33:34+02
NBF:Station:78971440,Gerwigstraße,2,2026-05-18 17:33:34+02
NBF:Station:52997350,Schloss Rüppurr,2,2026-05-18 17:33:34+02
NBF:Station:280322,KIT Süd,0,2026-05-18 17:33:34+02
NBF:Station:37983402,Tennesseeallee - CAMPUSbike KIT,0,2026-05-18 17:33:34+02
NBF:Station:280263,Fächerbad,3,2026-05-18 17:33:34+02
NBF:Station:53001693,Knielinger Allee/Franz-Lust-Straße,1,2026-05-18 17:33:34+02
NBF:Station:300645,HaDiKo,6,2026-05-18 17:33:34+02
NBF:Station:462159,Oberreut - Zentrum,7,2026-05-18 17:33:34+02
NBF:Station:50819425,Knielinger Allee - CAMPUSbike HSKA,0,2026-05-18 17:33:34+02
NBF:Station:280253,Karl-Wilhelm-Platz,0,2026-05-18 17:33:34+02
NBF:Station:53171791,Südendstraße./ Brauerstr.,1,2026-05-18 17:33:34+02
NBF:Station:462174,Bulach - Grünwinkler Straße,7,2026-05-18 17:33:34+02
NBF:Station:280255,Kreativpark/Alter Schlachthof,1,2026-05-18 17:33:34+02
NBF:Station:280249,Prinz-Max-Palais,2,2026-05-18 17:33:34+02
NBF:Station:28894975,Landratsamt Wolfartweierstr.,1,2026-05-18 17:33:34+02
NBF:Station:367726,KIT Ost,2,2026-05-18 17:33:34+02
NBF:Station:280258,Karlstor,1,2026-05-18 17:33:34+02
NBF:Station:264394,Hauptbahnhof / Touristinformation,4,2026-05-18 17:33:34+02
NBF:Station:6352777,Zeppelinstraße / Benzstraße,4,2026-05-18 17:33:34+02
NBF:Station:289942,Durlach - Bahnhof ,3,2026-05-18 17:33:34+02
NBF:Station:280260,Nordweststadt - Kurt-Schumacher-Straße,4,2026-05-18 17:33:34+02
NBF:Station:280263,Fächerbad,2,2026-05-18 16:57:51+02
NBF:Station:55113155,Reinmuthstraße./ Sudetenstraße,1,2026-05-18 16:57:51+02
NBF:Station:289946,Durlach Schlossplatz,2,2026-05-18 16:57:51+02
NBF:Station:78972260,Servicescope,3,2026-05-18 16:57:51+02
NBF:Station:50819438,Moltkestraße - CAMPUSbike HSKA,1,2026-05-18 16:57:51+02
NBF:Station:78970799,Durlach - Alte Karlsruher Straße,1,2026-05-18 16:57:51+02
NBF:Station:78971440,Gerwigstraße,3,2026-05-18 16:57:51+02
NBF:Station:280322,KIT Süd,0,2026-05-18 16:57:51+02
NBF:Station:52997350,Schloss Rüppurr,2,2026-05-18 16:57:51+02
NBF:Station:297942,Neuer Zirkel / Englerstr.,0,2026-05-18 16:57:51+02
NBF:Station:53001693,Knielinger Allee/Franz-Lust-Straße,0,2026-05-18 16:57:51+02
NBF:Station:285510,Adenauerring / Fasanengarten,7,2026-05-18 16:57:51+02
NBF:Station:462181,Daxlanden - Stadtwerke,6,2026-05-18 16:57:51+02
NBF:Station:52355370,Parkplatz Kühler Krug,1,2026-05-18 16:57:51+02
NBF:Station:54869634,Knielingen./Rheinbergstraße,5,2026-05-18 16:57:51+02
NBF:Station:289944,Rommelstr. / Auerstr.,3,2026-05-18 16:57:51+02
NBF:Station:264394,Hauptbahnhof / Touristinformation,5,2026-05-18 16:57:51+02
NBF:Station:6352777,Zeppelinstraße / Benzstraße,5,2026-05-18 16:57:51+02
NBF:Station:289942,Durlach - Bahnhof ,2,2026-05-18 16:57:51+02
NBF:Station:280251,Mühlburger Tor / Kaiserplatz ,1,2026-05-18 16:57:51+02
NBF:Station:280260,Nordweststadt - Kurt-Schumacher-Straße,4,2026-05-18 16:57:51+02
NBF:Station:300645,HaDiKo,6,2026-05-18 16:57:51+02
NBF:Station:1390,Karlstraße / Waldstraße,0,2026-05-18 16:57:51+02
NBF:Station:462159,Oberreut - Zentrum,7,2026-05-18 16:57:51+02
NBF:Station:280253,Karl-Wilhelm-Platz,2,2026-05-18 16:57:51+02
NBF:Station:50819425,Knielinger Allee - CAMPUSbike HSKA,1,2026-05-18 16:57:51+02
NBF:Station:462174,Bulach - Grünwinkler Straße,7,2026-05-18 16:57:51+02
NBF:Station:53171791,Südendstraße./ Brauerstr.,1,2026-05-18 16:57:51+02
NBF:Station:280255,Kreativpark/Alter Schlachthof,1,2026-05-18 16:57:51+02
NBF:Station:280249,Prinz-Max-Palais,2,2026-05-18 16:57:51+02
NBF:Station:367726,KIT Ost,3,2026-05-18 16:57:51+02
NBF:Station:50819425,Knielinger Allee - CAMPUSbike HSKA,0,2026-05-18 16:23:11+02
NBF:Station:280253,Karl-Wilhelm-Platz,2,2026-05-18 16:23:11+02
NBF:Station:462174,Bulach - Grünwinkler Straße,7,2026-05-18 16:23:11+02
NBF:Station:53171791,Südendstraße./ Brauerstr.,1,2026-05-18 16:23:11+02
NBF:Station:300645,HaDiKo,0,2026-05-18 16:23:11+02
NBF:Station:1390,Karlstraße / Waldstraße,0,2026-05-18 16:23:11+02
NBF:Station:462159,Oberreut - Zentrum,7,2026-05-18 16:23:11+02
NBF:Station:367726,KIT Ost,6,2026-05-18 16:23:11+02
NBF:Station:6352777,Zeppelinstraße / Benzstraße,4,2026-05-18 16:23:11+02
NBF:Station:289942,Durlach - Bahnhof ,2,2026-05-18 16:23:11+02
NBF:Station:264394,Hauptbahnhof / Touristinformation,3,2026-05-18 16:23:11+02
NBF:Station:280260,Nordweststadt - Kurt-Schumacher-Straße,2,2026-05-18 16:23:11+02
NBF:Station:462181,Daxlanden - Stadtwerke,6,2026-05-18 16:23:11+02
NBF:Station:280261,Knielingen / Herweghstraße,1,2026-05-18 16:23:11+02
NBF:Station:285510,Adenauerring / Fasanengarten,8,2026-05-18 16:23:11+02
NBF:Station:289944,Rommelstr. / Auerstr.,3,2026-05-18 16:23:11+02
NBF:Station:52355370,Parkplatz Kühler Krug,2,2026-05-18 16:23:11+02
NBF:Station:54869634,Knielingen./Rheinbergstraße,5,2026-05-18 16:23:11+02
NBF:Station:280259,Werderplatz,1,2026-05-18 16:23:11+02
NBF:Station:78970799,Durlach - Alte Karlsruher Straße,1,2026-05-18 16:23:11+02
NBF:Station:78971440,Gerwigstraße,2,2026-05-18 16:23:11+02
NBF:Station:392504,L-Bank,1,2026-05-18 16:23:11+02
NBF:Station:55113155,Reinmuthstraße./ Sudetenstraße,1,2026-05-18 16:23:11+02
NBF:Station:289946,Durlach Schlossplatz,2,2026-05-18 16:23:11+02
NBF:Station:78972260,Servicescope,1,2026-05-18 16:23:11+02
NBF:Station:280263,Fächerbad,1,2026-05-18 16:23:11+02
NBF:Station:53001693,Knielinger Allee/Franz-Lust-Straße,2,2026-05-18 16:23:11+02
NBF:Station:52997350,Schloss Rüppurr,2,2026-05-18 16:23:11+02
NBF:Station:280322,KIT Süd,0,2026-05-18 16:23:11+02
NBF:Station:297942,Neuer Zirkel / Englerstr.,5,2026-05-18 16:23:11+02
NBF:Station:52997350,Schloss Rüppurr,2,2026-05-18 15:48:58+02
NBF:Station:280322,KIT Süd,3,2026-05-18 15:48:58+02
NBF:Station:297942,Neuer Zirkel / Englerstr.,3,2026-05-18 15:48:58+02
NBF:Station:280263,Fächerbad,1,2026-05-18 15:48:58+02
NBF:Station:53001693,Knielinger Allee/Franz-Lust-Straße,0,2026-05-18 15:48:58+02
NBF:Station:392504,L-Bank,1,2026-05-18 15:48:58+02
NBF:Station:55113155,Reinmuthstraße./ Sudetenstraße,1,2026-05-18 15:48:58+02
NBF:Station:78972260,Servicescope,1,2026-05-18 15:48:58+02
NBF:Station:289946,Durlach Schlossplatz,2,2026-05-18 15:48:58+02
NBF:Station:458,Erbprinzenstr.,1,2026-05-18 15:48:58+02
NBF:Station:78970799,Durlach - Alte Karlsruher Straße,1,2026-05-18 15:48:58+02
NBF:Station:78971440,Gerwigstraße,2,2026-05-18 15:48:58+02
NBF:Station:280259,Werderplatz,1,2026-05-18 15:48:58+02
NBF:Station:50819438,Moltkestraße - CAMPUSbike HSKA,2,2026-05-18 15:48:58+02
NBF:Station:52355370,Parkplatz Kühler Krug,1,2026-05-18 15:48:58+02
NBF:Station:54869634,Knielingen./Rheinbergstraße,5,2026-05-18 15:48:58+02
NBF:Station:289944,Rommelstr. / Auerstr.,3,2026-05-18 15:48:58+02
NBF:Station:285510,Adenauerring / Fasanengarten,8,2026-05-18 15:48:58+02
NBF:Station:300645,HaDiKo,5,2026-05-18 15:48:58+02
NBF:Station:462181,Daxlanden - Stadtwerke,6,2026-05-18 15:48:58+02
NBF:Station:280261,Knielingen / Herweghstraße,1,2026-05-18 15:48:58+02
NBF:Station:280260,Nordweststadt - Kurt-Schumacher-Straße,2,2026-05-18 15:48:58+02
NBF:Station:264394,Hauptbahnhof / Touristinformation,2,2026-05-18 15:48:58+02
NBF:Station:6352777,Zeppelinstraße / Benzstraße,5,2026-05-18 15:48:58+02
NBF:Station:289942,Durlach - Bahnhof ,2,2026-05-18 15:48:58+02
NBF:Station:280249,Prinz-Max-Palais,0,2026-05-18 15:48:58+02
NBF:Station:367726,KIT Ost,2,2026-05-18 15:48:58+02
NBF:Station:280258,Karlstor,0,2026-05-18 15:48:58+02
NBF:Station:462159,Oberreut - Zentrum,7,2026-05-18 15:48:58+02
NBF:Station:1390,Karlstraße / Waldstraße,1,2026-05-18 15:48:58+02
NBF:Station:50819425,Knielinger Allee - CAMPUSbike HSKA,0,2026-05-18 15:48:58+02
NBF:Station:280253,Karl-Wilhelm-Platz,3,2026-05-18 15:48:58+02
NBF:Station:462174,Bulach - Grünwinkler Straße,7,2026-05-18 15:48:58+02
NBF:Station:53171791,Südendstraße./ Brauerstr.,1,2026-05-18 15:48:58+02
NBF:Station:289944,Rommelstr. / Auerstr.,3,2026-05-18 15:15:18+02
NBF:Station:392504,L-Bank,1,2026-05-18 15:15:18+02
NBF:Station:54869634,Knielingen./Rheinbergstraße,5,2026-05-18 15:15:18+02
NBF:Station:52355370,Parkplatz Kühler Krug,0,2026-05-18 15:15:18+02
NBF:Station:462181,Daxlanden - Stadtwerke,6,2026-05-18 15:15:18+02
NBF:Station:285510,Adenauerring / Fasanengarten,6,2026-05-18 15:15:18+02
NBF:Station:37983402,Tennesseeallee - CAMPUSbike KIT,0,2026-05-18 15:15:18+02
NBF:Station:53001693,Knielinger Allee/Franz-Lust-Straße,2,2026-05-18 15:15:18+02
NBF:Station:280263,Fächerbad,1,2026-05-18 15:15:18+02
NBF:Station:280322,KIT Süd,2,2026-05-18 15:15:18+02
NBF:Station:52997350,Schloss Rüppurr,2,2026-05-18 15:15:18+02
NBF:Station:297942,Neuer Zirkel / Englerstr.,1,2026-05-18 15:15:18+02
NBF:Station:78970799,Durlach - Alte Karlsruher Straße,1,2026-05-18 15:15:18+02
NBF:Station:78971440,Gerwigstraße,3,2026-05-18 15:15:18+02
NBF:Station:280259,Werderplatz,1,2026-05-18 15:15:18+02
NBF:Station:55113155,Reinmuthstraße./ Sudetenstraße,1,2026-05-18 15:15:18+02
NBF:Station:78972260,Servicescope,1,2026-05-18 15:15:18+02
NBF:Station:289946,Durlach Schlossplatz,2,2026-05-18 15:15:18+02
NBF:Station:367726,KIT Ost,0,2026-05-18 15:15:18+02
NBF:Station:280258,Karlstor,2,2026-05-18 15:15:18+02
NBF:Station:280249,Prinz-Max-Palais,3,2026-05-18 15:15:18+02
NBF:Station:50819425,Knielinger Allee - CAMPUSbike HSKA,0,2026-05-18 15:15:18+02
NBF:Station:280253,Karl-Wilhelm-Platz,3,2026-05-18 15:15:18+02
NBF:Station:280255,Kreativpark/Alter Schlachthof,1,2026-05-18 15:15:18+02
NBF:Station:53171791,Südendstraße./ Brauerstr.,1,2026-05-18 15:15:18+02
NBF:Station:462174,Bulach - Grünwinkler Straße,7,2026-05-18 15:15:18+02
NBF:Station:300645,HaDiKo,0,2026-05-18 15:15:18+02
NBF:Station:52999116,Weinbrennerplatz,1,2026-05-18 15:15:18+02
NBF:Station:462159,Oberreut - Zentrum,7,2026-05-18 15:15:18+02
NBF:Station:1390,Karlstraße / Waldstraße,1,2026-05-18 15:15:18+02
NBF:Station:280260,Nordweststadt - Kurt-Schumacher-Straße,2,2026-05-18 15:15:18+02
NBF:Station:280261,Knielingen / Herweghstraße,1,2026-05-18 15:15:18+02
NBF:Station:458,Erbprinzenstr.,1,2026-05-18 15:15:18+02
NBF:Station:6352777,Zeppelinstraße / Benzstraße,5,2026-05-18 15:15:18+02
NBF:Station:289942,Durlach - Bahnhof ,2,2026-05-18 15:15:18+02
NBF:Station:264394,Hauptbahnhof / Touristinformation,3,2026-05-18 15:15:18+02
NBF:Station:280322,KIT Süd,4,2026-05-18 14:43:51+02
NBF:Station:52997350,Schloss Rüppurr,2,2026-05-18 14:43:51+02
NBF:Station:297942,Neuer Zirkel / Englerstr.,2,2026-05-18 14:43:51+02
NBF:Station:53001693,Knielinger Allee/Franz-Lust-Straße,1,2026-05-18 14:43:51+02
NBF:Station:280263,Fächerbad,1,2026-05-18 14:43:51+02
NBF:Station:37983402,Tennesseeallee - CAMPUSbike KIT,2,2026-05-18 14:43:51+02
NBF:Station:55113155,Reinmuthstraße./ Sudetenstraße,1,2026-05-18 14:43:51+02
NBF:Station:392504,L-Bank,0,2026-05-18 14:43:51+02
NBF:Station:78972260,Servicescope,1,2026-05-18 14:43:51+02
NBF:Station:289946,Durlach Schlossplatz,1,2026-05-18 14:43:51+02
NBF:Station:78970799,Durlach - Alte Karlsruher Straße,1,2026-05-18 14:43:51+02
NBF:Station:78971440,Gerwigstraße,3,2026-05-18 14:43:51+02
NBF:Station:280259,Werderplatz,2,2026-05-18 14:43:51+02
NBF:Station:54869634,Knielingen./Rheinbergstraße,5,2026-05-18 14:43:51+02
NBF:Station:52355370,Parkplatz Kühler Krug,1,2026-05-18 14:43:51+02
NBF:Station:289944,Rommelstr. / Auerstr.,3,2026-05-18 14:43:51+02
NBF:Station:285510,Adenauerring / Fasanengarten,7,2026-05-18 14:43:51+02
NBF:Station:462181,Daxlanden - Stadtwerke,6,2026-05-18 14:43:51+02
NBF:Station:280261,Knielingen / Herweghstraße,1,2026-05-18 14:43:51+02
NBF:Station:458,Erbprinzenstr.,1,2026-05-18 14:43:51+02
NBF:Station:280260,Nordweststadt - Kurt-Schumacher-Straße,2,2026-05-18 14:43:51+02
NBF:Station:264394,Hauptbahnhof / Touristinformation,1,2026-05-18 14:43:51+02
NBF:Station:6352777,Zeppelinstraße / Benzstraße,4,2026-05-18 14:43:51+02
NBF:Station:289942,Durlach - Bahnhof ,2,2026-05-18 14:43:51+02
NBF:Station:280249,Prinz-Max-Palais,0,2026-05-18 14:43:51+02
NBF:Station:37983357,Adenauerring,1,2026-05-18 14:43:51+02
NBF:Station:367726,KIT Ost,4,2026-05-18 14:43:51+02
NBF:Station:300645,HaDiKo,3,2026-05-18 14:43:51+02
NBF:Station:462159,Oberreut - Zentrum,8,2026-05-18 14:43:51+02
NBF:Station:1390,Karlstraße / Waldstraße,1,2026-05-18 14:43:51+02
NBF:Station:280253,Karl-Wilhelm-Platz,3,2026-05-18 14:43:51+02
NBF:Station:50819425,Knielinger Allee - CAMPUSbike HSKA,0,2026-05-18 14:43:51+02
NBF:Station:280255,Kreativpark/Alter Schlachthof,1,2026-05-18 14:43:51+02
NBF:Station:53171791,Südendstraße./ Brauerstr.,2,2026-05-18 14:43:51+02
NBF:Station:462174,Bulach - Grünwinkler Straße,8,2026-05-18 14:43:51+02
NBF:Station:462181,Daxlanden - Stadtwerke,6,2026-05-18 14:09:43+02
NBF:Station:280263,Fächerbad,1,2026-05-18 14:09:43+02
NBF:Station:37983402,Tennesseeallee - CAMPUSbike KIT,1,2026-05-18 14:09:43+02
NBF:Station:297942,Neuer Zirkel / Englerstr.,1,2026-05-18 14:09:43+02
NBF:Station:52997350,Schloss Rüppurr,1,2026-05-18 14:09:43+02
NBF:Station:280322,KIT Süd,0,2026-05-18 14:09:43+02
NBF:Station:78970799,Durlach - Alte Karlsruher Straße,1,2026-05-18 14:09:43+02
NBF:Station:78971440,Gerwigstraße,2,2026-05-18 14:09:43+02
NBF:Station:280259,Werderplatz,1,2026-05-18 14:09:43+02
NBF:Station:50819438,Moltkestraße - CAMPUSbike HSKA,1,2026-05-18 14:09:43+02
NBF:Station:392504,L-Bank,1,2026-05-18 14:09:43+02
NBF:Station:78972260,Servicescope,1,2026-05-18 14:09:43+02
NBF:Station:289946,Durlach Schlossplatz,1,2026-05-18 14:09:43+02
NBF:Station:55113155,Reinmuthstraße./ Sudetenstraße,1,2026-05-18 14:09:43+02
NBF:Station:289944,Rommelstr. / Auerstr.,3,2026-05-18 14:09:43+02
NBF:Station:54869634,Knielingen./Rheinbergstraße,5,2026-05-18 14:09:43+02
NBF:Station:52355370,Parkplatz Kühler Krug,1,2026-05-18 14:09:43+02
NBF:Station:285510,Adenauerring / Fasanengarten,5,2026-05-18 14:09:43+02
NBF:Station:280260,Nordweststadt - Kurt-Schumacher-Straße,2,2026-05-18 14:09:43+02
NBF:Station:280261,Knielingen / Herweghstraße,1,2026-05-18 14:09:43+02
NBF:Station:458,Erbprinzenstr.,1,2026-05-18 14:09:43+02
NBF:Station:281794,Agentur für Arbeit,2,2026-05-18 14:09:43+02
NBF:Station:289942,Durlach - Bahnhof ,2,2026-05-18 14:09:43+02
NBF:Station:6352777,Zeppelinstraße / Benzstraße,4,2026-05-18 14:09:43+02
NBF:Station:264394,Hauptbahnhof / Touristinformation,4,2026-05-18 14:09:43+02
NBF:Station:37983357,Adenauerring,1,2026-05-18 14:09:43+02
NBF:Station:367726,KIT Ost,2,2026-05-18 14:09:43+02
NBF:Station:280255,Kreativpark/Alter Schlachthof,1,2026-05-18 14:09:43+02
NBF:Station:53171791,Südendstraße./ Brauerstr.,2,2026-05-18 14:09:43+02
NBF:Station:462174,Bulach - Grünwinkler Straße,8,2026-05-18 14:09:43+02
NBF:Station:280253,Karl-Wilhelm-Platz,0,2026-05-18 14:09:43+02
NBF:Station:50819425,Knielinger Allee - CAMPUSbike HSKA,2,2026-05-18 14:09:43+02
NBF:Station:462159,Oberreut - Zentrum,8,2026-05-18 14:09:43+02
NBF:Station:1390,Karlstraße / Waldstraße,1,2026-05-18 14:09:43+02
NBF:Station:280260,Nordweststadt - Kurt-Schumacher-Straße,2,2026-05-18 13:35:05+02
NBF:Station:280261,Knielingen / Herweghstraße,1,2026-05-18 13:35:05+02
NBF:Station:458,Erbprinzenstr.,1,2026-05-18 13:35:05+02
NBF:Station:281794,Agentur für Arbeit,2,2026-05-18 13:35:05+02
NBF:Station:6352777,Zeppelinstraße / Benzstraße,5,2026-05-18 13:35:05+02
NBF:Station:289942,Durlach - Bahnhof ,1,2026-05-18 13:35:05+02
NBF:Station:264394,Hauptbahnhof / Touristinformation,3,2026-05-18 13:35:05+02
NBF:Station:367726,KIT Ost,2,2026-05-18 13:35:05+02
NBF:Station:280255,Kreativpark/Alter Schlachthof,0,2026-05-18 13:35:05+02
NBF:Station:37983357,Adenauerring,1,2026-05-18 13:35:05+02
NBF:Station:280249,Prinz-Max-Palais,1,2026-05-18 13:35:05+02
NBF:Station:280253,Karl-Wilhelm-Platz,1,2026-05-18 13:35:05+02
NBF:Station:50819425,Knielinger Allee - CAMPUSbike HSKA,1,2026-05-18 13:35:05+02
NBF:Station:462174,Bulach - Grünwinkler Straße,8,2026-05-18 13:35:05+02
NBF:Station:53171791,Südendstraße./ Brauerstr.,2,2026-05-18 13:35:05+02
NBF:Station:280263,Fächerbad,1,2026-05-18 13:35:05+02
NBF:Station:300645,HaDiKo,0,2026-05-18 13:35:05+02
NBF:Station:462159,Oberreut - Zentrum,7,2026-05-18 13:35:05+02
NBF:Station:1390,Karlstraße / Waldstraße,1,2026-05-18 13:35:05+02
NBF:Station:52997350,Schloss Rüppurr,1,2026-05-18 13:35:05+02
NBF:Station:280322,KIT Süd,4,2026-05-18 13:35:05+02
NBF:Station:78970799,Durlach - Alte Karlsruher Straße,1,2026-05-18 13:35:05+02
NBF:Station:78971440,Gerwigstraße,2,2026-05-18 13:35:05+02
NBF:Station:50819438,Moltkestraße - CAMPUSbike HSKA,3,2026-05-18 13:35:05+02
NBF:Station:55113155,Reinmuthstraße./ Sudetenstraße,1,2026-05-18 13:35:05+02
NBF:Station:392504,L-Bank,0,2026-05-18 13:35:05+02
NBF:Station:78972260,Servicescope,1,2026-05-18 13:35:05+02
NBF:Station:289946,Durlach Schlossplatz,1,2026-05-18 13:35:05+02
NBF:Station:289944,Rommelstr. / Auerstr.,3,2026-05-18 13:35:05+02
NBF:Station:52355370,Parkplatz Kühler Krug,2,2026-05-18 13:35:05+02
NBF:Station:54869634,Knielingen./Rheinbergstraße,5,2026-05-18 13:35:05+02
NBF:Station:462181,Daxlanden - Stadtwerke,6,2026-05-18 13:35:05+02
NBF:Station:285510,Adenauerring / Fasanengarten,1,2026-05-18 13:35:05+02
NBF:Station:392504,L-Bank,2,2026-05-18 13:00:57+02
NBF:Station:280260,Nordweststadt - Kurt-Schumacher-Straße,2,2026-05-18 13:00:57+02
NBF:Station:280261,Knielingen / Herweghstraße,1,2026-05-18 13:00:57+02
NBF:Station:458,Erbprinzenstr.,1,2026-05-18 13:00:57+02
NBF:Station:281794,Agentur für Arbeit,1,2026-05-18 13:00:57+02
NBF:Station:289942,Durlach - Bahnhof ,1,2026-05-18 13:00:57+02
NBF:Station:6352777,Zeppelinstraße / Benzstraße,5,2026-05-18 13:00:57+02
NBF:Station:264394,Hauptbahnhof / Touristinformation,3,2026-05-18 13:00:57+02
NBF:Station:462159,Oberreut - Zentrum,7,2026-05-18 13:00:57+02
NBF:Station:37983357,Adenauerring,1,2026-05-18 13:00:57+02
NBF:Station:280249,Prinz-Max-Palais,2,2026-05-18 13:00:57+02
NBF:Station:462174,Bulach - Grünwinkler Straße,8,2026-05-18 13:00:57+02
NBF:Station:53171791,Südendstraße./ Brauerstr.,2,2026-05-18 13:00:57+02
NBF:Station:280253,Karl-Wilhelm-Platz,0,2026-05-18 13:00:57+02
NBF:Station:1390,Karlstraße / Waldstraße,0,2026-05-18 13:00:57+02
NBF:Station:300645,HaDiKo,0,2026-05-18 13:00:57+02
NBF:Station:280263,Fächerbad,2,2026-05-18 13:00:57+02
NBF:Station:37983402,Tennesseeallee - CAMPUSbike KIT,0,2026-05-18 13:00:57+02
NBF:Station:280322,KIT Süd,6,2026-05-18 13:00:57+02
NBF:Station:52997350,Schloss Rüppurr,1,2026-05-18 13:00:57+02
NBF:Station:78970799,Durlach - Alte Karlsruher Straße,1,2026-05-18 13:00:57+02
NBF:Station:78971440,Gerwigstraße,2,2026-05-18 13:00:57+02
NBF:Station:50819438,Moltkestraße - CAMPUSbike HSKA,0,2026-05-18 13:00:57+02
NBF:Station:78972260,Servicescope,1,2026-05-18 13:00:57+02
NBF:Station:289946,Durlach Schlossplatz,1,2026-05-18 13:00:57+02
NBF:Station:55113155,Reinmuthstraße./ Sudetenstraße,1,2026-05-18 13:00:57+02
NBF:Station:289944,Rommelstr. / Auerstr.,4,2026-05-18 13:00:57+02
NBF:Station:52355370,Parkplatz Kühler Krug,2,2026-05-18 13:00:57+02
NBF:Station:54869634,Knielingen./Rheinbergstraße,5,2026-05-18 13:00:57+02
NBF:Station:462181,Daxlanden - Stadtwerke,6,2026-05-18 13:00:57+02
NBF:Station:462159,Oberreut - Zentrum,7,2026-05-18 12:27:29+02
NBF:Station:1390,Karlstraße / Waldstraße,1,2026-05-18 12:27:29+02
NBF:Station:462174,Bulach - Grünwinkler Straße,8,2026-05-18 12:27:29+02
NBF:Station:53171791,Südendstraße./ Brauerstr.,2,2026-05-18 12:27:29+02
NBF:Station:50819425,Knielinger Allee - CAMPUSbike HSKA,0,2026-05-18 12:27:29+02
NBF:Station:280249,Prinz-Max-Palais,1,2026-05-18 12:27:29+02
NBF:Station:37983357,Adenauerring,1,2026-05-18 12:27:29+02
NBF:Station:264394,Hauptbahnhof / Touristinformation,2,2026-05-18 12:27:29+02
NBF:Station:289942,Durlach - Bahnhof ,2,2026-05-18 12:27:29+02
NBF:Station:6352777,Zeppelinstraße / Benzstraße,5,2026-05-18 12:27:29+02
NBF:Station:281794,Agentur für Arbeit,1,2026-05-18 12:27:29+02
NBF:Station:280261,Knielingen / Herweghstraße,1,2026-05-18 12:27:29+02
NBF:Station:280260,Nordweststadt - Kurt-Schumacher-Straße,2,2026-05-18 12:27:29+02
NBF:Station:285510,Adenauerring / Fasanengarten,2,2026-05-18 12:27:29+02
NBF:Station:462181,Daxlanden - Stadtwerke,5,2026-05-18 12:27:29+02
NBF:Station:52355370,Parkplatz Kühler Krug,1,2026-05-18 12:27:29+02
NBF:Station:54869634,Knielingen./Rheinbergstraße,5,2026-05-18 12:27:29+02
NBF:Station:289944,Rommelstr. / Auerstr.,3,2026-05-18 12:27:29+02
NBF:Station:392504,L-Bank,1,2026-05-18 12:27:29+02
NBF:Station:78972260,Servicescope,1,2026-05-18 12:27:29+02
NBF:Station:289946,Durlach Schlossplatz,1,2026-05-18 12:27:29+02
NBF:Station:55113155,Reinmuthstraße./ Sudetenstraße,1,2026-05-18 12:27:29+02
NBF:Station:78971440,Gerwigstraße,2,2026-05-18 12:27:29+02
NBF:Station:78970799,Durlach - Alte Karlsruher Straße,1,2026-05-18 12:27:29+02
NBF:Station:50819438,Moltkestraße - CAMPUSbike HSKA,2,2026-05-18 12:27:29+02
NBF:Station:297942,Neuer Zirkel / Englerstr.,0,2026-05-18 12:27:29+02
NBF:Station:280322,KIT Süd,2,2026-05-18 12:27:29+02
NBF:Station:52997350,Schloss Rüppurr,2,2026-05-18 12:27:29+02
NBF:Station:280263,Fächerbad,2,2026-05-18 12:27:29+02
NBF:Station:462159,Oberreut - Zentrum,7,2026-05-18 11:55:11+02
NBF:Station:1390,Karlstraße / Waldstraße,2,2026-05-18 11:55:11+02
NBF:Station:462174,Bulach - Grünwinkler Straße,8,2026-05-18 11:55:11+02
NBF:Station:53171791,Südendstraße./ Brauerstr.,2,2026-05-18 11:55:11+02
NBF:Station:280253,Karl-Wilhelm-Platz,0,2026-05-18 11:55:11+02
NBF:Station:50819425,Knielinger Allee - CAMPUSbike HSKA,3,2026-05-18 11:55:11+02
NBF:Station:280249,Prinz-Max-Palais,0,2026-05-18 11:55:11+02
NBF:Station:367726,KIT Ost,0,2026-05-18 11:55:11+02
NBF:Station:264394,Hauptbahnhof / Touristinformation,3,2026-05-18 11:55:11+02
NBF:Station:289942,Durlach - Bahnhof ,2,2026-05-18 11:55:11+02
NBF:Station:6352777,Zeppelinstraße / Benzstraße,5,2026-05-18 11:55:11+02
NBF:Station:280261,Knielingen / Herweghstraße,1,2026-05-18 11:55:11+02
NBF:Station:458,Erbprinzenstr.,1,2026-05-18 11:55:11+02
NBF:Station:281794,Agentur für Arbeit,0,2026-05-18 11:55:11+02
NBF:Station:280260,Nordweststadt - Kurt-Schumacher-Straße,2,2026-05-18 11:55:11+02
NBF:Station:285510,Adenauerring / Fasanengarten,2,2026-05-18 11:55:11+02
NBF:Station:462181,Daxlanden - Stadtwerke,6,2026-05-18 11:55:11+02
NBF:Station:52355370,Parkplatz Kühler Krug,1,2026-05-18 11:55:11+02
NBF:Station:54869634,Knielingen./Rheinbergstraße,5,2026-05-18 11:55:11+02
NBF:Station:289944,Rommelstr. / Auerstr.,3,2026-05-18 11:55:11+02
NBF:Station:78972260,Servicescope,1,2026-05-18 11:55:11+02
NBF:Station:289946,Durlach Schlossplatz,1,2026-05-18 11:55:11+02
NBF:Station:55113155,Reinmuthstraße./ Sudetenstraße,1,2026-05-18 11:55:11+02
NBF:Station:392504,L-Bank,1,2026-05-18 11:55:11+02
NBF:Station:78970799,Durlach - Alte Karlsruher Straße,1,2026-05-18 11:55:11+02
NBF:Station:78971440,Gerwigstraße,2,2026-05-18 11:55:11+02
NBF:Station:50819438,Moltkestraße - CAMPUSbike HSKA,2,2026-05-18 11:55:11+02
NBF:Station:297942,Neuer Zirkel / Englerstr.,3,2026-05-18 11:55:11+02
NBF:Station:280322,KIT Süd,1,2026-05-18 11:55:11+02
NBF:Station:52997350,Schloss Rüppurr,2,2026-05-18 11:55:11+02
NBF:Station:280263,Fächerbad,2,2026-05-18 11:55:11+02
NBF:Station:462159,Oberreut - Zentrum,7,2026-05-18 11:21:42+02
NBF:Station:462174,Bulach - Grünwinkler Straße,8,2026-05-18 11:21:42+02
NBF:Station:53171791,Südendstraße./ Brauerstr.,2,2026-05-18 11:21:42+02
NBF:Station:280250,Kolpingplatz,1,2026-05-18 11:21:42+02
NBF:Station:50819425,Knielinger Allee - CAMPUSbike HSKA,0,2026-05-18 11:21:42+02
NBF:Station:280253,Karl-Wilhelm-Platz,1,2026-05-18 11:21:42+02
NBF:Station:1390,Karlstraße / Waldstraße,0,2026-05-18 11:21:42+02
NBF:Station:367726,KIT Ost,0,2026-05-18 11:21:42+02
NBF:Station:37983357,Adenauerring,0,2026-05-18 11:21:42+02
NBF:Station:280249,Prinz-Max-Palais,0,2026-05-18 11:21:42+02
NBF:Station:289942,Durlach - Bahnhof ,2,2026-05-18 11:21:42+02
NBF:Station:6352777,Zeppelinstraße / Benzstraße,5,2026-05-18 11:21:42+02
NBF:Station:264394,Hauptbahnhof / Touristinformation,0,2026-05-18 11:21:42+02
NBF:Station:280260,Nordweststadt - Kurt-Schumacher-Straße,1,2026-05-18 11:21:42+02
NBF:Station:280261,Knielingen / Herweghstraße,1,2026-05-18 11:21:42+02
NBF:Station:458,Erbprinzenstr.,1,2026-05-18 11:21:42+02
NBF:Station:462181,Daxlanden - Stadtwerke,6,2026-05-18 11:21:42+02
NBF:Station:285510,Adenauerring / Fasanengarten,1,2026-05-18 11:21:42+02
NBF:Station:289944,Rommelstr. / Auerstr.,3,2026-05-18 11:21:42+02
NBF:Station:52355370,Parkplatz Kühler Krug,1,2026-05-18 11:21:42+02
NBF:Station:54869634,Knielingen./Rheinbergstraße,5,2026-05-18 11:21:42+02
NBF:Station:78970799,Durlach - Alte Karlsruher Straße,1,2026-05-18 11:21:42+02
NBF:Station:78971440,Gerwigstraße,4,2026-05-18 11:21:42+02
NBF:Station:50819438,Moltkestraße - CAMPUSbike HSKA,3,2026-05-18 11:21:42+02
NBF:Station:78972260,Servicescope,1,2026-05-18 11:21:42+02
NBF:Station:289946,Durlach Schlossplatz,1,2026-05-18 11:21:42+02
NBF:Station:55113155,Reinmuthstraße./ Sudetenstraße,1,2026-05-18 11:21:42+02
NBF:Station:280263,Fächerbad,2,2026-05-18 11:21:42+02
NBF:Station:52997350,Schloss Rüppurr,2,2026-05-18 11:21:42+02
NBF:Station:280322,KIT Süd,1,2026-05-18 11:21:42+02
NBF:Station:280249,Prinz-Max-Palais,0,2026-05-18 10:48:36+02
NBF:Station:37983357,Adenauerring,2,2026-05-18 10:48:36+02
NBF:Station:367726,KIT Ost,3,2026-05-18 10:48:36+02
NBF:Station:1390,Karlstraße / Waldstraße,2,2026-05-18 10:48:36+02
NBF:Station:462159,Oberreut - Zentrum,7,2026-05-18 10:48:36+02
NBF:Station:462174,Bulach - Grünwinkler Straße,8,2026-05-18 10:48:36+02
NBF:Station:53171791,Südendstraße./ Brauerstr.,2,2026-05-18 10:48:36+02
NBF:Station:280255,Kreativpark/Alter Schlachthof,1,2026-05-18 10:48:36+02
NBF:Station:280253,Karl-Wilhelm-Platz,1,2026-05-18 10:48:36+02
NBF:Station:50819425,Knielinger Allee - CAMPUSbike HSKA,7,2026-05-18 10:48:36+02
NBF:Station:280250,Kolpingplatz,1,2026-05-18 10:48:36+02
NBF:Station:280261,Knielingen / Herweghstraße,1,2026-05-18 10:48:36+02
NBF:Station:280260,Nordweststadt - Kurt-Schumacher-Straße,1,2026-05-18 10:48:36+02
NBF:Station:264394,Hauptbahnhof / Touristinformation,0,2026-05-18 10:48:36+02
NBF:Station:289942,Durlach - Bahnhof ,2,2026-05-18 10:48:36+02
NBF:Station:6352777,Zeppelinstraße / Benzstraße,4,2026-05-18 10:48:36+02
NBF:Station:52355370,Parkplatz Kühler Krug,1,2026-05-18 10:48:36+02
NBF:Station:54869634,Knielingen./Rheinbergstraße,5,2026-05-18 10:48:36+02
NBF:Station:289944,Rommelstr. / Auerstr.,3,2026-05-18 10:48:36+02
NBF:Station:285510,Adenauerring / Fasanengarten,1,2026-05-18 10:48:36+02
NBF:Station:462181,Daxlanden - Stadtwerke,6,2026-05-18 10:48:36+02
NBF:Station:297942,Neuer Zirkel / Englerstr.,6,2026-05-18 10:48:36+02
NBF:Station:280322,KIT Süd,2,2026-05-18 10:48:36+02
NBF:Station:52997350,Schloss Rüppurr,2,2026-05-18 10:48:36+02
NBF:Station:280263,Fächerbad,3,2026-05-18 10:48:36+02
NBF:Station:289946,Durlach Schlossplatz,1,2026-05-18 10:48:36+02
NBF:Station:78972260,Servicescope,1,2026-05-18 10:48:36+02
NBF:Station:55113155,Reinmuthstraße./ Sudetenstraße,1,2026-05-18 10:48:36+02
NBF:Station:50819438,Moltkestraße - CAMPUSbike HSKA,2,2026-05-18 10:48:36+02
NBF:Station:78970799,Durlach - Alte Karlsruher Straße,1,2026-05-18 10:48:36+02
NBF:Station:78971440,Gerwigstraße,4,2026-05-18 10:48:36+02
NBF:Station:289944,Rommelstr. / Auerstr.,3,2026-05-18 10:13:21+02
NBF:Station:54869634,Knielingen./Rheinbergstraße,5,2026-05-18 10:13:21+02
NBF:Station:52355370,Parkplatz Kühler Krug,1,2026-05-18 10:13:21+02
NBF:Station:462181,Daxlanden - Stadtwerke,6,2026-05-18 10:13:21+02
NBF:Station:285510,Adenauerring / Fasanengarten,3,2026-05-18 10:13:21+02
NBF:Station:53001693,Knielinger Allee/Franz-Lust-Straße,1,2026-05-18 10:13:21+02
NBF:Station:280263,Fächerbad,2,2026-05-18 10:13:21+02
NBF:Station:280322,KIT Süd,3,2026-05-18 10:13:21+02
NBF:Station:52997350,Schloss Rüppurr,2,2026-05-18 10:13:21+02
NBF:Station:297942,Neuer Zirkel / Englerstr.,5,2026-05-18 10:13:21+02
NBF:Station:78970799,Durlach - Alte Karlsruher Straße,1,2026-05-18 10:13:21+02
NBF:Station:78971440,Gerwigstraße,3,2026-05-18 10:13:21+02
NBF:Station:50819438,Moltkestraße - CAMPUSbike HSKA,2,2026-05-18 10:13:21+02
NBF:Station:55113155,Reinmuthstraße./ Sudetenstraße,1,2026-05-18 10:13:21+02
NBF:Station:78972260,Servicescope,1,2026-05-18 10:13:21+02
NBF:Station:289946,Durlach Schlossplatz,1,2026-05-18 10:13:21+02
NBF:Station:37983357,Adenauerring,0,2026-05-18 10:13:21+02
NBF:Station:367726,KIT Ost,1,2026-05-18 10:13:21+02
NBF:Station:280249,Prinz-Max-Palais,1,2026-05-18 10:13:21+02
NBF:Station:280253,Karl-Wilhelm-Platz,1,2026-05-18 10:13:21+02
NBF:Station:50819425,Knielinger Allee - CAMPUSbike HSKA,6,2026-05-18 10:13:21+02
NBF:Station:280250,Kolpingplatz,1,2026-05-18 10:13:21+02
NBF:Station:280255,Kreativpark/Alter Schlachthof,1,2026-05-18 10:13:21+02
NBF:Station:53171791,Südendstraße./ Brauerstr.,2,2026-05-18 10:13:21+02
NBF:Station:462174,Bulach - Grünwinkler Straße,8,2026-05-18 10:13:21+02
NBF:Station:300645,HaDiKo,2,2026-05-18 10:13:21+02
NBF:Station:462159,Oberreut - Zentrum,7,2026-05-18 10:13:21+02
NBF:Station:1390,Karlstraße / Waldstraße,2,2026-05-18 10:13:21+02
NBF:Station:280260,Nordweststadt - Kurt-Schumacher-Straße,1,2026-05-18 10:13:21+02
NBF:Station:280251,Mühlburger Tor / Kaiserplatz ,1,2026-05-18 10:13:21+02
NBF:Station:280261,Knielingen / Herweghstraße,1,2026-05-18 10:13:21+02
NBF:Station:6352777,Zeppelinstraße / Benzstraße,4,2026-05-18 10:13:21+02
NBF:Station:289942,Durlach - Bahnhof ,2,2026-05-18 10:13:21+02
NBF:Station:264394,Hauptbahnhof / Touristinformation,2,2026-05-18 10:13:21+02
NBF:Station:280251,Mühlburger Tor / Kaiserplatz ,1,2026-05-18 09:39:18+02
NBF:Station:280260,Nordweststadt - Kurt-Schumacher-Straße,2,2026-05-18 09:39:18+02
NBF:Station:281794,Agentur für Arbeit,1,2026-05-18 09:39:18+02
NBF:Station:280261,Knielingen / Herweghstraße,1,2026-05-18 09:39:18+02
NBF:Station:6352777,Zeppelinstraße / Benzstraße,4,2026-05-18 09:39:18+02
NBF:Station:289942,Durlach - Bahnhof ,3,2026-05-18 09:39:18+02
NBF:Station:264394,Hauptbahnhof / Touristinformation,0,2026-05-18 09:39:18+02
NBF:Station:367726,KIT Ost,2,2026-05-18 09:39:18+02
NBF:Station:280249,Prinz-Max-Palais,0,2026-05-18 09:39:18+02
NBF:Station:50819425,Knielinger Allee - CAMPUSbike HSKA,1,2026-05-18 09:39:18+02
NBF:Station:280250,Kolpingplatz,1,2026-05-18 09:39:18+02
NBF:Station:280253,Karl-Wilhelm-Platz,0,2026-05-18 09:39:18+02
NBF:Station:462174,Bulach - Grünwinkler Straße,9,2026-05-18 09:39:18+02
NBF:Station:53171791,Südendstraße./ Brauerstr.,3,2026-05-18 09:39:18+02
NBF:Station:280255,Kreativpark/Alter Schlachthof,0,2026-05-18 09:39:18+02
NBF:Station:1390,Karlstraße / Waldstraße,0,2026-05-18 09:39:18+02
NBF:Station:462159,Oberreut - Zentrum,7,2026-05-18 09:39:18+02
NBF:Station:280263,Fächerbad,2,2026-05-18 09:39:18+02
NBF:Station:53001693,Knielinger Allee/Franz-Lust-Straße,0,2026-05-18 09:39:18+02
NBF:Station:280322,KIT Süd,2,2026-05-18 09:39:18+02
NBF:Station:52997350,Schloss Rüppurr,2,2026-05-18 09:39:18+02
NBF:Station:297942,Neuer Zirkel / Englerstr.,2,2026-05-18 09:39:18+02
NBF:Station:78971440,Gerwigstraße,3,2026-05-18 09:39:18+02
NBF:Station:55113155,Reinmuthstraße./ Sudetenstraße,1,2026-05-18 09:39:18+02
NBF:Station:289946,Durlach Schlossplatz,2,2026-05-18 09:39:18+02
NBF:Station:78972260,Servicescope,1,2026-05-18 09:39:18+02
NBF:Station:289944,Rommelstr. / Auerstr.,3,2026-05-18 09:39:18+02
NBF:Station:52355370,Parkplatz Kühler Krug,1,2026-05-18 09:39:18+02
NBF:Station:54869634,Knielingen./Rheinbergstraße,5,2026-05-18 09:39:18+02
NBF:Station:462181,Daxlanden - Stadtwerke,6,2026-05-18 09:39:18+02
NBF:Station:285510,Adenauerring / Fasanengarten,2,2026-05-18 09:39:18+02
NBF:Station:367726,KIT Ost,0,2026-05-18 09:07:17+02
NBF:Station:285510,Adenauerring / Fasanengarten,1,2026-05-18 09:07:17+02
NBF:Station:462181,Daxlanden - Stadtwerke,6,2026-05-18 09:07:17+02
NBF:Station:52355370,Parkplatz Kühler Krug,1,2026-05-18 09:07:17+02
NBF:Station:54869634,Knielingen./Rheinbergstraße,5,2026-05-18 09:07:17+02
NBF:Station:289944,Rommelstr. / Auerstr.,3,2026-05-18 09:07:17+02
NBF:Station:55113155,Reinmuthstraße./ Sudetenstraße,2,2026-05-18 09:07:17+02
NBF:Station:78972260,Servicescope,1,2026-05-18 09:07:17+02
NBF:Station:289946,Durlach Schlossplatz,2,2026-05-18 09:07:17+02
NBF:Station:78971440,Gerwigstraße,3,2026-05-18 09:07:17+02
NBF:Station:280259,Werderplatz,1,2026-05-18 09:07:17+02
NBF:Station:52997350,Schloss Rüppurr,2,2026-05-18 09:07:17+02
NBF:Station:53001693,Knielinger Allee/Franz-Lust-Straße,6,2026-05-18 09:07:17+02
NBF:Station:280263,Fächerbad,2,2026-05-18 09:07:17+02
NBF:Station:300645,HaDiKo,0,2026-05-18 09:07:17+02
NBF:Station:462159,Oberreut - Zentrum,8,2026-05-18 09:07:17+02
NBF:Station:1390,Karlstraße / Waldstraße,1,2026-05-18 09:07:17+02
NBF:Station:50819425,Knielinger Allee - CAMPUSbike HSKA,2,2026-05-18 09:07:17+02
NBF:Station:280250,Kolpingplatz,1,2026-05-18 09:07:17+02
NBF:Station:280253,Karl-Wilhelm-Platz,1,2026-05-18 09:07:17+02
NBF:Station:280255,Kreativpark/Alter Schlachthof,2,2026-05-18 09:07:17+02
NBF:Station:462174,Bulach - Grünwinkler Straße,9,2026-05-18 09:07:17+02
NBF:Station:53171791,Südendstraße./ Brauerstr.,3,2026-05-18 09:07:17+02
NBF:Station:280249,Prinz-Max-Palais,1,2026-05-18 09:07:17+02
NBF:Station:264394,Hauptbahnhof / Touristinformation,3,2026-05-18 09:07:17+02
NBF:Station:6352777,Zeppelinstraße / Benzstraße,2,2026-05-18 09:07:17+02
NBF:Station:289942,Durlach - Bahnhof ,3,2026-05-18 09:07:17+02
NBF:Station:281794,Agentur für Arbeit,1,2026-05-18 09:07:17+02
NBF:Station:280261,Knielingen / Herweghstraße,1,2026-05-18 09:07:17+02
NBF:Station:280260,Nordweststadt - Kurt-Schumacher-Straße,2,2026-05-18 09:07:17+02
NBF:Station:280251,Mühlburger Tor / Kaiserplatz ,1,2026-05-18 09:07:17+02
NBF:Station:280251,Mühlburger Tor / Kaiserplatz ,1,2026-05-18 08:32:30+02
NBF:Station:280260,Nordweststadt - Kurt-Schumacher-Straße,2,2026-05-18 08:32:30+02
NBF:Station:281794,Agentur für Arbeit,1,2026-05-18 08:32:30+02
NBF:Station:280261,Knielingen / Herweghstraße,1,2026-05-18 08:32:30+02
NBF:Station:6352777,Zeppelinstraße / Benzstraße,2,2026-05-18 08:32:30+02
NBF:Station:289942,Durlach - Bahnhof ,4,2026-05-18 08:32:30+02
NBF:Station:264394,Hauptbahnhof / Touristinformation,6,2026-05-18 08:32:30+02
NBF:Station:367726,KIT Ost,0,2026-05-18 08:32:30+02
NBF:Station:280249,Prinz-Max-Palais,0,2026-05-18 08:32:30+02
NBF:Station:280263,Fächerbad,2,2026-05-18 08:32:30+02
NBF:Station:50819425,Knielinger Allee - CAMPUSbike HSKA,2,2026-05-18 08:32:30+02
NBF:Station:280250,Kolpingplatz,1,2026-05-18 08:32:30+02
NBF:Station:280253,Karl-Wilhelm-Platz,1,2026-05-18 08:32:30+02
NBF:Station:462174,Bulach - Grünwinkler Straße,11,2026-05-18 08:32:30+02
NBF:Station:53171791,Südendstraße./ Brauerstr.,3,2026-05-18 08:32:30+02
NBF:Station:280255,Kreativpark/Alter Schlachthof,1,2026-05-18 08:32:30+02
NBF:Station:1390,Karlstraße / Waldstraße,1,2026-05-18 08:32:30+02
NBF:Station:462159,Oberreut - Zentrum,8,2026-05-18 08:32:30+02
NBF:Station:53001693,Knielinger Allee/Franz-Lust-Straße,7,2026-05-18 08:32:30+02
NBF:Station:52997350,Schloss Rüppurr,3,2026-05-18 08:32:30+02
NBF:Station:50819438,Moltkestraße - CAMPUSbike HSKA,1,2026-05-18 08:32:30+02
NBF:Station:280259,Werderplatz,1,2026-05-18 08:32:30+02
NBF:Station:78971440,Gerwigstraße,3,2026-05-18 08:32:30+02
NBF:Station:55113155,Reinmuthstraße./ Sudetenstraße,2,2026-05-18 08:32:30+02
NBF:Station:289946,Durlach Schlossplatz,2,2026-05-18 08:32:30+02
NBF:Station:78972260,Servicescope,1,2026-05-18 08:32:30+02
NBF:Station:289944,Rommelstr. / Auerstr.,3,2026-05-18 08:32:30+02
NBF:Station:52355370,Parkplatz Kühler Krug,1,2026-05-18 08:32:30+02
NBF:Station:54869634,Knielingen./Rheinbergstraße,5,2026-05-18 08:32:30+02
NBF:Station:462181,Daxlanden - Stadtwerke,6,2026-05-18 08:32:30+02
NBF:Station:280249,Prinz-Max-Palais,0,2026-05-18 07:59:50+02
NBF:Station:280250,Kolpingplatz,1,2026-05-18 07:59:50+02
NBF:Station:280253,Karl-Wilhelm-Platz,0,2026-05-18 07:59:50+02
NBF:Station:280263,Fächerbad,1,2026-05-18 07:59:50+02
NBF:Station:367726,KIT Ost,4,2026-05-18 07:59:50+02
NBF:Station:50819425,Knielinger Allee - CAMPUSbike HSKA,3,2026-05-18 07:59:50+02
NBF:Station:53171791,Südendstraße./ Brauerstr.,3,2026-05-18 07:59:50+02
NBF:Station:462174,Bulach - Grünwinkler Straße,11,2026-05-18 07:59:50+02
NBF:Station:462159,Oberreut - Zentrum,8,2026-05-18 07:59:50+02
NBF:Station:280260,Nordweststadt - Kurt-Schumacher-Straße,2,2026-05-18 07:59:50+02
NBF:Station:280251,Mühlburger Tor / Kaiserplatz ,1,2026-05-18 07:59:50+02
NBF:Station:281794,Agentur für Arbeit,1,2026-05-18 07:59:50+02
NBF:Station:280261,Knielingen / Herweghstraße,1,2026-05-18 07:59:50+02
NBF:Station:6352777,Zeppelinstraße / Benzstraße,3,2026-05-18 07:59:50+02
NBF:Station:289942,Durlach - Bahnhof ,4,2026-05-18 07:59:50+02
NBF:Station:264394,Hauptbahnhof / Touristinformation,11,2026-05-18 07:59:50+02
NBF:Station:289944,Rommelstr. / Auerstr.,3,2026-05-18 07:59:50+02
NBF:Station:54869634,Knielingen./Rheinbergstraße,5,2026-05-18 07:59:50+02
NBF:Station:52355370,Parkplatz Kühler Krug,1,2026-05-18 07:59:50+02
NBF:Station:462181,Daxlanden - Stadtwerke,6,2026-05-18 07:59:50+02
NBF:Station:37983402,Tennesseeallee - CAMPUSbike KIT,1,2026-05-18 07:59:50+02
NBF:Station:53001693,Knielinger Allee/Franz-Lust-Straße,8,2026-05-18 07:59:50+02
NBF:Station:52997350,Schloss Rüppurr,3,2026-05-18 07:59:50+02
NBF:Station:78971440,Gerwigstraße,3,2026-05-18 07:59:50+02
NBF:Station:50819438,Moltkestraße - CAMPUSbike HSKA,1,2026-05-18 07:59:50+02
NBF:Station:280259,Werderplatz,1,2026-05-18 07:59:50+02
NBF:Station:55113155,Reinmuthstraße./ Sudetenstraße,2,2026-05-18 07:59:50+02
NBF:Station:78972260,Servicescope,1,2026-05-18 07:59:50+02
NBF:Station:289946,Durlach Schlossplatz,2,2026-05-18 07:59:50+02
NBF:Station:289944,Rommelstr. / Auerstr.,3,2026-05-18 07:25:01+02
NBF:Station:78972260,Servicescope,1,2026-05-18 07:25:01+02
NBF:Station:289946,Durlach Schlossplatz,2,2026-05-18 07:25:01+02
NBF:Station:55113155,Reinmuthstraße./ Sudetenstraße,2,2026-05-18 07:25:01+02
NBF:Station:78971440,Gerwigstraße,3,2026-05-18 07:25:01+02
NBF:Station:280259,Werderplatz,1,2026-05-18 07:25:01+02
NBF:Station:52997350,Schloss Rüppurr,3,2026-05-18 07:25:01+02
NBF:Station:37983402,Tennesseeallee - CAMPUSbike KIT,3,2026-05-18 07:25:01+02
NBF:Station:53001693,Knielinger Allee/Franz-Lust-Straße,10,2026-05-18 07:25:01+02
NBF:Station:280263,Fächerbad,1,2026-05-18 07:25:01+02
NBF:Station:285510,Adenauerring / Fasanengarten,0,2026-05-18 07:25:01+02
NBF:Station:462181,Daxlanden - Stadtwerke,6,2026-05-18 07:25:01+02
NBF:Station:52355370,Parkplatz Kühler Krug,1,2026-05-18 07:25:01+02
NBF:Station:54869634,Knielingen./Rheinbergstraße,5,2026-05-18 07:25:01+02
NBF:Station:264394,Hauptbahnhof / Touristinformation,6,2026-05-18 07:25:01+02
NBF:Station:289942,Durlach - Bahnhof ,4,2026-05-18 07:25:01+02
NBF:Station:280249,Prinz-Max-Palais,2,2026-05-18 07:25:01+02
NBF:Station:6352777,Zeppelinstraße / Benzstraße,3,2026-05-18 07:25:01+02
NBF:Station:281794,Agentur für Arbeit,1,2026-05-18 07:25:01+02
NBF:Station:280261,Knielingen / Herweghstraße,1,2026-05-18 07:25:01+02
NBF:Station:280260,Nordweststadt - Kurt-Schumacher-Straße,2,2026-05-18 07:25:01+02
NBF:Station:462159,Oberreut - Zentrum,9,2026-05-18 07:25:01+02
NBF:Station:462174,Bulach - Grünwinkler Straße,11,2026-05-18 07:25:01+02
NBF:Station:53171791,Südendstraße./ Brauerstr.,2,2026-05-18 07:25:01+02
NBF:Station:280250,Kolpingplatz,1,2026-05-18 07:25:01+02
NBF:Station:280253,Karl-Wilhelm-Platz,4,2026-05-18 07:25:01+02
NBF:Station:367726,KIT Ost,6,2026-05-18 07:25:01+02
NBF:Station:264394,Hauptbahnhof / Touristinformation,8,2026-05-18 06:49:09+02
NBF:Station:6352777,Zeppelinstraße / Benzstraße,3,2026-05-18 06:49:09+02
NBF:Station:289942,Durlach - Bahnhof ,4,2026-05-18 06:49:09+02
NBF:Station:280261,Knielingen / Herweghstraße,1,2026-05-18 06:49:09+02
NBF:Station:281794,Agentur für Arbeit,1,2026-05-18 06:49:09+02
NBF:Station:280260,Nordweststadt - Kurt-Schumacher-Straße,3,2026-05-18 06:49:09+02
NBF:Station:462159,Oberreut - Zentrum,9,2026-05-18 06:49:09+02
NBF:Station:280253,Karl-Wilhelm-Platz,4,2026-05-18 06:49:09+02
NBF:Station:280250,Kolpingplatz,1,2026-05-18 06:49:09+02
NBF:Station:53171791,Südendstraße./ Brauerstr.,1,2026-05-18 06:49:09+02
NBF:Station:462174,Bulach - Grünwinkler Straße,11,2026-05-18 06:49:09+02
NBF:Station:280249,Prinz-Max-Palais,2,2026-05-18 06:49:09+02
NBF:Station:367726,KIT Ost,6,2026-05-18 06:49:09+02
NBF:Station:55113155,Reinmuthstraße./ Sudetenstraße,2,2026-05-18 06:49:09+02
NBF:Station:78972260,Servicescope,1,2026-05-18 06:49:09+02
NBF:Station:289946,Durlach Schlossplatz,2,2026-05-18 06:49:09+02
NBF:Station:78971440,Gerwigstraße,5,2026-05-18 06:49:09+02
NBF:Station:280259,Werderplatz,1,2026-05-18 06:49:09+02
NBF:Station:52997350,Schloss Rüppurr,3,2026-05-18 06:49:09+02
NBF:Station:53001693,Knielinger Allee/Franz-Lust-Straße,10,2026-05-18 06:49:09+02
NBF:Station:280263,Fächerbad,1,2026-05-18 06:49:09+02
NBF:Station:37983402,Tennesseeallee - CAMPUSbike KIT,3,2026-05-18 06:49:09+02
NBF:Station:285510,Adenauerring / Fasanengarten,1,2026-05-18 06:49:09+02
NBF:Station:462181,Daxlanden - Stadtwerke,6,2026-05-18 06:49:09+02
NBF:Station:54869634,Knielingen./Rheinbergstraße,5,2026-05-18 06:49:09+02
NBF:Station:52355370,Parkplatz Kühler Krug,1,2026-05-18 06:49:09+02
NBF:Station:289944,Rommelstr. / Auerstr.,3,2026-05-18 06:49:09+02
NBF:Station:285510,Adenauerring / Fasanengarten,1,2026-05-18 06:15:38+02
NBF:Station:462181,Daxlanden - Stadtwerke,6,2026-05-18 06:15:38+02
NBF:Station:52355370,Parkplatz Kühler Krug,1,2026-05-18 06:15:38+02
NBF:Station:54869634,Knielingen./Rheinbergstraße,5,2026-05-18 06:15:38+02
NBF:Station:289944,Rommelstr. / Auerstr.,3,2026-05-18 06:15:38+02
NBF:Station:78972260,Servicescope,1,2026-05-18 06:15:38+02
NBF:Station:289946,Durlach Schlossplatz,3,2026-05-18 06:15:38+02
NBF:Station:55113155,Reinmuthstraße./ Sudetenstraße,2,2026-05-18 06:15:38+02
NBF:Station:78971440,Gerwigstraße,5,2026-05-18 06:15:38+02
NBF:Station:280259,Werderplatz,1,2026-05-18 06:15:38+02
NBF:Station:52997350,Schloss Rüppurr,3,2026-05-18 06:15:38+02
NBF:Station:37983402,Tennesseeallee - CAMPUSbike KIT,3,2026-05-18 06:15:38+02
NBF:Station:53001693,Knielinger Allee/Franz-Lust-Straße,10,2026-05-18 06:15:38+02
NBF:Station:280263,Fächerbad,1,2026-05-18 06:15:38+02
NBF:Station:462159,Oberreut - Zentrum,9,2026-05-18 06:15:38+02
NBF:Station:462174,Bulach - Grünwinkler Straße,11,2026-05-18 06:15:38+02
NBF:Station:53171791,Südendstraße./ Brauerstr.,1,2026-05-18 06:15:38+02
NBF:Station:280250,Kolpingplatz,1,2026-05-18 06:15:38+02
NBF:Station:280253,Karl-Wilhelm-Platz,4,2026-05-18 06:15:38+02
NBF:Station:280249,Prinz-Max-Palais,2,2026-05-18 06:15:38+02
NBF:Station:367726,KIT Ost,6,2026-05-18 06:15:38+02
NBF:Station:462165,Rüppurr – Tulpenstraße,1,2026-05-18 06:15:38+02
NBF:Station:264394,Hauptbahnhof / Touristinformation,5,2026-05-18 06:15:38+02
NBF:Station:289942,Durlach - Bahnhof ,2,2026-05-18 06:15:38+02
NBF:Station:6352777,Zeppelinstraße / Benzstraße,2,2026-05-18 06:15:38+02
NBF:Station:281794,Agentur für Arbeit,2,2026-05-18 06:15:38+02
NBF:Station:280261,Knielingen / Herweghstraße,1,2026-05-18 06:15:38+02
NBF:Station:280260,Nordweststadt - Kurt-Schumacher-Straße,3,2026-05-18 06:15:38+02
NBF:Station:37983402,Tennesseeallee - CAMPUSbike KIT,3,2026-05-18 05:39:56+02
NBF:Station:280263,Fächerbad,1,2026-05-18 05:39:56+02
NBF:Station:53001693,Knielinger Allee/Franz-Lust-Straße,10,2026-05-18 05:39:56+02
NBF:Station:52997350,Schloss Rüppurr,3,2026-05-18 05:39:56+02
NBF:Station:280259,Werderplatz,1,2026-05-18 05:39:56+02
NBF:Station:78971440,Gerwigstraße,5,2026-05-18 05:39:56+02
NBF:Station:55113155,Reinmuthstraße./ Sudetenstraße,2,2026-05-18 05:39:56+02
NBF:Station:289946,Durlach Schlossplatz,4,2026-05-18 05:39:56+02
NBF:Station:78972260,Servicescope,1,2026-05-18 05:39:56+02
NBF:Station:289944,Rommelstr. / Auerstr.,3,2026-05-18 05:39:56+02
NBF:Station:54869634,Knielingen./Rheinbergstraße,5,2026-05-18 05:39:56+02
NBF:Station:52355370,Parkplatz Kühler Krug,1,2026-05-18 05:39:56+02
NBF:Station:462181,Daxlanden - Stadtwerke,6,2026-05-18 05:39:56+02
NBF:Station:285510,Adenauerring / Fasanengarten,1,2026-05-18 05:39:56+02
NBF:Station:280260,Nordweststadt - Kurt-Schumacher-Straße,3,2026-05-18 05:39:56+02
NBF:Station:367726,KIT Ost,6,2026-05-18 05:39:56+02
NBF:Station:281794,Agentur für Arbeit,2,2026-05-18 05:39:56+02
NBF:Station:280261,Knielingen / Herweghstraße,1,2026-05-18 05:39:56+02
NBF:Station:6352777,Zeppelinstraße / Benzstraße,2,2026-05-18 05:39:56+02
NBF:Station:289942,Durlach - Bahnhof ,1,2026-05-18 05:39:56+02
NBF:Station:264394,Hauptbahnhof / Touristinformation,4,2026-05-18 05:39:56+02
NBF:Station:462165,Rüppurr – Tulpenstraße,1,2026-05-18 05:39:56+02
NBF:Station:280249,Prinz-Max-Palais,2,2026-05-18 05:39:56+02
NBF:Station:280250,Kolpingplatz,1,2026-05-18 05:39:56+02
NBF:Station:280253,Karl-Wilhelm-Platz,3,2026-05-18 05:39:56+02
NBF:Station:53171791,Südendstraße./ Brauerstr.,1,2026-05-18 05:39:56+02
NBF:Station:462174,Bulach - Grünwinkler Straße,11,2026-05-18 05:39:56+02
NBF:Station:300645,HaDiKo,0,2026-05-18 05:39:56+02
NBF:Station:462159,Oberreut - Zentrum,10,2026-05-18 05:39:56+02
NBF:Station:280263,Fächerbad,1,2026-05-18 05:04:49+02
NBF:Station:37983402,Tennesseeallee - CAMPUSbike KIT,3,2026-05-18 05:04:49+02
NBF:Station:53001693,Knielinger Allee/Franz-Lust-Straße,10,2026-05-18 05:04:49+02
NBF:Station:52997350,Schloss Rüppurr,3,2026-05-18 05:04:49+02
NBF:Station:280259,Werderplatz,1,2026-05-18 05:04:49+02
NBF:Station:78971440,Gerwigstraße,5,2026-05-18 05:04:49+02
NBF:Station:55113155,Reinmuthstraße./ Sudetenstraße,2,2026-05-18 05:04:49+02
NBF:Station:289946,Durlach Schlossplatz,4,2026-05-18 05:04:49+02
NBF:Station:78972260,Servicescope,1,2026-05-18 05:04:49+02
NBF:Station:289944,Rommelstr. / Auerstr.,3,2026-05-18 05:04:49+02
NBF:Station:52355370,Parkplatz Kühler Krug,1,2026-05-18 05:04:49+02
NBF:Station:54869634,Knielingen./Rheinbergstraße,5,2026-05-18 05:04:49+02
NBF:Station:462181,Daxlanden - Stadtwerke,6,2026-05-18 05:04:49+02
NBF:Station:285510,Adenauerring / Fasanengarten,1,2026-05-18 05:04:49+02
NBF:Station:280260,Nordweststadt - Kurt-Schumacher-Straße,3,2026-05-18 05:04:49+02
NBF:Station:281794,Agentur für Arbeit,2,2026-05-18 05:04:49+02
NBF:Station:280261,Knielingen / Herweghstraße,1,2026-05-18 05:04:49+02
NBF:Station:6352777,Zeppelinstraße / Benzstraße,2,2026-05-18 05:04:49+02
NBF:Station:289942,Durlach - Bahnhof ,1,2026-05-18 05:04:49+02
NBF:Station:264394,Hauptbahnhof / Touristinformation,3,2026-05-18 05:04:49+02
NBF:Station:462165,Rüppurr – Tulpenstraße,1,2026-05-18 05:04:49+02
NBF:Station:367726,KIT Ost,6,2026-05-18 05:04:49+02
NBF:Station:280249,Prinz-Max-Palais,1,2026-05-18 05:04:49+02
NBF:Station:280250,Kolpingplatz,1,2026-05-18 05:04:49+02
NBF:Station:280253,Karl-Wilhelm-Platz,1,2026-05-18 05:04:49+02
NBF:Station:462174,Bulach - Grünwinkler Straße,11,2026-05-18 05:04:49+02
NBF:Station:53171791,Südendstraße./ Brauerstr.,1,2026-05-18 05:04:49+02
NBF:Station:300645,HaDiKo,4,2026-05-18 05:04:49+02
NBF:Station:462159,Oberreut - Zentrum,10,2026-05-18 05:04:49+02
NBF:Station:280249,Prinz-Max-Palais,1,2026-05-18 04:31:15+02
NBF:Station:462165,Rüppurr – Tulpenstraße,1,2026-05-18 04:31:15+02
NBF:Station:367726,KIT Ost,6,2026-05-18 04:31:15+02
NBF:Station:300645,HaDiKo,4,2026-05-18 04:31:15+02
NBF:Station:462159,Oberreut - Zentrum,10,2026-05-18 04:31:15+02
NBF:Station:280250,Kolpingplatz,1,2026-05-18 04:31:15+02
NBF:Station:53171791,Südendstraße./ Brauerstr.,1,2026-05-18 04:31:15+02
NBF:Station:462174,Bulach - Grünwinkler Straße,11,2026-05-18 04:31:15+02
NBF:Station:281794,Agentur für Arbeit,2,2026-05-18 04:31:15+02
NBF:Station:280261,Knielingen / Herweghstraße,1,2026-05-18 04:31:15+02
NBF:Station:280260,Nordweststadt - Kurt-Schumacher-Straße,3,2026-05-18 04:31:15+02
NBF:Station:264394,Hauptbahnhof / Touristinformation,2,2026-05-18 04:31:15+02
NBF:Station:6352777,Zeppelinstraße / Benzstraße,2,2026-05-18 04:31:15+02
NBF:Station:289942,Durlach - Bahnhof ,1,2026-05-18 04:31:15+02
NBF:Station:54869634,Knielingen./Rheinbergstraße,5,2026-05-18 04:31:15+02
NBF:Station:52355370,Parkplatz Kühler Krug,1,2026-05-18 04:31:15+02
NBF:Station:289944,Rommelstr. / Auerstr.,3,2026-05-18 04:31:15+02
NBF:Station:285510,Adenauerring / Fasanengarten,1,2026-05-18 04:31:15+02
NBF:Station:462181,Daxlanden - Stadtwerke,6,2026-05-18 04:31:15+02
NBF:Station:52997350,Schloss Rüppurr,3,2026-05-18 04:31:15+02
NBF:Station:37983402,Tennesseeallee - CAMPUSbike KIT,3,2026-05-18 04:31:15+02
NBF:Station:53001693,Knielinger Allee/Franz-Lust-Straße,10,2026-05-18 04:31:15+02
NBF:Station:280263,Fächerbad,1,2026-05-18 04:31:15+02
NBF:Station:55113155,Reinmuthstraße./ Sudetenstraße,2,2026-05-18 04:31:15+02
NBF:Station:78972260,Servicescope,1,2026-05-18 04:31:15+02
NBF:Station:289946,Durlach Schlossplatz,4,2026-05-18 04:31:15+02
NBF:Station:78971440,Gerwigstraße,5,2026-05-18 04:31:15+02
NBF:Station:280259,Werderplatz,1,2026-05-18 04:31:15+02
NBF:Station:264394,Hauptbahnhof / Touristinformation,4,2026-05-18 03:55:52+02
NBF:Station:6352777,Zeppelinstraße / Benzstraße,2,2026-05-18 03:55:52+02
NBF:Station:289942,Durlach - Bahnhof ,1,2026-05-18 03:55:52+02
NBF:Station:281794,Agentur für Arbeit,2,2026-05-18 03:55:52+02
NBF:Station:280261,Knielingen / Herweghstraße,1,2026-05-18 03:55:52+02
NBF:Station:280260,Nordweststadt - Kurt-Schumacher-Straße,3,2026-05-18 03:55:52+02
NBF:Station:300645,HaDiKo,4,2026-05-18 03:55:52+02
NBF:Station:462159,Oberreut - Zentrum,10,2026-05-18 03:55:52+02
NBF:Station:280250,Kolpingplatz,1,2026-05-18 03:55:52+02
NBF:Station:53171791,Südendstraße./ Brauerstr.,1,2026-05-18 03:55:52+02
NBF:Station:462174,Bulach - Grünwinkler Straße,11,2026-05-18 03:55:52+02
NBF:Station:280249,Prinz-Max-Palais,1,2026-05-18 03:55:52+02
NBF:Station:462165,Rüppurr – Tulpenstraße,1,2026-05-18 03:55:52+02
NBF:Station:367726,KIT Ost,6,2026-05-18 03:55:52+02
NBF:Station:55113155,Reinmuthstraße./ Sudetenstraße,2,2026-05-18 03:55:52+02
NBF:Station:78972260,Servicescope,1,2026-05-18 03:55:52+02
NBF:Station:289946,Durlach Schlossplatz,4,2026-05-18 03:55:52+02
NBF:Station:78971440,Gerwigstraße,5,2026-05-18 03:55:52+02
NBF:Station:280259,Werderplatz,1,2026-05-18 03:55:52+02
NBF:Station:52997350,Schloss Rüppurr,3,2026-05-18 03:55:52+02
NBF:Station:37983402,Tennesseeallee - CAMPUSbike KIT,3,2026-05-18 03:55:52+02
NBF:Station:53001693,Knielinger Allee/Franz-Lust-Straße,10,2026-05-18 03:55:52+02
NBF:Station:280263,Fächerbad,1,2026-05-18 03:55:52+02
NBF:Station:285510,Adenauerring / Fasanengarten,1,2026-05-18 03:55:52+02
NBF:Station:462181,Daxlanden - Stadtwerke,6,2026-05-18 03:55:52+02
NBF:Station:54869634,Knielingen./Rheinbergstraße,5,2026-05-18 03:55:52+02
NBF:Station:52355370,Parkplatz Kühler Krug,1,2026-05-18 03:55:52+02
NBF:Station:289944,Rommelstr. / Auerstr.,3,2026-05-18 03:55:52+02
NBF:Station:281794,Agentur für Arbeit,2,2026-05-18 03:22:11+02
NBF:Station:280261,Knielingen / Herweghstraße,1,2026-05-18 03:22:11+02
NBF:Station:280260,Nordweststadt - Kurt-Schumacher-Straße,3,2026-05-18 03:22:11+02
NBF:Station:264394,Hauptbahnhof / Touristinformation,4,2026-05-18 03:22:11+02
NBF:Station:289942,Durlach - Bahnhof ,1,2026-05-18 03:22:11+02
NBF:Station:6352777,Zeppelinstraße / Benzstraße,2,2026-05-18 03:22:11+02
NBF:Station:280249,Prinz-Max-Palais,2,2026-05-18 03:22:11+02
NBF:Station:367726,KIT Ost,6,2026-05-18 03:22:11+02
NBF:Station:462165,Rüppurr – Tulpenstraße,1,2026-05-18 03:22:11+02
NBF:Station:462159,Oberreut - Zentrum,10,2026-05-18 03:22:11+02
NBF:Station:280250,Kolpingplatz,1,2026-05-18 03:22:11+02
NBF:Station:300645,HaDiKo,9,2026-05-18 03:22:11+02
NBF:Station:462174,Bulach - Grünwinkler Straße,11,2026-05-18 03:22:11+02
NBF:Station:53171791,Südendstraße./ Brauerstr.,1,2026-05-18 03:22:11+02
NBF:Station:297942,Neuer Zirkel / Englerstr.,1,2026-05-18 03:22:11+02
NBF:Station:52997350,Schloss Rüppurr,3,2026-05-18 03:22:11+02
NBF:Station:37983402,Tennesseeallee - CAMPUSbike KIT,3,2026-05-18 03:22:11+02
NBF:Station:53001693,Knielinger Allee/Franz-Lust-Straße,10,2026-05-18 03:22:11+02
NBF:Station:280263,Fächerbad,1,2026-05-18 03:22:11+02
NBF:Station:78972260,Servicescope,1,2026-05-18 03:22:11+02
NBF:Station:289946,Durlach Schlossplatz,4,2026-05-18 03:22:11+02
NBF:Station:55113155,Reinmuthstraße./ Sudetenstraße,2,2026-05-18 03:22:11+02
NBF:Station:78971440,Gerwigstraße,5,2026-05-18 03:22:11+02
NBF:Station:280259,Werderplatz,1,2026-05-18 03:22:11+02
NBF:Station:52355370,Parkplatz Kühler Krug,1,2026-05-18 03:22:11+02
NBF:Station:54869634,Knielingen./Rheinbergstraße,5,2026-05-18 03:22:11+02
NBF:Station:289944,Rommelstr. / Auerstr.,3,2026-05-18 03:22:11+02
NBF:Station:285510,Adenauerring / Fasanengarten,1,2026-05-18 03:22:11+02
NBF:Station:462181,Daxlanden - Stadtwerke,6,2026-05-18 03:22:11+02
NBF:Station:300645,HaDiKo,9,2026-05-18 02:48:40+02
NBF:Station:462159,Oberreut - Zentrum,10,2026-05-18 02:48:40+02
NBF:Station:280250,Kolpingplatz,1,2026-05-18 02:48:40+02
NBF:Station:53171791,Südendstraße./ Brauerstr.,1,2026-05-18 02:48:40+02
NBF:Station:462174,Bulach - Grünwinkler Straße,11,2026-05-18 02:48:40+02
NBF:Station:280249,Prinz-Max-Palais,2,2026-05-18 02:48:40+02
NBF:Station:462165,Rüppurr – Tulpenstraße,1,2026-05-18 02:48:40+02
NBF:Station:367726,KIT Ost,6,2026-05-18 02:48:40+02
NBF:Station:264394,Hauptbahnhof / Touristinformation,2,2026-05-18 02:48:40+02
NBF:Station:6352777,Zeppelinstraße / Benzstraße,2,2026-05-18 02:48:40+02
NBF:Station:289942,Durlach - Bahnhof ,1,2026-05-18 02:48:40+02
NBF:Station:281794,Agentur für Arbeit,2,2026-05-18 02:48:40+02
NBF:Station:280261,Knielingen / Herweghstraße,1,2026-05-18 02:48:40+02
NBF:Station:280260,Nordweststadt - Kurt-Schumacher-Straße,3,2026-05-18 02:48:40+02
NBF:Station:285510,Adenauerring / Fasanengarten,1,2026-05-18 02:48:40+02
NBF:Station:462181,Daxlanden - Stadtwerke,6,2026-05-18 02:48:40+02
NBF:Station:280263,Fächerbad,1,2026-05-18 02:48:40+02
NBF:Station:54869634,Knielingen./Rheinbergstraße,5,2026-05-18 02:48:40+02
NBF:Station:52355370,Parkplatz Kühler Krug,1,2026-05-18 02:48:40+02
NBF:Station:289944,Rommelstr. / Auerstr.,3,2026-05-18 02:48:40+02
NBF:Station:55113155,Reinmuthstraße./ Sudetenstraße,2,2026-05-18 02:48:40+02
NBF:Station:78972260,Servicescope,1,2026-05-18 02:48:40+02
NBF:Station:289946,Durlach Schlossplatz,4,2026-05-18 02:48:40+02
NBF:Station:78971440,Gerwigstraße,5,2026-05-18 02:48:40+02
NBF:Station:280259,Werderplatz,1,2026-05-18 02:48:40+02
NBF:Station:52997350,Schloss Rüppurr,3,2026-05-18 02:48:40+02
NBF:Station:297942,Neuer Zirkel / Englerstr.,1,2026-05-18 02:48:40+02
NBF:Station:37983402,Tennesseeallee - CAMPUSbike KIT,3,2026-05-18 02:48:40+02
NBF:Station:53001693,Knielinger Allee/Franz-Lust-Straße,10,2026-05-18 02:48:40+02
NBF:Station:264394,Hauptbahnhof / Touristinformation,0,2026-05-18 02:14:01+02
NBF:Station:289942,Durlach - Bahnhof ,1,2026-05-18 02:14:01+02
NBF:Station:6352777,Zeppelinstraße / Benzstraße,2,2026-05-18 02:14:01+02
NBF:Station:281794,Agentur für Arbeit,2,2026-05-18 02:14:01+02
NBF:Station:280261,Knielingen / Herweghstraße,1,2026-05-18 02:14:01+02
NBF:Station:280260,Nordweststadt - Kurt-Schumacher-Straße,3,2026-05-18 02:14:01+02
NBF:Station:462159,Oberreut - Zentrum,10,2026-05-18 02:14:01+02
NBF:Station:300645,HaDiKo,9,2026-05-18 02:14:01+02
NBF:Station:462174,Bulach - Grünwinkler Straße,12,2026-05-18 02:14:01+02
NBF:Station:53171791,Südendstraße./ Brauerstr.,1,2026-05-18 02:14:01+02
NBF:Station:280250,Kolpingplatz,1,2026-05-18 02:14:01+02
NBF:Station:280249,Prinz-Max-Palais,2,2026-05-18 02:14:01+02
NBF:Station:367726,KIT Ost,6,2026-05-18 02:14:01+02
NBF:Station:462165,Rüppurr – Tulpenstraße,1,2026-05-18 02:14:01+02
NBF:Station:289946,Durlach Schlossplatz,4,2026-05-18 02:14:01+02
NBF:Station:78972260,Servicescope,1,2026-05-18 02:14:01+02
NBF:Station:55113155,Reinmuthstraße./ Sudetenstraße,2,2026-05-18 02:14:01+02
NBF:Station:280259,Werderplatz,1,2026-05-18 02:14:01+02
NBF:Station:78971440,Gerwigstraße,5,2026-05-18 02:14:01+02
NBF:Station:297942,Neuer Zirkel / Englerstr.,1,2026-05-18 02:14:01+02
NBF:Station:52997350,Schloss Rüppurr,3,2026-05-18 02:14:01+02
NBF:Station:37983402,Tennesseeallee - CAMPUSbike KIT,1,2026-05-18 02:14:01+02
NBF:Station:280263,Fächerbad,1,2026-05-18 02:14:01+02
NBF:Station:53001693,Knielinger Allee/Franz-Lust-Straße,9,2026-05-18 02:14:01+02
NBF:Station:285510,Adenauerring / Fasanengarten,1,2026-05-18 02:14:01+02
NBF:Station:462181,Daxlanden - Stadtwerke,6,2026-05-18 02:14:01+02
NBF:Station:52355370,Parkplatz Kühler Krug,1,2026-05-18 02:14:01+02
NBF:Station:54869634,Knielingen./Rheinbergstraße,5,2026-05-18 02:14:01+02
NBF:Station:289944,Rommelstr. / Auerstr.,3,2026-05-18 02:14:01+02
NBF:Station:462159,Oberreut - Zentrum,10,2026-05-18 01:39:29+02
NBF:Station:300645,HaDiKo,9,2026-05-18 01:39:29+02
NBF:Station:53171791,Südendstraße./ Brauerstr.,1,2026-05-18 01:39:29+02
NBF:Station:462174,Bulach - Grünwinkler Straße,12,2026-05-18 01:39:29+02
NBF:Station:280250,Kolpingplatz,1,2026-05-18 01:39:29+02
NBF:Station:280263,Fächerbad,1,2026-05-18 01:39:29+02
NBF:Station:280249,Prinz-Max-Palais,1,2026-05-18 01:39:29+02
NBF:Station:367726,KIT Ost,6,2026-05-18 01:39:29+02
NBF:Station:462165,Rüppurr – Tulpenstraße,1,2026-05-18 01:39:29+02
NBF:Station:264394,Hauptbahnhof / Touristinformation,1,2026-05-18 01:39:29+02
NBF:Station:289942,Durlach - Bahnhof ,1,2026-05-18 01:39:29+02
NBF:Station:6352777,Zeppelinstraße / Benzstraße,2,2026-05-18 01:39:29+02
NBF:Station:280261,Knielingen / Herweghstraße,1,2026-05-18 01:39:29+02
NBF:Station:281794,Agentur für Arbeit,2,2026-05-18 01:39:29+02
NBF:Station:280260,Nordweststadt - Kurt-Schumacher-Straße,3,2026-05-18 01:39:29+02
NBF:Station:285510,Adenauerring / Fasanengarten,1,2026-05-18 01:39:29+02
NBF:Station:462181,Daxlanden - Stadtwerke,6,2026-05-18 01:39:29+02
NBF:Station:54869634,Knielingen./Rheinbergstraße,5,2026-05-18 01:39:29+02
NBF:Station:52355370,Parkplatz Kühler Krug,1,2026-05-18 01:39:29+02
NBF:Station:289944,Rommelstr. / Auerstr.,3,2026-05-18 01:39:29+02
NBF:Station:78972260,Servicescope,1,2026-05-18 01:39:29+02
NBF:Station:289946,Durlach Schlossplatz,4,2026-05-18 01:39:29+02
NBF:Station:55113155,Reinmuthstraße./ Sudetenstraße,2,2026-05-18 01:39:29+02
NBF:Station:78971440,Gerwigstraße,5,2026-05-18 01:39:29+02
NBF:Station:280259,Werderplatz,1,2026-05-18 01:39:29+02
NBF:Station:297942,Neuer Zirkel / Englerstr.,1,2026-05-18 01:39:29+02
NBF:Station:52997350,Schloss Rüppurr,3,2026-05-18 01:39:29+02
NBF:Station:53001693,Knielinger Allee/Franz-Lust-Straße,9,2026-05-18 01:39:29+02
NBF:Station:37983402,Tennesseeallee - CAMPUSbike KIT,3,2026-05-18 01:39:29+02
NBF:Station:462165,Rüppurr – Tulpenstraße,1,2026-05-18 01:06:36+02
NBF:Station:367726,KIT Ost,6,2026-05-18 01:06:36+02
NBF:Station:280249,Prinz-Max-Palais,0,2026-05-18 01:06:36+02
NBF:Station:280250,Kolpingplatz,1,2026-05-18 01:06:36+02
NBF:Station:53171791,Südendstraße./ Brauerstr.,1,2026-05-18 01:06:36+02
NBF:Station:462174,Bulach - Grünwinkler Straße,12,2026-05-18 01:06:36+02
NBF:Station:300645,HaDiKo,9,2026-05-18 01:06:36+02
NBF:Station:462159,Oberreut - Zentrum,10,2026-05-18 01:06:36+02
NBF:Station:280260,Nordweststadt - Kurt-Schumacher-Straße,3,2026-05-18 01:06:36+02
NBF:Station:281794,Agentur für Arbeit,1,2026-05-18 01:06:36+02
NBF:Station:280261,Knielingen / Herweghstraße,1,2026-05-18 01:06:36+02
NBF:Station:6352777,Zeppelinstraße / Benzstraße,2,2026-05-18 01:06:36+02
NBF:Station:289942,Durlach - Bahnhof ,1,2026-05-18 01:06:36+02
NBF:Station:264394,Hauptbahnhof / Touristinformation,0,2026-05-18 01:06:36+02
NBF:Station:289944,Rommelstr. / Auerstr.,3,2026-05-18 01:06:36+02
NBF:Station:54869634,Knielingen./Rheinbergstraße,5,2026-05-18 01:06:36+02
NBF:Station:52355370,Parkplatz Kühler Krug,1,2026-05-18 01:06:36+02
NBF:Station:462181,Daxlanden - Stadtwerke,6,2026-05-18 01:06:36+02
NBF:Station:285510,Adenauerring / Fasanengarten,1,2026-05-18 01:06:36+02
NBF:Station:37983402,Tennesseeallee - CAMPUSbike KIT,2,2026-05-18 01:06:36+02
NBF:Station:53001693,Knielinger Allee/Franz-Lust-Straße,8,2026-05-18 01:06:36+02
NBF:Station:280263,Fächerbad,1,2026-05-18 01:06:36+02
NBF:Station:52997350,Schloss Rüppurr,3,2026-05-18 01:06:36+02
NBF:Station:297942,Neuer Zirkel / Englerstr.,1,2026-05-18 01:06:36+02
NBF:Station:78971440,Gerwigstraße,6,2026-05-18 01:06:36+02
NBF:Station:280259,Werderplatz,1,2026-05-18 01:06:36+02
NBF:Station:55113155,Reinmuthstraße./ Sudetenstraße,2,2026-05-18 01:06:36+02
NBF:Station:78972260,Servicescope,1,2026-05-18 01:06:36+02
NBF:Station:289946,Durlach Schlossplatz,4,2026-05-18 01:06:36+02
NBF:Station:289946,Durlach Schlossplatz,4,2026-05-18 00:31:44+02
NBF:Station:78972260,Servicescope,1,2026-05-18 00:31:44+02
NBF:Station:55113155,Reinmuthstraße./ Sudetenstraße,2,2026-05-18 00:31:44+02
NBF:Station:280259,Werderplatz,1,2026-05-18 00:31:44+02
NBF:Station:78971440,Gerwigstraße,6,2026-05-18 00:31:44+02
NBF:Station:297942,Neuer Zirkel / Englerstr.,1,2026-05-18 00:31:44+02
NBF:Station:52997350,Schloss Rüppurr,4,2026-05-18 00:31:44+02
NBF:Station:280263,Fächerbad,1,2026-05-18 00:31:44+02
NBF:Station:53001693,Knielinger Allee/Franz-Lust-Straße,8,2026-05-18 00:31:44+02
NBF:Station:462181,Daxlanden - Stadtwerke,6,2026-05-18 00:31:44+02
NBF:Station:37983402,Tennesseeallee - CAMPUSbike KIT,2,2026-05-18 00:31:44+02
NBF:Station:285510,Adenauerring / Fasanengarten,1,2026-05-18 00:31:44+02
NBF:Station:54869634,Knielingen./Rheinbergstraße,5,2026-05-18 00:31:44+02
NBF:Station:52355370,Parkplatz Kühler Krug,1,2026-05-18 00:31:44+02
NBF:Station:289944,Rommelstr. / Auerstr.,3,2026-05-18 00:31:44+02
NBF:Station:264394,Hauptbahnhof / Touristinformation,1,2026-05-18 00:31:44+02
NBF:Station:289942,Durlach - Bahnhof ,1,2026-05-18 00:31:44+02
NBF:Station:6352777,Zeppelinstraße / Benzstraße,2,2026-05-18 00:31:44+02
NBF:Station:280261,Knielingen / Herweghstraße,1,2026-05-18 00:31:44+02
NBF:Station:281794,Agentur für Arbeit,1,2026-05-18 00:31:44+02
NBF:Station:280260,Nordweststadt - Kurt-Schumacher-Straße,3,2026-05-18 00:31:44+02
NBF:Station:462159,Oberreut - Zentrum,10,2026-05-18 00:31:44+02
NBF:Station:300645,HaDiKo,7,2026-05-18 00:31:44+02
NBF:Station:53171791,Südendstraße./ Brauerstr.,1,2026-05-18 00:31:44+02
NBF:Station:462174,Bulach - Grünwinkler Straße,12,2026-05-18 00:31:44+02
NBF:Station:280250,Kolpingplatz,1,2026-05-18 00:31:44+02
NBF:Station:280249,Prinz-Max-Palais,1,2026-05-18 00:31:44+02
NBF:Station:367726,KIT Ost,5,2026-05-18 00:31:44+02
NBF:Station:462165,Rüppurr – Tulpenstraße,1,2026-05-18 00:31:44+02
